{"type": "FeatureCollection", "crs": {"type": "name", "properties": {"name": "urn:ogc:def:crs:EPSG::32640"}}, "features": [{"type": "Feature", "properties": {"v": 1}, "geometry": {"type": "Polygon", "coordinates": [[[692423.391566265, 2574813.686746988], [692423.391566265, 2574803.686746988], [692403.391566265, 2574803.686746988], [692403.391566265, 2574793.686746988], [692383.391566265, 2574793.686746988], [692383.391566265, 2574783.686746988], [692363.391566265, 2574783.686746988], [692363.391566265, 2574773.686746988], [692323.391566265, 2574773.686746988], [692323.391566265, 2574763.686746988], [692303.391566265, 2574763.686746988], [692303.391566265, 2574753.686746988], [692293.391566265, 2574753.686746988], [692293.391566265, 2574743.686746988], [692273.391566265, 2574743.686746988], [692273.391566265, 2574733.686746988], [692263.391566265, 2574733.686746988], [692263.391566265, 2574713.686746988], [692253.391566265, 2574713.686746988], [692253.391566265, 2574703.686746988], [692243.391566265, 2574703.686746988], [692243.391566265, 2574683.686746988], [692233.391566265, 2574683.686746988], [692233.391566265, 2574653.686746988], [692223.391566265, 2574653.686746988], [692223.391566265, 2574643.686746988], [692233.391566265, 2574643.686746988], [692233.391566265, 2574633.686746988], [692243.391566265, 2574633.686746988], [692243.391566265, 2574623.686746988], [692233.391566265, 2574623.686746988], [692233.391566265, 2574613.686746988], [692223.391566265, 2574613.686746988], [692223.391566265, 2574603.686746988], [692213.391566265, 2574603.686746988], [692213.391566265, 2574593.686746988], [692193.391566265, 2574593.686746988], [692193.391566265, 2574583.686746988], [692173.391566265, 2574583.686746988], [692173.391566265, 2574573.686746988], [692163.391566265, 2574573.686746988], [692163.391566265, 2574563.686746988], [692143.391566265, 2574563.686746988], [692143.391566265, 2574553.686746988], [692123.391566265, 2574553.686746988], [692123.391566265, 2574543.686746988], [692103.391566265, 2574543.686746988], [692103.391566265, 2574533.686746988], [692053.391566265, 2574533.686746988], [692053.391566265, 2574523.686746988], [692023.391566265, 2574523.686746988], [692023.391566265, 2574533.686746988], [691993.391566265, 2574533.686746988], [691993.391566265, 2574543.686746988], [691963.391566265, 2574543.686746988], [691963.391566265, 2574553.686746988], [691953.391566265, 2574553.686746988], [691953.391566265, 2574563.686746988], [691943.391566265, 2574563.686746988], [691943.391566265, 2574573.686746988], [691933.391566265, 2574573.686746988], [691933.391566265, 2574583.686746988], [691923.391566265, 2574583.686746988], [691923.391566265, 2574593.686746988], [691863.391566265, 2574593.686746988], [691863.391566265, 2574533.686746988], [691853.391566265, 2574533.686746988], [691853.391566265, 2574513.686746988], [691863.391566265, 2574513.686746988], [691863.391566265, 2574503.686746988], [691843.391566265, 2574503.686746988], [691843.391566265, 2574493.686746988], [691833.391566265, 2574493.686746988], [691833.391566265, 2574473.686746988], [691853.391566265, 2574473.686746988], [691853.391566265, 2574483.686746988], [691873.391566265, 2574483.686746988], [691873.391566265, 2574523.686746988], [691883.391566265, 2574523.686746988], [691883.391566265, 2574553.686746988], [691893.391566265, 2574553.686746988], [691893.391566265, 2574573.686746988], [691903.391566265, 2574573.686746988], [691903.391566265, 2574563.686746988], [691913.391566265, 2574563.686746988], [691913.391566265, 2574553.686746988], [691923.391566265, 2574553.686746988], [691923.391566265, 2574543.686746988], [691933.391566265, 2574543.686746988], [691933.391566265, 2574533.686746988], [691943.391566265, 2574533.686746988], [691943.391566265, 2574523.686746988], [691963.391566265, 2574523.686746988], [691963.391566265, 2574513.686746988], [691973.391566265, 2574513.686746988], [691973.391566265, 2574503.686746988], [691993.391566265, 2574503.686746988], [691993.391566265, 2574493.686746988], [692013.391566265, 2574493.686746988], [692013.391566265, 2574483.686746988], [692123.391566265, 2574483.686746988], [692123.391566265, 2574493.686746988], [692163.391566265, 2574493.686746988], [692163.391566265, 2574503.686746988], [692203.391566265, 2574503.686746988], [692203.391566265, 2574513.686746988], [692223.391566265, 2574513.686746988], [692223.391566265, 2574523.686746988], [692273.391566265, 2574523.686746988], [692273.391566265, 2574533.686746988], [692283.391566265, 2574533.686746988], [692283.391566265, 2574543.686746988], [692333.391566265, 2574543.686746988], [692333.391566265, 2574553.686746988], [692363.391566265, 2574553.686746988], [692363.391566265, 2574563.686746988], [692383.391566265, 2574563.686746988], [692383.391566265, 2574593.686746988], [692363.391566265, 2574593.686746988], [692363.391566265, 2574603.686746988], [692353.391566265, 2574603.686746988], [692353.391566265, 2574613.686746988], [692343.391566265, 2574613.686746988], [692343.391566265, 2574623.686746988], [692333.391566265, 2574623.686746988], [692333.391566265, 2574633.686746988], [692323.391566265, 2574633.686746988], [692323.391566265, 2574643.686746988], [692303.391566265, 2574643.686746988], [692303.391566265, 2574653.686746988], [692313.391566265, 2574653.686746988], [692313.391566265, 2574673.686746988], [692323.391566265, 2574673.686746988], [692323.391566265, 2574683.686746988], [692333.391566265, 2574683.686746988], [692333.391566265, 2574673.686746988], [692353.391566265, 2574673.686746988], [692353.391566265, 2574693.686746988], [692333.391566265, 2574693.686746988], [692333.391566265, 2574703.686746988], [692343.391566265, 2574703.686746988], [692343.391566265, 2574713.686746988], [692353.391566265, 2574713.686746988], [692353.391566265, 2574723.686746988], [692363.391566265, 2574723.686746988], [692363.391566265, 2574713.686746988], [692383.391566265, 2574713.686746988], [692383.391566265, 2574703.686746988], [692393.391566265, 2574703.686746988], [692393.391566265, 2574693.686746988], [692403.391566265, 2574693.686746988], [692403.391566265, 2574683.686746988], [692413.391566265, 2574683.686746988], [692413.391566265, 2574693.686746988], [692453.391566265, 2574693.686746988], [692453.391566265, 2574713.686746988], [692473.391566265, 2574713.686746988], [692473.391566265, 2574723.686746988], [692483.391566265, 2574723.686746988], [692483.391566265, 2574743.686746988], [692493.391566265, 2574743.686746988], [692493.391566265, 2574753.686746988], [692503.391566265, 2574753.686746988], [692503.391566265, 2574793.686746988], [692493.391566265, 2574793.686746988], [692493.391566265, 2574803.686746988], [692473.391566265, 2574803.686746988], [692473.391566265, 2574813.686746988], [692423.391566265, 2574813.686746988]]]}}, {"type": "Feature", "properties": {"v": 1}, "geometry": {"type": "Polygon", "coordinates": [[[693323.391566265, 2572483.686746988], [693323.391566265, 2572473.686746988], [693303.391566265, 2572473.686746988], [693303.391566265, 2572463.686746988], [693283.391566265, 2572463.686746988], [693283.391566265, 2572453.686746988], [693273.391566265, 2572453.686746988], [693273.391566265, 2572443.686746988], [693263.391566265, 2572443.686746988], [693263.391566265, 2572433.686746988], [693233.391566265, 2572433.686746988], [693233.391566265, 2572423.686746988], [693213.391566265, 2572423.686746988], [693213.391566265, 2572403.686746988], [693203.391566265, 2572403.686746988], [693203.391566265, 2572393.686746988], [693193.391566265, 2572393.686746988], [693193.391566265, 2572383.686746988], [693153.391566265, 2572383.686746988], [693153.391566265, 2572363.686746988], [693143.391566265, 2572363.686746988], [693143.391566265, 2572353.686746988], [693133.391566265, 2572353.686746988], [693133.391566265, 2572343.686746988], [693113.391566265, 2572343.686746988], [693113.391566265, 2572333.686746988], [693093.391566265, 2572333.686746988], [693093.391566265, 2572323.686746988], [693073.391566265, 2572323.686746988], [693073.391566265, 2572303.686746988], [693063.391566265, 2572303.686746988], [693063.391566265, 2572293.686746988], [693053.391566265, 2572293.686746988], [693053.391566265, 2572283.686746988], [693043.391566265, 2572283.686746988], [693043.391566265, 2572273.686746988], [693033.391566265, 2572273.686746988], [693033.391566265, 2572263.686746988], [693023.391566265, 2572263.686746988], [693023.391566265, 2572253.686746988], [693013.391566265, 2572253.686746988], [693013.391566265, 2572243.686746988], [693003.391566265, 2572243.686746988], [693003.391566265, 2572233.686746988], [692993.391566265, 2572233.686746988], [692993.391566265, 2572203.686746988], [692983.391566265, 2572203.686746988], [692983.391566265, 2572193.686746988], [692933.391566265, 2572193.686746988], [692933.391566265, 2572183.686746988], [692913.391566265, 2572183.686746988], [692913.391566265, 2572173.686746988], [692903.391566265, 2572173.686746988], [692903.391566265, 2572163.686746988], [692893.391566265, 2572163.686746988], [692893.391566265, 2572153.686746988], [692863.391566265, 2572153.686746988], [692863.391566265, 2572163.686746988], [692853.391566265, 2572163.686746988], [692853.391566265, 2572173.686746988], [692843.391566265, 2572173.686746988], [692843.391566265, 2572183.686746988], [692833.391566265, 2572183.686746988], [692833.391566265, 2572213.686746988], [692823.391566265, 2572213.686746988], [692823.391566265, 2572223.686746988], [692803.391566265, 2572223.686746988], [692803.391566265, 2572233.686746988], [692793.391566265, 2572233.686746988], [692793.391566265, 2572243.686746988], [692803.391566265, 2572243.686746988], [692803.391566265, 2572273.686746988], [692783.391566265, 2572273.686746988], [692783.391566265, 2572263.686746988], [692773.391566265, 2572263.686746988], [692773.391566265, 2572283.686746988], [692753.391566265, 2572283.686746988], [692753.391566265, 2572273.686746988], [692743.391566265, 2572273.686746988], [692743.391566265, 2572243.686746988], [692733.391566265, 2572243.686746988], [692733.391566265, 2572223.686746988], [692723.391566265, 2572223.686746988], [692723.391566265, 2572203.686746988], [692713.391566265, 2572203.686746988], [692713.391566265, 2572173.686746988], [692703.391566265, 2572173.686746988], [692703.391566265, 2572153.686746988], [692713.391566265, 2572153.686746988], [692713.391566265, 2572143.686746988], [692703.391566265, 2572143.686746988], [692703.391566265, 2572113.686746988], [692723.391566265, 2572113.686746988], [692723.391566265, 2572123.686746988], [692753.391566265, 2572123.686746988], [692753.391566265, 2572133.686746988], [692763.391566265, 2572133.686746988], [692763.391566265, 2572143.686746988], [692783.391566265, 2572143.686746988], [692783.391566265, 2572133.686746988], [692793.391566265, 2572133.686746988], [692793.391566265, 2572123.686746988], [692803.391566265, 2572123.686746988], [692803.391566265, 2572153.686746988], [692793.391566265, 2572153.686746988], [692793.391566265, 2572163.686746988], [692823.391566265, 2572163.686746988], [692823.391566265, 2572153.686746988], [692853.391566265, 2572153.686746988], [692853.391566265, 2572143.686746988], [692883.391566265, 2572143.686746988], [692883.391566265, 2572133.686746988], [692903.391566265, 2572133.686746988], [692903.391566265, 2572143.686746988], [692913.391566265, 2572143.686746988], [692913.391566265, 2572153.686746988], [692933.391566265, 2572153.686746988], [692933.391566265, 2572163.686746988], [692943.391566265, 2572163.686746988], [692943.391566265, 2572173.686746988], [692973.391566265, 2572173.686746988], [692973.391566265, 2572183.686746988], [693003.391566265, 2572183.686746988], [693003.391566265, 2572203.686746988], [693013.391566265, 2572203.686746988], [693013.391566265, 2572213.686746988], [693023.391566265, 2572213.686746988], [693023.391566265, 2572233.686746988], [693033.391566265, 2572233.686746988], [693033.391566265, 2572243.686746988], [693043.391566265, 2572243.686746988], [693043.391566265, 2572253.686746988], [693063.391566265, 2572253.686746988], [693063.391566265, 2572263.686746988], [693073.391566265, 2572263.686746988], [693073.391566265, 2572283.686746988], [693083.391566265, 2572283.686746988], [693083.391566265, 2572293.686746988], [693093.391566265, 2572293.686746988], [693093.391566265, 2572303.686746988], [693103.391566265, 2572303.686746988], [693103.391566265, 2572313.686746988], [693133.391566265, 2572313.686746988], [693133.391566265, 2572323.686746988], [693143.391566265, 2572323.686746988], [693143.391566265, 2572333.686746988], [693153.391566265, 2572333.686746988], [693153.391566265, 2572343.686746988], [693163.391566265, 2572343.686746988], [693163.391566265, 2572353.686746988], [693173.391566265, 2572353.686746988], [693173.391566265, 2572363.686746988], [693183.391566265, 2572363.686746988], [693183.391566265, 2572373.686746988], [693203.391566265, 2572373.686746988], [693203.391566265, 2572383.686746988], [693213.391566265, 2572383.686746988], [693213.391566265, 2572393.686746988], [693223.391566265, 2572393.686746988], [693223.391566265, 2572403.686746988], [693233.391566265, 2572403.686746988], [693233.391566265, 2572413.686746988], [693253.391566265, 2572413.686746988], [693253.391566265, 2572423.686746988], [693283.391566265, 2572423.686746988], [693283.391566265, 2572433.686746988], [693313.391566265, 2572433.686746988], [693313.391566265, 2572443.686746988], [693323.391566265, 2572443.686746988], [693323.391566265, 2572453.686746988], [693333.391566265, 2572453.686746988], [693333.391566265, 2572463.686746988], [693343.391566265, 2572463.686746988], [693343.391566265, 2572483.686746988], [693323.391566265, 2572483.686746988]]]}}, {"type": "Feature", "properties": {"v": 1}, "geometry": {"type": "Polygon", "coordinates": [[[697183.391566265, 2572003.686746988], [697183.391566265, 2571993.686746988], [697173.391566265, 2571993.686746988], [697173.391566265, 2571983.686746988], [697163.391566265, 2571983.686746988], [697163.391566265, 2571963.686746988], [697133.391566265, 2571963.686746988], [697133.391566265, 2571953.686746988], [697113.391566265, 2571953.686746988], [697113.391566265, 2571933.686746988], [697103.391566265, 2571933.686746988], [697103.391566265, 2571893.686746988], [697113.391566265, 2571893.686746988], [697113.391566265, 2571883.686746988], [697123.391566265, 2571883.686746988], [697123.391566265, 2571863.686746988], [697153.391566265, 2571863.686746988], [697153.391566265, 2571873.686746988], [697163.391566265, 2571873.686746988], [697163.391566265, 2571883.686746988], [697173.391566265, 2571883.686746988], [697173.391566265, 2571893.686746988], [697183.391566265, 2571893.686746988], [697183.391566265, 2571903.686746988], [697193.391566265, 2571903.686746988], [697193.391566265, 2571913.686746988], [697213.391566265, 2571913.686746988], [697213.391566265, 2571923.686746988], [697233.391566265, 2571923.686746988], [697233.391566265, 2571893.686746988], [697263.391566265, 2571893.686746988], [697263.391566265, 2571873.686746988], [697283.391566265, 2571873.686746988], [697283.391566265, 2571863.686746988], [697303.391566265, 2571863.686746988], [697303.391566265, 2571843.686746988], [697313.391566265, 2571843.686746988], [697313.391566265, 2571833.686746988], [697343.391566265, 2571833.686746988], [697343.391566265, 2571863.686746988], [697353.391566265, 2571863.686746988], [697353.391566265, 2571903.686746988], [697343.391566265, 2571903.686746988], [697343.391566265, 2571923.686746988], [697323.391566265, 2571923.686746988], [697323.391566265, 2571913.686746988], [697303.391566265, 2571913.686746988], [697303.391566265, 2571923.686746988], [697283.391566265, 2571923.686746988], [697283.391566265, 2571983.686746988], [697263.391566265, 2571983.686746988], [697263.391566265, 2571993.686746988], [697203.391566265, 2571993.686746988], [697203.391566265, 2572003.686746988], [697183.391566265, 2572003.686746988]]]}}, {"type": "Feature", "properties": {"v": 1}, "geometry": {"type": "Polygon", "coordinates": [[[697073.391566265, 2571933.686746988], [697073.391566265, 2571923.686746988], [697063.391566265, 2571923.686746988], [697063.391566265, 2571913.686746988], [697053.391566265, 2571913.686746988], [697053.391566265, 2571903.686746988], [697043.391566265, 2571903.686746988], [697043.391566265, 2571893.686746988], [697023.391566265, 2571893.686746988], [697023.391566265, 2571883.686746988], [696993.391566265, 2571883.686746988], [696993.391566265, 2571873.686746988], [696973.391566265, 2571873.686746988], [696973.391566265, 2571883.686746988], [696933.391566265, 2571883.686746988], [696933.391566265, 2571893.686746988], [696873.391566265, 2571893.686746988], [696873.391566265, 2571883.686746988], [696863.391566265, 2571883.686746988], [696863.391566265, 2571833.686746988], [696853.391566265, 2571833.686746988], [696853.391566265, 2571813.686746988], [696903.391566265, 2571813.686746988], [696903.391566265, 2571823.686746988], [696913.391566265, 2571823.686746988], [696913.391566265, 2571853.686746988], [696933.391566265, 2571853.686746988], [696933.391566265, 2571813.686746988], [696943.391566265, 2571813.686746988], [696943.391566265, 2571803.686746988], [696953.391566265, 2571803.686746988], [696953.391566265, 2571783.686746988], [696963.391566265, 2571783.686746988], [696963.391566265, 2571773.686746988], [696983.391566265, 2571773.686746988], [696983.391566265, 2571783.686746988], [697003.391566265, 2571783.686746988], [697003.391566265, 2571793.686746988], [697023.391566265, 2571793.686746988], [697023.391566265, 2571803.686746988], [697063.391566265, 2571803.686746988], [697063.391566265, 2571813.686746988], [697073.391566265, 2571813.686746988], [697073.391566265, 2571863.686746988], [697083.391566265, 2571863.686746988], [697083.391566265, 2571903.686746988], [697093.391566265, 2571903.686746988], [697093.391566265, 2571923.686746988], [697083.391566265, 2571923.686746988], [697083.391566265, 2571933.686746988], [697073.391566265, 2571933.686746988]]]}}, {"type": "Feature", "properties": {"v": 1}, "geometry": {"type": "Polygon", "coordinates": [[[697213.391566265, 2571873.686746988], [697213.391566265, 2571853.686746988], [697203.391566265, 2571853.686746988], [697203.391566265, 2571843.686746988], [697193.391566265, 2571843.686746988], [697193.391566265, 2571833.686746988], [697183.391566265, 2571833.686746988], [697183.391566265, 2571813.686746988], [697173.391566265, 2571813.686746988], [697173.391566265, 2571793.686746988], [697163.391566265, 2571793.686746988], [697163.391566265, 2571783.686746988], [697153.391566265, 2571783.686746988], [697153.391566265, 2571763.686746988], [697133.391566265, 2571763.686746988], [697133.391566265, 2571753.686746988], [697103.391566265, 2571753.686746988], [697103.391566265, 2571743.686746988], [697093.391566265, 2571743.686746988], [697093.391566265, 2571733.686746988], [697083.391566265, 2571733.686746988], [697083.391566265, 2571723.686746988], [697073.391566265, 2571723.686746988], [697073.391566265, 2571713.686746988], [697063.391566265, 2571713.686746988], [697063.391566265, 2571703.686746988], [697053.391566265, 2571703.686746988], [697053.391566265, 2571693.686746988], [697043.391566265, 2571693.686746988], [697043.391566265, 2571663.686746988], [697053.391566265, 2571663.686746988], [697053.391566265, 2571653.686746988], [697063.391566265, 2571653.686746988], [697063.391566265, 2571643.686746988], [697083.391566265, 2571643.686746988], [697083.391566265, 2571653.686746988], [697093.391566265, 2571653.686746988], [697093.391566265, 2571663.686746988], [697113.391566265, 2571663.686746988], [697113.391566265, 2571673.686746988], [697133.391566265, 2571673.686746988], [697133.391566265, 2571693.686746988], [697143.391566265, 2571693.686746988], [697143.391566265, 2571713.686746988], [697153.391566265, 2571713.686746988], [697153.391566265, 2571723.686746988], [697183.391566265, 2571723.686746988], [697183.391566265, 2571733.686746988], [697193.391566265, 2571733.686746988], [697193.391566265, 2571743.686746988], [697203.391566265, 2571743.686746988], [697203.391566265, 2571753.686746988], [697213.391566265, 2571753.686746988], [697213.391566265, 2571743.686746988], [697223.391566265, 2571743.686746988], [697223.391566265, 2571733.686746988], [697243.391566265, 2571733.686746988], [697243.391566265, 2571743.686746988], [697253.391566265, 2571743.686746988], [697253.391566265, 2571753.686746988], [697263.391566265, 2571753.686746988], [697263.391566265, 2571773.686746988], [697273.391566265, 2571773.686746988], [697273.391566265, 2571783.686746988], [697263.391566265, 2571783.686746988], [697263.391566265, 2571793.686746988], [697253.391566265, 2571793.686746988], [697253.391566265, 2571813.686746988], [697243.391566265, 2571813.686746988], [697243.391566265, 2571843.686746988], [697233.391566265, 2571843.686746988], [697233.391566265, 2571873.686746988], [697213.391566265, 2571873.686746988]]]}}, {"type": "Feature", "properties": {"v": 1}, "geometry": {"type": "Polygon", "coordinates": [[[692163.391566265, 2571933.686746988], [692163.391566265, 2571923.686746988], [692153.391566265, 2571923.686746988], [692153.391566265, 2571893.686746988], [692143.391566265, 2571893.686746988], [692143.391566265, 2571883.686746988], [692133.391566265, 2571883.686746988], [692133.391566265, 2571863.686746988], [692113.391566265, 2571863.686746988], [692113.391566265, 2571873.686746988], [692073.391566265, 2571873.686746988], [692073.391566265, 2571863.686746988], [692083.391566265, 2571863.686746988], [692083.391566265, 2571853.686746988], [692123.391566265, 2571853.686746988], [692123.391566265, 2571843.686746988], [692113.391566265, 2571843.686746988], [692113.391566265, 2571803.686746988], [692103.391566265, 2571803.686746988], [692103.391566265, 2571793.686746988], [692093.391566265, 2571793.686746988], [692093.391566265, 2571753.686746988], [692083.391566265, 2571753.686746988], [692083.391566265, 2571733.686746988], [692063.391566265, 2571733.686746988], [692063.391566265, 2571723.686746988], [692053.391566265, 2571723.686746988], [692053.391566265, 2571713.686746988], [692043.391566265, 2571713.686746988], [692043.391566265, 2571703.686746988], [692033.391566265, 2571703.686746988], [692033.391566265, 2571693.686746988], [692023.391566265, 2571693.686746988], [692023.391566265, 2571673.686746988], [692013.391566265, 2571673.686746988], [692013.391566265, 2571663.686746988], [692003.391566265, 2571663.686746988], [692003.391566265, 2571643.686746988], [691993.391566265, 2571643.686746988], [691993.391566265, 2571613.686746988], [691963.391566265, 2571613.686746988], [691963.391566265, 2571603.686746988], [691953.391566265, 2571603.686746988], [691953.391566265, 2571593.686746988], [691933.391566265, 2571593.686746988], [691933.391566265, 2571583.686746988], [691913.391566265, 2571583.686746988], [691913.391566265, 2571563.686746988], [691943.391566265, 2571563.686746988], [691943.391566265, 2571573.686746988], [691963.391566265, 2571573.686746988], [691963.391566265, 2571583.686746988], [691973.391566265, 2571583.686746988], [691973.391566265, 2571593.686746988], [691993.391566265, 2571593.686746988], [691993.391566265, 2571603.686746988], [692003.391566265, 2571603.686746988], [692003.391566265, 2571613.686746988], [692013.391566265, 2571613.686746988], [692013.391566265, 2571633.686746988], [692023.391566265, 2571633.686746988], [692023.391566265, 2571663.686746988], [692033.391566265, 2571663.686746988], [692033.391566265, 2571673.686746988], [692043.391566265, 2571673.686746988], [692043.391566265, 2571693.686746988], [692053.391566265, 2571693.686746988], [692053.391566265, 2571703.686746988], [692073.391566265, 2571703.686746988], [692073.391566265, 2571713.686746988], [692083.391566265, 2571713.686746988], [692083.391566265, 2571723.686746988], [692103.391566265, 2571723.686746988], [692103.391566265, 2571733.686746988], [692113.391566265, 2571733.686746988], [692113.391566265, 2571773.686746988], [692123.391566265, 2571773.686746988], [692123.391566265, 2571803.686746988], [692133.391566265, 2571803.686746988], [692133.391566265, 2571833.686746988], [692143.391566265, 2571833.686746988], [692143.391566265, 2571843.686746988], [692153.391566265, 2571843.686746988], [692153.391566265, 2571853.686746988], [692163.391566265, 2571853.686746988], [692163.391566265, 2571903.686746988], [692183.391566265, 2571903.686746988], [692183.391566265, 2571933.686746988], [692163.391566265, 2571933.686746988]]]}}, {"type": "Feature", "properties": {"v": 1}, "geometry": {"type": "Polygon", "coordinates": [[[696783.391566265, 2571643.686746988], [696783.391566265, 2571633.686746988], [696763.391566265, 2571633.686746988], [696763.391566265, 2571623.686746988], [696743.391566265, 2571623.686746988], [696743.391566265, 2571613.686746988], [696703.391566265, 2571613.686746988], [696703.391566265, 2571603.686746988], [696693.391566265, 2571603.686746988], [696693.391566265, 2571593.686746988], [696683.391566265, 2571593.686746988], [696683.391566265, 2571573.686746988], [696673.391566265, 2571573.686746988], [696673.391566265, 2571523.686746988], [696683.391566265, 2571523.686746988], [696683.391566265, 2571513.686746988], [696723.391566265, 2571513.686746988], [696723.391566265, 2571503.686746988], [696743.391566265, 2571503.686746988], [696743.391566265, 2571513.686746988], [696763.391566265, 2571513.686746988], [696763.391566265, 2571523.686746988], [696783.391566265, 2571523.686746988], [696783.391566265, 2571533.686746988], [696803.391566265, 2571533.686746988], [696803.391566265, 2571543.686746988], [696813.391566265, 2571543.686746988], [696813.391566265, 2571563.686746988], [696823.391566265, 2571563.686746988], [696823.391566265, 2571573.686746988], [696843.391566265, 2571573.686746988], [696843.391566265, 2571563.686746988], [696873.391566265, 2571563.686746988], [696873.391566265, 2571633.686746988], [696863.391566265, 2571633.686746988], [696863.391566265, 2571643.686746988], [696853.391566265, 2571643.686746988], [696853.391566265, 2571633.686746988], [696833.391566265, 2571633.686746988], [696833.391566265, 2571643.686746988], [696783.391566265, 2571643.686746988]]]}}, {"type": "Feature", "properties": {"v": 1}, "geometry": {"type": "Polygon", "coordinates": [[[696603.391566265, 2571383.686746988], [696603.391566265, 2571353.686746988], [696593.391566265, 2571353.686746988], [696593.391566265, 2571323.686746988], [696613.391566265, 2571323.686746988], [696613.391566265, 2571333.686746988], [696623.391566265, 2571333.686746988], [696623.391566265, 2571343.686746988], [696633.391566265, 2571343.686746988], [696633.391566265, 2571273.686746988], [696643.391566265, 2571273.686746988], [696643.391566265, 2571263.686746988], [696673.391566265, 2571263.686746988], [696673.391566265, 2571283.686746988], [696683.391566265, 2571283.686746988], [696683.391566265, 2571293.686746988], [696703.391566265, 2571293.686746988], [696703.391566265, 2571253.686746988], [696713.391566265, 2571253.686746988], [696713.391566265, 2571243.686746988], [696743.391566265, 2571243.686746988], [696743.391566265, 2571323.686746988], [696753.391566265, 2571323.686746988], [696753.391566265, 2571343.686746988], [696763.391566265, 2571343.686746988], [696763.391566265, 2571353.686746988], [696753.391566265, 2571353.686746988], [696753.391566265, 2571363.686746988], [696723.391566265, 2571363.686746988], [696723.391566265, 2571353.686746988], [696693.391566265, 2571353.686746988], [696693.391566265, 2571363.686746988], [696683.391566265, 2571363.686746988], [696683.391566265, 2571373.686746988], [696643.391566265, 2571373.686746988], [696643.391566265, 2571383.686746988], [696603.391566265, 2571383.686746988]]]}}, {"type": "Feature", "properties": {"v": 1}, "geometry": {"type": "Polygon", "coordinates": [[[692383.391566265, 2571753.686746988], [692383.391566265, 2571733.686746988], [692373.391566265, 2571733.686746988], [692373.391566265, 2571713.686746988], [692363.391566265, 2571713.686746988], [692363.391566265, 2571703.686746988], [692343.391566265, 2571703.686746988], [692343.391566265, 2571693.686746988], [692333.391566265, 2571693.686746988], [692333.391566265, 2571683.686746988], [692323.391566265, 2571683.686746988], [692323.391566265, 2571663.686746988], [692313.391566265, 2571663.686746988], [692313.391566265, 2571653.686746988], [692303.391566265, 2571653.686746988], [692303.391566265, 2571633.686746988], [692293.391566265, 2571633.686746988], [692293.391566265, 2571603.686746988], [692283.391566265, 2571603.686746988], [692283.391566265, 2571583.686746988], [692273.391566265, 2571583.686746988], [692273.391566265, 2571573.686746988], [692263.391566265, 2571573.686746988], [692263.391566265, 2571553.686746988], [692253.391566265, 2571553.686746988], [692253.391566265, 2571533.686746988], [692243.391566265, 2571533.686746988], [692243.391566265, 2571483.686746988], [692233.391566265, 2571483.686746988], [692233.391566265, 2571473.686746988], [692213.391566265, 2571473.686746988], [692213.391566265, 2571463.686746988], [692203.391566265, 2571463.686746988], [692203.391566265, 2571443.686746988], [692213.391566265, 2571443.686746988], [692213.391566265, 2571403.686746988], [692203.391566265, 2571403.686746988], [692203.391566265, 2571373.686746988], [692213.391566265, 2571373.686746988], [692213.391566265, 2571383.686746988], [692243.391566265, 2571383.686746988], [692243.391566265, 2571363.686746988], [692253.391566265, 2571363.686746988], [692253.391566265, 2571353.686746988], [692263.391566265, 2571353.686746988], [692263.391566265, 2571323.686746988], [692273.391566265, 2571323.686746988], [692273.391566265, 2571313.686746988], [692283.391566265, 2571313.686746988], [692283.391566265, 2571283.686746988], [692293.391566265, 2571283.686746988], [692293.391566265, 2571263.686746988], [692283.391566265, 2571263.686746988], [692283.391566265, 2571233.686746988], [692293.391566265, 2571233.686746988], [692293.391566265, 2571223.686746988], [692303.391566265, 2571223.686746988], [692303.391566265, 2571303.686746988], [692293.391566265, 2571303.686746988], [692293.391566265, 2571333.686746988], [692283.391566265, 2571333.686746988], [692283.391566265, 2571353.686746988], [692273.391566265, 2571353.686746988], [692273.391566265, 2571373.686746988], [692263.391566265, 2571373.686746988], [692263.391566265, 2571393.686746988], [692253.391566265, 2571393.686746988], [692253.391566265, 2571403.686746988], [692243.391566265, 2571403.686746988], [692243.391566265, 2571443.686746988], [692253.391566265, 2571443.686746988], [692253.391566265, 2571463.686746988], [692263.391566265, 2571463.686746988], [692263.391566265, 2571493.686746988], [692273.391566265, 2571493.686746988], [692273.391566265, 2571543.686746988], [692283.391566265, 2571543.686746988], [692283.391566265, 2571563.686746988], [692293.391566265, 2571563.686746988], [692293.391566265, 2571573.686746988], [692303.391566265, 2571573.686746988], [692303.391566265, 2571583.686746988], [692313.391566265, 2571583.686746988], [692313.391566265, 2571603.686746988], [692323.391566265, 2571603.686746988], [692323.391566265, 2571613.686746988], [692353.391566265, 2571613.686746988], [692353.391566265, 2571603.686746988], [692383.391566265, 2571603.686746988], [692383.391566265, 2571613.686746988], [692373.391566265, 2571613.686746988], [692373.391566265, 2571623.686746988], [692353.391566265, 2571623.686746988], [692353.391566265, 2571633.686746988], [692333.391566265, 2571633.686746988], [692333.391566265, 2571653.686746988], [692343.391566265, 2571653.686746988], [692343.391566265, 2571673.686746988], [692353.391566265, 2571673.686746988], [692353.391566265, 2571693.686746988], [692383.391566265, 2571693.686746988], [692383.391566265, 2571703.686746988], [692393.391566265, 2571703.686746988], [692393.391566265, 2571713.686746988], [692403.391566265, 2571713.686746988], [692403.391566265, 2571733.686746988], [692413.391566265, 2571733.686746988], [692413.391566265, 2571753.686746988], [692383.391566265, 2571753.686746988]]]}}, {"type": "Feature", "properties": {"v": 1}, "geometry": {"type": "Polygon", "coordinates": [[[696543.391566265, 2570893.686746988], [696543.391566265, 2570883.686746988], [696473.391566265, 2570883.686746988], [696473.391566265, 2570873.686746988], [696443.391566265, 2570873.686746988], [696443.391566265, 2570863.686746988], [696423.391566265, 2570863.686746988], [696423.391566265, 2570853.686746988], [696393.391566265, 2570853.686746988], [696393.391566265, 2570843.686746988], [696373.391566265, 2570843.686746988], [696373.391566265, 2570833.686746988], [696343.391566265, 2570833.686746988], [696343.391566265, 2570823.686746988], [696333.391566265, 2570823.686746988], [696333.391566265, 2570833.686746988], [696283.391566265, 2570833.686746988], [696283.391566265, 2570823.686746988], [696263.391566265, 2570823.686746988], [696263.391566265, 2570813.686746988], [696243.391566265, 2570813.686746988], [696243.391566265, 2570823.686746988], [696203.391566265, 2570823.686746988], [696203.391566265, 2570813.686746988], [696193.391566265, 2570813.686746988], [696193.391566265, 2570803.686746988], [696173.391566265, 2570803.686746988], [696173.391566265, 2570813.686746988], [696123.391566265, 2570813.686746988], [696123.391566265, 2570823.686746988], [696113.391566265, 2570823.686746988], [696113.391566265, 2570833.686746988], [696103.391566265, 2570833.686746988], [696103.391566265, 2570843.686746988], [696093.391566265, 2570843.686746988], [696093.391566265, 2570833.686746988], [696023.391566265, 2570833.686746988], [696023.391566265, 2570853.686746988], [696003.391566265, 2570853.686746988], [696003.391566265, 2570843.686746988], [695993.391566265, 2570843.686746988], [695993.391566265, 2570833.686746988], [695983.391566265, 2570833.686746988], [695983.391566265, 2570823.686746988], [695973.391566265, 2570823.686746988], [695973.391566265, 2570813.686746988], [695963.391566265, 2570813.686746988], [695963.391566265, 2570793.686746988], [695953.391566265, 2570793.686746988], [695953.391566265, 2570783.686746988], [695963.391566265, 2570783.686746988], [695963.391566265, 2570773.686746988], [695983.391566265, 2570773.686746988], [695983.391566265, 2570763.686746988], [696013.391566265, 2570763.686746988], [696013.391566265, 2570773.686746988], [696053.391566265, 2570773.686746988], [696053.391566265, 2570763.686746988], [696083.391566265, 2570763.686746988], [696083.391566265, 2570753.686746988], [696093.391566265, 2570753.686746988], [696093.391566265, 2570733.686746988], [696103.391566265, 2570733.686746988], [696103.391566265, 2570713.686746988], [696113.391566265, 2570713.686746988], [696113.391566265, 2570723.686746988], [696123.391566265, 2570723.686746988], [696123.391566265, 2570733.686746988], [696133.391566265, 2570733.686746988], [696133.391566265, 2570723.686746988], [696143.391566265, 2570723.686746988], [696143.391566265, 2570733.686746988], [696173.391566265, 2570733.686746988], [696173.391566265, 2570743.686746988], [696203.391566265, 2570743.686746988], [696203.391566265, 2570753.686746988], [696223.391566265, 2570753.686746988], [696223.391566265, 2570763.686746988], [696253.391566265, 2570763.686746988], [696253.391566265, 2570773.686746988], [696263.391566265, 2570773.686746988], [696263.391566265, 2570783.686746988], [696283.391566265, 2570783.686746988], [696283.391566265, 2570793.686746988], [696293.391566265, 2570793.686746988], [696293.391566265, 2570803.686746988], [696303.391566265, 2570803.686746988], [696303.391566265, 2570813.686746988], [696323.391566265, 2570813.686746988], [696323.391566265, 2570803.686746988], [696333.391566265, 2570803.686746988], [696333.391566265, 2570793.686746988], [696353.391566265, 2570793.686746988], [696353.391566265, 2570783.686746988], [696373.391566265, 2570783.686746988], [696373.391566265, 2570793.686746988], [696383.391566265, 2570793.686746988], [696383.391566265, 2570803.686746988], [696403.391566265, 2570803.686746988], [696403.391566265, 2570793.686746988], [696423.391566265, 2570793.686746988], [696423.391566265, 2570783.686746988], [696433.391566265, 2570783.686746988], [696433.391566265, 2570753.686746988], [696423.391566265, 2570753.686746988], [696423.391566265, 2570723.686746988], [696413.391566265, 2570723.686746988], [696413.391566265, 2570693.686746988], [696443.391566265, 2570693.686746988], [696443.391566265, 2570703.686746988], [696453.391566265, 2570703.686746988], [696453.391566265, 2570713.686746988], [696463.391566265, 2570713.686746988], [696463.391566265, 2570753.686746988], [696473.391566265, 2570753.686746988], [696473.391566265, 2570773.686746988], [696463.391566265, 2570773.686746988], [696463.391566265, 2570783.686746988], [696453.391566265, 2570783.686746988], [696453.391566265, 2570833.686746988], [696463.391566265, 2570833.686746988], [696463.391566265, 2570823.686746988], [696483.391566265, 2570823.686746988], [696483.391566265, 2570833.686746988], [696523.391566265, 2570833.686746988], [696523.391566265, 2570823.686746988], [696553.391566265, 2570823.686746988], [696553.391566265, 2570813.686746988], [696563.391566265, 2570813.686746988], [696563.391566265, 2570803.686746988], [696573.391566265, 2570803.686746988], [696573.391566265, 2570813.686746988], [696593.391566265, 2570813.686746988], [696593.391566265, 2570823.686746988], [696673.391566265, 2570823.686746988], [696673.391566265, 2570803.686746988], [696693.391566265, 2570803.686746988], [696693.391566265, 2570793.686746988], [696723.391566265, 2570793.686746988], [696723.391566265, 2570823.686746988], [696733.391566265, 2570823.686746988], [696733.391566265, 2570833.686746988], [696743.391566265, 2570833.686746988], [696743.391566265, 2570823.686746988], [696763.391566265, 2570823.686746988], [696763.391566265, 2570813.686746988], [696783.391566265, 2570813.686746988], [696783.391566265, 2570823.686746988], [696803.391566265, 2570823.686746988], [696803.391566265, 2570843.686746988], [696793.391566265, 2570843.686746988], [696793.391566265, 2570833.686746988], [696783.391566265, 2570833.686746988], [696783.391566265, 2570843.686746988], [696733.391566265, 2570843.686746988], [696733.391566265, 2570853.686746988], [696723.391566265, 2570853.686746988], [696723.391566265, 2570873.686746988], [696713.391566265, 2570873.686746988], [696713.391566265, 2570883.686746988], [696613.391566265, 2570883.686746988], [696613.391566265, 2570893.686746988], [696543.391566265, 2570893.686746988]]]}}, {"type": "Feature", "properties": {"v": 1}, "geometry": {"type": "Polygon", "coordinates": [[[696523.391566265, 2570733.686746988], [696523.391566265, 2570713.686746988], [696513.391566265, 2570713.686746988], [696513.391566265, 2570703.686746988], [696493.391566265, 2570703.686746988], [696493.391566265, 2570693.686746988], [696453.391566265, 2570693.686746988], [696453.391566265, 2570673.686746988], [696443.391566265, 2570673.686746988], [696443.391566265, 2570643.686746988], [696473.391566265, 2570643.686746988], [696473.391566265, 2570623.686746988], [696503.391566265, 2570623.686746988], [696503.391566265, 2570613.686746988], [696513.391566265, 2570613.686746988], [696513.391566265, 2570603.686746988], [696523.391566265, 2570603.686746988], [696523.391566265, 2570593.686746988], [696533.391566265, 2570593.686746988], [696533.391566265, 2570583.686746988], [696543.391566265, 2570583.686746988], [696543.391566265, 2570573.686746988], [696553.391566265, 2570573.686746988], [696553.391566265, 2570583.686746988], [696563.391566265, 2570583.686746988], [696563.391566265, 2570603.686746988], [696573.391566265, 2570603.686746988], [696573.391566265, 2570623.686746988], [696583.391566265, 2570623.686746988], [696583.391566265, 2570633.686746988], [696593.391566265, 2570633.686746988], [696593.391566265, 2570643.686746988], [696603.391566265, 2570643.686746988], [696603.391566265, 2570653.686746988], [696613.391566265, 2570653.686746988], [696613.391566265, 2570663.686746988], [696623.391566265, 2570663.686746988], [696623.391566265, 2570683.686746988], [696613.391566265, 2570683.686746988], [696613.391566265, 2570693.686746988], [696593.391566265, 2570693.686746988], [696593.391566265, 2570723.686746988], [696583.391566265, 2570723.686746988], [696583.391566265, 2570733.686746988], [696523.391566265, 2570733.686746988]]]}}, {"type": "Feature", "properties": {"v": 1}, "geometry": {"type": "Polygon", "coordinates": [[[691883.391566265, 2570833.686746988], [691883.391566265, 2570803.686746988], [691893.391566265, 2570803.686746988], [691893.391566265, 2570793.686746988], [691903.391566265, 2570793.686746988], [691903.391566265, 2570783.686746988], [691913.391566265, 2570783.686746988], [691913.391566265, 2570773.686746988], [691923.391566265, 2570773.686746988], [691923.391566265, 2570763.686746988], [691933.391566265, 2570763.686746988], [691933.391566265, 2570693.686746988], [691943.391566265, 2570693.686746988], [691943.391566265, 2570683.686746988], [691953.391566265, 2570683.686746988], [691953.391566265, 2570663.686746988], [691963.391566265, 2570663.686746988], [691963.391566265, 2570653.686746988], [691973.391566265, 2570653.686746988], [691973.391566265, 2570643.686746988], [691983.391566265, 2570643.686746988], [691983.391566265, 2570633.686746988], [691993.391566265, 2570633.686746988], [691993.391566265, 2570623.686746988], [692003.391566265, 2570623.686746988], [692003.391566265, 2570613.686746988], [692023.391566265, 2570613.686746988], [692023.391566265, 2570603.686746988], [692043.391566265, 2570603.686746988], [692043.391566265, 2570593.686746988], [692053.391566265, 2570593.686746988], [692053.391566265, 2570583.686746988], [692063.391566265, 2570583.686746988], [692063.391566265, 2570563.686746988], [692083.391566265, 2570563.686746988], [692083.391566265, 2570553.686746988], [692123.391566265, 2570553.686746988], [692123.391566265, 2570563.686746988], [692133.391566265, 2570563.686746988], [692133.391566265, 2570573.686746988], [692153.391566265, 2570573.686746988], [692153.391566265, 2570593.686746988], [692163.391566265, 2570593.686746988], [692163.391566265, 2570603.686746988], [692173.391566265, 2570603.686746988], [692173.391566265, 2570593.686746988], [692183.391566265, 2570593.686746988], [692183.391566265, 2570583.686746988], [692193.391566265, 2570583.686746988], [692193.391566265, 2570573.686746988], [692203.391566265, 2570573.686746988], [692203.391566265, 2570563.686746988], [692213.391566265, 2570563.686746988], [692213.391566265, 2570543.686746988], [692233.391566265, 2570543.686746988], [692233.391566265, 2570533.686746988], [692243.391566265, 2570533.686746988], [692243.391566265, 2570523.686746988], [692273.391566265, 2570523.686746988], [692273.391566265, 2570513.686746988], [692283.391566265, 2570513.686746988], [692283.391566265, 2570503.686746988], [692293.391566265, 2570503.686746988], [692293.391566265, 2570493.686746988], [692313.391566265, 2570493.686746988], [692313.391566265, 2570483.686746988], [692353.391566265, 2570483.686746988], [692353.391566265, 2570493.686746988], [692383.391566265, 2570493.686746988], [692383.391566265, 2570503.686746988], [692413.391566265, 2570503.686746988], [692413.391566265, 2570513.686746988], [692453.391566265, 2570513.686746988], [692453.391566265, 2570503.686746988], [692503.391566265, 2570503.686746988], [692503.391566265, 2570513.686746988], [692553.391566265, 2570513.686746988], [692553.391566265, 2570503.686746988], [692563.391566265, 2570503.686746988], [692563.391566265, 2570493.686746988], [692573.391566265, 2570493.686746988], [692573.391566265, 2570483.686746988], [692623.391566265, 2570483.686746988], [692623.391566265, 2570493.686746988], [692633.391566265, 2570493.686746988], [692633.391566265, 2570483.686746988], [692643.391566265, 2570483.686746988], [692643.391566265, 2570473.686746988], [692653.391566265, 2570473.686746988], [692653.391566265, 2570463.686746988], [692693.391566265, 2570463.686746988], [692693.391566265, 2570473.686746988], [692683.391566265, 2570473.686746988], [692683.391566265, 2570483.686746988], [692663.391566265, 2570483.686746988], [692663.391566265, 2570493.686746988], [692643.391566265, 2570493.686746988], [692643.391566265, 2570503.686746988], [692583.391566265, 2570503.686746988], [692583.391566265, 2570513.686746988], [692573.391566265, 2570513.686746988], [692573.391566265, 2570523.686746988], [692563.391566265, 2570523.686746988], [692563.391566265, 2570533.686746988], [692553.391566265, 2570533.686746988], [692553.391566265, 2570543.686746988], [692523.391566265, 2570543.686746988], [692523.391566265, 2570533.686746988], [692503.391566265, 2570533.686746988], [692503.391566265, 2570523.686746988], [692463.391566265, 2570523.686746988], [692463.391566265, 2570533.686746988], [692403.391566265, 2570533.686746988], [692403.391566265, 2570523.686746988], [692373.391566265, 2570523.686746988], [692373.391566265, 2570513.686746988], [692303.391566265, 2570513.686746988], [692303.391566265, 2570523.686746988], [692293.391566265, 2570523.686746988], [692293.391566265, 2570533.686746988], [692273.391566265, 2570533.686746988], [692273.391566265, 2570543.686746988], [692263.391566265, 2570543.686746988], [692263.391566265, 2570553.686746988], [692243.391566265, 2570553.686746988], [692243.391566265, 2570563.686746988], [692233.391566265, 2570563.686746988], [692233.391566265, 2570573.686746988], [692223.391566265, 2570573.686746988], [692223.391566265, 2570583.686746988], [692213.391566265, 2570583.686746988], [692213.391566265, 2570593.686746988], [692203.391566265, 2570593.686746988], [692203.391566265, 2570613.686746988], [692193.391566265, 2570613.686746988], [692193.391566265, 2570623.686746988], [692163.391566265, 2570623.686746988], [692163.391566265, 2570613.686746988], [692153.391566265, 2570613.686746988], [692153.391566265, 2570633.686746988], [692143.391566265, 2570633.686746988], [692143.391566265, 2570593.686746988], [692133.391566265, 2570593.686746988], [692133.391566265, 2570583.686746988], [692123.391566265, 2570583.686746988], [692123.391566265, 2570573.686746988], [692113.391566265, 2570573.686746988], [692113.391566265, 2570563.686746988], [692093.391566265, 2570563.686746988], [692093.391566265, 2570583.686746988], [692083.391566265, 2570583.686746988], [692083.391566265, 2570593.686746988], [692073.391566265, 2570593.686746988], [692073.391566265, 2570613.686746988], [692043.391566265, 2570613.686746988], [692043.391566265, 2570623.686746988], [692023.391566265, 2570623.686746988], [692023.391566265, 2570633.686746988], [692013.391566265, 2570633.686746988], [692013.391566265, 2570643.686746988], [692003.391566265, 2570643.686746988], [692003.391566265, 2570653.686746988], [691993.391566265, 2570653.686746988], [691993.391566265, 2570663.686746988], [691973.391566265, 2570663.686746988], [691973.391566265, 2570683.686746988], [691963.391566265, 2570683.686746988], [691963.391566265, 2570703.686746988], [691953.391566265, 2570703.686746988], [691953.391566265, 2570733.686746988], [691943.391566265, 2570733.686746988], [691943.391566265, 2570743.686746988], [691953.391566265, 2570743.686746988], [691953.391566265, 2570753.686746988], [691963.391566265, 2570753.686746988], [691963.391566265, 2570773.686746988], [691953.391566265, 2570773.686746988], [691953.391566265, 2570793.686746988], [691933.391566265, 2570793.686746988], [691933.391566265, 2570803.686746988], [691923.391566265, 2570803.686746988], [691923.391566265, 2570813.686746988], [691913.391566265, 2570813.686746988], [691913.391566265, 2570833.686746988], [691883.391566265, 2570833.686746988]]]}}, {"type": "Feature", "properties": {"v": 1}, "geometry": {"type": "Polygon", "coordinates": [[[693913.391566265, 2570533.686746988], [693913.391566265, 2570523.686746988], [693903.391566265, 2570523.686746988], [693903.391566265, 2570493.686746988], [693893.391566265, 2570493.686746988], [693893.391566265, 2570483.686746988], [693883.391566265, 2570483.686746988], [693883.391566265, 2570473.686746988], [693873.391566265, 2570473.686746988], [693873.391566265, 2570463.686746988], [693853.391566265, 2570463.686746988], [693853.391566265, 2570433.686746988], [693863.391566265, 2570433.686746988], [693863.391566265, 2570383.686746988], [693883.391566265, 2570383.686746988], [693883.391566265, 2570373.686746988], [693873.391566265, 2570373.686746988], [693873.391566265, 2570343.686746988], [693883.391566265, 2570343.686746988], [693883.391566265, 2570323.686746988], [693893.391566265, 2570323.686746988], [693893.391566265, 2570313.686746988], [693913.391566265, 2570313.686746988], [693913.391566265, 2570323.686746988], [693943.391566265, 2570323.686746988], [693943.391566265, 2570313.686746988], [693983.391566265, 2570313.686746988], [693983.391566265, 2570333.686746988], [693993.391566265, 2570333.686746988], [693993.391566265, 2570353.686746988], [694003.391566265, 2570353.686746988], [694003.391566265, 2570363.686746988], [693973.391566265, 2570363.686746988], [693973.391566265, 2570353.686746988], [693953.391566265, 2570353.686746988], [693953.391566265, 2570343.686746988], [693933.391566265, 2570343.686746988], [693933.391566265, 2570363.686746988], [693913.391566265, 2570363.686746988], [693913.391566265, 2570373.686746988], [693903.391566265, 2570373.686746988], [693903.391566265, 2570393.686746988], [693893.391566265, 2570393.686746988], [693893.391566265, 2570413.686746988], [693923.391566265, 2570413.686746988], [693923.391566265, 2570423.686746988], [693933.391566265, 2570423.686746988], [693933.391566265, 2570433.686746988], [693953.391566265, 2570433.686746988], [693953.391566265, 2570443.686746988], [693943.391566265, 2570443.686746988], [693943.391566265, 2570453.686746988], [693963.391566265, 2570453.686746988], [693963.391566265, 2570463.686746988], [693933.391566265, 2570463.686746988], [693933.391566265, 2570473.686746988], [693923.391566265, 2570473.686746988], [693923.391566265, 2570493.686746988], [693913.391566265, 2570493.686746988], [693913.391566265, 2570503.686746988], [693923.391566265, 2570503.686746988], [693923.391566265, 2570513.686746988], [693933.391566265, 2570513.686746988], [693933.391566265, 2570533.686746988], [693913.391566265, 2570533.686746988]]]}}, {"type": "Feature", "properties": {"v": 1}, "geometry": {"type": "Polygon", "coordinates": [[[697343.391566265, 2570193.686746988], [697343.391566265, 2570173.686746988], [697353.391566265, 2570173.686746988], [697353.391566265, 2570153.686746988], [697323.391566265, 2570153.686746988], [697323.391566265, 2570143.686746988], [697313.391566265, 2570143.686746988], [697313.391566265, 2570133.686746988], [697303.391566265, 2570133.686746988], [697303.391566265, 2570123.686746988], [697283.391566265, 2570123.686746988], [697283.391566265, 2570103.686746988], [697273.391566265, 2570103.686746988], [697273.391566265, 2570083.686746988], [697283.391566265, 2570083.686746988], [697283.391566265, 2570073.686746988], [697293.391566265, 2570073.686746988], [697293.391566265, 2570063.686746988], [697303.391566265, 2570063.686746988], [697303.391566265, 2570053.686746988], [697313.391566265, 2570053.686746988], [697313.391566265, 2570033.686746988], [697323.391566265, 2570033.686746988], [697323.391566265, 2570023.686746988], [697343.391566265, 2570023.686746988], [697343.391566265, 2570013.686746988], [697353.391566265, 2570013.686746988], [697353.391566265, 2570043.686746988], [697363.391566265, 2570043.686746988], [697363.391566265, 2570023.686746988], [697383.391566265, 2570023.686746988], [697383.391566265, 2570013.686746988], [697393.391566265, 2570013.686746988], [697393.391566265, 2570023.686746988], [697403.391566265, 2570023.686746988], [697403.391566265, 2570033.686746988], [697393.391566265, 2570033.686746988], [697393.391566265, 2570063.686746988], [697383.391566265, 2570063.686746988], [697383.391566265, 2570123.686746988], [697393.391566265, 2570123.686746988], [697393.391566265, 2570083.686746988], [697403.391566265, 2570083.686746988], [697403.391566265, 2570073.686746988], [697413.391566265, 2570073.686746988], [697413.391566265, 2570063.686746988], [697423.391566265, 2570063.686746988], [697423.391566265, 2570073.686746988], [697433.391566265, 2570073.686746988], [697433.391566265, 2570093.686746988], [697443.391566265, 2570093.686746988], [697443.391566265, 2570123.686746988], [697433.391566265, 2570123.686746988], [697433.391566265, 2570143.686746988], [697423.391566265, 2570143.686746988], [697423.391566265, 2570153.686746988], [697403.391566265, 2570153.686746988], [697403.391566265, 2570143.686746988], [697383.391566265, 2570143.686746988], [697383.391566265, 2570163.686746988], [697403.391566265, 2570163.686746988], [697403.391566265, 2570173.686746988], [697393.391566265, 2570173.686746988], [697393.391566265, 2570183.686746988], [697383.391566265, 2570183.686746988], [697383.391566265, 2570193.686746988], [697343.391566265, 2570193.686746988]]]}}, {"type": "Feature", "properties": {"v": 1}, "geometry": {"type": "Polygon", "coordinates": [[[692743.391566265, 2570453.686746988], [692743.391566265, 2570433.686746988], [692753.391566265, 2570433.686746988], [692753.391566265, 2570423.686746988], [692773.391566265, 2570423.686746988], [692773.391566265, 2570413.686746988], [692783.391566265, 2570413.686746988], [692783.391566265, 2570403.686746988], [692793.391566265, 2570403.686746988], [692793.391566265, 2570393.686746988], [692803.391566265, 2570393.686746988], [692803.391566265, 2570383.686746988], [692813.391566265, 2570383.686746988], [692813.391566265, 2570373.686746988], [692833.391566265, 2570373.686746988], [692833.391566265, 2570363.686746988], [692843.391566265, 2570363.686746988], [692843.391566265, 2570343.686746988], [692853.391566265, 2570343.686746988], [692853.391566265, 2570313.686746988], [692873.391566265, 2570313.686746988], [692873.391566265, 2570303.686746988], [692893.391566265, 2570303.686746988], [692893.391566265, 2570293.686746988], [692903.391566265, 2570293.686746988], [692903.391566265, 2570283.686746988], [692913.391566265, 2570283.686746988], [692913.391566265, 2570273.686746988], [692923.391566265, 2570273.686746988], [692923.391566265, 2570263.686746988], [692943.391566265, 2570263.686746988], [692943.391566265, 2570233.686746988], [692953.391566265, 2570233.686746988], [692953.391566265, 2570193.686746988], [692963.391566265, 2570193.686746988], [692963.391566265, 2570183.686746988], [692953.391566265, 2570183.686746988], [692953.391566265, 2570153.686746988], [692943.391566265, 2570153.686746988], [692943.391566265, 2570123.686746988], [692933.391566265, 2570123.686746988], [692933.391566265, 2570113.686746988], [692913.391566265, 2570113.686746988], [692913.391566265, 2570083.686746988], [692903.391566265, 2570083.686746988], [692903.391566265, 2570053.686746988], [692893.391566265, 2570053.686746988], [692893.391566265, 2570043.686746988], [692883.391566265, 2570043.686746988], [692883.391566265, 2569993.686746988], [692903.391566265, 2569993.686746988], [692903.391566265, 2570033.686746988], [692913.391566265, 2570033.686746988], [692913.391566265, 2570043.686746988], [692923.391566265, 2570043.686746988], [692923.391566265, 2570093.686746988], [692943.391566265, 2570093.686746988], [692943.391566265, 2570103.686746988], [692953.391566265, 2570103.686746988], [692953.391566265, 2570113.686746988], [692963.391566265, 2570113.686746988], [692963.391566265, 2570133.686746988], [692973.391566265, 2570133.686746988], [692973.391566265, 2570143.686746988], [692983.391566265, 2570143.686746988], [692983.391566265, 2570213.686746988], [692973.391566265, 2570213.686746988], [692973.391566265, 2570223.686746988], [692983.391566265, 2570223.686746988], [692983.391566265, 2570243.686746988], [692973.391566265, 2570243.686746988], [692973.391566265, 2570263.686746988], [692963.391566265, 2570263.686746988], [692963.391566265, 2570273.686746988], [692953.391566265, 2570273.686746988], [692953.391566265, 2570283.686746988], [692943.391566265, 2570283.686746988], [692943.391566265, 2570293.686746988], [692933.391566265, 2570293.686746988], [692933.391566265, 2570303.686746988], [692913.391566265, 2570303.686746988], [692913.391566265, 2570313.686746988], [692903.391566265, 2570313.686746988], [692903.391566265, 2570323.686746988], [692893.391566265, 2570323.686746988], [692893.391566265, 2570333.686746988], [692883.391566265, 2570333.686746988], [692883.391566265, 2570343.686746988], [692873.391566265, 2570343.686746988], [692873.391566265, 2570353.686746988], [692863.391566265, 2570353.686746988], [692863.391566265, 2570373.686746988], [692853.391566265, 2570373.686746988], [692853.391566265, 2570383.686746988], [692843.391566265, 2570383.686746988], [692843.391566265, 2570393.686746988], [692823.391566265, 2570393.686746988], [692823.391566265, 2570403.686746988], [692813.391566265, 2570403.686746988], [692813.391566265, 2570433.686746988], [692803.391566265, 2570433.686746988], [692803.391566265, 2570443.686746988], [692783.391566265, 2570443.686746988], [692783.391566265, 2570453.686746988], [692743.391566265, 2570453.686746988]]]}}, {"type": "Feature", "properties": {"v": 1}, "geometry": {"type": "Polygon", "coordinates": [[[697303.391566265, 2569973.686746988], [697303.391566265, 2569963.686746988], [697273.391566265, 2569963.686746988], [697273.391566265, 2569953.686746988], [697203.391566265, 2569953.686746988], [697203.391566265, 2569963.686746988], [697183.391566265, 2569963.686746988], [697183.391566265, 2569953.686746988], [697173.391566265, 2569953.686746988], [697173.391566265, 2569933.686746988], [697163.391566265, 2569933.686746988], [697163.391566265, 2569903.686746988], [697153.391566265, 2569903.686746988], [697153.391566265, 2569883.686746988], [697163.391566265, 2569883.686746988], [697163.391566265, 2569873.686746988], [697173.391566265, 2569873.686746988], [697173.391566265, 2569863.686746988], [697193.391566265, 2569863.686746988], [697193.391566265, 2569883.686746988], [697213.391566265, 2569883.686746988], [697213.391566265, 2569863.686746988], [697223.391566265, 2569863.686746988], [697223.391566265, 2569853.686746988], [697233.391566265, 2569853.686746988], [697233.391566265, 2569843.686746988], [697243.391566265, 2569843.686746988], [697243.391566265, 2569853.686746988], [697263.391566265, 2569853.686746988], [697263.391566265, 2569863.686746988], [697273.391566265, 2569863.686746988], [697273.391566265, 2569853.686746988], [697303.391566265, 2569853.686746988], [697303.391566265, 2569863.686746988], [697313.391566265, 2569863.686746988], [697313.391566265, 2569873.686746988], [697323.391566265, 2569873.686746988], [697323.391566265, 2569923.686746988], [697333.391566265, 2569923.686746988], [697333.391566265, 2569963.686746988], [697323.391566265, 2569963.686746988], [697323.391566265, 2569973.686746988], [697303.391566265, 2569973.686746988]]]}}, {"type": "Feature", "properties": {"v": 1}, "geometry": {"type": "Polygon", "coordinates": [[[692053.391566265, 2570153.686746988], [692053.391566265, 2570143.686746988], [692083.391566265, 2570143.686746988], [692083.391566265, 2570133.686746988], [692093.391566265, 2570133.686746988], [692093.391566265, 2570123.686746988], [692103.391566265, 2570123.686746988], [692103.391566265, 2570113.686746988], [692113.391566265, 2570113.686746988], [692113.391566265, 2570103.686746988], [692123.391566265, 2570103.686746988], [692123.391566265, 2570093.686746988], [692133.391566265, 2570093.686746988], [692133.391566265, 2570053.686746988], [692183.391566265, 2570053.686746988], [692183.391566265, 2570033.686746988], [692193.391566265, 2570033.686746988], [692193.391566265, 2570023.686746988], [692203.391566265, 2570023.686746988], [692203.391566265, 2570013.686746988], [692283.391566265, 2570013.686746988], [692283.391566265, 2570003.686746988], [692293.391566265, 2570003.686746988], [692293.391566265, 2569983.686746988], [692303.391566265, 2569983.686746988], [692303.391566265, 2569973.686746988], [692313.391566265, 2569973.686746988], [692313.391566265, 2569943.686746988], [692323.391566265, 2569943.686746988], [692323.391566265, 2569933.686746988], [692353.391566265, 2569933.686746988], [692353.391566265, 2569923.686746988], [692413.391566265, 2569923.686746988], [692413.391566265, 2569913.686746988], [692423.391566265, 2569913.686746988], [692423.391566265, 2569903.686746988], [692433.391566265, 2569903.686746988], [692433.391566265, 2569883.686746988], [692443.391566265, 2569883.686746988], [692443.391566265, 2569873.686746988], [692433.391566265, 2569873.686746988], [692433.391566265, 2569863.686746988], [692443.391566265, 2569863.686746988], [692443.391566265, 2569853.686746988], [692453.391566265, 2569853.686746988], [692453.391566265, 2569843.686746988], [692463.391566265, 2569843.686746988], [692463.391566265, 2569833.686746988], [692473.391566265, 2569833.686746988], [692473.391566265, 2569823.686746988], [692513.391566265, 2569823.686746988], [692513.391566265, 2569833.686746988], [692563.391566265, 2569833.686746988], [692563.391566265, 2569843.686746988], [692583.391566265, 2569843.686746988], [692583.391566265, 2569833.686746988], [692593.391566265, 2569833.686746988], [692593.391566265, 2569823.686746988], [692603.391566265, 2569823.686746988], [692603.391566265, 2569813.686746988], [692623.391566265, 2569813.686746988], [692623.391566265, 2569803.686746988], [692633.391566265, 2569803.686746988], [692633.391566265, 2569793.686746988], [692653.391566265, 2569793.686746988], [692653.391566265, 2569783.686746988], [692683.391566265, 2569783.686746988], [692683.391566265, 2569773.686746988], [692693.391566265, 2569773.686746988], [692693.391566265, 2569763.686746988], [692723.391566265, 2569763.686746988], [692723.391566265, 2569753.686746988], [692743.391566265, 2569753.686746988], [692743.391566265, 2569743.686746988], [692763.391566265, 2569743.686746988], [692763.391566265, 2569763.686746988], [692753.391566265, 2569763.686746988], [692753.391566265, 2569773.686746988], [692723.391566265, 2569773.686746988], [692723.391566265, 2569783.686746988], [692703.391566265, 2569783.686746988], [692703.391566265, 2569793.686746988], [692693.391566265, 2569793.686746988], [692693.391566265, 2569803.686746988], [692653.391566265, 2569803.686746988], [692653.391566265, 2569813.686746988], [692633.391566265, 2569813.686746988], [692633.391566265, 2569823.686746988], [692623.391566265, 2569823.686746988], [692623.391566265, 2569833.686746988], [692613.391566265, 2569833.686746988], [692613.391566265, 2569843.686746988], [692603.391566265, 2569843.686746988], [692603.391566265, 2569863.686746988], [692553.391566265, 2569863.686746988], [692553.391566265, 2569853.686746988], [692513.391566265, 2569853.686746988], [692513.391566265, 2569843.686746988], [692483.391566265, 2569843.686746988], [692483.391566265, 2569853.686746988], [692463.391566265, 2569853.686746988], [692463.391566265, 2569863.686746988], [692453.391566265, 2569863.686746988], [692453.391566265, 2569923.686746988], [692443.391566265, 2569923.686746988], [692443.391566265, 2569933.686746988], [692413.391566265, 2569933.686746988], [692413.391566265, 2569943.686746988], [692343.391566265, 2569943.686746988], [692343.391566265, 2569953.686746988], [692333.391566265, 2569953.686746988], [692333.391566265, 2569973.686746988], [692323.391566265, 2569973.686746988], [692323.391566265, 2569993.686746988], [692313.391566265, 2569993.686746988], [692313.391566265, 2570003.686746988], [692303.391566265, 2570003.686746988], [692303.391566265, 2570013.686746988], [692293.391566265, 2570013.686746988], [692293.391566265, 2570033.686746988], [692303.391566265, 2570033.686746988], [692303.391566265, 2570113.686746988], [692293.391566265, 2570113.686746988], [692293.391566265, 2570103.686746988], [692283.391566265, 2570103.686746988], [692283.391566265, 2570033.686746988], [692233.391566265, 2570033.686746988], [692233.391566265, 2570023.686746988], [692223.391566265, 2570023.686746988], [692223.391566265, 2570033.686746988], [692213.391566265, 2570033.686746988], [692213.391566265, 2570043.686746988], [692203.391566265, 2570043.686746988], [692203.391566265, 2570053.686746988], [692193.391566265, 2570053.686746988], [692193.391566265, 2570063.686746988], [692183.391566265, 2570063.686746988], [692183.391566265, 2570073.686746988], [692143.391566265, 2570073.686746988], [692143.391566265, 2570113.686746988], [692133.391566265, 2570113.686746988], [692133.391566265, 2570123.686746988], [692123.391566265, 2570123.686746988], [692123.391566265, 2570133.686746988], [692113.391566265, 2570133.686746988], [692113.391566265, 2570143.686746988], [692103.391566265, 2570143.686746988], [692103.391566265, 2570153.686746988], [692053.391566265, 2570153.686746988]]]}}, {"type": "Feature", "properties": {"v": 1}, "geometry": {"type": "Polygon", "coordinates": [[[691893.391566265, 2569623.686746988], [691893.391566265, 2569603.686746988], [691903.391566265, 2569603.686746988], [691903.391566265, 2569583.686746988], [691913.391566265, 2569583.686746988], [691913.391566265, 2569573.686746988], [691923.391566265, 2569573.686746988], [691923.391566265, 2569563.686746988], [691933.391566265, 2569563.686746988], [691933.391566265, 2569543.686746988], [691943.391566265, 2569543.686746988], [691943.391566265, 2569523.686746988], [691953.391566265, 2569523.686746988], [691953.391566265, 2569503.686746988], [691963.391566265, 2569503.686746988], [691963.391566265, 2569483.686746988], [691973.391566265, 2569483.686746988], [691973.391566265, 2569473.686746988], [691983.391566265, 2569473.686746988], [691983.391566265, 2569463.686746988], [691993.391566265, 2569463.686746988], [691993.391566265, 2569453.686746988], [692013.391566265, 2569453.686746988], [692013.391566265, 2569443.686746988], [692023.391566265, 2569443.686746988], [692023.391566265, 2569433.686746988], [692033.391566265, 2569433.686746988], [692033.391566265, 2569423.686746988], [692063.391566265, 2569423.686746988], [692063.391566265, 2569413.686746988], [692103.391566265, 2569413.686746988], [692103.391566265, 2569403.686746988], [692123.391566265, 2569403.686746988], [692123.391566265, 2569413.686746988], [692133.391566265, 2569413.686746988], [692133.391566265, 2569423.686746988], [692143.391566265, 2569423.686746988], [692143.391566265, 2569433.686746988], [692153.391566265, 2569433.686746988], [692153.391566265, 2569443.686746988], [692173.391566265, 2569443.686746988], [692173.391566265, 2569453.686746988], [692203.391566265, 2569453.686746988], [692203.391566265, 2569463.686746988], [692223.391566265, 2569463.686746988], [692223.391566265, 2569473.686746988], [692253.391566265, 2569473.686746988], [692253.391566265, 2569483.686746988], [692283.391566265, 2569483.686746988], [692283.391566265, 2569473.686746988], [692293.391566265, 2569473.686746988], [692293.391566265, 2569433.686746988], [692303.391566265, 2569433.686746988], [692303.391566265, 2569413.686746988], [692313.391566265, 2569413.686746988], [692313.391566265, 2569403.686746988], [692323.391566265, 2569403.686746988], [692323.391566265, 2569393.686746988], [692333.391566265, 2569393.686746988], [692333.391566265, 2569373.686746988], [692343.391566265, 2569373.686746988], [692343.391566265, 2569363.686746988], [692353.391566265, 2569363.686746988], [692353.391566265, 2569333.686746988], [692363.391566265, 2569333.686746988], [692363.391566265, 2569323.686746988], [692373.391566265, 2569323.686746988], [692373.391566265, 2569293.686746988], [692393.391566265, 2569293.686746988], [692393.391566265, 2569273.686746988], [692403.391566265, 2569273.686746988], [692403.391566265, 2569263.686746988], [692413.391566265, 2569263.686746988], [692413.391566265, 2569253.686746988], [692483.391566265, 2569253.686746988], [692483.391566265, 2569233.686746988], [692503.391566265, 2569233.686746988], [692503.391566265, 2569223.686746988], [692533.391566265, 2569223.686746988], [692533.391566265, 2569213.686746988], [692553.391566265, 2569213.686746988], [692553.391566265, 2569203.686746988], [692563.391566265, 2569203.686746988], [692563.391566265, 2569193.686746988], [692573.391566265, 2569193.686746988], [692573.391566265, 2569163.686746988], [692603.391566265, 2569163.686746988], [692603.391566265, 2569173.686746988], [692613.391566265, 2569173.686746988], [692613.391566265, 2569183.686746988], [692603.391566265, 2569183.686746988], [692603.391566265, 2569193.686746988], [692593.391566265, 2569193.686746988], [692593.391566265, 2569203.686746988], [692583.391566265, 2569203.686746988], [692583.391566265, 2569213.686746988], [692573.391566265, 2569213.686746988], [692573.391566265, 2569223.686746988], [692553.391566265, 2569223.686746988], [692553.391566265, 2569233.686746988], [692543.391566265, 2569233.686746988], [692543.391566265, 2569243.686746988], [692533.391566265, 2569243.686746988], [692533.391566265, 2569253.686746988], [692513.391566265, 2569253.686746988], [692513.391566265, 2569263.686746988], [692503.391566265, 2569263.686746988], [692503.391566265, 2569273.686746988], [692483.391566265, 2569273.686746988], [692483.391566265, 2569283.686746988], [692473.391566265, 2569283.686746988], [692473.391566265, 2569273.686746988], [692433.391566265, 2569273.686746988], [692433.391566265, 2569283.686746988], [692413.391566265, 2569283.686746988], [692413.391566265, 2569303.686746988], [692403.391566265, 2569303.686746988], [692403.391566265, 2569313.686746988], [692393.391566265, 2569313.686746988], [692393.391566265, 2569323.686746988], [692383.391566265, 2569323.686746988], [692383.391566265, 2569343.686746988], [692373.391566265, 2569343.686746988], [692373.391566265, 2569363.686746988], [692363.391566265, 2569363.686746988], [692363.391566265, 2569383.686746988], [692353.391566265, 2569383.686746988], [692353.391566265, 2569393.686746988], [692343.391566265, 2569393.686746988], [692343.391566265, 2569413.686746988], [692333.391566265, 2569413.686746988], [692333.391566265, 2569423.686746988], [692323.391566265, 2569423.686746988], [692323.391566265, 2569443.686746988], [692313.391566265, 2569443.686746988], [692313.391566265, 2569483.686746988], [692303.391566265, 2569483.686746988], [692303.391566265, 2569493.686746988], [692293.391566265, 2569493.686746988], [692293.391566265, 2569503.686746988], [692283.391566265, 2569503.686746988], [692283.391566265, 2569513.686746988], [692263.391566265, 2569513.686746988], [692263.391566265, 2569503.686746988], [692243.391566265, 2569503.686746988], [692243.391566265, 2569493.686746988], [692213.391566265, 2569493.686746988], [692213.391566265, 2569483.686746988], [692203.391566265, 2569483.686746988], [692203.391566265, 2569473.686746988], [692183.391566265, 2569473.686746988], [692183.391566265, 2569463.686746988], [692143.391566265, 2569463.686746988], [692143.391566265, 2569453.686746988], [692133.391566265, 2569453.686746988], [692133.391566265, 2569443.686746988], [692123.391566265, 2569443.686746988], [692123.391566265, 2569433.686746988], [692053.391566265, 2569433.686746988], [692053.391566265, 2569443.686746988], [692043.391566265, 2569443.686746988], [692043.391566265, 2569453.686746988], [692023.391566265, 2569453.686746988], [692023.391566265, 2569463.686746988], [692013.391566265, 2569463.686746988], [692013.391566265, 2569473.686746988], [692003.391566265, 2569473.686746988], [692003.391566265, 2569483.686746988], [691993.391566265, 2569483.686746988], [691993.391566265, 2569493.686746988], [691983.391566265, 2569493.686746988], [691983.391566265, 2569503.686746988], [691973.391566265, 2569503.686746988], [691973.391566265, 2569523.686746988], [691963.391566265, 2569523.686746988], [691963.391566265, 2569553.686746988], [691953.391566265, 2569553.686746988], [691953.391566265, 2569563.686746988], [691943.391566265, 2569563.686746988], [691943.391566265, 2569573.686746988], [691933.391566265, 2569573.686746988], [691933.391566265, 2569583.686746988], [691923.391566265, 2569583.686746988], [691923.391566265, 2569593.686746988], [691913.391566265, 2569593.686746988], [691913.391566265, 2569613.686746988], [691903.391566265, 2569613.686746988], [691903.391566265, 2569623.686746988], [691893.391566265, 2569623.686746988]]]}}, {"type": "Feature", "properties": {"v": 1}, "geometry": {"type": "Polygon", "coordinates": [[[695123.391566265, 2576493.686746988], [695123.391566265, 2576473.686746988], [695133.391566265, 2576473.686746988], [695133.391566265, 2576453.686746988], [695153.391566265, 2576453.686746988], [695153.391566265, 2576423.686746988], [695173.391566265, 2576423.686746988], [695173.391566265, 2576413.686746988], [695183.391566265, 2576413.686746988], [695183.391566265, 2576393.686746988], [695143.391566265, 2576393.686746988], [695143.391566265, 2576403.686746988], [695113.391566265, 2576403.686746988], [695113.391566265, 2576413.686746988], [695053.391566265, 2576413.686746988], [695053.391566265, 2576403.686746988], [695033.391566265, 2576403.686746988], [695033.391566265, 2576413.686746988], [695023.391566265, 2576413.686746988], [695023.391566265, 2576423.686746988], [695013.391566265, 2576423.686746988], [695013.391566265, 2576433.686746988], [694983.391566265, 2576433.686746988], [694983.391566265, 2576443.686746988], [694943.391566265, 2576443.686746988], [694943.391566265, 2576453.686746988], [694883.391566265, 2576453.686746988], [694883.391566265, 2576443.686746988], [694863.391566265, 2576443.686746988], [694863.391566265, 2576433.686746988], [694873.391566265, 2576433.686746988], [694873.391566265, 2576423.686746988], [694893.391566265, 2576423.686746988], [694893.391566265, 2576433.686746988], [694953.391566265, 2576433.686746988], [694953.391566265, 2576423.686746988], [694933.391566265, 2576423.686746988], [694933.391566265, 2576413.686746988], [694923.391566265, 2576413.686746988], [694923.391566265, 2576403.686746988], [694883.391566265, 2576403.686746988], [694883.391566265, 2576413.686746988], [694853.391566265, 2576413.686746988], [694853.391566265, 2576393.686746988], [694843.391566265, 2576393.686746988], [694843.391566265, 2576383.686746988], [694863.391566265, 2576383.686746988], [694863.391566265, 2576373.686746988], [694913.391566265, 2576373.686746988], [694913.391566265, 2576383.686746988], [694933.391566265, 2576383.686746988], [694933.391566265, 2576393.686746988], [694953.391566265, 2576393.686746988], [694953.391566265, 2576403.686746988], [694983.391566265, 2576403.686746988], [694983.391566265, 2576393.686746988], [694973.391566265, 2576393.686746988], [694973.391566265, 2576383.686746988], [695033.391566265, 2576383.686746988], [695033.391566265, 2576373.686746988], [695053.391566265, 2576373.686746988], [695053.391566265, 2576383.686746988], [695103.391566265, 2576383.686746988], [695103.391566265, 2576373.686746988], [695133.391566265, 2576373.686746988], [695133.391566265, 2576363.686746988], [695223.391566265, 2576363.686746988], [695223.391566265, 2576353.686746988], [695253.391566265, 2576353.686746988], [695253.391566265, 2576333.686746988], [695263.391566265, 2576333.686746988], [695263.391566265, 2576343.686746988], [695283.391566265, 2576343.686746988], [695283.391566265, 2576323.686746988], [695313.391566265, 2576323.686746988], [695313.391566265, 2576313.686746988], [695323.391566265, 2576313.686746988], [695323.391566265, 2576303.686746988], [695343.391566265, 2576303.686746988], [695343.391566265, 2576293.686746988], [695353.391566265, 2576293.686746988], [695353.391566265, 2576273.686746988], [695363.391566265, 2576273.686746988], [695363.391566265, 2576193.686746988], [695353.391566265, 2576193.686746988], [695353.391566265, 2576153.686746988], [695343.391566265, 2576153.686746988], [695343.391566265, 2576133.686746988], [695353.391566265, 2576133.686746988], [695353.391566265, 2576123.686746988], [695363.391566265, 2576123.686746988], [695363.391566265, 2576113.686746988], [695383.391566265, 2576113.686746988], [695383.391566265, 2576103.686746988], [695413.391566265, 2576103.686746988], [695413.391566265, 2576093.686746988], [695423.391566265, 2576093.686746988], [695423.391566265, 2576083.686746988], [695443.391566265, 2576083.686746988], [695443.391566265, 2576073.686746988], [695463.391566265, 2576073.686746988], [695463.391566265, 2576063.686746988], [695483.391566265, 2576063.686746988], [695483.391566265, 2576053.686746988], [695503.391566265, 2576053.686746988], [695503.391566265, 2576033.686746988], [695513.391566265, 2576033.686746988], [695513.391566265, 2576023.686746988], [695533.391566265, 2576023.686746988], [695533.391566265, 2576013.686746988], [695543.391566265, 2576013.686746988], [695543.391566265, 2576003.686746988], [695553.391566265, 2576003.686746988], [695553.391566265, 2575993.686746988], [695573.391566265, 2575993.686746988], [695573.391566265, 2575983.686746988], [695583.391566265, 2575983.686746988], [695583.391566265, 2575973.686746988], [695593.391566265, 2575973.686746988], [695593.391566265, 2575963.686746988], [695633.391566265, 2575963.686746988], [695633.391566265, 2575953.686746988], [695703.391566265, 2575953.686746988], [695703.391566265, 2575963.686746988], [695803.391566265, 2575963.686746988], [695803.391566265, 2575953.686746988], [695953.391566265, 2575953.686746988], [695953.391566265, 2575943.686746988], [696023.391566265, 2575943.686746988], [696023.391566265, 2575953.686746988], [696053.391566265, 2575953.686746988], [696053.391566265, 2575963.686746988], [696073.391566265, 2575963.686746988], [696073.391566265, 2575973.686746988], [696133.391566265, 2575973.686746988], [696133.391566265, 2575963.686746988], [696143.391566265, 2575963.686746988], [696143.391566265, 2575953.686746988], [696153.391566265, 2575953.686746988], [696153.391566265, 2575933.686746988], [696163.391566265, 2575933.686746988], [696163.391566265, 2575913.686746988], [696173.391566265, 2575913.686746988], [696173.391566265, 2575903.686746988], [696183.391566265, 2575903.686746988], [696183.391566265, 2575883.686746988], [696193.391566265, 2575883.686746988], [696193.391566265, 2575853.686746988], [696203.391566265, 2575853.686746988], [696203.391566265, 2575833.686746988], [696213.391566265, 2575833.686746988], [696213.391566265, 2575813.686746988], [696203.391566265, 2575813.686746988], [696203.391566265, 2575763.686746988], [696193.391566265, 2575763.686746988], [696193.391566265, 2575753.686746988], [696183.391566265, 2575753.686746988], [696183.391566265, 2575743.686746988], [696173.391566265, 2575743.686746988], [696173.391566265, 2575733.686746988], [696163.391566265, 2575733.686746988], [696163.391566265, 2575723.686746988], [696153.391566265, 2575723.686746988], [696153.391566265, 2575693.686746988], [696173.391566265, 2575693.686746988], [696173.391566265, 2575683.686746988], [696183.391566265, 2575683.686746988], [696183.391566265, 2575673.686746988], [696193.391566265, 2575673.686746988], [696193.391566265, 2575663.686746988], [696203.391566265, 2575663.686746988], [696203.391566265, 2575653.686746988], [696213.391566265, 2575653.686746988], [696213.391566265, 2575633.686746988], [696223.391566265, 2575633.686746988], [696223.391566265, 2575623.686746988], [696193.391566265, 2575623.686746988], [696193.391566265, 2575613.686746988], [696183.391566265, 2575613.686746988], [696183.391566265, 2575623.686746988], [696143.391566265, 2575623.686746988], [696143.391566265, 2575633.686746988], [696103.391566265, 2575633.686746988], [696103.391566265, 2575623.686746988], [696093.391566265, 2575623.686746988], [696093.391566265, 2575613.686746988], [696083.391566265, 2575613.686746988], [696083.391566265, 2575593.686746988], [696053.391566265, 2575593.686746988], [696053.391566265, 2575583.686746988], [696023.391566265, 2575583.686746988], [696023.391566265, 2575573.686746988], [696013.391566265, 2575573.686746988], [696013.391566265, 2575563.686746988], [696003.391566265, 2575563.686746988], [696003.391566265, 2575553.686746988], [695983.391566265, 2575553.686746988], [695983.391566265, 2575543.686746988], [695953.391566265, 2575543.686746988], [695953.391566265, 2575533.686746988], [695943.391566265, 2575533.686746988], [695943.391566265, 2575523.686746988], [695923.391566265, 2575523.686746988], [695923.391566265, 2575513.686746988], [695893.391566265, 2575513.686746988], [695893.391566265, 2575493.686746988], [695883.391566265, 2575493.686746988], [695883.391566265, 2575483.686746988], [695863.391566265, 2575483.686746988], [695863.391566265, 2575493.686746988], [695853.391566265, 2575493.686746988], [695853.391566265, 2575503.686746988], [695843.391566265, 2575503.686746988], [695843.391566265, 2575523.686746988], [695833.391566265, 2575523.686746988], [695833.391566265, 2575543.686746988], [695823.391566265, 2575543.686746988], [695823.391566265, 2575553.686746988], [695813.391566265, 2575553.686746988], [695813.391566265, 2575563.686746988], [695803.391566265, 2575563.686746988], [695803.391566265, 2575573.686746988], [695773.391566265, 2575573.686746988], [695773.391566265, 2575583.686746988], [695753.391566265, 2575583.686746988], [695753.391566265, 2575593.686746988], [695743.391566265, 2575593.686746988], [695743.391566265, 2575603.686746988], [695723.391566265, 2575603.686746988], [695723.391566265, 2575613.686746988], [695713.391566265, 2575613.686746988], [695713.391566265, 2575623.686746988], [695703.391566265, 2575623.686746988], [695703.391566265, 2575633.686746988], [695693.391566265, 2575633.686746988], [695693.391566265, 2575643.686746988], [695683.391566265, 2575643.686746988], [695683.391566265, 2575663.686746988], [695673.391566265, 2575663.686746988], [695673.391566265, 2575683.686746988], [695663.391566265, 2575683.686746988], [695663.391566265, 2575703.686746988], [695673.391566265, 2575703.686746988], [695673.391566265, 2575713.686746988], [695663.391566265, 2575713.686746988], [695663.391566265, 2575743.686746988], [695673.391566265, 2575743.686746988], [695673.391566265, 2575773.686746988], [695663.391566265, 2575773.686746988], [695663.391566265, 2575783.686746988], [695653.391566265, 2575783.686746988], [695653.391566265, 2575773.686746988], [695643.391566265, 2575773.686746988], [695643.391566265, 2575783.686746988], [695623.391566265, 2575783.686746988], [695623.391566265, 2575793.686746988], [695613.391566265, 2575793.686746988], [695613.391566265, 2575833.686746988], [695603.391566265, 2575833.686746988], [695603.391566265, 2575843.686746988], [695543.391566265, 2575843.686746988], [695543.391566265, 2575853.686746988], [695523.391566265, 2575853.686746988], [695523.391566265, 2575863.686746988], [695513.391566265, 2575863.686746988], [695513.391566265, 2575883.686746988], [695433.391566265, 2575883.686746988], [695433.391566265, 2575873.686746988], [695423.391566265, 2575873.686746988], [695423.391566265, 2575883.686746988], [695383.391566265, 2575883.686746988], [695383.391566265, 2575873.686746988], [695373.391566265, 2575873.686746988], [695373.391566265, 2575863.686746988], [695353.391566265, 2575863.686746988], [695353.391566265, 2575853.686746988], [695343.391566265, 2575853.686746988], [695343.391566265, 2575843.686746988], [695333.391566265, 2575843.686746988], [695333.391566265, 2575833.686746988], [695303.391566265, 2575833.686746988], [695303.391566265, 2575843.686746988], [695293.391566265, 2575843.686746988], [695293.391566265, 2575853.686746988], [695283.391566265, 2575853.686746988], [695283.391566265, 2575873.686746988], [695273.391566265, 2575873.686746988], [695273.391566265, 2575883.686746988], [695263.391566265, 2575883.686746988], [695263.391566265, 2575893.686746988], [695243.391566265, 2575893.686746988], [695243.391566265, 2575903.686746988], [695203.391566265, 2575903.686746988], [695203.391566265, 2575843.686746988], [695193.391566265, 2575843.686746988], [695193.391566265, 2575823.686746988], [695183.391566265, 2575823.686746988], [695183.391566265, 2575803.686746988], [695153.391566265, 2575803.686746988], [695153.391566265, 2575793.686746988], [695113.391566265, 2575793.686746988], [695113.391566265, 2575803.686746988], [695103.391566265, 2575803.686746988], [695103.391566265, 2575813.686746988], [695083.391566265, 2575813.686746988], [695083.391566265, 2575823.686746988], [695073.391566265, 2575823.686746988], [695073.391566265, 2575833.686746988], [695063.391566265, 2575833.686746988], [695063.391566265, 2575763.686746988], [695033.391566265, 2575763.686746988], [695033.391566265, 2575753.686746988], [694993.391566265, 2575753.686746988], [694993.391566265, 2575763.686746988], [694983.391566265, 2575763.686746988], [694983.391566265, 2575783.686746988], [694973.391566265, 2575783.686746988], [694973.391566265, 2575813.686746988], [694933.391566265, 2575813.686746988], [694933.391566265, 2575803.686746988], [694903.391566265, 2575803.686746988], [694903.391566265, 2575773.686746988], [694893.391566265, 2575773.686746988], [694893.391566265, 2575723.686746988], [694883.391566265, 2575723.686746988], [694883.391566265, 2575713.686746988], [694843.391566265, 2575713.686746988], [694843.391566265, 2575703.686746988], [694833.391566265, 2575703.686746988], [694833.391566265, 2575693.686746988], [694823.391566265, 2575693.686746988], [694823.391566265, 2575683.686746988], [694813.391566265, 2575683.686746988], [694813.391566265, 2575673.686746988], [694803.391566265, 2575673.686746988], [694803.391566265, 2575683.686746988], [694763.391566265, 2575683.686746988], [694763.391566265, 2575663.686746988], [694733.391566265, 2575663.686746988], [694733.391566265, 2575653.686746988], [694723.391566265, 2575653.686746988], [694723.391566265, 2575643.686746988], [694703.391566265, 2575643.686746988], [694703.391566265, 2575633.686746988], [694683.391566265, 2575633.686746988], [694683.391566265, 2575623.686746988], [694663.391566265, 2575623.686746988], [694663.391566265, 2575603.686746988], [694623.391566265, 2575603.686746988], [694623.391566265, 2575613.686746988], [694613.391566265, 2575613.686746988], [694613.391566265, 2575623.686746988], [694593.391566265, 2575623.686746988], [694593.391566265, 2575633.686746988], [694563.391566265, 2575633.686746988], [694563.391566265, 2575613.686746988], [694573.391566265, 2575613.686746988], [694573.391566265, 2575603.686746988], [694533.391566265, 2575603.686746988], [694533.391566265, 2575593.686746988], [694523.391566265, 2575593.686746988], [694523.391566265, 2575583.686746988], [694513.391566265, 2575583.686746988], [694513.391566265, 2575593.686746988], [694503.391566265, 2575593.686746988], [694503.391566265, 2575583.686746988], [694463.391566265, 2575583.686746988], [694463.391566265, 2575543.686746988], [694453.391566265, 2575543.686746988], [694453.391566265, 2575523.686746988], [694443.391566265, 2575523.686746988], [694443.391566265, 2575513.686746988], [694433.391566265, 2575513.686746988], [694433.391566265, 2575503.686746988], [694413.391566265, 2575503.686746988], [694413.391566265, 2575493.686746988], [694343.391566265, 2575493.686746988], [694343.391566265, 2575513.686746988], [694333.391566265, 2575513.686746988], [694333.391566265, 2575523.686746988], [694273.391566265, 2575523.686746988], [694273.391566265, 2575513.686746988], [694253.391566265, 2575513.686746988], [694253.391566265, 2575503.686746988], [694243.391566265, 2575503.686746988], [694243.391566265, 2575493.686746988], [694193.391566265, 2575493.686746988], [694193.391566265, 2575483.686746988], [694183.391566265, 2575483.686746988], [694183.391566265, 2575493.686746988], [694143.391566265, 2575493.686746988], [694143.391566265, 2575483.686746988], [694123.391566265, 2575483.686746988], [694123.391566265, 2575473.686746988], [694113.391566265, 2575473.686746988], [694113.391566265, 2575443.686746988], [694103.391566265, 2575443.686746988], [694103.391566265, 2575423.686746988], [694043.391566265, 2575423.686746988], [694043.391566265, 2575433.686746988], [694033.391566265, 2575433.686746988], [694033.391566265, 2575443.686746988], [694013.391566265, 2575443.686746988], [694013.391566265, 2575473.686746988], [694023.391566265, 2575473.686746988], [694023.391566265, 2575483.686746988], [694053.391566265, 2575483.686746988], [694053.391566265, 2575493.686746988], [694093.391566265, 2575493.686746988], [694093.391566265, 2575503.686746988], [694113.391566265, 2575503.686746988], [694113.391566265, 2575513.686746988], [694133.391566265, 2575513.686746988], [694133.391566265, 2575523.686746988], [694163.391566265, 2575523.686746988], [694163.391566265, 2575533.686746988], [694193.391566265, 2575533.686746988], [694193.391566265, 2575543.686746988], [694223.391566265, 2575543.686746988], [694223.391566265, 2575553.686746988], [694263.391566265, 2575553.686746988], [694263.391566265, 2575563.686746988], [694293.391566265, 2575563.686746988], [694293.391566265, 2575573.686746988], [694313.391566265, 2575573.686746988], [694313.391566265, 2575563.686746988], [694343.391566265, 2575563.686746988], [694343.391566265, 2575573.686746988], [694353.391566265, 2575573.686746988], [694353.391566265, 2575583.686746988], [694363.391566265, 2575583.686746988], [694363.391566265, 2575593.686746988], [694373.391566265, 2575593.686746988], [694373.391566265, 2575603.686746988], [694383.391566265, 2575603.686746988], [694383.391566265, 2575613.686746988], [694423.391566265, 2575613.686746988], [694423.391566265, 2575623.686746988], [694443.391566265, 2575623.686746988], [694443.391566265, 2575633.686746988], [694453.391566265, 2575633.686746988], [694453.391566265, 2575653.686746988], [694463.391566265, 2575653.686746988], [694463.391566265, 2575663.686746988], [694483.391566265, 2575663.686746988], [694483.391566265, 2575673.686746988], [694503.391566265, 2575673.686746988], [694503.391566265, 2575693.686746988], [694423.391566265, 2575693.686746988], [694423.391566265, 2575683.686746988], [694403.391566265, 2575683.686746988], [694403.391566265, 2575693.686746988], [694413.391566265, 2575693.686746988], [694413.391566265, 2575703.686746988], [694423.391566265, 2575703.686746988], [694423.391566265, 2575753.686746988], [694413.391566265, 2575753.686746988], [694413.391566265, 2575773.686746988], [694423.391566265, 2575773.686746988], [694423.391566265, 2575783.686746988], [694433.391566265, 2575783.686746988], [694433.391566265, 2575793.686746988], [694443.391566265, 2575793.686746988], [694443.391566265, 2575803.686746988], [694473.391566265, 2575803.686746988], [694473.391566265, 2575813.686746988], [694503.391566265, 2575813.686746988], [694503.391566265, 2575823.686746988], [694523.391566265, 2575823.686746988], [694523.391566265, 2575843.686746988], [694543.391566265, 2575843.686746988], [694543.391566265, 2575853.686746988], [694573.391566265, 2575853.686746988], [694573.391566265, 2575863.686746988], [694583.391566265, 2575863.686746988], [694583.391566265, 2575873.686746988], [694613.391566265, 2575873.686746988], [694613.391566265, 2575883.686746988], [694633.391566265, 2575883.686746988], [694633.391566265, 2575893.686746988], [694653.391566265, 2575893.686746988], [694653.391566265, 2575903.686746988], [694673.391566265, 2575903.686746988], [694673.391566265, 2575913.686746988], [694683.391566265, 2575913.686746988], [694683.391566265, 2575923.686746988], [694703.391566265, 2575923.686746988], [694703.391566265, 2575933.686746988], [694713.391566265, 2575933.686746988], [694713.391566265, 2575943.686746988], [694723.391566265, 2575943.686746988], [694723.391566265, 2575963.686746988], [694703.391566265, 2575963.686746988], [694703.391566265, 2575953.686746988], [694693.391566265, 2575953.686746988], [694693.391566265, 2575943.686746988], [694673.391566265, 2575943.686746988], [694673.391566265, 2575933.686746988], [694653.391566265, 2575933.686746988], [694653.391566265, 2575923.686746988], [694643.391566265, 2575923.686746988], [694643.391566265, 2575913.686746988], [694633.391566265, 2575913.686746988], [694633.391566265, 2575903.686746988], [694603.391566265, 2575903.686746988], [694603.391566265, 2575893.686746988], [694593.391566265, 2575893.686746988], [694593.391566265, 2575883.686746988], [694553.391566265, 2575883.686746988], [694553.391566265, 2575873.686746988], [694533.391566265, 2575873.686746988], [694533.391566265, 2575893.686746988], [694543.391566265, 2575893.686746988], [694543.391566265, 2575933.686746988], [694533.391566265, 2575933.686746988], [694533.391566265, 2575923.686746988], [694523.391566265, 2575923.686746988], [694523.391566265, 2575873.686746988], [694513.391566265, 2575873.686746988], [694513.391566265, 2575853.686746988], [694503.391566265, 2575853.686746988], [694503.391566265, 2575843.686746988], [694483.391566265, 2575843.686746988], [694483.391566265, 2575833.686746988], [694463.391566265, 2575833.686746988], [694463.391566265, 2575823.686746988], [694433.391566265, 2575823.686746988], [694433.391566265, 2575813.686746988], [694413.391566265, 2575813.686746988], [694413.391566265, 2575803.686746988], [694403.391566265, 2575803.686746988], [694403.391566265, 2575813.686746988], [694393.391566265, 2575813.686746988], [694393.391566265, 2575823.686746988], [694383.391566265, 2575823.686746988], [694383.391566265, 2575813.686746988], [694343.391566265, 2575813.686746988], [694343.391566265, 2575823.686746988], [694333.391566265, 2575823.686746988], [694333.391566265, 2575813.686746988], [694323.391566265, 2575813.686746988], [694323.391566265, 2575793.686746988], [694333.391566265, 2575793.686746988], [694333.391566265, 2575783.686746988], [694293.391566265, 2575783.686746988], [694293.391566265, 2575773.686746988], [694283.391566265, 2575773.686746988], [694283.391566265, 2575783.686746988], [694263.391566265, 2575783.686746988], [694263.391566265, 2575773.686746988], [694243.391566265, 2575773.686746988], [694243.391566265, 2575763.686746988], [694233.391566265, 2575763.686746988], [694233.391566265, 2575753.686746988], [694203.391566265, 2575753.686746988], [694203.391566265, 2575763.686746988], [694193.391566265, 2575763.686746988], [694193.391566265, 2575783.686746988], [694163.391566265, 2575783.686746988], [694163.391566265, 2575773.686746988], [694153.391566265, 2575773.686746988], [694153.391566265, 2575793.686746988], [694133.391566265, 2575793.686746988], [694133.391566265, 2575783.686746988], [694123.391566265, 2575783.686746988], [694123.391566265, 2575773.686746988], [694113.391566265, 2575773.686746988], [694113.391566265, 2575783.686746988], [694103.391566265, 2575783.686746988], [694103.391566265, 2575793.686746988], [694093.391566265, 2575793.686746988], [694093.391566265, 2575783.686746988], [694083.391566265, 2575783.686746988], [694083.391566265, 2575753.686746988], [694053.391566265, 2575753.686746988], [694053.391566265, 2575763.686746988], [694033.391566265, 2575763.686746988], [694033.391566265, 2575753.686746988], [694023.391566265, 2575753.686746988], [694023.391566265, 2575743.686746988], [693993.391566265, 2575743.686746988], [693993.391566265, 2575753.686746988], [693983.391566265, 2575753.686746988], [693983.391566265, 2575763.686746988], [693973.391566265, 2575763.686746988], [693973.391566265, 2575783.686746988], [693963.391566265, 2575783.686746988], [693963.391566265, 2575793.686746988], [693943.391566265, 2575793.686746988], [693943.391566265, 2575783.686746988], [693933.391566265, 2575783.686746988], [693933.391566265, 2575733.686746988], [693913.391566265, 2575733.686746988], [693913.391566265, 2575743.686746988], [693903.391566265, 2575743.686746988], [693903.391566265, 2575753.686746988], [693893.391566265, 2575753.686746988], [693893.391566265, 2575783.686746988], [693843.391566265, 2575783.686746988], [693843.391566265, 2575773.686746988], [693833.391566265, 2575773.686746988], [693833.391566265, 2575763.686746988], [693823.391566265, 2575763.686746988], [693823.391566265, 2575783.686746988], [693813.391566265, 2575783.686746988], [693813.391566265, 2575813.686746988], [693823.391566265, 2575813.686746988], [693823.391566265, 2575833.686746988], [693833.391566265, 2575833.686746988], [693833.391566265, 2575863.686746988], [693843.391566265, 2575863.686746988], [693843.391566265, 2575883.686746988], [693853.391566265, 2575883.686746988], [693853.391566265, 2575913.686746988], [693863.391566265, 2575913.686746988], [693863.391566265, 2575953.686746988], [693873.391566265, 2575953.686746988], [693873.391566265, 2575973.686746988], [693863.391566265, 2575973.686746988], [693863.391566265, 2575963.686746988], [693853.391566265, 2575963.686746988], [693853.391566265, 2575953.686746988], [693843.391566265, 2575953.686746988], [693843.391566265, 2575933.686746988], [693823.391566265, 2575933.686746988], [693823.391566265, 2575943.686746988], [693813.391566265, 2575943.686746988], [693813.391566265, 2575953.686746988], [693803.391566265, 2575953.686746988], [693803.391566265, 2575963.686746988], [693783.391566265, 2575963.686746988], [693783.391566265, 2575973.686746988], [693773.391566265, 2575973.686746988], [693773.391566265, 2575983.686746988], [693763.391566265, 2575983.686746988], [693763.391566265, 2576013.686746988], [693753.391566265, 2576013.686746988], [693753.391566265, 2576023.686746988], [693763.391566265, 2576023.686746988], [693763.391566265, 2576033.686746988], [693753.391566265, 2576033.686746988], [693753.391566265, 2576053.686746988], [693763.391566265, 2576053.686746988], [693763.391566265, 2576093.686746988], [693753.391566265, 2576093.686746988], [693753.391566265, 2576103.686746988], [693743.391566265, 2576103.686746988], [693743.391566265, 2576123.686746988], [693723.391566265, 2576123.686746988], [693723.391566265, 2576103.686746988], [693733.391566265, 2576103.686746988], [693733.391566265, 2576083.686746988], [693743.391566265, 2576083.686746988], [693743.391566265, 2576063.686746988], [693723.391566265, 2576063.686746988], [693723.391566265, 2576043.686746988], [693733.391566265, 2576043.686746988], [693733.391566265, 2576033.686746988], [693743.391566265, 2576033.686746988], [693743.391566265, 2575973.686746988], [693753.391566265, 2575973.686746988], [693753.391566265, 2575953.686746988], [693763.391566265, 2575953.686746988], [693763.391566265, 2575943.686746988], [693783.391566265, 2575943.686746988], [693783.391566265, 2575933.686746988], [693793.391566265, 2575933.686746988], [693793.391566265, 2575923.686746988], [693803.391566265, 2575923.686746988], [693803.391566265, 2575893.686746988], [693813.391566265, 2575893.686746988], [693813.391566265, 2575853.686746988], [693803.391566265, 2575853.686746988], [693803.391566265, 2575833.686746988], [693793.391566265, 2575833.686746988], [693793.391566265, 2575793.686746988], [693773.391566265, 2575793.686746988], [693773.391566265, 2575743.686746988], [693783.391566265, 2575743.686746988], [693783.391566265, 2575623.686746988], [693773.391566265, 2575623.686746988], [693773.391566265, 2575613.686746988], [693763.391566265, 2575613.686746988], [693763.391566265, 2575593.686746988], [693773.391566265, 2575593.686746988], [693773.391566265, 2575563.686746988], [693763.391566265, 2575563.686746988], [693763.391566265, 2575533.686746988], [693773.391566265, 2575533.686746988], [693773.391566265, 2575523.686746988], [693783.391566265, 2575523.686746988], [693783.391566265, 2575473.686746988], [693773.391566265, 2575473.686746988], [693773.391566265, 2575463.686746988], [693763.391566265, 2575463.686746988], [693763.391566265, 2575473.686746988], [693743.391566265, 2575473.686746988], [693743.391566265, 2575483.686746988], [693703.391566265, 2575483.686746988], [693703.391566265, 2575473.686746988], [693683.391566265, 2575473.686746988], [693683.391566265, 2575463.686746988], [693663.391566265, 2575463.686746988], [693663.391566265, 2575453.686746988], [693653.391566265, 2575453.686746988], [693653.391566265, 2575443.686746988], [693633.391566265, 2575443.686746988], [693633.391566265, 2575433.686746988], [693623.391566265, 2575433.686746988], [693623.391566265, 2575423.686746988], [693613.391566265, 2575423.686746988], [693613.391566265, 2575413.686746988], [693603.391566265, 2575413.686746988], [693603.391566265, 2575403.686746988], [693583.391566265, 2575403.686746988], [693583.391566265, 2575443.686746988], [693573.391566265, 2575443.686746988], [693573.391566265, 2575453.686746988], [693563.391566265, 2575453.686746988], [693563.391566265, 2575433.686746988], [693553.391566265, 2575433.686746988], [693553.391566265, 2575413.686746988], [693523.391566265, 2575413.686746988], [693523.391566265, 2575423.686746988], [693513.391566265, 2575423.686746988], [693513.391566265, 2575413.686746988], [693493.391566265, 2575413.686746988], [693493.391566265, 2575423.686746988], [693483.391566265, 2575423.686746988], [693483.391566265, 2575433.686746988], [693463.391566265, 2575433.686746988], [693463.391566265, 2575443.686746988], [693473.391566265, 2575443.686746988], [693473.391566265, 2575463.686746988], [693463.391566265, 2575463.686746988], [693463.391566265, 2575503.686746988], [693473.391566265, 2575503.686746988], [693473.391566265, 2575513.686746988], [693483.391566265, 2575513.686746988], [693483.391566265, 2575533.686746988], [693493.391566265, 2575533.686746988], [693493.391566265, 2575543.686746988], [693503.391566265, 2575543.686746988], [693503.391566265, 2575573.686746988], [693483.391566265, 2575573.686746988], [693483.391566265, 2575543.686746988], [693473.391566265, 2575543.686746988], [693473.391566265, 2575533.686746988], [693463.391566265, 2575533.686746988], [693463.391566265, 2575513.686746988], [693453.391566265, 2575513.686746988], [693453.391566265, 2575493.686746988], [693433.391566265, 2575493.686746988], [693433.391566265, 2575473.686746988], [693423.391566265, 2575473.686746988], [693423.391566265, 2575453.686746988], [693413.391566265, 2575453.686746988], [693413.391566265, 2575443.686746988], [693403.391566265, 2575443.686746988], [693403.391566265, 2575433.686746988], [693393.391566265, 2575433.686746988], [693393.391566265, 2575473.686746988], [693373.391566265, 2575473.686746988], [693373.391566265, 2575463.686746988], [693333.391566265, 2575463.686746988], [693333.391566265, 2575453.686746988], [693323.391566265, 2575453.686746988], [693323.391566265, 2575463.686746988], [693313.391566265, 2575463.686746988], [693313.391566265, 2575473.686746988], [693293.391566265, 2575473.686746988], [693293.391566265, 2575463.686746988], [693283.391566265, 2575463.686746988], [693283.391566265, 2575453.686746988], [693273.391566265, 2575453.686746988], [693273.391566265, 2575443.686746988], [693263.391566265, 2575443.686746988], [693263.391566265, 2575453.686746988], [693233.391566265, 2575453.686746988], [693233.391566265, 2575463.686746988], [693213.391566265, 2575463.686746988], [693213.391566265, 2575473.686746988], [693203.391566265, 2575473.686746988], [693203.391566265, 2575463.686746988], [693193.391566265, 2575463.686746988], [693193.391566265, 2575453.686746988], [693203.391566265, 2575453.686746988], [693203.391566265, 2575443.686746988], [693213.391566265, 2575443.686746988], [693213.391566265, 2575433.686746988], [693223.391566265, 2575433.686746988], [693223.391566265, 2575403.686746988], [693163.391566265, 2575403.686746988], [693163.391566265, 2575413.686746988], [693153.391566265, 2575413.686746988], [693153.391566265, 2575423.686746988], [693133.391566265, 2575423.686746988], [693133.391566265, 2575383.686746988], [693083.391566265, 2575383.686746988], [693083.391566265, 2575373.686746988], [693073.391566265, 2575373.686746988], [693073.391566265, 2575383.686746988], [693053.391566265, 2575383.686746988], [693053.391566265, 2575363.686746988], [693043.391566265, 2575363.686746988], [693043.391566265, 2575353.686746988], [693023.391566265, 2575353.686746988], [693023.391566265, 2575343.686746988], [693013.391566265, 2575343.686746988], [693013.391566265, 2575353.686746988], [693003.391566265, 2575353.686746988], [693003.391566265, 2575343.686746988], [692983.391566265, 2575343.686746988], [692983.391566265, 2575323.686746988], [692993.391566265, 2575323.686746988], [692993.391566265, 2575313.686746988], [692983.391566265, 2575313.686746988], [692983.391566265, 2575303.686746988], [692973.391566265, 2575303.686746988], [692973.391566265, 2575283.686746988], [692943.391566265, 2575283.686746988], [692943.391566265, 2575273.686746988], [692933.391566265, 2575273.686746988], [692933.391566265, 2575253.686746988], [692903.391566265, 2575253.686746988], [692903.391566265, 2575203.686746988], [692893.391566265, 2575203.686746988], [692893.391566265, 2575193.686746988], [692883.391566265, 2575193.686746988], [692883.391566265, 2575183.686746988], [692873.391566265, 2575183.686746988], [692873.391566265, 2575173.686746988], [692863.391566265, 2575173.686746988], [692863.391566265, 2575153.686746988], [692853.391566265, 2575153.686746988], [692853.391566265, 2575133.686746988], [692843.391566265, 2575133.686746988], [692843.391566265, 2575103.686746988], [692863.391566265, 2575103.686746988], [692863.391566265, 2575093.686746988], [692853.391566265, 2575093.686746988], [692853.391566265, 2575083.686746988], [692863.391566265, 2575083.686746988], [692863.391566265, 2575073.686746988], [692873.391566265, 2575073.686746988], [692873.391566265, 2575063.686746988], [692883.391566265, 2575063.686746988], [692883.391566265, 2575033.686746988], [692843.391566265, 2575033.686746988], [692843.391566265, 2575003.686746988], [692853.391566265, 2575003.686746988], [692853.391566265, 2574993.686746988], [692863.391566265, 2574993.686746988], [692863.391566265, 2574983.686746988], [692833.391566265, 2574983.686746988], [692833.391566265, 2574993.686746988], [692803.391566265, 2574993.686746988], [692803.391566265, 2575003.686746988], [692783.391566265, 2575003.686746988], [692783.391566265, 2575013.686746988], [692743.391566265, 2575013.686746988], [692743.391566265, 2575023.686746988], [692733.391566265, 2575023.686746988], [692733.391566265, 2575033.686746988], [692723.391566265, 2575033.686746988], [692723.391566265, 2575043.686746988], [692713.391566265, 2575043.686746988], [692713.391566265, 2575063.686746988], [692703.391566265, 2575063.686746988], [692703.391566265, 2575073.686746988], [692683.391566265, 2575073.686746988], [692683.391566265, 2575083.686746988], [692653.391566265, 2575083.686746988], [692653.391566265, 2575093.686746988], [692643.391566265, 2575093.686746988], [692643.391566265, 2575083.686746988], [692633.391566265, 2575083.686746988], [692633.391566265, 2575093.686746988], [692623.391566265, 2575093.686746988], [692623.391566265, 2575103.686746988], [692613.391566265, 2575103.686746988], [692613.391566265, 2575113.686746988], [692603.391566265, 2575113.686746988], [692603.391566265, 2575173.686746988], [692613.391566265, 2575173.686746988], [692613.391566265, 2575183.686746988], [692593.391566265, 2575183.686746988], [692593.391566265, 2575173.686746988], [692553.391566265, 2575173.686746988], [692553.391566265, 2575163.686746988], [692523.391566265, 2575163.686746988], [692523.391566265, 2575153.686746988], [692503.391566265, 2575153.686746988], [692503.391566265, 2575163.686746988], [692483.391566265, 2575163.686746988], [692483.391566265, 2575153.686746988], [692473.391566265, 2575153.686746988], [692473.391566265, 2575133.686746988], [692453.391566265, 2575133.686746988], [692453.391566265, 2575113.686746988], [692473.391566265, 2575113.686746988], [692473.391566265, 2575103.686746988], [692463.391566265, 2575103.686746988], [692463.391566265, 2575093.686746988], [692453.391566265, 2575093.686746988], [692453.391566265, 2575083.686746988], [692443.391566265, 2575083.686746988], [692443.391566265, 2575063.686746988], [692433.391566265, 2575063.686746988], [692433.391566265, 2575053.686746988], [692403.391566265, 2575053.686746988], [692403.391566265, 2575043.686746988], [692393.391566265, 2575043.686746988], [692393.391566265, 2575023.686746988], [692413.391566265, 2575023.686746988], [692413.391566265, 2575033.686746988], [692433.391566265, 2575033.686746988], [692433.391566265, 2575043.686746988], [692463.391566265, 2575043.686746988], [692463.391566265, 2575053.686746988], [692473.391566265, 2575053.686746988], [692473.391566265, 2575043.686746988], [692483.391566265, 2575043.686746988], [692483.391566265, 2575033.686746988], [692493.391566265, 2575033.686746988], [692493.391566265, 2575003.686746988], [692483.391566265, 2575003.686746988], [692483.391566265, 2574933.686746988], [692503.391566265, 2574933.686746988], [692503.391566265, 2574943.686746988], [692513.391566265, 2574943.686746988], [692513.391566265, 2574953.686746988], [692543.391566265, 2574953.686746988], [692543.391566265, 2574943.686746988], [692563.391566265, 2574943.686746988], [692563.391566265, 2574933.686746988], [692593.391566265, 2574933.686746988], [692593.391566265, 2574923.686746988], [692613.391566265, 2574923.686746988], [692613.391566265, 2574913.686746988], [692633.391566265, 2574913.686746988], [692633.391566265, 2574903.686746988], [692663.391566265, 2574903.686746988], [692663.391566265, 2574893.686746988], [692673.391566265, 2574893.686746988], [692673.391566265, 2574883.686746988], [692683.391566265, 2574883.686746988], [692683.391566265, 2574853.686746988], [692673.391566265, 2574853.686746988], [692673.391566265, 2574823.686746988], [692663.391566265, 2574823.686746988], [692663.391566265, 2574793.686746988], [692653.391566265, 2574793.686746988], [692653.391566265, 2574773.686746988], [692643.391566265, 2574773.686746988], [692643.391566265, 2574753.686746988], [692633.391566265, 2574753.686746988], [692633.391566265, 2574743.686746988], [692623.391566265, 2574743.686746988], [692623.391566265, 2574733.686746988], [692593.391566265, 2574733.686746988], [692593.391566265, 2574723.686746988], [692583.391566265, 2574723.686746988], [692583.391566265, 2574713.686746988], [692603.391566265, 2574713.686746988], [692603.391566265, 2574703.686746988], [692613.391566265, 2574703.686746988], [692613.391566265, 2574683.686746988], [692623.391566265, 2574683.686746988], [692623.391566265, 2574663.686746988], [692603.391566265, 2574663.686746988], [692603.391566265, 2574653.686746988], [692593.391566265, 2574653.686746988], [692593.391566265, 2574643.686746988], [692583.391566265, 2574643.686746988], [692583.391566265, 2574613.686746988], [692593.391566265, 2574613.686746988], [692593.391566265, 2574603.686746988], [692613.391566265, 2574603.686746988], [692613.391566265, 2574613.686746988], [692623.391566265, 2574613.686746988], [692623.391566265, 2574603.686746988], [692633.391566265, 2574603.686746988], [692633.391566265, 2574593.686746988], [692643.391566265, 2574593.686746988], [692643.391566265, 2574583.686746988], [692663.391566265, 2574583.686746988], [692663.391566265, 2574573.686746988], [692673.391566265, 2574573.686746988], [692673.391566265, 2574563.686746988], [692693.391566265, 2574563.686746988], [692693.391566265, 2574553.686746988], [692683.391566265, 2574553.686746988], [692683.391566265, 2574533.686746988], [692673.391566265, 2574533.686746988], [692673.391566265, 2574523.686746988], [692653.391566265, 2574523.686746988], [692653.391566265, 2574513.686746988], [692643.391566265, 2574513.686746988], [692643.391566265, 2574503.686746988], [692633.391566265, 2574503.686746988], [692633.391566265, 2574493.686746988], [692623.391566265, 2574493.686746988], [692623.391566265, 2574503.686746988], [692613.391566265, 2574503.686746988], [692613.391566265, 2574513.686746988], [692603.391566265, 2574513.686746988], [692603.391566265, 2574533.686746988], [692593.391566265, 2574533.686746988], [692593.391566265, 2574553.686746988], [692583.391566265, 2574553.686746988], [692583.391566265, 2574573.686746988], [692573.391566265, 2574573.686746988], [692573.391566265, 2574583.686746988], [692563.391566265, 2574583.686746988], [692563.391566265, 2574663.686746988], [692553.391566265, 2574663.686746988], [692553.391566265, 2574673.686746988], [692543.391566265, 2574673.686746988], [692543.391566265, 2574683.686746988], [692523.391566265, 2574683.686746988], [692523.391566265, 2574673.686746988], [692513.391566265, 2574673.686746988], [692513.391566265, 2574663.686746988], [692503.391566265, 2574663.686746988], [692503.391566265, 2574643.686746988], [692533.391566265, 2574643.686746988], [692533.391566265, 2574633.686746988], [692543.391566265, 2574633.686746988], [692543.391566265, 2574583.686746988], [692553.391566265, 2574583.686746988], [692553.391566265, 2574573.686746988], [692563.391566265, 2574573.686746988], [692563.391566265, 2574553.686746988], [692573.391566265, 2574553.686746988], [692573.391566265, 2574533.686746988], [692583.391566265, 2574533.686746988], [692583.391566265, 2574513.686746988], [692593.391566265, 2574513.686746988], [692593.391566265, 2574483.686746988], [692583.391566265, 2574483.686746988], [692583.391566265, 2574463.686746988], [692573.391566265, 2574463.686746988], [692573.391566265, 2574443.686746988], [692563.391566265, 2574443.686746988], [692563.391566265, 2574413.686746988], [692583.391566265, 2574413.686746988], [692583.391566265, 2574403.686746988], [692613.391566265, 2574403.686746988], [692613.391566265, 2574413.686746988], [692633.391566265, 2574413.686746988], [692633.391566265, 2574403.686746988], [692643.391566265, 2574403.686746988], [692643.391566265, 2574353.686746988], [692623.391566265, 2574353.686746988], [692623.391566265, 2574343.686746988], [692613.391566265, 2574343.686746988], [692613.391566265, 2574333.686746988], [692603.391566265, 2574333.686746988], [692603.391566265, 2574323.686746988], [692593.391566265, 2574323.686746988], [692593.391566265, 2574313.686746988], [692583.391566265, 2574313.686746988], [692583.391566265, 2574293.686746988], [692593.391566265, 2574293.686746988], [692593.391566265, 2574283.686746988], [692603.391566265, 2574283.686746988], [692603.391566265, 2574273.686746988], [692613.391566265, 2574273.686746988], [692613.391566265, 2574263.686746988], [692623.391566265, 2574263.686746988], [692623.391566265, 2574253.686746988], [692633.391566265, 2574253.686746988], [692633.391566265, 2574243.686746988], [692643.391566265, 2574243.686746988], [692643.391566265, 2574233.686746988], [692663.391566265, 2574233.686746988], [692663.391566265, 2574223.686746988], [692683.391566265, 2574223.686746988], [692683.391566265, 2574203.686746988], [692693.391566265, 2574203.686746988], [692693.391566265, 2574173.686746988], [692653.391566265, 2574173.686746988], [692653.391566265, 2574183.686746988], [692593.391566265, 2574183.686746988], [692593.391566265, 2574193.686746988], [692583.391566265, 2574193.686746988], [692583.391566265, 2574243.686746988], [692563.391566265, 2574243.686746988], [692563.391566265, 2574233.686746988], [692493.391566265, 2574233.686746988], [692493.391566265, 2574223.686746988], [692483.391566265, 2574223.686746988], [692483.391566265, 2574213.686746988], [692473.391566265, 2574213.686746988], [692473.391566265, 2574203.686746988], [692463.391566265, 2574203.686746988], [692463.391566265, 2574193.686746988], [692453.391566265, 2574193.686746988], [692453.391566265, 2574183.686746988], [692433.391566265, 2574183.686746988], [692433.391566265, 2574173.686746988], [692383.391566265, 2574173.686746988], [692383.391566265, 2574163.686746988], [692373.391566265, 2574163.686746988], [692373.391566265, 2574153.686746988], [692363.391566265, 2574153.686746988], [692363.391566265, 2574133.686746988], [692353.391566265, 2574133.686746988], [692353.391566265, 2574123.686746988], [692343.391566265, 2574123.686746988], [692343.391566265, 2574113.686746988], [692323.391566265, 2574113.686746988], [692323.391566265, 2574093.686746988], [692363.391566265, 2574093.686746988], [692363.391566265, 2574053.686746988], [692353.391566265, 2574053.686746988], [692353.391566265, 2574033.686746988], [692343.391566265, 2574033.686746988], [692343.391566265, 2574023.686746988], [692333.391566265, 2574023.686746988], [692333.391566265, 2574003.686746988], [692323.391566265, 2574003.686746988], [692323.391566265, 2573993.686746988], [692303.391566265, 2573993.686746988], [692303.391566265, 2573983.686746988], [692283.391566265, 2573983.686746988], [692283.391566265, 2573993.686746988], [692263.391566265, 2573993.686746988], [692263.391566265, 2574003.686746988], [692233.391566265, 2574003.686746988], [692233.391566265, 2574013.686746988], [692223.391566265, 2574013.686746988], [692223.391566265, 2574023.686746988], [692203.391566265, 2574023.686746988], [692203.391566265, 2574033.686746988], [692183.391566265, 2574033.686746988], [692183.391566265, 2574023.686746988], [692173.391566265, 2574023.686746988], [692173.391566265, 2574043.686746988], [692163.391566265, 2574043.686746988], [692163.391566265, 2574023.686746988], [692153.391566265, 2574023.686746988], [692153.391566265, 2574013.686746988], [692193.391566265, 2574013.686746988], [692193.391566265, 2574003.686746988], [692203.391566265, 2574003.686746988], [692203.391566265, 2573993.686746988], [692213.391566265, 2573993.686746988], [692213.391566265, 2573983.686746988], [692223.391566265, 2573983.686746988], [692223.391566265, 2573953.686746988], [692233.391566265, 2573953.686746988], [692233.391566265, 2573933.686746988], [692243.391566265, 2573933.686746988], [692243.391566265, 2573923.686746988], [692233.391566265, 2573923.686746988], [692233.391566265, 2573913.686746988], [692223.391566265, 2573913.686746988], [692223.391566265, 2573903.686746988], [692203.391566265, 2573903.686746988], [692203.391566265, 2573893.686746988], [692193.391566265, 2573893.686746988], [692193.391566265, 2573883.686746988], [692183.391566265, 2573883.686746988], [692183.391566265, 2573873.686746988], [692163.391566265, 2573873.686746988], [692163.391566265, 2573863.686746988], [692153.391566265, 2573863.686746988], [692153.391566265, 2573853.686746988], [692133.391566265, 2573853.686746988], [692133.391566265, 2573843.686746988], [692113.391566265, 2573843.686746988], [692113.391566265, 2573833.686746988], [692093.391566265, 2573833.686746988], [692093.391566265, 2573823.686746988], [692083.391566265, 2573823.686746988], [692083.391566265, 2573813.686746988], [692043.391566265, 2573813.686746988], [692043.391566265, 2573823.686746988], [692023.391566265, 2573823.686746988], [692023.391566265, 2573813.686746988], [691933.391566265, 2573813.686746988], [691933.391566265, 2573803.686746988], [691863.391566265, 2573803.686746988], [691863.391566265, 2573783.686746988], [691883.391566265, 2573783.686746988], [691883.391566265, 2573773.686746988], [691913.391566265, 2573773.686746988], [691913.391566265, 2573783.686746988], [691963.391566265, 2573783.686746988], [691963.391566265, 2573793.686746988], [691983.391566265, 2573793.686746988], [691983.391566265, 2573783.686746988], [692003.391566265, 2573783.686746988], [692003.391566265, 2573733.686746988], [691993.391566265, 2573733.686746988], [691993.391566265, 2573703.686746988], [692003.391566265, 2573703.686746988], [692003.391566265, 2573693.686746988], [692023.391566265, 2573693.686746988], [692023.391566265, 2573703.686746988], [692033.391566265, 2573703.686746988], [692033.391566265, 2573713.686746988], [692043.391566265, 2573713.686746988], [692043.391566265, 2573723.686746988], [692053.391566265, 2573723.686746988], [692053.391566265, 2573713.686746988], [692063.391566265, 2573713.686746988], [692063.391566265, 2573683.686746988], [692053.391566265, 2573683.686746988], [692053.391566265, 2573663.686746988], [692063.391566265, 2573663.686746988], [692063.391566265, 2573653.686746988], [692073.391566265, 2573653.686746988], [692073.391566265, 2573613.686746988], [692083.391566265, 2573613.686746988], [692083.391566265, 2573573.686746988], [692073.391566265, 2573573.686746988], [692073.391566265, 2573543.686746988], [692063.391566265, 2573543.686746988], [692063.391566265, 2573513.686746988], [692043.391566265, 2573513.686746988], [692043.391566265, 2573503.686746988], [692033.391566265, 2573503.686746988], [692033.391566265, 2573493.686746988], [692013.391566265, 2573493.686746988], [692013.391566265, 2573503.686746988], [692003.391566265, 2573503.686746988], [692003.391566265, 2573473.686746988], [691993.391566265, 2573473.686746988], [691993.391566265, 2573463.686746988], [691983.391566265, 2573463.686746988], [691983.391566265, 2573453.686746988], [691973.391566265, 2573453.686746988], [691973.391566265, 2573433.686746988], [691963.391566265, 2573433.686746988], [691963.391566265, 2573423.686746988], [691953.391566265, 2573423.686746988], [691953.391566265, 2573403.686746988], [691943.391566265, 2573403.686746988], [691943.391566265, 2573393.686746988], [691993.391566265, 2573393.686746988], [691993.391566265, 2573403.686746988], [692013.391566265, 2573403.686746988], [692013.391566265, 2573413.686746988], [692033.391566265, 2573413.686746988], [692033.391566265, 2573423.686746988], [692043.391566265, 2573423.686746988], [692043.391566265, 2573413.686746988], [692053.391566265, 2573413.686746988], [692053.391566265, 2573423.686746988], [692093.391566265, 2573423.686746988], [692093.391566265, 2573433.686746988], [692103.391566265, 2573433.686746988], [692103.391566265, 2573423.686746988], [692113.391566265, 2573423.686746988], [692113.391566265, 2573413.686746988], [692123.391566265, 2573413.686746988], [692123.391566265, 2573403.686746988], [692113.391566265, 2573403.686746988], [692113.391566265, 2573383.686746988], [692103.391566265, 2573383.686746988], [692103.391566265, 2573373.686746988], [692093.391566265, 2573373.686746988], [692093.391566265, 2573343.686746988], [692083.391566265, 2573343.686746988], [692083.391566265, 2573333.686746988], [692073.391566265, 2573333.686746988], [692073.391566265, 2573323.686746988], [692063.391566265, 2573323.686746988], [692063.391566265, 2573313.686746988], [692053.391566265, 2573313.686746988], [692053.391566265, 2573303.686746988], [692043.391566265, 2573303.686746988], [692043.391566265, 2573293.686746988], [692013.391566265, 2573293.686746988], [692013.391566265, 2573283.686746988], [691973.391566265, 2573283.686746988], [691973.391566265, 2573273.686746988], [691953.391566265, 2573273.686746988], [691953.391566265, 2573263.686746988], [691923.391566265, 2573263.686746988], [691923.391566265, 2573253.686746988], [691893.391566265, 2573253.686746988], [691893.391566265, 2573243.686746988], [691873.391566265, 2573243.686746988], [691873.391566265, 2573233.686746988], [691853.391566265, 2573233.686746988], [691853.391566265, 2573213.686746988], [691823.391566265, 2573213.686746988], [691823.391566265, 2573223.686746988], [691793.391566265, 2573223.686746988], [691793.391566265, 2573213.686746988], [691763.391566265, 2573213.686746988], [691763.391566265, 2573203.686746988], [691753.391566265, 2573203.686746988], [691753.391566265, 2573193.686746988], [691743.391566265, 2573193.686746988], [691743.391566265, 2573163.686746988], [691723.391566265, 2573163.686746988], [691723.391566265, 2573153.686746988], [691683.391566265, 2573153.686746988], [691683.391566265, 2573143.686746988], [691653.391566265, 2573143.686746988], [691653.391566265, 2573133.686746988], [691633.391566265, 2573133.686746988], [691633.391566265, 2573123.686746988], [691593.391566265, 2573123.686746988], [691593.391566265, 2573143.686746988], [691573.391566265, 2573143.686746988], [691573.391566265, 2573133.686746988], [691553.391566265, 2573133.686746988], [691553.391566265, 2573163.686746988], [691543.391566265, 2573163.686746988], [691543.391566265, 2573173.686746988], [691513.391566265, 2573173.686746988], [691513.391566265, 2573183.686746988], [691483.391566265, 2573183.686746988], [691483.391566265, 2573193.686746988], [691473.391566265, 2573193.686746988], [691473.391566265, 2573203.686746988], [691463.391566265, 2573203.686746988], [691463.391566265, 2573213.686746988], [691443.391566265, 2573213.686746988], [691443.391566265, 2573223.686746988], [691433.391566265, 2573223.686746988], [691433.391566265, 2573233.686746988], [691423.391566265, 2573233.686746988], [691423.391566265, 2573243.686746988], [691403.391566265, 2573243.686746988], [691403.391566265, 2573253.686746988], [691393.391566265, 2573253.686746988], [691393.391566265, 2573263.686746988], [691383.391566265, 2573263.686746988], [691383.391566265, 2573273.686746988], [691373.391566265, 2573273.686746988], [691373.391566265, 2573283.686746988], [691353.391566265, 2573283.686746988], [691353.391566265, 2573293.686746988], [691343.391566265, 2573293.686746988], [691343.391566265, 2573303.686746988], [691313.391566265, 2573303.686746988], [691313.391566265, 2573323.686746988], [691303.391566265, 2573323.686746988], [691303.391566265, 2573333.686746988], [691293.391566265, 2573333.686746988], [691293.391566265, 2573343.686746988], [691283.391566265, 2573343.686746988], [691283.391566265, 2573363.686746988], [691263.391566265, 2573363.686746988], [691263.391566265, 2573373.686746988], [691253.391566265, 2573373.686746988], [691253.391566265, 2573383.686746988], [691233.391566265, 2573383.686746988], [691233.391566265, 2573393.686746988], [691223.391566265, 2573393.686746988], [691223.391566265, 2573403.686746988], [691193.391566265, 2573403.686746988], [691193.391566265, 2573413.686746988], [691173.391566265, 2573413.686746988], [691173.391566265, 2573433.686746988], [691163.391566265, 2573433.686746988], [691163.391566265, 2573443.686746988], [691133.391566265, 2573443.686746988], [691133.391566265, 2573453.686746988], [691103.391566265, 2573453.686746988], [691103.391566265, 2573463.686746988], [691083.391566265, 2573463.686746988], [691083.391566265, 2573473.686746988], [691063.391566265, 2573473.686746988], [691063.391566265, 2573483.686746988], [691043.391566265, 2573483.686746988], [691043.391566265, 2573493.686746988], [690983.391566265, 2573493.686746988], [690983.391566265, 2573483.686746988], [690913.391566265, 2573483.686746988], [690913.391566265, 2573493.686746988], [690883.391566265, 2573493.686746988], [690883.391566265, 2573503.686746988], [690853.391566265, 2573503.686746988], [690853.391566265, 2573513.686746988], [690813.391566265, 2573513.686746988], [690813.391566265, 2573523.686746988], [690763.391566265, 2573523.686746988], [690763.391566265, 2573533.686746988], [690753.391566265, 2573533.686746988], [690753.391566265, 2573543.686746988], [690743.391566265, 2573543.686746988], [690743.391566265, 2573553.686746988], [690713.391566265, 2573553.686746988], [690713.391566265, 2573563.686746988], [690703.391566265, 2573563.686746988], [690703.391566265, 2573573.686746988], [690693.391566265, 2573573.686746988], [690693.391566265, 2573583.686746988], [690683.391566265, 2573583.686746988], [690683.391566265, 2573593.686746988], [690663.391566265, 2573593.686746988], [690663.391566265, 2573573.686746988], [690643.391566265, 2573573.686746988], [690643.391566265, 2573563.686746988], [690633.391566265, 2573563.686746988], [690633.391566265, 2573533.686746988], [690623.391566265, 2573533.686746988], [690623.391566265, 2573523.686746988], [690593.391566265, 2573523.686746988], [690593.391566265, 2573533.686746988], [690583.391566265, 2573533.686746988], [690583.391566265, 2573543.686746988], [690553.391566265, 2573543.686746988], [690553.391566265, 2573553.686746988], [690493.391566265, 2573553.686746988], [690493.391566265, 2573563.686746988], [690473.391566265, 2573563.686746988], [690473.391566265, 2573553.686746988], [690463.391566265, 2573553.686746988], [690463.391566265, 2573563.686746988], [690443.391566265, 2573563.686746988], [690443.391566265, 2573573.686746988], [690413.391566265, 2573573.686746988], [690413.391566265, 2573543.686746988], [690403.391566265, 2573543.686746988], [690403.391566265, 2573533.686746988], [690393.391566265, 2573533.686746988], [690393.391566265, 2573523.686746988], [690383.391566265, 2573523.686746988], [690383.391566265, 2573533.686746988], [690373.391566265, 2573533.686746988], [690373.391566265, 2573553.686746988], [690363.391566265, 2573553.686746988], [690363.391566265, 2573573.686746988], [690353.391566265, 2573573.686746988], [690353.391566265, 2573593.686746988], [690343.391566265, 2573593.686746988], [690343.391566265, 2573623.686746988], [690333.391566265, 2573623.686746988], [690333.391566265, 2573633.686746988], [690323.391566265, 2573633.686746988], [690323.391566265, 2573643.686746988], [690313.391566265, 2573643.686746988], [690313.391566265, 2573653.686746988], [690303.391566265, 2573653.686746988], [690303.391566265, 2573673.686746988], [690283.391566265, 2573673.686746988], [690283.391566265, 2573683.686746988], [690273.391566265, 2573683.686746988], [690273.391566265, 2573703.686746988], [690263.391566265, 2573703.686746988], [690263.391566265, 2573723.686746988], [690253.391566265, 2573723.686746988], [690253.391566265, 2573753.686746988], [690243.391566265, 2573753.686746988], [690243.391566265, 2573773.686746988], [690233.391566265, 2573773.686746988], [690233.391566265, 2573783.686746988], [690223.391566265, 2573783.686746988], [690223.391566265, 2573793.686746988], [690213.391566265, 2573793.686746988], [690213.391566265, 2573803.686746988], [690203.391566265, 2573803.686746988], [690203.391566265, 2573833.686746988], [690183.391566265, 2573833.686746988], [690183.391566265, 2573843.686746988], [690153.391566265, 2573843.686746988], [690153.391566265, 2573833.686746988], [690143.391566265, 2573833.686746988], [690143.391566265, 2573843.686746988], [690133.391566265, 2573843.686746988], [690133.391566265, 2573853.686746988], [690123.391566265, 2573853.686746988], [690123.391566265, 2573863.686746988], [690113.391566265, 2573863.686746988], [690113.391566265, 2573873.686746988], [690103.391566265, 2573873.686746988], [690103.391566265, 2573883.686746988], [690083.391566265, 2573883.686746988], [690083.391566265, 2573893.686746988], [690073.391566265, 2573893.686746988], [690073.391566265, 2573903.686746988], [690063.391566265, 2573903.686746988], [690063.391566265, 2573923.686746988], [690053.391566265, 2573923.686746988], [690053.391566265, 2573933.686746988], [690043.391566265, 2573933.686746988], [690043.391566265, 2573943.686746988], [690033.391566265, 2573943.686746988], [690033.391566265, 2573953.686746988], [690023.391566265, 2573953.686746988], [690023.391566265, 2573973.686746988], [690013.391566265, 2573973.686746988], [690013.391566265, 2573983.686746988], [690003.391566265, 2573983.686746988], [690003.391566265, 2573993.686746988], [689993.391566265, 2573993.686746988], [689993.391566265, 2574003.686746988], [689983.391566265, 2574003.686746988], [689983.391566265, 2574013.686746988], [689943.391566265, 2574013.686746988], [689943.391566265, 2574003.686746988], [689933.391566265, 2574003.686746988], [689933.391566265, 2573973.686746988], [689943.391566265, 2573973.686746988], [689943.391566265, 2573943.686746988], [689933.391566265, 2573943.686746988], [689933.391566265, 2573903.686746988], [689943.391566265, 2573903.686746988], [689943.391566265, 2573893.686746988], [689953.391566265, 2573893.686746988], [689953.391566265, 2573883.686746988], [689963.391566265, 2573883.686746988], [689963.391566265, 2573863.686746988], [689973.391566265, 2573863.686746988], [689973.391566265, 2573843.686746988], [689983.391566265, 2573843.686746988], [689983.391566265, 2573833.686746988], [689993.391566265, 2573833.686746988], [689993.391566265, 2573823.686746988], [690003.391566265, 2573823.686746988], [690003.391566265, 2573803.686746988], [690013.391566265, 2573803.686746988], [690013.391566265, 2573783.686746988], [690033.391566265, 2573783.686746988], [690033.391566265, 2573763.686746988], [690023.391566265, 2573763.686746988], [690023.391566265, 2573683.686746988], [690013.391566265, 2573683.686746988], [690013.391566265, 2573613.686746988], [690003.391566265, 2573613.686746988], [690003.391566265, 2573603.686746988], [689993.391566265, 2573603.686746988], [689993.391566265, 2573613.686746988], [689983.391566265, 2573613.686746988], [689983.391566265, 2573653.686746988], [689963.391566265, 2573653.686746988], [689963.391566265, 2573663.686746988], [689923.391566265, 2573663.686746988], [689923.391566265, 2573643.686746988], [689933.391566265, 2573643.686746988], [689933.391566265, 2573613.686746988], [689923.391566265, 2573613.686746988], [689923.391566265, 2573603.686746988], [689903.391566265, 2573603.686746988], [689903.391566265, 2573593.686746988], [689863.391566265, 2573593.686746988], [689863.391566265, 2573573.686746988], [689873.391566265, 2573573.686746988], [689873.391566265, 2573563.686746988], [689893.391566265, 2573563.686746988], [689893.391566265, 2573463.686746988], [689883.391566265, 2573463.686746988], [689883.391566265, 2573453.686746988], [689873.391566265, 2573453.686746988], [689873.391566265, 2573443.686746988], [689863.391566265, 2573443.686746988], [689863.391566265, 2573433.686746988], [689853.391566265, 2573433.686746988], [689853.391566265, 2573423.686746988], [689843.391566265, 2573423.686746988], [689843.391566265, 2573403.686746988], [689833.391566265, 2573403.686746988], [689833.391566265, 2573393.686746988], [689813.391566265, 2573393.686746988], [689813.391566265, 2573383.686746988], [689803.391566265, 2573383.686746988], [689803.391566265, 2573363.686746988], [689793.391566265, 2573363.686746988], [689793.391566265, 2573343.686746988], [689783.391566265, 2573343.686746988], [689783.391566265, 2573333.686746988], [689773.391566265, 2573333.686746988], [689773.391566265, 2573323.686746988], [689763.391566265, 2573323.686746988], [689763.391566265, 2573303.686746988], [689743.391566265, 2573303.686746988], [689743.391566265, 2573293.686746988], [689733.391566265, 2573293.686746988], [689733.391566265, 2573283.686746988], [689723.391566265, 2573283.686746988], [689723.391566265, 2573273.686746988], [689713.391566265, 2573273.686746988], [689713.391566265, 2573223.686746988], [689703.391566265, 2573223.686746988], [689703.391566265, 2573193.686746988], [689713.391566265, 2573193.686746988], [689713.391566265, 2573163.686746988], [689723.391566265, 2573163.686746988], [689723.391566265, 2573153.686746988], [689733.391566265, 2573153.686746988], [689733.391566265, 2573143.686746988], [689743.391566265, 2573143.686746988], [689743.391566265, 2573123.686746988], [689753.391566265, 2573123.686746988], [689753.391566265, 2573113.686746988], [689763.391566265, 2573113.686746988], [689763.391566265, 2573103.686746988], [689793.391566265, 2573103.686746988], [689793.391566265, 2573093.686746988], [689833.391566265, 2573093.686746988], [689833.391566265, 2573083.686746988], [689843.391566265, 2573083.686746988], [689843.391566265, 2573073.686746988], [689853.391566265, 2573073.686746988], [689853.391566265, 2573063.686746988], [689873.391566265, 2573063.686746988], [689873.391566265, 2573053.686746988], [689883.391566265, 2573053.686746988], [689883.391566265, 2573043.686746988], [689893.391566265, 2573043.686746988], [689893.391566265, 2573033.686746988], [689903.391566265, 2573033.686746988], [689903.391566265, 2573013.686746988], [689893.391566265, 2573013.686746988], [689893.391566265, 2573003.686746988], [689873.391566265, 2573003.686746988], [689873.391566265, 2573013.686746988], [689863.391566265, 2573013.686746988], [689863.391566265, 2573023.686746988], [689833.391566265, 2573023.686746988], [689833.391566265, 2573033.686746988], [689823.391566265, 2573033.686746988], [689823.391566265, 2573043.686746988], [689803.391566265, 2573043.686746988], [689803.391566265, 2573053.686746988], [689763.391566265, 2573053.686746988], [689763.391566265, 2573063.686746988], [689733.391566265, 2573063.686746988], [689733.391566265, 2573073.686746988], [689683.391566265, 2573073.686746988], [689683.391566265, 2573083.686746988], [689653.391566265, 2573083.686746988], [689653.391566265, 2573093.686746988], [689633.391566265, 2573093.686746988], [689633.391566265, 2573103.686746988], [689623.391566265, 2573103.686746988], [689623.391566265, 2573113.686746988], [689603.391566265, 2573113.686746988], [689603.391566265, 2573123.686746988], [689583.391566265, 2573123.686746988], [689583.391566265, 2573133.686746988], [689543.391566265, 2573133.686746988], [689543.391566265, 2573113.686746988], [689483.391566265, 2573113.686746988], [689483.391566265, 2573123.686746988], [689463.391566265, 2573123.686746988], [689463.391566265, 2573133.686746988], [689403.391566265, 2573133.686746988], [689403.391566265, 2573123.686746988], [689393.391566265, 2573123.686746988], [689393.391566265, 2573103.686746988], [689363.391566265, 2573103.686746988], [689363.391566265, 2573093.686746988], [689353.391566265, 2573093.686746988], [689353.391566265, 2573083.686746988], [689303.391566265, 2573083.686746988], [689303.391566265, 2573073.686746988], [689153.391566265, 2573073.686746988], [689153.391566265, 2573083.686746988], [689123.391566265, 2573083.686746988], [689123.391566265, 2573073.686746988], [689113.391566265, 2573073.686746988], [689113.391566265, 2573063.686746988], [689103.391566265, 2573063.686746988], [689103.391566265, 2573043.686746988], [689093.391566265, 2573043.686746988], [689093.391566265, 2573053.686746988], [689063.391566265, 2573053.686746988], [689063.391566265, 2573063.686746988], [689043.391566265, 2573063.686746988], [689043.391566265, 2573073.686746988], [689023.391566265, 2573073.686746988], [689023.391566265, 2573083.686746988], [689003.391566265, 2573083.686746988], [689003.391566265, 2573013.686746988], [688983.391566265, 2573013.686746988], [688983.391566265, 2573003.686746988], [688933.391566265, 2573003.686746988], [688933.391566265, 2572983.686746988], [688903.391566265, 2572983.686746988], [688903.391566265, 2572993.686746988], [688883.391566265, 2572993.686746988], [688883.391566265, 2573003.686746988], [688863.391566265, 2573003.686746988], [688863.391566265, 2572993.686746988], [688823.391566265, 2572993.686746988], [688823.391566265, 2572983.686746988], [688813.391566265, 2572983.686746988], [688813.391566265, 2572963.686746988], [688773.391566265, 2572963.686746988], [688773.391566265, 2572973.686746988], [688743.391566265, 2572973.686746988], [688743.391566265, 2572943.686746988], [688723.391566265, 2572943.686746988], [688723.391566265, 2572893.686746988], [688733.391566265, 2572893.686746988], [688733.391566265, 2572883.686746988], [688723.391566265, 2572883.686746988], [688723.391566265, 2572873.686746988], [688703.391566265, 2572873.686746988], [688703.391566265, 2572863.686746988], [688663.391566265, 2572863.686746988], [688663.391566265, 2572853.686746988], [688653.391566265, 2572853.686746988], [688653.391566265, 2572843.686746988], [688643.391566265, 2572843.686746988], [688643.391566265, 2572833.686746988], [688593.391566265, 2572833.686746988], [688593.391566265, 2572823.686746988], [688573.391566265, 2572823.686746988], [688573.391566265, 2572833.686746988], [688523.391566265, 2572833.686746988], [688523.391566265, 2572843.686746988], [688513.391566265, 2572843.686746988], [688513.391566265, 2572853.686746988], [688503.391566265, 2572853.686746988], [688503.391566265, 2572863.686746988], [688453.391566265, 2572863.686746988], [688453.391566265, 2572873.686746988], [688433.391566265, 2572873.686746988], [688433.391566265, 2572853.686746988], [688443.391566265, 2572853.686746988], [688443.391566265, 2572833.686746988], [688453.391566265, 2572833.686746988], [688453.391566265, 2572823.686746988], [688463.391566265, 2572823.686746988], [688463.391566265, 2572803.686746988], [688453.391566265, 2572803.686746988], [688453.391566265, 2572773.686746988], [688463.391566265, 2572773.686746988], [688463.391566265, 2572763.686746988], [688473.391566265, 2572763.686746988], [688473.391566265, 2572743.686746988], [688483.391566265, 2572743.686746988], [688483.391566265, 2572733.686746988], [688493.391566265, 2572733.686746988], [688493.391566265, 2572713.686746988], [688483.391566265, 2572713.686746988], [688483.391566265, 2572693.686746988], [688473.391566265, 2572693.686746988], [688473.391566265, 2572683.686746988], [688463.391566265, 2572683.686746988], [688463.391566265, 2572663.686746988], [688453.391566265, 2572663.686746988], [688453.391566265, 2572653.686746988], [688443.391566265, 2572653.686746988], [688443.391566265, 2572633.686746988], [688433.391566265, 2572633.686746988], [688433.391566265, 2572623.686746988], [688423.391566265, 2572623.686746988], [688423.391566265, 2572603.686746988], [688413.391566265, 2572603.686746988], [688413.391566265, 2572593.686746988], [688403.391566265, 2572593.686746988], [688403.391566265, 2572573.686746988], [688393.391566265, 2572573.686746988], [688393.391566265, 2572563.686746988], [688383.391566265, 2572563.686746988], [688383.391566265, 2572553.686746988], [688363.391566265, 2572553.686746988], [688363.391566265, 2572543.686746988], [688353.391566265, 2572543.686746988], [688353.391566265, 2572533.686746988], [688333.391566265, 2572533.686746988], [688333.391566265, 2572523.686746988], [688323.391566265, 2572523.686746988], [688323.391566265, 2572513.686746988], [688313.391566265, 2572513.686746988], [688313.391566265, 2572503.686746988], [688293.391566265, 2572503.686746988], [688293.391566265, 2572493.686746988], [688273.391566265, 2572493.686746988], [688273.391566265, 2572483.686746988], [688243.391566265, 2572483.686746988], [688243.391566265, 2572473.686746988], [688193.391566265, 2572473.686746988], [688193.391566265, 2572463.686746988], [688163.391566265, 2572463.686746988], [688163.391566265, 2572453.686746988], [688153.391566265, 2572453.686746988], [688153.391566265, 2572443.686746988], [688133.391566265, 2572443.686746988], [688133.391566265, 2572453.686746988], [688123.391566265, 2572453.686746988], [688123.391566265, 2572463.686746988], [688093.391566265, 2572463.686746988], [688093.391566265, 2572473.686746988], [688083.391566265, 2572473.686746988], [688083.391566265, 2572493.686746988], [688063.391566265, 2572493.686746988], [688063.391566265, 2572503.686746988], [688053.391566265, 2572503.686746988], [688053.391566265, 2572513.686746988], [688043.391566265, 2572513.686746988], [688043.391566265, 2572523.686746988], [688023.391566265, 2572523.686746988], [688023.391566265, 2572533.686746988], [688013.391566265, 2572533.686746988], [688013.391566265, 2572543.686746988], [687983.391566265, 2572543.686746988], [687983.391566265, 2572553.686746988], [687963.391566265, 2572553.686746988], [687963.391566265, 2572563.686746988], [687953.391566265, 2572563.686746988], [687953.391566265, 2572593.686746988], [687913.391566265, 2572593.686746988], [687913.391566265, 2572603.686746988], [687903.391566265, 2572603.686746988], [687903.391566265, 2572623.686746988], [687883.391566265, 2572623.686746988], [687883.391566265, 2572633.686746988], [687873.391566265, 2572633.686746988], [687873.391566265, 2572643.686746988], [687863.391566265, 2572643.686746988], [687863.391566265, 2572663.686746988], [687853.391566265, 2572663.686746988], [687853.391566265, 2572713.686746988], [687843.391566265, 2572713.686746988], [687843.391566265, 2572723.686746988], [687833.391566265, 2572723.686746988], [687833.391566265, 2572733.686746988], [687843.391566265, 2572733.686746988], [687843.391566265, 2572753.686746988], [687833.391566265, 2572753.686746988], [687833.391566265, 2572773.686746988], [687823.391566265, 2572773.686746988], [687823.391566265, 2572833.686746988], [687833.391566265, 2572833.686746988], [687833.391566265, 2572843.686746988], [687843.391566265, 2572843.686746988], [687843.391566265, 2572863.686746988], [687853.391566265, 2572863.686746988], [687853.391566265, 2572873.686746988], [687863.391566265, 2572873.686746988], [687863.391566265, 2572903.686746988], [687853.391566265, 2572903.686746988], [687853.391566265, 2573003.686746988], [687843.391566265, 2573003.686746988], [687843.391566265, 2573043.686746988], [687833.391566265, 2573043.686746988], [687833.391566265, 2573063.686746988], [687823.391566265, 2573063.686746988], [687823.391566265, 2573093.686746988], [687813.391566265, 2573093.686746988], [687813.391566265, 2573113.686746988], [687793.391566265, 2573113.686746988], [687793.391566265, 2573133.686746988], [687783.391566265, 2573133.686746988], [687783.391566265, 2573153.686746988], [687773.391566265, 2573153.686746988], [687773.391566265, 2573173.686746988], [687763.391566265, 2573173.686746988], [687763.391566265, 2573213.686746988], [687743.391566265, 2573213.686746988], [687743.391566265, 2573223.686746988], [687733.391566265, 2573223.686746988], [687733.391566265, 2573253.686746988], [687723.391566265, 2573253.686746988], [687723.391566265, 2573263.686746988], [687713.391566265, 2573263.686746988], [687713.391566265, 2573273.686746988], [687703.391566265, 2573273.686746988], [687703.391566265, 2573283.686746988], [687693.391566265, 2573283.686746988], [687693.391566265, 2573293.686746988], [687683.391566265, 2573293.686746988], [687683.391566265, 2573313.686746988], [687673.391566265, 2573313.686746988], [687673.391566265, 2573323.686746988], [687663.391566265, 2573323.686746988], [687663.391566265, 2573333.686746988], [687653.391566265, 2573333.686746988], [687653.391566265, 2573343.686746988], [687643.391566265, 2573343.686746988], [687643.391566265, 2573363.686746988], [687633.391566265, 2573363.686746988], [687633.391566265, 2573383.686746988], [687623.391566265, 2573383.686746988], [687623.391566265, 2573393.686746988], [687613.391566265, 2573393.686746988], [687613.391566265, 2573403.686746988], [687603.391566265, 2573403.686746988], [687603.391566265, 2573413.686746988], [687583.391566265, 2573413.686746988], [687583.391566265, 2573423.686746988], [687573.391566265, 2573423.686746988], [687573.391566265, 2573433.686746988], [687563.391566265, 2573433.686746988], [687563.391566265, 2573453.686746988], [687553.391566265, 2573453.686746988], [687553.391566265, 2573483.686746988], [687533.391566265, 2573483.686746988], [687533.391566265, 2573473.686746988], [687523.391566265, 2573473.686746988], [687523.391566265, 2573483.686746988], [687513.391566265, 2573483.686746988], [687513.391566265, 2573493.686746988], [687503.391566265, 2573493.686746988], [687503.391566265, 2573513.686746988], [687493.391566265, 2573513.686746988], [687493.391566265, 2573543.686746988], [687483.391566265, 2573543.686746988], [687483.391566265, 2573563.686746988], [687473.391566265, 2573563.686746988], [687473.391566265, 2573573.686746988], [687463.391566265, 2573573.686746988], [687463.391566265, 2573583.686746988], [687453.391566265, 2573583.686746988], [687453.391566265, 2573613.686746988], [687443.391566265, 2573613.686746988], [687443.391566265, 2573623.686746988], [687413.391566265, 2573623.686746988], [687413.391566265, 2573633.686746988], [687403.391566265, 2573633.686746988], [687403.391566265, 2573653.686746988], [687393.391566265, 2573653.686746988], [687393.391566265, 2573663.686746988], [687383.391566265, 2573663.686746988], [687383.391566265, 2573673.686746988], [687373.391566265, 2573673.686746988], [687373.391566265, 2573693.686746988], [687363.391566265, 2573693.686746988], [687363.391566265, 2573703.686746988], [687353.391566265, 2573703.686746988], [687353.391566265, 2573713.686746988], [687343.391566265, 2573713.686746988], [687343.391566265, 2573723.686746988], [687333.391566265, 2573723.686746988], [687333.391566265, 2573743.686746988], [687313.391566265, 2573743.686746988], [687313.391566265, 2573753.686746988], [687293.391566265, 2573753.686746988], [687293.391566265, 2573763.686746988], [687283.391566265, 2573763.686746988], [687283.391566265, 2573773.686746988], [687273.391566265, 2573773.686746988], [687273.391566265, 2573793.686746988], [687263.391566265, 2573793.686746988], [687263.391566265, 2573813.686746988], [687253.391566265, 2573813.686746988], [687253.391566265, 2573823.686746988], [687243.391566265, 2573823.686746988], [687243.391566265, 2573843.686746988], [687233.391566265, 2573843.686746988], [687233.391566265, 2573853.686746988], [687213.391566265, 2573853.686746988], [687213.391566265, 2573863.686746988], [687203.391566265, 2573863.686746988], [687203.391566265, 2573873.686746988], [687193.391566265, 2573873.686746988], [687193.391566265, 2573883.686746988], [687183.391566265, 2573883.686746988], [687183.391566265, 2573893.686746988], [687173.391566265, 2573893.686746988], [687173.391566265, 2573913.686746988], [687163.391566265, 2573913.686746988], [687163.391566265, 2573923.686746988], [687153.391566265, 2573923.686746988], [687153.391566265, 2573933.686746988], [687143.391566265, 2573933.686746988], [687143.391566265, 2573943.686746988], [687123.391566265, 2573943.686746988], [687123.391566265, 2573953.686746988], [687103.391566265, 2573953.686746988], [687103.391566265, 2573963.686746988], [687093.391566265, 2573963.686746988], [687093.391566265, 2573973.686746988], [687083.391566265, 2573973.686746988], [687083.391566265, 2573983.686746988], [687073.391566265, 2573983.686746988], [687073.391566265, 2573993.686746988], [687063.391566265, 2573993.686746988], [687063.391566265, 2574003.686746988], [687043.391566265, 2574003.686746988], [687043.391566265, 2574033.686746988], [687033.391566265, 2574033.686746988], [687033.391566265, 2574043.686746988], [687013.391566265, 2574043.686746988], [687013.391566265, 2574053.686746988], [687003.391566265, 2574053.686746988], [687003.391566265, 2574083.686746988], [686973.391566265, 2574083.686746988], [686973.391566265, 2574093.686746988], [686963.391566265, 2574093.686746988], [686963.391566265, 2574133.686746988], [686933.391566265, 2574133.686746988], [686933.391566265, 2574093.686746988], [686923.391566265, 2574093.686746988], [686923.391566265, 2574073.686746988], [686913.391566265, 2574073.686746988], [686913.391566265, 2574053.686746988], [686893.391566265, 2574053.686746988], [686893.391566265, 2574043.686746988], [686853.391566265, 2574043.686746988], [686853.391566265, 2574033.686746988], [686833.391566265, 2574033.686746988], [686833.391566265, 2574043.686746988], [686813.391566265, 2574043.686746988], [686813.391566265, 2574053.686746988], [686793.391566265, 2574053.686746988], [686793.391566265, 2574063.686746988], [686783.391566265, 2574063.686746988], [686783.391566265, 2574073.686746988], [686773.391566265, 2574073.686746988], [686773.391566265, 2574083.686746988], [686753.391566265, 2574083.686746988], [686753.391566265, 2574093.686746988], [686733.391566265, 2574093.686746988], [686733.391566265, 2574103.686746988], [686713.391566265, 2574103.686746988], [686713.391566265, 2574113.686746988], [686703.391566265, 2574113.686746988], [686703.391566265, 2574123.686746988], [686663.391566265, 2574123.686746988], [686663.391566265, 2574133.686746988], [686623.391566265, 2574133.686746988], [686623.391566265, 2574143.686746988], [686613.391566265, 2574143.686746988], [686613.391566265, 2574153.686746988], [686603.391566265, 2574153.686746988], [686603.391566265, 2574163.686746988], [686593.391566265, 2574163.686746988], [686593.391566265, 2574173.686746988], [686553.391566265, 2574173.686746988], [686553.391566265, 2574183.686746988], [686523.391566265, 2574183.686746988], [686523.391566265, 2574193.686746988], [686503.391566265, 2574193.686746988], [686503.391566265, 2574183.686746988], [686413.391566265, 2574183.686746988], [686413.391566265, 2574173.686746988], [686383.391566265, 2574173.686746988], [686383.391566265, 2574183.686746988], [686373.391566265, 2574183.686746988], [686373.391566265, 2574203.686746988], [686333.391566265, 2574203.686746988], [686333.391566265, 2574183.686746988], [686313.391566265, 2574183.686746988], [686313.391566265, 2574173.686746988], [686303.391566265, 2574173.686746988], [686303.391566265, 2574163.686746988], [686283.391566265, 2574163.686746988], [686283.391566265, 2574193.686746988], [686273.391566265, 2574193.686746988], [686273.391566265, 2574223.686746988], [686243.391566265, 2574223.686746988], [686243.391566265, 2574193.686746988], [686233.391566265, 2574193.686746988], [686233.391566265, 2574183.686746988], [686223.391566265, 2574183.686746988], [686223.391566265, 2574173.686746988], [686213.391566265, 2574173.686746988], [686213.391566265, 2574183.686746988], [686173.391566265, 2574183.686746988], [686173.391566265, 2574193.686746988], [686153.391566265, 2574193.686746988], [686153.391566265, 2574203.686746988], [686143.391566265, 2574203.686746988], [686143.391566265, 2574213.686746988], [686113.391566265, 2574213.686746988], [686113.391566265, 2574223.686746988], [686093.391566265, 2574223.686746988], [686093.391566265, 2574233.686746988], [686033.391566265, 2574233.686746988], [686033.391566265, 2574243.686746988], [686003.391566265, 2574243.686746988], [686003.391566265, 2574233.686746988], [685983.391566265, 2574233.686746988], [685983.391566265, 2574223.686746988], [685943.391566265, 2574223.686746988], [685943.391566265, 2574203.686746988], [685923.391566265, 2574203.686746988], [685923.391566265, 2574183.686746988], [685913.391566265, 2574183.686746988], [685913.391566265, 2574173.686746988], [685893.391566265, 2574173.686746988], [685893.391566265, 2574163.686746988], [685883.391566265, 2574163.686746988], [685883.391566265, 2574143.686746988], [685873.391566265, 2574143.686746988], [685873.391566265, 2574133.686746988], [685863.391566265, 2574133.686746988], [685863.391566265, 2574123.686746988], [685853.391566265, 2574123.686746988], [685853.391566265, 2574113.686746988], [685833.391566265, 2574113.686746988], [685833.391566265, 2574103.686746988], [685823.391566265, 2574103.686746988], [685823.391566265, 2574063.686746988], [685783.391566265, 2574063.686746988], [685783.391566265, 2574073.686746988], [685753.391566265, 2574073.686746988], [685753.391566265, 2574083.686746988], [685723.391566265, 2574083.686746988], [685723.391566265, 2574073.686746988], [685683.391566265, 2574073.686746988], [685683.391566265, 2574083.686746988], [685633.391566265, 2574083.686746988], [685633.391566265, 2574093.686746988], [685623.391566265, 2574093.686746988], [685623.391566265, 2574103.686746988], [685613.391566265, 2574103.686746988], [685613.391566265, 2574113.686746988], [685603.391566265, 2574113.686746988], [685603.391566265, 2574133.686746988], [685573.391566265, 2574133.686746988], [685573.391566265, 2574173.686746988], [685563.391566265, 2574173.686746988], [685563.391566265, 2574183.686746988], [685573.391566265, 2574183.686746988], [685573.391566265, 2574233.686746988], [685583.391566265, 2574233.686746988], [685583.391566265, 2574313.686746988], [685593.391566265, 2574313.686746988], [685593.391566265, 2574333.686746988], [685603.391566265, 2574333.686746988], [685603.391566265, 2574363.686746988], [685613.391566265, 2574363.686746988], [685613.391566265, 2574383.686746988], [685623.391566265, 2574383.686746988], [685623.391566265, 2574403.686746988], [685633.391566265, 2574403.686746988], [685633.391566265, 2574413.686746988], [685643.391566265, 2574413.686746988], [685643.391566265, 2574423.686746988], [685653.391566265, 2574423.686746988], [685653.391566265, 2574433.686746988], [685663.391566265, 2574433.686746988], [685663.391566265, 2574463.686746988], [685673.391566265, 2574463.686746988], [685673.391566265, 2574513.686746988], [685693.391566265, 2574513.686746988], [685693.391566265, 2574523.686746988], [685713.391566265, 2574523.686746988], [685713.391566265, 2574553.686746988], [685693.391566265, 2574553.686746988], [685693.391566265, 2574563.686746988], [685703.391566265, 2574563.686746988], [685703.391566265, 2574663.686746988], [685693.391566265, 2574663.686746988], [685693.391566265, 2574683.686746988], [685683.391566265, 2574683.686746988], [685683.391566265, 2574753.686746988], [685673.391566265, 2574753.686746988], [685673.391566265, 2574763.686746988], [685663.391566265, 2574763.686746988], [685663.391566265, 2574783.686746988], [685673.391566265, 2574783.686746988], [685673.391566265, 2574813.686746988], [685663.391566265, 2574813.686746988], [685663.391566265, 2574823.686746988], [685623.391566265, 2574823.686746988], [685623.391566265, 2574833.686746988], [685613.391566265, 2574833.686746988], [685613.391566265, 2574843.686746988], [685603.391566265, 2574843.686746988], [685603.391566265, 2574873.686746988], [685593.391566265, 2574873.686746988], [685593.391566265, 2574883.686746988], [685583.391566265, 2574883.686746988], [685583.391566265, 2574893.686746988], [685573.391566265, 2574893.686746988], [685573.391566265, 2574903.686746988], [685563.391566265, 2574903.686746988], [685563.391566265, 2574913.686746988], [685553.391566265, 2574913.686746988], [685553.391566265, 2574923.686746988], [685543.391566265, 2574923.686746988], [685543.391566265, 2574933.686746988], [685533.391566265, 2574933.686746988], [685533.391566265, 2574943.686746988], [685523.391566265, 2574943.686746988], [685523.391566265, 2574953.686746988], [685513.391566265, 2574953.686746988], [685513.391566265, 2574973.686746988], [685503.391566265, 2574973.686746988], [685503.391566265, 2574993.686746988], [685493.391566265, 2574993.686746988], [685493.391566265, 2575003.686746988], [685483.391566265, 2575003.686746988], [685483.391566265, 2575013.686746988], [685473.391566265, 2575013.686746988], [685473.391566265, 2575023.686746988], [685463.391566265, 2575023.686746988], [685463.391566265, 2575043.686746988], [685453.391566265, 2575043.686746988], [685453.391566265, 2575113.686746988], [685463.391566265, 2575113.686746988], [685463.391566265, 2575143.686746988], [685473.391566265, 2575143.686746988], [685473.391566265, 2575163.686746988], [685483.391566265, 2575163.686746988], [685483.391566265, 2575173.686746988], [685503.391566265, 2575173.686746988], [685503.391566265, 2575223.686746988], [685513.391566265, 2575223.686746988], [685513.391566265, 2575253.686746988], [685533.391566265, 2575253.686746988], [685533.391566265, 2575263.686746988], [685543.391566265, 2575263.686746988], [685543.391566265, 2575273.686746988], [685553.391566265, 2575273.686746988], [685553.391566265, 2575343.686746988], [685563.391566265, 2575343.686746988], [685563.391566265, 2575353.686746988], [685573.391566265, 2575353.686746988], [685573.391566265, 2575363.686746988], [685583.391566265, 2575363.686746988], [685583.391566265, 2575383.686746988], [685593.391566265, 2575383.686746988], [685593.391566265, 2575393.686746988], [685603.391566265, 2575393.686746988], [685603.391566265, 2575403.686746988], [685613.391566265, 2575403.686746988], [685613.391566265, 2575413.686746988], [685623.391566265, 2575413.686746988], [685623.391566265, 2575453.686746988], [685603.391566265, 2575453.686746988], [685603.391566265, 2575433.686746988], [685593.391566265, 2575433.686746988], [685593.391566265, 2575413.686746988], [685583.391566265, 2575413.686746988], [685583.391566265, 2575403.686746988], [685563.391566265, 2575403.686746988], [685563.391566265, 2575393.686746988], [685553.391566265, 2575393.686746988], [685553.391566265, 2575363.686746988], [685543.391566265, 2575363.686746988], [685543.391566265, 2575353.686746988], [685533.391566265, 2575353.686746988], [685533.391566265, 2575303.686746988], [685523.391566265, 2575303.686746988], [685523.391566265, 2575283.686746988], [685513.391566265, 2575283.686746988], [685513.391566265, 2575273.686746988], [685503.391566265, 2575273.686746988], [685503.391566265, 2575263.686746988], [685483.391566265, 2575263.686746988], [685483.391566265, 2575253.686746988], [685463.391566265, 2575253.686746988], [685463.391566265, 2575243.686746988], [685443.391566265, 2575243.686746988], [685443.391566265, 2575233.686746988], [685433.391566265, 2575233.686746988], [685433.391566265, 2575223.686746988], [685423.391566265, 2575223.686746988], [685423.391566265, 2575193.686746988], [685413.391566265, 2575193.686746988], [685413.391566265, 2575153.686746988], [685403.391566265, 2575153.686746988], [685403.391566265, 2575143.686746988], [685393.391566265, 2575143.686746988], [685393.391566265, 2575153.686746988], [685373.391566265, 2575153.686746988], [685373.391566265, 2575163.686746988], [685353.391566265, 2575163.686746988], [685353.391566265, 2575173.686746988], [685343.391566265, 2575173.686746988], [685343.391566265, 2575183.686746988], [685333.391566265, 2575183.686746988], [685333.391566265, 2575153.686746988], [685343.391566265, 2575153.686746988], [685343.391566265, 2575133.686746988], [685353.391566265, 2575133.686746988], [685353.391566265, 2575123.686746988], [685363.391566265, 2575123.686746988], [685363.391566265, 2575113.686746988], [685373.391566265, 2575113.686746988], [685373.391566265, 2575093.686746988], [685383.391566265, 2575093.686746988], [685383.391566265, 2575053.686746988], [685393.391566265, 2575053.686746988], [685393.391566265, 2575023.686746988], [685403.391566265, 2575023.686746988], [685403.391566265, 2574973.686746988], [685413.391566265, 2574973.686746988], [685413.391566265, 2574963.686746988], [685423.391566265, 2574963.686746988], [685423.391566265, 2574953.686746988], [685433.391566265, 2574953.686746988], [685433.391566265, 2574923.686746988], [685443.391566265, 2574923.686746988], [685443.391566265, 2574913.686746988], [685453.391566265, 2574913.686746988], [685453.391566265, 2574903.686746988], [685463.391566265, 2574903.686746988], [685463.391566265, 2574893.686746988], [685473.391566265, 2574893.686746988], [685473.391566265, 2574883.686746988], [685483.391566265, 2574883.686746988], [685483.391566265, 2574873.686746988], [685493.391566265, 2574873.686746988], [685493.391566265, 2574853.686746988], [685503.391566265, 2574853.686746988], [685503.391566265, 2574833.686746988], [685513.391566265, 2574833.686746988], [685513.391566265, 2574823.686746988], [685523.391566265, 2574823.686746988], [685523.391566265, 2574803.686746988], [685533.391566265, 2574803.686746988], [685533.391566265, 2574773.686746988], [685543.391566265, 2574773.686746988], [685543.391566265, 2574743.686746988], [685553.391566265, 2574743.686746988], [685553.391566265, 2574723.686746988], [685563.391566265, 2574723.686746988], [685563.391566265, 2574703.686746988], [685573.391566265, 2574703.686746988], [685573.391566265, 2574683.686746988], [685583.391566265, 2574683.686746988], [685583.391566265, 2574653.686746988], [685593.391566265, 2574653.686746988], [685593.391566265, 2574603.686746988], [685583.391566265, 2574603.686746988], [685583.391566265, 2574593.686746988], [685573.391566265, 2574593.686746988], [685573.391566265, 2574583.686746988], [685563.391566265, 2574583.686746988], [685563.391566265, 2574543.686746988], [685553.391566265, 2574543.686746988], [685553.391566265, 2574533.686746988], [685533.391566265, 2574533.686746988], [685533.391566265, 2574523.686746988], [685523.391566265, 2574523.686746988], [685523.391566265, 2574513.686746988], [685503.391566265, 2574513.686746988], [685503.391566265, 2574503.686746988], [685493.391566265, 2574503.686746988], [685493.391566265, 2574493.686746988], [685483.391566265, 2574493.686746988], [685483.391566265, 2574463.686746988], [685473.391566265, 2574463.686746988], [685473.391566265, 2574443.686746988], [685453.391566265, 2574443.686746988], [685453.391566265, 2574463.686746988], [685443.391566265, 2574463.686746988], [685443.391566265, 2574473.686746988], [685403.391566265, 2574473.686746988], [685403.391566265, 2574483.686746988], [685393.391566265, 2574483.686746988], [685393.391566265, 2574473.686746988], [685383.391566265, 2574473.686746988], [685383.391566265, 2574463.686746988], [685403.391566265, 2574463.686746988], [685403.391566265, 2574453.686746988], [685423.391566265, 2574453.686746988], [685423.391566265, 2574403.686746988], [685413.391566265, 2574403.686746988], [685413.391566265, 2574413.686746988], [685403.391566265, 2574413.686746988], [685403.391566265, 2574423.686746988], [685373.391566265, 2574423.686746988], [685373.391566265, 2574433.686746988], [685353.391566265, 2574433.686746988], [685353.391566265, 2574403.686746988], [685363.391566265, 2574403.686746988], [685363.391566265, 2574393.686746988], [685383.391566265, 2574393.686746988], [685383.391566265, 2574383.686746988], [685393.391566265, 2574383.686746988], [685393.391566265, 2574363.686746988], [685403.391566265, 2574363.686746988], [685403.391566265, 2574353.686746988], [685413.391566265, 2574353.686746988], [685413.391566265, 2574343.686746988], [685423.391566265, 2574343.686746988], [685423.391566265, 2574333.686746988], [685413.391566265, 2574333.686746988], [685413.391566265, 2574323.686746988], [685383.391566265, 2574323.686746988], [685383.391566265, 2574313.686746988], [685373.391566265, 2574313.686746988], [685373.391566265, 2574303.686746988], [685363.391566265, 2574303.686746988], [685363.391566265, 2574283.686746988], [685343.391566265, 2574283.686746988], [685343.391566265, 2574263.686746988], [685333.391566265, 2574263.686746988], [685333.391566265, 2574273.686746988], [685303.391566265, 2574273.686746988], [685303.391566265, 2574253.686746988], [685313.391566265, 2574253.686746988], [685313.391566265, 2574223.686746988], [685333.391566265, 2574223.686746988], [685333.391566265, 2574213.686746988], [685343.391566265, 2574213.686746988], [685343.391566265, 2574203.686746988], [685353.391566265, 2574203.686746988], [685353.391566265, 2574183.686746988], [685363.391566265, 2574183.686746988], [685363.391566265, 2574173.686746988], [685373.391566265, 2574173.686746988], [685373.391566265, 2574163.686746988], [685343.391566265, 2574163.686746988], [685343.391566265, 2574153.686746988], [685333.391566265, 2574153.686746988], [685333.391566265, 2574143.686746988], [685343.391566265, 2574143.686746988], [685343.391566265, 2574133.686746988], [685353.391566265, 2574133.686746988], [685353.391566265, 2574123.686746988], [685363.391566265, 2574123.686746988], [685363.391566265, 2574113.686746988], [685373.391566265, 2574113.686746988], [685373.391566265, 2574103.686746988], [685383.391566265, 2574103.686746988], [685383.391566265, 2574083.686746988], [685393.391566265, 2574083.686746988], [685393.391566265, 2574073.686746988], [685363.391566265, 2574073.686746988], [685363.391566265, 2574063.686746988], [685353.391566265, 2574063.686746988], [685353.391566265, 2574053.686746988], [685363.391566265, 2574053.686746988], [685363.391566265, 2574033.686746988], [685373.391566265, 2574033.686746988], [685373.391566265, 2574023.686746988], [685393.391566265, 2574023.686746988], [685393.391566265, 2574013.686746988], [685413.391566265, 2574013.686746988], [685413.391566265, 2574003.686746988], [685423.391566265, 2574003.686746988], [685423.391566265, 2573993.686746988], [685433.391566265, 2573993.686746988], [685433.391566265, 2573983.686746988], [685443.391566265, 2573983.686746988], [685443.391566265, 2573973.686746988], [685453.391566265, 2573973.686746988], [685453.391566265, 2573963.686746988], [685463.391566265, 2573963.686746988], [685463.391566265, 2573923.686746988], [685493.391566265, 2573923.686746988], [685493.391566265, 2573933.686746988], [685503.391566265, 2573933.686746988], [685503.391566265, 2573923.686746988], [685523.391566265, 2573923.686746988], [685523.391566265, 2573913.686746988], [685533.391566265, 2573913.686746988], [685533.391566265, 2573903.686746988], [685543.391566265, 2573903.686746988], [685543.391566265, 2573893.686746988], [685573.391566265, 2573893.686746988], [685573.391566265, 2573903.686746988], [685583.391566265, 2573903.686746988], [685583.391566265, 2573883.686746988], [685593.391566265, 2573883.686746988], [685593.391566265, 2573873.686746988], [685613.391566265, 2573873.686746988], [685613.391566265, 2573883.686746988], [685633.391566265, 2573883.686746988], [685633.391566265, 2573873.686746988], [685663.391566265, 2573873.686746988], [685663.391566265, 2573883.686746988], [685673.391566265, 2573883.686746988], [685673.391566265, 2573893.686746988], [685683.391566265, 2573893.686746988], [685683.391566265, 2573883.686746988], [685713.391566265, 2573883.686746988], [685713.391566265, 2573873.686746988], [685723.391566265, 2573873.686746988], [685723.391566265, 2573843.686746988], [685703.391566265, 2573843.686746988], [685703.391566265, 2573833.686746988], [685693.391566265, 2573833.686746988], [685693.391566265, 2573823.686746988], [685703.391566265, 2573823.686746988], [685703.391566265, 2573813.686746988], [685683.391566265, 2573813.686746988], [685683.391566265, 2573823.686746988], [685653.391566265, 2573823.686746988], [685653.391566265, 2573833.686746988], [685583.391566265, 2573833.686746988], [685583.391566265, 2573823.686746988], [685563.391566265, 2573823.686746988], [685563.391566265, 2573833.686746988], [685543.391566265, 2573833.686746988], [685543.391566265, 2573823.686746988], [685483.391566265, 2573823.686746988], [685483.391566265, 2573833.686746988], [685473.391566265, 2573833.686746988], [685473.391566265, 2573823.686746988], [685433.391566265, 2573823.686746988], [685433.391566265, 2573833.686746988], [685403.391566265, 2573833.686746988], [685403.391566265, 2573813.686746988], [685383.391566265, 2573813.686746988], [685383.391566265, 2573803.686746988], [685353.391566265, 2573803.686746988], [685353.391566265, 2573793.686746988], [685303.391566265, 2573793.686746988], [685303.391566265, 2573783.686746988], [685283.391566265, 2573783.686746988], [685283.391566265, 2573773.686746988], [685253.391566265, 2573773.686746988], [685253.391566265, 2573763.686746988], [685173.391566265, 2573763.686746988], [685173.391566265, 2573773.686746988], [685153.391566265, 2573773.686746988], [685153.391566265, 2573783.686746988], [685143.391566265, 2573783.686746988], [685143.391566265, 2573793.686746988], [685133.391566265, 2573793.686746988], [685133.391566265, 2573803.686746988], [685123.391566265, 2573803.686746988], [685123.391566265, 2573823.686746988], [685113.391566265, 2573823.686746988], [685113.391566265, 2573843.686746988], [685103.391566265, 2573843.686746988], [685103.391566265, 2573853.686746988], [685093.391566265, 2573853.686746988], [685093.391566265, 2573873.686746988], [685073.391566265, 2573873.686746988], [685073.391566265, 2573893.686746988], [685063.391566265, 2573893.686746988], [685063.391566265, 2573903.686746988], [685053.391566265, 2573903.686746988], [685053.391566265, 2573913.686746988], [685043.391566265, 2573913.686746988], [685043.391566265, 2573943.686746988], [685033.391566265, 2573943.686746988], [685033.391566265, 2573963.686746988], [685023.391566265, 2573963.686746988], [685023.391566265, 2574043.686746988], [685013.391566265, 2574043.686746988], [685013.391566265, 2574053.686746988], [685003.391566265, 2574053.686746988], [685003.391566265, 2574073.686746988], [684993.391566265, 2574073.686746988], [684993.391566265, 2574093.686746988], [684983.391566265, 2574093.686746988], [684983.391566265, 2574103.686746988], [684993.391566265, 2574103.686746988], [684993.391566265, 2574113.686746988], [685003.391566265, 2574113.686746988], [685003.391566265, 2574133.686746988], [685013.391566265, 2574133.686746988], [685013.391566265, 2574123.686746988], [685023.391566265, 2574123.686746988], [685023.391566265, 2574113.686746988], [685033.391566265, 2574113.686746988], [685033.391566265, 2574153.686746988], [685023.391566265, 2574153.686746988], [685023.391566265, 2574163.686746988], [685033.391566265, 2574163.686746988], [685033.391566265, 2574173.686746988], [685063.391566265, 2574173.686746988], [685063.391566265, 2574193.686746988], [685053.391566265, 2574193.686746988], [685053.391566265, 2574203.686746988], [685043.391566265, 2574203.686746988], [685043.391566265, 2574223.686746988], [685053.391566265, 2574223.686746988], [685053.391566265, 2574213.686746988], [685063.391566265, 2574213.686746988], [685063.391566265, 2574223.686746988], [685083.391566265, 2574223.686746988], [685083.391566265, 2574253.686746988], [685093.391566265, 2574253.686746988], [685093.391566265, 2574263.686746988], [685083.391566265, 2574263.686746988], [685083.391566265, 2574313.686746988], [685093.391566265, 2574313.686746988], [685093.391566265, 2574333.686746988], [685083.391566265, 2574333.686746988], [685083.391566265, 2574403.686746988], [685073.391566265, 2574403.686746988], [685073.391566265, 2574413.686746988], [685083.391566265, 2574413.686746988], [685083.391566265, 2574483.686746988], [685093.391566265, 2574483.686746988], [685093.391566265, 2574543.686746988], [685083.391566265, 2574543.686746988], [685083.391566265, 2574583.686746988], [685093.391566265, 2574583.686746988], [685093.391566265, 2574593.686746988], [685103.391566265, 2574593.686746988], [685103.391566265, 2574643.686746988], [685093.391566265, 2574643.686746988], [685093.391566265, 2574673.686746988], [685083.391566265, 2574673.686746988], [685083.391566265, 2574683.686746988], [685073.391566265, 2574683.686746988], [685073.391566265, 2574703.686746988], [685063.391566265, 2574703.686746988], [685063.391566265, 2574753.686746988], [685053.391566265, 2574753.686746988], [685053.391566265, 2574793.686746988], [685033.391566265, 2574793.686746988], [685033.391566265, 2574813.686746988], [685023.391566265, 2574813.686746988], [685023.391566265, 2574823.686746988], [685013.391566265, 2574823.686746988], [685013.391566265, 2574863.686746988], [685003.391566265, 2574863.686746988], [685003.391566265, 2574873.686746988], [684993.391566265, 2574873.686746988], [684993.391566265, 2574893.686746988], [684983.391566265, 2574893.686746988], [684983.391566265, 2574903.686746988], [684973.391566265, 2574903.686746988], [684973.391566265, 2574913.686746988], [684963.391566265, 2574913.686746988], [684963.391566265, 2574933.686746988], [684943.391566265, 2574933.686746988], [684943.391566265, 2574943.686746988], [684933.391566265, 2574943.686746988], [684933.391566265, 2574953.686746988], [684923.391566265, 2574953.686746988], [684923.391566265, 2574973.686746988], [684913.391566265, 2574973.686746988], [684913.391566265, 2574993.686746988], [684893.391566265, 2574993.686746988], [684893.391566265, 2575003.686746988], [684873.391566265, 2575003.686746988], [684873.391566265, 2575013.686746988], [684863.391566265, 2575013.686746988], [684863.391566265, 2575043.686746988], [684833.391566265, 2575043.686746988], [684833.391566265, 2575063.686746988], [684823.391566265, 2575063.686746988], [684823.391566265, 2575073.686746988], [684813.391566265, 2575073.686746988], [684813.391566265, 2575063.686746988], [684803.391566265, 2575063.686746988], [684803.391566265, 2575073.686746988], [684763.391566265, 2575073.686746988], [684763.391566265, 2575083.686746988], [684743.391566265, 2575083.686746988], [684743.391566265, 2575093.686746988], [684723.391566265, 2575093.686746988], [684723.391566265, 2575103.686746988], [684703.391566265, 2575103.686746988], [684703.391566265, 2575113.686746988], [684683.391566265, 2575113.686746988], [684683.391566265, 2575123.686746988], [684653.391566265, 2575123.686746988], [684653.391566265, 2575133.686746988], [684643.391566265, 2575133.686746988], [684643.391566265, 2575143.686746988], [684633.391566265, 2575143.686746988], [684633.391566265, 2575153.686746988], [684623.391566265, 2575153.686746988], [684623.391566265, 2575163.686746988], [684613.391566265, 2575163.686746988], [684613.391566265, 2575133.686746988], [684593.391566265, 2575133.686746988], [684593.391566265, 2575123.686746988], [684583.391566265, 2575123.686746988], [684583.391566265, 2575133.686746988], [684523.391566265, 2575133.686746988], [684523.391566265, 2575123.686746988], [684483.391566265, 2575123.686746988], [684483.391566265, 2575133.686746988], [684473.391566265, 2575133.686746988], [684473.391566265, 2575143.686746988], [684453.391566265, 2575143.686746988], [684453.391566265, 2575133.686746988], [684443.391566265, 2575133.686746988], [684443.391566265, 2575113.686746988], [684453.391566265, 2575113.686746988], [684453.391566265, 2575093.686746988], [684423.391566265, 2575093.686746988], [684423.391566265, 2575083.686746988], [684403.391566265, 2575083.686746988], [684403.391566265, 2575073.686746988], [684323.391566265, 2575073.686746988], [684323.391566265, 2575063.686746988], [684313.391566265, 2575063.686746988], [684313.391566265, 2575053.686746988], [684273.391566265, 2575053.686746988], [684273.391566265, 2575063.686746988], [684263.391566265, 2575063.686746988], [684263.391566265, 2575073.686746988], [684233.391566265, 2575073.686746988], [684233.391566265, 2575093.686746988], [684223.391566265, 2575093.686746988], [684223.391566265, 2575103.686746988], [684213.391566265, 2575103.686746988], [684213.391566265, 2575123.686746988], [684203.391566265, 2575123.686746988], [684203.391566265, 2575133.686746988], [684193.391566265, 2575133.686746988], [684193.391566265, 2575153.686746988], [684183.391566265, 2575153.686746988], [684183.391566265, 2575173.686746988], [684173.391566265, 2575173.686746988], [684173.391566265, 2575213.686746988], [684163.391566265, 2575213.686746988], [684163.391566265, 2575223.686746988], [684153.391566265, 2575223.686746988], [684153.391566265, 2575233.686746988], [684143.391566265, 2575233.686746988], [684143.391566265, 2575243.686746988], [684123.391566265, 2575243.686746988], [684123.391566265, 2575253.686746988], [684103.391566265, 2575253.686746988], [684103.391566265, 2575263.686746988], [684093.391566265, 2575263.686746988], [684093.391566265, 2575273.686746988], [684083.391566265, 2575273.686746988], [684083.391566265, 2575263.686746988], [684073.391566265, 2575263.686746988], [684073.391566265, 2575273.686746988], [684063.391566265, 2575273.686746988], [684063.391566265, 2575283.686746988], [684053.391566265, 2575283.686746988], [684053.391566265, 2575303.686746988], [684043.391566265, 2575303.686746988], [684043.391566265, 2575333.686746988], [684033.391566265, 2575333.686746988], [684033.391566265, 2575403.686746988], [684023.391566265, 2575403.686746988], [684023.391566265, 2575423.686746988], [684013.391566265, 2575423.686746988], [684013.391566265, 2575433.686746988], [683993.391566265, 2575433.686746988], [683993.391566265, 2575413.686746988], [684003.391566265, 2575413.686746988], [684003.391566265, 2575363.686746988], [683993.391566265, 2575363.686746988], [683993.391566265, 2575343.686746988], [684003.391566265, 2575343.686746988], [684003.391566265, 2575313.686746988], [684013.391566265, 2575313.686746988], [684013.391566265, 2575283.686746988], [684023.391566265, 2575283.686746988], [684023.391566265, 2575253.686746988], [684033.391566265, 2575253.686746988], [684033.391566265, 2575233.686746988], [684043.391566265, 2575233.686746988], [684043.391566265, 2575223.686746988], [684073.391566265, 2575223.686746988], [684073.391566265, 2575213.686746988], [684093.391566265, 2575213.686746988], [684093.391566265, 2575203.686746988], [684103.391566265, 2575203.686746988], [684103.391566265, 2575193.686746988], [684113.391566265, 2575193.686746988], [684113.391566265, 2575173.686746988], [684123.391566265, 2575173.686746988], [684123.391566265, 2575163.686746988], [684113.391566265, 2575163.686746988], [684113.391566265, 2575123.686746988], [684103.391566265, 2575123.686746988], [684103.391566265, 2575113.686746988], [684093.391566265, 2575113.686746988], [684093.391566265, 2575123.686746988], [684053.391566265, 2575123.686746988], [684053.391566265, 2575133.686746988], [684043.391566265, 2575133.686746988], [684043.391566265, 2575113.686746988], [684053.391566265, 2575113.686746988], [684053.391566265, 2575103.686746988], [684063.391566265, 2575103.686746988], [684063.391566265, 2575093.686746988], [684093.391566265, 2575093.686746988], [684093.391566265, 2575083.686746988], [684113.391566265, 2575083.686746988], [684113.391566265, 2575073.686746988], [684123.391566265, 2575073.686746988], [684123.391566265, 2575053.686746988], [684133.391566265, 2575053.686746988], [684133.391566265, 2575043.686746988], [684143.391566265, 2575043.686746988], [684143.391566265, 2575023.686746988], [684153.391566265, 2575023.686746988], [684153.391566265, 2575003.686746988], [684163.391566265, 2575003.686746988], [684163.391566265, 2574993.686746988], [684173.391566265, 2574993.686746988], [684173.391566265, 2574973.686746988], [684183.391566265, 2574973.686746988], [684183.391566265, 2574963.686746988], [684193.391566265, 2574963.686746988], [684193.391566265, 2574943.686746988], [684183.391566265, 2574943.686746988], [684183.391566265, 2574933.686746988], [684173.391566265, 2574933.686746988], [684173.391566265, 2574923.686746988], [684163.391566265, 2574923.686746988], [684163.391566265, 2574913.686746988], [684153.391566265, 2574913.686746988], [684153.391566265, 2574903.686746988], [684143.391566265, 2574903.686746988], [684143.391566265, 2574893.686746988], [684133.391566265, 2574893.686746988], [684133.391566265, 2574883.686746988], [684103.391566265, 2574883.686746988], [684103.391566265, 2574893.686746988], [684053.391566265, 2574893.686746988], [684053.391566265, 2574883.686746988], [684063.391566265, 2574883.686746988], [684063.391566265, 2574843.686746988], [684053.391566265, 2574843.686746988], [684053.391566265, 2574833.686746988], [684043.391566265, 2574833.686746988], [684043.391566265, 2574793.686746988], [684033.391566265, 2574793.686746988], [684033.391566265, 2574783.686746988], [684023.391566265, 2574783.686746988], [684023.391566265, 2574773.686746988], [684013.391566265, 2574773.686746988], [684013.391566265, 2574763.686746988], [684003.391566265, 2574763.686746988], [684003.391566265, 2574753.686746988], [683993.391566265, 2574753.686746988], [683993.391566265, 2574743.686746988], [683983.391566265, 2574743.686746988], [683983.391566265, 2574733.686746988], [683973.391566265, 2574733.686746988], [683973.391566265, 2574723.686746988], [683963.391566265, 2574723.686746988], [683963.391566265, 2574713.686746988], [683953.391566265, 2574713.686746988], [683953.391566265, 2574703.686746988], [683933.391566265, 2574703.686746988], [683933.391566265, 2574693.686746988], [683913.391566265, 2574693.686746988], [683913.391566265, 2574683.686746988], [683893.391566265, 2574683.686746988], [683893.391566265, 2574673.686746988], [683883.391566265, 2574673.686746988], [683883.391566265, 2574663.686746988], [683863.391566265, 2574663.686746988], [683863.391566265, 2574653.686746988], [683823.391566265, 2574653.686746988], [683823.391566265, 2574683.686746988], [683813.391566265, 2574683.686746988], [683813.391566265, 2574693.686746988], [683803.391566265, 2574693.686746988], [683803.391566265, 2574633.686746988], [683813.391566265, 2574633.686746988], [683813.391566265, 2574623.686746988], [683833.391566265, 2574623.686746988], [683833.391566265, 2574613.686746988], [683843.391566265, 2574613.686746988], [683843.391566265, 2574583.686746988], [683833.391566265, 2574583.686746988], [683833.391566265, 2574563.686746988], [683823.391566265, 2574563.686746988], [683823.391566265, 2574553.686746988], [683813.391566265, 2574553.686746988], [683813.391566265, 2574543.686746988], [683803.391566265, 2574543.686746988], [683803.391566265, 2574533.686746988], [683793.391566265, 2574533.686746988], [683793.391566265, 2574523.686746988], [683783.391566265, 2574523.686746988], [683783.391566265, 2574503.686746988], [683773.391566265, 2574503.686746988], [683773.391566265, 2574493.686746988], [683763.391566265, 2574493.686746988], [683763.391566265, 2574483.686746988], [683753.391566265, 2574483.686746988], [683753.391566265, 2574473.686746988], [683743.391566265, 2574473.686746988], [683743.391566265, 2574463.686746988], [683733.391566265, 2574463.686746988], [683733.391566265, 2574453.686746988], [683723.391566265, 2574453.686746988], [683723.391566265, 2574443.686746988], [683713.391566265, 2574443.686746988], [683713.391566265, 2574433.686746988], [683693.391566265, 2574433.686746988], [683693.391566265, 2574423.686746988], [683663.391566265, 2574423.686746988], [683663.391566265, 2574413.686746988], [683643.391566265, 2574413.686746988], [683643.391566265, 2574403.686746988], [683633.391566265, 2574403.686746988], [683633.391566265, 2574393.686746988], [683603.391566265, 2574393.686746988], [683603.391566265, 2574403.686746988], [683563.391566265, 2574403.686746988], [683563.391566265, 2574413.686746988], [683543.391566265, 2574413.686746988], [683543.391566265, 2574433.686746988], [683533.391566265, 2574433.686746988], [683533.391566265, 2574463.686746988], [683503.391566265, 2574463.686746988], [683503.391566265, 2574473.686746988], [683493.391566265, 2574473.686746988], [683493.391566265, 2574493.686746988], [683483.391566265, 2574493.686746988], [683483.391566265, 2574503.686746988], [683473.391566265, 2574503.686746988], [683473.391566265, 2574533.686746988], [683463.391566265, 2574533.686746988], [683463.391566265, 2574543.686746988], [683453.391566265, 2574543.686746988], [683453.391566265, 2574553.686746988], [683443.391566265, 2574553.686746988], [683443.391566265, 2574563.686746988], [683433.391566265, 2574563.686746988], [683433.391566265, 2574573.686746988], [683423.391566265, 2574573.686746988], [683423.391566265, 2574593.686746988], [683413.391566265, 2574593.686746988], [683413.391566265, 2574603.686746988], [683403.391566265, 2574603.686746988], [683403.391566265, 2574613.686746988], [683393.391566265, 2574613.686746988], [683393.391566265, 2574633.686746988], [683383.391566265, 2574633.686746988], [683383.391566265, 2574643.686746988], [683373.391566265, 2574643.686746988], [683373.391566265, 2574663.686746988], [683363.391566265, 2574663.686746988], [683363.391566265, 2574673.686746988], [683353.391566265, 2574673.686746988], [683353.391566265, 2574683.686746988], [683343.391566265, 2574683.686746988], [683343.391566265, 2574693.686746988], [683323.391566265, 2574693.686746988], [683323.391566265, 2574703.686746988], [683303.391566265, 2574703.686746988], [683303.391566265, 2574713.686746988], [683293.391566265, 2574713.686746988], [683293.391566265, 2574723.686746988], [683273.391566265, 2574723.686746988], [683273.391566265, 2574733.686746988], [683263.391566265, 2574733.686746988], [683263.391566265, 2574743.686746988], [683223.391566265, 2574743.686746988], [683223.391566265, 2574753.686746988], [683213.391566265, 2574753.686746988], [683213.391566265, 2574763.686746988], [683173.391566265, 2574763.686746988], [683173.391566265, 2574773.686746988], [683163.391566265, 2574773.686746988], [683163.391566265, 2574763.686746988], [683143.391566265, 2574763.686746988], [683143.391566265, 2574773.686746988], [683123.391566265, 2574773.686746988], [683123.391566265, 2574783.686746988], [683113.391566265, 2574783.686746988], [683113.391566265, 2574803.686746988], [683083.391566265, 2574803.686746988], [683083.391566265, 2574813.686746988], [683063.391566265, 2574813.686746988], [683063.391566265, 2574823.686746988], [683023.391566265, 2574823.686746988], [683023.391566265, 2574833.686746988], [683013.391566265, 2574833.686746988], [683013.391566265, 2574843.686746988], [683003.391566265, 2574843.686746988], [683003.391566265, 2574853.686746988], [682983.391566265, 2574853.686746988], [682983.391566265, 2574863.686746988], [682973.391566265, 2574863.686746988], [682973.391566265, 2574883.686746988], [682953.391566265, 2574883.686746988], [682953.391566265, 2574903.686746988], [682923.391566265, 2574903.686746988], [682923.391566265, 2574913.686746988], [682913.391566265, 2574913.686746988], [682913.391566265, 2574923.686746988], [682903.391566265, 2574923.686746988], [682903.391566265, 2574933.686746988], [682883.391566265, 2574933.686746988], [682883.391566265, 2574943.686746988], [682863.391566265, 2574943.686746988], [682863.391566265, 2574953.686746988], [682833.391566265, 2574953.686746988], [682833.391566265, 2574963.686746988], [682813.391566265, 2574963.686746988], [682813.391566265, 2574973.686746988], [682803.391566265, 2574973.686746988], [682803.391566265, 2574983.686746988], [682743.391566265, 2574983.686746988], [682743.391566265, 2574973.686746988], [682723.391566265, 2574973.686746988], [682723.391566265, 2574963.686746988], [682703.391566265, 2574963.686746988], [682703.391566265, 2574953.686746988], [682673.391566265, 2574953.686746988], [682673.391566265, 2574943.686746988], [682653.391566265, 2574943.686746988], [682653.391566265, 2574933.686746988], [682613.391566265, 2574933.686746988], [682613.391566265, 2574943.686746988], [682593.391566265, 2574943.686746988], [682593.391566265, 2574953.686746988], [682573.391566265, 2574953.686746988], [682573.391566265, 2574963.686746988], [682553.391566265, 2574963.686746988], [682553.391566265, 2574973.686746988], [682533.391566265, 2574973.686746988], [682533.391566265, 2574983.686746988], [682523.391566265, 2574983.686746988], [682523.391566265, 2574993.686746988], [682513.391566265, 2574993.686746988], [682513.391566265, 2575003.686746988], [682503.391566265, 2575003.686746988], [682503.391566265, 2575033.686746988], [682483.391566265, 2575033.686746988], [682483.391566265, 2575043.686746988], [682453.391566265, 2575043.686746988], [682453.391566265, 2575003.686746988], [682483.391566265, 2575003.686746988], [682483.391566265, 2574983.686746988], [682493.391566265, 2574983.686746988], [682493.391566265, 2574973.686746988], [682503.391566265, 2574973.686746988], [682503.391566265, 2574963.686746988], [682513.391566265, 2574963.686746988], [682513.391566265, 2574953.686746988], [682533.391566265, 2574953.686746988], [682533.391566265, 2574943.686746988], [682543.391566265, 2574943.686746988], [682543.391566265, 2574933.686746988], [682553.391566265, 2574933.686746988], [682553.391566265, 2574923.686746988], [682563.391566265, 2574923.686746988], [682563.391566265, 2574913.686746988], [682593.391566265, 2574913.686746988], [682593.391566265, 2574903.686746988], [682613.391566265, 2574903.686746988], [682613.391566265, 2574893.686746988], [682643.391566265, 2574893.686746988], [682643.391566265, 2574903.686746988], [682693.391566265, 2574903.686746988], [682693.391566265, 2574913.686746988], [682723.391566265, 2574913.686746988], [682723.391566265, 2574923.686746988], [682733.391566265, 2574923.686746988], [682733.391566265, 2574913.686746988], [682773.391566265, 2574913.686746988], [682773.391566265, 2574903.686746988], [682793.391566265, 2574903.686746988], [682793.391566265, 2574883.686746988], [682803.391566265, 2574883.686746988], [682803.391566265, 2574873.686746988], [682843.391566265, 2574873.686746988], [682843.391566265, 2574863.686746988], [682853.391566265, 2574863.686746988], [682853.391566265, 2574853.686746988], [682863.391566265, 2574853.686746988], [682863.391566265, 2574833.686746988], [682873.391566265, 2574833.686746988], [682873.391566265, 2574823.686746988], [682883.391566265, 2574823.686746988], [682883.391566265, 2574813.686746988], [682893.391566265, 2574813.686746988], [682893.391566265, 2574803.686746988], [682933.391566265, 2574803.686746988], [682933.391566265, 2574793.686746988], [682943.391566265, 2574793.686746988], [682943.391566265, 2574783.686746988], [682953.391566265, 2574783.686746988], [682953.391566265, 2574773.686746988], [682973.391566265, 2574773.686746988], [682973.391566265, 2574763.686746988], [682983.391566265, 2574763.686746988], [682983.391566265, 2574743.686746988], [682993.391566265, 2574743.686746988], [682993.391566265, 2574723.686746988], [682983.391566265, 2574723.686746988], [682983.391566265, 2574713.686746988], [682953.391566265, 2574713.686746988], [682953.391566265, 2574703.686746988], [682943.391566265, 2574703.686746988], [682943.391566265, 2574693.686746988], [682933.391566265, 2574693.686746988], [682933.391566265, 2574673.686746988], [682923.391566265, 2574673.686746988], [682923.391566265, 2574663.686746988], [682893.391566265, 2574663.686746988], [682893.391566265, 2574673.686746988], [682873.391566265, 2574673.686746988], [682873.391566265, 2574683.686746988], [682863.391566265, 2574683.686746988], [682863.391566265, 2574673.686746988], [682853.391566265, 2574673.686746988], [682853.391566265, 2574633.686746988], [682843.391566265, 2574633.686746988], [682843.391566265, 2574613.686746988], [682833.391566265, 2574613.686746988], [682833.391566265, 2574603.686746988], [682823.391566265, 2574603.686746988], [682823.391566265, 2574573.686746988], [682833.391566265, 2574573.686746988], [682833.391566265, 2574503.686746988], [682843.391566265, 2574503.686746988], [682843.391566265, 2574473.686746988], [682853.391566265, 2574473.686746988], [682853.391566265, 2574453.686746988], [682863.391566265, 2574453.686746988], [682863.391566265, 2574433.686746988], [682873.391566265, 2574433.686746988], [682873.391566265, 2574423.686746988], [682883.391566265, 2574423.686746988], [682883.391566265, 2574393.686746988], [682893.391566265, 2574393.686746988], [682893.391566265, 2574373.686746988], [682913.391566265, 2574373.686746988], [682913.391566265, 2574353.686746988], [682923.391566265, 2574353.686746988], [682923.391566265, 2574333.686746988], [682933.391566265, 2574333.686746988], [682933.391566265, 2574313.686746988], [682943.391566265, 2574313.686746988], [682943.391566265, 2574283.686746988], [682953.391566265, 2574283.686746988], [682953.391566265, 2574293.686746988], [682963.391566265, 2574293.686746988], [682963.391566265, 2574263.686746988], [682973.391566265, 2574263.686746988], [682973.391566265, 2574243.686746988], [682983.391566265, 2574243.686746988], [682983.391566265, 2574233.686746988], [683013.391566265, 2574233.686746988], [683013.391566265, 2574223.686746988], [683023.391566265, 2574223.686746988], [683023.391566265, 2574213.686746988], [683043.391566265, 2574213.686746988], [683043.391566265, 2574203.686746988], [683063.391566265, 2574203.686746988], [683063.391566265, 2574193.686746988], [683083.391566265, 2574193.686746988], [683083.391566265, 2574183.686746988], [683093.391566265, 2574183.686746988], [683093.391566265, 2574173.686746988], [683103.391566265, 2574173.686746988], [683103.391566265, 2574163.686746988], [683123.391566265, 2574163.686746988], [683123.391566265, 2574153.686746988], [683133.391566265, 2574153.686746988], [683133.391566265, 2574143.686746988], [683143.391566265, 2574143.686746988], [683143.391566265, 2574123.686746988], [683153.391566265, 2574123.686746988], [683153.391566265, 2574113.686746988], [683163.391566265, 2574113.686746988], [683163.391566265, 2574103.686746988], [683183.391566265, 2574103.686746988], [683183.391566265, 2574093.686746988], [683193.391566265, 2574093.686746988], [683193.391566265, 2574083.686746988], [683203.391566265, 2574083.686746988], [683203.391566265, 2574063.686746988], [683213.391566265, 2574063.686746988], [683213.391566265, 2574053.686746988], [683223.391566265, 2574053.686746988], [683223.391566265, 2574043.686746988], [683233.391566265, 2574043.686746988], [683233.391566265, 2574033.686746988], [683253.391566265, 2574033.686746988], [683253.391566265, 2574023.686746988], [683273.391566265, 2574023.686746988], [683273.391566265, 2574003.686746988], [683283.391566265, 2574003.686746988], [683283.391566265, 2573993.686746988], [683293.391566265, 2573993.686746988], [683293.391566265, 2573983.686746988], [683303.391566265, 2573983.686746988], [683303.391566265, 2573973.686746988], [683313.391566265, 2573973.686746988], [683313.391566265, 2573953.686746988], [683323.391566265, 2573953.686746988], [683323.391566265, 2573943.686746988], [683333.391566265, 2573943.686746988], [683333.391566265, 2573933.686746988], [683343.391566265, 2573933.686746988], [683343.391566265, 2573923.686746988], [683353.391566265, 2573923.686746988], [683353.391566265, 2573903.686746988], [683363.391566265, 2573903.686746988], [683363.391566265, 2573893.686746988], [683373.391566265, 2573893.686746988], [683373.391566265, 2573873.686746988], [683383.391566265, 2573873.686746988], [683383.391566265, 2573863.686746988], [683393.391566265, 2573863.686746988], [683393.391566265, 2573853.686746988], [683403.391566265, 2573853.686746988], [683403.391566265, 2573843.686746988], [683413.391566265, 2573843.686746988], [683413.391566265, 2573833.686746988], [683423.391566265, 2573833.686746988], [683423.391566265, 2573813.686746988], [683433.391566265, 2573813.686746988], [683433.391566265, 2573793.686746988], [683443.391566265, 2573793.686746988], [683443.391566265, 2573783.686746988], [683453.391566265, 2573783.686746988], [683453.391566265, 2573763.686746988], [683463.391566265, 2573763.686746988], [683463.391566265, 2573733.686746988], [683473.391566265, 2573733.686746988], [683473.391566265, 2573703.686746988], [683483.391566265, 2573703.686746988], [683483.391566265, 2573653.686746988], [683493.391566265, 2573653.686746988], [683493.391566265, 2573613.686746988], [683503.391566265, 2573613.686746988], [683503.391566265, 2573593.686746988], [683513.391566265, 2573593.686746988], [683513.391566265, 2573583.686746988], [683503.391566265, 2573583.686746988], [683503.391566265, 2573573.686746988], [683493.391566265, 2573573.686746988], [683493.391566265, 2573553.686746988], [683483.391566265, 2573553.686746988], [683483.391566265, 2573543.686746988], [683473.391566265, 2573543.686746988], [683473.391566265, 2573523.686746988], [683463.391566265, 2573523.686746988], [683463.391566265, 2573343.686746988], [683473.391566265, 2573343.686746988], [683473.391566265, 2573333.686746988], [683463.391566265, 2573333.686746988], [683463.391566265, 2573223.686746988], [683453.391566265, 2573223.686746988], [683453.391566265, 2573213.686746988], [683443.391566265, 2573213.686746988], [683443.391566265, 2573203.686746988], [683433.391566265, 2573203.686746988], [683433.391566265, 2573193.686746988], [683423.391566265, 2573193.686746988], [683423.391566265, 2573173.686746988], [683443.391566265, 2573173.686746988], [683443.391566265, 2573153.686746988], [683453.391566265, 2573153.686746988], [683453.391566265, 2573083.686746988], [683443.391566265, 2573083.686746988], [683443.391566265, 2573033.686746988], [683453.391566265, 2573033.686746988], [683453.391566265, 2573013.686746988], [683443.391566265, 2573013.686746988], [683443.391566265, 2573003.686746988], [683433.391566265, 2573003.686746988], [683433.391566265, 2572973.686746988], [683423.391566265, 2572973.686746988], [683423.391566265, 2572963.686746988], [683403.391566265, 2572963.686746988], [683403.391566265, 2572953.686746988], [683393.391566265, 2572953.686746988], [683393.391566265, 2572933.686746988], [683403.391566265, 2572933.686746988], [683403.391566265, 2572923.686746988], [683413.391566265, 2572923.686746988], [683413.391566265, 2572873.686746988], [683423.391566265, 2572873.686746988], [683423.391566265, 2572853.686746988], [683433.391566265, 2572853.686746988], [683433.391566265, 2572833.686746988], [683443.391566265, 2572833.686746988], [683443.391566265, 2572823.686746988], [683453.391566265, 2572823.686746988], [683453.391566265, 2572793.686746988], [683463.391566265, 2572793.686746988], [683463.391566265, 2572773.686746988], [683453.391566265, 2572773.686746988], [683453.391566265, 2572753.686746988], [683463.391566265, 2572753.686746988], [683463.391566265, 2572743.686746988], [683473.391566265, 2572743.686746988], [683473.391566265, 2572733.686746988], [683483.391566265, 2572733.686746988], [683483.391566265, 2572723.686746988], [683493.391566265, 2572723.686746988], [683493.391566265, 2572713.686746988], [683503.391566265, 2572713.686746988], [683503.391566265, 2572693.686746988], [683513.391566265, 2572693.686746988], [683513.391566265, 2572683.686746988], [683553.391566265, 2572683.686746988], [683553.391566265, 2572673.686746988], [683573.391566265, 2572673.686746988], [683573.391566265, 2572683.686746988], [683583.391566265, 2572683.686746988], [683583.391566265, 2572693.686746988], [683593.391566265, 2572693.686746988], [683593.391566265, 2572703.686746988], [683603.391566265, 2572703.686746988], [683603.391566265, 2572713.686746988], [683613.391566265, 2572713.686746988], [683613.391566265, 2572723.686746988], [683633.391566265, 2572723.686746988], [683633.391566265, 2572733.686746988], [683753.391566265, 2572733.686746988], [683753.391566265, 2572723.686746988], [683763.391566265, 2572723.686746988], [683763.391566265, 2572733.686746988], [683783.391566265, 2572733.686746988], [683783.391566265, 2572743.686746988], [683793.391566265, 2572743.686746988], [683793.391566265, 2572753.686746988], [683813.391566265, 2572753.686746988], [683813.391566265, 2572763.686746988], [683823.391566265, 2572763.686746988], [683823.391566265, 2572773.686746988], [683833.391566265, 2572773.686746988], [683833.391566265, 2572813.686746988], [683843.391566265, 2572813.686746988], [683843.391566265, 2572833.686746988], [683833.391566265, 2572833.686746988], [683833.391566265, 2572843.686746988], [683823.391566265, 2572843.686746988], [683823.391566265, 2572883.686746988], [683813.391566265, 2572883.686746988], [683813.391566265, 2572893.686746988], [683803.391566265, 2572893.686746988], [683803.391566265, 2572923.686746988], [683793.391566265, 2572923.686746988], [683793.391566265, 2572933.686746988], [683783.391566265, 2572933.686746988], [683783.391566265, 2572953.686746988], [683773.391566265, 2572953.686746988], [683773.391566265, 2572973.686746988], [683763.391566265, 2572973.686746988], [683763.391566265, 2572983.686746988], [683753.391566265, 2572983.686746988], [683753.391566265, 2573013.686746988], [683743.391566265, 2573013.686746988], [683743.391566265, 2573023.686746988], [683733.391566265, 2573023.686746988], [683733.391566265, 2573093.686746988], [683713.391566265, 2573093.686746988], [683713.391566265, 2573183.686746988], [683703.391566265, 2573183.686746988], [683703.391566265, 2573223.686746988], [683693.391566265, 2573223.686746988], [683693.391566265, 2573273.686746988], [683683.391566265, 2573273.686746988], [683683.391566265, 2573283.686746988], [683693.391566265, 2573283.686746988], [683693.391566265, 2573293.686746988], [683683.391566265, 2573293.686746988], [683683.391566265, 2573323.686746988], [683673.391566265, 2573323.686746988], [683673.391566265, 2573363.686746988], [683663.391566265, 2573363.686746988], [683663.391566265, 2573383.686746988], [683653.391566265, 2573383.686746988], [683653.391566265, 2573403.686746988], [683643.391566265, 2573403.686746988], [683643.391566265, 2573433.686746988], [683633.391566265, 2573433.686746988], [683633.391566265, 2573443.686746988], [683623.391566265, 2573443.686746988], [683623.391566265, 2573473.686746988], [683613.391566265, 2573473.686746988], [683613.391566265, 2573483.686746988], [683623.391566265, 2573483.686746988], [683623.391566265, 2573613.686746988], [683633.391566265, 2573613.686746988], [683633.391566265, 2573643.686746988], [683623.391566265, 2573643.686746988], [683623.391566265, 2573653.686746988], [683633.391566265, 2573653.686746988], [683633.391566265, 2573693.686746988], [683623.391566265, 2573693.686746988], [683623.391566265, 2573713.686746988], [683613.391566265, 2573713.686746988], [683613.391566265, 2573773.686746988], [683603.391566265, 2573773.686746988], [683603.391566265, 2573813.686746988], [683593.391566265, 2573813.686746988], [683593.391566265, 2573853.686746988], [683583.391566265, 2573853.686746988], [683583.391566265, 2573883.686746988], [683573.391566265, 2573883.686746988], [683573.391566265, 2573893.686746988], [683563.391566265, 2573893.686746988], [683563.391566265, 2573903.686746988], [683553.391566265, 2573903.686746988], [683553.391566265, 2573923.686746988], [683543.391566265, 2573923.686746988], [683543.391566265, 2573943.686746988], [683533.391566265, 2573943.686746988], [683533.391566265, 2573953.686746988], [683523.391566265, 2573953.686746988], [683523.391566265, 2573963.686746988], [683513.391566265, 2573963.686746988], [683513.391566265, 2573983.686746988], [683503.391566265, 2573983.686746988], [683503.391566265, 2574003.686746988], [683483.391566265, 2574003.686746988], [683483.391566265, 2574013.686746988], [683473.391566265, 2574013.686746988], [683473.391566265, 2574033.686746988], [683463.391566265, 2574033.686746988], [683463.391566265, 2574043.686746988], [683453.391566265, 2574043.686746988], [683453.391566265, 2574063.686746988], [683443.391566265, 2574063.686746988], [683443.391566265, 2574073.686746988], [683433.391566265, 2574073.686746988], [683433.391566265, 2574083.686746988], [683423.391566265, 2574083.686746988], [683423.391566265, 2574093.686746988], [683413.391566265, 2574093.686746988], [683413.391566265, 2574113.686746988], [683403.391566265, 2574113.686746988], [683403.391566265, 2574123.686746988], [683393.391566265, 2574123.686746988], [683393.391566265, 2574133.686746988], [683383.391566265, 2574133.686746988], [683383.391566265, 2574143.686746988], [683373.391566265, 2574143.686746988], [683373.391566265, 2574153.686746988], [683363.391566265, 2574153.686746988], [683363.391566265, 2574173.686746988], [683353.391566265, 2574173.686746988], [683353.391566265, 2574183.686746988], [683343.391566265, 2574183.686746988], [683343.391566265, 2574193.686746988], [683333.391566265, 2574193.686746988], [683333.391566265, 2574203.686746988], [683323.391566265, 2574203.686746988], [683323.391566265, 2574213.686746988], [683303.391566265, 2574213.686746988], [683303.391566265, 2574223.686746988], [683293.391566265, 2574223.686746988], [683293.391566265, 2574233.686746988], [683283.391566265, 2574233.686746988], [683283.391566265, 2574243.686746988], [683273.391566265, 2574243.686746988], [683273.391566265, 2574263.686746988], [683263.391566265, 2574263.686746988], [683263.391566265, 2574273.686746988], [683253.391566265, 2574273.686746988], [683253.391566265, 2574283.686746988], [683243.391566265, 2574283.686746988], [683243.391566265, 2574293.686746988], [683233.391566265, 2574293.686746988], [683233.391566265, 2574303.686746988], [683223.391566265, 2574303.686746988], [683223.391566265, 2574313.686746988], [683213.391566265, 2574313.686746988], [683213.391566265, 2574323.686746988], [683203.391566265, 2574323.686746988], [683203.391566265, 2574333.686746988], [683193.391566265, 2574333.686746988], [683193.391566265, 2574353.686746988], [683183.391566265, 2574353.686746988], [683183.391566265, 2574363.686746988], [683143.391566265, 2574363.686746988], [683143.391566265, 2574373.686746988], [683133.391566265, 2574373.686746988], [683133.391566265, 2574383.686746988], [683123.391566265, 2574383.686746988], [683123.391566265, 2574403.686746988], [683103.391566265, 2574403.686746988], [683103.391566265, 2574413.686746988], [683083.391566265, 2574413.686746988], [683083.391566265, 2574423.686746988], [683073.391566265, 2574423.686746988], [683073.391566265, 2574433.686746988], [683063.391566265, 2574433.686746988], [683063.391566265, 2574443.686746988], [683023.391566265, 2574443.686746988], [683023.391566265, 2574453.686746988], [683013.391566265, 2574453.686746988], [683013.391566265, 2574463.686746988], [683003.391566265, 2574463.686746988], [683003.391566265, 2574513.686746988], [683013.391566265, 2574513.686746988], [683013.391566265, 2574523.686746988], [683023.391566265, 2574523.686746988], [683023.391566265, 2574533.686746988], [683043.391566265, 2574533.686746988], [683043.391566265, 2574543.686746988], [683073.391566265, 2574543.686746988], [683073.391566265, 2574553.686746988], [683093.391566265, 2574553.686746988], [683093.391566265, 2574563.686746988], [683113.391566265, 2574563.686746988], [683113.391566265, 2574573.686746988], [683123.391566265, 2574573.686746988], [683123.391566265, 2574563.686746988], [683133.391566265, 2574563.686746988], [683133.391566265, 2574553.686746988], [683153.391566265, 2574553.686746988], [683153.391566265, 2574563.686746988], [683163.391566265, 2574563.686746988], [683163.391566265, 2574573.686746988], [683183.391566265, 2574573.686746988], [683183.391566265, 2574563.686746988], [683203.391566265, 2574563.686746988], [683203.391566265, 2574553.686746988], [683223.391566265, 2574553.686746988], [683223.391566265, 2574543.686746988], [683233.391566265, 2574543.686746988], [683233.391566265, 2574533.686746988], [683253.391566265, 2574533.686746988], [683253.391566265, 2574503.686746988], [683243.391566265, 2574503.686746988], [683243.391566265, 2574473.686746988], [683253.391566265, 2574473.686746988], [683253.391566265, 2574463.686746988], [683263.391566265, 2574463.686746988], [683263.391566265, 2574453.686746988], [683273.391566265, 2574453.686746988], [683273.391566265, 2574433.686746988], [683283.391566265, 2574433.686746988], [683283.391566265, 2574413.686746988], [683293.391566265, 2574413.686746988], [683293.391566265, 2574403.686746988], [683303.391566265, 2574403.686746988], [683303.391566265, 2574393.686746988], [683313.391566265, 2574393.686746988], [683313.391566265, 2574383.686746988], [683323.391566265, 2574383.686746988], [683323.391566265, 2574373.686746988], [683333.391566265, 2574373.686746988], [683333.391566265, 2574363.686746988], [683343.391566265, 2574363.686746988], [683343.391566265, 2574343.686746988], [683353.391566265, 2574343.686746988], [683353.391566265, 2574323.686746988], [683373.391566265, 2574323.686746988], [683373.391566265, 2574313.686746988], [683383.391566265, 2574313.686746988], [683383.391566265, 2574303.686746988], [683393.391566265, 2574303.686746988], [683393.391566265, 2574293.686746988], [683403.391566265, 2574293.686746988], [683403.391566265, 2574283.686746988], [683413.391566265, 2574283.686746988], [683413.391566265, 2574273.686746988], [683423.391566265, 2574273.686746988], [683423.391566265, 2574263.686746988], [683443.391566265, 2574263.686746988], [683443.391566265, 2574253.686746988], [683453.391566265, 2574253.686746988], [683453.391566265, 2574243.686746988], [683483.391566265, 2574243.686746988], [683483.391566265, 2574233.686746988], [683513.391566265, 2574233.686746988], [683513.391566265, 2574223.686746988], [683523.391566265, 2574223.686746988], [683523.391566265, 2574213.686746988], [683533.391566265, 2574213.686746988], [683533.391566265, 2574203.686746988], [683603.391566265, 2574203.686746988], [683603.391566265, 2574193.686746988], [683623.391566265, 2574193.686746988], [683623.391566265, 2574203.686746988], [683643.391566265, 2574203.686746988], [683643.391566265, 2574193.686746988], [683663.391566265, 2574193.686746988], [683663.391566265, 2574203.686746988], [683673.391566265, 2574203.686746988], [683673.391566265, 2574213.686746988], [683723.391566265, 2574213.686746988], [683723.391566265, 2574223.686746988], [683743.391566265, 2574223.686746988], [683743.391566265, 2574233.686746988], [683763.391566265, 2574233.686746988], [683763.391566265, 2574243.686746988], [683773.391566265, 2574243.686746988], [683773.391566265, 2574263.686746988], [683783.391566265, 2574263.686746988], [683783.391566265, 2574303.686746988], [683793.391566265, 2574303.686746988], [683793.391566265, 2574313.686746988], [683813.391566265, 2574313.686746988], [683813.391566265, 2574323.686746988], [683833.391566265, 2574323.686746988], [683833.391566265, 2574313.686746988], [683863.391566265, 2574313.686746988], [683863.391566265, 2574333.686746988], [683873.391566265, 2574333.686746988], [683873.391566265, 2574343.686746988], [683893.391566265, 2574343.686746988], [683893.391566265, 2574353.686746988], [683903.391566265, 2574353.686746988], [683903.391566265, 2574373.686746988], [683913.391566265, 2574373.686746988], [683913.391566265, 2574383.686746988], [683933.391566265, 2574383.686746988], [683933.391566265, 2574393.686746988], [683953.391566265, 2574393.686746988], [683953.391566265, 2574413.686746988], [683963.391566265, 2574413.686746988], [683963.391566265, 2574423.686746988], [683973.391566265, 2574423.686746988], [683973.391566265, 2574433.686746988], [683983.391566265, 2574433.686746988], [683983.391566265, 2574453.686746988], [683993.391566265, 2574453.686746988], [683993.391566265, 2574463.686746988], [684003.391566265, 2574463.686746988], [684003.391566265, 2574473.686746988], [684013.391566265, 2574473.686746988], [684013.391566265, 2574483.686746988], [684043.391566265, 2574483.686746988], [684043.391566265, 2574503.686746988], [684053.391566265, 2574503.686746988], [684053.391566265, 2574513.686746988], [684063.391566265, 2574513.686746988], [684063.391566265, 2574523.686746988], [684073.391566265, 2574523.686746988], [684073.391566265, 2574533.686746988], [684083.391566265, 2574533.686746988], [684083.391566265, 2574543.686746988], [684093.391566265, 2574543.686746988], [684093.391566265, 2574553.686746988], [684103.391566265, 2574553.686746988], [684103.391566265, 2574573.686746988], [684123.391566265, 2574573.686746988], [684123.391566265, 2574583.686746988], [684133.391566265, 2574583.686746988], [684133.391566265, 2574593.686746988], [684153.391566265, 2574593.686746988], [684153.391566265, 2574603.686746988], [684163.391566265, 2574603.686746988], [684163.391566265, 2574613.686746988], [684183.391566265, 2574613.686746988], [684183.391566265, 2574633.686746988], [684193.391566265, 2574633.686746988], [684193.391566265, 2574643.686746988], [684203.391566265, 2574643.686746988], [684203.391566265, 2574653.686746988], [684233.391566265, 2574653.686746988], [684233.391566265, 2574663.686746988], [684253.391566265, 2574663.686746988], [684253.391566265, 2574653.686746988], [684283.391566265, 2574653.686746988], [684283.391566265, 2574673.686746988], [684303.391566265, 2574673.686746988], [684303.391566265, 2574693.686746988], [684323.391566265, 2574693.686746988], [684323.391566265, 2574703.686746988], [684343.391566265, 2574703.686746988], [684343.391566265, 2574713.686746988], [684353.391566265, 2574713.686746988], [684353.391566265, 2574723.686746988], [684403.391566265, 2574723.686746988], [684403.391566265, 2574733.686746988], [684453.391566265, 2574733.686746988], [684453.391566265, 2574743.686746988], [684463.391566265, 2574743.686746988], [684463.391566265, 2574733.686746988], [684473.391566265, 2574733.686746988], [684473.391566265, 2574703.686746988], [684463.391566265, 2574703.686746988], [684463.391566265, 2574693.686746988], [684453.391566265, 2574693.686746988], [684453.391566265, 2574683.686746988], [684443.391566265, 2574683.686746988], [684443.391566265, 2574663.686746988], [684453.391566265, 2574663.686746988], [684453.391566265, 2574653.686746988], [684463.391566265, 2574653.686746988], [684463.391566265, 2574633.686746988], [684473.391566265, 2574633.686746988], [684473.391566265, 2574673.686746988], [684493.391566265, 2574673.686746988], [684493.391566265, 2574683.686746988], [684503.391566265, 2574683.686746988], [684503.391566265, 2574693.686746988], [684523.391566265, 2574693.686746988], [684523.391566265, 2574703.686746988], [684543.391566265, 2574703.686746988], [684543.391566265, 2574713.686746988], [684583.391566265, 2574713.686746988], [684583.391566265, 2574703.686746988], [684593.391566265, 2574703.686746988], [684593.391566265, 2574683.686746988], [684603.391566265, 2574683.686746988], [684603.391566265, 2574663.686746988], [684613.391566265, 2574663.686746988], [684613.391566265, 2574653.686746988], [684623.391566265, 2574653.686746988], [684623.391566265, 2574603.686746988], [684633.391566265, 2574603.686746988], [684633.391566265, 2574573.686746988], [684613.391566265, 2574573.686746988], [684613.391566265, 2574553.686746988], [684653.391566265, 2574553.686746988], [684653.391566265, 2574543.686746988], [684663.391566265, 2574543.686746988], [684663.391566265, 2574533.686746988], [684673.391566265, 2574533.686746988], [684673.391566265, 2574513.686746988], [684683.391566265, 2574513.686746988], [684683.391566265, 2574503.686746988], [684693.391566265, 2574503.686746988], [684693.391566265, 2574463.686746988], [684683.391566265, 2574463.686746988], [684683.391566265, 2574453.686746988], [684673.391566265, 2574453.686746988], [684673.391566265, 2574443.686746988], [684653.391566265, 2574443.686746988], [684653.391566265, 2574433.686746988], [684643.391566265, 2574433.686746988], [684643.391566265, 2574413.686746988], [684673.391566265, 2574413.686746988], [684673.391566265, 2574403.686746988], [684703.391566265, 2574403.686746988], [684703.391566265, 2574393.686746988], [684713.391566265, 2574393.686746988], [684713.391566265, 2574383.686746988], [684723.391566265, 2574383.686746988], [684723.391566265, 2574363.686746988], [684733.391566265, 2574363.686746988], [684733.391566265, 2574343.686746988], [684743.391566265, 2574343.686746988], [684743.391566265, 2574293.686746988], [684753.391566265, 2574293.686746988], [684753.391566265, 2574243.686746988], [684743.391566265, 2574243.686746988], [684743.391566265, 2574223.686746988], [684733.391566265, 2574223.686746988], [684733.391566265, 2574123.686746988], [684743.391566265, 2574123.686746988], [684743.391566265, 2574053.686746988], [684753.391566265, 2574053.686746988], [684753.391566265, 2574013.686746988], [684743.391566265, 2574013.686746988], [684743.391566265, 2573983.686746988], [684753.391566265, 2573983.686746988], [684753.391566265, 2573963.686746988], [684763.391566265, 2573963.686746988], [684763.391566265, 2573933.686746988], [684773.391566265, 2573933.686746988], [684773.391566265, 2573913.686746988], [684783.391566265, 2573913.686746988], [684783.391566265, 2573903.686746988], [684763.391566265, 2573903.686746988], [684763.391566265, 2573873.686746988], [684773.391566265, 2573873.686746988], [684773.391566265, 2573863.686746988], [684783.391566265, 2573863.686746988], [684783.391566265, 2573823.686746988], [684793.391566265, 2573823.686746988], [684793.391566265, 2573793.686746988], [684803.391566265, 2573793.686746988], [684803.391566265, 2573783.686746988], [684813.391566265, 2573783.686746988], [684813.391566265, 2573763.686746988], [684823.391566265, 2573763.686746988], [684823.391566265, 2573753.686746988], [684833.391566265, 2573753.686746988], [684833.391566265, 2573723.686746988], [684843.391566265, 2573723.686746988], [684843.391566265, 2573703.686746988], [684833.391566265, 2573703.686746988], [684833.391566265, 2573693.686746988], [684823.391566265, 2573693.686746988], [684823.391566265, 2573683.686746988], [684813.391566265, 2573683.686746988], [684813.391566265, 2573673.686746988], [684803.391566265, 2573673.686746988], [684803.391566265, 2573643.686746988], [684793.391566265, 2573643.686746988], [684793.391566265, 2573633.686746988], [684813.391566265, 2573633.686746988], [684813.391566265, 2573643.686746988], [684823.391566265, 2573643.686746988], [684823.391566265, 2573653.686746988], [684853.391566265, 2573653.686746988], [684853.391566265, 2573663.686746988], [684903.391566265, 2573663.686746988], [684903.391566265, 2573653.686746988], [684913.391566265, 2573653.686746988], [684913.391566265, 2573633.686746988], [684923.391566265, 2573633.686746988], [684923.391566265, 2573613.686746988], [684913.391566265, 2573613.686746988], [684913.391566265, 2573603.686746988], [684923.391566265, 2573603.686746988], [684923.391566265, 2573593.686746988], [684943.391566265, 2573593.686746988], [684943.391566265, 2573583.686746988], [684953.391566265, 2573583.686746988], [684953.391566265, 2573563.686746988], [684963.391566265, 2573563.686746988], [684963.391566265, 2573533.686746988], [684973.391566265, 2573533.686746988], [684973.391566265, 2573523.686746988], [684983.391566265, 2573523.686746988], [684983.391566265, 2573533.686746988], [684993.391566265, 2573533.686746988], [684993.391566265, 2573543.686746988], [685003.391566265, 2573543.686746988], [685003.391566265, 2573553.686746988], [685043.391566265, 2573553.686746988], [685043.391566265, 2573543.686746988], [685063.391566265, 2573543.686746988], [685063.391566265, 2573533.686746988], [685073.391566265, 2573533.686746988], [685073.391566265, 2573523.686746988], [685093.391566265, 2573523.686746988], [685093.391566265, 2573513.686746988], [685103.391566265, 2573513.686746988], [685103.391566265, 2573503.686746988], [685123.391566265, 2573503.686746988], [685123.391566265, 2573493.686746988], [685133.391566265, 2573493.686746988], [685133.391566265, 2573483.686746988], [685153.391566265, 2573483.686746988], [685153.391566265, 2573473.686746988], [685173.391566265, 2573473.686746988], [685173.391566265, 2573463.686746988], [685183.391566265, 2573463.686746988], [685183.391566265, 2573453.686746988], [685203.391566265, 2573453.686746988], [685203.391566265, 2573443.686746988], [685223.391566265, 2573443.686746988], [685223.391566265, 2573433.686746988], [685243.391566265, 2573433.686746988], [685243.391566265, 2573423.686746988], [685253.391566265, 2573423.686746988], [685253.391566265, 2573413.686746988], [685273.391566265, 2573413.686746988], [685273.391566265, 2573403.686746988], [685283.391566265, 2573403.686746988], [685283.391566265, 2573393.686746988], [685293.391566265, 2573393.686746988], [685293.391566265, 2573383.686746988], [685323.391566265, 2573383.686746988], [685323.391566265, 2573393.686746988], [685383.391566265, 2573393.686746988], [685383.391566265, 2573403.686746988], [685413.391566265, 2573403.686746988], [685413.391566265, 2573393.686746988], [685423.391566265, 2573393.686746988], [685423.391566265, 2573383.686746988], [685433.391566265, 2573383.686746988], [685433.391566265, 2573373.686746988], [685453.391566265, 2573373.686746988], [685453.391566265, 2573383.686746988], [685473.391566265, 2573383.686746988], [685473.391566265, 2573373.686746988], [685493.391566265, 2573373.686746988], [685493.391566265, 2573393.686746988], [685523.391566265, 2573393.686746988], [685523.391566265, 2573403.686746988], [685533.391566265, 2573403.686746988], [685533.391566265, 2573453.686746988], [685563.391566265, 2573453.686746988], [685563.391566265, 2573443.686746988], [685573.391566265, 2573443.686746988], [685573.391566265, 2573433.686746988], [685643.391566265, 2573433.686746988], [685643.391566265, 2573443.686746988], [685653.391566265, 2573443.686746988], [685653.391566265, 2573473.686746988], [685663.391566265, 2573473.686746988], [685663.391566265, 2573483.686746988], [685673.391566265, 2573483.686746988], [685673.391566265, 2573473.686746988], [685683.391566265, 2573473.686746988], [685683.391566265, 2573463.686746988], [685693.391566265, 2573463.686746988], [685693.391566265, 2573443.686746988], [685703.391566265, 2573443.686746988], [685703.391566265, 2573423.686746988], [685713.391566265, 2573423.686746988], [685713.391566265, 2573413.686746988], [685723.391566265, 2573413.686746988], [685723.391566265, 2573383.686746988], [685713.391566265, 2573383.686746988], [685713.391566265, 2573373.686746988], [685703.391566265, 2573373.686746988], [685703.391566265, 2573353.686746988], [685693.391566265, 2573353.686746988], [685693.391566265, 2573323.686746988], [685713.391566265, 2573323.686746988], [685713.391566265, 2573333.686746988], [685723.391566265, 2573333.686746988], [685723.391566265, 2573343.686746988], [685733.391566265, 2573343.686746988], [685733.391566265, 2573353.686746988], [685743.391566265, 2573353.686746988], [685743.391566265, 2573363.686746988], [685773.391566265, 2573363.686746988], [685773.391566265, 2573353.686746988], [685793.391566265, 2573353.686746988], [685793.391566265, 2573343.686746988], [685803.391566265, 2573343.686746988], [685803.391566265, 2573323.686746988], [685833.391566265, 2573323.686746988], [685833.391566265, 2573313.686746988], [685843.391566265, 2573313.686746988], [685843.391566265, 2573303.686746988], [685853.391566265, 2573303.686746988], [685853.391566265, 2573293.686746988], [685873.391566265, 2573293.686746988], [685873.391566265, 2573283.686746988], [685883.391566265, 2573283.686746988], [685883.391566265, 2573273.686746988], [685903.391566265, 2573273.686746988], [685903.391566265, 2573263.686746988], [685913.391566265, 2573263.686746988], [685913.391566265, 2573243.686746988], [685923.391566265, 2573243.686746988], [685923.391566265, 2573233.686746988], [685963.391566265, 2573233.686746988], [685963.391566265, 2573223.686746988], [685983.391566265, 2573223.686746988], [685983.391566265, 2573213.686746988], [685993.391566265, 2573213.686746988], [685993.391566265, 2573203.686746988], [686003.391566265, 2573203.686746988], [686003.391566265, 2573193.686746988], [686013.391566265, 2573193.686746988], [686013.391566265, 2573183.686746988], [686023.391566265, 2573183.686746988], [686023.391566265, 2573173.686746988], [686033.391566265, 2573173.686746988], [686033.391566265, 2573163.686746988], [686043.391566265, 2573163.686746988], [686043.391566265, 2573153.686746988], [686063.391566265, 2573153.686746988], [686063.391566265, 2573183.686746988], [686053.391566265, 2573183.686746988], [686053.391566265, 2573263.686746988], [686063.391566265, 2573263.686746988], [686063.391566265, 2573303.686746988], [686073.391566265, 2573303.686746988], [686073.391566265, 2573313.686746988], [686083.391566265, 2573313.686746988], [686083.391566265, 2573323.686746988], [686093.391566265, 2573323.686746988], [686093.391566265, 2573343.686746988], [686123.391566265, 2573343.686746988], [686123.391566265, 2573403.686746988], [686133.391566265, 2573403.686746988], [686133.391566265, 2573423.686746988], [686143.391566265, 2573423.686746988], [686143.391566265, 2573473.686746988], [686153.391566265, 2573473.686746988], [686153.391566265, 2573493.686746988], [686163.391566265, 2573493.686746988], [686163.391566265, 2573513.686746988], [686173.391566265, 2573513.686746988], [686173.391566265, 2573533.686746988], [686183.391566265, 2573533.686746988], [686183.391566265, 2573543.686746988], [686193.391566265, 2573543.686746988], [686193.391566265, 2573553.686746988], [686203.391566265, 2573553.686746988], [686203.391566265, 2573563.686746988], [686213.391566265, 2573563.686746988], [686213.391566265, 2573573.686746988], [686223.391566265, 2573573.686746988], [686223.391566265, 2573593.686746988], [686233.391566265, 2573593.686746988], [686233.391566265, 2573603.686746988], [686243.391566265, 2573603.686746988], [686243.391566265, 2573633.686746988], [686233.391566265, 2573633.686746988], [686233.391566265, 2573703.686746988], [686223.391566265, 2573703.686746988], [686223.391566265, 2573803.686746988], [686213.391566265, 2573803.686746988], [686213.391566265, 2573833.686746988], [686203.391566265, 2573833.686746988], [686203.391566265, 2573843.686746988], [686193.391566265, 2573843.686746988], [686193.391566265, 2573893.686746988], [686183.391566265, 2573893.686746988], [686183.391566265, 2573903.686746988], [686163.391566265, 2573903.686746988], [686163.391566265, 2573913.686746988], [686153.391566265, 2573913.686746988], [686153.391566265, 2573923.686746988], [686233.391566265, 2573923.686746988], [686233.391566265, 2573933.686746988], [686243.391566265, 2573933.686746988], [686243.391566265, 2573923.686746988], [686283.391566265, 2573923.686746988], [686283.391566265, 2573933.686746988], [686313.391566265, 2573933.686746988], [686313.391566265, 2573923.686746988], [686453.391566265, 2573923.686746988], [686453.391566265, 2573913.686746988], [686463.391566265, 2573913.686746988], [686463.391566265, 2573903.686746988], [686503.391566265, 2573903.686746988], [686503.391566265, 2573913.686746988], [686553.391566265, 2573913.686746988], [686553.391566265, 2573903.686746988], [686573.391566265, 2573903.686746988], [686573.391566265, 2573863.686746988], [686583.391566265, 2573863.686746988], [686583.391566265, 2573813.686746988], [686593.391566265, 2573813.686746988], [686593.391566265, 2573823.686746988], [686603.391566265, 2573823.686746988], [686603.391566265, 2573833.686746988], [686613.391566265, 2573833.686746988], [686613.391566265, 2573823.686746988], [686633.391566265, 2573823.686746988], [686633.391566265, 2573813.686746988], [686643.391566265, 2573813.686746988], [686643.391566265, 2573803.686746988], [686653.391566265, 2573803.686746988], [686653.391566265, 2573813.686746988], [686713.391566265, 2573813.686746988], [686713.391566265, 2573803.686746988], [686723.391566265, 2573803.686746988], [686723.391566265, 2573793.686746988], [686743.391566265, 2573793.686746988], [686743.391566265, 2573783.686746988], [686773.391566265, 2573783.686746988], [686773.391566265, 2573773.686746988], [686763.391566265, 2573773.686746988], [686763.391566265, 2573743.686746988], [686783.391566265, 2573743.686746988], [686783.391566265, 2573753.686746988], [686813.391566265, 2573753.686746988], [686813.391566265, 2573763.686746988], [686893.391566265, 2573763.686746988], [686893.391566265, 2573753.686746988], [686903.391566265, 2573753.686746988], [686903.391566265, 2573713.686746988], [686913.391566265, 2573713.686746988], [686913.391566265, 2573703.686746988], [686923.391566265, 2573703.686746988], [686923.391566265, 2573693.686746988], [686933.391566265, 2573693.686746988], [686933.391566265, 2573703.686746988], [686963.391566265, 2573703.686746988], [686963.391566265, 2573693.686746988], [686993.391566265, 2573693.686746988], [686993.391566265, 2573683.686746988], [687003.391566265, 2573683.686746988], [687003.391566265, 2573673.686746988], [687013.391566265, 2573673.686746988], [687013.391566265, 2573663.686746988], [687023.391566265, 2573663.686746988], [687023.391566265, 2573653.686746988], [687053.391566265, 2573653.686746988], [687053.391566265, 2573643.686746988], [687063.391566265, 2573643.686746988], [687063.391566265, 2573603.686746988], [687073.391566265, 2573603.686746988], [687073.391566265, 2573593.686746988], [687103.391566265, 2573593.686746988], [687103.391566265, 2573583.686746988], [687113.391566265, 2573583.686746988], [687113.391566265, 2573563.686746988], [687123.391566265, 2573563.686746988], [687123.391566265, 2573553.686746988], [687133.391566265, 2573553.686746988], [687133.391566265, 2573543.686746988], [687143.391566265, 2573543.686746988], [687143.391566265, 2573533.686746988], [687153.391566265, 2573533.686746988], [687153.391566265, 2573513.686746988], [687163.391566265, 2573513.686746988], [687163.391566265, 2573503.686746988], [687173.391566265, 2573503.686746988], [687173.391566265, 2573493.686746988], [687183.391566265, 2573493.686746988], [687183.391566265, 2573483.686746988], [687193.391566265, 2573483.686746988], [687193.391566265, 2573473.686746988], [687213.391566265, 2573473.686746988], [687213.391566265, 2573443.686746988], [687223.391566265, 2573443.686746988], [687223.391566265, 2573433.686746988], [687243.391566265, 2573433.686746988], [687243.391566265, 2573413.686746988], [687253.391566265, 2573413.686746988], [687253.391566265, 2573383.686746988], [687263.391566265, 2573383.686746988], [687263.391566265, 2573343.686746988], [687253.391566265, 2573343.686746988], [687253.391566265, 2573323.686746988], [687313.391566265, 2573323.686746988], [687313.391566265, 2573303.686746988], [687323.391566265, 2573303.686746988], [687323.391566265, 2573293.686746988], [687343.391566265, 2573293.686746988], [687343.391566265, 2573283.686746988], [687353.391566265, 2573283.686746988], [687353.391566265, 2573273.686746988], [687363.391566265, 2573273.686746988], [687363.391566265, 2573263.686746988], [687373.391566265, 2573263.686746988], [687373.391566265, 2573253.686746988], [687383.391566265, 2573253.686746988], [687383.391566265, 2573243.686746988], [687393.391566265, 2573243.686746988], [687393.391566265, 2573223.686746988], [687423.391566265, 2573223.686746988], [687423.391566265, 2573213.686746988], [687433.391566265, 2573213.686746988], [687433.391566265, 2573193.686746988], [687443.391566265, 2573193.686746988], [687443.391566265, 2573183.686746988], [687453.391566265, 2573183.686746988], [687453.391566265, 2573153.686746988], [687463.391566265, 2573153.686746988], [687463.391566265, 2573123.686746988], [687473.391566265, 2573123.686746988], [687473.391566265, 2573113.686746988], [687483.391566265, 2573113.686746988], [687483.391566265, 2573083.686746988], [687493.391566265, 2573083.686746988], [687493.391566265, 2573063.686746988], [687503.391566265, 2573063.686746988], [687503.391566265, 2573043.686746988], [687513.391566265, 2573043.686746988], [687513.391566265, 2573033.686746988], [687523.391566265, 2573033.686746988], [687523.391566265, 2573023.686746988], [687533.391566265, 2573023.686746988], [687533.391566265, 2572943.686746988], [687513.391566265, 2572943.686746988], [687513.391566265, 2572933.686746988], [687433.391566265, 2572933.686746988], [687433.391566265, 2572913.686746988], [687423.391566265, 2572913.686746988], [687423.391566265, 2572893.686746988], [687403.391566265, 2572893.686746988], [687403.391566265, 2572883.686746988], [687393.391566265, 2572883.686746988], [687393.391566265, 2572863.686746988], [687433.391566265, 2572863.686746988], [687433.391566265, 2572873.686746988], [687463.391566265, 2572873.686746988], [687463.391566265, 2572883.686746988], [687483.391566265, 2572883.686746988], [687483.391566265, 2572873.686746988], [687503.391566265, 2572873.686746988], [687503.391566265, 2572863.686746988], [687513.391566265, 2572863.686746988], [687513.391566265, 2572853.686746988], [687543.391566265, 2572853.686746988], [687543.391566265, 2572843.686746988], [687553.391566265, 2572843.686746988], [687553.391566265, 2572803.686746988], [687563.391566265, 2572803.686746988], [687563.391566265, 2572763.686746988], [687583.391566265, 2572763.686746988], [687583.391566265, 2572743.686746988], [687593.391566265, 2572743.686746988], [687593.391566265, 2572723.686746988], [687603.391566265, 2572723.686746988], [687603.391566265, 2572693.686746988], [687613.391566265, 2572693.686746988], [687613.391566265, 2572673.686746988], [687623.391566265, 2572673.686746988], [687623.391566265, 2572653.686746988], [687633.391566265, 2572653.686746988], [687633.391566265, 2572643.686746988], [687643.391566265, 2572643.686746988], [687643.391566265, 2572583.686746988], [687653.391566265, 2572583.686746988], [687653.391566265, 2572563.686746988], [687663.391566265, 2572563.686746988], [687663.391566265, 2572543.686746988], [687673.391566265, 2572543.686746988], [687673.391566265, 2572533.686746988], [687683.391566265, 2572533.686746988], [687683.391566265, 2572503.686746988], [687693.391566265, 2572503.686746988], [687693.391566265, 2572463.686746988], [687713.391566265, 2572463.686746988], [687713.391566265, 2572453.686746988], [687723.391566265, 2572453.686746988], [687723.391566265, 2572443.686746988], [687733.391566265, 2572443.686746988], [687733.391566265, 2572433.686746988], [687743.391566265, 2572433.686746988], [687743.391566265, 2572403.686746988], [687763.391566265, 2572403.686746988], [687763.391566265, 2572383.686746988], [687773.391566265, 2572383.686746988], [687773.391566265, 2572373.686746988], [687783.391566265, 2572373.686746988], [687783.391566265, 2572363.686746988], [687793.391566265, 2572363.686746988], [687793.391566265, 2572353.686746988], [687803.391566265, 2572353.686746988], [687803.391566265, 2572343.686746988], [687823.391566265, 2572343.686746988], [687823.391566265, 2572323.686746988], [687833.391566265, 2572323.686746988], [687833.391566265, 2572313.686746988], [687853.391566265, 2572313.686746988], [687853.391566265, 2572303.686746988], [687863.391566265, 2572303.686746988], [687863.391566265, 2572283.686746988], [687913.391566265, 2572283.686746988], [687913.391566265, 2572273.686746988], [687923.391566265, 2572273.686746988], [687923.391566265, 2572263.686746988], [687963.391566265, 2572263.686746988], [687963.391566265, 2572253.686746988], [687973.391566265, 2572253.686746988], [687973.391566265, 2572243.686746988], [687983.391566265, 2572243.686746988], [687983.391566265, 2572223.686746988], [687993.391566265, 2572223.686746988], [687993.391566265, 2572213.686746988], [688033.391566265, 2572213.686746988], [688033.391566265, 2572203.686746988], [688043.391566265, 2572203.686746988], [688043.391566265, 2572213.686746988], [688093.391566265, 2572213.686746988], [688093.391566265, 2572223.686746988], [688103.391566265, 2572223.686746988], [688103.391566265, 2572213.686746988], [688123.391566265, 2572213.686746988], [688123.391566265, 2572183.686746988], [688153.391566265, 2572183.686746988], [688153.391566265, 2572193.686746988], [688173.391566265, 2572193.686746988], [688173.391566265, 2572183.686746988], [688193.391566265, 2572183.686746988], [688193.391566265, 2572173.686746988], [688213.391566265, 2572173.686746988], [688213.391566265, 2572183.686746988], [688233.391566265, 2572183.686746988], [688233.391566265, 2572193.686746988], [688243.391566265, 2572193.686746988], [688243.391566265, 2572183.686746988], [688253.391566265, 2572183.686746988], [688253.391566265, 2572163.686746988], [688263.391566265, 2572163.686746988], [688263.391566265, 2572133.686746988], [688253.391566265, 2572133.686746988], [688253.391566265, 2572083.686746988], [688263.391566265, 2572083.686746988], [688263.391566265, 2572063.686746988], [688283.391566265, 2572063.686746988], [688283.391566265, 2572073.686746988], [688293.391566265, 2572073.686746988], [688293.391566265, 2572083.686746988], [688303.391566265, 2572083.686746988], [688303.391566265, 2572093.686746988], [688323.391566265, 2572093.686746988], [688323.391566265, 2572073.686746988], [688363.391566265, 2572073.686746988], [688363.391566265, 2572153.686746988], [688373.391566265, 2572153.686746988], [688373.391566265, 2572163.686746988], [688393.391566265, 2572163.686746988], [688393.391566265, 2572193.686746988], [688403.391566265, 2572193.686746988], [688403.391566265, 2572183.686746988], [688413.391566265, 2572183.686746988], [688413.391566265, 2572193.686746988], [688473.391566265, 2572193.686746988], [688473.391566265, 2572203.686746988], [688493.391566265, 2572203.686746988], [688493.391566265, 2572233.686746988], [688503.391566265, 2572233.686746988], [688503.391566265, 2572243.686746988], [688513.391566265, 2572243.686746988], [688513.391566265, 2572283.686746988], [688523.391566265, 2572283.686746988], [688523.391566265, 2572293.686746988], [688543.391566265, 2572293.686746988], [688543.391566265, 2572303.686746988], [688573.391566265, 2572303.686746988], [688573.391566265, 2572343.686746988], [688593.391566265, 2572343.686746988], [688593.391566265, 2572353.686746988], [688613.391566265, 2572353.686746988], [688613.391566265, 2572363.686746988], [688623.391566265, 2572363.686746988], [688623.391566265, 2572373.686746988], [688633.391566265, 2572373.686746988], [688633.391566265, 2572423.686746988], [688653.391566265, 2572423.686746988], [688653.391566265, 2572433.686746988], [688663.391566265, 2572433.686746988], [688663.391566265, 2572453.686746988], [688723.391566265, 2572453.686746988], [688723.391566265, 2572463.686746988], [688733.391566265, 2572463.686746988], [688733.391566265, 2572483.686746988], [688723.391566265, 2572483.686746988], [688723.391566265, 2572513.686746988], [688713.391566265, 2572513.686746988], [688713.391566265, 2572523.686746988], [688723.391566265, 2572523.686746988], [688723.391566265, 2572543.686746988], [688753.391566265, 2572543.686746988], [688753.391566265, 2572553.686746988], [688763.391566265, 2572553.686746988], [688763.391566265, 2572583.686746988], [688773.391566265, 2572583.686746988], [688773.391566265, 2572593.686746988], [688783.391566265, 2572593.686746988], [688783.391566265, 2572603.686746988], [688803.391566265, 2572603.686746988], [688803.391566265, 2572613.686746988], [688813.391566265, 2572613.686746988], [688813.391566265, 2572623.686746988], [688843.391566265, 2572623.686746988], [688843.391566265, 2572633.686746988], [688903.391566265, 2572633.686746988], [688903.391566265, 2572653.686746988], [688913.391566265, 2572653.686746988], [688913.391566265, 2572673.686746988], [688963.391566265, 2572673.686746988], [688963.391566265, 2572683.686746988], [689003.391566265, 2572683.686746988], [689003.391566265, 2572693.686746988], [689023.391566265, 2572693.686746988], [689023.391566265, 2572703.686746988], [689043.391566265, 2572703.686746988], [689043.391566265, 2572693.686746988], [689073.391566265, 2572693.686746988], [689073.391566265, 2572703.686746988], [689083.391566265, 2572703.686746988], [689083.391566265, 2572713.686746988], [689093.391566265, 2572713.686746988], [689093.391566265, 2572723.686746988], [689123.391566265, 2572723.686746988], [689123.391566265, 2572733.686746988], [689153.391566265, 2572733.686746988], [689153.391566265, 2572743.686746988], [689183.391566265, 2572743.686746988], [689183.391566265, 2572733.686746988], [689253.391566265, 2572733.686746988], [689253.391566265, 2572743.686746988], [689273.391566265, 2572743.686746988], [689273.391566265, 2572753.686746988], [689283.391566265, 2572753.686746988], [689283.391566265, 2572763.686746988], [689293.391566265, 2572763.686746988], [689293.391566265, 2572773.686746988], [689313.391566265, 2572773.686746988], [689313.391566265, 2572783.686746988], [689343.391566265, 2572783.686746988], [689343.391566265, 2572773.686746988], [689363.391566265, 2572773.686746988], [689363.391566265, 2572783.686746988], [689373.391566265, 2572783.686746988], [689373.391566265, 2572793.686746988], [689383.391566265, 2572793.686746988], [689383.391566265, 2572803.686746988], [689403.391566265, 2572803.686746988], [689403.391566265, 2572793.686746988], [689413.391566265, 2572793.686746988], [689413.391566265, 2572763.686746988], [689403.391566265, 2572763.686746988], [689403.391566265, 2572733.686746988], [689393.391566265, 2572733.686746988], [689393.391566265, 2572723.686746988], [689383.391566265, 2572723.686746988], [689383.391566265, 2572683.686746988], [689393.391566265, 2572683.686746988], [689393.391566265, 2572693.686746988], [689413.391566265, 2572693.686746988], [689413.391566265, 2572703.686746988], [689433.391566265, 2572703.686746988], [689433.391566265, 2572713.686746988], [689453.391566265, 2572713.686746988], [689453.391566265, 2572723.686746988], [689463.391566265, 2572723.686746988], [689463.391566265, 2572713.686746988], [689503.391566265, 2572713.686746988], [689503.391566265, 2572693.686746988], [689513.391566265, 2572693.686746988], [689513.391566265, 2572663.686746988], [689523.391566265, 2572663.686746988], [689523.391566265, 2572623.686746988], [689533.391566265, 2572623.686746988], [689533.391566265, 2572603.686746988], [689523.391566265, 2572603.686746988], [689523.391566265, 2572593.686746988], [689513.391566265, 2572593.686746988], [689513.391566265, 2572583.686746988], [689503.391566265, 2572583.686746988], [689503.391566265, 2572553.686746988], [689523.391566265, 2572553.686746988], [689523.391566265, 2572563.686746988], [689533.391566265, 2572563.686746988], [689533.391566265, 2572583.686746988], [689543.391566265, 2572583.686746988], [689543.391566265, 2572593.686746988], [689553.391566265, 2572593.686746988], [689553.391566265, 2572603.686746988], [689563.391566265, 2572603.686746988], [689563.391566265, 2572613.686746988], [689573.391566265, 2572613.686746988], [689573.391566265, 2572633.686746988], [689603.391566265, 2572633.686746988], [689603.391566265, 2572683.686746988], [689613.391566265, 2572683.686746988], [689613.391566265, 2572693.686746988], [689633.391566265, 2572693.686746988], [689633.391566265, 2572703.686746988], [689663.391566265, 2572703.686746988], [689663.391566265, 2572723.686746988], [689673.391566265, 2572723.686746988], [689673.391566265, 2572683.686746988], [689683.391566265, 2572683.686746988], [689683.391566265, 2572653.686746988], [689703.391566265, 2572653.686746988], [689703.391566265, 2572633.686746988], [689713.391566265, 2572633.686746988], [689713.391566265, 2572623.686746988], [689723.391566265, 2572623.686746988], [689723.391566265, 2572613.686746988], [689733.391566265, 2572613.686746988], [689733.391566265, 2572603.686746988], [689743.391566265, 2572603.686746988], [689743.391566265, 2572593.686746988], [689753.391566265, 2572593.686746988], [689753.391566265, 2572583.686746988], [689763.391566265, 2572583.686746988], [689763.391566265, 2572563.686746988], [689783.391566265, 2572563.686746988], [689783.391566265, 2572573.686746988], [689793.391566265, 2572573.686746988], [689793.391566265, 2572613.686746988], [689783.391566265, 2572613.686746988], [689783.391566265, 2572633.686746988], [689773.391566265, 2572633.686746988], [689773.391566265, 2572653.686746988], [689763.391566265, 2572653.686746988], [689763.391566265, 2572663.686746988], [689803.391566265, 2572663.686746988], [689803.391566265, 2572673.686746988], [689813.391566265, 2572673.686746988], [689813.391566265, 2572653.686746988], [689823.391566265, 2572653.686746988], [689823.391566265, 2572643.686746988], [689833.391566265, 2572643.686746988], [689833.391566265, 2572633.686746988], [689863.391566265, 2572633.686746988], [689863.391566265, 2572653.686746988], [689883.391566265, 2572653.686746988], [689883.391566265, 2572643.686746988], [689913.391566265, 2572643.686746988], [689913.391566265, 2572633.686746988], [689973.391566265, 2572633.686746988], [689973.391566265, 2572623.686746988], [689983.391566265, 2572623.686746988], [689983.391566265, 2572603.686746988], [689993.391566265, 2572603.686746988], [689993.391566265, 2572593.686746988], [690003.391566265, 2572593.686746988], [690003.391566265, 2572583.686746988], [690013.391566265, 2572583.686746988], [690013.391566265, 2572563.686746988], [690023.391566265, 2572563.686746988], [690023.391566265, 2572543.686746988], [690033.391566265, 2572543.686746988], [690033.391566265, 2572523.686746988], [690063.391566265, 2572523.686746988], [690063.391566265, 2572533.686746988], [690073.391566265, 2572533.686746988], [690073.391566265, 2572543.686746988], [690083.391566265, 2572543.686746988], [690083.391566265, 2572553.686746988], [690143.391566265, 2572553.686746988], [690143.391566265, 2572563.686746988], [690163.391566265, 2572563.686746988], [690163.391566265, 2572573.686746988], [690173.391566265, 2572573.686746988], [690173.391566265, 2572583.686746988], [690183.391566265, 2572583.686746988], [690183.391566265, 2572603.686746988], [690193.391566265, 2572603.686746988], [690193.391566265, 2572613.686746988], [690213.391566265, 2572613.686746988], [690213.391566265, 2572623.686746988], [690233.391566265, 2572623.686746988], [690233.391566265, 2572633.686746988], [690253.391566265, 2572633.686746988], [690253.391566265, 2572623.686746988], [690263.391566265, 2572623.686746988], [690263.391566265, 2572603.686746988], [690283.391566265, 2572603.686746988], [690283.391566265, 2572573.686746988], [690293.391566265, 2572573.686746988], [690293.391566265, 2572563.686746988], [690303.391566265, 2572563.686746988], [690303.391566265, 2572553.686746988], [690313.391566265, 2572553.686746988], [690313.391566265, 2572483.686746988], [690333.391566265, 2572483.686746988], [690333.391566265, 2572493.686746988], [690343.391566265, 2572493.686746988], [690343.391566265, 2572503.686746988], [690353.391566265, 2572503.686746988], [690353.391566265, 2572513.686746988], [690363.391566265, 2572513.686746988], [690363.391566265, 2572523.686746988], [690383.391566265, 2572523.686746988], [690383.391566265, 2572533.686746988], [690413.391566265, 2572533.686746988], [690413.391566265, 2572553.686746988], [690433.391566265, 2572553.686746988], [690433.391566265, 2572563.686746988], [690453.391566265, 2572563.686746988], [690453.391566265, 2572573.686746988], [690463.391566265, 2572573.686746988], [690463.391566265, 2572593.686746988], [690483.391566265, 2572593.686746988], [690483.391566265, 2572583.686746988], [690513.391566265, 2572583.686746988], [690513.391566265, 2572593.686746988], [690533.391566265, 2572593.686746988], [690533.391566265, 2572613.686746988], [690543.391566265, 2572613.686746988], [690543.391566265, 2572623.686746988], [690553.391566265, 2572623.686746988], [690553.391566265, 2572633.686746988], [690593.391566265, 2572633.686746988], [690593.391566265, 2572643.686746988], [690603.391566265, 2572643.686746988], [690603.391566265, 2572673.686746988], [690633.391566265, 2572673.686746988], [690633.391566265, 2572683.686746988], [690643.391566265, 2572683.686746988], [690643.391566265, 2572673.686746988], [690673.391566265, 2572673.686746988], [690673.391566265, 2572683.686746988], [690703.391566265, 2572683.686746988], [690703.391566265, 2572693.686746988], [690723.391566265, 2572693.686746988], [690723.391566265, 2572703.686746988], [690753.391566265, 2572703.686746988], [690753.391566265, 2572713.686746988], [690763.391566265, 2572713.686746988], [690763.391566265, 2572723.686746988], [690773.391566265, 2572723.686746988], [690773.391566265, 2572733.686746988], [690783.391566265, 2572733.686746988], [690783.391566265, 2572743.686746988], [690793.391566265, 2572743.686746988], [690793.391566265, 2572773.686746988], [690803.391566265, 2572773.686746988], [690803.391566265, 2572783.686746988], [690813.391566265, 2572783.686746988], [690813.391566265, 2572793.686746988], [690833.391566265, 2572793.686746988], [690833.391566265, 2572803.686746988], [690843.391566265, 2572803.686746988], [690843.391566265, 2572813.686746988], [690863.391566265, 2572813.686746988], [690863.391566265, 2572823.686746988], [690873.391566265, 2572823.686746988], [690873.391566265, 2572833.686746988], [690953.391566265, 2572833.686746988], [690953.391566265, 2572843.686746988], [690963.391566265, 2572843.686746988], [690963.391566265, 2572853.686746988], [690993.391566265, 2572853.686746988], [690993.391566265, 2572843.686746988], [691003.391566265, 2572843.686746988], [691003.391566265, 2572833.686746988], [691013.391566265, 2572833.686746988], [691013.391566265, 2572823.686746988], [691033.391566265, 2572823.686746988], [691033.391566265, 2572813.686746988], [691053.391566265, 2572813.686746988], [691053.391566265, 2572803.686746988], [691083.391566265, 2572803.686746988], [691083.391566265, 2572793.686746988], [691103.391566265, 2572793.686746988], [691103.391566265, 2572783.686746988], [691113.391566265, 2572783.686746988], [691113.391566265, 2572793.686746988], [691143.391566265, 2572793.686746988], [691143.391566265, 2572783.686746988], [691173.391566265, 2572783.686746988], [691173.391566265, 2572793.686746988], [691183.391566265, 2572793.686746988], [691183.391566265, 2572783.686746988], [691233.391566265, 2572783.686746988], [691233.391566265, 2572793.686746988], [691253.391566265, 2572793.686746988], [691253.391566265, 2572783.686746988], [691283.391566265, 2572783.686746988], [691283.391566265, 2572753.686746988], [691293.391566265, 2572753.686746988], [691293.391566265, 2572733.686746988], [691303.391566265, 2572733.686746988], [691303.391566265, 2572703.686746988], [691313.391566265, 2572703.686746988], [691313.391566265, 2572683.686746988], [691323.391566265, 2572683.686746988], [691323.391566265, 2572673.686746988], [691333.391566265, 2572673.686746988], [691333.391566265, 2572653.686746988], [691343.391566265, 2572653.686746988], [691343.391566265, 2572643.686746988], [691363.391566265, 2572643.686746988], [691363.391566265, 2572633.686746988], [691423.391566265, 2572633.686746988], [691423.391566265, 2572643.686746988], [691443.391566265, 2572643.686746988], [691443.391566265, 2572653.686746988], [691453.391566265, 2572653.686746988], [691453.391566265, 2572663.686746988], [691463.391566265, 2572663.686746988], [691463.391566265, 2572683.686746988], [691473.391566265, 2572683.686746988], [691473.391566265, 2572703.686746988], [691483.391566265, 2572703.686746988], [691483.391566265, 2572713.686746988], [691493.391566265, 2572713.686746988], [691493.391566265, 2572723.686746988], [691503.391566265, 2572723.686746988], [691503.391566265, 2572733.686746988], [691513.391566265, 2572733.686746988], [691513.391566265, 2572743.686746988], [691523.391566265, 2572743.686746988], [691523.391566265, 2572763.686746988], [691553.391566265, 2572763.686746988], [691553.391566265, 2572773.686746988], [691563.391566265, 2572773.686746988], [691563.391566265, 2572783.686746988], [691573.391566265, 2572783.686746988], [691573.391566265, 2572793.686746988], [691583.391566265, 2572793.686746988], [691583.391566265, 2572803.686746988], [691593.391566265, 2572803.686746988], [691593.391566265, 2572813.686746988], [691603.391566265, 2572813.686746988], [691603.391566265, 2572823.686746988], [691613.391566265, 2572823.686746988], [691613.391566265, 2572833.686746988], [691623.391566265, 2572833.686746988], [691623.391566265, 2572843.686746988], [691633.391566265, 2572843.686746988], [691633.391566265, 2572853.686746988], [691653.391566265, 2572853.686746988], [691653.391566265, 2572873.686746988], [691663.391566265, 2572873.686746988], [691663.391566265, 2572883.686746988], [691683.391566265, 2572883.686746988], [691683.391566265, 2572893.686746988], [691693.391566265, 2572893.686746988], [691693.391566265, 2572903.686746988], [691723.391566265, 2572903.686746988], [691723.391566265, 2572913.686746988], [691753.391566265, 2572913.686746988], [691753.391566265, 2572903.686746988], [691783.391566265, 2572903.686746988], [691783.391566265, 2572913.686746988], [691823.391566265, 2572913.686746988], [691823.391566265, 2572923.686746988], [691833.391566265, 2572923.686746988], [691833.391566265, 2572913.686746988], [691843.391566265, 2572913.686746988], [691843.391566265, 2572903.686746988], [691853.391566265, 2572903.686746988], [691853.391566265, 2572883.686746988], [691873.391566265, 2572883.686746988], [691873.391566265, 2572913.686746988], [691863.391566265, 2572913.686746988], [691863.391566265, 2572933.686746988], [691883.391566265, 2572933.686746988], [691883.391566265, 2572943.686746988], [691903.391566265, 2572943.686746988], [691903.391566265, 2572953.686746988], [691913.391566265, 2572953.686746988], [691913.391566265, 2572963.686746988], [691923.391566265, 2572963.686746988], [691923.391566265, 2572973.686746988], [691943.391566265, 2572973.686746988], [691943.391566265, 2572983.686746988], [691973.391566265, 2572983.686746988], [691973.391566265, 2572993.686746988], [692013.391566265, 2572993.686746988], [692013.391566265, 2573003.686746988], [692043.391566265, 2573003.686746988], [692043.391566265, 2573013.686746988], [692063.391566265, 2573013.686746988], [692063.391566265, 2573023.686746988], [692093.391566265, 2573023.686746988], [692093.391566265, 2573033.686746988], [692123.391566265, 2573033.686746988], [692123.391566265, 2573043.686746988], [692143.391566265, 2573043.686746988], [692143.391566265, 2573053.686746988], [692163.391566265, 2573053.686746988], [692163.391566265, 2573063.686746988], [692203.391566265, 2573063.686746988], [692203.391566265, 2573053.686746988], [692213.391566265, 2573053.686746988], [692213.391566265, 2573033.686746988], [692233.391566265, 2573033.686746988], [692233.391566265, 2573003.686746988], [692243.391566265, 2573003.686746988], [692243.391566265, 2572973.686746988], [692253.391566265, 2572973.686746988], [692253.391566265, 2572953.686746988], [692263.391566265, 2572953.686746988], [692263.391566265, 2572943.686746988], [692273.391566265, 2572943.686746988], [692273.391566265, 2572933.686746988], [692283.391566265, 2572933.686746988], [692283.391566265, 2572923.686746988], [692303.391566265, 2572923.686746988], [692303.391566265, 2572983.686746988], [692313.391566265, 2572983.686746988], [692313.391566265, 2573013.686746988], [692323.391566265, 2573013.686746988], [692323.391566265, 2573053.686746988], [692333.391566265, 2573053.686746988], [692333.391566265, 2573083.686746988], [692343.391566265, 2573083.686746988], [692343.391566265, 2573093.686746988], [692363.391566265, 2573093.686746988], [692363.391566265, 2573103.686746988], [692383.391566265, 2573103.686746988], [692383.391566265, 2573113.686746988], [692403.391566265, 2573113.686746988], [692403.391566265, 2573123.686746988], [692423.391566265, 2573123.686746988], [692423.391566265, 2573133.686746988], [692443.391566265, 2573133.686746988], [692443.391566265, 2573143.686746988], [692463.391566265, 2573143.686746988], [692463.391566265, 2573153.686746988], [692473.391566265, 2573153.686746988], [692473.391566265, 2573163.686746988], [692493.391566265, 2573163.686746988], [692493.391566265, 2573173.686746988], [692523.391566265, 2573173.686746988], [692523.391566265, 2573183.686746988], [692533.391566265, 2573183.686746988], [692533.391566265, 2573193.686746988], [692553.391566265, 2573193.686746988], [692553.391566265, 2573203.686746988], [692563.391566265, 2573203.686746988], [692563.391566265, 2573213.686746988], [692583.391566265, 2573213.686746988], [692583.391566265, 2573223.686746988], [692613.391566265, 2573223.686746988], [692613.391566265, 2573233.686746988], [692623.391566265, 2573233.686746988], [692623.391566265, 2573243.686746988], [692643.391566265, 2573243.686746988], [692643.391566265, 2573253.686746988], [692653.391566265, 2573253.686746988], [692653.391566265, 2573263.686746988], [692673.391566265, 2573263.686746988], [692673.391566265, 2573273.686746988], [692683.391566265, 2573273.686746988], [692683.391566265, 2573283.686746988], [692703.391566265, 2573283.686746988], [692703.391566265, 2573293.686746988], [692713.391566265, 2573293.686746988], [692713.391566265, 2573303.686746988], [692723.391566265, 2573303.686746988], [692723.391566265, 2573313.686746988], [692733.391566265, 2573313.686746988], [692733.391566265, 2573323.686746988], [692753.391566265, 2573323.686746988], [692753.391566265, 2573333.686746988], [692763.391566265, 2573333.686746988], [692763.391566265, 2573343.686746988], [692773.391566265, 2573343.686746988], [692773.391566265, 2573353.686746988], [692783.391566265, 2573353.686746988], [692783.391566265, 2573363.686746988], [692803.391566265, 2573363.686746988], [692803.391566265, 2573373.686746988], [692813.391566265, 2573373.686746988], [692813.391566265, 2573383.686746988], [692823.391566265, 2573383.686746988], [692823.391566265, 2573393.686746988], [692833.391566265, 2573393.686746988], [692833.391566265, 2573403.686746988], [692843.391566265, 2573403.686746988], [692843.391566265, 2573413.686746988], [692853.391566265, 2573413.686746988], [692853.391566265, 2573423.686746988], [692863.391566265, 2573423.686746988], [692863.391566265, 2573433.686746988], [692873.391566265, 2573433.686746988], [692873.391566265, 2573443.686746988], [692883.391566265, 2573443.686746988], [692883.391566265, 2573453.686746988], [692893.391566265, 2573453.686746988], [692893.391566265, 2573463.686746988], [692903.391566265, 2573463.686746988], [692903.391566265, 2573473.686746988], [692913.391566265, 2573473.686746988], [692913.391566265, 2573493.686746988], [692923.391566265, 2573493.686746988], [692923.391566265, 2573503.686746988], [692933.391566265, 2573503.686746988], [692933.391566265, 2573523.686746988], [692943.391566265, 2573523.686746988], [692943.391566265, 2573533.686746988], [692953.391566265, 2573533.686746988], [692953.391566265, 2573543.686746988], [692963.391566265, 2573543.686746988], [692963.391566265, 2573563.686746988], [692973.391566265, 2573563.686746988], [692973.391566265, 2573573.686746988], [692983.391566265, 2573573.686746988], [692983.391566265, 2573583.686746988], [693003.391566265, 2573583.686746988], [693003.391566265, 2573593.686746988], [693013.391566265, 2573593.686746988], [693013.391566265, 2573603.686746988], [693023.391566265, 2573603.686746988], [693023.391566265, 2573623.686746988], [693033.391566265, 2573623.686746988], [693033.391566265, 2573643.686746988], [693043.391566265, 2573643.686746988], [693043.391566265, 2573663.686746988], [693093.391566265, 2573663.686746988], [693093.391566265, 2573653.686746988], [693103.391566265, 2573653.686746988], [693103.391566265, 2573613.686746988], [693133.391566265, 2573613.686746988], [693133.391566265, 2573603.686746988], [693143.391566265, 2573603.686746988], [693143.391566265, 2573593.686746988], [693133.391566265, 2573593.686746988], [693133.391566265, 2573563.686746988], [693123.391566265, 2573563.686746988], [693123.391566265, 2573533.686746988], [693113.391566265, 2573533.686746988], [693113.391566265, 2573523.686746988], [693103.391566265, 2573523.686746988], [693103.391566265, 2573503.686746988], [693143.391566265, 2573503.686746988], [693143.391566265, 2573513.686746988], [693193.391566265, 2573513.686746988], [693193.391566265, 2573503.686746988], [693203.391566265, 2573503.686746988], [693203.391566265, 2573473.686746988], [693213.391566265, 2573473.686746988], [693213.391566265, 2573463.686746988], [693243.391566265, 2573463.686746988], [693243.391566265, 2573453.686746988], [693263.391566265, 2573453.686746988], [693263.391566265, 2573463.686746988], [693273.391566265, 2573463.686746988], [693273.391566265, 2573453.686746988], [693293.391566265, 2573453.686746988], [693293.391566265, 2573413.686746988], [693313.391566265, 2573413.686746988], [693313.391566265, 2573393.686746988], [693303.391566265, 2573393.686746988], [693303.391566265, 2573383.686746988], [693293.391566265, 2573383.686746988], [693293.391566265, 2573373.686746988], [693283.391566265, 2573373.686746988], [693283.391566265, 2573383.686746988], [693243.391566265, 2573383.686746988], [693243.391566265, 2573373.686746988], [693183.391566265, 2573373.686746988], [693183.391566265, 2573363.686746988], [693173.391566265, 2573363.686746988], [693173.391566265, 2573353.686746988], [693163.391566265, 2573353.686746988], [693163.391566265, 2573333.686746988], [693143.391566265, 2573333.686746988], [693143.391566265, 2573323.686746988], [693093.391566265, 2573323.686746988], [693093.391566265, 2573333.686746988], [693033.391566265, 2573333.686746988], [693033.391566265, 2573313.686746988], [693023.391566265, 2573313.686746988], [693023.391566265, 2573293.686746988], [693013.391566265, 2573293.686746988], [693013.391566265, 2573263.686746988], [693023.391566265, 2573263.686746988], [693023.391566265, 2573253.686746988], [693033.391566265, 2573253.686746988], [693033.391566265, 2573243.686746988], [693023.391566265, 2573243.686746988], [693023.391566265, 2573223.686746988], [693013.391566265, 2573223.686746988], [693013.391566265, 2573203.686746988], [693003.391566265, 2573203.686746988], [693003.391566265, 2573183.686746988], [693013.391566265, 2573183.686746988], [693013.391566265, 2573173.686746988], [693033.391566265, 2573173.686746988], [693033.391566265, 2573183.686746988], [693053.391566265, 2573183.686746988], [693053.391566265, 2573203.686746988], [693063.391566265, 2573203.686746988], [693063.391566265, 2573223.686746988], [693073.391566265, 2573223.686746988], [693073.391566265, 2573233.686746988], [693083.391566265, 2573233.686746988], [693083.391566265, 2573243.686746988], [693093.391566265, 2573243.686746988], [693093.391566265, 2573253.686746988], [693183.391566265, 2573253.686746988], [693183.391566265, 2573243.686746988], [693213.391566265, 2573243.686746988], [693213.391566265, 2573233.686746988], [693253.391566265, 2573233.686746988], [693253.391566265, 2573243.686746988], [693263.391566265, 2573243.686746988], [693263.391566265, 2573233.686746988], [693273.391566265, 2573233.686746988], [693273.391566265, 2573223.686746988], [693303.391566265, 2573223.686746988], [693303.391566265, 2573213.686746988], [693313.391566265, 2573213.686746988], [693313.391566265, 2573203.686746988], [693303.391566265, 2573203.686746988], [693303.391566265, 2573193.686746988], [693293.391566265, 2573193.686746988], [693293.391566265, 2573183.686746988], [693273.391566265, 2573183.686746988], [693273.391566265, 2573173.686746988], [693263.391566265, 2573173.686746988], [693263.391566265, 2573163.686746988], [693253.391566265, 2573163.686746988], [693253.391566265, 2573143.686746988], [693273.391566265, 2573143.686746988], [693273.391566265, 2573123.686746988], [693283.391566265, 2573123.686746988], [693283.391566265, 2573113.686746988], [693273.391566265, 2573113.686746988], [693273.391566265, 2573093.686746988], [693263.391566265, 2573093.686746988], [693263.391566265, 2573073.686746988], [693253.391566265, 2573073.686746988], [693253.391566265, 2573063.686746988], [693243.391566265, 2573063.686746988], [693243.391566265, 2573023.686746988], [693233.391566265, 2573023.686746988], [693233.391566265, 2573003.686746988], [693223.391566265, 2573003.686746988], [693223.391566265, 2572983.686746988], [693203.391566265, 2572983.686746988], [693203.391566265, 2572973.686746988], [693193.391566265, 2572973.686746988], [693193.391566265, 2572923.686746988], [693183.391566265, 2572923.686746988], [693183.391566265, 2572893.686746988], [693173.391566265, 2572893.686746988], [693173.391566265, 2572883.686746988], [693163.391566265, 2572883.686746988], [693163.391566265, 2572863.686746988], [693153.391566265, 2572863.686746988], [693153.391566265, 2572853.686746988], [693143.391566265, 2572853.686746988], [693143.391566265, 2572833.686746988], [693133.391566265, 2572833.686746988], [693133.391566265, 2572823.686746988], [693123.391566265, 2572823.686746988], [693123.391566265, 2572803.686746988], [693113.391566265, 2572803.686746988], [693113.391566265, 2572783.686746988], [693103.391566265, 2572783.686746988], [693103.391566265, 2572763.686746988], [693093.391566265, 2572763.686746988], [693093.391566265, 2572753.686746988], [693073.391566265, 2572753.686746988], [693073.391566265, 2572743.686746988], [693063.391566265, 2572743.686746988], [693063.391566265, 2572733.686746988], [693073.391566265, 2572733.686746988], [693073.391566265, 2572723.686746988], [693063.391566265, 2572723.686746988], [693063.391566265, 2572713.686746988], [693053.391566265, 2572713.686746988], [693053.391566265, 2572703.686746988], [693043.391566265, 2572703.686746988], [693043.391566265, 2572693.686746988], [693033.391566265, 2572693.686746988], [693033.391566265, 2572683.686746988], [693023.391566265, 2572683.686746988], [693023.391566265, 2572673.686746988], [693003.391566265, 2572673.686746988], [693003.391566265, 2572663.686746988], [692933.391566265, 2572663.686746988], [692933.391566265, 2572673.686746988], [692893.391566265, 2572673.686746988], [692893.391566265, 2572663.686746988], [692873.391566265, 2572663.686746988], [692873.391566265, 2572653.686746988], [692843.391566265, 2572653.686746988], [692843.391566265, 2572643.686746988], [692833.391566265, 2572643.686746988], [692833.391566265, 2572633.686746988], [692813.391566265, 2572633.686746988], [692813.391566265, 2572643.686746988], [692763.391566265, 2572643.686746988], [692763.391566265, 2572633.686746988], [692743.391566265, 2572633.686746988], [692743.391566265, 2572603.686746988], [692733.391566265, 2572603.686746988], [692733.391566265, 2572593.686746988], [692713.391566265, 2572593.686746988], [692713.391566265, 2572583.686746988], [692693.391566265, 2572583.686746988], [692693.391566265, 2572573.686746988], [692683.391566265, 2572573.686746988], [692683.391566265, 2572563.686746988], [692663.391566265, 2572563.686746988], [692663.391566265, 2572553.686746988], [692653.391566265, 2572553.686746988], [692653.391566265, 2572543.686746988], [692643.391566265, 2572543.686746988], [692643.391566265, 2572533.686746988], [692633.391566265, 2572533.686746988], [692633.391566265, 2572513.686746988], [692623.391566265, 2572513.686746988], [692623.391566265, 2572503.686746988], [692613.391566265, 2572503.686746988], [692613.391566265, 2572483.686746988], [692603.391566265, 2572483.686746988], [692603.391566265, 2572473.686746988], [692593.391566265, 2572473.686746988], [692593.391566265, 2572463.686746988], [692583.391566265, 2572463.686746988], [692583.391566265, 2572453.686746988], [692573.391566265, 2572453.686746988], [692573.391566265, 2572433.686746988], [692563.391566265, 2572433.686746988], [692563.391566265, 2572423.686746988], [692553.391566265, 2572423.686746988], [692553.391566265, 2572403.686746988], [692543.391566265, 2572403.686746988], [692543.391566265, 2572373.686746988], [692533.391566265, 2572373.686746988], [692533.391566265, 2572343.686746988], [692523.391566265, 2572343.686746988], [692523.391566265, 2572333.686746988], [692513.391566265, 2572333.686746988], [692513.391566265, 2572323.686746988], [692503.391566265, 2572323.686746988], [692503.391566265, 2572313.686746988], [692493.391566265, 2572313.686746988], [692493.391566265, 2572293.686746988], [692483.391566265, 2572293.686746988], [692483.391566265, 2572273.686746988], [692473.391566265, 2572273.686746988], [692473.391566265, 2572253.686746988], [692463.391566265, 2572253.686746988], [692463.391566265, 2572243.686746988], [692453.391566265, 2572243.686746988], [692453.391566265, 2572233.686746988], [692443.391566265, 2572233.686746988], [692443.391566265, 2572223.686746988], [692433.391566265, 2572223.686746988], [692433.391566265, 2572203.686746988], [692423.391566265, 2572203.686746988], [692423.391566265, 2572183.686746988], [692413.391566265, 2572183.686746988], [692413.391566265, 2572153.686746988], [692403.391566265, 2572153.686746988], [692403.391566265, 2572133.686746988], [692393.391566265, 2572133.686746988], [692393.391566265, 2572123.686746988], [692383.391566265, 2572123.686746988], [692383.391566265, 2572103.686746988], [692373.391566265, 2572103.686746988], [692373.391566265, 2572083.686746988], [692363.391566265, 2572083.686746988], [692363.391566265, 2572073.686746988], [692353.391566265, 2572073.686746988], [692353.391566265, 2572063.686746988], [692343.391566265, 2572063.686746988], [692343.391566265, 2572053.686746988], [692323.391566265, 2572053.686746988], [692323.391566265, 2572043.686746988], [692303.391566265, 2572043.686746988], [692303.391566265, 2572033.686746988], [692293.391566265, 2572033.686746988], [692293.391566265, 2572013.686746988], [692283.391566265, 2572013.686746988], [692283.391566265, 2571993.686746988], [692273.391566265, 2571993.686746988], [692273.391566265, 2571983.686746988], [692263.391566265, 2571983.686746988], [692263.391566265, 2571973.686746988], [692233.391566265, 2571973.686746988], [692233.391566265, 2571963.686746988], [692213.391566265, 2571963.686746988], [692213.391566265, 2571953.686746988], [692193.391566265, 2571953.686746988], [692193.391566265, 2571943.686746988], [692183.391566265, 2571943.686746988], [692183.391566265, 2571933.686746988], [692193.391566265, 2571933.686746988], [692193.391566265, 2571923.686746988], [692203.391566265, 2571923.686746988], [692203.391566265, 2571933.686746988], [692213.391566265, 2571933.686746988], [692213.391566265, 2571943.686746988], [692243.391566265, 2571943.686746988], [692243.391566265, 2571963.686746988], [692253.391566265, 2571963.686746988], [692253.391566265, 2571953.686746988], [692273.391566265, 2571953.686746988], [692273.391566265, 2571963.686746988], [692293.391566265, 2571963.686746988], [692293.391566265, 2571983.686746988], [692303.391566265, 2571983.686746988], [692303.391566265, 2571973.686746988], [692313.391566265, 2571973.686746988], [692313.391566265, 2571963.686746988], [692323.391566265, 2571963.686746988], [692323.391566265, 2571943.686746988], [692343.391566265, 2571943.686746988], [692343.391566265, 2571933.686746988], [692383.391566265, 2571933.686746988], [692383.391566265, 2571923.686746988], [692423.391566265, 2571923.686746988], [692423.391566265, 2571913.686746988], [692453.391566265, 2571913.686746988], [692453.391566265, 2571923.686746988], [692463.391566265, 2571923.686746988], [692463.391566265, 2571913.686746988], [692473.391566265, 2571913.686746988], [692473.391566265, 2571903.686746988], [692483.391566265, 2571903.686746988], [692483.391566265, 2571863.686746988], [692473.391566265, 2571863.686746988], [692473.391566265, 2571853.686746988], [692463.391566265, 2571853.686746988], [692463.391566265, 2571843.686746988], [692453.391566265, 2571843.686746988], [692453.391566265, 2571833.686746988], [692443.391566265, 2571833.686746988], [692443.391566265, 2571813.686746988], [692433.391566265, 2571813.686746988], [692433.391566265, 2571803.686746988], [692423.391566265, 2571803.686746988], [692423.391566265, 2571783.686746988], [692413.391566265, 2571783.686746988], [692413.391566265, 2571763.686746988], [692433.391566265, 2571763.686746988], [692433.391566265, 2571773.686746988], [692443.391566265, 2571773.686746988], [692443.391566265, 2571793.686746988], [692453.391566265, 2571793.686746988], [692453.391566265, 2571813.686746988], [692463.391566265, 2571813.686746988], [692463.391566265, 2571823.686746988], [692473.391566265, 2571823.686746988], [692473.391566265, 2571833.686746988], [692483.391566265, 2571833.686746988], [692483.391566265, 2571843.686746988], [692493.391566265, 2571843.686746988], [692493.391566265, 2571853.686746988], [692503.391566265, 2571853.686746988], [692503.391566265, 2571863.686746988], [692523.391566265, 2571863.686746988], [692523.391566265, 2571853.686746988], [692533.391566265, 2571853.686746988], [692533.391566265, 2571873.686746988], [692513.391566265, 2571873.686746988], [692513.391566265, 2571903.686746988], [692493.391566265, 2571903.686746988], [692493.391566265, 2571933.686746988], [692463.391566265, 2571933.686746988], [692463.391566265, 2571943.686746988], [692413.391566265, 2571943.686746988], [692413.391566265, 2571953.686746988], [692343.391566265, 2571953.686746988], [692343.391566265, 2571983.686746988], [692333.391566265, 2571983.686746988], [692333.391566265, 2572003.686746988], [692343.391566265, 2572003.686746988], [692343.391566265, 2572013.686746988], [692353.391566265, 2572013.686746988], [692353.391566265, 2572023.686746988], [692363.391566265, 2572023.686746988], [692363.391566265, 2572033.686746988], [692373.391566265, 2572033.686746988], [692373.391566265, 2572053.686746988], [692383.391566265, 2572053.686746988], [692383.391566265, 2572063.686746988], [692393.391566265, 2572063.686746988], [692393.391566265, 2572073.686746988], [692403.391566265, 2572073.686746988], [692403.391566265, 2572093.686746988], [692413.391566265, 2572093.686746988], [692413.391566265, 2572113.686746988], [692423.391566265, 2572113.686746988], [692423.391566265, 2572133.686746988], [692433.391566265, 2572133.686746988], [692433.391566265, 2572143.686746988], [692443.391566265, 2572143.686746988], [692443.391566265, 2572163.686746988], [692453.391566265, 2572163.686746988], [692453.391566265, 2572173.686746988], [692463.391566265, 2572173.686746988], [692463.391566265, 2572183.686746988], [692473.391566265, 2572183.686746988], [692473.391566265, 2572193.686746988], [692483.391566265, 2572193.686746988], [692483.391566265, 2572203.686746988], [692493.391566265, 2572203.686746988], [692493.391566265, 2572213.686746988], [692503.391566265, 2572213.686746988], [692503.391566265, 2572233.686746988], [692513.391566265, 2572233.686746988], [692513.391566265, 2572263.686746988], [692523.391566265, 2572263.686746988], [692523.391566265, 2572273.686746988], [692553.391566265, 2572273.686746988], [692553.391566265, 2572283.686746988], [692563.391566265, 2572283.686746988], [692563.391566265, 2572303.686746988], [692573.391566265, 2572303.686746988], [692573.391566265, 2572333.686746988], [692583.391566265, 2572333.686746988], [692583.391566265, 2572363.686746988], [692593.391566265, 2572363.686746988], [692593.391566265, 2572393.686746988], [692603.391566265, 2572393.686746988], [692603.391566265, 2572423.686746988], [692613.391566265, 2572423.686746988], [692613.391566265, 2572443.686746988], [692623.391566265, 2572443.686746988], [692623.391566265, 2572453.686746988], [692633.391566265, 2572453.686746988], [692633.391566265, 2572463.686746988], [692643.391566265, 2572463.686746988], [692643.391566265, 2572473.686746988], [692653.391566265, 2572473.686746988], [692653.391566265, 2572503.686746988], [692673.391566265, 2572503.686746988], [692673.391566265, 2572523.686746988], [692693.391566265, 2572523.686746988], [692693.391566265, 2572533.686746988], [692713.391566265, 2572533.686746988], [692713.391566265, 2572543.686746988], [692733.391566265, 2572543.686746988], [692733.391566265, 2572553.686746988], [692743.391566265, 2572553.686746988], [692743.391566265, 2572563.686746988], [692753.391566265, 2572563.686746988], [692753.391566265, 2572573.686746988], [692763.391566265, 2572573.686746988], [692763.391566265, 2572583.686746988], [692773.391566265, 2572583.686746988], [692773.391566265, 2572603.686746988], [692853.391566265, 2572603.686746988], [692853.391566265, 2572613.686746988], [692863.391566265, 2572613.686746988], [692863.391566265, 2572623.686746988], [692883.391566265, 2572623.686746988], [692883.391566265, 2572633.686746988], [692933.391566265, 2572633.686746988], [692933.391566265, 2572623.686746988], [692923.391566265, 2572623.686746988], [692923.391566265, 2572613.686746988], [692913.391566265, 2572613.686746988], [692913.391566265, 2572593.686746988], [692943.391566265, 2572593.686746988], [692943.391566265, 2572623.686746988], [692963.391566265, 2572623.686746988], [692963.391566265, 2572613.686746988], [693023.391566265, 2572613.686746988], [693023.391566265, 2572623.686746988], [693043.391566265, 2572623.686746988], [693043.391566265, 2572633.686746988], [693063.391566265, 2572633.686746988], [693063.391566265, 2572643.686746988], [693073.391566265, 2572643.686746988], [693073.391566265, 2572653.686746988], [693083.391566265, 2572653.686746988], [693083.391566265, 2572663.686746988], [693093.391566265, 2572663.686746988], [693093.391566265, 2572673.686746988], [693103.391566265, 2572673.686746988], [693103.391566265, 2572693.686746988], [693113.391566265, 2572693.686746988], [693113.391566265, 2572713.686746988], [693123.391566265, 2572713.686746988], [693123.391566265, 2572723.686746988], [693143.391566265, 2572723.686746988], [693143.391566265, 2572733.686746988], [693153.391566265, 2572733.686746988], [693153.391566265, 2572743.686746988], [693163.391566265, 2572743.686746988], [693163.391566265, 2572753.686746988], [693173.391566265, 2572753.686746988], [693173.391566265, 2572763.686746988], [693183.391566265, 2572763.686746988], [693183.391566265, 2572783.686746988], [693193.391566265, 2572783.686746988], [693193.391566265, 2572803.686746988], [693213.391566265, 2572803.686746988], [693213.391566265, 2572813.686746988], [693223.391566265, 2572813.686746988], [693223.391566265, 2572823.686746988], [693233.391566265, 2572823.686746988], [693233.391566265, 2572833.686746988], [693243.391566265, 2572833.686746988], [693243.391566265, 2572843.686746988], [693253.391566265, 2572843.686746988], [693253.391566265, 2572853.686746988], [693263.391566265, 2572853.686746988], [693263.391566265, 2572863.686746988], [693273.391566265, 2572863.686746988], [693273.391566265, 2572873.686746988], [693283.391566265, 2572873.686746988], [693283.391566265, 2572893.686746988], [693293.391566265, 2572893.686746988], [693293.391566265, 2572903.686746988], [693303.391566265, 2572903.686746988], [693303.391566265, 2572913.686746988], [693313.391566265, 2572913.686746988], [693313.391566265, 2572933.686746988], [693323.391566265, 2572933.686746988], [693323.391566265, 2572943.686746988], [693343.391566265, 2572943.686746988], [693343.391566265, 2572953.686746988], [693363.391566265, 2572953.686746988], [693363.391566265, 2572963.686746988], [693373.391566265, 2572963.686746988], [693373.391566265, 2572973.686746988], [693383.391566265, 2572973.686746988], [693383.391566265, 2573003.686746988], [693373.391566265, 2573003.686746988], [693373.391566265, 2573023.686746988], [693383.391566265, 2573023.686746988], [693383.391566265, 2573043.686746988], [693393.391566265, 2573043.686746988], [693393.391566265, 2573063.686746988], [693403.391566265, 2573063.686746988], [693403.391566265, 2573073.686746988], [693413.391566265, 2573073.686746988], [693413.391566265, 2573083.686746988], [693423.391566265, 2573083.686746988], [693423.391566265, 2573103.686746988], [693433.391566265, 2573103.686746988], [693433.391566265, 2573113.686746988], [693443.391566265, 2573113.686746988], [693443.391566265, 2573133.686746988], [693453.391566265, 2573133.686746988], [693453.391566265, 2573143.686746988], [693463.391566265, 2573143.686746988], [693463.391566265, 2573153.686746988], [693473.391566265, 2573153.686746988], [693473.391566265, 2573173.686746988], [693493.391566265, 2573173.686746988], [693493.391566265, 2573183.686746988], [693503.391566265, 2573183.686746988], [693503.391566265, 2573203.686746988], [693513.391566265, 2573203.686746988], [693513.391566265, 2573213.686746988], [693523.391566265, 2573213.686746988], [693523.391566265, 2573243.686746988], [693533.391566265, 2573243.686746988], [693533.391566265, 2573263.686746988], [693543.391566265, 2573263.686746988], [693543.391566265, 2573283.686746988], [693553.391566265, 2573283.686746988], [693553.391566265, 2573293.686746988], [693563.391566265, 2573293.686746988], [693563.391566265, 2573313.686746988], [693573.391566265, 2573313.686746988], [693573.391566265, 2573323.686746988], [693583.391566265, 2573323.686746988], [693583.391566265, 2573343.686746988], [693593.391566265, 2573343.686746988], [693593.391566265, 2573353.686746988], [693603.391566265, 2573353.686746988], [693603.391566265, 2573363.686746988], [693623.391566265, 2573363.686746988], [693623.391566265, 2573373.686746988], [693633.391566265, 2573373.686746988], [693633.391566265, 2573383.686746988], [693643.391566265, 2573383.686746988], [693643.391566265, 2573393.686746988], [693663.391566265, 2573393.686746988], [693663.391566265, 2573383.686746988], [693673.391566265, 2573383.686746988], [693673.391566265, 2573363.686746988], [693683.391566265, 2573363.686746988], [693683.391566265, 2573283.686746988], [693673.391566265, 2573283.686746988], [693673.391566265, 2573273.686746988], [693663.391566265, 2573273.686746988], [693663.391566265, 2573263.686746988], [693653.391566265, 2573263.686746988], [693653.391566265, 2573253.686746988], [693643.391566265, 2573253.686746988], [693643.391566265, 2573243.686746988], [693633.391566265, 2573243.686746988], [693633.391566265, 2573213.686746988], [693653.391566265, 2573213.686746988], [693653.391566265, 2573183.686746988], [693643.391566265, 2573183.686746988], [693643.391566265, 2573173.686746988], [693713.391566265, 2573173.686746988], [693713.391566265, 2573133.686746988], [693703.391566265, 2573133.686746988], [693703.391566265, 2573123.686746988], [693673.391566265, 2573123.686746988], [693673.391566265, 2573103.686746988], [693703.391566265, 2573103.686746988], [693703.391566265, 2573083.686746988], [693713.391566265, 2573083.686746988], [693713.391566265, 2573073.686746988], [693723.391566265, 2573073.686746988], [693723.391566265, 2573053.686746988], [693713.391566265, 2573053.686746988], [693713.391566265, 2573033.686746988], [693703.391566265, 2573033.686746988], [693703.391566265, 2573023.686746988], [693693.391566265, 2573023.686746988], [693693.391566265, 2573003.686746988], [693683.391566265, 2573003.686746988], [693683.391566265, 2572993.686746988], [693673.391566265, 2572993.686746988], [693673.391566265, 2572983.686746988], [693653.391566265, 2572983.686746988], [693653.391566265, 2572953.686746988], [693633.391566265, 2572953.686746988], [693633.391566265, 2572943.686746988], [693603.391566265, 2572943.686746988], [693603.391566265, 2572903.686746988], [693633.391566265, 2572903.686746988], [693633.391566265, 2572883.686746988], [693623.391566265, 2572883.686746988], [693623.391566265, 2572863.686746988], [693593.391566265, 2572863.686746988], [693593.391566265, 2572843.686746988], [693583.391566265, 2572843.686746988], [693583.391566265, 2572823.686746988], [693593.391566265, 2572823.686746988], [693593.391566265, 2572813.686746988], [693603.391566265, 2572813.686746988], [693603.391566265, 2572793.686746988], [693563.391566265, 2572793.686746988], [693563.391566265, 2572783.686746988], [693553.391566265, 2572783.686746988], [693553.391566265, 2572773.686746988], [693543.391566265, 2572773.686746988], [693543.391566265, 2572743.686746988], [693553.391566265, 2572743.686746988], [693553.391566265, 2572733.686746988], [693563.391566265, 2572733.686746988], [693563.391566265, 2572693.686746988], [693573.391566265, 2572693.686746988], [693573.391566265, 2572673.686746988], [693583.391566265, 2572673.686746988], [693583.391566265, 2572633.686746988], [693563.391566265, 2572633.686746988], [693563.391566265, 2572593.686746988], [693553.391566265, 2572593.686746988], [693553.391566265, 2572573.686746988], [693543.391566265, 2572573.686746988], [693543.391566265, 2572553.686746988], [693533.391566265, 2572553.686746988], [693533.391566265, 2572543.686746988], [693523.391566265, 2572543.686746988], [693523.391566265, 2572513.686746988], [693513.391566265, 2572513.686746988], [693513.391566265, 2572493.686746988], [693503.391566265, 2572493.686746988], [693503.391566265, 2572483.686746988], [693443.391566265, 2572483.686746988], [693443.391566265, 2572443.686746988], [693453.391566265, 2572443.686746988], [693453.391566265, 2572433.686746988], [693463.391566265, 2572433.686746988], [693463.391566265, 2572423.686746988], [693483.391566265, 2572423.686746988], [693483.391566265, 2572403.686746988], [693493.391566265, 2572403.686746988], [693493.391566265, 2572393.686746988], [693503.391566265, 2572393.686746988], [693503.391566265, 2572373.686746988], [693513.391566265, 2572373.686746988], [693513.391566265, 2572343.686746988], [693523.391566265, 2572343.686746988], [693523.391566265, 2572293.686746988], [693503.391566265, 2572293.686746988], [693503.391566265, 2572253.686746988], [693513.391566265, 2572253.686746988], [693513.391566265, 2572243.686746988], [693543.391566265, 2572243.686746988], [693543.391566265, 2572233.686746988], [693553.391566265, 2572233.686746988], [693553.391566265, 2572223.686746988], [693563.391566265, 2572223.686746988], [693563.391566265, 2572213.686746988], [693573.391566265, 2572213.686746988], [693573.391566265, 2572183.686746988], [693583.391566265, 2572183.686746988], [693583.391566265, 2572143.686746988], [693573.391566265, 2572143.686746988], [693573.391566265, 2572133.686746988], [693563.391566265, 2572133.686746988], [693563.391566265, 2572123.686746988], [693553.391566265, 2572123.686746988], [693553.391566265, 2572103.686746988], [693543.391566265, 2572103.686746988], [693543.391566265, 2572093.686746988], [693523.391566265, 2572093.686746988], [693523.391566265, 2572083.686746988], [693503.391566265, 2572083.686746988], [693503.391566265, 2572043.686746988], [693493.391566265, 2572043.686746988], [693493.391566265, 2572023.686746988], [693483.391566265, 2572023.686746988], [693483.391566265, 2572003.686746988], [693473.391566265, 2572003.686746988], [693473.391566265, 2571993.686746988], [693463.391566265, 2571993.686746988], [693463.391566265, 2571983.686746988], [693453.391566265, 2571983.686746988], [693453.391566265, 2571963.686746988], [693433.391566265, 2571963.686746988], [693433.391566265, 2571943.686746988], [693423.391566265, 2571943.686746988], [693423.391566265, 2571933.686746988], [693413.391566265, 2571933.686746988], [693413.391566265, 2571923.686746988], [693393.391566265, 2571923.686746988], [693393.391566265, 2571883.686746988], [693403.391566265, 2571883.686746988], [693403.391566265, 2571853.686746988], [693393.391566265, 2571853.686746988], [693393.391566265, 2571823.686746988], [693383.391566265, 2571823.686746988], [693383.391566265, 2571803.686746988], [693373.391566265, 2571803.686746988], [693373.391566265, 2571793.686746988], [693343.391566265, 2571793.686746988], [693343.391566265, 2571703.686746988], [693373.391566265, 2571703.686746988], [693373.391566265, 2571693.686746988], [693383.391566265, 2571693.686746988], [693383.391566265, 2571683.686746988], [693373.391566265, 2571683.686746988], [693373.391566265, 2571663.686746988], [693303.391566265, 2571663.686746988], [693303.391566265, 2571653.686746988], [693293.391566265, 2571653.686746988], [693293.391566265, 2571643.686746988], [693283.391566265, 2571643.686746988], [693283.391566265, 2571633.686746988], [693253.391566265, 2571633.686746988], [693253.391566265, 2571613.686746988], [693243.391566265, 2571613.686746988], [693243.391566265, 2571583.686746988], [693233.391566265, 2571583.686746988], [693233.391566265, 2571573.686746988], [693223.391566265, 2571573.686746988], [693223.391566265, 2571563.686746988], [693203.391566265, 2571563.686746988], [693203.391566265, 2571553.686746988], [693193.391566265, 2571553.686746988], [693193.391566265, 2571513.686746988], [693203.391566265, 2571513.686746988], [693203.391566265, 2571443.686746988], [693153.391566265, 2571443.686746988], [693153.391566265, 2571433.686746988], [693143.391566265, 2571433.686746988], [693143.391566265, 2571403.686746988], [693163.391566265, 2571403.686746988], [693163.391566265, 2571393.686746988], [693143.391566265, 2571393.686746988], [693143.391566265, 2571383.686746988], [693133.391566265, 2571383.686746988], [693133.391566265, 2571403.686746988], [693113.391566265, 2571403.686746988], [693113.391566265, 2571383.686746988], [693103.391566265, 2571383.686746988], [693103.391566265, 2571363.686746988], [693093.391566265, 2571363.686746988], [693093.391566265, 2571353.686746988], [693083.391566265, 2571353.686746988], [693083.391566265, 2571343.686746988], [693073.391566265, 2571343.686746988], [693073.391566265, 2571323.686746988], [693063.391566265, 2571323.686746988], [693063.391566265, 2571313.686746988], [693053.391566265, 2571313.686746988], [693053.391566265, 2571323.686746988], [693013.391566265, 2571323.686746988], [693013.391566265, 2571333.686746988], [692993.391566265, 2571333.686746988], [692993.391566265, 2571313.686746988], [693023.391566265, 2571313.686746988], [693023.391566265, 2571303.686746988], [693083.391566265, 2571303.686746988], [693083.391566265, 2571323.686746988], [693103.391566265, 2571323.686746988], [693103.391566265, 2571333.686746988], [693143.391566265, 2571333.686746988], [693143.391566265, 2571343.686746988], [693153.391566265, 2571343.686746988], [693153.391566265, 2571353.686746988], [693133.391566265, 2571353.686746988], [693133.391566265, 2571363.686746988], [693153.391566265, 2571363.686746988], [693153.391566265, 2571373.686746988], [693163.391566265, 2571373.686746988], [693163.391566265, 2571363.686746988], [693183.391566265, 2571363.686746988], [693183.391566265, 2571373.686746988], [693193.391566265, 2571373.686746988], [693193.391566265, 2571393.686746988], [693203.391566265, 2571393.686746988], [693203.391566265, 2571413.686746988], [693223.391566265, 2571413.686746988], [693223.391566265, 2571423.686746988], [693263.391566265, 2571423.686746988], [693263.391566265, 2571433.686746988], [693323.391566265, 2571433.686746988], [693323.391566265, 2571423.686746988], [693313.391566265, 2571423.686746988], [693313.391566265, 2571403.686746988], [693293.391566265, 2571403.686746988], [693293.391566265, 2571393.686746988], [693283.391566265, 2571393.686746988], [693283.391566265, 2571383.686746988], [693273.391566265, 2571383.686746988], [693273.391566265, 2571373.686746988], [693263.391566265, 2571373.686746988], [693263.391566265, 2571353.686746988], [693253.391566265, 2571353.686746988], [693253.391566265, 2571333.686746988], [693243.391566265, 2571333.686746988], [693243.391566265, 2571303.686746988], [693233.391566265, 2571303.686746988], [693233.391566265, 2571283.686746988], [693273.391566265, 2571283.686746988], [693273.391566265, 2571273.686746988], [693283.391566265, 2571273.686746988], [693283.391566265, 2571263.686746988], [693293.391566265, 2571263.686746988], [693293.391566265, 2571243.686746988], [693273.391566265, 2571243.686746988], [693273.391566265, 2571223.686746988], [693263.391566265, 2571223.686746988], [693263.391566265, 2571213.686746988], [693233.391566265, 2571213.686746988], [693233.391566265, 2571203.686746988], [693213.391566265, 2571203.686746988], [693213.391566265, 2571193.686746988], [693203.391566265, 2571193.686746988], [693203.391566265, 2571183.686746988], [693193.391566265, 2571183.686746988], [693193.391566265, 2571173.686746988], [693183.391566265, 2571173.686746988], [693183.391566265, 2571153.686746988], [693173.391566265, 2571153.686746988], [693173.391566265, 2571163.686746988], [693163.391566265, 2571163.686746988], [693163.391566265, 2571153.686746988], [693153.391566265, 2571153.686746988], [693153.391566265, 2571133.686746988], [693143.391566265, 2571133.686746988], [693143.391566265, 2571113.686746988], [693123.391566265, 2571113.686746988], [693123.391566265, 2571103.686746988], [693083.391566265, 2571103.686746988], [693083.391566265, 2571093.686746988], [693073.391566265, 2571093.686746988], [693073.391566265, 2571083.686746988], [693063.391566265, 2571083.686746988], [693063.391566265, 2571073.686746988], [693053.391566265, 2571073.686746988], [693053.391566265, 2571063.686746988], [693043.391566265, 2571063.686746988], [693043.391566265, 2571053.686746988], [693033.391566265, 2571053.686746988], [693033.391566265, 2571043.686746988], [692993.391566265, 2571043.686746988], [692993.391566265, 2571033.686746988], [692983.391566265, 2571033.686746988], [692983.391566265, 2571023.686746988], [692973.391566265, 2571023.686746988], [692973.391566265, 2571003.686746988], [692983.391566265, 2571003.686746988], [692983.391566265, 2570983.686746988], [692993.391566265, 2570983.686746988], [692993.391566265, 2570973.686746988], [693003.391566265, 2570973.686746988], [693003.391566265, 2571023.686746988], [693033.391566265, 2571023.686746988], [693033.391566265, 2571033.686746988], [693053.391566265, 2571033.686746988], [693053.391566265, 2571043.686746988], [693063.391566265, 2571043.686746988], [693063.391566265, 2571053.686746988], [693073.391566265, 2571053.686746988], [693073.391566265, 2571063.686746988], [693093.391566265, 2571063.686746988], [693093.391566265, 2571073.686746988], [693113.391566265, 2571073.686746988], [693113.391566265, 2571083.686746988], [693143.391566265, 2571083.686746988], [693143.391566265, 2571093.686746988], [693173.391566265, 2571093.686746988], [693173.391566265, 2571103.686746988], [693193.391566265, 2571103.686746988], [693193.391566265, 2571123.686746988], [693213.391566265, 2571123.686746988], [693213.391566265, 2571143.686746988], [693233.391566265, 2571143.686746988], [693233.391566265, 2571153.686746988], [693253.391566265, 2571153.686746988], [693253.391566265, 2571163.686746988], [693273.391566265, 2571163.686746988], [693273.391566265, 2571173.686746988], [693283.391566265, 2571173.686746988], [693283.391566265, 2571183.686746988], [693293.391566265, 2571183.686746988], [693293.391566265, 2571203.686746988], [693303.391566265, 2571203.686746988], [693303.391566265, 2571213.686746988], [693323.391566265, 2571213.686746988], [693323.391566265, 2571223.686746988], [693363.391566265, 2571223.686746988], [693363.391566265, 2571203.686746988], [693373.391566265, 2571203.686746988], [693373.391566265, 2571163.686746988], [693403.391566265, 2571163.686746988], [693403.391566265, 2571173.686746988], [693423.391566265, 2571173.686746988], [693423.391566265, 2571183.686746988], [693463.391566265, 2571183.686746988], [693463.391566265, 2571173.686746988], [693483.391566265, 2571173.686746988], [693483.391566265, 2571163.686746988], [693503.391566265, 2571163.686746988], [693503.391566265, 2571183.686746988], [693513.391566265, 2571183.686746988], [693513.391566265, 2571193.686746988], [693573.391566265, 2571193.686746988], [693573.391566265, 2571183.686746988], [693593.391566265, 2571183.686746988], [693593.391566265, 2571203.686746988], [693613.391566265, 2571203.686746988], [693613.391566265, 2571213.686746988], [693633.391566265, 2571213.686746988], [693633.391566265, 2571203.686746988], [693643.391566265, 2571203.686746988], [693643.391566265, 2571213.686746988], [693663.391566265, 2571213.686746988], [693663.391566265, 2571223.686746988], [693693.391566265, 2571223.686746988], [693693.391566265, 2571213.686746988], [693733.391566265, 2571213.686746988], [693733.391566265, 2571203.686746988], [693763.391566265, 2571203.686746988], [693763.391566265, 2571193.686746988], [693793.391566265, 2571193.686746988], [693793.391566265, 2571183.686746988], [693823.391566265, 2571183.686746988], [693823.391566265, 2571173.686746988], [693833.391566265, 2571173.686746988], [693833.391566265, 2571143.686746988], [693843.391566265, 2571143.686746988], [693843.391566265, 2571113.686746988], [693853.391566265, 2571113.686746988], [693853.391566265, 2571103.686746988], [693863.391566265, 2571103.686746988], [693863.391566265, 2571093.686746988], [693873.391566265, 2571093.686746988], [693873.391566265, 2571053.686746988], [693863.391566265, 2571053.686746988], [693863.391566265, 2571033.686746988], [693843.391566265, 2571033.686746988], [693843.391566265, 2571023.686746988], [693803.391566265, 2571023.686746988], [693803.391566265, 2571013.686746988], [693793.391566265, 2571013.686746988], [693793.391566265, 2571003.686746988], [693833.391566265, 2571003.686746988], [693833.391566265, 2570993.686746988], [693853.391566265, 2570993.686746988], [693853.391566265, 2570983.686746988], [693873.391566265, 2570983.686746988], [693873.391566265, 2570963.686746988], [693863.391566265, 2570963.686746988], [693863.391566265, 2570923.686746988], [693853.391566265, 2570923.686746988], [693853.391566265, 2570913.686746988], [693843.391566265, 2570913.686746988], [693843.391566265, 2570903.686746988], [693823.391566265, 2570903.686746988], [693823.391566265, 2570893.686746988], [693813.391566265, 2570893.686746988], [693813.391566265, 2570883.686746988], [693803.391566265, 2570883.686746988], [693803.391566265, 2570873.686746988], [693793.391566265, 2570873.686746988], [693793.391566265, 2570783.686746988], [693803.391566265, 2570783.686746988], [693803.391566265, 2570703.686746988], [693793.391566265, 2570703.686746988], [693793.391566265, 2570683.686746988], [693783.391566265, 2570683.686746988], [693783.391566265, 2570673.686746988], [693753.391566265, 2570673.686746988], [693753.391566265, 2570663.686746988], [693733.391566265, 2570663.686746988], [693733.391566265, 2570673.686746988], [693723.391566265, 2570673.686746988], [693723.391566265, 2570683.686746988], [693703.391566265, 2570683.686746988], [693703.391566265, 2570663.686746988], [693713.391566265, 2570663.686746988], [693713.391566265, 2570653.686746988], [693683.391566265, 2570653.686746988], [693683.391566265, 2570633.686746988], [693673.391566265, 2570633.686746988], [693673.391566265, 2570593.686746988], [693653.391566265, 2570593.686746988], [693653.391566265, 2570583.686746988], [693643.391566265, 2570583.686746988], [693643.391566265, 2570573.686746988], [693663.391566265, 2570573.686746988], [693663.391566265, 2570543.686746988], [693653.391566265, 2570543.686746988], [693653.391566265, 2570483.686746988], [693643.391566265, 2570483.686746988], [693643.391566265, 2570443.686746988], [693633.391566265, 2570443.686746988], [693633.391566265, 2570423.686746988], [693623.391566265, 2570423.686746988], [693623.391566265, 2570433.686746988], [693613.391566265, 2570433.686746988], [693613.391566265, 2570443.686746988], [693593.391566265, 2570443.686746988], [693593.391566265, 2570423.686746988], [693583.391566265, 2570423.686746988], [693583.391566265, 2570413.686746988], [693563.391566265, 2570413.686746988], [693563.391566265, 2570403.686746988], [693543.391566265, 2570403.686746988], [693543.391566265, 2570373.686746988], [693553.391566265, 2570373.686746988], [693553.391566265, 2570383.686746988], [693583.391566265, 2570383.686746988], [693583.391566265, 2570393.686746988], [693603.391566265, 2570393.686746988], [693603.391566265, 2570403.686746988], [693613.391566265, 2570403.686746988], [693613.391566265, 2570393.686746988], [693633.391566265, 2570393.686746988], [693633.391566265, 2570363.686746988], [693653.391566265, 2570363.686746988], [693653.391566265, 2570383.686746988], [693663.391566265, 2570383.686746988], [693663.391566265, 2570393.686746988], [693683.391566265, 2570393.686746988], [693683.391566265, 2570403.686746988], [693693.391566265, 2570403.686746988], [693693.391566265, 2570423.686746988], [693703.391566265, 2570423.686746988], [693703.391566265, 2570443.686746988], [693713.391566265, 2570443.686746988], [693713.391566265, 2570473.686746988], [693703.391566265, 2570473.686746988], [693703.391566265, 2570493.686746988], [693733.391566265, 2570493.686746988], [693733.391566265, 2570483.686746988], [693743.391566265, 2570483.686746988], [693743.391566265, 2570453.686746988], [693733.391566265, 2570453.686746988], [693733.391566265, 2570443.686746988], [693723.391566265, 2570443.686746988], [693723.391566265, 2570413.686746988], [693713.391566265, 2570413.686746988], [693713.391566265, 2570393.686746988], [693723.391566265, 2570393.686746988], [693723.391566265, 2570373.686746988], [693713.391566265, 2570373.686746988], [693713.391566265, 2570343.686746988], [693703.391566265, 2570343.686746988], [693703.391566265, 2570363.686746988], [693683.391566265, 2570363.686746988], [693683.391566265, 2570333.686746988], [693703.391566265, 2570333.686746988], [693703.391566265, 2570323.686746988], [693743.391566265, 2570323.686746988], [693743.391566265, 2570343.686746988], [693763.391566265, 2570343.686746988], [693763.391566265, 2570373.686746988], [693753.391566265, 2570373.686746988], [693753.391566265, 2570423.686746988], [693763.391566265, 2570423.686746988], [693763.391566265, 2570443.686746988], [693753.391566265, 2570443.686746988], [693753.391566265, 2570453.686746988], [693773.391566265, 2570453.686746988], [693773.391566265, 2570473.686746988], [693803.391566265, 2570473.686746988], [693803.391566265, 2570493.686746988], [693823.391566265, 2570493.686746988], [693823.391566265, 2570473.686746988], [693833.391566265, 2570473.686746988], [693833.391566265, 2570463.686746988], [693843.391566265, 2570463.686746988], [693843.391566265, 2570473.686746988], [693853.391566265, 2570473.686746988], [693853.391566265, 2570483.686746988], [693863.391566265, 2570483.686746988], [693863.391566265, 2570513.686746988], [693873.391566265, 2570513.686746988], [693873.391566265, 2570503.686746988], [693883.391566265, 2570503.686746988], [693883.391566265, 2570513.686746988], [693893.391566265, 2570513.686746988], [693893.391566265, 2570533.686746988], [693913.391566265, 2570533.686746988], [693913.391566265, 2570583.686746988], [693923.391566265, 2570583.686746988], [693923.391566265, 2570633.686746988], [693913.391566265, 2570633.686746988], [693913.391566265, 2570643.686746988], [693903.391566265, 2570643.686746988], [693903.391566265, 2570653.686746988], [693893.391566265, 2570653.686746988], [693893.391566265, 2570673.686746988], [693883.391566265, 2570673.686746988], [693883.391566265, 2570713.686746988], [693893.391566265, 2570713.686746988], [693893.391566265, 2570703.686746988], [693903.391566265, 2570703.686746988], [693903.391566265, 2570673.686746988], [693913.391566265, 2570673.686746988], [693913.391566265, 2570653.686746988], [693933.391566265, 2570653.686746988], [693933.391566265, 2570673.686746988], [693973.391566265, 2570673.686746988], [693973.391566265, 2570683.686746988], [693983.391566265, 2570683.686746988], [693983.391566265, 2570713.686746988], [693943.391566265, 2570713.686746988], [693943.391566265, 2570683.686746988], [693933.391566265, 2570683.686746988], [693933.391566265, 2570753.686746988], [693943.391566265, 2570753.686746988], [693943.391566265, 2570743.686746988], [693983.391566265, 2570743.686746988], [693983.391566265, 2570763.686746988], [693993.391566265, 2570763.686746988], [693993.391566265, 2570773.686746988], [694003.391566265, 2570773.686746988], [694003.391566265, 2570803.686746988], [694023.391566265, 2570803.686746988], [694023.391566265, 2570793.686746988], [694093.391566265, 2570793.686746988], [694093.391566265, 2570803.686746988], [694103.391566265, 2570803.686746988], [694103.391566265, 2570783.686746988], [694123.391566265, 2570783.686746988], [694123.391566265, 2570763.686746988], [694143.391566265, 2570763.686746988], [694143.391566265, 2570753.686746988], [694153.391566265, 2570753.686746988], [694153.391566265, 2570733.686746988], [694163.391566265, 2570733.686746988], [694163.391566265, 2570773.686746988], [694173.391566265, 2570773.686746988], [694173.391566265, 2570743.686746988], [694193.391566265, 2570743.686746988], [694193.391566265, 2570763.686746988], [694183.391566265, 2570763.686746988], [694183.391566265, 2570793.686746988], [694193.391566265, 2570793.686746988], [694193.391566265, 2570773.686746988], [694213.391566265, 2570773.686746988], [694213.391566265, 2570763.686746988], [694223.391566265, 2570763.686746988], [694223.391566265, 2570753.686746988], [694243.391566265, 2570753.686746988], [694243.391566265, 2570743.686746988], [694253.391566265, 2570743.686746988], [694253.391566265, 2570733.686746988], [694263.391566265, 2570733.686746988], [694263.391566265, 2570723.686746988], [694273.391566265, 2570723.686746988], [694273.391566265, 2570713.686746988], [694263.391566265, 2570713.686746988], [694263.391566265, 2570693.686746988], [694273.391566265, 2570693.686746988], [694273.391566265, 2570663.686746988], [694253.391566265, 2570663.686746988], [694253.391566265, 2570633.686746988], [694273.391566265, 2570633.686746988], [694273.391566265, 2570643.686746988], [694283.391566265, 2570643.686746988], [694283.391566265, 2570653.686746988], [694293.391566265, 2570653.686746988], [694293.391566265, 2570673.686746988], [694313.391566265, 2570673.686746988], [694313.391566265, 2570683.686746988], [694323.391566265, 2570683.686746988], [694323.391566265, 2570703.686746988], [694353.391566265, 2570703.686746988], [694353.391566265, 2570673.686746988], [694343.391566265, 2570673.686746988], [694343.391566265, 2570663.686746988], [694333.391566265, 2570663.686746988], [694333.391566265, 2570643.686746988], [694323.391566265, 2570643.686746988], [694323.391566265, 2570633.686746988], [694313.391566265, 2570633.686746988], [694313.391566265, 2570613.686746988], [694303.391566265, 2570613.686746988], [694303.391566265, 2570593.686746988], [694293.391566265, 2570593.686746988], [694293.391566265, 2570573.686746988], [694283.391566265, 2570573.686746988], [694283.391566265, 2570563.686746988], [694273.391566265, 2570563.686746988], [694273.391566265, 2570543.686746988], [694263.391566265, 2570543.686746988], [694263.391566265, 2570533.686746988], [694253.391566265, 2570533.686746988], [694253.391566265, 2570523.686746988], [694243.391566265, 2570523.686746988], [694243.391566265, 2570503.686746988], [694233.391566265, 2570503.686746988], [694233.391566265, 2570483.686746988], [694223.391566265, 2570483.686746988], [694223.391566265, 2570473.686746988], [694213.391566265, 2570473.686746988], [694213.391566265, 2570453.686746988], [694203.391566265, 2570453.686746988], [694203.391566265, 2570433.686746988], [694193.391566265, 2570433.686746988], [694193.391566265, 2570423.686746988], [694183.391566265, 2570423.686746988], [694183.391566265, 2570413.686746988], [694173.391566265, 2570413.686746988], [694173.391566265, 2570393.686746988], [694163.391566265, 2570393.686746988], [694163.391566265, 2570373.686746988], [694153.391566265, 2570373.686746988], [694153.391566265, 2570363.686746988], [694143.391566265, 2570363.686746988], [694143.391566265, 2570343.686746988], [694133.391566265, 2570343.686746988], [694133.391566265, 2570323.686746988], [694123.391566265, 2570323.686746988], [694123.391566265, 2570313.686746988], [694113.391566265, 2570313.686746988], [694113.391566265, 2570293.686746988], [694103.391566265, 2570293.686746988], [694103.391566265, 2570283.686746988], [694093.391566265, 2570283.686746988], [694093.391566265, 2570273.686746988], [694083.391566265, 2570273.686746988], [694083.391566265, 2570253.686746988], [694063.391566265, 2570253.686746988], [694063.391566265, 2570243.686746988], [694053.391566265, 2570243.686746988], [694053.391566265, 2570223.686746988], [694043.391566265, 2570223.686746988], [694043.391566265, 2570193.686746988], [694033.391566265, 2570193.686746988], [694033.391566265, 2570173.686746988], [694023.391566265, 2570173.686746988], [694023.391566265, 2570163.686746988], [694013.391566265, 2570163.686746988], [694013.391566265, 2570143.686746988], [694003.391566265, 2570143.686746988], [694003.391566265, 2570133.686746988], [693993.391566265, 2570133.686746988], [693993.391566265, 2570113.686746988], [693983.391566265, 2570113.686746988], [693983.391566265, 2570103.686746988], [693973.391566265, 2570103.686746988], [693973.391566265, 2570093.686746988], [693963.391566265, 2570093.686746988], [693963.391566265, 2570073.686746988], [693953.391566265, 2570073.686746988], [693953.391566265, 2570053.686746988], [693943.391566265, 2570053.686746988], [693943.391566265, 2570043.686746988], [693933.391566265, 2570043.686746988], [693933.391566265, 2570023.686746988], [693923.391566265, 2570023.686746988], [693923.391566265, 2570013.686746988], [693913.391566265, 2570013.686746988], [693913.391566265, 2570003.686746988], [693903.391566265, 2570003.686746988], [693903.391566265, 2569983.686746988], [693873.391566265, 2569983.686746988], [693873.391566265, 2569993.686746988], [693883.391566265, 2569993.686746988], [693883.391566265, 2570003.686746988], [693893.391566265, 2570003.686746988], [693893.391566265, 2570033.686746988], [693903.391566265, 2570033.686746988], [693903.391566265, 2570043.686746988], [693923.391566265, 2570043.686746988], [693923.391566265, 2570083.686746988], [693933.391566265, 2570083.686746988], [693933.391566265, 2570093.686746988], [693943.391566265, 2570093.686746988], [693943.391566265, 2570113.686746988], [693953.391566265, 2570113.686746988], [693953.391566265, 2570123.686746988], [693963.391566265, 2570123.686746988], [693963.391566265, 2570133.686746988], [693973.391566265, 2570133.686746988], [693973.391566265, 2570143.686746988], [693983.391566265, 2570143.686746988], [693983.391566265, 2570163.686746988], [693993.391566265, 2570163.686746988], [693993.391566265, 2570183.686746988], [694003.391566265, 2570183.686746988], [694003.391566265, 2570203.686746988], [694013.391566265, 2570203.686746988], [694013.391566265, 2570213.686746988], [694023.391566265, 2570213.686746988], [694023.391566265, 2570233.686746988], [694043.391566265, 2570233.686746988], [694043.391566265, 2570263.686746988], [694053.391566265, 2570263.686746988], [694053.391566265, 2570273.686746988], [694063.391566265, 2570273.686746988], [694063.391566265, 2570293.686746988], [694073.391566265, 2570293.686746988], [694073.391566265, 2570303.686746988], [694083.391566265, 2570303.686746988], [694083.391566265, 2570343.686746988], [694093.391566265, 2570343.686746988], [694093.391566265, 2570353.686746988], [694103.391566265, 2570353.686746988], [694103.391566265, 2570383.686746988], [694093.391566265, 2570383.686746988], [694093.391566265, 2570373.686746988], [694083.391566265, 2570373.686746988], [694083.391566265, 2570353.686746988], [694073.391566265, 2570353.686746988], [694073.391566265, 2570343.686746988], [694063.391566265, 2570343.686746988], [694063.391566265, 2570333.686746988], [694053.391566265, 2570333.686746988], [694053.391566265, 2570303.686746988], [694043.391566265, 2570303.686746988], [694043.391566265, 2570293.686746988], [694033.391566265, 2570293.686746988], [694033.391566265, 2570273.686746988], [694023.391566265, 2570273.686746988], [694023.391566265, 2570263.686746988], [694013.391566265, 2570263.686746988], [694013.391566265, 2570253.686746988], [694003.391566265, 2570253.686746988], [694003.391566265, 2570223.686746988], [693993.391566265, 2570223.686746988], [693993.391566265, 2570213.686746988], [693973.391566265, 2570213.686746988], [693973.391566265, 2570203.686746988], [693963.391566265, 2570203.686746988], [693963.391566265, 2570183.686746988], [693953.391566265, 2570183.686746988], [693953.391566265, 2570193.686746988], [693923.391566265, 2570193.686746988], [693923.391566265, 2570203.686746988], [693883.391566265, 2570203.686746988], [693883.391566265, 2570213.686746988], [693853.391566265, 2570213.686746988], [693853.391566265, 2570223.686746988], [693843.391566265, 2570223.686746988], [693843.391566265, 2570233.686746988], [693833.391566265, 2570233.686746988], [693833.391566265, 2570223.686746988], [693823.391566265, 2570223.686746988], [693823.391566265, 2570213.686746988], [693813.391566265, 2570213.686746988], [693813.391566265, 2570223.686746988], [693793.391566265, 2570223.686746988], [693793.391566265, 2570213.686746988], [693773.391566265, 2570213.686746988], [693773.391566265, 2570193.686746988], [693783.391566265, 2570193.686746988], [693783.391566265, 2570183.686746988], [693803.391566265, 2570183.686746988], [693803.391566265, 2570173.686746988], [693843.391566265, 2570173.686746988], [693843.391566265, 2570183.686746988], [693853.391566265, 2570183.686746988], [693853.391566265, 2570173.686746988], [693863.391566265, 2570173.686746988], [693863.391566265, 2570163.686746988], [693893.391566265, 2570163.686746988], [693893.391566265, 2570153.686746988], [693903.391566265, 2570153.686746988], [693903.391566265, 2570143.686746988], [693893.391566265, 2570143.686746988], [693893.391566265, 2570123.686746988], [693883.391566265, 2570123.686746988], [693883.391566265, 2570113.686746988], [693853.391566265, 2570113.686746988], [693853.391566265, 2570123.686746988], [693843.391566265, 2570123.686746988], [693843.391566265, 2570113.686746988], [693833.391566265, 2570113.686746988], [693833.391566265, 2570103.686746988], [693823.391566265, 2570103.686746988], [693823.391566265, 2570083.686746988], [693813.391566265, 2570083.686746988], [693813.391566265, 2570053.686746988], [693823.391566265, 2570053.686746988], [693823.391566265, 2570043.686746988], [693843.391566265, 2570043.686746988], [693843.391566265, 2570053.686746988], [693853.391566265, 2570053.686746988], [693853.391566265, 2570063.686746988], [693873.391566265, 2570063.686746988], [693873.391566265, 2570053.686746988], [693863.391566265, 2570053.686746988], [693863.391566265, 2570043.686746988], [693853.391566265, 2570043.686746988], [693853.391566265, 2570023.686746988], [693843.391566265, 2570023.686746988], [693843.391566265, 2570013.686746988], [693833.391566265, 2570013.686746988], [693833.391566265, 2570003.686746988], [693793.391566265, 2570003.686746988], [693793.391566265, 2569983.686746988], [693783.391566265, 2569983.686746988], [693783.391566265, 2569993.686746988], [693763.391566265, 2569993.686746988], [693763.391566265, 2570003.686746988], [693743.391566265, 2570003.686746988], [693743.391566265, 2569993.686746988], [693753.391566265, 2569993.686746988], [693753.391566265, 2569983.686746988], [693773.391566265, 2569983.686746988], [693773.391566265, 2569973.686746988], [693763.391566265, 2569973.686746988], [693763.391566265, 2569953.686746988], [693793.391566265, 2569953.686746988], [693793.391566265, 2569923.686746988], [693783.391566265, 2569923.686746988], [693783.391566265, 2569913.686746988], [693773.391566265, 2569913.686746988], [693773.391566265, 2569923.686746988], [693733.391566265, 2569923.686746988], [693733.391566265, 2569883.686746988], [693743.391566265, 2569883.686746988], [693743.391566265, 2569873.686746988], [693723.391566265, 2569873.686746988], [693723.391566265, 2569853.686746988], [693733.391566265, 2569853.686746988], [693733.391566265, 2569843.686746988], [693743.391566265, 2569843.686746988], [693743.391566265, 2569833.686746988], [693693.391566265, 2569833.686746988], [693693.391566265, 2569843.686746988], [693663.391566265, 2569843.686746988], [693663.391566265, 2569823.686746988], [693673.391566265, 2569823.686746988], [693673.391566265, 2569813.686746988], [693693.391566265, 2569813.686746988], [693693.391566265, 2569803.686746988], [693703.391566265, 2569803.686746988], [693703.391566265, 2569793.686746988], [693683.391566265, 2569793.686746988], [693683.391566265, 2569783.686746988], [693673.391566265, 2569783.686746988], [693673.391566265, 2569773.686746988], [693663.391566265, 2569773.686746988], [693663.391566265, 2569763.686746988], [693653.391566265, 2569763.686746988], [693653.391566265, 2569753.686746988], [693633.391566265, 2569753.686746988], [693633.391566265, 2569743.686746988], [693613.391566265, 2569743.686746988], [693613.391566265, 2569733.686746988], [693593.391566265, 2569733.686746988], [693593.391566265, 2569723.686746988], [693583.391566265, 2569723.686746988], [693583.391566265, 2569713.686746988], [693563.391566265, 2569713.686746988], [693563.391566265, 2569703.686746988], [693523.391566265, 2569703.686746988], [693523.391566265, 2569693.686746988], [693513.391566265, 2569693.686746988], [693513.391566265, 2569683.686746988], [693503.391566265, 2569683.686746988], [693503.391566265, 2569653.686746988], [693513.391566265, 2569653.686746988], [693513.391566265, 2569643.686746988], [693493.391566265, 2569643.686746988], [693493.391566265, 2569633.686746988], [693483.391566265, 2569633.686746988], [693483.391566265, 2569613.686746988], [693493.391566265, 2569613.686746988], [693493.391566265, 2569573.686746988], [693473.391566265, 2569573.686746988], [693473.391566265, 2569563.686746988], [693493.391566265, 2569563.686746988], [693493.391566265, 2569553.686746988], [693463.391566265, 2569553.686746988], [693463.391566265, 2569533.686746988], [693473.391566265, 2569533.686746988], [693473.391566265, 2569503.686746988], [693483.391566265, 2569503.686746988], [693483.391566265, 2569493.686746988], [693463.391566265, 2569493.686746988], [693463.391566265, 2569483.686746988], [693453.391566265, 2569483.686746988], [693453.391566265, 2569493.686746988], [693443.391566265, 2569493.686746988], [693443.391566265, 2569513.686746988], [693433.391566265, 2569513.686746988], [693433.391566265, 2569503.686746988], [693413.391566265, 2569503.686746988], [693413.391566265, 2569493.686746988], [693403.391566265, 2569493.686746988], [693403.391566265, 2569483.686746988], [693393.391566265, 2569483.686746988], [693393.391566265, 2569493.686746988], [693373.391566265, 2569493.686746988], [693373.391566265, 2569503.686746988], [693363.391566265, 2569503.686746988], [693363.391566265, 2569513.686746988], [693353.391566265, 2569513.686746988], [693353.391566265, 2569533.686746988], [693343.391566265, 2569533.686746988], [693343.391566265, 2569553.686746988], [693333.391566265, 2569553.686746988], [693333.391566265, 2569563.686746988], [693323.391566265, 2569563.686746988], [693323.391566265, 2569573.686746988], [693313.391566265, 2569573.686746988], [693313.391566265, 2569583.686746988], [693293.391566265, 2569583.686746988], [693293.391566265, 2569593.686746988], [693273.391566265, 2569593.686746988], [693273.391566265, 2569603.686746988], [693263.391566265, 2569603.686746988], [693263.391566265, 2569633.686746988], [693253.391566265, 2569633.686746988], [693253.391566265, 2569673.686746988], [693233.391566265, 2569673.686746988], [693233.391566265, 2569683.686746988], [693213.391566265, 2569683.686746988], [693213.391566265, 2569693.686746988], [693203.391566265, 2569693.686746988], [693203.391566265, 2569713.686746988], [693193.391566265, 2569713.686746988], [693193.391566265, 2569763.686746988], [693183.391566265, 2569763.686746988], [693183.391566265, 2569813.686746988], [693173.391566265, 2569813.686746988], [693173.391566265, 2569823.686746988], [693163.391566265, 2569823.686746988], [693163.391566265, 2569833.686746988], [693153.391566265, 2569833.686746988], [693153.391566265, 2569863.686746988], [693143.391566265, 2569863.686746988], [693143.391566265, 2569893.686746988], [693133.391566265, 2569893.686746988], [693133.391566265, 2569903.686746988], [693123.391566265, 2569903.686746988], [693123.391566265, 2569913.686746988], [693113.391566265, 2569913.686746988], [693113.391566265, 2569923.686746988], [693093.391566265, 2569923.686746988], [693093.391566265, 2569933.686746988], [693073.391566265, 2569933.686746988], [693073.391566265, 2569923.686746988], [693083.391566265, 2569923.686746988], [693083.391566265, 2569913.686746988], [693093.391566265, 2569913.686746988], [693093.391566265, 2569903.686746988], [693103.391566265, 2569903.686746988], [693103.391566265, 2569893.686746988], [693113.391566265, 2569893.686746988], [693113.391566265, 2569883.686746988], [693123.391566265, 2569883.686746988], [693123.391566265, 2569843.686746988], [693133.391566265, 2569843.686746988], [693133.391566265, 2569813.686746988], [693143.391566265, 2569813.686746988], [693143.391566265, 2569773.686746988], [693163.391566265, 2569773.686746988], [693163.391566265, 2569733.686746988], [693153.391566265, 2569733.686746988], [693153.391566265, 2569713.686746988], [693173.391566265, 2569713.686746988], [693173.391566265, 2569673.686746988], [693183.391566265, 2569673.686746988], [693183.391566265, 2569663.686746988], [693203.391566265, 2569663.686746988], [693203.391566265, 2569653.686746988], [693213.391566265, 2569653.686746988], [693213.391566265, 2569643.686746988], [693233.391566265, 2569643.686746988], [693233.391566265, 2569603.686746988], [693243.391566265, 2569603.686746988], [693243.391566265, 2569583.686746988], [693253.391566265, 2569583.686746988], [693253.391566265, 2569573.686746988], [693263.391566265, 2569573.686746988], [693263.391566265, 2569563.686746988], [693273.391566265, 2569563.686746988], [693273.391566265, 2569553.686746988], [693283.391566265, 2569553.686746988], [693283.391566265, 2569543.686746988], [693293.391566265, 2569543.686746988], [693293.391566265, 2569533.686746988], [693303.391566265, 2569533.686746988], [693303.391566265, 2569523.686746988], [693313.391566265, 2569523.686746988], [693313.391566265, 2569503.686746988], [693323.391566265, 2569503.686746988], [693323.391566265, 2569483.686746988], [693343.391566265, 2569483.686746988], [693343.391566265, 2569473.686746988], [693353.391566265, 2569473.686746988], [693353.391566265, 2569453.686746988], [693363.391566265, 2569453.686746988], [693363.391566265, 2569433.686746988], [693333.391566265, 2569433.686746988], [693333.391566265, 2569423.686746988], [693323.391566265, 2569423.686746988], [693323.391566265, 2569413.686746988], [693313.391566265, 2569413.686746988], [693313.391566265, 2569403.686746988], [693293.391566265, 2569403.686746988], [693293.391566265, 2569383.686746988], [693283.391566265, 2569383.686746988], [693283.391566265, 2569373.686746988], [693273.391566265, 2569373.686746988], [693273.391566265, 2569353.686746988], [693263.391566265, 2569353.686746988], [693263.391566265, 2569343.686746988], [693253.391566265, 2569343.686746988], [693253.391566265, 2569323.686746988], [693233.391566265, 2569323.686746988], [693233.391566265, 2569313.686746988], [693193.391566265, 2569313.686746988], [693193.391566265, 2569303.686746988], [693213.391566265, 2569303.686746988], [693213.391566265, 2569293.686746988], [693233.391566265, 2569293.686746988], [693233.391566265, 2569303.686746988], [693263.391566265, 2569303.686746988], [693263.391566265, 2569313.686746988], [693293.391566265, 2569313.686746988], [693293.391566265, 2569323.686746988], [693313.391566265, 2569323.686746988], [693313.391566265, 2569333.686746988], [693343.391566265, 2569333.686746988], [693343.391566265, 2569323.686746988], [693323.391566265, 2569323.686746988], [693323.391566265, 2569313.686746988], [693313.391566265, 2569313.686746988], [693313.391566265, 2569303.686746988], [693283.391566265, 2569303.686746988], [693283.391566265, 2569293.686746988], [693263.391566265, 2569293.686746988], [693263.391566265, 2569283.686746988], [693253.391566265, 2569283.686746988], [693253.391566265, 2569273.686746988], [693213.391566265, 2569273.686746988], [693213.391566265, 2569263.686746988], [693203.391566265, 2569263.686746988], [693203.391566265, 2569253.686746988], [693183.391566265, 2569253.686746988], [693183.391566265, 2569263.686746988], [693173.391566265, 2569263.686746988], [693173.391566265, 2569273.686746988], [693153.391566265, 2569273.686746988], [693153.391566265, 2569263.686746988], [693163.391566265, 2569263.686746988], [693163.391566265, 2569253.686746988], [693143.391566265, 2569253.686746988], [693143.391566265, 2569243.686746988], [693103.391566265, 2569243.686746988], [693103.391566265, 2569253.686746988], [693113.391566265, 2569253.686746988], [693113.391566265, 2569263.686746988], [693093.391566265, 2569263.686746988], [693093.391566265, 2569253.686746988], [693083.391566265, 2569253.686746988], [693083.391566265, 2569243.686746988], [693073.391566265, 2569243.686746988], [693073.391566265, 2569233.686746988], [693053.391566265, 2569233.686746988], [693053.391566265, 2569213.686746988], [693043.391566265, 2569213.686746988], [693043.391566265, 2569193.686746988], [693033.391566265, 2569193.686746988], [693033.391566265, 2569183.686746988], [693073.391566265, 2569183.686746988], [693073.391566265, 2569143.686746988], [693063.391566265, 2569143.686746988], [693063.391566265, 2569153.686746988], [693053.391566265, 2569153.686746988], [693053.391566265, 2569143.686746988], [693033.391566265, 2569143.686746988], [693033.391566265, 2569123.686746988], [693023.391566265, 2569123.686746988], [693023.391566265, 2569093.686746988], [693033.391566265, 2569093.686746988], [693033.391566265, 2569063.686746988], [693023.391566265, 2569063.686746988], [693023.391566265, 2569053.686746988], [693013.391566265, 2569053.686746988], [693013.391566265, 2569033.686746988], [693003.391566265, 2569033.686746988], [693003.391566265, 2569023.686746988], [692993.391566265, 2569023.686746988], [692993.391566265, 2569003.686746988], [692983.391566265, 2569003.686746988], [692983.391566265, 2568993.686746988], [692973.391566265, 2568993.686746988], [692973.391566265, 2568973.686746988], [692963.391566265, 2568973.686746988], [692963.391566265, 2568963.686746988], [692943.391566265, 2568963.686746988], [692943.391566265, 2568983.686746988], [692963.391566265, 2568983.686746988], [692963.391566265, 2569003.686746988], [692943.391566265, 2569003.686746988], [692943.391566265, 2569013.686746988], [692933.391566265, 2569013.686746988], [692933.391566265, 2569003.686746988], [692923.391566265, 2569003.686746988], [692923.391566265, 2568993.686746988], [692913.391566265, 2568993.686746988], [692913.391566265, 2568963.686746988], [692903.391566265, 2568963.686746988], [692903.391566265, 2568953.686746988], [692893.391566265, 2568953.686746988], [692893.391566265, 2568943.686746988], [692883.391566265, 2568943.686746988], [692883.391566265, 2568933.686746988], [692873.391566265, 2568933.686746988], [692873.391566265, 2568963.686746988], [692883.391566265, 2568963.686746988], [692883.391566265, 2568973.686746988], [692903.391566265, 2568973.686746988], [692903.391566265, 2568993.686746988], [692893.391566265, 2568993.686746988], [692893.391566265, 2569003.686746988], [692873.391566265, 2569003.686746988], [692873.391566265, 2568993.686746988], [692863.391566265, 2568993.686746988], [692863.391566265, 2568973.686746988], [692853.391566265, 2568973.686746988], [692853.391566265, 2568943.686746988], [692843.391566265, 2568943.686746988], [692843.391566265, 2568933.686746988], [692833.391566265, 2568933.686746988], [692833.391566265, 2568903.686746988], [692823.391566265, 2568903.686746988], [692823.391566265, 2568893.686746988], [692803.391566265, 2568893.686746988], [692803.391566265, 2568873.686746988], [692793.391566265, 2568873.686746988], [692793.391566265, 2568863.686746988], [692783.391566265, 2568863.686746988], [692783.391566265, 2568873.686746988], [692763.391566265, 2568873.686746988], [692763.391566265, 2568883.686746988], [692743.391566265, 2568883.686746988], [692743.391566265, 2568853.686746988], [692753.391566265, 2568853.686746988], [692753.391566265, 2568843.686746988], [692743.391566265, 2568843.686746988], [692743.391566265, 2568803.686746988], [692753.391566265, 2568803.686746988], [692753.391566265, 2568793.686746988], [692743.391566265, 2568793.686746988], [692743.391566265, 2568783.686746988], [692753.391566265, 2568783.686746988], [692753.391566265, 2568763.686746988], [692743.391566265, 2568763.686746988], [692743.391566265, 2568743.686746988], [692733.391566265, 2568743.686746988], [692733.391566265, 2568733.686746988], [692703.391566265, 2568733.686746988], [692703.391566265, 2568723.686746988], [692693.391566265, 2568723.686746988], [692693.391566265, 2568643.686746988], [692703.391566265, 2568643.686746988], [692703.391566265, 2568603.686746988], [692723.391566265, 2568603.686746988], [692723.391566265, 2568593.686746988], [692733.391566265, 2568593.686746988], [692733.391566265, 2568543.686746988], [692743.391566265, 2568543.686746988], [692743.391566265, 2568523.686746988], [692753.391566265, 2568523.686746988], [692753.391566265, 2568513.686746988], [692773.391566265, 2568513.686746988], [692773.391566265, 2568503.686746988], [692793.391566265, 2568503.686746988], [692793.391566265, 2568473.686746988], [692783.391566265, 2568473.686746988], [692783.391566265, 2568463.686746988], [692773.391566265, 2568463.686746988], [692773.391566265, 2568453.686746988], [692763.391566265, 2568453.686746988], [692763.391566265, 2568433.686746988], [692753.391566265, 2568433.686746988], [692753.391566265, 2568423.686746988], [692743.391566265, 2568423.686746988], [692743.391566265, 2568403.686746988], [692723.391566265, 2568403.686746988], [692723.391566265, 2568393.686746988], [692713.391566265, 2568393.686746988], [692713.391566265, 2568383.686746988], [692693.391566265, 2568383.686746988], [692693.391566265, 2568373.686746988], [692683.391566265, 2568373.686746988], [692683.391566265, 2568383.686746988], [692643.391566265, 2568383.686746988], [692643.391566265, 2568373.686746988], [692633.391566265, 2568373.686746988], [692633.391566265, 2568363.686746988], [692613.391566265, 2568363.686746988], [692613.391566265, 2568343.686746988], [692623.391566265, 2568343.686746988], [692623.391566265, 2568333.686746988], [692633.391566265, 2568333.686746988], [692633.391566265, 2568323.686746988], [692643.391566265, 2568323.686746988], [692643.391566265, 2568313.686746988], [692653.391566265, 2568313.686746988], [692653.391566265, 2568303.686746988], [692673.391566265, 2568303.686746988], [692673.391566265, 2568293.686746988], [692683.391566265, 2568293.686746988], [692683.391566265, 2568283.686746988], [692723.391566265, 2568283.686746988], [692723.391566265, 2568273.686746988], [692733.391566265, 2568273.686746988], [692733.391566265, 2568233.686746988], [692743.391566265, 2568233.686746988], [692743.391566265, 2568223.686746988], [692753.391566265, 2568223.686746988], [692753.391566265, 2568233.686746988], [692763.391566265, 2568233.686746988], [692763.391566265, 2568223.686746988], [692773.391566265, 2568223.686746988], [692773.391566265, 2568213.686746988], [692783.391566265, 2568213.686746988], [692783.391566265, 2568203.686746988], [692813.391566265, 2568203.686746988], [692813.391566265, 2568193.686746988], [692823.391566265, 2568193.686746988], [692823.391566265, 2568173.686746988], [692833.391566265, 2568173.686746988], [692833.391566265, 2568163.686746988], [692853.391566265, 2568163.686746988], [692853.391566265, 2568153.686746988], [692843.391566265, 2568153.686746988], [692843.391566265, 2568133.686746988], [692893.391566265, 2568133.686746988], [692893.391566265, 2568143.686746988], [692913.391566265, 2568143.686746988], [692913.391566265, 2568133.686746988], [692933.391566265, 2568133.686746988], [692933.391566265, 2568103.686746988], [692943.391566265, 2568103.686746988], [692943.391566265, 2568093.686746988], [692963.391566265, 2568093.686746988], [692963.391566265, 2568083.686746988], [692973.391566265, 2568083.686746988], [692973.391566265, 2568073.686746988], [692983.391566265, 2568073.686746988], [692983.391566265, 2568063.686746988], [693003.391566265, 2568063.686746988], [693003.391566265, 2568073.686746988], [693043.391566265, 2568073.686746988], [693043.391566265, 2568083.686746988], [693073.391566265, 2568083.686746988], [693073.391566265, 2568133.686746988], [693083.391566265, 2568133.686746988], [693083.391566265, 2568143.686746988], [693093.391566265, 2568143.686746988], [693093.391566265, 2568163.686746988], [693103.391566265, 2568163.686746988], [693103.391566265, 2568183.686746988], [693113.391566265, 2568183.686746988], [693113.391566265, 2568203.686746988], [693123.391566265, 2568203.686746988], [693123.391566265, 2568213.686746988], [693133.391566265, 2568213.686746988], [693133.391566265, 2568233.686746988], [693143.391566265, 2568233.686746988], [693143.391566265, 2568243.686746988], [693153.391566265, 2568243.686746988], [693153.391566265, 2568263.686746988], [693163.391566265, 2568263.686746988], [693163.391566265, 2568293.686746988], [693173.391566265, 2568293.686746988], [693173.391566265, 2568283.686746988], [693233.391566265, 2568283.686746988], [693233.391566265, 2568323.686746988], [693243.391566265, 2568323.686746988], [693243.391566265, 2568343.686746988], [693263.391566265, 2568343.686746988], [693263.391566265, 2568353.686746988], [693273.391566265, 2568353.686746988], [693273.391566265, 2568383.686746988], [693283.391566265, 2568383.686746988], [693283.391566265, 2568393.686746988], [693293.391566265, 2568393.686746988], [693293.391566265, 2568413.686746988], [693303.391566265, 2568413.686746988], [693303.391566265, 2568423.686746988], [693323.391566265, 2568423.686746988], [693323.391566265, 2568413.686746988], [693333.391566265, 2568413.686746988], [693333.391566265, 2568403.686746988], [693343.391566265, 2568403.686746988], [693343.391566265, 2568423.686746988], [693373.391566265, 2568423.686746988], [693373.391566265, 2568413.686746988], [693393.391566265, 2568413.686746988], [693393.391566265, 2568443.686746988], [693383.391566265, 2568443.686746988], [693383.391566265, 2568453.686746988], [693403.391566265, 2568453.686746988], [693403.391566265, 2568443.686746988], [693423.391566265, 2568443.686746988], [693423.391566265, 2568453.686746988], [693433.391566265, 2568453.686746988], [693433.391566265, 2568463.686746988], [693443.391566265, 2568463.686746988], [693443.391566265, 2568473.686746988], [693433.391566265, 2568473.686746988], [693433.391566265, 2568483.686746988], [693463.391566265, 2568483.686746988], [693463.391566265, 2568473.686746988], [693473.391566265, 2568473.686746988], [693473.391566265, 2568463.686746988], [693533.391566265, 2568463.686746988], [693533.391566265, 2568473.686746988], [693553.391566265, 2568473.686746988], [693553.391566265, 2568483.686746988], [693563.391566265, 2568483.686746988], [693563.391566265, 2568493.686746988], [693583.391566265, 2568493.686746988], [693583.391566265, 2568483.686746988], [693593.391566265, 2568483.686746988], [693593.391566265, 2568493.686746988], [693603.391566265, 2568493.686746988], [693603.391566265, 2568483.686746988], [693633.391566265, 2568483.686746988], [693633.391566265, 2568473.686746988], [693653.391566265, 2568473.686746988], [693653.391566265, 2568453.686746988], [693643.391566265, 2568453.686746988], [693643.391566265, 2568443.686746988], [693633.391566265, 2568443.686746988], [693633.391566265, 2568433.686746988], [693653.391566265, 2568433.686746988], [693653.391566265, 2568443.686746988], [693663.391566265, 2568443.686746988], [693663.391566265, 2568453.686746988], [693683.391566265, 2568453.686746988], [693683.391566265, 2568463.686746988], [693703.391566265, 2568463.686746988], [693703.391566265, 2568473.686746988], [693713.391566265, 2568473.686746988], [693713.391566265, 2568453.686746988], [693733.391566265, 2568453.686746988], [693733.391566265, 2568433.686746988], [693763.391566265, 2568433.686746988], [693763.391566265, 2568443.686746988], [693783.391566265, 2568443.686746988], [693783.391566265, 2568463.686746988], [693733.391566265, 2568463.686746988], [693733.391566265, 2568473.686746988], [693743.391566265, 2568473.686746988], [693743.391566265, 2568483.686746988], [693723.391566265, 2568483.686746988], [693723.391566265, 2568493.686746988], [693733.391566265, 2568493.686746988], [693733.391566265, 2568503.686746988], [693743.391566265, 2568503.686746988], [693743.391566265, 2568513.686746988], [693753.391566265, 2568513.686746988], [693753.391566265, 2568543.686746988], [693763.391566265, 2568543.686746988], [693763.391566265, 2568583.686746988], [693743.391566265, 2568583.686746988], [693743.391566265, 2568573.686746988], [693723.391566265, 2568573.686746988], [693723.391566265, 2568593.686746988], [693733.391566265, 2568593.686746988], [693733.391566265, 2568633.686746988], [693743.391566265, 2568633.686746988], [693743.391566265, 2568643.686746988], [693753.391566265, 2568643.686746988], [693753.391566265, 2568653.686746988], [693763.391566265, 2568653.686746988], [693763.391566265, 2568673.686746988], [693783.391566265, 2568673.686746988], [693783.391566265, 2568683.686746988], [693793.391566265, 2568683.686746988], [693793.391566265, 2568703.686746988], [693803.391566265, 2568703.686746988], [693803.391566265, 2568713.686746988], [693823.391566265, 2568713.686746988], [693823.391566265, 2568723.686746988], [693833.391566265, 2568723.686746988], [693833.391566265, 2568703.686746988], [693823.391566265, 2568703.686746988], [693823.391566265, 2568683.686746988], [693843.391566265, 2568683.686746988], [693843.391566265, 2568673.686746988], [693813.391566265, 2568673.686746988], [693813.391566265, 2568663.686746988], [693803.391566265, 2568663.686746988], [693803.391566265, 2568653.686746988], [693793.391566265, 2568653.686746988], [693793.391566265, 2568603.686746988], [693813.391566265, 2568603.686746988], [693813.391566265, 2568593.686746988], [693803.391566265, 2568593.686746988], [693803.391566265, 2568583.686746988], [693793.391566265, 2568583.686746988], [693793.391566265, 2568533.686746988], [693803.391566265, 2568533.686746988], [693803.391566265, 2568503.686746988], [693843.391566265, 2568503.686746988], [693843.391566265, 2568513.686746988], [693863.391566265, 2568513.686746988], [693863.391566265, 2568493.686746988], [693873.391566265, 2568493.686746988], [693873.391566265, 2568483.686746988], [693903.391566265, 2568483.686746988], [693903.391566265, 2568493.686746988], [693913.391566265, 2568493.686746988], [693913.391566265, 2568503.686746988], [693923.391566265, 2568503.686746988], [693923.391566265, 2568543.686746988], [693913.391566265, 2568543.686746988], [693913.391566265, 2568563.686746988], [693903.391566265, 2568563.686746988], [693903.391566265, 2568583.686746988], [693893.391566265, 2568583.686746988], [693893.391566265, 2568603.686746988], [693903.391566265, 2568603.686746988], [693903.391566265, 2568613.686746988], [693893.391566265, 2568613.686746988], [693893.391566265, 2568623.686746988], [693903.391566265, 2568623.686746988], [693903.391566265, 2568633.686746988], [693913.391566265, 2568633.686746988], [693913.391566265, 2568643.686746988], [693933.391566265, 2568643.686746988], [693933.391566265, 2568633.686746988], [693943.391566265, 2568633.686746988], [693943.391566265, 2568613.686746988], [693953.391566265, 2568613.686746988], [693953.391566265, 2568603.686746988], [693963.391566265, 2568603.686746988], [693963.391566265, 2568593.686746988], [693973.391566265, 2568593.686746988], [693973.391566265, 2568583.686746988], [694043.391566265, 2568583.686746988], [694043.391566265, 2568593.686746988], [694053.391566265, 2568593.686746988], [694053.391566265, 2568583.686746988], [694063.391566265, 2568583.686746988], [694063.391566265, 2568563.686746988], [694033.391566265, 2568563.686746988], [694033.391566265, 2568553.686746988], [694023.391566265, 2568553.686746988], [694023.391566265, 2568533.686746988], [693993.391566265, 2568533.686746988], [693993.391566265, 2568523.686746988], [693983.391566265, 2568523.686746988], [693983.391566265, 2568533.686746988], [693973.391566265, 2568533.686746988], [693973.391566265, 2568523.686746988], [693953.391566265, 2568523.686746988], [693953.391566265, 2568513.686746988], [693943.391566265, 2568513.686746988], [693943.391566265, 2568503.686746988], [693933.391566265, 2568503.686746988], [693933.391566265, 2568483.686746988], [693923.391566265, 2568483.686746988], [693923.391566265, 2568473.686746988], [693903.391566265, 2568473.686746988], [693903.391566265, 2568463.686746988], [693913.391566265, 2568463.686746988], [693913.391566265, 2568453.686746988], [693893.391566265, 2568453.686746988], [693893.391566265, 2568423.686746988], [693913.391566265, 2568423.686746988], [693913.391566265, 2568413.686746988], [693943.391566265, 2568413.686746988], [693943.391566265, 2568423.686746988], [693953.391566265, 2568423.686746988], [693953.391566265, 2568403.686746988], [693993.391566265, 2568403.686746988], [693993.391566265, 2568423.686746988], [693983.391566265, 2568423.686746988], [693983.391566265, 2568443.686746988], [693993.391566265, 2568443.686746988], [693993.391566265, 2568453.686746988], [694003.391566265, 2568453.686746988], [694003.391566265, 2568463.686746988], [694013.391566265, 2568463.686746988], [694013.391566265, 2568483.686746988], [694033.391566265, 2568483.686746988], [694033.391566265, 2568473.686746988], [694043.391566265, 2568473.686746988], [694043.391566265, 2568463.686746988], [694063.391566265, 2568463.686746988], [694063.391566265, 2568483.686746988], [694053.391566265, 2568483.686746988], [694053.391566265, 2568493.686746988], [694063.391566265, 2568493.686746988], [694063.391566265, 2568503.686746988], [694073.391566265, 2568503.686746988], [694073.391566265, 2568523.686746988], [694083.391566265, 2568523.686746988], [694083.391566265, 2568533.686746988], [694093.391566265, 2568533.686746988], [694093.391566265, 2568543.686746988], [694103.391566265, 2568543.686746988], [694103.391566265, 2568553.686746988], [694113.391566265, 2568553.686746988], [694113.391566265, 2568563.686746988], [694123.391566265, 2568563.686746988], [694123.391566265, 2568573.686746988], [694133.391566265, 2568573.686746988], [694133.391566265, 2568553.686746988], [694143.391566265, 2568553.686746988], [694143.391566265, 2568543.686746988], [694163.391566265, 2568543.686746988], [694163.391566265, 2568563.686746988], [694153.391566265, 2568563.686746988], [694153.391566265, 2568573.686746988], [694143.391566265, 2568573.686746988], [694143.391566265, 2568583.686746988], [694153.391566265, 2568583.686746988], [694153.391566265, 2568593.686746988], [694173.391566265, 2568593.686746988], [694173.391566265, 2568603.686746988], [694193.391566265, 2568603.686746988], [694193.391566265, 2568593.686746988], [694203.391566265, 2568593.686746988], [694203.391566265, 2568583.686746988], [694213.391566265, 2568583.686746988], [694213.391566265, 2568573.686746988], [694203.391566265, 2568573.686746988], [694203.391566265, 2568563.686746988], [694193.391566265, 2568563.686746988], [694193.391566265, 2568553.686746988], [694183.391566265, 2568553.686746988], [694183.391566265, 2568493.686746988], [694193.391566265, 2568493.686746988], [694193.391566265, 2568473.686746988], [694213.391566265, 2568473.686746988], [694213.391566265, 2568463.686746988], [694233.391566265, 2568463.686746988], [694233.391566265, 2568453.686746988], [694253.391566265, 2568453.686746988], [694253.391566265, 2568463.686746988], [694263.391566265, 2568463.686746988], [694263.391566265, 2568513.686746988], [694273.391566265, 2568513.686746988], [694273.391566265, 2568533.686746988], [694263.391566265, 2568533.686746988], [694263.391566265, 2568563.686746988], [694253.391566265, 2568563.686746988], [694253.391566265, 2568573.686746988], [694243.391566265, 2568573.686746988], [694243.391566265, 2568583.686746988], [694253.391566265, 2568583.686746988], [694253.391566265, 2568603.686746988], [694263.391566265, 2568603.686746988], [694263.391566265, 2568613.686746988], [694253.391566265, 2568613.686746988], [694253.391566265, 2568633.686746988], [694243.391566265, 2568633.686746988], [694243.391566265, 2568653.686746988], [694253.391566265, 2568653.686746988], [694253.391566265, 2568663.686746988], [694263.391566265, 2568663.686746988], [694263.391566265, 2568673.686746988], [694273.391566265, 2568673.686746988], [694273.391566265, 2568683.686746988], [694283.391566265, 2568683.686746988], [694283.391566265, 2568673.686746988], [694293.391566265, 2568673.686746988], [694293.391566265, 2568663.686746988], [694313.391566265, 2568663.686746988], [694313.391566265, 2568683.686746988], [694303.391566265, 2568683.686746988], [694303.391566265, 2568693.686746988], [694313.391566265, 2568693.686746988], [694313.391566265, 2568703.686746988], [694343.391566265, 2568703.686746988], [694343.391566265, 2568693.686746988], [694353.391566265, 2568693.686746988], [694353.391566265, 2568683.686746988], [694383.391566265, 2568683.686746988], [694383.391566265, 2568693.686746988], [694403.391566265, 2568693.686746988], [694403.391566265, 2568703.686746988], [694413.391566265, 2568703.686746988], [694413.391566265, 2568713.686746988], [694433.391566265, 2568713.686746988], [694433.391566265, 2568703.686746988], [694423.391566265, 2568703.686746988], [694423.391566265, 2568673.686746988], [694443.391566265, 2568673.686746988], [694443.391566265, 2568693.686746988], [694463.391566265, 2568693.686746988], [694463.391566265, 2568683.686746988], [694503.391566265, 2568683.686746988], [694503.391566265, 2568653.686746988], [694533.391566265, 2568653.686746988], [694533.391566265, 2568643.686746988], [694523.391566265, 2568643.686746988], [694523.391566265, 2568623.686746988], [694503.391566265, 2568623.686746988], [694503.391566265, 2568613.686746988], [694493.391566265, 2568613.686746988], [694493.391566265, 2568603.686746988], [694483.391566265, 2568603.686746988], [694483.391566265, 2568593.686746988], [694453.391566265, 2568593.686746988], [694453.391566265, 2568603.686746988], [694443.391566265, 2568603.686746988], [694443.391566265, 2568613.686746988], [694433.391566265, 2568613.686746988], [694433.391566265, 2568623.686746988], [694423.391566265, 2568623.686746988], [694423.391566265, 2568643.686746988], [694433.391566265, 2568643.686746988], [694433.391566265, 2568663.686746988], [694413.391566265, 2568663.686746988], [694413.391566265, 2568653.686746988], [694383.391566265, 2568653.686746988], [694383.391566265, 2568643.686746988], [694373.391566265, 2568643.686746988], [694373.391566265, 2568623.686746988], [694363.391566265, 2568623.686746988], [694363.391566265, 2568613.686746988], [694333.391566265, 2568613.686746988], [694333.391566265, 2568593.686746988], [694343.391566265, 2568593.686746988], [694343.391566265, 2568583.686746988], [694353.391566265, 2568583.686746988], [694353.391566265, 2568553.686746988], [694363.391566265, 2568553.686746988], [694363.391566265, 2568543.686746988], [694373.391566265, 2568543.686746988], [694373.391566265, 2568523.686746988], [694393.391566265, 2568523.686746988], [694393.391566265, 2568543.686746988], [694413.391566265, 2568543.686746988], [694413.391566265, 2568553.686746988], [694423.391566265, 2568553.686746988], [694423.391566265, 2568533.686746988], [694433.391566265, 2568533.686746988], [694433.391566265, 2568513.686746988], [694463.391566265, 2568513.686746988], [694463.391566265, 2568523.686746988], [694473.391566265, 2568523.686746988], [694473.391566265, 2568533.686746988], [694483.391566265, 2568533.686746988], [694483.391566265, 2568543.686746988], [694493.391566265, 2568543.686746988], [694493.391566265, 2568553.686746988], [694503.391566265, 2568553.686746988], [694503.391566265, 2568563.686746988], [694513.391566265, 2568563.686746988], [694513.391566265, 2568573.686746988], [694523.391566265, 2568573.686746988], [694523.391566265, 2568583.686746988], [694553.391566265, 2568583.686746988], [694553.391566265, 2568593.686746988], [694563.391566265, 2568593.686746988], [694563.391566265, 2568603.686746988], [694583.391566265, 2568603.686746988], [694583.391566265, 2568633.686746988], [694623.391566265, 2568633.686746988], [694623.391566265, 2568623.686746988], [694643.391566265, 2568623.686746988], [694643.391566265, 2568603.686746988], [694663.391566265, 2568603.686746988], [694663.391566265, 2568593.686746988], [694673.391566265, 2568593.686746988], [694673.391566265, 2568603.686746988], [694703.391566265, 2568603.686746988], [694703.391566265, 2568593.686746988], [694693.391566265, 2568593.686746988], [694693.391566265, 2568583.686746988], [694703.391566265, 2568583.686746988], [694703.391566265, 2568573.686746988], [694713.391566265, 2568573.686746988], [694713.391566265, 2568593.686746988], [694723.391566265, 2568593.686746988], [694723.391566265, 2568603.686746988], [694733.391566265, 2568603.686746988], [694733.391566265, 2568613.686746988], [694743.391566265, 2568613.686746988], [694743.391566265, 2568603.686746988], [694753.391566265, 2568603.686746988], [694753.391566265, 2568593.686746988], [694763.391566265, 2568593.686746988], [694763.391566265, 2568583.686746988], [694793.391566265, 2568583.686746988], [694793.391566265, 2568553.686746988], [694833.391566265, 2568553.686746988], [694833.391566265, 2568593.686746988], [694843.391566265, 2568593.686746988], [694843.391566265, 2568583.686746988], [694853.391566265, 2568583.686746988], [694853.391566265, 2568573.686746988], [694873.391566265, 2568573.686746988], [694873.391566265, 2568583.686746988], [694893.391566265, 2568583.686746988], [694893.391566265, 2568593.686746988], [694903.391566265, 2568593.686746988], [694903.391566265, 2568603.686746988], [694893.391566265, 2568603.686746988], [694893.391566265, 2568633.686746988], [694853.391566265, 2568633.686746988], [694853.391566265, 2568643.686746988], [694863.391566265, 2568643.686746988], [694863.391566265, 2568673.686746988], [694833.391566265, 2568673.686746988], [694833.391566265, 2568683.686746988], [694853.391566265, 2568683.686746988], [694853.391566265, 2568693.686746988], [694863.391566265, 2568693.686746988], [694863.391566265, 2568713.686746988], [694843.391566265, 2568713.686746988], [694843.391566265, 2568753.686746988], [694873.391566265, 2568753.686746988], [694873.391566265, 2568723.686746988], [694883.391566265, 2568723.686746988], [694883.391566265, 2568703.686746988], [694873.391566265, 2568703.686746988], [694873.391566265, 2568673.686746988], [694883.391566265, 2568673.686746988], [694883.391566265, 2568643.686746988], [694963.391566265, 2568643.686746988], [694963.391566265, 2568633.686746988], [694943.391566265, 2568633.686746988], [694943.391566265, 2568623.686746988], [694923.391566265, 2568623.686746988], [694923.391566265, 2568593.686746988], [694973.391566265, 2568593.686746988], [694973.391566265, 2568603.686746988], [694993.391566265, 2568603.686746988], [694993.391566265, 2568613.686746988], [695013.391566265, 2568613.686746988], [695013.391566265, 2568603.686746988], [695043.391566265, 2568603.686746988], [695043.391566265, 2568613.686746988], [695053.391566265, 2568613.686746988], [695053.391566265, 2568633.686746988], [695073.391566265, 2568633.686746988], [695073.391566265, 2568613.686746988], [695093.391566265, 2568613.686746988], [695093.391566265, 2568603.686746988], [695103.391566265, 2568603.686746988], [695103.391566265, 2568593.686746988], [695113.391566265, 2568593.686746988], [695113.391566265, 2568583.686746988], [695143.391566265, 2568583.686746988], [695143.391566265, 2568623.686746988], [695113.391566265, 2568623.686746988], [695113.391566265, 2568633.686746988], [695103.391566265, 2568633.686746988], [695103.391566265, 2568653.686746988], [695143.391566265, 2568653.686746988], [695143.391566265, 2568663.686746988], [695163.391566265, 2568663.686746988], [695163.391566265, 2568653.686746988], [695173.391566265, 2568653.686746988], [695173.391566265, 2568633.686746988], [695203.391566265, 2568633.686746988], [695203.391566265, 2568643.686746988], [695213.391566265, 2568643.686746988], [695213.391566265, 2568653.686746988], [695233.391566265, 2568653.686746988], [695233.391566265, 2568683.686746988], [695213.391566265, 2568683.686746988], [695213.391566265, 2568663.686746988], [695173.391566265, 2568663.686746988], [695173.391566265, 2568683.686746988], [695183.391566265, 2568683.686746988], [695183.391566265, 2568693.686746988], [695243.391566265, 2568693.686746988], [695243.391566265, 2568663.686746988], [695273.391566265, 2568663.686746988], [695273.391566265, 2568673.686746988], [695313.391566265, 2568673.686746988], [695313.391566265, 2568683.686746988], [695343.391566265, 2568683.686746988], [695343.391566265, 2568673.686746988], [695393.391566265, 2568673.686746988], [695393.391566265, 2568663.686746988], [695403.391566265, 2568663.686746988], [695403.391566265, 2568683.686746988], [695413.391566265, 2568683.686746988], [695413.391566265, 2568703.686746988], [695443.391566265, 2568703.686746988], [695443.391566265, 2568693.686746988], [695493.391566265, 2568693.686746988], [695493.391566265, 2568683.686746988], [695483.391566265, 2568683.686746988], [695483.391566265, 2568673.686746988], [695473.391566265, 2568673.686746988], [695473.391566265, 2568663.686746988], [695463.391566265, 2568663.686746988], [695463.391566265, 2568653.686746988], [695453.391566265, 2568653.686746988], [695453.391566265, 2568623.686746988], [695433.391566265, 2568623.686746988], [695433.391566265, 2568613.686746988], [695453.391566265, 2568613.686746988], [695453.391566265, 2568603.686746988], [695463.391566265, 2568603.686746988], [695463.391566265, 2568613.686746988], [695483.391566265, 2568613.686746988], [695483.391566265, 2568633.686746988], [695503.391566265, 2568633.686746988], [695503.391566265, 2568643.686746988], [695493.391566265, 2568643.686746988], [695493.391566265, 2568653.686746988], [695503.391566265, 2568653.686746988], [695503.391566265, 2568673.686746988], [695513.391566265, 2568673.686746988], [695513.391566265, 2568683.686746988], [695543.391566265, 2568683.686746988], [695543.391566265, 2568673.686746988], [695533.391566265, 2568673.686746988], [695533.391566265, 2568643.686746988], [695603.391566265, 2568643.686746988], [695603.391566265, 2568633.686746988], [695583.391566265, 2568633.686746988], [695583.391566265, 2568623.686746988], [695543.391566265, 2568623.686746988], [695543.391566265, 2568613.686746988], [695533.391566265, 2568613.686746988], [695533.391566265, 2568603.686746988], [695523.391566265, 2568603.686746988], [695523.391566265, 2568593.686746988], [695493.391566265, 2568593.686746988], [695493.391566265, 2568583.686746988], [695453.391566265, 2568583.686746988], [695453.391566265, 2568593.686746988], [695423.391566265, 2568593.686746988], [695423.391566265, 2568613.686746988], [695403.391566265, 2568613.686746988], [695403.391566265, 2568553.686746988], [695433.391566265, 2568553.686746988], [695433.391566265, 2568543.686746988], [695443.391566265, 2568543.686746988], [695443.391566265, 2568513.686746988], [695463.391566265, 2568513.686746988], [695463.391566265, 2568543.686746988], [695473.391566265, 2568543.686746988], [695473.391566265, 2568553.686746988], [695533.391566265, 2568553.686746988], [695533.391566265, 2568573.686746988], [695553.391566265, 2568573.686746988], [695553.391566265, 2568583.686746988], [695563.391566265, 2568583.686746988], [695563.391566265, 2568593.686746988], [695583.391566265, 2568593.686746988], [695583.391566265, 2568603.686746988], [695593.391566265, 2568603.686746988], [695593.391566265, 2568593.686746988], [695603.391566265, 2568593.686746988], [695603.391566265, 2568603.686746988], [695643.391566265, 2568603.686746988], [695643.391566265, 2568593.686746988], [695653.391566265, 2568593.686746988], [695653.391566265, 2568583.686746988], [695663.391566265, 2568583.686746988], [695663.391566265, 2568573.686746988], [695673.391566265, 2568573.686746988], [695673.391566265, 2568553.686746988], [695683.391566265, 2568553.686746988], [695683.391566265, 2568543.686746988], [695693.391566265, 2568543.686746988], [695693.391566265, 2568473.686746988], [695683.391566265, 2568473.686746988], [695683.391566265, 2568453.686746988], [695673.391566265, 2568453.686746988], [695673.391566265, 2568463.686746988], [695653.391566265, 2568463.686746988], [695653.391566265, 2568453.686746988], [695643.391566265, 2568453.686746988], [695643.391566265, 2568443.686746988], [695653.391566265, 2568443.686746988], [695653.391566265, 2568423.686746988], [695643.391566265, 2568423.686746988], [695643.391566265, 2568413.686746988], [695623.391566265, 2568413.686746988], [695623.391566265, 2568423.686746988], [695603.391566265, 2568423.686746988], [695603.391566265, 2568433.686746988], [695593.391566265, 2568433.686746988], [695593.391566265, 2568453.686746988], [695583.391566265, 2568453.686746988], [695583.391566265, 2568433.686746988], [695553.391566265, 2568433.686746988], [695553.391566265, 2568413.686746988], [695533.391566265, 2568413.686746988], [695533.391566265, 2568423.686746988], [695473.391566265, 2568423.686746988], [695473.391566265, 2568433.686746988], [695463.391566265, 2568433.686746988], [695463.391566265, 2568443.686746988], [695453.391566265, 2568443.686746988], [695453.391566265, 2568433.686746988], [695433.391566265, 2568433.686746988], [695433.391566265, 2568453.686746988], [695403.391566265, 2568453.686746988], [695403.391566265, 2568483.686746988], [695413.391566265, 2568483.686746988], [695413.391566265, 2568513.686746988], [695383.391566265, 2568513.686746988], [695383.391566265, 2568523.686746988], [695333.391566265, 2568523.686746988], [695333.391566265, 2568533.686746988], [695323.391566265, 2568533.686746988], [695323.391566265, 2568543.686746988], [695313.391566265, 2568543.686746988], [695313.391566265, 2568533.686746988], [695303.391566265, 2568533.686746988], [695303.391566265, 2568523.686746988], [695293.391566265, 2568523.686746988], [695293.391566265, 2568513.686746988], [695283.391566265, 2568513.686746988], [695283.391566265, 2568503.686746988], [695243.391566265, 2568503.686746988], [695243.391566265, 2568493.686746988], [695213.391566265, 2568493.686746988], [695213.391566265, 2568503.686746988], [695223.391566265, 2568503.686746988], [695223.391566265, 2568513.686746988], [695233.391566265, 2568513.686746988], [695233.391566265, 2568533.686746988], [695223.391566265, 2568533.686746988], [695223.391566265, 2568543.686746988], [695213.391566265, 2568543.686746988], [695213.391566265, 2568553.686746988], [695163.391566265, 2568553.686746988], [695163.391566265, 2568563.686746988], [695143.391566265, 2568563.686746988], [695143.391566265, 2568573.686746988], [695133.391566265, 2568573.686746988], [695133.391566265, 2568533.686746988], [695103.391566265, 2568533.686746988], [695103.391566265, 2568523.686746988], [695093.391566265, 2568523.686746988], [695093.391566265, 2568513.686746988], [695083.391566265, 2568513.686746988], [695083.391566265, 2568523.686746988], [695063.391566265, 2568523.686746988], [695063.391566265, 2568513.686746988], [695073.391566265, 2568513.686746988], [695073.391566265, 2568503.686746988], [695063.391566265, 2568503.686746988], [695063.391566265, 2568483.686746988], [695083.391566265, 2568483.686746988], [695083.391566265, 2568473.686746988], [695153.391566265, 2568473.686746988], [695153.391566265, 2568453.686746988], [695163.391566265, 2568453.686746988], [695163.391566265, 2568443.686746988], [695173.391566265, 2568443.686746988], [695173.391566265, 2568453.686746988], [695183.391566265, 2568453.686746988], [695183.391566265, 2568463.686746988], [695193.391566265, 2568463.686746988], [695193.391566265, 2568483.686746988], [695213.391566265, 2568483.686746988], [695213.391566265, 2568463.686746988], [695253.391566265, 2568463.686746988], [695253.391566265, 2568473.686746988], [695283.391566265, 2568473.686746988], [695283.391566265, 2568483.686746988], [695323.391566265, 2568483.686746988], [695323.391566265, 2568493.686746988], [695333.391566265, 2568493.686746988], [695333.391566265, 2568483.686746988], [695363.391566265, 2568483.686746988], [695363.391566265, 2568473.686746988], [695373.391566265, 2568473.686746988], [695373.391566265, 2568433.686746988], [695353.391566265, 2568433.686746988], [695353.391566265, 2568403.686746988], [695373.391566265, 2568403.686746988], [695373.391566265, 2568393.686746988], [695383.391566265, 2568393.686746988], [695383.391566265, 2568383.686746988], [695393.391566265, 2568383.686746988], [695393.391566265, 2568343.686746988], [695383.391566265, 2568343.686746988], [695383.391566265, 2568333.686746988], [695393.391566265, 2568333.686746988], [695393.391566265, 2568323.686746988], [695403.391566265, 2568323.686746988], [695403.391566265, 2568283.686746988], [695393.391566265, 2568283.686746988], [695393.391566265, 2568273.686746988], [695383.391566265, 2568273.686746988], [695383.391566265, 2568263.686746988], [695373.391566265, 2568263.686746988], [695373.391566265, 2568233.686746988], [695393.391566265, 2568233.686746988], [695393.391566265, 2568223.686746988], [695373.391566265, 2568223.686746988], [695373.391566265, 2568213.686746988], [695363.391566265, 2568213.686746988], [695363.391566265, 2568203.686746988], [695343.391566265, 2568203.686746988], [695343.391566265, 2568193.686746988], [695323.391566265, 2568193.686746988], [695323.391566265, 2568183.686746988], [695293.391566265, 2568183.686746988], [695293.391566265, 2568193.686746988], [695283.391566265, 2568193.686746988], [695283.391566265, 2568203.686746988], [695263.391566265, 2568203.686746988], [695263.391566265, 2568193.686746988], [695253.391566265, 2568193.686746988], [695253.391566265, 2568183.686746988], [695243.391566265, 2568183.686746988], [695243.391566265, 2568193.686746988], [695223.391566265, 2568193.686746988], [695223.391566265, 2568203.686746988], [695193.391566265, 2568203.686746988], [695193.391566265, 2568183.686746988], [695203.391566265, 2568183.686746988], [695203.391566265, 2568173.686746988], [695213.391566265, 2568173.686746988], [695213.391566265, 2568163.686746988], [695223.391566265, 2568163.686746988], [695223.391566265, 2568153.686746988], [695183.391566265, 2568153.686746988], [695183.391566265, 2568133.686746988], [695203.391566265, 2568133.686746988], [695203.391566265, 2568123.686746988], [695183.391566265, 2568123.686746988], [695183.391566265, 2568113.686746988], [695163.391566265, 2568113.686746988], [695163.391566265, 2568103.686746988], [695093.391566265, 2568103.686746988], [695093.391566265, 2568123.686746988], [695083.391566265, 2568123.686746988], [695083.391566265, 2568133.686746988], [695063.391566265, 2568133.686746988], [695063.391566265, 2568143.686746988], [695043.391566265, 2568143.686746988], [695043.391566265, 2568153.686746988], [695033.391566265, 2568153.686746988], [695033.391566265, 2568163.686746988], [695013.391566265, 2568163.686746988], [695013.391566265, 2568143.686746988], [695033.391566265, 2568143.686746988], [695033.391566265, 2568123.686746988], [695043.391566265, 2568123.686746988], [695043.391566265, 2568113.686746988], [695053.391566265, 2568113.686746988], [695053.391566265, 2568103.686746988], [695063.391566265, 2568103.686746988], [695063.391566265, 2568083.686746988], [695083.391566265, 2568083.686746988], [695083.391566265, 2568073.686746988], [695073.391566265, 2568073.686746988], [695073.391566265, 2568063.686746988], [695063.391566265, 2568063.686746988], [695063.391566265, 2568023.686746988], [695073.391566265, 2568023.686746988], [695073.391566265, 2568013.686746988], [695063.391566265, 2568013.686746988], [695063.391566265, 2568003.686746988], [695033.391566265, 2568003.686746988], [695033.391566265, 2567993.686746988], [694933.391566265, 2567993.686746988], [694933.391566265, 2568003.686746988], [694873.391566265, 2568003.686746988], [694873.391566265, 2567973.686746988], [694893.391566265, 2567973.686746988], [694893.391566265, 2567963.686746988], [694903.391566265, 2567963.686746988], [694903.391566265, 2567953.686746988], [694883.391566265, 2567953.686746988], [694883.391566265, 2567943.686746988], [694843.391566265, 2567943.686746988], [694843.391566265, 2567933.686746988], [694793.391566265, 2567933.686746988], [694793.391566265, 2567943.686746988], [694783.391566265, 2567943.686746988], [694783.391566265, 2567953.686746988], [694763.391566265, 2567953.686746988], [694763.391566265, 2567963.686746988], [694753.391566265, 2567963.686746988], [694753.391566265, 2567943.686746988], [694733.391566265, 2567943.686746988], [694733.391566265, 2567953.686746988], [694703.391566265, 2567953.686746988], [694703.391566265, 2567923.686746988], [694693.391566265, 2567923.686746988], [694693.391566265, 2567873.686746988], [694673.391566265, 2567873.686746988], [694673.391566265, 2567883.686746988], [694643.391566265, 2567883.686746988], [694643.391566265, 2567893.686746988], [694633.391566265, 2567893.686746988], [694633.391566265, 2567873.686746988], [694623.391566265, 2567873.686746988], [694623.391566265, 2567863.686746988], [694613.391566265, 2567863.686746988], [694613.391566265, 2567853.686746988], [694593.391566265, 2567853.686746988], [694593.391566265, 2567863.686746988], [694543.391566265, 2567863.686746988], [694543.391566265, 2567873.686746988], [694503.391566265, 2567873.686746988], [694503.391566265, 2567883.686746988], [694493.391566265, 2567883.686746988], [694493.391566265, 2567893.686746988], [694503.391566265, 2567893.686746988], [694503.391566265, 2567903.686746988], [694533.391566265, 2567903.686746988], [694533.391566265, 2567913.686746988], [694623.391566265, 2567913.686746988], [694623.391566265, 2567933.686746988], [694603.391566265, 2567933.686746988], [694603.391566265, 2567943.686746988], [694523.391566265, 2567943.686746988], [694523.391566265, 2567953.686746988], [694513.391566265, 2567953.686746988], [694513.391566265, 2567963.686746988], [694503.391566265, 2567963.686746988], [694503.391566265, 2567973.686746988], [694493.391566265, 2567973.686746988], [694493.391566265, 2567983.686746988], [694453.391566265, 2567983.686746988], [694453.391566265, 2567933.686746988], [694433.391566265, 2567933.686746988], [694433.391566265, 2567923.686746988], [694423.391566265, 2567923.686746988], [694423.391566265, 2567913.686746988], [694403.391566265, 2567913.686746988], [694403.391566265, 2567893.686746988], [694413.391566265, 2567893.686746988], [694413.391566265, 2567883.686746988], [694453.391566265, 2567883.686746988], [694453.391566265, 2567893.686746988], [694463.391566265, 2567893.686746988], [694463.391566265, 2567863.686746988], [694483.391566265, 2567863.686746988], [694483.391566265, 2567853.686746988], [694523.391566265, 2567853.686746988], [694523.391566265, 2567833.686746988], [694513.391566265, 2567833.686746988], [694513.391566265, 2567823.686746988], [694493.391566265, 2567823.686746988], [694493.391566265, 2567833.686746988], [694453.391566265, 2567833.686746988], [694453.391566265, 2567823.686746988], [694463.391566265, 2567823.686746988], [694463.391566265, 2567813.686746988], [694533.391566265, 2567813.686746988], [694533.391566265, 2567803.686746988], [694553.391566265, 2567803.686746988], [694553.391566265, 2567813.686746988], [694593.391566265, 2567813.686746988], [694593.391566265, 2567823.686746988], [694603.391566265, 2567823.686746988], [694603.391566265, 2567833.686746988], [694623.391566265, 2567833.686746988], [694623.391566265, 2567843.686746988], [694653.391566265, 2567843.686746988], [694653.391566265, 2567833.686746988], [694643.391566265, 2567833.686746988], [694643.391566265, 2567813.686746988], [694663.391566265, 2567813.686746988], [694663.391566265, 2567803.686746988], [694683.391566265, 2567803.686746988], [694683.391566265, 2567793.686746988], [694673.391566265, 2567793.686746988], [694673.391566265, 2567773.686746988], [694683.391566265, 2567773.686746988], [694683.391566265, 2567763.686746988], [694693.391566265, 2567763.686746988], [694693.391566265, 2567713.686746988], [694723.391566265, 2567713.686746988], [694723.391566265, 2567773.686746988], [694733.391566265, 2567773.686746988], [694733.391566265, 2567803.686746988], [694763.391566265, 2567803.686746988], [694763.391566265, 2567813.686746988], [694783.391566265, 2567813.686746988], [694783.391566265, 2567823.686746988], [694813.391566265, 2567823.686746988], [694813.391566265, 2567863.686746988], [694823.391566265, 2567863.686746988], [694823.391566265, 2567873.686746988], [694843.391566265, 2567873.686746988], [694843.391566265, 2567843.686746988], [694853.391566265, 2567843.686746988], [694853.391566265, 2567803.686746988], [694843.391566265, 2567803.686746988], [694843.391566265, 2567773.686746988], [694853.391566265, 2567773.686746988], [694853.391566265, 2567763.686746988], [694863.391566265, 2567763.686746988], [694863.391566265, 2567753.686746988], [694883.391566265, 2567753.686746988], [694883.391566265, 2567793.686746988], [694893.391566265, 2567793.686746988], [694893.391566265, 2567803.686746988], [694903.391566265, 2567803.686746988], [694903.391566265, 2567823.686746988], [694913.391566265, 2567823.686746988], [694913.391566265, 2567833.686746988], [694923.391566265, 2567833.686746988], [694923.391566265, 2567843.686746988], [694933.391566265, 2567843.686746988], [694933.391566265, 2567813.686746988], [694943.391566265, 2567813.686746988], [694943.391566265, 2567803.686746988], [694953.391566265, 2567803.686746988], [694953.391566265, 2567793.686746988], [694963.391566265, 2567793.686746988], [694963.391566265, 2567803.686746988], [694973.391566265, 2567803.686746988], [694973.391566265, 2567813.686746988], [694983.391566265, 2567813.686746988], [694983.391566265, 2567823.686746988], [694993.391566265, 2567823.686746988], [694993.391566265, 2567803.686746988], [695013.391566265, 2567803.686746988], [695013.391566265, 2567823.686746988], [695023.391566265, 2567823.686746988], [695023.391566265, 2567853.686746988], [695033.391566265, 2567853.686746988], [695033.391566265, 2567883.686746988], [695043.391566265, 2567883.686746988], [695043.391566265, 2567903.686746988], [695083.391566265, 2567903.686746988], [695083.391566265, 2567913.686746988], [695093.391566265, 2567913.686746988], [695093.391566265, 2567923.686746988], [695113.391566265, 2567923.686746988], [695113.391566265, 2567933.686746988], [695123.391566265, 2567933.686746988], [695123.391566265, 2567953.686746988], [695133.391566265, 2567953.686746988], [695133.391566265, 2567963.686746988], [695143.391566265, 2567963.686746988], [695143.391566265, 2567973.686746988], [695153.391566265, 2567973.686746988], [695153.391566265, 2567983.686746988], [695163.391566265, 2567983.686746988], [695163.391566265, 2567993.686746988], [695173.391566265, 2567993.686746988], [695173.391566265, 2568003.686746988], [695183.391566265, 2568003.686746988], [695183.391566265, 2568013.686746988], [695213.391566265, 2568013.686746988], [695213.391566265, 2568003.686746988], [695263.391566265, 2568003.686746988], [695263.391566265, 2567973.686746988], [695253.391566265, 2567973.686746988], [695253.391566265, 2567963.686746988], [695273.391566265, 2567963.686746988], [695273.391566265, 2567973.686746988], [695283.391566265, 2567973.686746988], [695283.391566265, 2567993.686746988], [695323.391566265, 2567993.686746988], [695323.391566265, 2568013.686746988], [695343.391566265, 2568013.686746988], [695343.391566265, 2568003.686746988], [695353.391566265, 2568003.686746988], [695353.391566265, 2567973.686746988], [695383.391566265, 2567973.686746988], [695383.391566265, 2568003.686746988], [695413.391566265, 2568003.686746988], [695413.391566265, 2568013.686746988], [695433.391566265, 2568013.686746988], [695433.391566265, 2568023.686746988], [695443.391566265, 2568023.686746988], [695443.391566265, 2568053.686746988], [695453.391566265, 2568053.686746988], [695453.391566265, 2568063.686746988], [695463.391566265, 2568063.686746988], [695463.391566265, 2568073.686746988], [695473.391566265, 2568073.686746988], [695473.391566265, 2568083.686746988], [695483.391566265, 2568083.686746988], [695483.391566265, 2568093.686746988], [695493.391566265, 2568093.686746988], [695493.391566265, 2568113.686746988], [695503.391566265, 2568113.686746988], [695503.391566265, 2568133.686746988], [695523.391566265, 2568133.686746988], [695523.391566265, 2568123.686746988], [695563.391566265, 2568123.686746988], [695563.391566265, 2568133.686746988], [695683.391566265, 2568133.686746988], [695683.391566265, 2568143.686746988], [695693.391566265, 2568143.686746988], [695693.391566265, 2568163.686746988], [695703.391566265, 2568163.686746988], [695703.391566265, 2568173.686746988], [695713.391566265, 2568173.686746988], [695713.391566265, 2568183.686746988], [695733.391566265, 2568183.686746988], [695733.391566265, 2568203.686746988], [695773.391566265, 2568203.686746988], [695773.391566265, 2568223.686746988], [695783.391566265, 2568223.686746988], [695783.391566265, 2568203.686746988], [695803.391566265, 2568203.686746988], [695803.391566265, 2568193.686746988], [695793.391566265, 2568193.686746988], [695793.391566265, 2568173.686746988], [695813.391566265, 2568173.686746988], [695813.391566265, 2568183.686746988], [695833.391566265, 2568183.686746988], [695833.391566265, 2568173.686746988], [695843.391566265, 2568173.686746988], [695843.391566265, 2568133.686746988], [695863.391566265, 2568133.686746988], [695863.391566265, 2568123.686746988], [695883.391566265, 2568123.686746988], [695883.391566265, 2568113.686746988], [695893.391566265, 2568113.686746988], [695893.391566265, 2568093.686746988], [695883.391566265, 2568093.686746988], [695883.391566265, 2568103.686746988], [695863.391566265, 2568103.686746988], [695863.391566265, 2568093.686746988], [695853.391566265, 2568093.686746988], [695853.391566265, 2568073.686746988], [695873.391566265, 2568073.686746988], [695873.391566265, 2568063.686746988], [695863.391566265, 2568063.686746988], [695863.391566265, 2568053.686746988], [695843.391566265, 2568053.686746988], [695843.391566265, 2568023.686746988], [695853.391566265, 2568023.686746988], [695853.391566265, 2568013.686746988], [695863.391566265, 2568013.686746988], [695863.391566265, 2567973.686746988], [695853.391566265, 2567973.686746988], [695853.391566265, 2567943.686746988], [695843.391566265, 2567943.686746988], [695843.391566265, 2567893.686746988], [695833.391566265, 2567893.686746988], [695833.391566265, 2567883.686746988], [695843.391566265, 2567883.686746988], [695843.391566265, 2567873.686746988], [695853.391566265, 2567873.686746988], [695853.391566265, 2567863.686746988], [695873.391566265, 2567863.686746988], [695873.391566265, 2567873.686746988], [695883.391566265, 2567873.686746988], [695883.391566265, 2567833.686746988], [695893.391566265, 2567833.686746988], [695893.391566265, 2567823.686746988], [695903.391566265, 2567823.686746988], [695903.391566265, 2567803.686746988], [695913.391566265, 2567803.686746988], [695913.391566265, 2567793.686746988], [695903.391566265, 2567793.686746988], [695903.391566265, 2567763.686746988], [695833.391566265, 2567763.686746988], [695833.391566265, 2567773.686746988], [695813.391566265, 2567773.686746988], [695813.391566265, 2567753.686746988], [695783.391566265, 2567753.686746988], [695783.391566265, 2567743.686746988], [695793.391566265, 2567743.686746988], [695793.391566265, 2567733.686746988], [695943.391566265, 2567733.686746988], [695943.391566265, 2567723.686746988], [695963.391566265, 2567723.686746988], [695963.391566265, 2567753.686746988], [695953.391566265, 2567753.686746988], [695953.391566265, 2567763.686746988], [695963.391566265, 2567763.686746988], [695963.391566265, 2567773.686746988], [695973.391566265, 2567773.686746988], [695973.391566265, 2567783.686746988], [695983.391566265, 2567783.686746988], [695983.391566265, 2567773.686746988], [696003.391566265, 2567773.686746988], [696003.391566265, 2567783.686746988], [696023.391566265, 2567783.686746988], [696023.391566265, 2567803.686746988], [696013.391566265, 2567803.686746988], [696013.391566265, 2567813.686746988], [696023.391566265, 2567813.686746988], [696023.391566265, 2567823.686746988], [696033.391566265, 2567823.686746988], [696033.391566265, 2567833.686746988], [696053.391566265, 2567833.686746988], [696053.391566265, 2567853.686746988], [696083.391566265, 2567853.686746988], [696083.391566265, 2567803.686746988], [696063.391566265, 2567803.686746988], [696063.391566265, 2567793.686746988], [696043.391566265, 2567793.686746988], [696043.391566265, 2567763.686746988], [696053.391566265, 2567763.686746988], [696053.391566265, 2567743.686746988], [696063.391566265, 2567743.686746988], [696063.391566265, 2567763.686746988], [696073.391566265, 2567763.686746988], [696073.391566265, 2567783.686746988], [696083.391566265, 2567783.686746988], [696083.391566265, 2567793.686746988], [696093.391566265, 2567793.686746988], [696093.391566265, 2567803.686746988], [696103.391566265, 2567803.686746988], [696103.391566265, 2567813.686746988], [696113.391566265, 2567813.686746988], [696113.391566265, 2567823.686746988], [696103.391566265, 2567823.686746988], [696103.391566265, 2567843.686746988], [696113.391566265, 2567843.686746988], [696113.391566265, 2567873.686746988], [696133.391566265, 2567873.686746988], [696133.391566265, 2567883.686746988], [696143.391566265, 2567883.686746988], [696143.391566265, 2567893.686746988], [696153.391566265, 2567893.686746988], [696153.391566265, 2567903.686746988], [696163.391566265, 2567903.686746988], [696163.391566265, 2567913.686746988], [696173.391566265, 2567913.686746988], [696173.391566265, 2567923.686746988], [696183.391566265, 2567923.686746988], [696183.391566265, 2567933.686746988], [696193.391566265, 2567933.686746988], [696193.391566265, 2567943.686746988], [696203.391566265, 2567943.686746988], [696203.391566265, 2567953.686746988], [696213.391566265, 2567953.686746988], [696213.391566265, 2567963.686746988], [696223.391566265, 2567963.686746988], [696223.391566265, 2567973.686746988], [696233.391566265, 2567973.686746988], [696233.391566265, 2567993.686746988], [696243.391566265, 2567993.686746988], [696243.391566265, 2568013.686746988], [696253.391566265, 2568013.686746988], [696253.391566265, 2568043.686746988], [696243.391566265, 2568043.686746988], [696243.391566265, 2568033.686746988], [696233.391566265, 2568033.686746988], [696233.391566265, 2568003.686746988], [696223.391566265, 2568003.686746988], [696223.391566265, 2567993.686746988], [696203.391566265, 2567993.686746988], [696203.391566265, 2568023.686746988], [696193.391566265, 2568023.686746988], [696193.391566265, 2568043.686746988], [696173.391566265, 2568043.686746988], [696173.391566265, 2568053.686746988], [696183.391566265, 2568053.686746988], [696183.391566265, 2568063.686746988], [696193.391566265, 2568063.686746988], [696193.391566265, 2568083.686746988], [696173.391566265, 2568083.686746988], [696173.391566265, 2568113.686746988], [696153.391566265, 2568113.686746988], [696153.391566265, 2568123.686746988], [696163.391566265, 2568123.686746988], [696163.391566265, 2568143.686746988], [696173.391566265, 2568143.686746988], [696173.391566265, 2568153.686746988], [696193.391566265, 2568153.686746988], [696193.391566265, 2568163.686746988], [696203.391566265, 2568163.686746988], [696203.391566265, 2568183.686746988], [696213.391566265, 2568183.686746988], [696213.391566265, 2568263.686746988], [696223.391566265, 2568263.686746988], [696223.391566265, 2568283.686746988], [696233.391566265, 2568283.686746988], [696233.391566265, 2568293.686746988], [696253.391566265, 2568293.686746988], [696253.391566265, 2568303.686746988], [696273.391566265, 2568303.686746988], [696273.391566265, 2568313.686746988], [696293.391566265, 2568313.686746988], [696293.391566265, 2568323.686746988], [696313.391566265, 2568323.686746988], [696313.391566265, 2568333.686746988], [696323.391566265, 2568333.686746988], [696323.391566265, 2568343.686746988], [696353.391566265, 2568343.686746988], [696353.391566265, 2568333.686746988], [696373.391566265, 2568333.686746988], [696373.391566265, 2568323.686746988], [696393.391566265, 2568323.686746988], [696393.391566265, 2568303.686746988], [696403.391566265, 2568303.686746988], [696403.391566265, 2568293.686746988], [696413.391566265, 2568293.686746988], [696413.391566265, 2568313.686746988], [696423.391566265, 2568313.686746988], [696423.391566265, 2568323.686746988], [696433.391566265, 2568323.686746988], [696433.391566265, 2568333.686746988], [696443.391566265, 2568333.686746988], [696443.391566265, 2568343.686746988], [696453.391566265, 2568343.686746988], [696453.391566265, 2568353.686746988], [696463.391566265, 2568353.686746988], [696463.391566265, 2568363.686746988], [696473.391566265, 2568363.686746988], [696473.391566265, 2568373.686746988], [696483.391566265, 2568373.686746988], [696483.391566265, 2568393.686746988], [696493.391566265, 2568393.686746988], [696493.391566265, 2568403.686746988], [696503.391566265, 2568403.686746988], [696503.391566265, 2568453.686746988], [696513.391566265, 2568453.686746988], [696513.391566265, 2568473.686746988], [696533.391566265, 2568473.686746988], [696533.391566265, 2568483.686746988], [696543.391566265, 2568483.686746988], [696543.391566265, 2568503.686746988], [696553.391566265, 2568503.686746988], [696553.391566265, 2568513.686746988], [696563.391566265, 2568513.686746988], [696563.391566265, 2568523.686746988], [696553.391566265, 2568523.686746988], [696553.391566265, 2568543.686746988], [696563.391566265, 2568543.686746988], [696563.391566265, 2568573.686746988], [696583.391566265, 2568573.686746988], [696583.391566265, 2568583.686746988], [696593.391566265, 2568583.686746988], [696593.391566265, 2568593.686746988], [696603.391566265, 2568593.686746988], [696603.391566265, 2568603.686746988], [696613.391566265, 2568603.686746988], [696613.391566265, 2568613.686746988], [696623.391566265, 2568613.686746988], [696623.391566265, 2568633.686746988], [696633.391566265, 2568633.686746988], [696633.391566265, 2568643.686746988], [696643.391566265, 2568643.686746988], [696643.391566265, 2568653.686746988], [696653.391566265, 2568653.686746988], [696653.391566265, 2568713.686746988], [696663.391566265, 2568713.686746988], [696663.391566265, 2568723.686746988], [696683.391566265, 2568723.686746988], [696683.391566265, 2568733.686746988], [696693.391566265, 2568733.686746988], [696693.391566265, 2568753.686746988], [696703.391566265, 2568753.686746988], [696703.391566265, 2568803.686746988], [696713.391566265, 2568803.686746988], [696713.391566265, 2568823.686746988], [696733.391566265, 2568823.686746988], [696733.391566265, 2568833.686746988], [696743.391566265, 2568833.686746988], [696743.391566265, 2568843.686746988], [696753.391566265, 2568843.686746988], [696753.391566265, 2568863.686746988], [696763.391566265, 2568863.686746988], [696763.391566265, 2568913.686746988], [696773.391566265, 2568913.686746988], [696773.391566265, 2568923.686746988], [696783.391566265, 2568923.686746988], [696783.391566265, 2568933.686746988], [696793.391566265, 2568933.686746988], [696793.391566265, 2568943.686746988], [696803.391566265, 2568943.686746988], [696803.391566265, 2568953.686746988], [696813.391566265, 2568953.686746988], [696813.391566265, 2568963.686746988], [696823.391566265, 2568963.686746988], [696823.391566265, 2568983.686746988], [696833.391566265, 2568983.686746988], [696833.391566265, 2568993.686746988], [696843.391566265, 2568993.686746988], [696843.391566265, 2569003.686746988], [696853.391566265, 2569003.686746988], [696853.391566265, 2569053.686746988], [696863.391566265, 2569053.686746988], [696863.391566265, 2569073.686746988], [696883.391566265, 2569073.686746988], [696883.391566265, 2569083.686746988], [696893.391566265, 2569083.686746988], [696893.391566265, 2569103.686746988], [696903.391566265, 2569103.686746988], [696903.391566265, 2569143.686746988], [696913.391566265, 2569143.686746988], [696913.391566265, 2569173.686746988], [696943.391566265, 2569173.686746988], [696943.391566265, 2569193.686746988], [696953.391566265, 2569193.686746988], [696953.391566265, 2569213.686746988], [696963.391566265, 2569213.686746988], [696963.391566265, 2569263.686746988], [696973.391566265, 2569263.686746988], [696973.391566265, 2569273.686746988], [696983.391566265, 2569273.686746988], [696983.391566265, 2569283.686746988], [696993.391566265, 2569283.686746988], [696993.391566265, 2569293.686746988], [697003.391566265, 2569293.686746988], [697003.391566265, 2569303.686746988], [697013.391566265, 2569303.686746988], [697013.391566265, 2569313.686746988], [697023.391566265, 2569313.686746988], [697023.391566265, 2569323.686746988], [697033.391566265, 2569323.686746988], [697033.391566265, 2569343.686746988], [697043.391566265, 2569343.686746988], [697043.391566265, 2569353.686746988], [697053.391566265, 2569353.686746988], [697053.391566265, 2569403.686746988], [697063.391566265, 2569403.686746988], [697063.391566265, 2569423.686746988], [697083.391566265, 2569423.686746988], [697083.391566265, 2569433.686746988], [697093.391566265, 2569433.686746988], [697093.391566265, 2569453.686746988], [697103.391566265, 2569453.686746988], [697103.391566265, 2569463.686746988], [697113.391566265, 2569463.686746988], [697113.391566265, 2569473.686746988], [697103.391566265, 2569473.686746988], [697103.391566265, 2569493.686746988], [697113.391566265, 2569493.686746988], [697113.391566265, 2569523.686746988], [697133.391566265, 2569523.686746988], [697133.391566265, 2569533.686746988], [697143.391566265, 2569533.686746988], [697143.391566265, 2569543.686746988], [697153.391566265, 2569543.686746988], [697153.391566265, 2569553.686746988], [697163.391566265, 2569553.686746988], [697163.391566265, 2569563.686746988], [697173.391566265, 2569563.686746988], [697173.391566265, 2569583.686746988], [697183.391566265, 2569583.686746988], [697183.391566265, 2569613.686746988], [697173.391566265, 2569613.686746988], [697173.391566265, 2569623.686746988], [697163.391566265, 2569623.686746988], [697163.391566265, 2569633.686746988], [697153.391566265, 2569633.686746988], [697153.391566265, 2569643.686746988], [697133.391566265, 2569643.686746988], [697133.391566265, 2569653.686746988], [697113.391566265, 2569653.686746988], [697113.391566265, 2569663.686746988], [697103.391566265, 2569663.686746988], [697103.391566265, 2569703.686746988], [697113.391566265, 2569703.686746988], [697113.391566265, 2569723.686746988], [697143.391566265, 2569723.686746988], [697143.391566265, 2569733.686746988], [697153.391566265, 2569733.686746988], [697153.391566265, 2569753.686746988], [697183.391566265, 2569753.686746988], [697183.391566265, 2569733.686746988], [697173.391566265, 2569733.686746988], [697173.391566265, 2569703.686746988], [697193.391566265, 2569703.686746988], [697193.391566265, 2569673.686746988], [697233.391566265, 2569673.686746988], [697233.391566265, 2569693.686746988], [697243.391566265, 2569693.686746988], [697243.391566265, 2569703.686746988], [697253.391566265, 2569703.686746988], [697253.391566265, 2569753.686746988], [697263.391566265, 2569753.686746988], [697263.391566265, 2569773.686746988], [697283.391566265, 2569773.686746988], [697283.391566265, 2569783.686746988], [697293.391566265, 2569783.686746988], [697293.391566265, 2569803.686746988], [697283.391566265, 2569803.686746988], [697283.391566265, 2569793.686746988], [697273.391566265, 2569793.686746988], [697273.391566265, 2569803.686746988], [697243.391566265, 2569803.686746988], [697243.391566265, 2569793.686746988], [697233.391566265, 2569793.686746988], [697233.391566265, 2569783.686746988], [697183.391566265, 2569783.686746988], [697183.391566265, 2569773.686746988], [697163.391566265, 2569773.686746988], [697163.391566265, 2569783.686746988], [697153.391566265, 2569783.686746988], [697153.391566265, 2569813.686746988], [697133.391566265, 2569813.686746988], [697133.391566265, 2569803.686746988], [697123.391566265, 2569803.686746988], [697123.391566265, 2569793.686746988], [697113.391566265, 2569793.686746988], [697113.391566265, 2569783.686746988], [697103.391566265, 2569783.686746988], [697103.391566265, 2569773.686746988], [697093.391566265, 2569773.686746988], [697093.391566265, 2569783.686746988], [697063.391566265, 2569783.686746988], [697063.391566265, 2569793.686746988], [696983.391566265, 2569793.686746988], [696983.391566265, 2569833.686746988], [696943.391566265, 2569833.686746988], [696943.391566265, 2569823.686746988], [696923.391566265, 2569823.686746988], [696923.391566265, 2569813.686746988], [696903.391566265, 2569813.686746988], [696903.391566265, 2569823.686746988], [696893.391566265, 2569823.686746988], [696893.391566265, 2569813.686746988], [696883.391566265, 2569813.686746988], [696883.391566265, 2569833.686746988], [696903.391566265, 2569833.686746988], [696903.391566265, 2569843.686746988], [696923.391566265, 2569843.686746988], [696923.391566265, 2569873.686746988], [696893.391566265, 2569873.686746988], [696893.391566265, 2569863.686746988], [696883.391566265, 2569863.686746988], [696883.391566265, 2569853.686746988], [696873.391566265, 2569853.686746988], [696873.391566265, 2569843.686746988], [696833.391566265, 2569843.686746988], [696833.391566265, 2569833.686746988], [696823.391566265, 2569833.686746988], [696823.391566265, 2569823.686746988], [696813.391566265, 2569823.686746988], [696813.391566265, 2569813.686746988], [696803.391566265, 2569813.686746988], [696803.391566265, 2569803.686746988], [696763.391566265, 2569803.686746988], [696763.391566265, 2569833.686746988], [696753.391566265, 2569833.686746988], [696753.391566265, 2569853.686746988], [696743.391566265, 2569853.686746988], [696743.391566265, 2569923.686746988], [696753.391566265, 2569923.686746988], [696753.391566265, 2569933.686746988], [696763.391566265, 2569933.686746988], [696763.391566265, 2569943.686746988], [696743.391566265, 2569943.686746988], [696743.391566265, 2569933.686746988], [696723.391566265, 2569933.686746988], [696723.391566265, 2569953.686746988], [696693.391566265, 2569953.686746988], [696693.391566265, 2569943.686746988], [696683.391566265, 2569943.686746988], [696683.391566265, 2569903.686746988], [696713.391566265, 2569903.686746988], [696713.391566265, 2569873.686746988], [696703.391566265, 2569873.686746988], [696703.391566265, 2569863.686746988], [696693.391566265, 2569863.686746988], [696693.391566265, 2569853.686746988], [696673.391566265, 2569853.686746988], [696673.391566265, 2569843.686746988], [696633.391566265, 2569843.686746988], [696633.391566265, 2569883.686746988], [696623.391566265, 2569883.686746988], [696623.391566265, 2569893.686746988], [696613.391566265, 2569893.686746988], [696613.391566265, 2569903.686746988], [696603.391566265, 2569903.686746988], [696603.391566265, 2569943.686746988], [696593.391566265, 2569943.686746988], [696593.391566265, 2569953.686746988], [696573.391566265, 2569953.686746988], [696573.391566265, 2569943.686746988], [696563.391566265, 2569943.686746988], [696563.391566265, 2569913.686746988], [696543.391566265, 2569913.686746988], [696543.391566265, 2569923.686746988], [696523.391566265, 2569923.686746988], [696523.391566265, 2569933.686746988], [696513.391566265, 2569933.686746988], [696513.391566265, 2569943.686746988], [696503.391566265, 2569943.686746988], [696503.391566265, 2569933.686746988], [696483.391566265, 2569933.686746988], [696483.391566265, 2569963.686746988], [696503.391566265, 2569963.686746988], [696503.391566265, 2569973.686746988], [696513.391566265, 2569973.686746988], [696513.391566265, 2569993.686746988], [696523.391566265, 2569993.686746988], [696523.391566265, 2570003.686746988], [696533.391566265, 2570003.686746988], [696533.391566265, 2570033.686746988], [696513.391566265, 2570033.686746988], [696513.391566265, 2570023.686746988], [696503.391566265, 2570023.686746988], [696503.391566265, 2570053.686746988], [696513.391566265, 2570053.686746988], [696513.391566265, 2570043.686746988], [696533.391566265, 2570043.686746988], [696533.391566265, 2570053.686746988], [696543.391566265, 2570053.686746988], [696543.391566265, 2570073.686746988], [696553.391566265, 2570073.686746988], [696553.391566265, 2570083.686746988], [696563.391566265, 2570083.686746988], [696563.391566265, 2570093.686746988], [696573.391566265, 2570093.686746988], [696573.391566265, 2570103.686746988], [696583.391566265, 2570103.686746988], [696583.391566265, 2570113.686746988], [696613.391566265, 2570113.686746988], [696613.391566265, 2570163.686746988], [696633.391566265, 2570163.686746988], [696633.391566265, 2570173.686746988], [696643.391566265, 2570173.686746988], [696643.391566265, 2570163.686746988], [696683.391566265, 2570163.686746988], [696683.391566265, 2570173.686746988], [696693.391566265, 2570173.686746988], [696693.391566265, 2570193.686746988], [696713.391566265, 2570193.686746988], [696713.391566265, 2570203.686746988], [696723.391566265, 2570203.686746988], [696723.391566265, 2570243.686746988], [696733.391566265, 2570243.686746988], [696733.391566265, 2570273.686746988], [696723.391566265, 2570273.686746988], [696723.391566265, 2570283.686746988], [696673.391566265, 2570283.686746988], [696673.391566265, 2570273.686746988], [696663.391566265, 2570273.686746988], [696663.391566265, 2570263.686746988], [696643.391566265, 2570263.686746988], [696643.391566265, 2570253.686746988], [696613.391566265, 2570253.686746988], [696613.391566265, 2570233.686746988], [696603.391566265, 2570233.686746988], [696603.391566265, 2570223.686746988], [696593.391566265, 2570223.686746988], [696593.391566265, 2570203.686746988], [696583.391566265, 2570203.686746988], [696583.391566265, 2570193.686746988], [696553.391566265, 2570193.686746988], [696553.391566265, 2570243.686746988], [696543.391566265, 2570243.686746988], [696543.391566265, 2570253.686746988], [696523.391566265, 2570253.686746988], [696523.391566265, 2570293.686746988], [696513.391566265, 2570293.686746988], [696513.391566265, 2570303.686746988], [696493.391566265, 2570303.686746988], [696493.391566265, 2570283.686746988], [696483.391566265, 2570283.686746988], [696483.391566265, 2570263.686746988], [696473.391566265, 2570263.686746988], [696473.391566265, 2570233.686746988], [696483.391566265, 2570233.686746988], [696483.391566265, 2570223.686746988], [696493.391566265, 2570223.686746988], [696493.391566265, 2570203.686746988], [696513.391566265, 2570203.686746988], [696513.391566265, 2570173.686746988], [696483.391566265, 2570173.686746988], [696483.391566265, 2570183.686746988], [696453.391566265, 2570183.686746988], [696453.391566265, 2570173.686746988], [696443.391566265, 2570173.686746988], [696443.391566265, 2570153.686746988], [696433.391566265, 2570153.686746988], [696433.391566265, 2570113.686746988], [696423.391566265, 2570113.686746988], [696423.391566265, 2570103.686746988], [696413.391566265, 2570103.686746988], [696413.391566265, 2570093.686746988], [696403.391566265, 2570093.686746988], [696403.391566265, 2570033.686746988], [696393.391566265, 2570033.686746988], [696393.391566265, 2570013.686746988], [696423.391566265, 2570013.686746988], [696423.391566265, 2570033.686746988], [696433.391566265, 2570033.686746988], [696433.391566265, 2570053.686746988], [696453.391566265, 2570053.686746988], [696453.391566265, 2570023.686746988], [696443.391566265, 2570023.686746988], [696443.391566265, 2570013.686746988], [696453.391566265, 2570013.686746988], [696453.391566265, 2570003.686746988], [696463.391566265, 2570003.686746988], [696463.391566265, 2569993.686746988], [696473.391566265, 2569993.686746988], [696473.391566265, 2569963.686746988], [696463.391566265, 2569963.686746988], [696463.391566265, 2569943.686746988], [696453.391566265, 2569943.686746988], [696453.391566265, 2569883.686746988], [696463.391566265, 2569883.686746988], [696463.391566265, 2569873.686746988], [696473.391566265, 2569873.686746988], [696473.391566265, 2569863.686746988], [696443.391566265, 2569863.686746988], [696443.391566265, 2569873.686746988], [696433.391566265, 2569873.686746988], [696433.391566265, 2569883.686746988], [696443.391566265, 2569883.686746988], [696443.391566265, 2569903.686746988], [696423.391566265, 2569903.686746988], [696423.391566265, 2569883.686746988], [696413.391566265, 2569883.686746988], [696413.391566265, 2569873.686746988], [696383.391566265, 2569873.686746988], [696383.391566265, 2569843.686746988], [696353.391566265, 2569843.686746988], [696353.391566265, 2569853.686746988], [696343.391566265, 2569853.686746988], [696343.391566265, 2569873.686746988], [696323.391566265, 2569873.686746988], [696323.391566265, 2569883.686746988], [696293.391566265, 2569883.686746988], [696293.391566265, 2569913.686746988], [696253.391566265, 2569913.686746988], [696253.391566265, 2569903.686746988], [696233.391566265, 2569903.686746988], [696233.391566265, 2569923.686746988], [696223.391566265, 2569923.686746988], [696223.391566265, 2569913.686746988], [696183.391566265, 2569913.686746988], [696183.391566265, 2569933.686746988], [696173.391566265, 2569933.686746988], [696173.391566265, 2569953.686746988], [696163.391566265, 2569953.686746988], [696163.391566265, 2570003.686746988], [696173.391566265, 2570003.686746988], [696173.391566265, 2570033.686746988], [696183.391566265, 2570033.686746988], [696183.391566265, 2570053.686746988], [696193.391566265, 2570053.686746988], [696193.391566265, 2570063.686746988], [696203.391566265, 2570063.686746988], [696203.391566265, 2570073.686746988], [696223.391566265, 2570073.686746988], [696223.391566265, 2570083.686746988], [696233.391566265, 2570083.686746988], [696233.391566265, 2570093.686746988], [696243.391566265, 2570093.686746988], [696243.391566265, 2570103.686746988], [696253.391566265, 2570103.686746988], [696253.391566265, 2570113.686746988], [696273.391566265, 2570113.686746988], [696273.391566265, 2570143.686746988], [696283.391566265, 2570143.686746988], [696283.391566265, 2570163.686746988], [696273.391566265, 2570163.686746988], [696273.391566265, 2570173.686746988], [696253.391566265, 2570173.686746988], [696253.391566265, 2570183.686746988], [696233.391566265, 2570183.686746988], [696233.391566265, 2570203.686746988], [696243.391566265, 2570203.686746988], [696243.391566265, 2570233.686746988], [696253.391566265, 2570233.686746988], [696253.391566265, 2570253.686746988], [696263.391566265, 2570253.686746988], [696263.391566265, 2570273.686746988], [696223.391566265, 2570273.686746988], [696223.391566265, 2570283.686746988], [696233.391566265, 2570283.686746988], [696233.391566265, 2570293.686746988], [696243.391566265, 2570293.686746988], [696243.391566265, 2570303.686746988], [696253.391566265, 2570303.686746988], [696253.391566265, 2570313.686746988], [696283.391566265, 2570313.686746988], [696283.391566265, 2570353.686746988], [696263.391566265, 2570353.686746988], [696263.391566265, 2570343.686746988], [696203.391566265, 2570343.686746988], [696203.391566265, 2570333.686746988], [696193.391566265, 2570333.686746988], [696193.391566265, 2570323.686746988], [696183.391566265, 2570323.686746988], [696183.391566265, 2570363.686746988], [696193.391566265, 2570363.686746988], [696193.391566265, 2570383.686746988], [696153.391566265, 2570383.686746988], [696153.391566265, 2570393.686746988], [696163.391566265, 2570393.686746988], [696163.391566265, 2570433.686746988], [696173.391566265, 2570433.686746988], [696173.391566265, 2570453.686746988], [696193.391566265, 2570453.686746988], [696193.391566265, 2570463.686746988], [696223.391566265, 2570463.686746988], [696223.391566265, 2570443.686746988], [696233.391566265, 2570443.686746988], [696233.391566265, 2570413.686746988], [696243.391566265, 2570413.686746988], [696243.391566265, 2570393.686746988], [696253.391566265, 2570393.686746988], [696253.391566265, 2570373.686746988], [696263.391566265, 2570373.686746988], [696263.391566265, 2570363.686746988], [696273.391566265, 2570363.686746988], [696273.391566265, 2570393.686746988], [696283.391566265, 2570393.686746988], [696283.391566265, 2570403.686746988], [696293.391566265, 2570403.686746988], [696293.391566265, 2570363.686746988], [696333.391566265, 2570363.686746988], [696333.391566265, 2570383.686746988], [696343.391566265, 2570383.686746988], [696343.391566265, 2570393.686746988], [696363.391566265, 2570393.686746988], [696363.391566265, 2570373.686746988], [696373.391566265, 2570373.686746988], [696373.391566265, 2570353.686746988], [696403.391566265, 2570353.686746988], [696403.391566265, 2570373.686746988], [696413.391566265, 2570373.686746988], [696413.391566265, 2570403.686746988], [696433.391566265, 2570403.686746988], [696433.391566265, 2570413.686746988], [696443.391566265, 2570413.686746988], [696443.391566265, 2570353.686746988], [696453.391566265, 2570353.686746988], [696453.391566265, 2570343.686746988], [696463.391566265, 2570343.686746988], [696463.391566265, 2570323.686746988], [696473.391566265, 2570323.686746988], [696473.391566265, 2570313.686746988], [696503.391566265, 2570313.686746988], [696503.391566265, 2570343.686746988], [696513.391566265, 2570343.686746988], [696513.391566265, 2570333.686746988], [696523.391566265, 2570333.686746988], [696523.391566265, 2570323.686746988], [696543.391566265, 2570323.686746988], [696543.391566265, 2570343.686746988], [696573.391566265, 2570343.686746988], [696573.391566265, 2570323.686746988], [696583.391566265, 2570323.686746988], [696583.391566265, 2570313.686746988], [696603.391566265, 2570313.686746988], [696603.391566265, 2570283.686746988], [696613.391566265, 2570283.686746988], [696613.391566265, 2570273.686746988], [696623.391566265, 2570273.686746988], [696623.391566265, 2570283.686746988], [696633.391566265, 2570283.686746988], [696633.391566265, 2570323.686746988], [696643.391566265, 2570323.686746988], [696643.391566265, 2570333.686746988], [696653.391566265, 2570333.686746988], [696653.391566265, 2570353.686746988], [696683.391566265, 2570353.686746988], [696683.391566265, 2570373.686746988], [696693.391566265, 2570373.686746988], [696693.391566265, 2570393.686746988], [696713.391566265, 2570393.686746988], [696713.391566265, 2570373.686746988], [696743.391566265, 2570373.686746988], [696743.391566265, 2570333.686746988], [696763.391566265, 2570333.686746988], [696763.391566265, 2570353.686746988], [696773.391566265, 2570353.686746988], [696773.391566265, 2570383.686746988], [696763.391566265, 2570383.686746988], [696763.391566265, 2570393.686746988], [696753.391566265, 2570393.686746988], [696753.391566265, 2570413.686746988], [696743.391566265, 2570413.686746988], [696743.391566265, 2570433.686746988], [696753.391566265, 2570433.686746988], [696753.391566265, 2570443.686746988], [696763.391566265, 2570443.686746988], [696763.391566265, 2570453.686746988], [696773.391566265, 2570453.686746988], [696773.391566265, 2570413.686746988], [696793.391566265, 2570413.686746988], [696793.391566265, 2570403.686746988], [696783.391566265, 2570403.686746988], [696783.391566265, 2570333.686746988], [696803.391566265, 2570333.686746988], [696803.391566265, 2570363.686746988], [696813.391566265, 2570363.686746988], [696813.391566265, 2570373.686746988], [696863.391566265, 2570373.686746988], [696863.391566265, 2570393.686746988], [696873.391566265, 2570393.686746988], [696873.391566265, 2570423.686746988], [696883.391566265, 2570423.686746988], [696883.391566265, 2570483.686746988], [696903.391566265, 2570483.686746988], [696903.391566265, 2570473.686746988], [696913.391566265, 2570473.686746988], [696913.391566265, 2570463.686746988], [696943.391566265, 2570463.686746988], [696943.391566265, 2570453.686746988], [696933.391566265, 2570453.686746988], [696933.391566265, 2570423.686746988], [696953.391566265, 2570423.686746988], [696953.391566265, 2570413.686746988], [696943.391566265, 2570413.686746988], [696943.391566265, 2570373.686746988], [696933.391566265, 2570373.686746988], [696933.391566265, 2570363.686746988], [696923.391566265, 2570363.686746988], [696923.391566265, 2570353.686746988], [696913.391566265, 2570353.686746988], [696913.391566265, 2570343.686746988], [696903.391566265, 2570343.686746988], [696903.391566265, 2570313.686746988], [696943.391566265, 2570313.686746988], [696943.391566265, 2570333.686746988], [696953.391566265, 2570333.686746988], [696953.391566265, 2570343.686746988], [696973.391566265, 2570343.686746988], [696973.391566265, 2570333.686746988], [696963.391566265, 2570333.686746988], [696963.391566265, 2570313.686746988], [696953.391566265, 2570313.686746988], [696953.391566265, 2570293.686746988], [696943.391566265, 2570293.686746988], [696943.391566265, 2570283.686746988], [696913.391566265, 2570283.686746988], [696913.391566265, 2570273.686746988], [696903.391566265, 2570273.686746988], [696903.391566265, 2570263.686746988], [696893.391566265, 2570263.686746988], [696893.391566265, 2570253.686746988], [696873.391566265, 2570253.686746988], [696873.391566265, 2570243.686746988], [696863.391566265, 2570243.686746988], [696863.391566265, 2570233.686746988], [696853.391566265, 2570233.686746988], [696853.391566265, 2570213.686746988], [696833.391566265, 2570213.686746988], [696833.391566265, 2570193.686746988], [696823.391566265, 2570193.686746988], [696823.391566265, 2570173.686746988], [696813.391566265, 2570173.686746988], [696813.391566265, 2570113.686746988], [696803.391566265, 2570113.686746988], [696803.391566265, 2570103.686746988], [696793.391566265, 2570103.686746988], [696793.391566265, 2570073.686746988], [696783.391566265, 2570073.686746988], [696783.391566265, 2570043.686746988], [696773.391566265, 2570043.686746988], [696773.391566265, 2570023.686746988], [696763.391566265, 2570023.686746988], [696763.391566265, 2569993.686746988], [696773.391566265, 2569993.686746988], [696773.391566265, 2569983.686746988], [696783.391566265, 2569983.686746988], [696783.391566265, 2569963.686746988], [696793.391566265, 2569963.686746988], [696793.391566265, 2569943.686746988], [696783.391566265, 2569943.686746988], [696783.391566265, 2569923.686746988], [696793.391566265, 2569923.686746988], [696793.391566265, 2569903.686746988], [696823.391566265, 2569903.686746988], [696823.391566265, 2569913.686746988], [696833.391566265, 2569913.686746988], [696833.391566265, 2569963.686746988], [696843.391566265, 2569963.686746988], [696843.391566265, 2569983.686746988], [696863.391566265, 2569983.686746988], [696863.391566265, 2569973.686746988], [696873.391566265, 2569973.686746988], [696873.391566265, 2569963.686746988], [696883.391566265, 2569963.686746988], [696883.391566265, 2569943.686746988], [696893.391566265, 2569943.686746988], [696893.391566265, 2569953.686746988], [696903.391566265, 2569953.686746988], [696903.391566265, 2569963.686746988], [696913.391566265, 2569963.686746988], [696913.391566265, 2569953.686746988], [696923.391566265, 2569953.686746988], [696923.391566265, 2569923.686746988], [696953.391566265, 2569923.686746988], [696953.391566265, 2569933.686746988], [696963.391566265, 2569933.686746988], [696963.391566265, 2569943.686746988], [696973.391566265, 2569943.686746988], [696973.391566265, 2569953.686746988], [696993.391566265, 2569953.686746988], [696993.391566265, 2569963.686746988], [697013.391566265, 2569963.686746988], [697013.391566265, 2569953.686746988], [697003.391566265, 2569953.686746988], [697003.391566265, 2569913.686746988], [697053.391566265, 2569913.686746988], [697053.391566265, 2569923.686746988], [697063.391566265, 2569923.686746988], [697063.391566265, 2569933.686746988], [697053.391566265, 2569933.686746988], [697053.391566265, 2569943.686746988], [697063.391566265, 2569943.686746988], [697063.391566265, 2569953.686746988], [697083.391566265, 2569953.686746988], [697083.391566265, 2569933.686746988], [697073.391566265, 2569933.686746988], [697073.391566265, 2569903.686746988], [697083.391566265, 2569903.686746988], [697083.391566265, 2569873.686746988], [697113.391566265, 2569873.686746988], [697113.391566265, 2569933.686746988], [697103.391566265, 2569933.686746988], [697103.391566265, 2569993.686746988], [697053.391566265, 2569993.686746988], [697053.391566265, 2570023.686746988], [697043.391566265, 2570023.686746988], [697043.391566265, 2570043.686746988], [697033.391566265, 2570043.686746988], [697033.391566265, 2570053.686746988], [697003.391566265, 2570053.686746988], [697003.391566265, 2570033.686746988], [696993.391566265, 2570033.686746988], [696993.391566265, 2570023.686746988], [696933.391566265, 2570023.686746988], [696933.391566265, 2570013.686746988], [696883.391566265, 2570013.686746988], [696883.391566265, 2570003.686746988], [696863.391566265, 2570003.686746988], [696863.391566265, 2569993.686746988], [696853.391566265, 2569993.686746988], [696853.391566265, 2570053.686746988], [696843.391566265, 2570053.686746988], [696843.391566265, 2570063.686746988], [696813.391566265, 2570063.686746988], [696813.391566265, 2570083.686746988], [696833.391566265, 2570083.686746988], [696833.391566265, 2570093.686746988], [696843.391566265, 2570093.686746988], [696843.391566265, 2570123.686746988], [696863.391566265, 2570123.686746988], [696863.391566265, 2570093.686746988], [696873.391566265, 2570093.686746988], [696873.391566265, 2570103.686746988], [696903.391566265, 2570103.686746988], [696903.391566265, 2570093.686746988], [696893.391566265, 2570093.686746988], [696893.391566265, 2570083.686746988], [696883.391566265, 2570083.686746988], [696883.391566265, 2570073.686746988], [696873.391566265, 2570073.686746988], [696873.391566265, 2570053.686746988], [696893.391566265, 2570053.686746988], [696893.391566265, 2570063.686746988], [696903.391566265, 2570063.686746988], [696903.391566265, 2570073.686746988], [696943.391566265, 2570073.686746988], [696943.391566265, 2570093.686746988], [696953.391566265, 2570093.686746988], [696953.391566265, 2570103.686746988], [696983.391566265, 2570103.686746988], [696983.391566265, 2570113.686746988], [697003.391566265, 2570113.686746988], [697003.391566265, 2570123.686746988], [697023.391566265, 2570123.686746988], [697023.391566265, 2570133.686746988], [697033.391566265, 2570133.686746988], [697033.391566265, 2570143.686746988], [697043.391566265, 2570143.686746988], [697043.391566265, 2570153.686746988], [697053.391566265, 2570153.686746988], [697053.391566265, 2570163.686746988], [697063.391566265, 2570163.686746988], [697063.391566265, 2570203.686746988], [697073.391566265, 2570203.686746988], [697073.391566265, 2570213.686746988], [697093.391566265, 2570213.686746988], [697093.391566265, 2570233.686746988], [697103.391566265, 2570233.686746988], [697103.391566265, 2570263.686746988], [697113.391566265, 2570263.686746988], [697113.391566265, 2570283.686746988], [697123.391566265, 2570283.686746988], [697123.391566265, 2570273.686746988], [697133.391566265, 2570273.686746988], [697133.391566265, 2570253.686746988], [697143.391566265, 2570253.686746988], [697143.391566265, 2570243.686746988], [697153.391566265, 2570243.686746988], [697153.391566265, 2570223.686746988], [697173.391566265, 2570223.686746988], [697173.391566265, 2570233.686746988], [697183.391566265, 2570233.686746988], [697183.391566265, 2570243.686746988], [697203.391566265, 2570243.686746988], [697203.391566265, 2570263.686746988], [697233.391566265, 2570263.686746988], [697233.391566265, 2570253.686746988], [697253.391566265, 2570253.686746988], [697253.391566265, 2570243.686746988], [697263.391566265, 2570243.686746988], [697263.391566265, 2570233.686746988], [697283.391566265, 2570233.686746988], [697283.391566265, 2570253.686746988], [697293.391566265, 2570253.686746988], [697293.391566265, 2570283.686746988], [697283.391566265, 2570283.686746988], [697283.391566265, 2570293.686746988], [697273.391566265, 2570293.686746988], [697273.391566265, 2570303.686746988], [697263.391566265, 2570303.686746988], [697263.391566265, 2570313.686746988], [697253.391566265, 2570313.686746988], [697253.391566265, 2570323.686746988], [697243.391566265, 2570323.686746988], [697243.391566265, 2570333.686746988], [697233.391566265, 2570333.686746988], [697233.391566265, 2570343.686746988], [697213.391566265, 2570343.686746988], [697213.391566265, 2570353.686746988], [697113.391566265, 2570353.686746988], [697113.391566265, 2570343.686746988], [697083.391566265, 2570343.686746988], [697083.391566265, 2570353.686746988], [697073.391566265, 2570353.686746988], [697073.391566265, 2570363.686746988], [697063.391566265, 2570363.686746988], [697063.391566265, 2570373.686746988], [697033.391566265, 2570373.686746988], [697033.391566265, 2570383.686746988], [697043.391566265, 2570383.686746988], [697043.391566265, 2570393.686746988], [697053.391566265, 2570393.686746988], [697053.391566265, 2570403.686746988], [697073.391566265, 2570403.686746988], [697073.391566265, 2570473.686746988], [697053.391566265, 2570473.686746988], [697053.391566265, 2570483.686746988], [697073.391566265, 2570483.686746988], [697073.391566265, 2570493.686746988], [697083.391566265, 2570493.686746988], [697083.391566265, 2570533.686746988], [697073.391566265, 2570533.686746988], [697073.391566265, 2570543.686746988], [697063.391566265, 2570543.686746988], [697063.391566265, 2570553.686746988], [697053.391566265, 2570553.686746988], [697053.391566265, 2570563.686746988], [697043.391566265, 2570563.686746988], [697043.391566265, 2570573.686746988], [697033.391566265, 2570573.686746988], [697033.391566265, 2570583.686746988], [697023.391566265, 2570583.686746988], [697023.391566265, 2570603.686746988], [697013.391566265, 2570603.686746988], [697013.391566265, 2570613.686746988], [696993.391566265, 2570613.686746988], [696993.391566265, 2570623.686746988], [696973.391566265, 2570623.686746988], [696973.391566265, 2570653.686746988], [696963.391566265, 2570653.686746988], [696963.391566265, 2570663.686746988], [696953.391566265, 2570663.686746988], [696953.391566265, 2570673.686746988], [696943.391566265, 2570673.686746988], [696943.391566265, 2570683.686746988], [696933.391566265, 2570683.686746988], [696933.391566265, 2570693.686746988], [696923.391566265, 2570693.686746988], [696923.391566265, 2570703.686746988], [696903.391566265, 2570703.686746988], [696903.391566265, 2570693.686746988], [696873.391566265, 2570693.686746988], [696873.391566265, 2570683.686746988], [696833.391566265, 2570683.686746988], [696833.391566265, 2570673.686746988], [696823.391566265, 2570673.686746988], [696823.391566265, 2570593.686746988], [696833.391566265, 2570593.686746988], [696833.391566265, 2570583.686746988], [696853.391566265, 2570583.686746988], [696853.391566265, 2570573.686746988], [696863.391566265, 2570573.686746988], [696863.391566265, 2570563.686746988], [696853.391566265, 2570563.686746988], [696853.391566265, 2570533.686746988], [696843.391566265, 2570533.686746988], [696843.391566265, 2570523.686746988], [696833.391566265, 2570523.686746988], [696833.391566265, 2570553.686746988], [696823.391566265, 2570553.686746988], [696823.391566265, 2570563.686746988], [696813.391566265, 2570563.686746988], [696813.391566265, 2570573.686746988], [696783.391566265, 2570573.686746988], [696783.391566265, 2570543.686746988], [696773.391566265, 2570543.686746988], [696773.391566265, 2570493.686746988], [696753.391566265, 2570493.686746988], [696753.391566265, 2570503.686746988], [696733.391566265, 2570503.686746988], [696733.391566265, 2570493.686746988], [696713.391566265, 2570493.686746988], [696713.391566265, 2570503.686746988], [696683.391566265, 2570503.686746988], [696683.391566265, 2570493.686746988], [696663.391566265, 2570493.686746988], [696663.391566265, 2570543.686746988], [696653.391566265, 2570543.686746988], [696653.391566265, 2570553.686746988], [696643.391566265, 2570553.686746988], [696643.391566265, 2570573.686746988], [696623.391566265, 2570573.686746988], [696623.391566265, 2570583.686746988], [696613.391566265, 2570583.686746988], [696613.391566265, 2570593.686746988], [696593.391566265, 2570593.686746988], [696593.391566265, 2570573.686746988], [696583.391566265, 2570573.686746988], [696583.391566265, 2570563.686746988], [696573.391566265, 2570563.686746988], [696573.391566265, 2570553.686746988], [696563.391566265, 2570553.686746988], [696563.391566265, 2570543.686746988], [696553.391566265, 2570543.686746988], [696553.391566265, 2570533.686746988], [696503.391566265, 2570533.686746988], [696503.391566265, 2570523.686746988], [696493.391566265, 2570523.686746988], [696493.391566265, 2570433.686746988], [696483.391566265, 2570433.686746988], [696483.391566265, 2570413.686746988], [696473.391566265, 2570413.686746988], [696473.391566265, 2570433.686746988], [696453.391566265, 2570433.686746988], [696453.391566265, 2570453.686746988], [696433.391566265, 2570453.686746988], [696433.391566265, 2570463.686746988], [696373.391566265, 2570463.686746988], [696373.391566265, 2570483.686746988], [696363.391566265, 2570483.686746988], [696363.391566265, 2570493.686746988], [696333.391566265, 2570493.686746988], [696333.391566265, 2570503.686746988], [696323.391566265, 2570503.686746988], [696323.391566265, 2570513.686746988], [696353.391566265, 2570513.686746988], [696353.391566265, 2570523.686746988], [696373.391566265, 2570523.686746988], [696373.391566265, 2570513.686746988], [696383.391566265, 2570513.686746988], [696383.391566265, 2570493.686746988], [696403.391566265, 2570493.686746988], [696403.391566265, 2570483.686746988], [696413.391566265, 2570483.686746988], [696413.391566265, 2570493.686746988], [696423.391566265, 2570493.686746988], [696423.391566265, 2570513.686746988], [696433.391566265, 2570513.686746988], [696433.391566265, 2570543.686746988], [696443.391566265, 2570543.686746988], [696443.391566265, 2570583.686746988], [696383.391566265, 2570583.686746988], [696383.391566265, 2570593.686746988], [696363.391566265, 2570593.686746988], [696363.391566265, 2570613.686746988], [696353.391566265, 2570613.686746988], [696353.391566265, 2570623.686746988], [696343.391566265, 2570623.686746988], [696343.391566265, 2570613.686746988], [696333.391566265, 2570613.686746988], [696333.391566265, 2570573.686746988], [696323.391566265, 2570573.686746988], [696323.391566265, 2570563.686746988], [696313.391566265, 2570563.686746988], [696313.391566265, 2570553.686746988], [696303.391566265, 2570553.686746988], [696303.391566265, 2570543.686746988], [696283.391566265, 2570543.686746988], [696283.391566265, 2570533.686746988], [696263.391566265, 2570533.686746988], [696263.391566265, 2570523.686746988], [696253.391566265, 2570523.686746988], [696253.391566265, 2570513.686746988], [696243.391566265, 2570513.686746988], [696243.391566265, 2570503.686746988], [696213.391566265, 2570503.686746988], [696213.391566265, 2570513.686746988], [696193.391566265, 2570513.686746988], [696193.391566265, 2570503.686746988], [696183.391566265, 2570503.686746988], [696183.391566265, 2570543.686746988], [696163.391566265, 2570543.686746988], [696163.391566265, 2570533.686746988], [696143.391566265, 2570533.686746988], [696143.391566265, 2570523.686746988], [696123.391566265, 2570523.686746988], [696123.391566265, 2570533.686746988], [696093.391566265, 2570533.686746988], [696093.391566265, 2570553.686746988], [696063.391566265, 2570553.686746988], [696063.391566265, 2570543.686746988], [696053.391566265, 2570543.686746988], [696053.391566265, 2570533.686746988], [696043.391566265, 2570533.686746988], [696043.391566265, 2570523.686746988], [696033.391566265, 2570523.686746988], [696033.391566265, 2570533.686746988], [696023.391566265, 2570533.686746988], [696023.391566265, 2570523.686746988], [695993.391566265, 2570523.686746988], [695993.391566265, 2570543.686746988], [695983.391566265, 2570543.686746988], [695983.391566265, 2570553.686746988], [695973.391566265, 2570553.686746988], [695973.391566265, 2570583.686746988], [695963.391566265, 2570583.686746988], [695963.391566265, 2570593.686746988], [695943.391566265, 2570593.686746988], [695943.391566265, 2570603.686746988], [695953.391566265, 2570603.686746988], [695953.391566265, 2570673.686746988], [695943.391566265, 2570673.686746988], [695943.391566265, 2570693.686746988], [695933.391566265, 2570693.686746988], [695933.391566265, 2570703.686746988], [695883.391566265, 2570703.686746988], [695883.391566265, 2570723.686746988], [695893.391566265, 2570723.686746988], [695893.391566265, 2570773.686746988], [695903.391566265, 2570773.686746988], [695903.391566265, 2570783.686746988], [695913.391566265, 2570783.686746988], [695913.391566265, 2570803.686746988], [695883.391566265, 2570803.686746988], [695883.391566265, 2570783.686746988], [695873.391566265, 2570783.686746988], [695873.391566265, 2570773.686746988], [695863.391566265, 2570773.686746988], [695863.391566265, 2570763.686746988], [695853.391566265, 2570763.686746988], [695853.391566265, 2570753.686746988], [695843.391566265, 2570753.686746988], [695843.391566265, 2570743.686746988], [695833.391566265, 2570743.686746988], [695833.391566265, 2570733.686746988], [695813.391566265, 2570733.686746988], [695813.391566265, 2570723.686746988], [695783.391566265, 2570723.686746988], [695783.391566265, 2570713.686746988], [695763.391566265, 2570713.686746988], [695763.391566265, 2570733.686746988], [695753.391566265, 2570733.686746988], [695753.391566265, 2570753.686746988], [695743.391566265, 2570753.686746988], [695743.391566265, 2570763.686746988], [695733.391566265, 2570763.686746988], [695733.391566265, 2570773.686746988], [695713.391566265, 2570773.686746988], [695713.391566265, 2570793.686746988], [695723.391566265, 2570793.686746988], [695723.391566265, 2570813.686746988], [695703.391566265, 2570813.686746988], [695703.391566265, 2570823.686746988], [695683.391566265, 2570823.686746988], [695683.391566265, 2570833.686746988], [695633.391566265, 2570833.686746988], [695633.391566265, 2570823.686746988], [695603.391566265, 2570823.686746988], [695603.391566265, 2570843.686746988], [695593.391566265, 2570843.686746988], [695593.391566265, 2570863.686746988], [695603.391566265, 2570863.686746988], [695603.391566265, 2570873.686746988], [695633.391566265, 2570873.686746988], [695633.391566265, 2570893.686746988], [695643.391566265, 2570893.686746988], [695643.391566265, 2570903.686746988], [695653.391566265, 2570903.686746988], [695653.391566265, 2570923.686746988], [695673.391566265, 2570923.686746988], [695673.391566265, 2570903.686746988], [695683.391566265, 2570903.686746988], [695683.391566265, 2570863.686746988], [695703.391566265, 2570863.686746988], [695703.391566265, 2570873.686746988], [695713.391566265, 2570873.686746988], [695713.391566265, 2570883.686746988], [695733.391566265, 2570883.686746988], [695733.391566265, 2570863.686746988], [695753.391566265, 2570863.686746988], [695753.391566265, 2570873.686746988], [695763.391566265, 2570873.686746988], [695763.391566265, 2570853.686746988], [695803.391566265, 2570853.686746988], [695803.391566265, 2570863.686746988], [695823.391566265, 2570863.686746988], [695823.391566265, 2570853.686746988], [695813.391566265, 2570853.686746988], [695813.391566265, 2570833.686746988], [695823.391566265, 2570833.686746988], [695823.391566265, 2570813.686746988], [695833.391566265, 2570813.686746988], [695833.391566265, 2570823.686746988], [695843.391566265, 2570823.686746988], [695843.391566265, 2570833.686746988], [695853.391566265, 2570833.686746988], [695853.391566265, 2570843.686746988], [695873.391566265, 2570843.686746988], [695873.391566265, 2570853.686746988], [695893.391566265, 2570853.686746988], [695893.391566265, 2570863.686746988], [695903.391566265, 2570863.686746988], [695903.391566265, 2570873.686746988], [695913.391566265, 2570873.686746988], [695913.391566265, 2570883.686746988], [695943.391566265, 2570883.686746988], [695943.391566265, 2570893.686746988], [695963.391566265, 2570893.686746988], [695963.391566265, 2570863.686746988], [695993.391566265, 2570863.686746988], [695993.391566265, 2570873.686746988], [696003.391566265, 2570873.686746988], [696003.391566265, 2570883.686746988], [696013.391566265, 2570883.686746988], [696013.391566265, 2570903.686746988], [696023.391566265, 2570903.686746988], [696023.391566265, 2570923.686746988], [696033.391566265, 2570923.686746988], [696033.391566265, 2570933.686746988], [696073.391566265, 2570933.686746988], [696073.391566265, 2570943.686746988], [696083.391566265, 2570943.686746988], [696083.391566265, 2570953.686746988], [696093.391566265, 2570953.686746988], [696093.391566265, 2570923.686746988], [696123.391566265, 2570923.686746988], [696123.391566265, 2570933.686746988], [696143.391566265, 2570933.686746988], [696143.391566265, 2570943.686746988], [696153.391566265, 2570943.686746988], [696153.391566265, 2570903.686746988], [696173.391566265, 2570903.686746988], [696173.391566265, 2570913.686746988], [696183.391566265, 2570913.686746988], [696183.391566265, 2570923.686746988], [696223.391566265, 2570923.686746988], [696223.391566265, 2570903.686746988], [696263.391566265, 2570903.686746988], [696263.391566265, 2570913.686746988], [696303.391566265, 2570913.686746988], [696303.391566265, 2570923.686746988], [696313.391566265, 2570923.686746988], [696313.391566265, 2570943.686746988], [696343.391566265, 2570943.686746988], [696343.391566265, 2570953.686746988], [696353.391566265, 2570953.686746988], [696353.391566265, 2570963.686746988], [696383.391566265, 2570963.686746988], [696383.391566265, 2570953.686746988], [696393.391566265, 2570953.686746988], [696393.391566265, 2570943.686746988], [696403.391566265, 2570943.686746988], [696403.391566265, 2570933.686746988], [696413.391566265, 2570933.686746988], [696413.391566265, 2570923.686746988], [696423.391566265, 2570923.686746988], [696423.391566265, 2570913.686746988], [696433.391566265, 2570913.686746988], [696433.391566265, 2570923.686746988], [696453.391566265, 2570923.686746988], [696453.391566265, 2570933.686746988], [696473.391566265, 2570933.686746988], [696473.391566265, 2570943.686746988], [696483.391566265, 2570943.686746988], [696483.391566265, 2570953.686746988], [696553.391566265, 2570953.686746988], [696553.391566265, 2570963.686746988], [696563.391566265, 2570963.686746988], [696563.391566265, 2570973.686746988], [696583.391566265, 2570973.686746988], [696583.391566265, 2570963.686746988], [696613.391566265, 2570963.686746988], [696613.391566265, 2570953.686746988], [696643.391566265, 2570953.686746988], [696643.391566265, 2570963.686746988], [696653.391566265, 2570963.686746988], [696653.391566265, 2571003.686746988], [696643.391566265, 2571003.686746988], [696643.391566265, 2571013.686746988], [696623.391566265, 2571013.686746988], [696623.391566265, 2571023.686746988], [696613.391566265, 2571023.686746988], [696613.391566265, 2571033.686746988], [696603.391566265, 2571033.686746988], [696603.391566265, 2571023.686746988], [696583.391566265, 2571023.686746988], [696583.391566265, 2571033.686746988], [696553.391566265, 2571033.686746988], [696553.391566265, 2571043.686746988], [696543.391566265, 2571043.686746988], [696543.391566265, 2571033.686746988], [696523.391566265, 2571033.686746988], [696523.391566265, 2571043.686746988], [696503.391566265, 2571043.686746988], [696503.391566265, 2571053.686746988], [696493.391566265, 2571053.686746988], [696493.391566265, 2571043.686746988], [696433.391566265, 2571043.686746988], [696433.391566265, 2571033.686746988], [696413.391566265, 2571033.686746988], [696413.391566265, 2571043.686746988], [696353.391566265, 2571043.686746988], [696353.391566265, 2571033.686746988], [696333.391566265, 2571033.686746988], [696333.391566265, 2571023.686746988], [696323.391566265, 2571023.686746988], [696323.391566265, 2571043.686746988], [696293.391566265, 2571043.686746988], [696293.391566265, 2571033.686746988], [696283.391566265, 2571033.686746988], [696283.391566265, 2571023.686746988], [696233.391566265, 2571023.686746988], [696233.391566265, 2571033.686746988], [696223.391566265, 2571033.686746988], [696223.391566265, 2571043.686746988], [696193.391566265, 2571043.686746988], [696193.391566265, 2571033.686746988], [696163.391566265, 2571033.686746988], [696163.391566265, 2571023.686746988], [696133.391566265, 2571023.686746988], [696133.391566265, 2571013.686746988], [696113.391566265, 2571013.686746988], [696113.391566265, 2571003.686746988], [696103.391566265, 2571003.686746988], [696103.391566265, 2570993.686746988], [696093.391566265, 2570993.686746988], [696093.391566265, 2570983.686746988], [696053.391566265, 2570983.686746988], [696053.391566265, 2570993.686746988], [695983.391566265, 2570993.686746988], [695983.391566265, 2570983.686746988], [695973.391566265, 2570983.686746988], [695973.391566265, 2570973.686746988], [695963.391566265, 2570973.686746988], [695963.391566265, 2570963.686746988], [695943.391566265, 2570963.686746988], [695943.391566265, 2570953.686746988], [695833.391566265, 2570953.686746988], [695833.391566265, 2570943.686746988], [695803.391566265, 2570943.686746988], [695803.391566265, 2570953.686746988], [695823.391566265, 2570953.686746988], [695823.391566265, 2570973.686746988], [695833.391566265, 2570973.686746988], [695833.391566265, 2570983.686746988], [695843.391566265, 2570983.686746988], [695843.391566265, 2570993.686746988], [695853.391566265, 2570993.686746988], [695853.391566265, 2571003.686746988], [695863.391566265, 2571003.686746988], [695863.391566265, 2571013.686746988], [695883.391566265, 2571013.686746988], [695883.391566265, 2571023.686746988], [695923.391566265, 2571023.686746988], [695923.391566265, 2571043.686746988], [695933.391566265, 2571043.686746988], [695933.391566265, 2571053.686746988], [695953.391566265, 2571053.686746988], [695953.391566265, 2571033.686746988], [695963.391566265, 2571033.686746988], [695963.391566265, 2571023.686746988], [695983.391566265, 2571023.686746988], [695983.391566265, 2571033.686746988], [695993.391566265, 2571033.686746988], [695993.391566265, 2571043.686746988], [696003.391566265, 2571043.686746988], [696003.391566265, 2571073.686746988], [696013.391566265, 2571073.686746988], [696013.391566265, 2571093.686746988], [696043.391566265, 2571093.686746988], [696043.391566265, 2571083.686746988], [696073.391566265, 2571083.686746988], [696073.391566265, 2571073.686746988], [696083.391566265, 2571073.686746988], [696083.391566265, 2571063.686746988], [696103.391566265, 2571063.686746988], [696103.391566265, 2571073.686746988], [696113.391566265, 2571073.686746988], [696113.391566265, 2571083.686746988], [696123.391566265, 2571083.686746988], [696123.391566265, 2571113.686746988], [696133.391566265, 2571113.686746988], [696133.391566265, 2571123.686746988], [696153.391566265, 2571123.686746988], [696153.391566265, 2571133.686746988], [696173.391566265, 2571133.686746988], [696173.391566265, 2571123.686746988], [696193.391566265, 2571123.686746988], [696193.391566265, 2571113.686746988], [696203.391566265, 2571113.686746988], [696203.391566265, 2571123.686746988], [696213.391566265, 2571123.686746988], [696213.391566265, 2571113.686746988], [696223.391566265, 2571113.686746988], [696223.391566265, 2571103.686746988], [696233.391566265, 2571103.686746988], [696233.391566265, 2571093.686746988], [696323.391566265, 2571093.686746988], [696323.391566265, 2571083.686746988], [696333.391566265, 2571083.686746988], [696333.391566265, 2571073.686746988], [696353.391566265, 2571073.686746988], [696353.391566265, 2571083.686746988], [696363.391566265, 2571083.686746988], [696363.391566265, 2571123.686746988], [696373.391566265, 2571123.686746988], [696373.391566265, 2571113.686746988], [696383.391566265, 2571113.686746988], [696383.391566265, 2571103.686746988], [696403.391566265, 2571103.686746988], [696403.391566265, 2571123.686746988], [696413.391566265, 2571123.686746988], [696413.391566265, 2571133.686746988], [696423.391566265, 2571133.686746988], [696423.391566265, 2571143.686746988], [696433.391566265, 2571143.686746988], [696433.391566265, 2571133.686746988], [696453.391566265, 2571133.686746988], [696453.391566265, 2571143.686746988], [696463.391566265, 2571143.686746988], [696463.391566265, 2571153.686746988], [696473.391566265, 2571153.686746988], [696473.391566265, 2571163.686746988], [696513.391566265, 2571163.686746988], [696513.391566265, 2571153.686746988], [696533.391566265, 2571153.686746988], [696533.391566265, 2571143.686746988], [696543.391566265, 2571143.686746988], [696543.391566265, 2571113.686746988], [696553.391566265, 2571113.686746988], [696553.391566265, 2571103.686746988], [696563.391566265, 2571103.686746988], [696563.391566265, 2571063.686746988], [696593.391566265, 2571063.686746988], [696593.391566265, 2571103.686746988], [696603.391566265, 2571103.686746988], [696603.391566265, 2571113.686746988], [696593.391566265, 2571113.686746988], [696593.391566265, 2571153.686746988], [696583.391566265, 2571153.686746988], [696583.391566265, 2571173.686746988], [696573.391566265, 2571173.686746988], [696573.391566265, 2571203.686746988], [696563.391566265, 2571203.686746988], [696563.391566265, 2571223.686746988], [696553.391566265, 2571223.686746988], [696553.391566265, 2571233.686746988], [696543.391566265, 2571233.686746988], [696543.391566265, 2571243.686746988], [696533.391566265, 2571243.686746988], [696533.391566265, 2571253.686746988], [696523.391566265, 2571253.686746988], [696523.391566265, 2571263.686746988], [696503.391566265, 2571263.686746988], [696503.391566265, 2571293.686746988], [696483.391566265, 2571293.686746988], [696483.391566265, 2571393.686746988], [696463.391566265, 2571393.686746988], [696463.391566265, 2571383.686746988], [696453.391566265, 2571383.686746988], [696453.391566265, 2571363.686746988], [696433.391566265, 2571363.686746988], [696433.391566265, 2571353.686746988], [696413.391566265, 2571353.686746988], [696413.391566265, 2571313.686746988], [696403.391566265, 2571313.686746988], [696403.391566265, 2571293.686746988], [696393.391566265, 2571293.686746988], [696393.391566265, 2571323.686746988], [696383.391566265, 2571323.686746988], [696383.391566265, 2571353.686746988], [696393.391566265, 2571353.686746988], [696393.391566265, 2571373.686746988], [696403.391566265, 2571373.686746988], [696403.391566265, 2571393.686746988], [696413.391566265, 2571393.686746988], [696413.391566265, 2571423.686746988], [696403.391566265, 2571423.686746988], [696403.391566265, 2571493.686746988], [696393.391566265, 2571493.686746988], [696393.391566265, 2571573.686746988], [696403.391566265, 2571573.686746988], [696403.391566265, 2571593.686746988], [696413.391566265, 2571593.686746988], [696413.391566265, 2571543.686746988], [696423.391566265, 2571543.686746988], [696423.391566265, 2571523.686746988], [696443.391566265, 2571523.686746988], [696443.391566265, 2571543.686746988], [696463.391566265, 2571543.686746988], [696463.391566265, 2571533.686746988], [696473.391566265, 2571533.686746988], [696473.391566265, 2571523.686746988], [696483.391566265, 2571523.686746988], [696483.391566265, 2571543.686746988], [696493.391566265, 2571543.686746988], [696493.391566265, 2571563.686746988], [696503.391566265, 2571563.686746988], [696503.391566265, 2571573.686746988], [696523.391566265, 2571573.686746988], [696523.391566265, 2571583.686746988], [696533.391566265, 2571583.686746988], [696533.391566265, 2571603.686746988], [696543.391566265, 2571603.686746988], [696543.391566265, 2571613.686746988], [696553.391566265, 2571613.686746988], [696553.391566265, 2571623.686746988], [696563.391566265, 2571623.686746988], [696563.391566265, 2571633.686746988], [696573.391566265, 2571633.686746988], [696573.391566265, 2571653.686746988], [696583.391566265, 2571653.686746988], [696583.391566265, 2571693.686746988], [696593.391566265, 2571693.686746988], [696593.391566265, 2571713.686746988], [696603.391566265, 2571713.686746988], [696603.391566265, 2571723.686746988], [696613.391566265, 2571723.686746988], [696613.391566265, 2571763.686746988], [696623.391566265, 2571763.686746988], [696623.391566265, 2571793.686746988], [696633.391566265, 2571793.686746988], [696633.391566265, 2571843.686746988], [696643.391566265, 2571843.686746988], [696643.391566265, 2571863.686746988], [696653.391566265, 2571863.686746988], [696653.391566265, 2571873.686746988], [696663.391566265, 2571873.686746988], [696663.391566265, 2571913.686746988], [696713.391566265, 2571913.686746988], [696713.391566265, 2571923.686746988], [696723.391566265, 2571923.686746988], [696723.391566265, 2571933.686746988], [696733.391566265, 2571933.686746988], [696733.391566265, 2571953.686746988], [696743.391566265, 2571953.686746988], [696743.391566265, 2571983.686746988], [696753.391566265, 2571983.686746988], [696753.391566265, 2572003.686746988], [696763.391566265, 2572003.686746988], [696763.391566265, 2572033.686746988], [696773.391566265, 2572033.686746988], [696773.391566265, 2572073.686746988], [696783.391566265, 2572073.686746988], [696783.391566265, 2572063.686746988], [696793.391566265, 2572063.686746988], [696793.391566265, 2572053.686746988], [696813.391566265, 2572053.686746988], [696813.391566265, 2572013.686746988], [696803.391566265, 2572013.686746988], [696803.391566265, 2571993.686746988], [696793.391566265, 2571993.686746988], [696793.391566265, 2571983.686746988], [696783.391566265, 2571983.686746988], [696783.391566265, 2571943.686746988], [696793.391566265, 2571943.686746988], [696793.391566265, 2571933.686746988], [696803.391566265, 2571933.686746988], [696803.391566265, 2571923.686746988], [696813.391566265, 2571923.686746988], [696813.391566265, 2571933.686746988], [696833.391566265, 2571933.686746988], [696833.391566265, 2571983.686746988], [696823.391566265, 2571983.686746988], [696823.391566265, 2572003.686746988], [696843.391566265, 2572003.686746988], [696843.391566265, 2572013.686746988], [696853.391566265, 2572013.686746988], [696853.391566265, 2572023.686746988], [696863.391566265, 2572023.686746988], [696863.391566265, 2572053.686746988], [696873.391566265, 2572053.686746988], [696873.391566265, 2572113.686746988], [696863.391566265, 2572113.686746988], [696863.391566265, 2572133.686746988], [696853.391566265, 2572133.686746988], [696853.391566265, 2572143.686746988], [696873.391566265, 2572143.686746988], [696873.391566265, 2572133.686746988], [696883.391566265, 2572133.686746988], [696883.391566265, 2572123.686746988], [696913.391566265, 2572123.686746988], [696913.391566265, 2572093.686746988], [696933.391566265, 2572093.686746988], [696933.391566265, 2572053.686746988], [696943.391566265, 2572053.686746988], [696943.391566265, 2572043.686746988], [696953.391566265, 2572043.686746988], [696953.391566265, 2572013.686746988], [696943.391566265, 2572013.686746988], [696943.391566265, 2571973.686746988], [696963.391566265, 2571973.686746988], [696963.391566265, 2571983.686746988], [696973.391566265, 2571983.686746988], [696973.391566265, 2571993.686746988], [696993.391566265, 2571993.686746988], [696993.391566265, 2572003.686746988], [697003.391566265, 2572003.686746988], [697003.391566265, 2572023.686746988], [696993.391566265, 2572023.686746988], [696993.391566265, 2572033.686746988], [697003.391566265, 2572033.686746988], [697003.391566265, 2572093.686746988], [696983.391566265, 2572093.686746988], [696983.391566265, 2572113.686746988], [696973.391566265, 2572113.686746988], [696973.391566265, 2572133.686746988], [696983.391566265, 2572133.686746988], [696983.391566265, 2572163.686746988], [696993.391566265, 2572163.686746988], [696993.391566265, 2572123.686746988], [697003.391566265, 2572123.686746988], [697003.391566265, 2572113.686746988], [697023.391566265, 2572113.686746988], [697023.391566265, 2572083.686746988], [697013.391566265, 2572083.686746988], [697013.391566265, 2572073.686746988], [697023.391566265, 2572073.686746988], [697023.391566265, 2572063.686746988], [697043.391566265, 2572063.686746988], [697043.391566265, 2572073.686746988], [697053.391566265, 2572073.686746988], [697053.391566265, 2572093.686746988], [697073.391566265, 2572093.686746988], [697073.391566265, 2572103.686746988], [697083.391566265, 2572103.686746988], [697083.391566265, 2572133.686746988], [697093.391566265, 2572133.686746988], [697093.391566265, 2572143.686746988], [697103.391566265, 2572143.686746988], [697103.391566265, 2572113.686746988], [697113.391566265, 2572113.686746988], [697113.391566265, 2572103.686746988], [697123.391566265, 2572103.686746988], [697123.391566265, 2572093.686746988], [697133.391566265, 2572093.686746988], [697133.391566265, 2572063.686746988], [697123.391566265, 2572063.686746988], [697123.391566265, 2572003.686746988], [697163.391566265, 2572003.686746988], [697163.391566265, 2572033.686746988], [697173.391566265, 2572033.686746988], [697173.391566265, 2572053.686746988], [697183.391566265, 2572053.686746988], [697183.391566265, 2572063.686746988], [697213.391566265, 2572063.686746988], [697213.391566265, 2572043.686746988], [697243.391566265, 2572043.686746988], [697243.391566265, 2572083.686746988], [697253.391566265, 2572083.686746988], [697253.391566265, 2572103.686746988], [697263.391566265, 2572103.686746988], [697263.391566265, 2572083.686746988], [697283.391566265, 2572083.686746988], [697283.391566265, 2572093.686746988], [697293.391566265, 2572093.686746988], [697293.391566265, 2572113.686746988], [697303.391566265, 2572113.686746988], [697303.391566265, 2572103.686746988], [697333.391566265, 2572103.686746988], [697333.391566265, 2572093.686746988], [697323.391566265, 2572093.686746988], [697323.391566265, 2572063.686746988], [697333.391566265, 2572063.686746988], [697333.391566265, 2572053.686746988], [697353.391566265, 2572053.686746988], [697353.391566265, 2572063.686746988], [697363.391566265, 2572063.686746988], [697363.391566265, 2572083.686746988], [697393.391566265, 2572083.686746988], [697393.391566265, 2572073.686746988], [697383.391566265, 2572073.686746988], [697383.391566265, 2572043.686746988], [697393.391566265, 2572043.686746988], [697393.391566265, 2572013.686746988], [697403.391566265, 2572013.686746988], [697403.391566265, 2571973.686746988], [697393.391566265, 2571973.686746988], [697393.391566265, 2571933.686746988], [697403.391566265, 2571933.686746988], [697403.391566265, 2571943.686746988], [697413.391566265, 2571943.686746988], [697413.391566265, 2571953.686746988], [697423.391566265, 2571953.686746988], [697423.391566265, 2571963.686746988], [697433.391566265, 2571963.686746988], [697433.391566265, 2571973.686746988], [697443.391566265, 2571973.686746988], [697443.391566265, 2572003.686746988], [697433.391566265, 2572003.686746988], [697433.391566265, 2572033.686746988], [697443.391566265, 2572033.686746988], [697443.391566265, 2572053.686746988], [697453.391566265, 2572053.686746988], [697453.391566265, 2572063.686746988], [697463.391566265, 2572063.686746988], [697463.391566265, 2572053.686746988], [697473.391566265, 2572053.686746988], [697473.391566265, 2572063.686746988], [697483.391566265, 2572063.686746988], [697483.391566265, 2572083.686746988], [697493.391566265, 2572083.686746988], [697493.391566265, 2572053.686746988], [697483.391566265, 2572053.686746988], [697483.391566265, 2572033.686746988], [697493.391566265, 2572033.686746988], [697493.391566265, 2572043.686746988], [697503.391566265, 2572043.686746988], [697503.391566265, 2572053.686746988], [697513.391566265, 2572053.686746988], [697513.391566265, 2572063.686746988], [697523.391566265, 2572063.686746988], [697523.391566265, 2572073.686746988], [697533.391566265, 2572073.686746988], [697533.391566265, 2572083.686746988], [697543.391566265, 2572083.686746988], [697543.391566265, 2572093.686746988], [697553.391566265, 2572093.686746988], [697553.391566265, 2572123.686746988], [697563.391566265, 2572123.686746988], [697563.391566265, 2572113.686746988], [697573.391566265, 2572113.686746988], [697573.391566265, 2572123.686746988], [697583.391566265, 2572123.686746988], [697583.391566265, 2572133.686746988], [697593.391566265, 2572133.686746988], [697593.391566265, 2572143.686746988], [697603.391566265, 2572143.686746988], [697603.391566265, 2572153.686746988], [697613.391566265, 2572153.686746988], [697613.391566265, 2572163.686746988], [697623.391566265, 2572163.686746988], [697623.391566265, 2572173.686746988], [697633.391566265, 2572173.686746988], [697633.391566265, 2572183.686746988], [697643.391566265, 2572183.686746988], [697643.391566265, 2572193.686746988], [697653.391566265, 2572193.686746988], [697653.391566265, 2572203.686746988], [697663.391566265, 2572203.686746988], [697663.391566265, 2572223.686746988], [697673.391566265, 2572223.686746988], [697673.391566265, 2572233.686746988], [697663.391566265, 2572233.686746988], [697663.391566265, 2572243.686746988], [697653.391566265, 2572243.686746988], [697653.391566265, 2572253.686746988], [697643.391566265, 2572253.686746988], [697643.391566265, 2572293.686746988], [697623.391566265, 2572293.686746988], [697623.391566265, 2572313.686746988], [697603.391566265, 2572313.686746988], [697603.391566265, 2572323.686746988], [697593.391566265, 2572323.686746988], [697593.391566265, 2572363.686746988], [697573.391566265, 2572363.686746988], [697573.391566265, 2572373.686746988], [697563.391566265, 2572373.686746988], [697563.391566265, 2572383.686746988], [697553.391566265, 2572383.686746988], [697553.391566265, 2572413.686746988], [697583.391566265, 2572413.686746988], [697583.391566265, 2572423.686746988], [697593.391566265, 2572423.686746988], [697593.391566265, 2572413.686746988], [697603.391566265, 2572413.686746988], [697603.391566265, 2572383.686746988], [697623.391566265, 2572383.686746988], [697623.391566265, 2572373.686746988], [697643.391566265, 2572373.686746988], [697643.391566265, 2572383.686746988], [697653.391566265, 2572383.686746988], [697653.391566265, 2572403.686746988], [697643.391566265, 2572403.686746988], [697643.391566265, 2572413.686746988], [697663.391566265, 2572413.686746988], [697663.391566265, 2572453.686746988], [697673.391566265, 2572453.686746988], [697673.391566265, 2572433.686746988], [697683.391566265, 2572433.686746988], [697683.391566265, 2572413.686746988], [697693.391566265, 2572413.686746988], [697693.391566265, 2572403.686746988], [697703.391566265, 2572403.686746988], [697703.391566265, 2572383.686746988], [697713.391566265, 2572383.686746988], [697713.391566265, 2572373.686746988], [697723.391566265, 2572373.686746988], [697723.391566265, 2572363.686746988], [697733.391566265, 2572363.686746988], [697733.391566265, 2572353.686746988], [697743.391566265, 2572353.686746988], [697743.391566265, 2572333.686746988], [697753.391566265, 2572333.686746988], [697753.391566265, 2572343.686746988], [697763.391566265, 2572343.686746988], [697763.391566265, 2572373.686746988], [697773.391566265, 2572373.686746988], [697773.391566265, 2572363.686746988], [697783.391566265, 2572363.686746988], [697783.391566265, 2572373.686746988], [697793.391566265, 2572373.686746988], [697793.391566265, 2572383.686746988], [697803.391566265, 2572383.686746988], [697803.391566265, 2572393.686746988], [697813.391566265, 2572393.686746988], [697813.391566265, 2572413.686746988], [697803.391566265, 2572413.686746988], [697803.391566265, 2572453.686746988], [697793.391566265, 2572453.686746988], [697793.391566265, 2572473.686746988], [697783.391566265, 2572473.686746988], [697783.391566265, 2572493.686746988], [697763.391566265, 2572493.686746988], [697763.391566265, 2572503.686746988], [697753.391566265, 2572503.686746988], [697753.391566265, 2572553.686746988], [697743.391566265, 2572553.686746988], [697743.391566265, 2572573.686746988], [697733.391566265, 2572573.686746988], [697733.391566265, 2572583.686746988], [697723.391566265, 2572583.686746988], [697723.391566265, 2572603.686746988], [697713.391566265, 2572603.686746988], [697713.391566265, 2572613.686746988], [697703.391566265, 2572613.686746988], [697703.391566265, 2572623.686746988], [697693.391566265, 2572623.686746988], [697693.391566265, 2572633.686746988], [697683.391566265, 2572633.686746988], [697683.391566265, 2572643.686746988], [697663.391566265, 2572643.686746988], [697663.391566265, 2572703.686746988], [697653.391566265, 2572703.686746988], [697653.391566265, 2572713.686746988], [697643.391566265, 2572713.686746988], [697643.391566265, 2572733.686746988], [697633.391566265, 2572733.686746988], [697633.391566265, 2572743.686746988], [697613.391566265, 2572743.686746988], [697613.391566265, 2572773.686746988], [697603.391566265, 2572773.686746988], [697603.391566265, 2572783.686746988], [697613.391566265, 2572783.686746988], [697613.391566265, 2572793.686746988], [697603.391566265, 2572793.686746988], [697603.391566265, 2572813.686746988], [697593.391566265, 2572813.686746988], [697593.391566265, 2572833.686746988], [697583.391566265, 2572833.686746988], [697583.391566265, 2572843.686746988], [697563.391566265, 2572843.686746988], [697563.391566265, 2572863.686746988], [697553.391566265, 2572863.686746988], [697553.391566265, 2572883.686746988], [697563.391566265, 2572883.686746988], [697563.391566265, 2572893.686746988], [697553.391566265, 2572893.686746988], [697553.391566265, 2572913.686746988], [697543.391566265, 2572913.686746988], [697543.391566265, 2572923.686746988], [697533.391566265, 2572923.686746988], [697533.391566265, 2572943.686746988], [697513.391566265, 2572943.686746988], [697513.391566265, 2572953.686746988], [697503.391566265, 2572953.686746988], [697503.391566265, 2573003.686746988], [697493.391566265, 2573003.686746988], [697493.391566265, 2573023.686746988], [697483.391566265, 2573023.686746988], [697483.391566265, 2573033.686746988], [697473.391566265, 2573033.686746988], [697473.391566265, 2573043.686746988], [697463.391566265, 2573043.686746988], [697463.391566265, 2573053.686746988], [697453.391566265, 2573053.686746988], [697453.391566265, 2573103.686746988], [697443.391566265, 2573103.686746988], [697443.391566265, 2573113.686746988], [697433.391566265, 2573113.686746988], [697433.391566265, 2573133.686746988], [697423.391566265, 2573133.686746988], [697423.391566265, 2573143.686746988], [697413.391566265, 2573143.686746988], [697413.391566265, 2573153.686746988], [697403.391566265, 2573153.686746988], [697403.391566265, 2573173.686746988], [697393.391566265, 2573173.686746988], [697393.391566265, 2573183.686746988], [697383.391566265, 2573183.686746988], [697383.391566265, 2573193.686746988], [697373.391566265, 2573193.686746988], [697373.391566265, 2573233.686746988], [697363.391566265, 2573233.686746988], [697363.391566265, 2573253.686746988], [697353.391566265, 2573253.686746988], [697353.391566265, 2573273.686746988], [697343.391566265, 2573273.686746988], [697343.391566265, 2573323.686746988], [697333.391566265, 2573323.686746988], [697333.391566265, 2573353.686746988], [697323.391566265, 2573353.686746988], [697323.391566265, 2573363.686746988], [697313.391566265, 2573363.686746988], [697313.391566265, 2573383.686746988], [697303.391566265, 2573383.686746988], [697303.391566265, 2573433.686746988], [697313.391566265, 2573433.686746988], [697313.391566265, 2573443.686746988], [697323.391566265, 2573443.686746988], [697323.391566265, 2573453.686746988], [697313.391566265, 2573453.686746988], [697313.391566265, 2573463.686746988], [697293.391566265, 2573463.686746988], [697293.391566265, 2573473.686746988], [697273.391566265, 2573473.686746988], [697273.391566265, 2573483.686746988], [697253.391566265, 2573483.686746988], [697253.391566265, 2573513.686746988], [697243.391566265, 2573513.686746988], [697243.391566265, 2573563.686746988], [697233.391566265, 2573563.686746988], [697233.391566265, 2573603.686746988], [697223.391566265, 2573603.686746988], [697223.391566265, 2573673.686746988], [697213.391566265, 2573673.686746988], [697213.391566265, 2573683.686746988], [697223.391566265, 2573683.686746988], [697223.391566265, 2573693.686746988], [697213.391566265, 2573693.686746988], [697213.391566265, 2573713.686746988], [697203.391566265, 2573713.686746988], [697203.391566265, 2573723.686746988], [697193.391566265, 2573723.686746988], [697193.391566265, 2573743.686746988], [697183.391566265, 2573743.686746988], [697183.391566265, 2573793.686746988], [697173.391566265, 2573793.686746988], [697173.391566265, 2573813.686746988], [697163.391566265, 2573813.686746988], [697163.391566265, 2573823.686746988], [697153.391566265, 2573823.686746988], [697153.391566265, 2573883.686746988], [697163.391566265, 2573883.686746988], [697163.391566265, 2573903.686746988], [697153.391566265, 2573903.686746988], [697153.391566265, 2573913.686746988], [697143.391566265, 2573913.686746988], [697143.391566265, 2573923.686746988], [697133.391566265, 2573923.686746988], [697133.391566265, 2573933.686746988], [697123.391566265, 2573933.686746988], [697123.391566265, 2573943.686746988], [697113.391566265, 2573943.686746988], [697113.391566265, 2573963.686746988], [697103.391566265, 2573963.686746988], [697103.391566265, 2574033.686746988], [697113.391566265, 2574033.686746988], [697113.391566265, 2574053.686746988], [697103.391566265, 2574053.686746988], [697103.391566265, 2574063.686746988], [697093.391566265, 2574063.686746988], [697093.391566265, 2574073.686746988], [697083.391566265, 2574073.686746988], [697083.391566265, 2574083.686746988], [697073.391566265, 2574083.686746988], [697073.391566265, 2574093.686746988], [697063.391566265, 2574093.686746988], [697063.391566265, 2574113.686746988], [697053.391566265, 2574113.686746988], [697053.391566265, 2574183.686746988], [697063.391566265, 2574183.686746988], [697063.391566265, 2574203.686746988], [697053.391566265, 2574203.686746988], [697053.391566265, 2574213.686746988], [697043.391566265, 2574213.686746988], [697043.391566265, 2574223.686746988], [697033.391566265, 2574223.686746988], [697033.391566265, 2574233.686746988], [697023.391566265, 2574233.686746988], [697023.391566265, 2574243.686746988], [697013.391566265, 2574243.686746988], [697013.391566265, 2574263.686746988], [697003.391566265, 2574263.686746988], [697003.391566265, 2574333.686746988], [697013.391566265, 2574333.686746988], [697013.391566265, 2574353.686746988], [697003.391566265, 2574353.686746988], [697003.391566265, 2574363.686746988], [696993.391566265, 2574363.686746988], [696993.391566265, 2574373.686746988], [696983.391566265, 2574373.686746988], [696983.391566265, 2574383.686746988], [696973.391566265, 2574383.686746988], [696973.391566265, 2574393.686746988], [696963.391566265, 2574393.686746988], [696963.391566265, 2574413.686746988], [696953.391566265, 2574413.686746988], [696953.391566265, 2574483.686746988], [696963.391566265, 2574483.686746988], [696963.391566265, 2574503.686746988], [696953.391566265, 2574503.686746988], [696953.391566265, 2574513.686746988], [696943.391566265, 2574513.686746988], [696943.391566265, 2574523.686746988], [696933.391566265, 2574523.686746988], [696933.391566265, 2574533.686746988], [696923.391566265, 2574533.686746988], [696923.391566265, 2574543.686746988], [696913.391566265, 2574543.686746988], [696913.391566265, 2574563.686746988], [696903.391566265, 2574563.686746988], [696903.391566265, 2574633.686746988], [696913.391566265, 2574633.686746988], [696913.391566265, 2574643.686746988], [696903.391566265, 2574643.686746988], [696903.391566265, 2574663.686746988], [696893.391566265, 2574663.686746988], [696893.391566265, 2574673.686746988], [696883.391566265, 2574673.686746988], [696883.391566265, 2574683.686746988], [696873.391566265, 2574683.686746988], [696873.391566265, 2574693.686746988], [696863.391566265, 2574693.686746988], [696863.391566265, 2574713.686746988], [696853.391566265, 2574713.686746988], [696853.391566265, 2574783.686746988], [696863.391566265, 2574783.686746988], [696863.391566265, 2574793.686746988], [696853.391566265, 2574793.686746988], [696853.391566265, 2574803.686746988], [696843.391566265, 2574803.686746988], [696843.391566265, 2574813.686746988], [696833.391566265, 2574813.686746988], [696833.391566265, 2574823.686746988], [696823.391566265, 2574823.686746988], [696823.391566265, 2574833.686746988], [696813.391566265, 2574833.686746988], [696813.391566265, 2574853.686746988], [696803.391566265, 2574853.686746988], [696803.391566265, 2574883.686746988], [696813.391566265, 2574883.686746988], [696813.391566265, 2574903.686746988], [696803.391566265, 2574903.686746988], [696803.391566265, 2574913.686746988], [696793.391566265, 2574913.686746988], [696793.391566265, 2574923.686746988], [696783.391566265, 2574923.686746988], [696783.391566265, 2574943.686746988], [696763.391566265, 2574943.686746988], [696763.391566265, 2574973.686746988], [696753.391566265, 2574973.686746988], [696753.391566265, 2575033.686746988], [696763.391566265, 2575033.686746988], [696763.391566265, 2575043.686746988], [696753.391566265, 2575043.686746988], [696753.391566265, 2575053.686746988], [696743.391566265, 2575053.686746988], [696743.391566265, 2575073.686746988], [696733.391566265, 2575073.686746988], [696733.391566265, 2575083.686746988], [696723.391566265, 2575083.686746988], [696723.391566265, 2575093.686746988], [696713.391566265, 2575093.686746988], [696713.391566265, 2575113.686746988], [696703.391566265, 2575113.686746988], [696703.391566265, 2575133.686746988], [696713.391566265, 2575133.686746988], [696713.391566265, 2575153.686746988], [696703.391566265, 2575153.686746988], [696703.391566265, 2575163.686746988], [696693.391566265, 2575163.686746988], [696693.391566265, 2575183.686746988], [696683.391566265, 2575183.686746988], [696683.391566265, 2575193.686746988], [696663.391566265, 2575193.686746988], [696663.391566265, 2575233.686746988], [696653.391566265, 2575233.686746988], [696653.391566265, 2575283.686746988], [696663.391566265, 2575283.686746988], [696663.391566265, 2575293.686746988], [696653.391566265, 2575293.686746988], [696653.391566265, 2575313.686746988], [696643.391566265, 2575313.686746988], [696643.391566265, 2575323.686746988], [696633.391566265, 2575323.686746988], [696633.391566265, 2575333.686746988], [696623.391566265, 2575333.686746988], [696623.391566265, 2575343.686746988], [696613.391566265, 2575343.686746988], [696613.391566265, 2575363.686746988], [696603.391566265, 2575363.686746988], [696603.391566265, 2575433.686746988], [696613.391566265, 2575433.686746988], [696613.391566265, 2575443.686746988], [696603.391566265, 2575443.686746988], [696603.391566265, 2575453.686746988], [696593.391566265, 2575453.686746988], [696593.391566265, 2575463.686746988], [696583.391566265, 2575463.686746988], [696583.391566265, 2575473.686746988], [696573.391566265, 2575473.686746988], [696573.391566265, 2575483.686746988], [696563.391566265, 2575483.686746988], [696563.391566265, 2575503.686746988], [696553.391566265, 2575503.686746988], [696553.391566265, 2575533.686746988], [696563.391566265, 2575533.686746988], [696563.391566265, 2575553.686746988], [696553.391566265, 2575553.686746988], [696553.391566265, 2575563.686746988], [696543.391566265, 2575563.686746988], [696543.391566265, 2575573.686746988], [696533.391566265, 2575573.686746988], [696533.391566265, 2575593.686746988], [696513.391566265, 2575593.686746988], [696513.391566265, 2575623.686746988], [696503.391566265, 2575623.686746988], [696503.391566265, 2575683.686746988], [696513.391566265, 2575683.686746988], [696513.391566265, 2575693.686746988], [696503.391566265, 2575693.686746988], [696503.391566265, 2575703.686746988], [696493.391566265, 2575703.686746988], [696493.391566265, 2575723.686746988], [696483.391566265, 2575723.686746988], [696483.391566265, 2575733.686746988], [696473.391566265, 2575733.686746988], [696473.391566265, 2575743.686746988], [696463.391566265, 2575743.686746988], [696463.391566265, 2575763.686746988], [696453.391566265, 2575763.686746988], [696453.391566265, 2575783.686746988], [696463.391566265, 2575783.686746988], [696463.391566265, 2575803.686746988], [696453.391566265, 2575803.686746988], [696453.391566265, 2575813.686746988], [696443.391566265, 2575813.686746988], [696443.391566265, 2575833.686746988], [696433.391566265, 2575833.686746988], [696433.391566265, 2575843.686746988], [696413.391566265, 2575843.686746988], [696413.391566265, 2575883.686746988], [696403.391566265, 2575883.686746988], [696403.391566265, 2575933.686746988], [696413.391566265, 2575933.686746988], [696413.391566265, 2575943.686746988], [696403.391566265, 2575943.686746988], [696403.391566265, 2575963.686746988], [696393.391566265, 2575963.686746988], [696393.391566265, 2575973.686746988], [696383.391566265, 2575973.686746988], [696383.391566265, 2575983.686746988], [696373.391566265, 2575983.686746988], [696373.391566265, 2575993.686746988], [696363.391566265, 2575993.686746988], [696363.391566265, 2576023.686746988], [696343.391566265, 2576023.686746988], [696343.391566265, 2576003.686746988], [696333.391566265, 2576003.686746988], [696333.391566265, 2575993.686746988], [696293.391566265, 2575993.686746988], [696293.391566265, 2575973.686746988], [696283.391566265, 2575973.686746988], [696283.391566265, 2575963.686746988], [696263.391566265, 2575963.686746988], [696263.391566265, 2575973.686746988], [696253.391566265, 2575973.686746988], [696253.391566265, 2575983.686746988], [696243.391566265, 2575983.686746988], [696243.391566265, 2576003.686746988], [696223.391566265, 2576003.686746988], [696223.391566265, 2576013.686746988], [696213.391566265, 2576013.686746988], [696213.391566265, 2576023.686746988], [696193.391566265, 2576023.686746988], [696193.391566265, 2576033.686746988], [696183.391566265, 2576033.686746988], [696183.391566265, 2576043.686746988], [696173.391566265, 2576043.686746988], [696173.391566265, 2576053.686746988], [696153.391566265, 2576053.686746988], [696153.391566265, 2576063.686746988], [696143.391566265, 2576063.686746988], [696143.391566265, 2576093.686746988], [696153.391566265, 2576093.686746988], [696153.391566265, 2576113.686746988], [696173.391566265, 2576113.686746988], [696173.391566265, 2576123.686746988], [696223.391566265, 2576123.686746988], [696223.391566265, 2576113.686746988], [696243.391566265, 2576113.686746988], [696243.391566265, 2576103.686746988], [696263.391566265, 2576103.686746988], [696263.391566265, 2576093.686746988], [696273.391566265, 2576093.686746988], [696273.391566265, 2576083.686746988], [696293.391566265, 2576083.686746988], [696293.391566265, 2576073.686746988], [696323.391566265, 2576073.686746988], [696323.391566265, 2576063.686746988], [696333.391566265, 2576063.686746988], [696333.391566265, 2576053.686746988], [696343.391566265, 2576053.686746988], [696343.391566265, 2576043.686746988], [696353.391566265, 2576043.686746988], [696353.391566265, 2576083.686746988], [696363.391566265, 2576083.686746988], [696363.391566265, 2576093.686746988], [696353.391566265, 2576093.686746988], [696353.391566265, 2576103.686746988], [696343.391566265, 2576103.686746988], [696343.391566265, 2576113.686746988], [696333.391566265, 2576113.686746988], [696333.391566265, 2576123.686746988], [696323.391566265, 2576123.686746988], [696323.391566265, 2576133.686746988], [696313.391566265, 2576133.686746988], [696313.391566265, 2576153.686746988], [696303.391566265, 2576153.686746988], [696303.391566265, 2576183.686746988], [696293.391566265, 2576183.686746988], [696293.391566265, 2576203.686746988], [696283.391566265, 2576203.686746988], [696283.391566265, 2576183.686746988], [696273.391566265, 2576183.686746988], [696273.391566265, 2576193.686746988], [696263.391566265, 2576193.686746988], [696263.391566265, 2576203.686746988], [696243.391566265, 2576203.686746988], [696243.391566265, 2576223.686746988], [696153.391566265, 2576223.686746988], [696153.391566265, 2576203.686746988], [696143.391566265, 2576203.686746988], [696143.391566265, 2576193.686746988], [696123.391566265, 2576193.686746988], [696123.391566265, 2576183.686746988], [696113.391566265, 2576183.686746988], [696113.391566265, 2576173.686746988], [696103.391566265, 2576173.686746988], [696103.391566265, 2576163.686746988], [696093.391566265, 2576163.686746988], [696093.391566265, 2576153.686746988], [696083.391566265, 2576153.686746988], [696083.391566265, 2576143.686746988], [696043.391566265, 2576143.686746988], [696043.391566265, 2576123.686746988], [696033.391566265, 2576123.686746988], [696033.391566265, 2576113.686746988], [696023.391566265, 2576113.686746988], [696023.391566265, 2576123.686746988], [696013.391566265, 2576123.686746988], [696013.391566265, 2576133.686746988], [695983.391566265, 2576133.686746988], [695983.391566265, 2576153.686746988], [695953.391566265, 2576153.686746988], [695953.391566265, 2576163.686746988], [695943.391566265, 2576163.686746988], [695943.391566265, 2576153.686746988], [695903.391566265, 2576153.686746988], [695903.391566265, 2576163.686746988], [695893.391566265, 2576163.686746988], [695893.391566265, 2576183.686746988], [695883.391566265, 2576183.686746988], [695883.391566265, 2576233.686746988], [695863.391566265, 2576233.686746988], [695863.391566265, 2576203.686746988], [695853.391566265, 2576203.686746988], [695853.391566265, 2576193.686746988], [695843.391566265, 2576193.686746988], [695843.391566265, 2576183.686746988], [695763.391566265, 2576183.686746988], [695763.391566265, 2576173.686746988], [695733.391566265, 2576173.686746988], [695733.391566265, 2576183.686746988], [695723.391566265, 2576183.686746988], [695723.391566265, 2576193.686746988], [695673.391566265, 2576193.686746988], [695673.391566265, 2576203.686746988], [695643.391566265, 2576203.686746988], [695643.391566265, 2576213.686746988], [695633.391566265, 2576213.686746988], [695633.391566265, 2576233.686746988], [695643.391566265, 2576233.686746988], [695643.391566265, 2576243.686746988], [695633.391566265, 2576243.686746988], [695633.391566265, 2576253.686746988], [695623.391566265, 2576253.686746988], [695623.391566265, 2576263.686746988], [695613.391566265, 2576263.686746988], [695613.391566265, 2576273.686746988], [695583.391566265, 2576273.686746988], [695583.391566265, 2576283.686746988], [695573.391566265, 2576283.686746988], [695573.391566265, 2576303.686746988], [695533.391566265, 2576303.686746988], [695533.391566265, 2576313.686746988], [695523.391566265, 2576313.686746988], [695523.391566265, 2576323.686746988], [695513.391566265, 2576323.686746988], [695513.391566265, 2576333.686746988], [695503.391566265, 2576333.686746988], [695503.391566265, 2576343.686746988], [695493.391566265, 2576343.686746988], [695493.391566265, 2576353.686746988], [695473.391566265, 2576353.686746988], [695473.391566265, 2576363.686746988], [695453.391566265, 2576363.686746988], [695453.391566265, 2576373.686746988], [695433.391566265, 2576373.686746988], [695433.391566265, 2576383.686746988], [695423.391566265, 2576383.686746988], [695423.391566265, 2576393.686746988], [695383.391566265, 2576393.686746988], [695383.391566265, 2576403.686746988], [695363.391566265, 2576403.686746988], [695363.391566265, 2576423.686746988], [695333.391566265, 2576423.686746988], [695333.391566265, 2576393.686746988], [695283.391566265, 2576393.686746988], [695283.391566265, 2576403.686746988], [695263.391566265, 2576403.686746988], [695263.391566265, 2576423.686746988], [695253.391566265, 2576423.686746988], [695253.391566265, 2576433.686746988], [695243.391566265, 2576433.686746988], [695243.391566265, 2576443.686746988], [695223.391566265, 2576443.686746988], [695223.391566265, 2576453.686746988], [695183.391566265, 2576453.686746988], [695183.391566265, 2576463.686746988], [695173.391566265, 2576463.686746988], [695173.391566265, 2576483.686746988], [695153.391566265, 2576483.686746988], [695153.391566265, 2576493.686746988], [695123.391566265, 2576493.686746988]], [[694363.391566265, 2574003.686746988], [694503.391566265, 2574003.686746988], [694503.391566265, 2573953.686746988], [694513.391566265, 2573953.686746988], [694513.391566265, 2573933.686746988], [694503.391566265, 2573933.686746988], [694503.391566265, 2573903.686746988], [694493.391566265, 2573903.686746988], [694493.391566265, 2573893.686746988], [694483.391566265, 2573893.686746988], [694483.391566265, 2573883.686746988], [694473.391566265, 2573883.686746988], [694473.391566265, 2573873.686746988], [694463.391566265, 2573873.686746988], [694463.391566265, 2573883.686746988], [694433.391566265, 2573883.686746988], [694433.391566265, 2573873.686746988], [694423.391566265, 2573873.686746988], [694423.391566265, 2573853.686746988], [694413.391566265, 2573853.686746988], [694413.391566265, 2573843.686746988], [694393.391566265, 2573843.686746988], [694393.391566265, 2573823.686746988], [694383.391566265, 2573823.686746988], [694383.391566265, 2573793.686746988], [694373.391566265, 2573793.686746988], [694373.391566265, 2573773.686746988], [694333.391566265, 2573773.686746988], [694333.391566265, 2573783.686746988], [694323.391566265, 2573783.686746988], [694323.391566265, 2573803.686746988], [694313.391566265, 2573803.686746988], [694313.391566265, 2573813.686746988], [694303.391566265, 2573813.686746988], [694303.391566265, 2573823.686746988], [694293.391566265, 2573823.686746988], [694293.391566265, 2573813.686746988], [694283.391566265, 2573813.686746988], [694283.391566265, 2573793.686746988], [694293.391566265, 2573793.686746988], [694293.391566265, 2573783.686746988], [694283.391566265, 2573783.686746988], [694283.391566265, 2573743.686746988], [694273.391566265, 2573743.686746988], [694273.391566265, 2573733.686746988], [694263.391566265, 2573733.686746988], [694263.391566265, 2573723.686746988], [694253.391566265, 2573723.686746988], [694253.391566265, 2573733.686746988], [694213.391566265, 2573733.686746988], [694213.391566265, 2573703.686746988], [694203.391566265, 2573703.686746988], [694203.391566265, 2573693.686746988], [694193.391566265, 2573693.686746988], [694193.391566265, 2573683.686746988], [694183.391566265, 2573683.686746988], [694183.391566265, 2573673.686746988], [694173.391566265, 2573673.686746988], [694173.391566265, 2573663.686746988], [694163.391566265, 2573663.686746988], [694163.391566265, 2573653.686746988], [694143.391566265, 2573653.686746988], [694143.391566265, 2573643.686746988], [694093.391566265, 2573643.686746988], [694093.391566265, 2573673.686746988], [694083.391566265, 2573673.686746988], [694083.391566265, 2573683.686746988], [694053.391566265, 2573683.686746988], [694053.391566265, 2573653.686746988], [694043.391566265, 2573653.686746988], [694043.391566265, 2573633.686746988], [694023.391566265, 2573633.686746988], [694023.391566265, 2573623.686746988], [694013.391566265, 2573623.686746988], [694013.391566265, 2573613.686746988], [694003.391566265, 2573613.686746988], [694003.391566265, 2573623.686746988], [693993.391566265, 2573623.686746988], [693993.391566265, 2573633.686746988], [693983.391566265, 2573633.686746988], [693983.391566265, 2573653.686746988], [693963.391566265, 2573653.686746988], [693963.391566265, 2573643.686746988], [693953.391566265, 2573643.686746988], [693953.391566265, 2573633.686746988], [693943.391566265, 2573633.686746988], [693943.391566265, 2573643.686746988], [693923.391566265, 2573643.686746988], [693923.391566265, 2573633.686746988], [693913.391566265, 2573633.686746988], [693913.391566265, 2573603.686746988], [693903.391566265, 2573603.686746988], [693903.391566265, 2573543.686746988], [693863.391566265, 2573543.686746988], [693863.391566265, 2573533.686746988], [693853.391566265, 2573533.686746988], [693853.391566265, 2573503.686746988], [693843.391566265, 2573503.686746988], [693843.391566265, 2573493.686746988], [693823.391566265, 2573493.686746988], [693823.391566265, 2573463.686746988], [693813.391566265, 2573463.686746988], [693813.391566265, 2573473.686746988], [693783.391566265, 2573473.686746988], [693783.391566265, 2573463.686746988], [693773.391566265, 2573463.686746988], [693773.391566265, 2573423.686746988], [693753.391566265, 2573423.686746988], [693753.391566265, 2573413.686746988], [693743.391566265, 2573413.686746988], [693743.391566265, 2573383.686746988], [693733.391566265, 2573383.686746988], [693733.391566265, 2573373.686746988], [693723.391566265, 2573373.686746988], [693723.391566265, 2573383.686746988], [693703.391566265, 2573383.686746988], [693703.391566265, 2573393.686746988], [693693.391566265, 2573393.686746988], [693693.391566265, 2573413.686746988], [693703.391566265, 2573413.686746988], [693703.391566265, 2573423.686746988], [693713.391566265, 2573423.686746988], [693713.391566265, 2573433.686746988], [693723.391566265, 2573433.686746988], [693723.391566265, 2573443.686746988], [693733.391566265, 2573443.686746988], [693733.391566265, 2573453.686746988], [693703.391566265, 2573453.686746988], [693703.391566265, 2573443.686746988], [693693.391566265, 2573443.686746988], [693693.391566265, 2573433.686746988], [693683.391566265, 2573433.686746988], [693683.391566265, 2573503.686746988], [693673.391566265, 2573503.686746988], [693673.391566265, 2573533.686746988], [693663.391566265, 2573533.686746988], [693663.391566265, 2573543.686746988], [693673.391566265, 2573543.686746988], [693673.391566265, 2573553.686746988], [693683.391566265, 2573553.686746988], [693683.391566265, 2573563.686746988], [693693.391566265, 2573563.686746988], [693693.391566265, 2573573.686746988], [693713.391566265, 2573573.686746988], [693713.391566265, 2573623.686746988], [693723.391566265, 2573623.686746988], [693723.391566265, 2573633.686746988], [693733.391566265, 2573633.686746988], [693733.391566265, 2573643.686746988], [693743.391566265, 2573643.686746988], [693743.391566265, 2573683.686746988], [693753.391566265, 2573683.686746988], [693753.391566265, 2573693.686746988], [693763.391566265, 2573693.686746988], [693763.391566265, 2573703.686746988], [693773.391566265, 2573703.686746988], [693773.391566265, 2573713.686746988], [693783.391566265, 2573713.686746988], [693783.391566265, 2573733.686746988], [693793.391566265, 2573733.686746988], [693793.391566265, 2573763.686746988], [693803.391566265, 2573763.686746988], [693803.391566265, 2573803.686746988], [693813.391566265, 2573803.686746988], [693813.391566265, 2573843.686746988], [693823.391566265, 2573843.686746988], [693823.391566265, 2573853.686746988], [693833.391566265, 2573853.686746988], [693833.391566265, 2573873.686746988], [693843.391566265, 2573873.686746988], [693843.391566265, 2573883.686746988], [693853.391566265, 2573883.686746988], [693853.391566265, 2573893.686746988], [693863.391566265, 2573893.686746988], [693863.391566265, 2573913.686746988], [693883.391566265, 2573913.686746988], [693883.391566265, 2573923.686746988], [693993.391566265, 2573923.686746988], [693993.391566265, 2573933.686746988], [694053.391566265, 2573933.686746988], [694053.391566265, 2573943.686746988], [694063.391566265, 2573943.686746988], [694063.391566265, 2573933.686746988], [694123.391566265, 2573933.686746988], [694123.391566265, 2573943.686746988], [694173.391566265, 2573943.686746988], [694173.391566265, 2573953.686746988], [694203.391566265, 2573953.686746988], [694203.391566265, 2573963.686746988], [694243.391566265, 2573963.686746988], [694243.391566265, 2573973.686746988], [694283.391566265, 2573973.686746988], [694283.391566265, 2573983.686746988], [694323.391566265, 2573983.686746988], [694323.391566265, 2573993.686746988], [694363.391566265, 2573993.686746988], [694363.391566265, 2574003.686746988]], [[692503.391566265, 2573963.686746988], [692543.391566265, 2573963.686746988], [692543.391566265, 2573953.686746988], [692563.391566265, 2573953.686746988], [692563.391566265, 2573943.686746988], [692593.391566265, 2573943.686746988], [692593.391566265, 2573933.686746988], [692613.391566265, 2573933.686746988], [692613.391566265, 2573923.686746988], [692633.391566265, 2573923.686746988], [692633.391566265, 2573913.686746988], [692643.391566265, 2573913.686746988], [692643.391566265, 2573893.686746988], [692623.391566265, 2573893.686746988], [692623.391566265, 2573883.686746988], [692613.391566265, 2573883.686746988], [692613.391566265, 2573873.686746988], [692583.391566265, 2573873.686746988], [692583.391566265, 2573823.686746988], [692573.391566265, 2573823.686746988], [692573.391566265, 2573813.686746988], [692563.391566265, 2573813.686746988], [692563.391566265, 2573803.686746988], [692553.391566265, 2573803.686746988], [692553.391566265, 2573783.686746988], [692543.391566265, 2573783.686746988], [692543.391566265, 2573763.686746988], [692533.391566265, 2573763.686746988], [692533.391566265, 2573753.686746988], [692523.391566265, 2573753.686746988], [692523.391566265, 2573743.686746988], [692513.391566265, 2573743.686746988], [692513.391566265, 2573733.686746988], [692463.391566265, 2573733.686746988], [692463.391566265, 2573723.686746988], [692433.391566265, 2573723.686746988], [692433.391566265, 2573713.686746988], [692423.391566265, 2573713.686746988], [692423.391566265, 2573733.686746988], [692413.391566265, 2573733.686746988], [692413.391566265, 2573753.686746988], [692403.391566265, 2573753.686746988], [692403.391566265, 2573763.686746988], [692413.391566265, 2573763.686746988], [692413.391566265, 2573783.686746988], [692423.391566265, 2573783.686746988], [692423.391566265, 2573803.686746988], [692433.391566265, 2573803.686746988], [692433.391566265, 2573823.686746988], [692453.391566265, 2573823.686746988], [692453.391566265, 2573843.686746988], [692443.391566265, 2573843.686746988], [692443.391566265, 2573853.686746988], [692453.391566265, 2573853.686746988], [692453.391566265, 2573913.686746988], [692463.391566265, 2573913.686746988], [692463.391566265, 2573933.686746988], [692473.391566265, 2573933.686746988], [692473.391566265, 2573943.686746988], [692483.391566265, 2573943.686746988], [692483.391566265, 2573953.686746988], [692503.391566265, 2573953.686746988], [692503.391566265, 2573963.686746988]], [[696383.391566265, 2569843.686746988], [696423.391566265, 2569843.686746988], [696423.391566265, 2569833.686746988], [696433.391566265, 2569833.686746988], [696433.391566265, 2569803.686746988], [696453.391566265, 2569803.686746988], [696453.391566265, 2569813.686746988], [696463.391566265, 2569813.686746988], [696463.391566265, 2569743.686746988], [696473.391566265, 2569743.686746988], [696473.391566265, 2569753.686746988], [696493.391566265, 2569753.686746988], [696493.391566265, 2569763.686746988], [696503.391566265, 2569763.686746988], [696503.391566265, 2569773.686746988], [696513.391566265, 2569773.686746988], [696513.391566265, 2569733.686746988], [696493.391566265, 2569733.686746988], [696493.391566265, 2569713.686746988], [696483.391566265, 2569713.686746988], [696483.391566265, 2569693.686746988], [696473.391566265, 2569693.686746988], [696473.391566265, 2569653.686746988], [696453.391566265, 2569653.686746988], [696453.391566265, 2569643.686746988], [696443.391566265, 2569643.686746988], [696443.391566265, 2569633.686746988], [696413.391566265, 2569633.686746988], [696413.391566265, 2569603.686746988], [696403.391566265, 2569603.686746988], [696403.391566265, 2569583.686746988], [696423.391566265, 2569583.686746988], [696423.391566265, 2569573.686746988], [696443.391566265, 2569573.686746988], [696443.391566265, 2569563.686746988], [696463.391566265, 2569563.686746988], [696463.391566265, 2569573.686746988], [696473.391566265, 2569573.686746988], [696473.391566265, 2569583.686746988], [696463.391566265, 2569583.686746988], [696463.391566265, 2569593.686746988], [696473.391566265, 2569593.686746988], [696473.391566265, 2569603.686746988], [696493.391566265, 2569603.686746988], [696493.391566265, 2569613.686746988], [696513.391566265, 2569613.686746988], [696513.391566265, 2569623.686746988], [696533.391566265, 2569623.686746988], [696533.391566265, 2569613.686746988], [696553.391566265, 2569613.686746988], [696553.391566265, 2569593.686746988], [696563.391566265, 2569593.686746988], [696563.391566265, 2569583.686746988], [696573.391566265, 2569583.686746988], [696573.391566265, 2569603.686746988], [696583.391566265, 2569603.686746988], [696583.391566265, 2569613.686746988], [696593.391566265, 2569613.686746988], [696593.391566265, 2569623.686746988], [696603.391566265, 2569623.686746988], [696603.391566265, 2569633.686746988], [696613.391566265, 2569633.686746988], [696613.391566265, 2569653.686746988], [696633.391566265, 2569653.686746988], [696633.391566265, 2569673.686746988], [696623.391566265, 2569673.686746988], [696623.391566265, 2569703.686746988], [696633.391566265, 2569703.686746988], [696633.391566265, 2569723.686746988], [696643.391566265, 2569723.686746988], [696643.391566265, 2569713.686746988], [696653.391566265, 2569713.686746988], [696653.391566265, 2569693.686746988], [696663.391566265, 2569693.686746988], [696663.391566265, 2569653.686746988], [696673.391566265, 2569653.686746988], [696673.391566265, 2569643.686746988], [696663.391566265, 2569643.686746988], [696663.391566265, 2569633.686746988], [696633.391566265, 2569633.686746988], [696633.391566265, 2569623.686746988], [696623.391566265, 2569623.686746988], [696623.391566265, 2569603.686746988], [696603.391566265, 2569603.686746988], [696603.391566265, 2569593.686746988], [696593.391566265, 2569593.686746988], [696593.391566265, 2569563.686746988], [696563.391566265, 2569563.686746988], [696563.391566265, 2569533.686746988], [696533.391566265, 2569533.686746988], [696533.391566265, 2569483.686746988], [696543.391566265, 2569483.686746988], [696543.391566265, 2569473.686746988], [696553.391566265, 2569473.686746988], [696553.391566265, 2569433.686746988], [696523.391566265, 2569433.686746988], [696523.391566265, 2569503.686746988], [696513.391566265, 2569503.686746988], [696513.391566265, 2569493.686746988], [696503.391566265, 2569493.686746988], [696503.391566265, 2569463.686746988], [696493.391566265, 2569463.686746988], [696493.391566265, 2569453.686746988], [696483.391566265, 2569453.686746988], [696483.391566265, 2569463.686746988], [696433.391566265, 2569463.686746988], [696433.391566265, 2569453.686746988], [696423.391566265, 2569453.686746988], [696423.391566265, 2569463.686746988], [696413.391566265, 2569463.686746988], [696413.391566265, 2569483.686746988], [696403.391566265, 2569483.686746988], [696403.391566265, 2569523.686746988], [696393.391566265, 2569523.686746988], [696393.391566265, 2569543.686746988], [696383.391566265, 2569543.686746988], [696383.391566265, 2569583.686746988], [696393.391566265, 2569583.686746988], [696393.391566265, 2569673.686746988], [696383.391566265, 2569673.686746988], [696383.391566265, 2569683.686746988], [696393.391566265, 2569683.686746988], [696393.391566265, 2569703.686746988], [696403.391566265, 2569703.686746988], [696403.391566265, 2569753.686746988], [696393.391566265, 2569753.686746988], [696393.391566265, 2569783.686746988], [696403.391566265, 2569783.686746988], [696403.391566265, 2569803.686746988], [696393.391566265, 2569803.686746988], [696393.391566265, 2569813.686746988], [696383.391566265, 2569813.686746988], [696383.391566265, 2569843.686746988]], [[696713.391566265, 2569823.686746988], [696723.391566265, 2569823.686746988], [696723.391566265, 2569813.686746988], [696733.391566265, 2569813.686746988], [696733.391566265, 2569703.686746988], [696753.391566265, 2569703.686746988], [696753.391566265, 2569713.686746988], [696773.391566265, 2569713.686746988], [696773.391566265, 2569733.686746988], [696783.391566265, 2569733.686746988], [696783.391566265, 2569743.686746988], [696793.391566265, 2569743.686746988], [696793.391566265, 2569753.686746988], [696803.391566265, 2569753.686746988], [696803.391566265, 2569763.686746988], [696813.391566265, 2569763.686746988], [696813.391566265, 2569753.686746988], [696823.391566265, 2569753.686746988], [696823.391566265, 2569713.686746988], [696833.391566265, 2569713.686746988], [696833.391566265, 2569703.686746988], [696843.391566265, 2569703.686746988], [696843.391566265, 2569713.686746988], [696853.391566265, 2569713.686746988], [696853.391566265, 2569683.686746988], [696843.391566265, 2569683.686746988], [696843.391566265, 2569653.686746988], [696823.391566265, 2569653.686746988], [696823.391566265, 2569643.686746988], [696813.391566265, 2569643.686746988], [696813.391566265, 2569633.686746988], [696803.391566265, 2569633.686746988], [696803.391566265, 2569623.686746988], [696793.391566265, 2569623.686746988], [696793.391566265, 2569653.686746988], [696783.391566265, 2569653.686746988], [696783.391566265, 2569683.686746988], [696753.391566265, 2569683.686746988], [696753.391566265, 2569653.686746988], [696723.391566265, 2569653.686746988], [696723.391566265, 2569663.686746988], [696713.391566265, 2569663.686746988], [696713.391566265, 2569713.686746988], [696703.391566265, 2569713.686746988], [696703.391566265, 2569723.686746988], [696693.391566265, 2569723.686746988], [696693.391566265, 2569713.686746988], [696683.391566265, 2569713.686746988], [696683.391566265, 2569733.686746988], [696663.391566265, 2569733.686746988], [696663.391566265, 2569753.686746988], [696673.391566265, 2569753.686746988], [696673.391566265, 2569763.686746988], [696683.391566265, 2569763.686746988], [696683.391566265, 2569773.686746988], [696703.391566265, 2569773.686746988], [696703.391566265, 2569793.686746988], [696713.391566265, 2569793.686746988], [696713.391566265, 2569823.686746988]]]}}, {"type": "Feature", "properties": {"v": 1}, "geometry": {"type": "Polygon", "coordinates": [[[695523.391566265, 2567663.686746988], [695523.391566265, 2567653.686746988], [695513.391566265, 2567653.686746988], [695513.391566265, 2567643.686746988], [695503.391566265, 2567643.686746988], [695503.391566265, 2567633.686746988], [695493.391566265, 2567633.686746988], [695493.391566265, 2567623.686746988], [695483.391566265, 2567623.686746988], [695483.391566265, 2567603.686746988], [695493.391566265, 2567603.686746988], [695493.391566265, 2567593.686746988], [695503.391566265, 2567593.686746988], [695503.391566265, 2567573.686746988], [695523.391566265, 2567573.686746988], [695523.391566265, 2567563.686746988], [695533.391566265, 2567563.686746988], [695533.391566265, 2567583.686746988], [695523.391566265, 2567583.686746988], [695523.391566265, 2567623.686746988], [695583.391566265, 2567623.686746988], [695583.391566265, 2567633.686746988], [695643.391566265, 2567633.686746988], [695643.391566265, 2567643.686746988], [695653.391566265, 2567643.686746988], [695653.391566265, 2567633.686746988], [695663.391566265, 2567633.686746988], [695663.391566265, 2567623.686746988], [695703.391566265, 2567623.686746988], [695703.391566265, 2567633.686746988], [695713.391566265, 2567633.686746988], [695713.391566265, 2567643.686746988], [695723.391566265, 2567643.686746988], [695723.391566265, 2567653.686746988], [695773.391566265, 2567653.686746988], [695773.391566265, 2567643.686746988], [695803.391566265, 2567643.686746988], [695803.391566265, 2567663.686746988], [695523.391566265, 2567663.686746988]]]}}, {"type": "Feature", "properties": {"v": 1}, "geometry": {"type": "Polygon", "coordinates": [[[695393.391566265, 2567643.686746988], [695393.391566265, 2567633.686746988], [695343.391566265, 2567633.686746988], [695343.391566265, 2567623.686746988], [695293.391566265, 2567623.686746988], [695293.391566265, 2567613.686746988], [695253.391566265, 2567613.686746988], [695253.391566265, 2567603.686746988], [695203.391566265, 2567603.686746988], [695203.391566265, 2567593.686746988], [695173.391566265, 2567593.686746988], [695173.391566265, 2567583.686746988], [695123.391566265, 2567583.686746988], [695123.391566265, 2567573.686746988], [695073.391566265, 2567573.686746988], [695073.391566265, 2567563.686746988], [695043.391566265, 2567563.686746988], [695043.391566265, 2567553.686746988], [695003.391566265, 2567553.686746988], [695003.391566265, 2567543.686746988], [694953.391566265, 2567543.686746988], [694953.391566265, 2567533.686746988], [694943.391566265, 2567533.686746988], [694943.391566265, 2567523.686746988], [694933.391566265, 2567523.686746988], [694933.391566265, 2567513.686746988], [694973.391566265, 2567513.686746988], [694973.391566265, 2567523.686746988], [695013.391566265, 2567523.686746988], [695013.391566265, 2567533.686746988], [695083.391566265, 2567533.686746988], [695083.391566265, 2567523.686746988], [695123.391566265, 2567523.686746988], [695123.391566265, 2567533.686746988], [695203.391566265, 2567533.686746988], [695203.391566265, 2567543.686746988], [695223.391566265, 2567543.686746988], [695223.391566265, 2567553.686746988], [695243.391566265, 2567553.686746988], [695243.391566265, 2567563.686746988], [695263.391566265, 2567563.686746988], [695263.391566265, 2567573.686746988], [695243.391566265, 2567573.686746988], [695243.391566265, 2567583.686746988], [695273.391566265, 2567583.686746988], [695273.391566265, 2567593.686746988], [695283.391566265, 2567593.686746988], [695283.391566265, 2567573.686746988], [695353.391566265, 2567573.686746988], [695353.391566265, 2567583.686746988], [695413.391566265, 2567583.686746988], [695413.391566265, 2567593.686746988], [695443.391566265, 2567593.686746988], [695443.391566265, 2567603.686746988], [695453.391566265, 2567603.686746988], [695453.391566265, 2567633.686746988], [695443.391566265, 2567633.686746988], [695443.391566265, 2567643.686746988], [695393.391566265, 2567643.686746988]]]}}, {"type": "Feature", "properties": {"v": 1}, "geometry": {"type": "Polygon", "coordinates": [[[695943.391566265, 2567683.686746988], [695943.391566265, 2567673.686746988], [695913.391566265, 2567673.686746988], [695913.391566265, 2567663.686746988], [695873.391566265, 2567663.686746988], [695873.391566265, 2567643.686746988], [695863.391566265, 2567643.686746988], [695863.391566265, 2567633.686746988], [695843.391566265, 2567633.686746988], [695843.391566265, 2567643.686746988], [695833.391566265, 2567643.686746988], [695833.391566265, 2567633.686746988], [695813.391566265, 2567633.686746988], [695813.391566265, 2567623.686746988], [695803.391566265, 2567623.686746988], [695803.391566265, 2567553.686746988], [695813.391566265, 2567553.686746988], [695813.391566265, 2567543.686746988], [695823.391566265, 2567543.686746988], [695823.391566265, 2567533.686746988], [695833.391566265, 2567533.686746988], [695833.391566265, 2567523.686746988], [695843.391566265, 2567523.686746988], [695843.391566265, 2567513.686746988], [695863.391566265, 2567513.686746988], [695863.391566265, 2567503.686746988], [695873.391566265, 2567503.686746988], [695873.391566265, 2567493.686746988], [695903.391566265, 2567493.686746988], [695903.391566265, 2567483.686746988], [695923.391566265, 2567483.686746988], [695923.391566265, 2567473.686746988], [695953.391566265, 2567473.686746988], [695953.391566265, 2567463.686746988], [695973.391566265, 2567463.686746988], [695973.391566265, 2567453.686746988], [695983.391566265, 2567453.686746988], [695983.391566265, 2567443.686746988], [696033.391566265, 2567443.686746988], [696033.391566265, 2567433.686746988], [696043.391566265, 2567433.686746988], [696043.391566265, 2567423.686746988], [696063.391566265, 2567423.686746988], [696063.391566265, 2567453.686746988], [696053.391566265, 2567453.686746988], [696053.391566265, 2567473.686746988], [696063.391566265, 2567473.686746988], [696063.391566265, 2567493.686746988], [696043.391566265, 2567493.686746988], [696043.391566265, 2567503.686746988], [696033.391566265, 2567503.686746988], [696033.391566265, 2567513.686746988], [696043.391566265, 2567513.686746988], [696043.391566265, 2567523.686746988], [696053.391566265, 2567523.686746988], [696053.391566265, 2567543.686746988], [696063.391566265, 2567543.686746988], [696063.391566265, 2567583.686746988], [696043.391566265, 2567583.686746988], [696043.391566265, 2567593.686746988], [696033.391566265, 2567593.686746988], [696033.391566265, 2567603.686746988], [696023.391566265, 2567603.686746988], [696023.391566265, 2567613.686746988], [696013.391566265, 2567613.686746988], [696013.391566265, 2567623.686746988], [696003.391566265, 2567623.686746988], [696003.391566265, 2567633.686746988], [695993.391566265, 2567633.686746988], [695993.391566265, 2567653.686746988], [695963.391566265, 2567653.686746988], [695963.391566265, 2567643.686746988], [695953.391566265, 2567643.686746988], [695953.391566265, 2567623.686746988], [695933.391566265, 2567623.686746988], [695933.391566265, 2567613.686746988], [695923.391566265, 2567613.686746988], [695923.391566265, 2567593.686746988], [695903.391566265, 2567593.686746988], [695903.391566265, 2567603.686746988], [695893.391566265, 2567603.686746988], [695893.391566265, 2567623.686746988], [695903.391566265, 2567623.686746988], [695903.391566265, 2567633.686746988], [695913.391566265, 2567633.686746988], [695913.391566265, 2567643.686746988], [695933.391566265, 2567643.686746988], [695933.391566265, 2567653.686746988], [695953.391566265, 2567653.686746988], [695953.391566265, 2567663.686746988], [695963.391566265, 2567663.686746988], [695963.391566265, 2567683.686746988], [695943.391566265, 2567683.686746988]]]}}, {"type": "Feature", "properties": {"v": 1}, "geometry": {"type": "Polygon", "coordinates": [[[694563.391566265, 2567513.686746988], [694563.391566265, 2567493.686746988], [694593.391566265, 2567493.686746988], [694593.391566265, 2567433.686746988], [694603.391566265, 2567433.686746988], [694603.391566265, 2567423.686746988], [694613.391566265, 2567423.686746988], [694613.391566265, 2567433.686746988], [694623.391566265, 2567433.686746988], [694623.391566265, 2567443.686746988], [694613.391566265, 2567443.686746988], [694613.391566265, 2567473.686746988], [694633.391566265, 2567473.686746988], [694633.391566265, 2567483.686746988], [694663.391566265, 2567483.686746988], [694663.391566265, 2567473.686746988], [694683.391566265, 2567473.686746988], [694683.391566265, 2567483.686746988], [694713.391566265, 2567483.686746988], [694713.391566265, 2567473.686746988], [694743.391566265, 2567473.686746988], [694743.391566265, 2567483.686746988], [694773.391566265, 2567483.686746988], [694773.391566265, 2567473.686746988], [694813.391566265, 2567473.686746988], [694813.391566265, 2567483.686746988], [694893.391566265, 2567483.686746988], [694893.391566265, 2567493.686746988], [694883.391566265, 2567493.686746988], [694883.391566265, 2567503.686746988], [694843.391566265, 2567503.686746988], [694843.391566265, 2567513.686746988], [694563.391566265, 2567513.686746988]]]}}, {"type": "Feature", "properties": {"v": 1}, "geometry": {"type": "Polygon", "coordinates": [[[695533.391566265, 2567563.686746988], [695533.391566265, 2567503.686746988], [695543.391566265, 2567503.686746988], [695543.391566265, 2567493.686746988], [695553.391566265, 2567493.686746988], [695553.391566265, 2567483.686746988], [695563.391566265, 2567483.686746988], [695563.391566265, 2567473.686746988], [695573.391566265, 2567473.686746988], [695573.391566265, 2567463.686746988], [695583.391566265, 2567463.686746988], [695583.391566265, 2567453.686746988], [695593.391566265, 2567453.686746988], [695593.391566265, 2567443.686746988], [695603.391566265, 2567443.686746988], [695603.391566265, 2567433.686746988], [695613.391566265, 2567433.686746988], [695613.391566265, 2567423.686746988], [695623.391566265, 2567423.686746988], [695623.391566265, 2567413.686746988], [695633.391566265, 2567413.686746988], [695633.391566265, 2567403.686746988], [695653.391566265, 2567403.686746988], [695653.391566265, 2567383.686746988], [695693.391566265, 2567383.686746988], [695693.391566265, 2567373.686746988], [695703.391566265, 2567373.686746988], [695703.391566265, 2567363.686746988], [695713.391566265, 2567363.686746988], [695713.391566265, 2567353.686746988], [695723.391566265, 2567353.686746988], [695723.391566265, 2567343.686746988], [695743.391566265, 2567343.686746988], [695743.391566265, 2567333.686746988], [695763.391566265, 2567333.686746988], [695763.391566265, 2567323.686746988], [695773.391566265, 2567323.686746988], [695773.391566265, 2567313.686746988], [695783.391566265, 2567313.686746988], [695783.391566265, 2567283.686746988], [695793.391566265, 2567283.686746988], [695793.391566265, 2567273.686746988], [695803.391566265, 2567273.686746988], [695803.391566265, 2567253.686746988], [695813.391566265, 2567253.686746988], [695813.391566265, 2567243.686746988], [695833.391566265, 2567243.686746988], [695833.391566265, 2567223.686746988], [695843.391566265, 2567223.686746988], [695843.391566265, 2567213.686746988], [695853.391566265, 2567213.686746988], [695853.391566265, 2567183.686746988], [695863.391566265, 2567183.686746988], [695863.391566265, 2567163.686746988], [695883.391566265, 2567163.686746988], [695883.391566265, 2567153.686746988], [695893.391566265, 2567153.686746988], [695893.391566265, 2567133.686746988], [695903.391566265, 2567133.686746988], [695903.391566265, 2567123.686746988], [695913.391566265, 2567123.686746988], [695913.391566265, 2567113.686746988], [695933.391566265, 2567113.686746988], [695933.391566265, 2567093.686746988], [695943.391566265, 2567093.686746988], [695943.391566265, 2567073.686746988], [695953.391566265, 2567073.686746988], [695953.391566265, 2567063.686746988], [695963.391566265, 2567063.686746988], [695963.391566265, 2567073.686746988], [695973.391566265, 2567073.686746988], [695973.391566265, 2567063.686746988], [695983.391566265, 2567063.686746988], [695983.391566265, 2567043.686746988], [695993.391566265, 2567043.686746988], [695993.391566265, 2566993.686746988], [696003.391566265, 2566993.686746988], [696003.391566265, 2566963.686746988], [696013.391566265, 2566963.686746988], [696013.391566265, 2566953.686746988], [696023.391566265, 2566953.686746988], [696023.391566265, 2566983.686746988], [696033.391566265, 2566983.686746988], [696033.391566265, 2566993.686746988], [696043.391566265, 2566993.686746988], [696043.391566265, 2567023.686746988], [696053.391566265, 2567023.686746988], [696053.391566265, 2567003.686746988], [696063.391566265, 2567003.686746988], [696063.391566265, 2566983.686746988], [696073.391566265, 2566983.686746988], [696073.391566265, 2566953.686746988], [696083.391566265, 2566953.686746988], [696083.391566265, 2566913.686746988], [696093.391566265, 2566913.686746988], [696093.391566265, 2566833.686746988], [696083.391566265, 2566833.686746988], [696083.391566265, 2566803.686746988], [696063.391566265, 2566803.686746988], [696063.391566265, 2566783.686746988], [696073.391566265, 2566783.686746988], [696073.391566265, 2566793.686746988], [696113.391566265, 2566793.686746988], [696113.391566265, 2566803.686746988], [696133.391566265, 2566803.686746988], [696133.391566265, 2566783.686746988], [696143.391566265, 2566783.686746988], [696143.391566265, 2566773.686746988], [696153.391566265, 2566773.686746988], [696153.391566265, 2566763.686746988], [696173.391566265, 2566763.686746988], [696173.391566265, 2566753.686746988], [696193.391566265, 2566753.686746988], [696193.391566265, 2566733.686746988], [696213.391566265, 2566733.686746988], [696213.391566265, 2566693.686746988], [696203.391566265, 2566693.686746988], [696203.391566265, 2566643.686746988], [696193.391566265, 2566643.686746988], [696193.391566265, 2566633.686746988], [696183.391566265, 2566633.686746988], [696183.391566265, 2566613.686746988], [696203.391566265, 2566613.686746988], [696203.391566265, 2566623.686746988], [696213.391566265, 2566623.686746988], [696213.391566265, 2566633.686746988], [696223.391566265, 2566633.686746988], [696223.391566265, 2566643.686746988], [696233.391566265, 2566643.686746988], [696233.391566265, 2566663.686746988], [696243.391566265, 2566663.686746988], [696243.391566265, 2566683.686746988], [696253.391566265, 2566683.686746988], [696253.391566265, 2566673.686746988], [696263.391566265, 2566673.686746988], [696263.391566265, 2566663.686746988], [696283.391566265, 2566663.686746988], [696283.391566265, 2566653.686746988], [696293.391566265, 2566653.686746988], [696293.391566265, 2566643.686746988], [696303.391566265, 2566643.686746988], [696303.391566265, 2566633.686746988], [696423.391566265, 2566633.686746988], [696423.391566265, 2566653.686746988], [696413.391566265, 2566653.686746988], [696413.391566265, 2566693.686746988], [696403.391566265, 2566693.686746988], [696403.391566265, 2566663.686746988], [696393.391566265, 2566663.686746988], [696393.391566265, 2566653.686746988], [696313.391566265, 2566653.686746988], [696313.391566265, 2566663.686746988], [696303.391566265, 2566663.686746988], [696303.391566265, 2566673.686746988], [696293.391566265, 2566673.686746988], [696293.391566265, 2566683.686746988], [696273.391566265, 2566683.686746988], [696273.391566265, 2566693.686746988], [696263.391566265, 2566693.686746988], [696263.391566265, 2566703.686746988], [696253.391566265, 2566703.686746988], [696253.391566265, 2566713.686746988], [696243.391566265, 2566713.686746988], [696243.391566265, 2566733.686746988], [696233.391566265, 2566733.686746988], [696233.391566265, 2566753.686746988], [696223.391566265, 2566753.686746988], [696223.391566265, 2566763.686746988], [696213.391566265, 2566763.686746988], [696213.391566265, 2566773.686746988], [696203.391566265, 2566773.686746988], [696203.391566265, 2566783.686746988], [696193.391566265, 2566783.686746988], [696193.391566265, 2566793.686746988], [696173.391566265, 2566793.686746988], [696173.391566265, 2566873.686746988], [696163.391566265, 2566873.686746988], [696163.391566265, 2566893.686746988], [696153.391566265, 2566893.686746988], [696153.391566265, 2566903.686746988], [696163.391566265, 2566903.686746988], [696163.391566265, 2566913.686746988], [696173.391566265, 2566913.686746988], [696173.391566265, 2566923.686746988], [696183.391566265, 2566923.686746988], [696183.391566265, 2566933.686746988], [696203.391566265, 2566933.686746988], [696203.391566265, 2566953.686746988], [696193.391566265, 2566953.686746988], [696193.391566265, 2566963.686746988], [696203.391566265, 2566963.686746988], [696203.391566265, 2566973.686746988], [696183.391566265, 2566973.686746988], [696183.391566265, 2566993.686746988], [696173.391566265, 2566993.686746988], [696173.391566265, 2567003.686746988], [696163.391566265, 2567003.686746988], [696163.391566265, 2567013.686746988], [696173.391566265, 2567013.686746988], [696173.391566265, 2567033.686746988], [696133.391566265, 2567033.686746988], [696133.391566265, 2567043.686746988], [696113.391566265, 2567043.686746988], [696113.391566265, 2567083.686746988], [696103.391566265, 2567083.686746988], [696103.391566265, 2567093.686746988], [696093.391566265, 2567093.686746988], [696093.391566265, 2567103.686746988], [696063.391566265, 2567103.686746988], [696063.391566265, 2567093.686746988], [696043.391566265, 2567093.686746988], [696043.391566265, 2567073.686746988], [696033.391566265, 2567073.686746988], [696033.391566265, 2567063.686746988], [696023.391566265, 2567063.686746988], [696023.391566265, 2567083.686746988], [696013.391566265, 2567083.686746988], [696013.391566265, 2567113.686746988], [696003.391566265, 2567113.686746988], [696003.391566265, 2567133.686746988], [695993.391566265, 2567133.686746988], [695993.391566265, 2567163.686746988], [695983.391566265, 2567163.686746988], [695983.391566265, 2567173.686746988], [695973.391566265, 2567173.686746988], [695973.391566265, 2567183.686746988], [695933.391566265, 2567183.686746988], [695933.391566265, 2567173.686746988], [695923.391566265, 2567173.686746988], [695923.391566265, 2567193.686746988], [695913.391566265, 2567193.686746988], [695913.391566265, 2567233.686746988], [695903.391566265, 2567233.686746988], [695903.391566265, 2567243.686746988], [695893.391566265, 2567243.686746988], [695893.391566265, 2567253.686746988], [695883.391566265, 2567253.686746988], [695883.391566265, 2567273.686746988], [695873.391566265, 2567273.686746988], [695873.391566265, 2567283.686746988], [695863.391566265, 2567283.686746988], [695863.391566265, 2567293.686746988], [695853.391566265, 2567293.686746988], [695853.391566265, 2567303.686746988], [695843.391566265, 2567303.686746988], [695843.391566265, 2567323.686746988], [695833.391566265, 2567323.686746988], [695833.391566265, 2567333.686746988], [695813.391566265, 2567333.686746988], [695813.391566265, 2567343.686746988], [695803.391566265, 2567343.686746988], [695803.391566265, 2567353.686746988], [695793.391566265, 2567353.686746988], [695793.391566265, 2567363.686746988], [695773.391566265, 2567363.686746988], [695773.391566265, 2567373.686746988], [695763.391566265, 2567373.686746988], [695763.391566265, 2567383.686746988], [695753.391566265, 2567383.686746988], [695753.391566265, 2567393.686746988], [695743.391566265, 2567393.686746988], [695743.391566265, 2567403.686746988], [695713.391566265, 2567403.686746988], [695713.391566265, 2567413.686746988], [695693.391566265, 2567413.686746988], [695693.391566265, 2567423.686746988], [695653.391566265, 2567423.686746988], [695653.391566265, 2567433.686746988], [695633.391566265, 2567433.686746988], [695633.391566265, 2567443.686746988], [695623.391566265, 2567443.686746988], [695623.391566265, 2567453.686746988], [695613.391566265, 2567453.686746988], [695613.391566265, 2567473.686746988], [695603.391566265, 2567473.686746988], [695603.391566265, 2567483.686746988], [695593.391566265, 2567483.686746988], [695593.391566265, 2567493.686746988], [695583.391566265, 2567493.686746988], [695583.391566265, 2567503.686746988], [695573.391566265, 2567503.686746988], [695573.391566265, 2567513.686746988], [695563.391566265, 2567513.686746988], [695563.391566265, 2567533.686746988], [695553.391566265, 2567533.686746988], [695553.391566265, 2567553.686746988], [695543.391566265, 2567553.686746988], [695543.391566265, 2567563.686746988], [695533.391566265, 2567563.686746988]]]}}, {"type": "Feature", "properties": {"v": 1}, "geometry": {"type": "Polygon", "coordinates": [[[695923.391566265, 2566953.686746988], [695923.391566265, 2566943.686746988], [695883.391566265, 2566943.686746988], [695883.391566265, 2566933.686746988], [695873.391566265, 2566933.686746988], [695873.391566265, 2566923.686746988], [695863.391566265, 2566923.686746988], [695863.391566265, 2566913.686746988], [695853.391566265, 2566913.686746988], [695853.391566265, 2566903.686746988], [695843.391566265, 2566903.686746988], [695843.391566265, 2566893.686746988], [695833.391566265, 2566893.686746988], [695833.391566265, 2566883.686746988], [695813.391566265, 2566883.686746988], [695813.391566265, 2566873.686746988], [695793.391566265, 2566873.686746988], [695793.391566265, 2566863.686746988], [695783.391566265, 2566863.686746988], [695783.391566265, 2566883.686746988], [695773.391566265, 2566883.686746988], [695773.391566265, 2566903.686746988], [695753.391566265, 2566903.686746988], [695753.391566265, 2566913.686746988], [695743.391566265, 2566913.686746988], [695743.391566265, 2566923.686746988], [695733.391566265, 2566923.686746988], [695733.391566265, 2566933.686746988], [695713.391566265, 2566933.686746988], [695713.391566265, 2566923.686746988], [695703.391566265, 2566923.686746988], [695703.391566265, 2566913.686746988], [695723.391566265, 2566913.686746988], [695723.391566265, 2566903.686746988], [695733.391566265, 2566903.686746988], [695733.391566265, 2566893.686746988], [695743.391566265, 2566893.686746988], [695743.391566265, 2566883.686746988], [695753.391566265, 2566883.686746988], [695753.391566265, 2566863.686746988], [695763.391566265, 2566863.686746988], [695763.391566265, 2566853.686746988], [695773.391566265, 2566853.686746988], [695773.391566265, 2566833.686746988], [695753.391566265, 2566833.686746988], [695753.391566265, 2566823.686746988], [695743.391566265, 2566823.686746988], [695743.391566265, 2566813.686746988], [695733.391566265, 2566813.686746988], [695733.391566265, 2566803.686746988], [695683.391566265, 2566803.686746988], [695683.391566265, 2566793.686746988], [695663.391566265, 2566793.686746988], [695663.391566265, 2566783.686746988], [695633.391566265, 2566783.686746988], [695633.391566265, 2566773.686746988], [695593.391566265, 2566773.686746988], [695593.391566265, 2566763.686746988], [695583.391566265, 2566763.686746988], [695583.391566265, 2566753.686746988], [695563.391566265, 2566753.686746988], [695563.391566265, 2566743.686746988], [695553.391566265, 2566743.686746988], [695553.391566265, 2566733.686746988], [695473.391566265, 2566733.686746988], [695473.391566265, 2566743.686746988], [695463.391566265, 2566743.686746988], [695463.391566265, 2566753.686746988], [695453.391566265, 2566753.686746988], [695453.391566265, 2566763.686746988], [695443.391566265, 2566763.686746988], [695443.391566265, 2566783.686746988], [695433.391566265, 2566783.686746988], [695433.391566265, 2566813.686746988], [695423.391566265, 2566813.686746988], [695423.391566265, 2566843.686746988], [695383.391566265, 2566843.686746988], [695383.391566265, 2566853.686746988], [695373.391566265, 2566853.686746988], [695373.391566265, 2566903.686746988], [695363.391566265, 2566903.686746988], [695363.391566265, 2566923.686746988], [695353.391566265, 2566923.686746988], [695353.391566265, 2566933.686746988], [695343.391566265, 2566933.686746988], [695343.391566265, 2566943.686746988], [695333.391566265, 2566943.686746988], [695333.391566265, 2566923.686746988], [695343.391566265, 2566923.686746988], [695343.391566265, 2566903.686746988], [695353.391566265, 2566903.686746988], [695353.391566265, 2566833.686746988], [695383.391566265, 2566833.686746988], [695383.391566265, 2566823.686746988], [695393.391566265, 2566823.686746988], [695393.391566265, 2566813.686746988], [695403.391566265, 2566813.686746988], [695403.391566265, 2566803.686746988], [695413.391566265, 2566803.686746988], [695413.391566265, 2566793.686746988], [695403.391566265, 2566793.686746988], [695403.391566265, 2566783.686746988], [695413.391566265, 2566783.686746988], [695413.391566265, 2566773.686746988], [695423.391566265, 2566773.686746988], [695423.391566265, 2566763.686746988], [695433.391566265, 2566763.686746988], [695433.391566265, 2566743.686746988], [695443.391566265, 2566743.686746988], [695443.391566265, 2566733.686746988], [695463.391566265, 2566733.686746988], [695463.391566265, 2566723.686746988], [695453.391566265, 2566723.686746988], [695453.391566265, 2566713.686746988], [695433.391566265, 2566713.686746988], [695433.391566265, 2566703.686746988], [695333.391566265, 2566703.686746988], [695333.391566265, 2566713.686746988], [695323.391566265, 2566713.686746988], [695323.391566265, 2566723.686746988], [695313.391566265, 2566723.686746988], [695313.391566265, 2566733.686746988], [695293.391566265, 2566733.686746988], [695293.391566265, 2566743.686746988], [695273.391566265, 2566743.686746988], [695273.391566265, 2566753.686746988], [695263.391566265, 2566753.686746988], [695263.391566265, 2566743.686746988], [695233.391566265, 2566743.686746988], [695233.391566265, 2566733.686746988], [695213.391566265, 2566733.686746988], [695213.391566265, 2566713.686746988], [695203.391566265, 2566713.686746988], [695203.391566265, 2566693.686746988], [695193.391566265, 2566693.686746988], [695193.391566265, 2566683.686746988], [695183.391566265, 2566683.686746988], [695183.391566265, 2566673.686746988], [695133.391566265, 2566673.686746988], [695133.391566265, 2566663.686746988], [695113.391566265, 2566663.686746988], [695113.391566265, 2566653.686746988], [695073.391566265, 2566653.686746988], [695073.391566265, 2566643.686746988], [695063.391566265, 2566643.686746988], [695063.391566265, 2566633.686746988], [695053.391566265, 2566633.686746988], [695053.391566265, 2566623.686746988], [695043.391566265, 2566623.686746988], [695043.391566265, 2566613.686746988], [695023.391566265, 2566613.686746988], [695023.391566265, 2566603.686746988], [694983.391566265, 2566603.686746988], [694983.391566265, 2566613.686746988], [694963.391566265, 2566613.686746988], [694963.391566265, 2566623.686746988], [694953.391566265, 2566623.686746988], [694953.391566265, 2566633.686746988], [694943.391566265, 2566633.686746988], [694943.391566265, 2566613.686746988], [694913.391566265, 2566613.686746988], [694913.391566265, 2566623.686746988], [694863.391566265, 2566623.686746988], [694863.391566265, 2566633.686746988], [694833.391566265, 2566633.686746988], [694833.391566265, 2566623.686746988], [694813.391566265, 2566623.686746988], [694813.391566265, 2566613.686746988], [694783.391566265, 2566613.686746988], [694783.391566265, 2566623.686746988], [694763.391566265, 2566623.686746988], [694763.391566265, 2566633.686746988], [694743.391566265, 2566633.686746988], [694743.391566265, 2566643.686746988], [694703.391566265, 2566643.686746988], [694703.391566265, 2566653.686746988], [694683.391566265, 2566653.686746988], [694683.391566265, 2566663.686746988], [694663.391566265, 2566663.686746988], [694663.391566265, 2566683.686746988], [694603.391566265, 2566683.686746988], [694603.391566265, 2566693.686746988], [694593.391566265, 2566693.686746988], [694593.391566265, 2566683.686746988], [694553.391566265, 2566683.686746988], [694553.391566265, 2566663.686746988], [694563.391566265, 2566663.686746988], [694563.391566265, 2566673.686746988], [694613.391566265, 2566673.686746988], [694613.391566265, 2566663.686746988], [694653.391566265, 2566663.686746988], [694653.391566265, 2566643.686746988], [694663.391566265, 2566643.686746988], [694663.391566265, 2566633.686746988], [694703.391566265, 2566633.686746988], [694703.391566265, 2566623.686746988], [694733.391566265, 2566623.686746988], [694733.391566265, 2566613.686746988], [694743.391566265, 2566613.686746988], [694743.391566265, 2566603.686746988], [694773.391566265, 2566603.686746988], [694773.391566265, 2566593.686746988], [694783.391566265, 2566593.686746988], [694783.391566265, 2566553.686746988], [694773.391566265, 2566553.686746988], [694773.391566265, 2566543.686746988], [694763.391566265, 2566543.686746988], [694763.391566265, 2566533.686746988], [694733.391566265, 2566533.686746988], [694733.391566265, 2566523.686746988], [694783.391566265, 2566523.686746988], [694783.391566265, 2566533.686746988], [694793.391566265, 2566533.686746988], [694793.391566265, 2566543.686746988], [694803.391566265, 2566543.686746988], [694803.391566265, 2566593.686746988], [694843.391566265, 2566593.686746988], [694843.391566265, 2566603.686746988], [694893.391566265, 2566603.686746988], [694893.391566265, 2566593.686746988], [694923.391566265, 2566593.686746988], [694923.391566265, 2566583.686746988], [694933.391566265, 2566583.686746988], [694933.391566265, 2566573.686746988], [694953.391566265, 2566573.686746988], [694953.391566265, 2566583.686746988], [694983.391566265, 2566583.686746988], [694983.391566265, 2566573.686746988], [695033.391566265, 2566573.686746988], [695033.391566265, 2566583.686746988], [695063.391566265, 2566583.686746988], [695063.391566265, 2566593.686746988], [695073.391566265, 2566593.686746988], [695073.391566265, 2566613.686746988], [695093.391566265, 2566613.686746988], [695093.391566265, 2566623.686746988], [695123.391566265, 2566623.686746988], [695123.391566265, 2566633.686746988], [695183.391566265, 2566633.686746988], [695183.391566265, 2566643.686746988], [695203.391566265, 2566643.686746988], [695203.391566265, 2566653.686746988], [695213.391566265, 2566653.686746988], [695213.391566265, 2566663.686746988], [695223.391566265, 2566663.686746988], [695223.391566265, 2566673.686746988], [695233.391566265, 2566673.686746988], [695233.391566265, 2566693.686746988], [695243.391566265, 2566693.686746988], [695243.391566265, 2566713.686746988], [695263.391566265, 2566713.686746988], [695263.391566265, 2566723.686746988], [695273.391566265, 2566723.686746988], [695273.391566265, 2566713.686746988], [695293.391566265, 2566713.686746988], [695293.391566265, 2566703.686746988], [695303.391566265, 2566703.686746988], [695303.391566265, 2566673.686746988], [695323.391566265, 2566673.686746988], [695323.391566265, 2566683.686746988], [695333.391566265, 2566683.686746988], [695333.391566265, 2566673.686746988], [695353.391566265, 2566673.686746988], [695353.391566265, 2566663.686746988], [695423.391566265, 2566663.686746988], [695423.391566265, 2566673.686746988], [695483.391566265, 2566673.686746988], [695483.391566265, 2566683.686746988], [695553.391566265, 2566683.686746988], [695553.391566265, 2566653.686746988], [695563.391566265, 2566653.686746988], [695563.391566265, 2566663.686746988], [695573.391566265, 2566663.686746988], [695573.391566265, 2566653.686746988], [695583.391566265, 2566653.686746988], [695583.391566265, 2566573.686746988], [695573.391566265, 2566573.686746988], [695573.391566265, 2566563.686746988], [695563.391566265, 2566563.686746988], [695563.391566265, 2566553.686746988], [695553.391566265, 2566553.686746988], [695553.391566265, 2566533.686746988], [695543.391566265, 2566533.686746988], [695543.391566265, 2566513.686746988], [695563.391566265, 2566513.686746988], [695563.391566265, 2566523.686746988], [695573.391566265, 2566523.686746988], [695573.391566265, 2566543.686746988], [695583.391566265, 2566543.686746988], [695583.391566265, 2566563.686746988], [695593.391566265, 2566563.686746988], [695593.391566265, 2566573.686746988], [695613.391566265, 2566573.686746988], [695613.391566265, 2566633.686746988], [695603.391566265, 2566633.686746988], [695603.391566265, 2566673.686746988], [695593.391566265, 2566673.686746988], [695593.391566265, 2566713.686746988], [695643.391566265, 2566713.686746988], [695643.391566265, 2566723.686746988], [695683.391566265, 2566723.686746988], [695683.391566265, 2566743.686746988], [695713.391566265, 2566743.686746988], [695713.391566265, 2566753.686746988], [695733.391566265, 2566753.686746988], [695733.391566265, 2566763.686746988], [695743.391566265, 2566763.686746988], [695743.391566265, 2566773.686746988], [695783.391566265, 2566773.686746988], [695783.391566265, 2566783.686746988], [695813.391566265, 2566783.686746988], [695813.391566265, 2566793.686746988], [695833.391566265, 2566793.686746988], [695833.391566265, 2566813.686746988], [695843.391566265, 2566813.686746988], [695843.391566265, 2566823.686746988], [695853.391566265, 2566823.686746988], [695853.391566265, 2566843.686746988], [695863.391566265, 2566843.686746988], [695863.391566265, 2566853.686746988], [695883.391566265, 2566853.686746988], [695883.391566265, 2566863.686746988], [695893.391566265, 2566863.686746988], [695893.391566265, 2566873.686746988], [695913.391566265, 2566873.686746988], [695913.391566265, 2566903.686746988], [695963.391566265, 2566903.686746988], [695963.391566265, 2566893.686746988], [695983.391566265, 2566893.686746988], [695983.391566265, 2566923.686746988], [695973.391566265, 2566923.686746988], [695973.391566265, 2566943.686746988], [695953.391566265, 2566943.686746988], [695953.391566265, 2566953.686746988], [695923.391566265, 2566953.686746988]]]}}]}