time (hr),2yr,5yr,10yr,25yr,50yr,100yr,200yr,500yr,1000yr,2000yr,5000yr,10000yr,PMP
0.0,0.0,0.0,0.0,0.0,0.0,0.0,0.0,0.0,0.0,0.0,0.0,0.0,0.0
0.08333333333333333,0.0,0.0,0.0,0.0,0.0,0.0,0.0,0.0,0.0,0.0,0.0,0.0,0.0
0.16666666666666666,0.0,0.0,0.0,0.0,0.0,0.0,0.0,0.0,0.0,0.0,0.0,0.0,0.0
0.25,0.0,0.0,0.0,0.0,0.0,0.0,0.0,0.0,0.0,0.0,0.0,0.0,0.0106633315251645
0.3333333333333333,0.0,0.0,0.0,0.0,0.0,0.0,0.0,0.0,0.0,0.0,0.0,0.0,0.14196104139799945
0.4166666666666667,0.0,0.0,0.0,0.0,0.0,0.0,0.0,0.0,0.0,0.0,0.0,0.0,0.6174412272304651
0.5,0.0,0.0,0.0,0.0,0.0,0.0,0.0,0.0,0.0,0.0,0.0,0.0,1.7561500794931346
0.5833333333333334,0.0,0.0,0.0,0.0,0.0,0.0,0.0,0.0,0.0,0.0,0.0,0.0,3.940837957926473
0.6666666666666666,0.0,0.0,0.0,0.0,0.0,0.0,0.0,0.0,0.0,0.0,0.0,0.0,7.398938598937164
0.75,0.0,0.0,0.0,0.0,0.0,0.0,0.0,0.0,0.0,0.0,0.0,0.0,12.117188300625989
0.8333333333333334,0.0,0.0,0.0,0.0,0.0,0.0,0.0,0.0,0.0,0.0,0.0,0.0,17.89784008439706
0.9166666666666666,0.0,0.0,0.0,0.0,0.0,0.0,0.0,0.0,0.0,0.0,0.0,0.0,24.429736687650855
1.0,0.0,0.0,0.0,0.0,0.0,0.0,0.0,0.0,0.0,0.0,0.0,0.0003892188699992428,31.39089891475241
1.0833333333333333,0.0,0.0,0.0,0.0,0.0,0.0,0.0,0.0,0.0,0.0,0.0009383381342896226,0.0073666785218619805,38.4458945776069
1.1666666666666667,0.0,0.0,0.0,0.0,0.0,0.0,0.0,0.0,0.0,0.0,0.009649967074024567,0.03495430399912637,45.28445314354284
1.25,0.0,0.0,0.0,0.0,0.0,0.0,0.0,0.0,0.0,0.0,0.03885735307472754,0.10337734286870717,51.74335455627628
1.3333333333333333,0.0,0.0,0.0,0.0,0.0,0.0,0.0,0.0,0.0,0.0,0.10720204838864957,0.23920440437280396,57.7569219580695
1.4166666666666667,0.0,0.0,0.0,0.0,0.0,0.0,0.0,0.0,0.0,0.0012455934873221008,0.23928174769341018,0.46475250730593953,63.304539861314005
1.5,0.0,0.0,0.0,0.0,0.0,0.0,0.0,0.0,0.0,0.00884993248175034,0.4525597662330529,0.7887259996204493,68.37170204224542
1.5833333333333333,0.0,0.0,0.0,0.0,0.0,0.0,0.0,0.0,0.0,0.032492417566876375,0.7562516432679768,1.2128058140276652,72.97639416516154
1.6666666666666667,0.0,0.0,0.0,0.0,0.0,0.0,0.0,0.0,0.0,0.08634541596966677,1.152472094481274,1.7326246346473706,77.17270037189999
1.75,0.0,0.0,0.0,0.0,0.0,0.0,0.0,0.0,0.0,0.18537723322563546,1.6310732691371252,2.333259987278563,80.98920664067073
1.8333333333333333,0.0,0.0,0.0,0.0,0.0,0.0,0.0,0.0,0.0,0.3390618443830507,2.1772090594595666,2.9944368646774566,84.4337967907964
1.9166666666666667,0.0,0.0,0.0,0.0,0.0,0.0,0.0,0.0,1.397494558859688e-05,0.5501194499056699,2.7716271998502067,3.6926133740904485,87.52963647618948
2.0,0.0,0.0,0.0,0.0,0.0,0.0,0.0,0.0,0.0012305941810853566,0.814656332530049,3.3925319319859697,4.407582985592442,90.32188280215114
2.0833333333333335,0.0,0.0,0.0,0.0,0.0,0.0,0.0,0.0,0.00700538861411835,1.1262495133788981,4.029857394321133,5.131279503543711,92.88608169782756
2.1666666666666665,0.0,0.0,0.0,0.0,0.0,0.0,0.0,0.0,0.022883820591673796,1.478077274438832,4.678958968507407,5.860835009391128,95.31982748639979
2.25,0.0,0.0,0.0,0.0,0.0,0.0,0.0,0.0,0.056816177068661974,1.861236027232605,5.335955801265373,6.593179834304811,97.74961457661693
2.3333333333333335,0.0,0.0,0.0,0.0,0.0,0.0,0.0,0.00013496011451981732,0.11651741492249064,2.2666490881881596,5.99724154641222,7.325319392292312,100.35175628661031
2.4166666666666665,0.0,0.0,0.0,0.0,0.0,0.0,0.0,0.0018264774440156866,0.20688872737895392,2.688547030300912,6.660034444907183,8.05543485460288,103.35022244555792
2.5,0.0,0.0,0.0,0.0,0.0,0.0,0.0,0.00813505036151867,0.3295418833755316,3.1245403703313923,7.327635317259448,8.788435828018017,106.99707091942928
2.5833333333333335,0.0,0.0,0.0,0.0,0.0,0.0,0.0,0.023579979927478838,0.4825080775866901,3.570223497094915,7.996346830059697,9.520420548745724,111.50490092530147
2.6666666666666665,0.0,0.0,0.0,0.0,0.0,0.0,0.0,0.05404623663584143,0.6619685317791564,4.018100495871329,8.654432086970486,10.23899144373281,116.99601320365812
2.75,0.0,0.0,0.0,0.0,0.0,0.0,0.0,0.1043451894415385,0.8626805938266883,4.462318810663123,9.294839506503628,10.936093408406371,123.52467958232666
2.8333333333333335,0.0,0.0,0.0,0.0,0.0,0.0,0.0,0.17657602283239393,1.0780011223528605,4.900136972600293,9.916220614573971,11.611081841489872,131.08483434414703
2.9166666666666665,0.0,0.0,0.0,0.0,0.0,0.0,0.0,0.27094782033953374,1.3038795009800326,5.332079300830974,10.522900747723115,12.270009655485644,139.58535546588413
3.0,0.0,0.0,0.0,0.0,0.0,0.0,0.0004283020477412452,0.3861549038828986,1.5385145387390684,5.757786887240295,11.117813460653823,12.917564249885999,148.86454437797613
3.0833333333333335,0.0,0.0,0.0,0.0,0.0,0.0,0.002774157001336492,0.5202678331279326,1.7811073335664702,6.177281804401266,11.7041703168828,13.559207129840123,158.76881590587163
3.1666666666666665,0.0,0.0,0.0,0.0,0.0,0.0,0.009632096301333059,0.670582588356364,2.0312254352124866,6.59475096263427,12.29509601521945,14.212351156648596,169.1710177701325
3.25,0.0,0.0,0.0,0.0,0.0,0.0,0.024695465860229127,0.8335839189018248,2.2875266149904014,7.011468557858268,12.899252923076236,14.889487559535409,179.91150344205022
3.3333333333333335,0.0,0.0,0.0,0.0,0.0,0.0,0.05187080906033363,1.0069167916206918,2.5497024568384092,7.425276248422837,13.520403021726745,15.597501647221215,190.81203243785916
3.4166666666666665,0.0,0.0,0.0,0.0,0.0,0.0,0.09363829902040006,1.1879575824482922,2.815577097443256,7.83958348203592,14.173008736887304,16.35505453497258,201.72113741723228
3.5,0.0,0.0,0.0,0.0,0.0,2.3134096042090624e-05,0.1506781888989345,1.373626046588793,3.0809646253164353,8.263485053984128,14.881502545750347,17.19120053163875,212.53116968015982
3.5833333333333335,0.0,0.0,0.0,0.0,0.0,0.0006230164791053266,0.2225461964974128,1.5625055104851815,3.3447644073314318,8.703567295705483,15.664700247420283,18.12711725344542,223.20951295640825
3.6666666666666665,0.0,0.0,0.0,0.0,0.0,0.0031361383401926615,0.30800922099481587,1.7540711923131296,3.6082343701940163,9.1619341152215,16.530893693013457,19.170301097857468,233.8339075585421
3.75,0.0,0.0,0.0,0.0,0.0,0.009724493593180103,0.40538177225275995,1.9483328738134422,3.8729327842974546,9.644905584215213,17.491365916593676,20.33003557418587,244.66358846993177
3.8333333333333335,0.0,0.0,0.0,0.0,0.0,0.023387872666296508,0.5125772598519042,2.1455974053752978,4.140806906740537,10.167998353882501,18.56787943265858,21.626331237281782,256.16830730079187
3.9166666666666665,0.0,0.0,0.0,0.0,0.0,0.04674135112589709,0.6271104640705648,2.344299855461253,4.410667117154277,10.738253906053943,19.76290352997265,23.05677675035865,267.91058358562503
4.0,0.0,0.0,0.0,0.0,0.0,0.08117759308276618,0.7469935581493405,2.5431905088307842,4.682575656704032,11.352950316317484,21.05822589818233,24.595745375491106,279.15104086473156
4.083333333333333,0.0,0.0,0.0,0.0,0.0,0.1271237320774267,0.87111216670152,2.7426949410560195,4.95854332127376,12.017055133676362,22.44530751157786,26.229154935894776,289.50650350262515
4.166666666666667,0.0,0.0,0.0,0.0,7.852382607909027e-05,0.1840421730266015,0.9985122005380422,2.942653422181592,5.240447473283888,12.743684254181247,23.928084350357494,27.95797422446902,298.8827182075489
4.25,0.0,0.0,0.0,0.0,0.0008025991668027606,0.25094010008771395,1.1287976733512863,3.1443229141507114,5.532956965941082,13.542345531512327,25.505192102009765,29.778259246025343,307.4368503651657
4.333333333333333,0.0,0.0,0.0,0.0,0.003321556715362069,0.3265660109843712,1.2621397965941465,3.350188271317301,5.842952862405581,14.414548352809724,27.16442934221082,31.674919574868557,315.5436480347481
4.416666666666667,0.0,0.0,0.0,0.0,0.009484929831112777,0.4092917612635436,1.398267940143468,3.5615713186193196,6.175253884232539,15.358081335620103,28.890735813216494,33.63058812716393,323.77256136533106
4.5,0.0,0.0,0.0,0.0,0.021687842027007527,0.4977032428601468,1.5366497482433108,3.779598370826909,6.534014687981558,16.375557581021486,30.680451653002734,35.64146934899022,333.0086660944563
4.583333333333333,0.0,0.0,0.0,0.0,0.04187394968985705,0.5909941988777623,1.6775147488845554,4.006803546821435,6.924766627574387,17.46140591313883,32.52041642265435,37.693756450974526,344.9893667140086
4.666666666666667,0.0,0.0,0.0,0.0,0.0711257881134249,0.6888650615520315,1.8217119355956772,4.247794748115067,7.355259650985912,18.603211807163394,34.3897530002988,39.76542710504723,363.63649568879924
4.75,0.0,0.0,0.0,0.0,0.10946386573952109,0.7901784049722562,1.9685697989370106,4.503242586969188,7.825735946302088,19.78916260597989,36.27120062486479,41.838729014751316,396.6537411869168
4.833333333333333,0.0,0.0,0.0,0.0,0.15606689806450796,0.8932608537668633,2.115818912255987,4.771202353315104,8.330873545162149,21.009166137577687,38.15242967748846,43.901532373282095,452.46508879552255
4.916666666666667,0.0,0.0,0.0,0.00010898495947841095,0.21000654701259366,0.9973048463017791,2.2629623472870866,5.053148735782244,8.869333287608239,22.262065308532172,40.03615033509817,45.95834384229883,528.8739650021563
5.0,0.0,0.0,0.0,0.0008655715579297536,0.2700507872567684,1.1020641949713115,2.410965445169841,5.353264397032233,9.443057287190419,23.549626643348347,41.930273764878905,48.01931675540254,610.1489526903636
5.083333333333333,0.0,0.0,0.0,0.0033142188979205637,0.3352510070355237,1.208419050984812,2.562877150558282,5.6788394930937525,10.057915041570592,24.867297466751566,43.833311555257794,50.08405623396776,682.0203004340693
5.166666666666667,0.0,0.0,0.0,0.009015151366453865,0.40524164969469634,1.3175709136221516,2.722327929666656,6.0370307904374485,10.719131863468869,26.213315760000285,45.74797504094301,52.15673591661192,741.6564564165501
5.25,0.0,0.0,0.0,0.019865581823208894,0.47941575722178836,1.4294551622968126,2.8909554600714302,6.429871850087214,11.42431848519875,27.578932094598166,47.66593188482035,54.22929202132096,794.6981589954585
5.333333333333333,0.0,0.0,0.0,0.03729020512040012,0.5572390259986326,1.5447454016692734,3.0709391927961347,6.85933271912316,12.17169305779478,28.953459914594173,49.575711417801415,56.29042300620026,850.0470182137309
5.416666666666667,0.0,0.0,0.0,0.061871452846468625,0.6377558951500756,1.6626502306438624,3.2624245067174997,7.322311589136373,12.952707318081195,30.33204609825186,51.474640297405074,58.33907233867829,918.0630454901271
5.5,0.0,0.0,0.0,0.09349391639694421,0.7199423778840106,1.7822312822291897,3.4651959083636,7.814057782940999,13.75740477825343,31.71332928797713,53.36580954445041,60.38147608760272,1009.7273418864423
5.583333333333333,0.0,0.0,0.0,0.13165524437376955,0.8033615060736957,1.903669208345542,3.680687509376585,8.332082794589645,14.580221760560681,33.09384190472515,55.250616868598726,62.42340707300243,1132.4774936801816
5.666666666666667,0.0,0.0,0.0,0.1756018182044055,0.8874702317654464,2.0269311188162376,3.9094633506667584,8.871907043118984,15.413674601105372,34.46733208072514,57.12897486958353,64.47076750071774,1284.0978102022063
5.75,0.0,0.0,0.0,0.22456785790911926,0.9725734498474552,2.1539818324351137,4.154989819060416,9.43439474312936,16.25910835986776,35.83165261265709,59.01071237535992,66.54210753299809,1450.3307681294925
5.833333333333333,0.0,0.0,0.0,0.27792025122985314,1.0598551796398659,2.2883810618618483,4.4228295507804445,10.024581977438999,17.124769502833487,37.19730389599527,60.92929575274643,68.68310989187577,1611.619808686568
5.916666666666667,0.0,0.0,0.0,0.33506395811092127,1.149395797011642,2.4318669094891128,4.714631315638115,10.641074611209483,18.0099690129874,38.56751990641256,62.91214086180827,70.93246681588386,1753.7113939049311
6.0,0.0,0.0,0.0,0.39543340248461933,1.2416499123017368,2.5859653679243273,5.031042346084801,11.281644400002865,18.91318399160025,39.93793009222553,64.97903548424311,73.3182699435484,1871.9486223101421
6.083333333333333,0.0,0.0,0.0,0.458836463815404,1.3372098750194406,2.752783437727198,5.372925791158517,11.945182561477058,19.834484431318224,41.31925284445717,67.17252567558558,75.88941967589639,1969.068696971046
6.166666666666667,0.0,0.0,0.0,0.5252017939574027,1.4369866877928905,2.9347626417028394,5.7412989683274525,12.631862417738626,20.775829928839887,42.738602950173785,69.55555899352933,78.71170742508549,2051.166641172256
6.25,0.0,0.0,0.0,0.5941343945929599,1.5412542156504765,3.13290959226996,6.134708345757276,13.338650325636511,21.734645569860525,44.209498521862535,72.16245900033005,81.81378443061732,2124.436692515679
6.333333333333333,0.0,0.0,0.0,0.6652237717334566,1.650105250664221,3.3473847949980646,6.5502654783646435,14.060793345256622,22.705833145046793,45.739066234661976,75.00484785157062,85.19478365084763,2194.314541688018
6.416666666666667,0.0,0.0,0.0,0.7378887524831683,1.7633148484922498,3.577253966157781,6.983517437851084,14.791528402018997,23.681508842042838,47.33574204127001,78.08032505872285,88.83608671157576,2265.372816648263
6.5,0.0,0.0,0.0,0.811344797663538,1.8805539807629443,3.82100314801994,7.4295677456957865,15.524022544787167,24.65407231650735,49.01656545374382,81.38368185304248,92.71639724782918,2341.291230903482
6.583333333333333,0.0,0.0,0.0,0.885866848149485,2.0033861988013033,4.079873292050777,7.888347268366363,16.259867620448492,25.62827222336943,50.810928620747866,84.91544753368142,96.82346969598709,2424.4806204094816
6.666666666666667,0.0,0.0,0.0,0.9622524735635899,2.13483092055946,4.357154520195836,8.36355213023546,17.007137928433764,26.618691887854826,52.745683530343484,88.6661267620002,101.13842573102511,2515.409922352581
6.75,0.0,0.0,0.0,1.0413663700435676,2.276784217357313,4.653760708530878,8.85560457997749,17.76839413583356,27.63297874576343,54.83889065922628,92.61419458239564,105.63407899878392,2612.275998780562
6.833333333333333,0.0,0.0,0.0,1.1232619067132394,2.429996391450023,4.968462543271236,9.362121587792407,18.541641534254524,28.67354946345626,57.105262888459684,96.74046039702293,110.29017437826678,2711.399797815814
6.916666666666667,0.0,0.0,0.0,1.2082566069546015,2.595421607494128,5.300325412698774,9.881659859430803,19.326611692645656,29.746478944718447,59.547491336323034,101.01992871159445,115.08326463275176,2808.3504448598455
7.0,0.0,0.0,0.0,1.2978464474006148,2.775995692999063,5.651896302830513,10.418636218188174,20.13310301721453,30.873062894255796,62.16800615765962,105.44081729636497,120.00609663716378,2899.3279994261147
7.083333333333333,0.0,0.0,0.0,1.392431562920414,2.972076585985967,6.021619184582062,10.97139186697358,20.961315835944905,32.06165152022203,64.95477319716956,109.98353463571425,125.04326895171606,2982.0742612960685
7.166666666666667,0.0,0.0,0.0,1.4910992592123535,3.1810823490925326,6.403406894247949,11.531493265863094,21.80096522489304,33.30560608152927,67.8821948157206,114.61965339034357,130.16913524466332,3056.030971247848
7.25,0.0,0.0,0.0,1.594132228270579,3.402268108276675,6.794608024648843,12.095904160900142,22.651398503875896,34.61024896611358,70.92758932449989,119.33198640680392,135.36915498452416,3121.9579064427508
7.333333333333333,0.0,0.0,0.0,1.703274727783045,3.6372927491132723,7.197008317197707,12.668489974586603,23.524195216225788,35.995336792534744,74.07810122205905,124.1206536429834,140.64632745063489,3181.27845098741
7.416666666666667,0.0,0.0,0.0,1.820503689322674,3.8878170513257473,7.612706806849095,13.253517295423432,24.432294419112875,37.47872916519942,77.31149288798377,128.97244061226402,145.98789686223003,3235.4709768279213
7.5,0.0,0.0,0.0,1.9470881009424978,4.153982387893014,8.041690902720312,13.852067587160452,25.38410437900867,39.06770498148747,80.60411933601364,133.86979931222882,151.37551902669338,3285.759797233089
7.583333333333333,0.0,0.0,0.0,2.0839542008385683,4.435273889869183,8.483258951979279,14.464322724519263,26.386895121884386,40.76371740828729,83.94548416497811,138.81000794406722,156.80653942792927,3333.113767527045
7.666666666666667,0.0,0.0,0.0,2.2333277900418107,4.733582675430344,8.940888625107775,15.096998151600518,27.458149842318722,42.578718278494264,87.33962148871888,143.8071828950595,162.29832131926747,3378.2897973573504
7.75,0.0,0.0,0.0,2.3954510432345706,5.047505733049356,9.413059300820962,15.749653859843574,28.602823927272226,44.505067379034,90.7980918702845,148.88275138019017,167.88646864134924,3421.809765343308
7.833333333333333,0.0,0.0,0.0,2.56897169880751,5.373171612064139,9.894537764728142,16.41675448344285,29.815860818882783,46.52067484708968,94.33603073583429,154.0610553040114,173.63996408197337,3464.032155029058
7.916666666666667,0.0,0.0,0.0,2.753927046726959,5.709316121600776,10.384193281356314,17.099235354856553,31.09961659263071,48.61444938453119,97.9497410108668,159.33947697356382,179.6611566176722,3505.468734569061
8.0,0.0,0.0,0.0,2.9514159711078793,6.056820416597457,10.884324189815445,17.803608751734693,32.46203580520192,50.785407850330465,101.63884094591225,164.7249201049531,186.17620705118836,3546.622743298705
8.083333333333334,0.0,0.0,0.0,3.1623054562562114,6.416498745784791,11.397168521123351,18.536716049838873,33.9081278549407,53.0320515299246,105.39478950098021,170.23135722007748,193.37425927457832,3587.9594388202404
8.166666666666666,0.0,0.0,0.0,3.386946129750959,6.788611563175192,11.924177559340777,19.304508289203167,35.438300435053144,55.35058784798669,109.20723057679206,175.9145365551443,201.31781891968652,3629.92630263831
8.25,0.0,0.0,0.0,3.62485562156436,7.172321087423562,12.465239548060712,20.11066129034011,37.04688700660843,57.732858579936156,113.08381013168008,181.94515426770482,210.42322014627678,3672.416353958043
8.333333333333334,0.0,0.0,0.0,3.8766842887341517,7.56895750405622,13.02381604705357,20.96377594941849,38.73449196498797,60.18257526562904,117.03576950522287,188.6508972005895,221.60677559993607,3715.1074020615424
8.416666666666666,0.0,0.0,0.0,4.142913167116529,7.979653185663784,13.603221208363099,21.871347237476147,40.4995246188475,62.7027187575429,121.06852680850031,196.2462658557028,236.30231112820934,3757.722513395467
8.5,0.0,0.0,0.0,4.423552589738626,8.404898640750655,14.206096521101276,22.83865741057889,42.33784554911948,65.29413001280066,125.19820192268922,205.2442503082772,256.1443388343344,3800.0010060486766
8.583333333333334,0.0,0.0,0.0,4.7184860007685305,8.845073139169958,14.835249502313083,23.869615457036204,44.24513459000623,67.95771438990926,129.42340142083575,216.70730046894965,282.09096421405036,3841.812515900857
8.666666666666666,0.0,0.0,0.0,5.028110566014373,9.30148405476353,15.495223037840267,24.968796334758977,46.220832148951885,70.69895895936794,133.7438317430966,232.2075513487341,313.62939763479517,3882.9328791149405
8.75,0.0,0.0,0.0,5.351106438796846,9.772857751860235,16.186994699310453,26.133827997926872,48.25692533902999,73.51239014064558,138.17020446239744,253.21395541714372,348.84642288575265,3923.236991884544
8.833333333333334,0.0,0.0,0.0,5.686222866301076,10.258180623883288,16.912044084620845,27.36137812864323,50.34711739353433,76.39361889092581,142.72277506790513,280.0534466549172,385.39304470876834,3962.9275254917166
8.916666666666666,0.0,0.0,0.0,6.03338192552021,10.758263742663328,17.67423447682414,28.65001799727645,52.4905521903455,79.34409045030662,147.42428844035723,311.3977521752279,421.4350539825614,4002.055285193013
9.0,0.0,0.0,0.0,6.393268754037797,11.275273765468306,18.47896859582233,29.999748025576903,54.690753411116795,82.37005978855856,152.29829130419859,344.9479691771677,455.9790600761756,4040.625541344516
9.083333333333334,0.0,0.0,0.0,6.768355915412152,11.814215105158958,19.334908750058105,31.414947585401077,56.95913282817338,85.48740339265902,157.3689269881629,378.6231612014595,488.71607152757764,4078.645431340206
9.166666666666666,0.0,0.0,0.0,7.162448039958429,12.382330697226607,20.252892095446374,32.90361573745589,59.31325213163527,88.71980495066262,162.69342120134417,411.2464323917411,519.7974461534556,4116.171202821529
9.25,0.0,0.0,0.0,7.575801963565855,12.981708768595851,21.23502335951472,34.462732790940706,61.75432375708412,92.06941485719736,168.3443651099385,442.3971433688196,549.5803293494579,4153.4331439115285
9.333333333333334,0.0,0.0,0.0,8.008806756966194,13.614930819548603,22.2828382641726,36.090201751419,64.2846740958958,95.5403695919316,174.5155546413818,472.08874040971887,578.5470750208004,4190.623427963008
9.416666666666666,0.0,0.0,0.0,8.460645791148652,14.28285590709568,23.394005463763932,37.780313217016456,66.90038411656387,99.12916721165536,181.84024820547435,500.5698578382037,607.3154744043895,4227.967768978107
9.5,0.0,0.0,0.0,8.930920449984004,14.987073795348444,24.566163457229475,39.52921034006722,69.5994337853646,102.83582811214,191.63576387254693,528.2137000339383,636.5965271636117,4265.770019552069
9.583333333333334,0.0,0.0,0.0,9.421469907834243,15.732296609196236,25.800477681739572,41.339425593172976,72.38812709559421,106.67241938609939,205.05662490084933,555.4420854484766,667.0896941054734,4303.875343845055
9.666666666666666,0.0,0.0,0.0,9.934861932681397,16.52399320378177,27.09876463098962,43.21566747307749,75.27517978823386,110.65576009072716,222.87738389240113,582.7416448194806,699.4381711775817,4341.952878567906
9.75,0.0,0.0,0.0,10.473757622446001,17.367182977201338,28.462192059218864,45.16256964911808,78.26859818514396,114.80361297413376,244.73187388169788,610.6325254788987,734.1317720173308,4379.741963807359
9.833333333333334,0.0,0.0,0.0,11.042869323542678,18.26924430637314,29.895852258950594,47.190701022401385,81.38504876527924,119.14734526350938,269.1408365592289,639.6841613007236,771.4881804579695,4417.044937431501
9.916666666666666,0.0,0.0,0.0,11.644159783676534,19.232566638438726,31.39863775912495,49.302137461415626,84.62883218815789,123.70428851889864,294.3302260096276,670.4556645016745,811.6004455236264,4454.102060246872
10.0,0.0,0.0,0.0,12.28129255229436,20.261112435025396,32.97292624763848,51.50356350369328,88.01162739036451,128.50333945261744,319.0564762383147,703.4095354998117,854.3059464849914,4491.196603555937
10.083333333333334,0.0,0.0,0.00025993472892802045,12.958370013184936,21.358297875184107,34.62146570560168,53.80148421215753,91.54538581917868,133.574533833676,342.8673818056753,738.8449702439143,899.2068779164458,4528.692367055151
10.166666666666666,0.0,0.0,0.0024487342068569176,13.679627141558047,22.526849392860637,36.347415241875886,56.202415013578666,95.24333011000293,138.94933442355318,365.89243583964696,776.8611897989415,945.726639493062,4567.245426756693
10.25,0.0,0.0,0.010363153082097076,14.453208131635677,23.77420923933734,38.16151855572693,58.722328363483555,99.13355026031994,144.6762310581071,388.5001964462327,817.2997887183376,993.1322838694491,4607.154094772204
10.333333333333334,0.0,0.0,0.02996729783730727,15.2908659120599,25.112523796128997,40.08204402240982,61.38681505585636,103.25974969198322,150.8199385062992,411.07990223774357,859.8270824526022,1040.6973098476544,4648.614114784446
10.416666666666666,0.0,0.0,0.06979913058002912,16.201160993820746,26.548982932668984,42.120872592827666,64.2121454577963,107.65365110054121,157.42363656034308,433.9282684548765,903.9386052055708,1087.7668442010665,4691.798910062262
10.5,0.0,0.0,0.13797213752765317,17.192767924945322,28.09111755237074,44.290780527159434,67.21552834211225,112.35007212733707,164.5292061684874,457.25211982241467,949.041830808023,1133.8752862110005,4736.871949280723
10.583333333333334,0.0,0.0,0.24173256862427805,18.274943891045517,29.74736955159174,46.605502048916,70.41492415279124,117.38559483513504,172.18866870144458,481.23591265192454,994.5764925562696,1178.847112279457,4783.966679017919
10.666666666666666,0.0,0.0,0.38696297270005786,19.46033649511271,31.531683466241788,49.086186505408925,73.83835502932644,122.81182712063779,180.53311792787966,506.06675173097824,1040.0803287607957,1222.7754236412786,4833.056439894006
10.75,0.0,0.0,0.5772207246617009,20.759893769042,33.45613942450224,51.75074863247272,77.50948651057678,128.67317455589725,189.87541843207632,531.908289951917,1085.1961394416167,1265.8993560321142,4884.138879657702
10.833333333333334,0.0,0.0,0.815081133405082,22.183630565759465,35.53246130187736,54.61618843224767,81.45135082951062,135.01136875576128,200.99034613272215,558.9377725407118,1129.7580322575145,1308.575008919198,4937.472477380237
10.916666666666666,0.0,0.0,1.1029474259726935,23.749258044169984,37.78339374197591,57.7132723110443,85.70528353923892,141.88965032864616,214.89237129605635,587.3265395634585,1173.7734368666827,1351.180609830191,4993.085288572487
11.0,0.0,0.0,1.4411616460701118,25.479436735863757,40.23943705540054,61.082821429002266,90.32692358611726,149.38675321544113,231.88178512153465,617.2634807160443,1217.433583277729,1394.1126698112892,5050.825907059465
11.083333333333334,0.0,0.0006691463884122126,1.8325479808583371,27.41075694610221,42.94999712869539,64.78959136036828,95.40335719892701,157.6179990107475,251.8838900118578,648.959790515729,1261.08025776105,1437.7815702333273,5111.1069394995475
11.166666666666666,0.0,0.004890052006847136,2.281520403165445,29.587646698259576,45.97553648772832,68.91264027115969,101.04132757823564,166.71939050317752,274.4418470212337,682.6235665264358,1305.1369317744263,1482.5904352942166,5174.730665612782
11.25,0.0,0.01910868750831823,2.794944781617584,32.0736917691396,49.40096042445366,73.5613250512051,107.38595392123365,176.87079471422135,299.00204724449316,718.4457527396906,1350.0702934294961,1528.9445822243401,5242.5104376556255
11.333333333333334,0.0,0.05341136595879632,3.380518247400779,34.938011873631524,53.318252522322766,78.85388262880511,114.59411003147058,188.26404641821455,325.1768091573446,756.5761790805534,1396.3579464535053,1577.2535588545418,5315.190664940798
11.416666666666666,0.0,0.12457938100733833,4.067903962231638,38.318137163122486,57.90799872226579,85.02191944493012,122.96611404494368,201.29548100040756,353.12725088359963,797.1839996513119,1444.5723650054094,1628.0409973579376,5393.328656941358
11.5,0.0,0.2542546078296337,4.91313309498848,42.37274514692328,63.37758123880034,92.33127116561356,132.84476320835196,216.47547565388075,383.3937574418689,840.4309566638085,1495.3421879020989,1681.9104636541476,5477.690676838024
11.583333333333334,0.0,0.5828099581727004,6.400521182417458,47.49906025248544,70.24182921118707,101.43958864863593,145.06521714005873,235.13853192667136,417.5625519014691,886.6593816171816,1549.5766206542892,1739.7865542368727,5569.370903096925
11.666666666666666,0.0,1.3347744763552616,9.179429449310252,54.14191688299754,79.0720596822942,113.07235520241693,160.54118477023633,259.1027276291511,457.47200221051656,936.2366726964773,1608.2235000001879,1802.6531142528197,5669.350777902994
11.75,0.1597422316664016,2.89687225200971,14.225368220485205,64.27452746765196,92.39343932945854,130.42526636902227,183.27911655698517,294.4204515771237,510.1141115821623,990.3895851692795,1673.3360838449257,1872.6970611604447,5780.210500613704
11.833333333333334,0.9214881325048885,5.768018872344119,22.69886148252939,80.18257616014425,113.09690227580283,157.12359579797337,217.7874360064879,347.22955054253293,583.2249330033646,1050.5684183302292,1747.2094835664816,1952.378847699884,5904.9910354087215
11.916666666666666,2.483191124641087,10.659880106068778,35.76322274858978,102.09629903603414,141.4133040318127,193.39854275507338,264.2842116714629,417.72847497785517,677.2887841223132,1124.0514521497703,1839.7664031937788,2052.3614384012326,6053.781092047595
12.0,5.0446576150070594,18.23881444862934,54.28731537413956,130.08653866623297,177.37259286183672,239.23192412296635,322.6761615115403,505.49548122126953,792.1981813167403,1219.0134741731108,1962.0420401273502,2184.5119840566463,6238.051359584316
12.083333333333334,8.389010315238856,28.272292103645,77.23781282175554,159.53165737864117,214.9971237481901,287.0040876678086,383.3310783937835,597.2450132152985,912.0072027001488,1335.860971129468,2114.7979110231995,2349.6867086481225,6458.945243941615
12.166666666666666,11.499574955384428,40.27054556231892,103.17216555400147,183.8546168095672,245.8933489384361,326.126781913021,432.9783706506317,674.9961699101323,1015.0039845065506,1474.8919097184912,2298.7059866091895,2548.6862322113634,6717.831334446066
12.25,13.799325244413163,52.437127446161846,128.13139780959847,199.99710021436218,266.2347379365351,351.85191311125175,465.73347986604995,730.9103311412962,1092.0248172464455,1619.080134901812,2491.710160584586,2757.9576056746005,6993.768486622421
12.333333333333334,15.01713703811477,62.220722721468555,146.82371699557444,206.27641973106435,273.967686424433,361.6836821415681,478.5470541257291,761.2248920486031,1139.0061197303648,1745.003557194158,2663.527169355974,2945.1607867525927,7258.003926992023
12.416666666666666,15.180953135806522,68.34241497196355,156.9632926976807,203.93985551419647,270.7658972107969,357.8159851002318,474.2412076607492,770.3128619284203,1162.1505798292728,1844.0404677092552,2803.4531329930846,3098.9651813778587,7499.721414855813
12.5,14.555880626247951,70.19027499610047,157.89716249965798,194.9773255638675,259.2196771548301,343.565111152419,457.06586956872263,764.7980976779086,1170.6725432312805,1913.5482193171665,2908.4583728845864,3216.2094679809666,7715.243770020747
12.583333333333334,13.202982940081299,68.2018912545204,150.96106503811492,180.94268605231855,241.34161587174913,321.4929192195579,430.45848185703824,750.6571711508248,1172.9047586612414,1961.452429259461,2989.0610859024982,3308.2182715483978,7915.819077129086
12.666666666666666,11.531761744779065,63.23998341728768,138.25910151250514,165.99305360109966,222.46992593477268,298.3590765939633,403.5304937652694,741.7538191470865,1186.1829558158072,1997.808336983248,3058.3237796540175,3389.0757063641886,8116.843168546591
12.75,10.029595276228523,56.14621751021244,121.65118895967395,152.31156737385027,205.36368009219865,277.60381450443367,381.7999616193845,746.9772286257031,1220.2550785062153,2030.2911696281044,3126.3035240429813,3469.7633963283997,8331.231370698893
12.833333333333334,8.68900105131601,48.56147984505365,104.62531782996231,140.45189352537093,190.7053506682438,260.0474963378552,367.4871853941605,770.8252350213834,1278.140699377329,2076.0272291430465,3215.9979010072366,3575.297475772516,8583.737970355269
12.916666666666666,7.5902089931407595,41.525202114904374,89.25316550243032,130.9782918002581,179.19440685705644,246.5404052341406,364.4548890808564,816.4668213736409,1361.037752596283,2143.932146085323,3340.0937242366667,3719.688291472544,8887.478149564076
13.0,6.630541963517125,35.31656553329263,75.99907358944102,123.40514176099205,170.21294100097003,236.3738942903417,376.60594446244306,881.7625086925723,1465.0930160251537,2236.0614385248423,3502.711962401527,3907.7370856578937,9246.594673442747
13.083333333333334,5.8153143411707795,30.188674617411127,65.32677584518811,118.0417423317079,164.15994600153348,230.6017259756268,409.79096666396686,963.8715673041994,1588.5140035092488,2354.3652468653813,3708.1603970984834,4144.337203808564,9663.410966039408
13.166666666666666,5.134636953254304,25.930531399373045,56.81639390316872,114.82481570536038,160.95519502309048,232.27925676493686,465.0391632440139,1057.3631333144199,1729.6363388246548,2497.235975800734,3955.957147665559,4428.989553862088,10133.63179521936
13.25,4.559697072378771,22.59331599660998,50.65439590910874,113.88903331793,160.80601113488498,251.35439986047734,536.7931434751631,1158.1758252939771,1890.4968298668448,2666.571240503925,4249.121669182004,4764.562781993771,10656.501924154485
13.333333333333334,4.086254942186938,20.00692051505734,46.624683465907594,115.42789726337735,164.38119693605054,293.0485937826613,615.3259711305416,1265.8509875529783,2076.35152368674,2863.792934546117,4587.815437572381,5150.581543180783,11229.191071313591
13.416666666666666,3.7221669335429546,18.172161857389984,44.86121103485142,119.64490138223246,174.4520228562952,352.56312862014494,692.1992603571773,1384.7321859511112,2292.8673476032404,3090.913695332489,4970.874320210621,5585.471125797251,11849.665495941663
13.5,3.4839955244592042,17.213864661657567,45.68061544722684,126.7692570678515,202.38157864785333,417.66771766238213,763.6149144288419,1522.8108890647898,2541.78772304517,3348.6634982925916,5395.931651382664,6067.5639639569745,12515.311513073471
13.583333333333334,3.406686081572737,17.348266145340027,49.418916753656305,137.60767151540733,250.50610422717773,477.9312505785194,831.2301260995837,1688.3038508503566,2818.821685902463,3635.0589161452203,5861.797134548196,6597.950716021178,13222.043046666415
13.666666666666666,3.543757885306494,18.828153924847083,56.29939887812464,154.95787060225916,304.3859461048032,528.9023592905866,901.4116129040829,1884.224790014618,3115.7166910141236,3945.7774681365045,6371.380992438766,7182.4464622022815,13961.225884465699
13.75,3.957505674381305,21.840610429269198,66.29749661181927,185.29060331125152,351.0418873855731,571.1532831208577,983.9954989849793,2105.0372246120805,3426.712794655431,4277.383501143641,6932.734195968269,7830.192614440632,14717.664940374038
13.833333333333334,4.70345343829255,26.459502534930444,79.18094942216561,223.1921254733026,385.9101027024199,608.6357469869707,1089.2831326308915,2339.11687333963,3754.857994903664,4630.942222792691,7554.757683402197,8546.760034635146,15468.998580414347
13.916666666666666,5.812329115656267,32.58647680488992,94.59110985754384,257.9863427628737,409.92616767110553,648.4243040571924,1222.481529984103,2576.73497234227,4113.55855827039,5013.818268507279,8239.489696175788,9325.899805171968,16188.467452423605
14.0,7.267844687234127,39.952305477520305,112.30020541187497,284.4178028048268,425.80112208353586,700.9501354743153,1378.4077348774617,2817.9102681263425,4520.626022370539,5437.03026312763,8974.900117844027,10144.87095691672,16849.006192633842
14.083333333333334,9.006443723311424,48.15613898390654,132.4736582633398,302.22877475580196,436.79459654781687,778.1399222062026,1543.0379720007325,3075.136029655868,4986.662706662993,5908.654578278645,9733.577717816212,10967.224641303352,17427.594508062433
14.166666666666666,10.923448571101497,56.71205345286341,155.68327769984035,313.07970092927366,447.2563228963073,886.2412809374772,1702.551808201167,3368.645049783896,5503.866184707866,6426.051360058256,10478.05030107008,11750.84266206835,17907.106603643224
14.25,12.895395321773266,65.14671787121897,178.90487303775626,318.7903657735713,464.46076432000945,1017.4374914542262,1852.569496309935,3715.391546889671,6044.326651915282,6972.236476829534,11169.798395973134,12456.9588402261,18276.954718686975
14.333333333333334,14.800942110490933,73.04039884682086,196.96989314909254,320.8436647590006,500.4560919046948,1152.189005772128,2001.403141338466,4116.162680122834,6569.942815677275,7519.026545890481,11776.577924131441,13055.808667986148,18532.862502255095
14.416666666666666,16.53956241880236,80.05227131661898,208.50396718045792,320.54645697217035,569.1471728849489,1273.1800628132194,2167.836029640202,4549.915279109755,7046.399292864537,8035.388293137986,12276.12538905847,13528.763889148591,18676.411020523043
14.5,18.041402761911815,85.93844395328743,214.3502008928948,319.6783408808654,672.839076976366,1375.717740895877,2374.634485431327,4981.422878647255,7451.546437964395,8495.34884738717,12656.418743034063,13867.844839479058,18714.155041576785
14.583333333333334,19.265105930103232,90.54497599304982,215.909588029082,322.066170710397,791.8593554565903,1467.939373639593,2637.112048118671,5376.50666379053,7775.466494970058,8881.750403230018,12914.392566118275,14074.239817472995,18656.78803456704
14.666666666666666,20.185191700519447,93.8165999719683,214.44526423918242,336.917598798166,899.5498925393863,1567.1536165110463,2950.474280808284,5713.214537556995,8016.509410189399,9185.893246780533,13054.30647915316,14156.520682626671,18517.486944891876
14.75,20.802456167837807,95.76042041462658,210.8777193600784,380.72265801100343,983.3046321329869,1696.0261443258073,3286.976354265387,5983.440526523632,8177.5919084050765,9405.22897251548,13085.92611286725,14128.489435143814,18310.59576010373
14.833333333333334,21.129538711339727,96.41655224946112,205.8115585281352,463.3829622343164,1046.4089862396045,1875.1912740630858,3608.985175127105,6188.011514446783,8263.945679913844,9541.48211827586,13022.982471073798,14007.255374410182,18050.62675035736
14.916666666666666,21.188519793067375,95.87381945158475,199.68491183991878,565.241324078447,1100.7553150125095,2110.0751028623677,3887.5373745972947,6331.387550294281,8282.569140179014,9599.75285276376,12881.76855092882,13811.568175509694,17751.125310606276
15.0,21.004657415497853,94.24228107520094,192.80835949886307,653.6631938310301,1163.0228963875463,2380.597665729353,4110.823797743271,6418.556752148494,8241.99506436052,9587.735574171036,12679.253470698333,13559.836629580996,17424.17177046919
15.083333333333334,20.608365922720314,91.65386892475262,185.42546791955877,715.3914103066968,1253.723759121612,2648.977304306468,4280.686818168707,6454.4238300556335,8152.056485313314,9515.281451098821,12431.847559153332,13269.01551953731,17080.093486304857
15.166666666666666,20.034858687768864,88.24950600245877,177.7150769155508,755.7536993748954,1391.9855831329526,2881.705189352596,4404.653768137919,6444.245757872454,8023.206292080926,9393.476572891508,12154.201161305078,12953.6148660413,16726.975559394257
15.25,19.323185429914787,84.21871584713924,169.892414817334,785.8192276613984,1581.843805933089,3064.1954209175756,4490.038374635159,6394.142223099002,7865.726118838198,9233.730519757451,11858.62168139623,12625.368515051434,16371.52246597622
15.333333333333334,18.512661005777126,79.77620212529354,162.4632399358205,817.8803593406581,1800.781395353379,3198.9797443896387,4541.737974184604,6311.100801281609,7688.970125678663,9046.845803365673,11554.814294591095,12293.189961959988,16018.750217652896
15.416666666666666,17.641778317716923,75.13491282820934,161.676349106309,866.9939660795485,2009.9976568728125,3296.140086242919,4562.687127832296,6202.578959841686,7500.903958443271,8842.407674589487,11250.056462303788,11963.514330494256,15672.134425767865
15.5,16.74473932420747,70.49240548324107,204.0419345097484,951.1572028279215,2179.7037839427644,3365.400197185904,4555.214803979964,6075.86454457998,7307.86169300109,8628.367058706752,10949.439708404418,11640.639737270398,15333.885871585266
15.583333333333334,15.849817799383462,66.04668823750322,297.811920224069,1082.615357500338,2302.089829519625,3412.802235513065,4522.194903981889,5937.5469846629885,7114.598521002739,8410.9493585147,10656.275802219428,11327.190409822499,15005.061500794896
15.666666666666666,14.979208725420097,62.03382726787709,384.6690798739845,1251.5940120548678,2385.4818937559367,3440.7928557465507,4467.428032067272,5793.117701568673,6924.410993831971,8194.69777176793,10372.431655098457,11024.468494216873,14686.0367870867
15.75,14.152479283930386,58.740264638724724,434.69324963858855,1424.257983534304,2443.032548681477,3449.890104072615,4395.449449244795,5646.842232936474,6739.392691292868,7982.6948911604595,10098.710140946769,10732.836540861883,14376.624833869259
15.833333333333334,13.39080592823862,56.52150401440671,455.85566175622677,1566.2127150975077,2485.330111141124,3440.4202723071458,4311.0008847514855,5501.780865615531,6560.672625571097,7776.797330726522,9835.127654433416,10451.981845988208,14076.064274517776
15.916666666666666,12.723450831609265,55.866109501256375,462.0967797213389,1663.7548471067662,2517.9662423661416,3413.58963618498,4218.515632577779,5359.946966239274,6388.6724263362385,7577.959261666397,9581.243823491683,10181.235941851424,13783.591344606888
16.0,12.194940525428633,57.39545797897326,463.29225578411666,1722.7189176205507,2542.1364225591437,3371.7369950137145,4121.75946012853,5222.513481384897,6223.330817303567,7386.455455294285,9336.332722432833,9919.726479871553,13498.44475586763
16.083333333333332,11.873383697477886,61.86117705433271,468.0371327025185,1756.7134878407214,2556.523648759878,3318.006726511129,4023.6607267081845,5090.013703769879,6064.275959534427,7202.094861062033,9099.536884801259,9666.514251654384,13219.731423658339
16.166666666666668,11.853650853024442,70.05025669019675,490.04949802866906,1778.4274865425841,2559.2960885805805,3255.7996310834615,3926.297517026792,4962.514764801368,5910.948991921113,7024.378871924091,8869.95512146886,9420.663071411565,12946.601934219707
16.25,12.25130404759264,82.51973817146583,553.6237107898003,1796.2833276215958,2549.5294743556155,3188.31250895678,3831.030906846295,4839.818620538631,5762.761831757375,6852.693994309512,8646.787440665947,9181.374832152707,12678.34985625755
16.333333333333332,13.180347547074463,99.21884301890552,680.3206147820688,1814.0608980183217,2527.7282374509314,3118.2166683586047,3738.6360753772324,4721.566533238256,5619.14413327334,6686.409971302214,8429.371161002886,8948.01186477564,12414.399588478906
16.416666666666668,14.71723618474911,119.33405091755502,849.1028187715281,1831.7575278151141,2495.6386412257875,3047.5365252376287,3649.4554743201816,4607.33198528951,5479.586778212679,6524.917454939104,8217.154994217939,8720.056804716342,12154.729052496428
16.5,16.863333487797416,141.49055170071702,1000.0849994526652,1846.9986432710252,2455.697300072295,2977.660249625821,3563.527234232705,4496.672672586445,5343.6473999095115,6367.6487009770735,8009.668926152509,8497.0718600969,11899.503169566562
16.583333333333332,19.52674756758102,161.66904111509908,1095.5165734096336,1856.6688567185927,2410.4663316870915,2909.4433502850725,3480.7061144987683,4389.1810901946155,5210.967420040915,6214.14734743451,7806.576079804455,8278.749644796337,11648.88968983501
16.666666666666668,22.53478215687176,175.98790074062634,1138.2913127616507,1858.314534411379,2362.2279446856687,2843.3366142564482,3400.7520822743872,4284.508583585193,5081.269897336496,6064.059545693688,7607.637310126846,8064.873624847062,11403.088842944006
16.75,25.672552746823865,184.35713460889565,1147.4051715332002,1850.9149592683343,2312.777799346607,2779.502215624443,3323.3835495800326,4182.361957791072,4954.335954197079,5917.128183034109,7412.693097651846,7855.299774068746,11162.07095162873
16.833333333333332,28.727684241717647,188.24313647723142,1139.8356754515075,1834.927437462267,2263.380486461008,2717.9070504978235,3248.305500103602,4082.486385024388,4829.974228198924,5773.144389083039,7221.599716549615,7649.891201043234,10925.81476696729
16.916666666666668,31.525267244427475,189.18100222327746,1126.6248638531345,1811.8579684729732,2214.8474946219267,2658.4212494866474,3175.257684638599,3984.6923499786085,4708.051225179337,5631.9506000322135,7034.240763803744,7448.53494312413,10694.282641805052
17.0,33.94518309345024,188.30200600297363,1114.308998409291,1783.663523738335,2167.6322064203687,2600.864181356124,3104.01457706177,3888.8336617956743,4588.465698880264,5493.425715931914,6850.520530894302,7251.13976541222,10467.237697900473
17.083333333333332,35.92403147348048,186.3422546691278,1106.706367569415,1752.2587605704205,2121.92892086448,2545.032964335143,3034.379400389684,3794.7884068738535,4471.128841295366,5357.45989278509,6670.346302140861,7057.621487595872,10244.674707958666
17.166666666666668,37.44608107585068,183.7714218088904,1105.8277734668213,1719.228296343419,2077.759735944465,2490.721784640643,2966.1799764894013,3702.44930671416,4355.957078613805,5223.945666426258,6493.6314640879755,6867.90902264951,10026.66363681677
17.25,38.53031388367096,180.89280890597706,1111.9907868092532,1685.7290365560805,2035.045264497521,2437.7385411169985,2899.2714976339093,3611.7271594258677,4242.881334638053,5092.814052840615,6320.354260172978,6682.00790610371,9813.383638489706
17.333333333333332,39.21735143186618,177.92859128294594,1123.702041011935,1652.5124349979303,1993.652655235094,2385.912311506067,2833.5353083793684,3522.5510194459866,4131.852215988998,4964.011519429377,6150.533660131239,6499.972678428935,9605.08955652488
17.416666666666668,39.55938384495785,175.15170011937795,1137.8856540049712,1620.0060171304845,1953.4293182342562,2335.0991490395536,2768.8805042773324,3434.873080279069,4022.85035648171,4837.514400597805,5984.247749719187,6321.922994301476,9402.064209428765
17.5,39.612592161725395,173.38415438061912,1150.7210483725887,1588.4002650124391,1914.215580708827,2285.1737606371366,2705.231092733972,3348.6551421021013,3915.87283747234,4713.326127477126,5821.622750477744,6148.027069999861,9204.63980428836
17.583333333333332,39.43191482512083,176.6513937860679,1158.845585192828,1557.7368771036565,1875.8647306807923,2236.0386748997885,2642.53643356459,3263.885946366099,3810.9554819649006,4591.471771044538,5662.812995242963,5978.475274037575,9013.110084408878
17.666666666666668,39.067757071654334,200.2257116662664,1160.297861502097,1527.9675188576487,1838.2451047548923,2187.616747643044,2580.762008213955,3180.572417770455,3708.1607069036945,4472.002948461628,5507.991766742283,5813.466285600358,8827.681304581349
17.75,38.56476385001062,262.38816238663196,1154.7702337409125,1499.0001959530503,1801.246960656954,2139.8533034709567,2519.892571181024,3098.746410884611,3607.58217634528,4355.026741978222,5357.374305643267,5653.2294896369,8648.527625089979
17.833333333333332,37.96128787905661,343.82131666738417,1143.2209211283136,1470.7275983989418,1764.7835232217683,2092.7136095882934,2459.9298481902956,3018.46299050229,3509.3375441076205,4240.6817005979,5211.175032193433,5497.978888769609,8475.787642674335
17.916666666666668,37.29054338406093,408.0116447792342,1127.2252007447662,1443.0407603554368,1728.7858747749772,2046.174603095107,2400.8833533285488,2939.7880360232325,3413.5476373762103,4129.120645033673,5069.57913413042,5347.884367082525,8309.499865564781
18.0,36.58151593220527,443.5131663873482,1108.4115553613533,1415.8384055574431,1693.2008744237914,2000.2218196308093,2342.767678630475,2862.7926691823463,3320.324615104528,4020.483334514139,4932.707101840587,5203.036916135905,8149.598209881968
18.083333333333332,35.86009990161478,457.4146533253627,1088.1298426362844,1389.0403858537677,1657.9998921055947,1954.8607970001801,2285.617461932562,2787.569392760392,3229.7880894010646,3914.911408404862,4800.64077185354,5063.480763750476,7996.002603452228
18.166666666666668,35.15098026038525,458.97069544695415,1067.3363251399942,1362.5871366709066,1623.173912431047,1910.1122602730434,2229.4818762572204,2714.2201840348903,3142.0485492951284,3812.548320633813,4673.434150499028,4929.229255070384,7848.6318885502715
18.25,34.47914220167038,454.3062224769355,1046.6162708796253,1336.4336061627487,1588.7240874862848,1866.0019219971916,2174.4118956855013,2642.8348594077816,3057.1809868516425,3713.4955631964544,4551.068683877522,4800.220356448376,7707.312670158651
18.333333333333332,33.87069481499547,446.72784573557044,1026.2691275596485,1310.546416203178,1554.6575880487976,1822.556825887548,2120.455245452158,2573.480572328085,2975.2146242050453,3617.7930390482575,4433.439807352848,4676.30455492461,7571.790819068138
18.416666666666668,33.354305208898744,437.89111196744875,1006.4040395857762,1284.9109165344728,1520.996447559765,1779.817701095057,2067.671102457371,2506.21935433514,2896.1592129849832,3525.48061735293,4320.448774157781,4557.3447056884825,7441.79469559829
18.5,32.96075118219447,428.6129456983669,987.0193122735423,1259.5261430260484,1487.7717608312603,1737.8330625274948,2016.1225008355063,2441.0986744050033,2819.9994006435854,3436.575400739641,4211.982348507293,4443.194894217343,7317.053566358672
18.583333333333332,32.72267615603899,419.3066933699778,968.0586390607391,1234.401307249751,1455.0200534582978,1696.6557008173318,1965.8718678305197,2378.148052142503,2746.6965522207856,3351.047548546457,4107.8880178178315,4333.673816363009,7197.308246140802
18.666666666666668,32.675986242282015,410.19501793654007,949.4468426781417,1209.549293656609,1422.776004378573,1656.3341330873448,1916.9704121134675,2317.368954230408,2676.18150207904,3268.818089554578,4007.9743783241406,4228.564488651681,7082.292083267052
18.75,32.86278600922188,401.4111968314419,931.1104136827881,1184.983250090027,1391.0689481508953,1616.9081659061592,1869.4526937310682,2258.7323938748377,2608.3554589994724,3189.7631175792058,3912.016080115789,4127.61837229575,6971.738774065161
18.833333333333332,33.335928384342715,393.0491763200941,912.9874565755281,1160.7192060686393,1359.9267941809403,1578.4132727618962,1823.3423314404893,2202.1915766989036,2543.1078585643827,3113.7450004281723,3819.7913895873526,4030.5943611667117,6865.409489945194
18.916666666666668,34.16351980891195,385.18784129804584,895.0207571547892,1136.7796876350362,1329.3812073650852,1540.8864811300539,1778.6599585720794,2147.697350643451,2480.336125926507,3040.631410900637,3731.1025173368994,3937.2795041996037,6762.892525001651
19.0,35.43135404074335,377.92114337136053,877.1673576263595,1113.1879308651812,1299.4612087405399,1504.3581235627664,1735.414123098863,2095.1905192883723,2419.935731991651,2970.276468285614,3645.7462547954656,3847.4567920212935,6663.804027448192
19.083333333333332,37.241489210617395,371.3927245022038,859.4098950829549,1089.9679381512865,1270.1941715896132,1468.853044036049,1693.604110337735,2044.608677751425,2361.8071369297654,2902.546717780232,3563.5440801984323,3760.937040143481,6567.7682324426705
19.166666666666668,39.69998709330081,365.8215439771597,841.7439291705462,1067.139789192667,1241.6009212348115,1434.384767491272,1653.2141585852944,1995.8803388862098,2305.8466278052915,2837.310853696348,3484.325745646765,3677.5410982817093,6474.361150713546
19.25,42.893245985504244,361.54089975058315,824.2003959611097,1044.715875942687,1213.6918438590837,1400.9510698579281,1614.209296764483,1948.9197985135884,2251.937989503613,2774.443949174329,3407.933135379043,3597.103939188198,6383.708128651605
19.333333333333332,46.85778831194308,358.99130388556057,806.8304019593703,1022.7058755070476,1186.4735615418747,1368.542652885372,1576.5471124960407,1903.641777749014,2199.9687410948163,2713.8335380555955,3334.22776415024,3519.482690018584,6296.161554661802
19.416666666666668,51.55200615175927,358.63637060452413,789.6611636243357,1001.1193576201102,1159.9522751850322,1337.147665629768,1540.1841321724817,1859.9682277608806,2149.837302457881,2655.368085119326,3263.075967824349,3444.5406504430425,6211.983001994378
19.5,56.84164467032544,360.8115410689622,772.7073373744511,979.9624048774159,1134.129302449278,1306.74655823548,1505.0700455484634,1817.8188515935149,2101.440807124523,2598.932887978487,3194.3439901038496,3372.1417471167124,6131.354101420687
19.583333333333332,62.50706608472107,365.4798411260274,755.9653307012404,959.2453433010813,1109.0102169812974,1277.3238268439316,1471.1625841590926,1777.128852983563,2054.6968974508454,2544.425456114094,3127.918232224608,3302.1717967136155,6054.2793529094
19.666666666666668,68.26976271224366,372.039442988192,739.4307800185168,938.978076192659,1084.598507688828,1248.8607076272908,1438.418756775902,1737.835943354649,2009.5281777950559,2491.745527679461,3063.691601776466,3234.523299811874,5980.808256296086
19.75,73.8316124433318,379.3520193074591,723.1125890702654,919.1697274872694,1060.8947170585243,1221.3347735534546,1406.7944684844995,1699.878826474006,1965.860901404599,2440.8060811671544,3001.576674193225,3169.108973624815,5910.840389367818
19.833333333333332,78.91518721402029,386.0458472873469,707.0003170780349,899.8294369499574,1037.8972345192003,1194.7216702948622,1376.2466362176376,1663.1994001542964,1923.62810612842,2391.527436451406,2941.496063642587,3105.8509106172824,5843.935020882356
19.916666666666668,83.29542892490983,391.0035157463699,691.1130561273221,880.9638031647665,1015.5991946225395,1168.992031546288,1346.7291988204797,1627.7372578006843,1882.76298651412,2343.8307729545986,2883.3716550936874,3044.668664497373,5779.786316545374
20.0,86.81856965605238,393.6609234091176,675.4934676380881,862.5790327734419,993.9914911081416,1144.1158605146798,1318.1981785686269,1593.4362881512234,1843.2067251654578,2297.640691852212,2827.1257170695458,2985.4803017190493,5718.110482097094
20.083333333333332,89.4068776987284,393.9930715889288,660.1524424342124,844.6777605559189,973.05936599509,1120.058775279601,1290.6066039764064,1560.2380698013728,1804.8997874426937,2252.884786709956,2772.6785915255196,2928.2000552873383,5658.693613286649
20.166666666666668,91.05226874364884,392.3388552348376,645.0885389556552,827.255839813781,952.7791012116816,1096.778164024568,1263.8993141604847,1528.075183320024,1767.772908831751,2209.4954550036196,2719.9501764418246,2872.7403015643213,5601.328891004572
20.25,91.80422208206915,389.17404782361973,630.2808728004701,810.3139322441835,933.1332013756156,1074.2420308519538,1238.035825787463,1496.9014106626958,1731.7832509423267,2167.4242024994355,2668.8787535600413,2819.032304647852,5545.79453139434
20.333333333333332,91.75332213573732,384.96255203203054,615.7129902701412,793.8542650026328,914.1071378367442,1052.4248596935481,1212.98498235797,1466.6847275615507,1696.9048523577303,2126.624067897297,2619.398887210399,2767.0031192707297,5491.915940547492
20.416666666666668,91.01490122538054,380.08534792599306,601.3882184869751,777.872440054476,895.6798777693356,1031.295653826117,1188.7100501675814,1437.3874935585882,1663.10338427384,2087.069058748351,2571.4685615310977,2716.6052753935287,5439.551490432208
20.5,89.71536532037952,374.8059414753228,587.2972829260223,762.3572477976703,877.8242233926217,1010.817999180579,1165.1686776647805,1408.9658819401361,1630.3346393615989,2048.742379427178,2525.055910298823,2667.803042375113,5388.599496677448
20.583333333333332,87.9812966518769,369.3112503538959,573.4683340729093,747.295841119422,860.5136085297876,990.9580415318392,1142.3226141481498,1381.3819181537078,1598.5587539436128,2011.6166918080348,2480.11567275041,2620.5475222820596,5338.969679200775
20.666666666666668,85.93178636494208,363.7297456296611,559.953145109922,732.6767409928046,843.725970560978,971.6888355774779,1120.1429504656267,1354.609558764283,1567.7474731640457,1975.6576404256894,2436.595868575336,2574.7839343232267,5290.565374469564
20.75,83.67395608766849,358.1190873481069,546.7569871388143,718.4868844596119,827.4400204539959,952.9853543654409,1098.603840651693,1328.625687945636,1537.8732709064868,1940.818843893656,2394.432618841526,2530.445951599253,5243.323334773136
20.833333333333332,81.30008525312815,352.50212982118,533.8713527814649,704.7074924392645,811.629910355847,934.8176278193059,1077.6739027939147,1303.398182911807,1508.895168803511,1907.0517399719977,2353.563644938051,2487.4698877667115,5197.215172960069
20.916666666666668,78.88610187844252,346.8877800320839,521.2894004746342,691.3229979486255,796.2760518310029,917.1639702953869,1057.3323370475962,1278.9066208932218,1480.7848174241126,1874.3064009516706,2313.9292425810822,2445.795361122278,5152.192552181617
21.0,76.49176599584037,341.2794112716567,509.00712219863635,678.320272689967,781.3637825671286,900.009236403115,1037.5665068977332,1255.1388216620396,1453.523051966126,1842.5177262350862,2275.4535746297465,2405.34483187733,5108.169580140935
21.083333333333332,74.16207157590786,335.693922839679,497.051328604809,665.6839948458568,766.8771445207569,883.3370486139105,1018.3620305996305,1232.0777986460773,1427.0847340816972,1811.6435623818306,2238.0936400535325,2366.075732121798,5065.083183795206
21.166666666666668,71.92854837765829,330.1442524460577,485.4418973866458,653.3975152714696,752.7994137046926,867.1303758500311,999.7031657398247,1209.7025228276768,1401.440508154355,1781.6568883092932,2201.8276583480374,2327.967634075518,5022.895318749436
21.25,69.81079587309416,324.62663471992937,474.1653398478303,641.4436649360995,739.1134993964256,851.3719507707862,981.5730539072439,1187.9887678915147,1376.5585089233537,1752.5248400575028,2166.625916891061,2290.99065202893,4981.519559567941
21.333333333333332,67.8183093369882,319.13839941415966,463.20784204065535,629.8054007466098,725.8021395412377,836.0444462294092,963.9537686809351,1166.909869410425,1352.405699062283,1724.2104553981846,2132.4513260440426,2255.1057984563313,4940.8381289878735
21.416666666666668,65.95439674963131,313.6780453949077,452.5552017552357,618.4701867054173,712.8528093503961,821.1364996686424,946.8336802096788,1146.4471288420418,1328.9606937112935,1696.6933084089926,2099.2849638483126,2220.292305081248,4900.7571509265435
21.5,64.22030532507888,308.24614915398075,442.1947977803184,607.4271195631158,700.253745876273,806.6377575307808,930.2013654796676,1126.5824299992823,1306.2044098325507,1669.9680283493176,2067.1231716074612,2186.544642186179,4861.217307522298
21.583333333333332,62.61855479771519,302.85302416394904,432.1306955584639,596.6621608491618,687.9878096912025,792.5312403342319,914.0362735939785,1107.2864134643653,1284.1050275651255,1644.0302483569574,2035.9589542934852,2153.8529169314515,4822.1911458860395
21.666666666666668,61.15789291374319,297.5060028422352,422.36009685173775,586.1605909564885,676.0355349269798,778.797055190748,898.3134317648827,1088.5249296041186,1262.6253081926893,1618.8644972142256,2005.766793398562,2122.1870818683383,4783.654558047807
21.75,59.85867845133146,292.20861926402995,412.8726200438857,575.9142090599358,664.3842842442409,765.4236468458902,883.0175111608642,1070.2776614323607,1241.744893951136,1594.444025164041,1976.5038194403417,2091.49871894756,4745.592087529498
21.833333333333332,58.75568836452244,286.9650793401454,403.6595724172681,565.9182625121102,653.0248107479854,752.4034630378933,868.1377381197071,1052.5314398073326,1221.4516487095755,1570.7425919708235,1948.1269941496787,2061.7398780101394,4708.010088317891
21.916666666666668,57.8981851051888,281.78118673203744,394.7161130961116,556.1715459556416,641.9518771578979,739.7336059672459,853.6689615438247,1035.2814752919373,1201.7428111792663,1547.733249698302,1920.5930987030888,2032.8632574560831,4670.937690650098
22.0,57.345872689729084,276.67021054103225,386.05241086684606,546.672525684581,631.159957452259,727.4103295595453,839.6050858775282,1018.5224088539844,1182.6138031225275,1525.380352093578,1893.8493504155467,2004.8121066300675,4634.433118082099
22.083333333333332,57.16128759391899,271.63127893431755,377.65217957334124,537.4144047534595,620.6375522107284,715.421743910667,825.9302371573528,1002.2363459024816,1164.0435400729261,1503.6642716573779,1867.8662899835651,1977.5553031207094,4598.5504377201
22.166666666666668,57.39828685164841,266.6469279464962,369.4678769579441,528.3896433429487,610.3731284259619,703.7548712043942,812.6275982054996,986.404181877671,1146.008506070841,1482.5664288387202,1842.6180852305517,1951.0659671621997,4563.324542590404
22.25,58.08791061533546,261.7153561091186,361.4824533056765,519.5934842289828,600.3596807031109,692.4010611210559,799.6862292663977,971.0143865881876,1128.4937843100327,1462.0650694408414,1818.0765028650578,1925.3147411859031,4528.820708140232
22.333333333333332,59.22635272148507,256.8494898059,353.71060972673047,511.02199270171667,590.5923450096366,681.3529518777012,787.0974596682139,956.0581289024437,1111.4872748938553,1442.1429170745046,1794.2202204177686,1900.2795863753092,4495.139463976452
22.416666666666668,60.76833933713921,252.06126890463398,346.16342850100796,502.6694624527572,581.065102598538,670.6004619326342,774.8500256517257,941.5227231455265,1094.9717566681431,1422.780623353389,1771.025539136263,1875.9357348623412,4462.364069944304
22.5,62.628213045675004,247.35521139607908,338.83483391377814,494.52590196310166,571.7674631020869,660.1268844090098,762.9252365488582,927.3850863922296,1078.9169337341266,1403.9556857354394,1748.4644860714716,1852.253668807597,4430.545036717793
22.583333333333332,64.69061536303742,242.7314727659237,331.71538184065935,486.58510640099524,562.6942103255764,649.9212325128248,751.3120867681992,913.6314610445294,1063.3037761737369,1385.658245211971,1726.525344685331,1829.2212245121425,4399.758606131403
22.666666666666668,66.82576309335613,238.198572465175,324.81257356077606,478.84470202955424,553.8451278367926,639.9782620833352,740.0071296838379,900.2572549459095,1048.1245638521623,1367.8816987180576,1705.2004558966257,1806.830634217586,4370.106832121951
22.75,68.90661861705156,233.7613044099721,318.1280035657941,471.301791901348,545.2192886934906,630.291816637376,729.0060945391509,887.2561614621118,1033.3698045262083,1350.591384453842,1684.445494928027,1785.0349883756153,4341.637639063982
22.833333333333332,70.82475118604978,229.41518359915273,311.647166191653,463.95190320242534,536.813535515201,620.8533578942938,718.3018522750524,874.6176686566449,1019.0253781819342,1333.7380018883002,1664.1974643138567,1763.7676386300204,4314.351527885885
22.916666666666668,72.4996648184417,225.15596200612245,305.35784959713027,456.7868189049189,528.6196694064873,611.6488460692855,707.8802770818666,862.3217833935714,1005.066156561709,1317.2965380897265,1644.4259857474212,1742.9972337438203,4288.247273165802
23.0,73.88319197043232,220.9794681240913,299.2497761050244,449.79727623353364,520.6277575245099,602.6630864941463,697.7252489639236,850.3457348333353,991.4642344563451,1301.254940431468,1625.118431413419,1722.7117072595317,4263.3268277714305
23.083333333333332,74.95837343350672,216.88275934380948,293.31647683424853,442.97706556970206,512.831226405885,593.8861703052452,687.8262365144061,838.6740778628493,978.2012908226436,1285.6151963392608,1606.2811020766173,1702.9194248495428,4239.591751300274
23.166666666666668,75.73264192323951,212.86201317000027,287.5508332057665,436.3216623507483,505.22519953566825,585.3114544141162,678.1755349710533,827.2952520617296,965.2643134994869,1270.3745008073236,1587.9143342240307,1683.6223913598299,4217.017300974712
23.25,76.23095234616673,208.91240259141483,281.94443925914936,429.82843164166985,497.8068356282663,576.9359199460249,668.768589329767,816.2022347008417,952.6463186676921,1255.5110874815143,1569.9939366849253,1664.7962879699817,4195.552151492716
23.333333333333332,76.48753698322989,205.0294924449039,276.48998688644997,423.4921834218912,490.56993485300313,568.7533521852336,659.595649349333,805.3818043600007,940.33304581757,1241.006977799092,1552.5011402941273,1646.4225259105597,4175.138702579055
23.416666666666668,76.53839938723146,201.2087839291804,271.1802002699435,417.3104979407563,483.51173760925747,560.7625137767775,650.6520621707468,794.828228668003,928.3195665973092,1226.8536505078255,1535.4299769538395,1628.4960155476997,4155.717957792494
23.5,76.41759459959589,197.4456952452813,266.0076008998378,411.2856413831407,476.6355452901945,552.9700880863353,641.9422225389452,784.5485263985564,916.6165370362075,1213.0449158825202,1518.7775229020572,1611.014491119956,4137.240987182576
23.583333333333332,76.15412530238319,193.73609442803536,260.9653673454322,405.41280405374204,469.93607350468557,545.3722508154892,633.4572263764976,774.5330893931866,905.2139837352886,1199.569667031543,1502.5337783096165,1593.967483296008,4119.641707666177
23.666666666666668,75.77061949467533,190.0763407387597,256.04731201473703,399.68378589177,463.4011349476549,537.9564695303802,625.1774495126938,764.7589630439666,894.0852381351805,1186.4016484771769,1486.6677923531352,1577.3214080865348,4102.827916617723
23.75,75.28415420733975,186.46304728553017,251.24708443507686,394.0931614040905,457.0244927707823,530.7171998049582,617.0922148455975,755.2155080396136,883.2184255312566,1173.5288801605584,1471.166115802596,1561.060923719554,4086.7360919971707
23.833333333333332,74.70642690609779,182.89320004206022,246.56094716214275,388.6388477246846,450.804186580118,523.6537293522189,609.1974041442136,745.9010302685688,872.6123978283721,1160.9542296813015,1456.0336365805567,1545.190008412917,4071.3404163511673
23.916666666666668,74.04461899397563,179.36407372660875,241.9832810852115,383.3190637611721,444.7386804600911,516.7654401513496,601.4898252264719,736.8150694048344,862.2673381019114,1148.681913654782,1441.2759106128074,1529.7131709715222,4056.8226921680443
24.0,73.30292682070808,175.87328283460235,237.50858869962946,378.12789222490096,438.821248325066,510.0449770071162,593.9589168121565,727.9471033422541,852.1709406025444,1136.710467112102,1426.8898350838524,1514.6255702820108,4043.3687236037426
24.083333333333332,72.48191306886683,172.41934699615013,233.13205873984225,373.0301811433541,433.0087371753534,503.4397813346538,586.5393726622448,719.2139084120438,842.2216285653451,1124.8930184533515,1412.680431291272,1499.7166469870642,4030.0928223497676
24.166666666666668,71.58147076604281,169.001913174486,228.84921712488017,367.99171497787603,427.2590167558874,496.898503270496,579.168278233625,710.5343139962923,832.3204154301188,1113.0657095712468,1398.429371516936,1484.7510018915114,4016.0654200389467
24.25,70.60136972029454,165.62165156759968,224.65518581117973,362.9763415937404,421.52705068797974,490.366628003947,571.7796174994094,701.8219460355627,822.3622149150249,1101.075341983364,1383.9317125807866,1469.5079176590777,3999.831848567023
24.333333333333332,69.54105594212248,162.28022847300377,220.54467291618758,357.93925042613034,415.75860152083686,483.7762235418194,564.2915159015034,692.9686713876508,812.2156674309629,1088.7470666928416,1368.954071143514,1453.7365195148013,3979.507785089592
24.416666666666668,68.40601533570774,158.98027641008233,216.51252643111036,352.906531931338,409.9870250711619,477.16826970810445,556.7568218521791,684.0426714387003,801.9660470269332,1076.2164975955234,1353.6701139030101,1437.622651675242,3955.8037343943515
24.5,67.20497677640272,155.72496272502582,212.5538929849494,347.9306123789602,404.277542043797,470.6243139726489,549.2786291819375,675.1777181909338,791.7790710775226,1063.7218886840524,1338.3878762165073,1421.4961867472598,3930.366375442042
24.583333333333332,65.94683782631218,152.51702326914386,208.66402578454142,343.0544892787021,398.6836922622238,464.2115181843425,541.9422139336501,666.4838637167851,781.7908342184172,1051.4535581411633,1323.3521042554735,1405.6189018032392,3904.626271354377
24.666666666666668,64.64082349336955,149.3567521020665,204.83850240757332,338.31562833870595,393.25218026549044,457.98843405256264,534.8217893038611,658.0562996062567,772.1182503599119,1039.5820013066889,1308.7813942122414,1390.2244195325407,3879.7590462099197
24.75,63.29518053110066,146.23805593012023,201.07363110165778,333.7254829800728,387.9972991205363,451.9731924882052,527.9410431070262,649.9235480670236,762.7953417437514,1028.151311437121,1294.7294187236203,1375.369669428484,3856.0360834452013
24.833333333333332,61.91924584081853,143.14271157276826,197.366225777504,329.3011107282151,382.9400643316303,446.19172299793587,521.3325054441103,642.125605123636,753.8692912144822,1017.215392796697,1281.2643120628145,1361.1274616777619,3834.1645792269383
24.916666666666668,60.52210186616484,140.03405014628294,193.71349636127655,325.0487572167477,378.0877310987218,440.6523173739699,515.0064737891225,634.6734430661323,745.3511595256598,1006.7797225110205,1268.3922692576875,1347.5044821171632,3814.2849439227925
25.0,59.110122019909866,136.86123553533363,190.11288079803222,320.9347074761256,373.397613605507,435.3009666083066,508.89637970184083,627.4775691120971,737.1286137348155,996.6741084301088,1255.8898419415793,1334.2612411264624,3795.0503481391775
25.083333333333332,57.69097600752791,133.65855396173606,186.56181867595214,316.9427443375668,368.8486352970368,430.1121427768163,502.9684247606401,620.4921251441795,729.1428909265926,986.811476294355,1243.64242837372,1321.2750696359228,3775.7214532636026
25.166666666666668,56.272122331061645,130.47140027098072,183.05757510714864,313.05630215190075,364.4193798600808,425.05872346902214,497.1886182158314,613.6714168265506,721.335546959576,977.1073005871938,1231.539183776465,1308.427720785626,3755.5942873317176
25.25,54.86100438725384,127.3299904199025,179.59724205827567,309.26472954951646,360.0960556222329,420.12294563186254,491.5350698899719,606.9858020853604,713.6681998433963,967.5080243584754,1219.5118376385074,1295.6473627592916,3734.2708363506936
25.333333333333332,53.46443989923427,124.25305035955623,176.1779579000122,305.5578623640005,355.86582470809213,415.2883625502734,485.98779890476874,600.4083177068765,706.1067175561928,957.9702767000522,1207.508612314114,1282.880587518565,3711.41410956364
25.416666666666668,52.088222525058605,121.2508988369865,172.79726970901555,301.92282373555054,351.7128194235994,410.53496790365784,480.5227888515074,593.9073169651152,698.6129154031404,948.4487714308216,1195.477670738535,1270.07405506612,3686.6326456808056
25.5,50.73743210689245,118.32759747571112,169.45350078171333,298.3497822405277,347.6253233856257,405.8482184743937,475.1234229012102,587.4621144901745,691.1640954626622,938.9229284495866,1183.3994001303095,1257.2081893482832,3659.6773249861976
25.583333333333332,49.41618358959519,115.48188034559318,166.14600280686702,294.8293622066351,343.5927038892931,401.2155234920822,469.77648744438,581.0580141412692,683.746490188094,929.3844197740364,1171.2669553166604,1244.2755757504663,3630.3393896113957
25.666666666666668,48.127586893284565,112.70668789511883,162.87523846382274,291.352349089656,339.6052717686448,396.62631750068346,464.4722993339535,574.6860351608138,676.3537217481178,919.8315094919085,1159.0768861456856,1231.2707325578208,3598.4525764267005
25.75,46.87384519092737,109.98862222705344,159.64268800667034,287.91079368390115,335.6557838748207,392.07390970038887,459.206570997035,568.3443155181064,668.9870739095779,910.2667601071678,1146.8261719337854,1218.1873450110986,3563.9453464003527
25.833333333333332,45.656348396110786,107.30949696935645,156.45059456784753,284.4988844642335,331.7404079987475,387.55634797977524,453.9807265035795,562.0373659682267,661.6534617372604,900.6938934813745,1134.5098150600752,1205.0164681256194,3526.8598090306045
25.916666666666668,44.475730112498255,104.65043704315681,153.30144258149562,281.11301189778027,327.8584407375519,383.0755611945326,448.8000422632762,555.7728404159637,654.3610146090874,891.1127790731305,1122.1167146555144,1191.7429723719508,3487.3225770869326
26.0,43.331998653770434,101.9967065732545,150.196436980345,277.7519589193986,324.0120975333688,378.6366251958871,443.6720557858836,549.5593381260236,647.1165913250903,881.5183838334619,1109.6306733571994,1178.347407530136,3445.525656619368
26.083333333333332,42.224672943644094,99.34094373483526,147.13212929282906,274.4164818798992,320.20563000768766,374.24636375675396,438.6045069863038,543.4040287986508,639.9235309540844,871.9005910760768,1097.0323093322738,1164.8087297782342,3401.6959619493464
26.166666666666668,41.1529215227543,96.68370202462077,144.09533649389604,271.10863391585406,316.44427915763583,369.91192874611914,433.6057538126684,537.3109066102305,632.7803455994364,862.2445094201464,1084.3016469159613,1151.1076388556257,3356.061711230379
26.25,40.1157375200353,94.03171991172707,141.05724739476037,267.83151055138217,312.73388504208367,365.6403188457834,428.6813343183792,531.2808939282226,625.6816767370291,852.5336900190875,1071.4244635231669,1137.2336447921573,3308.830200332965
26.333333333333332,39.112055883546546,91.39513250057594,137.9664081666095,264.5886339064814,309.08010055784814,361.4374534666966,423.834075378664,525.3113605074585,618.618538127692,842.75280886004,1058.396926565825,1123.1896851098606,3260.1529620951596
26.416666666666668,38.140829471781366,88.78478434557238,134.82438498635042,261.3835161812766,305.4877857179599,357.3074689419721,419.0637401180611,519.3962003026671,611.5792836608098,832.8911619508707,1045.229090679051,1108.994780308058,3210.1056261530466
26.5,37.201080636610065,86.21033278000485,131.67965476017875,258.21943191472496,301.96058162523775,353.25229158523285,414.36704608114553,513.5266452994167,604.5513703496349,822.9455769179467,1031.9452354620116,1094.6828661442912,3158.697368577905
26.583333333333332,36.29192315721207,83.679287666962,128.56575971218018,255.09921988099813,298.5005138962481,349.27139927912145,409.7380145438953,507.69242752634034,597.5231578474785,812.9212743667644,1018.5803975591851,1080.2977032327688,3105.9035910731677
26.666666666666668,35.41255250467274,81.19683736016302,125.50439524180034,252.02510463802224,295.1077132464527,345.361863542852,405.16860306418965,501.88291889297426,590.4851688465519,802.8310166444192,1005.175379776833,1065.8867648054336,3051.7053409760942
26.75,34.562223170432254,78.76617249123206,122.50858653200534,248.99849678163693,291.78021043427316,341.5184616903206,400.649174422549,496.0876333618651,583.4302481138155,792.6928207779358,991.7716336275613,1051.4956292007685,2996.1038104611416
26.833333333333332,33.7402111310456,76.38903276582005,119.58513340136892,246.01976571953185,288.5137318748183,337.7336299105225,396.1685256385675,490.29601211263173,576.3528465098977,782.5268507380088,978.4065108756272,1037.163090412294,2939.124185982472
26.916666666666668,32.94587114971259,74.06627693873558,116.73596597461136,243.08932857980543,285.3031432178774,333.99932246482615,391.71621961887564,484.5003986761566,569.2523626196091,772.3589989676368,965.1177377896972,1022.9261555140463,2880.851015211952
27.0,32.178575980967445,71.79836212104057,113.95822358380121,240.20695668992423,282.1417799615764,330.3062935256376,387.2818737704428,478.69517792820807,562.1317739182215,762.2175962050164,951.9387147065202,1008.815114390409,2821.3993019820537
27.083333333333332,31.43770682573374,69.58568588463302,111.24334287116338,237.37149712984464,279.02153307222954,326.64447065467635,382.8558802815401,472.877629428361,554.9981441748974,752.1325022053937,938.8969008622992,994.851951850214,2760.9080373063107
27.166666666666668,30.72265006981163,67.42878676163673,108.57711699155504,234.58056318825913,275.9331682864736,323.00369926419427,378.43041166575006,467.0486812311229,547.8627711816684,742.1336420203263,926.0118824901558,981.0485885328835,2699.535476885364
27.25,30.03279198059879,65.328421265061,105.94236858964459,231.8304327925076,272.86700564911837,319.3747789441601,374.0003859587474,461.21318189706363,540.7407437499066,732.2491696211838,913.2935589825915,967.4054526694254,2637.4551049873226
27.333333333333332,29.36750442957969,63.285545917538876,103.32353273982771,229.11632501336112,269.81385450055893,315.75047462922595,369.56402398468214,455.37958250475447,533.6500303282571,722.5035985299871,900.7407773148911,953.9107165897667,2574.85155486724
27.416666666666668,28.726124208703354,61.301236057820205,100.71085422703791,226.43275277061664,266.7659321131428,312.1261829527322,365.1228582767434,449.5592224346687,526.6103887819402,712.9160613213415,888.340544174026,940.5403391738295,2511.9166223271386
27.5,28.107935468893917,59.37657151994867,98.10233810960435,223.7752691903651,263.71751829000806,308.5001298795714,360.6813181721116,443.765496850536,519.642291444195,703.498666757555,876.0679720062724,927.2590974805607,2448.8455943821637
27.583333333333332,27.51216252679144,57.51251521854607,95.50310975069847,221.1388593142439,260.6652503689547,304.87317760832354,356.2461190719212,438.01306365586845,512.7658800178805,694.2549511887877,863.8872959697183,914.0229078885009,2385.833568951965
27.666666666666668,26.937972937993372,55.7098050661472,92.923067178385,218.51958258022995,257.60810093484724,301.2483979964651,351.82562475932116,432.31709761996416,505.9998830889579,685.178627750598,851.754332659186,900.7826278723988,2323.0711410859103
27.75,26.38448562027402,53.968871634965545,90.37406933474593,215.91483873185888,254.54713578985292,297.6305444315851,347.4292503255261,426.6925277936624,499.3604729160783,676.2530178250134,839.6204580985161,887.489105541843,2260.7392510118943
27.833333333333332,25.85077864899124,52.289785904211676,87.86759257810544,213.32345409177367,251.4851437568524,294.02550440764645,343.0669195951238,421.15322330312637,492.8601241079218,667.4515428434294,827.4376701944062,874.0987188719772,2199.0037808116826
27.916666666666668,25.33589416335347,50.67223581144988,85.41327202994245,210.7456044346763,248.42620750880718,290.43978876001364,338.74858834669953,415.7114116791222,486.5065852362196,658.7394492050104,815.1638618808341,860.5783448821257,2138.011006022053
28.0,24.838840460806935,49.11552692030715,83.01829248490594,208.18259318139295,245.37527359684182,286.8801058407965,334.4838492592027,410.3791892881617,480.3020713992891,650.0766430180498,802.7673079302854,846.9087995300068,2077.8849157873233
28.083333333333332,24.35859256359432,47.61860166039457,80.68739976334906,205.63653766506923,242.3377814357628,283.35305341336885,330.2816154293853,405.1641142316741,474.2427644278225,641.4212554710626,790.2295967577255,833.0862184338775,2018.7268803565546
28.166666666666668,23.89409295300648,46.18007252257763,78.42325117140814,203.11004088035511,239.31939681434028,279.86492599352783,326.1498461598675,400.0703877039441,468.3186954073921,632.733421456882,777.5466682523008,819.1213762750697,1960.6175157559792
28.25,23.444254746983198,44.79826468658662,76.2268807334451,200.60591963729263,236.3258408314628,276.4215957651015,322.09526447330654,395.0984051050944,462.51407466243614,623.9787441402129,764.728049420661,805.0373557327016,1903.6201355281862
28.333333333333332,23.00797020424595,43.471263209036564,74.09813824844402,198.12702575304587,233.36285541548372,273.0284061534044,318.1230399363683,390.2445008848344,456.80810220203347,615.1310087578601,751.794680633901,790.866183922404,1847.7849742702165
28.416666666666668,22.584127157570176,42.196960527655634,72.03603725653794,195.67615645913864,230.43610962308782,269.6900303614069,314.2364598073524,385.5009172240804,451.1762272756884,606.1738626335532,738.7758646390485,776.645076379556,1793.1533924163841
28.5,22.171634227387074,40.97310117701769,70.03899935667071,193.2560236542147,227.55170864520542,266.41028264642273,310.43665316233853,380.8560779758935,445.5917476115966,597.1013576188124,725.7058775633541,762.4128324752007,1739.7614585651236
28.583333333333332,21.76945295524797,39.797322468675205,68.10501226247663,190.8692447339234,224.71423138480094,263.191906554023,306.72244091580586,376.2951747286272,440.02757492691654,587.9174196521883,712.6207018929085,748.2067741668502,1687.6425648455681
28.666666666666668,21.376632567176365,38.667191834554274,66.23173151320469,188.51832334943663,221.9277301638943,260.0363849755321,303.09035815945833,371.8010061017113,434.45795722494483,578.6344387981669,699.555217421959,734.0604558157585,1636.8289697434373
28.75,20.992341979811016,37.5802415263197,64.41655310347225,186.20559814333103,219.19546387641606,256.9438171417087,299.5348522519584,367.3549740962283,428.8599687053653,569.2712479905338,686.5410504683326,720.002224619903,1587.3523211590243
28.833333333333332,20.615894135414337,36.53399971348291,62.65667380625746,183.93314893357098,216.51968464869,253.91289126471452,296.0486221523772,362.9381329558191,423.21431114158156,559.8507819370328,673.6051576044173,706.0545946739738,1539.2432868761912
28.916666666666668,20.246759377011706,35.52601662351693,60.94914856061472,181.70266435756014,213.90149892937353,250.94095493169664,292.62304413188735,358.5321969077626,417.50836759596234,550.3976913944465,660.7691203916129,692.2343169347173,1492.530452136511
29.0,19.884566720568337,34.55388589425156,59.29095189138072,179.5152910906014,211.34081106250312,248.02415879235147,289.24862723364424,354.1204327545127,411.73467407079903,540.9361472195105,648.049055732132,678.5529784972373,1447.2386819906203
29.083333333333332,19.529093956762765,33.615262297781285,57.679046492732155,177.37149696882165,208.83634610989162,245.1576381655071,285.91545207932336,349.6883846277063,405.8903084978316,531.4880165578346,635.4560014350689,665.0179412602712,1403.3872039205999
29.166666666666668,19.180249066875138,32.70787649473802,56.11045587301789,175.27098292450358,206.38573896188862,242.3357096440803,282.61356069335744,345.22439787921155,399.9771184091604,522.0715394922903,622.9966167882909,651.6334282167638,1360.9877167245031
29.25,18.83804620243041,31.82954741270664,54.582335375643225,173.21266867237946,203.98567288025424,239.55208011228547,279.3332781738719,340.71992582256587,394.00096014121374,512.7005820059586,610.6740424626005,638.4015844578585,1320.0428321005736
29.333333333333332,18.502579440230626,30.978193536378193,53.09203697599072,171.19475688954282,201.63205202823872,236.80007236121426,276.0654584335455,336.1696169392646,387.9707309759689,503.38448855540145,598.488791222517,625.3233792334149,1280.5450853110733
29.416666666666668,18.173996893451303,30.151844713433654,51.63716455026252,169.21485816227747,199.3201956021986,234.07287444906547,272.8016560121664,331.57119266788266,381.89731562252996,494.12850125117006,586.4395849290954,612.3992711121693,1242.4766303593683
29.5,17.852476867185622,29.348655488336245,50.21561666509545,167.27014397833403,197.04504225027478,231.36380435735236,269.5342332663205,326.92513933597576,375.79255118153617,484.9346517789837,574.5241031067004,599.6296212098085,1205.8096083512612
29.583333333333332,17.53820693975712,28.56691988522387,48.825614289079816,165.35749340529463,194.80135154514983,228.6663198622533,266.25641567006153,322.23425334922985,369.6683193350561,475.8029729171386,562.7396503421547,587.0148976336102,1170.5070849450121
29.666666666666668,17.231366311916048,27.805086580168215,47.46571192236043,163.47360983624736,192.58388640008826,225.9755532593738,262.9623071206848,317.50309449963095,363.5358532144097,466.73283276879465,551.0837728849461,574.5557565076183,1136.5244077446741
29.75,16.932111484974925,27.06177285484906,46.134792364110126,161.61510099273175,190.38755932441796,223.28596184992574,259.6468738686822,312.7374135998837,357.4053088136917,457.72418326913373,539.554853599122,562.2531022056899,1103.8108275519796
29.833333333333332,16.640565218788737,26.335775634551815,44.83204704907756,159.77853004034426,188.20752750159232,220.59253843637333,256.3059025267837,307.9436226349978,351.28560662711084,448.7785446671198,528.1526901884569,550.1082159703328,1072.3112370048434
29.916666666666668,16.356808660396606,25.626078170653315,43.55694503264456,157.960452452386,186.03922667143578,217.8908055083881,252.93593910119927,303.12836545361375,345.1845070722282,439.8996142231887,516.8790228353602,538.1229984052544,1041.967910372229
30.0,16.080876437379587,24.931851391007747,42.3091941079924,156.1574516870038,183.8783414429713,215.17676945893197,249.53424359618464,298.2982259149845,339.10885175285676,431.0934708215076,505.7379389400252,526.3003077268376,1012.7221373252612
30.083333333333332,15.81275437532451,24.252449484598806,41.08869732833463,154.3661800958321,181.72071986071882,212.4468871612449,246.09878428123886,293.45958346770715,333.0648878312433,422.36842249065944,494.73606221161225,514.6443126320028,984.5156817150271
30.166666666666668,15.552379338188254,23.587399811092215,39.895507660292694,152.58340353618297,179.5622528714288,209.69806542352575,242.62797519564884,288.6185996130523,327.0585955909769,413.73459146129704,483.88244496871516,503.1607410612293,957.2920189394875
30.25,15.299640554704782,22.936387669128738,38.7297829000466,150.80604216568662,177.398753914606,206.92769735831683,239.12244278720317,283.78129725677604,321.09595558167825,405.2033452336003,473.1881291702788,491.85691212844756,930.9973242208673
30.333333333333332,15.054381754754601,22.29923679309938,37.59174253750112,149.03119524992263,175.22588532808902,204.13372849668949,235.58204835090606,278.95368218865184,315.1831156784232,396.7866685880416,462.6654112580931,480.7414887575417,905.5812000870955
30.416666666666668,14.816403523618614,21.67588667516722,36.48162800400175,147.2561073456806,173.03917782752583,201.31473656382812,232.00754231287573,274.1418560688537,309.32644466926956,388.49653787926366,452.3269145313981,469.8239644140961,880.9971411449214
30.5,14.585465486122384,21.0663679349671,35.399667607405966,145.4777234716703,170.83416982810593,198.47000241499254,228.4007337243284,269.3520823281402,303.5324826879807,380.3443256679514,442.1846160278767,459.11396981892125,857.2027359563826
30.583333333333332,14.361288215825171,20.470776991227673,34.34604731703965,143.6913314153763,168.6066578037062,195.59954783442203,224.76461868786973,264.590779950944,297.80781520683524,372.34032599299974,432.24897904173764,448.62052932121526,834.1596053305692
30.666666666666668,14.143555041013963,19.889251234879644,33.32088831413825,141.88829252110384,166.35301186954254,192.70412075209427,221.10346562362093,259.8644754297472,292.1589036775023,364.49362751852334,422.5283090702041,438.3513999094753,811.8330954781615
30.75,13.931914121829703,19.321945772919065,32.324231842668894,140.05331572222536,164.0704894640029,189.7851201528903,217.42283241204603,255.17981459034797,286.5919032216694,356.814785821707,413.0283939855927,428.31259301709736,790.1917986568737
30.833333333333332,13.72598124999262,18.7690126229812,31.356031414134375,138.16145277305344,161.75748304905107,186.84447034906123,213.72948903059745,250.54312801800967,281.1124901464273,349.30953864375135,403.7524280136364,418.5081267694869,769.2070331324003
30.916666666666668,13.525343725901708,18.230583012037602,30.416151907714443,136.20719411815813,159.4136625265474,183.88447446199223,210.03123055059882,245.96211049057916,275.72571592175314,341.98201408076136,394.701170676779,408.94000400510595,748.852411909419
31.0,13.329565415760417,17.706753193480747,29.50437464409019,134.2036911728353,157.04000722324838,180.90769290302276,206.33658464067574,241.4419341042184,270.4359026167604,334.8345444776787,385.8732596410234,399.6083727292629,729.1035397395457
31.083333333333332,13.138192795979748,17.197573968916878,28.620407164913864,132.15978320753564,154.63873029044433,177.91689414183094,202.65443648290082,236.98712322952582,265.24657832180446,327.8676718098384,377.2655866277148,390.5118034283189,709.9377673915661
31.166666666666668,12.9507615546664,16.70304390277255,27.763896256387547,130.08121147659796,152.21308270233396,174.91510485602714,198.9936056932807,232.6013766913544,260.1604539861531,321.08021807022646,368.8737398318638,381.6476154713057,691.3338988168306
31.25,12.766803186088397,16.223106058727126,26.934442712913174,127.97185501586262,149.76685063653525,171.90574822237681,195.36241474316898,228.28746881117917,255.17967589445578,314.4694212224596,360.6926903638893,373.01221934001177,673.2718101543317
31.333333333333332,12.58585093023334,15.757647966085717,26.131616413323002,125.83474523241036,147.30278362835426,168.89282004737595,191.768291360987,224.04726739054905,250.3058721131888,308.0311404940297,352.72029689513556,364.60149728607246,655.7320287910496
31.416666666666668,12.407444533053061,15.306504432772389,25.354970434342786,123.67278868659716,144.81933468061135,165.8810348618791,188.217449318414,219.88185989755695,245.541285032818,301.7601139250184,344.9511083726568,356.41121578777967,638.695365056666
31.5,12.23113363994275,14.869462748359147,24.60405311728445,121.48920562870529,142.3061222438749,162.8758815855101,184.71468736514146,215.7917465132323,240.8858014716016,295.6502434663193,337.3801077562483,348.4398903357834,622.1426808530821
31.583333333333332,12.056479999522118,14.446269757181433,23.878417214900733,119.28770041798538,139.738798831112,159.883556122707,181.26333630648315,211.77704564661104,236.3389633855323,289.69488649091596,330.0026497401192,340.68260699421484,606.0548489795029
31.666666666666668,11.8830589019943,14.036640226411043,23.177625471813705,117.07233725568184,137.08268603303367,156.91075370321056,177.86536825837356,207.83767365609634,231.89986216696983,283.8871367593626,322.8144662741634,333.13476569009185,590.4129240158261
31.75,11.71046038970522,13.640265892162127,22.501252237323506,114.84702784300347,134.36368919395602,153.96429155784915,174.52165613124293,203.97347889767926,227.56707419417316,278.2200811803163,315.81162096344667,325.7919188574006,575.1985101330616
31.833333333333332,11.53829079730845,13.25682454795225,21.848880975587022,112.61446460955622,131.61680763495943,151.05030486655028,171.23233842081095,200.18431649953303,223.33862866819186,272.6870217104066,308.9904275529095,318.6496767909226,560.3942704442219
31.916666666666668,11.366175130140588,12.885988554339146,21.220097820194397,110.374363058336,128.86811589565497,148.17223557568616,167.99721726302806,196.47005255533583,219.2120068257217,267.28164073974165,302.3473607471255,311.7036403523342,545.9844832968847
32.0,11.19376067207488,12.527432203267164,20.614481605747027,108.12220290041569,126.1367142254094,145.32727495956368,164.81611110412896,192.83049521164367,215.18416648032473,261.99811915104624,295.878973662766,304.94934769338096,531.9555272004422
32.083333333333336,11.020722027402224,12.180837466769246,20.031591081124127,105.85017256737862,123.4364545336239,142.50132250442238,161.6891031582337,189.2652670915337,211.25158384808282,256.83147776603033,289.58182549602674,298.3822352074144,518.2961802898564
32.166666666666664,10.846767562296257,11.845897791834673,19.470950249473944,103.55042106219624,120.77727085025302,139.66360548686612,158.6166637673579,185.7736531679443,207.410315059666,251.7776118132536,283.4524171011078,291.99761257531367,504.9976556282842
32.25,10.671646955951399,11.522319760543706,18.932032971581524,101.21889872290792,118.16598512974944,136.77657940685174,155.59963466729548,182.35447220450695,203.65607921960094,246.834366940568,277.4871324998723,285.79064878810635,492.05335171764295
32.333333333333336,10.495159343001289,11.209822602612487,18.414248097213946,98.85781319046374,115.60650764653613,133.87353680000373,152.63899455611823,179.00601999489683,199.98434926080938,241.99831042159514,271.68219939106444,279.75636677646634,479.45836107245856
32.416666666666664,10.317161365686296,10.908135711084594,17.916926440173476,96.47582487225492,113.09933076248775,130.99063209676103,149.73483508070228,175.72611420814016,196.39042248278554,237.26663853148858,266.0336904596254,273.8896466574149,467.2088296371901
32.5,10.13757438104453,10.61699445742866,17.439310875503622,94.08636884322928,110.64032657795683,128.1513150653688,146.88390488093074,172.51223685841364,192.86944371806453,232.63690654030472,260.537488699821,268.185223993529,455.3012828304705
32.583333333333336,9.956390092701552,10.33613471939231,16.98055070240065,91.70512291574049,108.22020231693449,125.36966155548475,144.0758941719663,169.36173383152374,189.41637284757132,228.10680191871003,255.1890137430348,262.6376985048483,443.732026691763
32.666666666666664,9.773673990094075,10.065286617213584,16.539701179510537,89.34759363166258,105.8261697466026,122.65331581551817,141.28839405284117,166.27200860717366,186.02591755939042,223.6739529300166,249.98615678174724,257.2418365768334,432.49670139042763
32.75,9.589566159215984,9.804167998536506,16.11572880449478,87.02739322902028,103.44563567618886,120.00575972885815,138.48128005541892,163.24065106839973,182.69247941709114,219.33577903030022,244.92442090499134,251.9926050513328,421.59002152809035
32.833333333333336,9.404279249860965,9.55247821987788,15.707522493187986,84.75535792590215,101.07010462613282,117.42778953449803,135.6422943887079,160.26547107335094,179.41017302719004,215.08938765951092,239.99917759605543,246.8863416969424,411.00569616022085
32.916666666666664,9.218093614479471,9.309892744939866,15.31391034573437,82.53937526794269,98.69749334050299,114.91817087252953,132.81291663595093,157.34444504338785,176.17296496558833,210.9315177822749,235.20567896620344,241.91746489260356,400.73649094961445
33.0,9.031349845673311,9.076059020771451,14.93368121144973,80.38468708558976,96.33222373937005,112.47343942664152,130.0218963982563,154.4755813266097,172.97494193499648,206.85853825342645,230.5389968929948,237.08058270026302,390.7743789652693
33.083333333333336,8.84443911214372,8.850594005778175,14.565609833021929,78.29442792944084,93.98361120729322,110.08695199463234,127.28744221171667,151.65660319486665,169.81067068065352,202.8665102724728,225.99394257440622,232.37033135683762,381.11071725559526
33.166666666666664,8.65779181444124,8.633083613598608,14.208484016774053,76.27021567938463,91.66354446911724,107.74849872087697,124.61994066668129,148.88381512052774,166.6755780837177,198.95130545750885,221.56499516105893,227.78125740424284,371.73638512753473
33.25,8.471865148958582,8.423084209612545,13.861132082837749,74.31267691446426,89.38431360621533,105.44581394053918,122.02426927812937,146.1494329939112,163.56627235391989,195.1087480785888,217.24625281804165,223.30772276790924,362.6419201333248
33.333333333333336,8.287130185560091,8.220126159300568,13.52244882350637,72.42184543280065,87.15703488935051,103.16766719000606,119.50145140854545,143.43736342047563,160.4807346913662,191.3347417858012,213.031408707455,218.94383086003228,353.8178907561571
33.416666666666664,8.10405904017934,8.023719288225006,13.191418343318624,70.59741215740532,84.99074307897749,100.90685670404193,117.04963989151437,140.71820840541142,157.41833262958744,187.62535504228984,208.91375689588935,214.68337539488368,345.2584036877275
33.5,7.923112669613898,7.833359981628622,12.867132450701678,68.83883057659807,82.89200114650305,98.66158634226699,114.66444729818235,137.94416872171843,154.3795908465716,183.9768670436004,204.88624795368975,210.51981506806652,336.9540857088996
33.583333333333336,7.744729741950092,7.648539537685434,12.54880367883435,67.14529828535926,80.86482973936693,96.4348382642252,112.33856832846732,135.11196799537882,151.3653447418759,180.38580018452632,200.94161053021287,206.44629007683858,328.8960643138689
33.666666666666664,7.569316950809858,7.4687533019507235,12.235772480956786,65.51564595378477,78.91078829079939,94.23237810999537,110.06063538209415,132.25469633470948,148.37429840701205,176.8489709682138,197.0725307301197,202.45570102194833,321.07583591146636
33.75,7.397241050690604,7.293510059470512,11.927508617236985,63.948172236971985,77.02911339058436,92.06040276521503,107.81445209192643,129.3949281692571,145.39867086034408,173.36357470897326,193.27185724931095,198.5408534830682,313.4852692643239
33.833333333333336,7.228822797760604,7.122341150269049,11.623607175943665,62.44046710809252,75.21688607777128,89.92364310220046,105.58020897830795,126.5474987785787,142.41842417366868,169.92729140758223,189.53279490002885,194.6946457460219,306.11659136417313
33.916666666666664,7.064332887988608,6.954808804557658,11.323780011952465,60.9892660994022,73.4692417718349,87.82431616323177,103.3378377463062,123.72208088820481,139.39279606876306,166.53838103227147,185.84906425425066,190.9102635625382,298.9623526637586
34.0,6.903989894342905,6.790513262709068,11.027843616693971,59.59037301060585,71.77965151537394,85.76193260541214,101.07100342043702,120.92501199131041,136.2808791892686,163.19573633850382,182.21502887401633,187.1813531383398,292.0153863705224
34.083333333333336,6.74796011895962,6.629098344503733,10.735704547860419,58.23867842116706,70.14029619774333,83.73373795130382,98.76995391716281,118.16013589365463,133.12683487742848,159.89885393745112,178.62580741524312,183.50216466928262,285.26876760299086
34.166666666666664,6.596359196923947,6.470255251979863,10.447343551324055,56.92828658130152,68.5425350292767,81.7355046745522,96.43236692246029,115.42851883406333,129.9712234477459,156.6476819422991,175.0773851742049,179.86767773883503,278.71577722644895
34.25,6.449255218201216,6.313724518341852,10.162799419609847,55.652745953046136,66.97744485963878,79.7624133994154,94.06242296028068,112.7268943434489,126.84225546467538,153.44216910713195,171.56672142970982,176.27372312397205,272.34985699726246
34.333333333333336,6.3066730760098615,6.159296139685618,9.882153475443955,54.40536172786563,65.43638590615006,77.8098369671228,91.66890310347662,110.04615843521506,123.75843282506852,150.2806771082152,168.09183088023886,172.71710183678286,266.1644835921025
34.416666666666664,6.1685997061816185,6.006808036131506,9.60551537228812,53.17955518258906,63.91153764187477,75.87392262877086,89.26310868956412,107.37227153853628,120.73083837013274,147.15643918724558,164.6518110101348,169.1956846809063,260.1534008004715
34.5,6.034989855150434,5.856143076279373,9.333010691967369,51.96922728713163,62.39634850760547,73.95193709242338,86.85710373073262,104.69018704625468,117.76445994257031,144.05188635694637,161.24677544528197,165.708464987024,254.31143315873385
34.583333333333336,5.905772006011977,5.707224958939972,9.064770614099633,50.76908382479914,60.88585414908091,72.04238899829586,84.46245911402808,101.98889845065602,114.858168178066,140.931731178747,157.87765668866422,162.25551975563235,248.63355348339883
34.666666666666664,5.780854103803838,5.560013277430383,8.800923749105612,49.57488613741127,59.37683788958452,70.14497306378551,82.08946362823471,99.26500401008663,112.00353071981323,137.73706344521128,154.54572600830735,158.83783999683038,243.11305579961925
34.75,5.6601287531364335,5.41449809591331,8.541590076215424,48.38360372841764,57.867829540080336,68.26039256114083,79.74669570587048,96.52342667749373,109.18472591393771,134.4721094474039,151.2509838047824,155.4569187161963,237.7431852420534
34.833333333333336,5.543477612882959,5.270694348170963,8.286876814668153,47.19345968164574,56.35895970356166,66.39011635866424,77.44084099643338,93.7756013350523,106.38159776128964,131.18453599157652,147.9884206498988,152.11347030031365,232.5168923965575
34.916666666666664,5.430774781898151,5.128636332152527,8.036875980269627,46.00387432900024,54.851702720156354,64.53611815193496,75.17667519841444,91.03638656873527,103.57515137609053,127.90728084862224,144.7422368514937,148.80421076201986,227.42675834870204
35.0,5.321889053356633,4.988372524563028,7.791663337419145,44.81532442381186,53.348550260528896,62.70063295620854,72.95716475772136,88.32097720461033,100.75279751586861,124.66166314417544,141.47871263482625,145.51611308517093,222.4650282257697
35.083333333333336,5.216685008483899,4.849960884523242,7.551298443422185,43.629142697519754,51.85265902969381,60.88595272937718,70.78365858711632,85.64262619236955,97.91104598226278,121.46012345674491,138.13432159100196,142.21891755446075,217.62374837239446
35.166666666666664,5.115023017024947,4.713464759146864,7.315825491237212,42.447285613106885,50.367511264428515,59.094271340560496,68.65615097015166,83.01139590411884,95.05509573193945,118.30770639838047,134.700098965366,138.85603119262873,212.89498191399161
35.25,5.016758304528871,4.578949451000852,7.0852746825226545,41.27209585064099,48.896617731906254,57.327580121029,66.57359419877397,80.43381766637965,92.19625726740263,115.20166388254773,131.2318170229753,135.39021037839134,208.2710448374813
35.333333333333336,4.921739327680866,4.44647946094812,6.859663899163051,40.10608165898822,47.443282049156366,55.587609208566484,64.53423517073989,77.91316999486516,89.34863991068906,112.13023040803658,127.7690586687931,131.88022559874895,203.7446967440873
35.416666666666664,4.829805760969186,4.316116381775802,6.639000483331906,38.951729018005445,46.01043440985282,53.87580653744556,62.53594757539854,75.45008820039986,86.52625092607897,109.07370928433352,124.33781608790679,128.36961062384532,199.30924911880598
35.5,4.740786434494268,4.187917389184941,6.423282979471757,37.811355850098956,44.60053366585122,52.193345064079615,60.57653260342321,73.043288931789,83.74105829787875,106.00946930762396,120.95300537230531,124.88765320119235,194.95858709187638
35.583333333333336,4.6544975692097,4.061934257160626,6.212502733159045,36.687011311501976,43.21552995394444,50.54114901473095,58.65396646893734,70.69027555771733,81.00206483424186,102.91895569130463,117.61948633524324,121.45166235170839,190.68712689402395
35.666666666666664,4.570741630503493,3.9382128137659382,6.0066452793975165,35.58041814505769,41.85687592399839,48.919931010337194,56.766581205037824,68.38795530723225,78.31517987481848,99.7932647306038,114.33121938865025,118.06818483954005,186.48975297227233
35.75,4.489307065116458,3.8167927498396264,5.805691485001785,34.49295250207035,40.525572922278826,47.33023343698407,54.913174364197786,66.13314028193825,75.68358921436504,96.6350647286395,111.07139227598452,114.73234264945242,182.36178940825312
35.833333333333336,4.409969104569477,3.6977076954835706,5.609618435669864,33.4256535666017,39.222238738011555,45.77246909098324,53.093051662955496,63.92292645476637,73.1083645159706,93.45688518464095,107.81658702007132,111.42792459280636,178.299048885105
35.916666666666664,4.332491718131515,3.580985486062346,5.418400077981147,32.3792545657743,37.94718513188539,44.24695769520287,51.306012985727236,61.75495516697589,70.58913132595258,90.27728427498877,104.54440754042716,108.13146603388584,174.29796889490163
36.0,4.256630689749668,3.4666485492126005,5.232007640244798,31.35422703617698,36.70049574018705,42.75395622990554,49.55229588812955,59.62756669022505,68.12468847058378,87.11666038521886,101.24096027146389,104.81997944144888,170.3558044838367
36.083333333333336,4.18213768726915,3.3547143557366628,5.050409864545324,30.350831214002962,35.48209758760449,41.293682118448544,47.83249186359267,57.539858751072174,65.71352504701815,83.99393458677956,97.90485323469358,101.4787549007156,166.47081607207764
36.166666666666664,4.108765099498764,3.245195889113262,4.873573086367459,29.3691668166852,34.29182197550567,39.866329167357826,46.14744965670188,55.49166581510035,63.35421444106002,80.92456243346246,94.54676447247782,98.10572894845066,162.6423625305627
36.25,4.0362713464877125,3.138102099829312,4.701461198790016,28.409220027998295,33.1294527046867,38.472076798108574,44.49817748979618,53.48347729836516,61.045683781384795,77.91980975380854,91.18581617166328,94.71129654586761,158.87078226071952
36.333333333333336,3.9644263273217413,3.0334383212013787,4.534035536357758,27.47090399267538,31.994761323121633,37.11109354163974,42.885752934798326,51.51631413212722,58.78736801148361,74.98694250488572,87.84480370229664,91.31473632202426,155.15669635060195
36.416666666666664,3.893016660873635,2.9312066324263677,4.371254710220285,26.55409144133273,30.887530330679606,35.7835360170808,41.31124595098771,49.59158276763685,56.57926424974163,72.12993596768263,84.54599400514041,87.93933862453191,151.49847048258263
36.5,3.821850397541617,2.8314061620876902,4.213074421681737,25.65863912981342,29.807566054984246,34.48954470773448,39.77565777030337,47.71092377030648,54.42190610709093,69.35037885992605,81.3083257432684,84.60803527979557,147.88707773512994
36.583333333333336,3.7507609298823845,2.7340333312123093,4.0594472764949705,24.784404562355256,28.75470330133163,33.229237806191314,38.27987607450392,45.876068907210154,52.316279627908166,66.64835411909337,78.14613189944079,81.34043681018602,144.29886391767124
36.666666666666664,3.6796099002752114,2.639082039306919,3.910322617466673,23.93125598221299,27.728803956615543,32.00270425446552,36.82464532866701,44.08871659718572,50.2637025215777,64.02317525736349,75.06905489344618,78.15143768197544,140.6854620423708
36.75,3.6082889857918503,2.5465437997562015,3.7656463884858837,23.099076886471963,26.729751577886315,30.80999688523597,35.41055016129695,42.350431410546506,48.26568655243589,61.47392925115972,72.08269200230143,75.05106852670349,136.97119559552542
36.833333333333336,3.5367205253309626,2.456407832742718,3.6253610391049103,22.28776639787813,25.7574437017323,29.651126311018523,34.03800920978886,40.662569553967856,46.32379971294186,58.9998235620469,69.18955777712802,72.04512386259889,133.1894954504579
36.916666666666664,3.464857033563729,2.36866112466195,3.4894054753593347,21.49723675638163,24.811783243223203,28.526055944833026,32.70727676346313,39.02622933664367,44.43954066859666,56.60036155458799,66.39007223341048,69.13613671445185,129.4041342791356
37.0,3.392679713698758,2.283288463064361,3.3577150596236245,20.727409027924555,23.892669972092698,27.434698300676086,31.418449721787013,37.44222363944141,42.614233595367544,54.27538331091776,63.68340873807675,66.3243948887737,125.65774777206352
37.083333333333336,3.3201961320359743,2.200272455640465,3.2302216599335543,19.978207914193696,22.99999270348379,26.37691253859188,30.171477742822546,35.91107036387849,40.84894752001282,52.02501236516632,61.06813276969366,63.60882285793761,121.97547113356129
37.166666666666664,3.2474372496010475,2.119593540817065,3.106853747319548,19.24955632251169,22.133622549279565,25.352503099518284,28.96617490241546,34.43299656288899,39.14444100440803,49.84954657751096,58.542626006575006,60.98765450992077,118.36703636780717
37.25,3.174454019873643,2.041229996255039,2.9875365382309407,18.541370147192,21.293407356976893,24.361219219460654,27.802231650795925,33.00795223225263,37.50113064346641,47.74932562374029,56.105324863020535,58.45888823780604,114.82715309600806
37.333333333333336,3.1013137585670965,1.9651579500078658,2.872192178034963,17.85355353925783,20.479167316702796,23.40275511102417,26.679226289362173,31.635630346163765,35.91908035124465,45.7246000789831,53.754817054305626,56.020552247533985,111.33731278538588
37.416666666666664,3.0280964746530312,1.891351397403369,2.7607399607941288,17.185994807633058,19.690691634605084,22.476750636872474,25.596635562097276,30.315490459533876,34.398007661071674,43.77541912878577,51.48984160036575,53.67082330062125,107.8718372707217
37.5,2.954891325096254,1.8197822249944333,2.6530965800145845,16.538563001582613,18.927736138462773,21.582792356306708,24.553844244407554,29.04678393018453,32.937303085077524,41.90154655801972,49.30923255120278,51.40804431138893,104.40689435004882
37.583333333333336,2.8817933229683237,1.7504202414251033,2.5491764047735215,15.911105166237144,18.190021683202442,20.7204148865657,23.55015381184412,27.828579447401307,31.536058784925924,40.1024085208679,47.211838455796325,49.23068129498141,100.92843182734461
37.666666666666664,2.8089003933683028,1.683233214095118,2.4488917755368944,15.303444232857448,17.477233245301143,19.889102572312563,22.58479038763973,26.65978804859608,30.193103240704048,38.377072005254874,45.19644054583241,47.13725203284318,97.4358145515143
37.75,2.736310836962498,1.6181869104076905,2.3521533140306907,14.715377494798469,16.789019623721423,19.0882914926767,21.656912214134707,25.539187158098756,28.90703914589419,36.72424989956811,43.261684164137094,45.126249868658,93.94066960142473
37.833333333333336,2.664121229308536,1.5552451433680594,2.258870241686868,14.1466756213003,16.124993692412648,18.317371852439965,20.765616885792102,24.46544340880195,27.67628231704598,35.142326971277946,41.40603091327793,43.196077684207815,90.4626073135278
37.916666666666664,2.592424757037838,1.4943698233343925,2.168950701395623,13.597082168052353,15.484733170304908,17.575690803494336,19.90994853832058,23.43713413656483,26.499099933266017,33.62940058682363,39.627733652223256,41.34500009875713,87.02410192854323
38.0,2.521309970301493,1.4355210204500866,2.082302077493228,13.066313551426749,14.867781886835536,16.862555728023644,19.088905125736613,22.45276749892705,25.373646883979262,32.18333031474039,37.924832819544655,39.57111659284239,83.64625892853107
38.083333333333336,2.450859914890375,1.3786570450391058,1.998831309030542,12.554059459489785,14.273651524317074,16.17723799066126,18.30144584846861,21.510801190349135,24.2979993921805,30.801791353266808,36.29517040085915,37.87235456882651,80.34620859492608
38.166666666666664,2.3811515968928605,1.3237345551791904,1.9184451913578418,12.059983675931168,13.701823814269979,15.518977138038704,17.54649873083606,20.6096597265186,23.27018539439949,29.48232775527362,34.736416882300055,36.24647913016072,77.13611861696897
38.25,2.3122557270824178,1.2707087009808427,1.8410506609527246,11.583725292555304,13.151753155376165,14.886985495054631,16.822968291971787,19.747750264471247,22.288211404103876,28.22240249857599,33.246106417201254,34.691115303251394,74.0233929341857
38.333333333333336,2.2442366906491555,1.2195333132760355,1.7665550583478318,11.124900282384573,12.622869608380608,14.280453081338878,16.12974321399674,18.92347692192201,21.35008577158463,27.01944244479356,31.8216758816885,33.203778231615196,71.0115343701537
38.416666666666664,2.1771526895152338,1.1701611404073138,1.6948663642465078,10.683103399619485,12.114582210365064,13.698552751173043,15.465703886077314,18.135253562386502,20.453838390726425,25.870877076631817,30.460504257436448,31.781907252312095,68.10123647369278
38.5,2.111056008397408,1.1225441310786803,1.6258934047864129,10.257910365782129,11.626282539254444,13.140445446917244,14.829729692205845,17.381515023409357,19.5975370012358,24.774170575528146,29.1599496654733,30.422900473266008,65.29141916427406
38.583333333333336,2.045993361152043,1.0766337547029667,1.5595460237264855,9.848880294438617,11.157348450608149,12.605285450211525,14.220705912302257,16.660726782572866,18.779300302508545,23.726847301076525,27.917382249603357,29.12414731451636,62.58006242575182
38.666666666666664,1.9820062800379428,1.032381344520201,1.4957352222085012,9.455558300921155,10.707147903575798,12.092225516550446,13.637530118054457,15.97139307800072,17.997308139529473,22.72651107902134,26.73021188768029,27.8830573189432,59.9647940316344
38.75,1.91913151683337,0.9897384441163755,1.4343732704807466,9.077478239191205,10.27504279173047,11.600421786400432,13.079117964069555,15.3120635244967,17.24980904769113,21.770858921885935,25.595910349407298,26.697084290323332,57.443248441851054
38.833333333333336,1.857401430956413,0.9486571357236759,1.3753738000031803,8.714165505876338,9.860392697264896,11.129038378616404,12.54440829871489,14.681338291034155,16.535125456520422,20.857689922903464,24.512028005746245,25.5637454312168,55.01324305131276
38.916666666666664,1.7968443458088315,0.9090903292677524,1.3186518878262024,8.365139851776219,9.46255849333313,10.67725158811288,12.03236754504821,14.0778719281188,15.851656855207432,19.984910105152515,23.476205532383318,24.480635613519688,52.672825701977544
39.0,1.7374848606019264,0.8709919944663396,1.264124147099404,8.029918143724739,9.080905728488519,10.244253628121808,11.541993328392167,13.50037595310138,15.197881217851904,19.150533995185505,22.48618125501239,23.44543722528733,50.42024300517058
39.083333333333336,1.6793441110652072,0.8343173238289187,1.211708837240275,7.708017024372198,8.714807738416415,9.829255876575717,11.072317351741894,12.94762031679701,14.572354975147686,18.35268364127922,21.539794880519466,22.455926216609395,48.253869169206524
39.166666666666664,1.6224399786841652,0.7990228212798767,1.161326004309824,7.398955423826447,8.363648442649534,9.43149160500931,10.622407542079124,12.418433885201685,13.973711803054538,17.589585724161495,20.63498837048185,21.509975039734456,46.17212376384627
39.25,1.56678725419841,0.7650663183038634,1.1128976567049675,7.102256884693946,8.026824796879279,9.050218185914186,10.191369508989453,11.911704075504979,13.40066047885338,16.85956732289005,19.769804665981784,20.60555317133092,44.173396438576404
39.333333333333336,1.5123977664592727,0.7324069260141856,1.0663479741625617,6.817451670388733,7.7037488841206,8.6847187899908,9.778347371303159,11.426375786148018,12.85198203173951,16.161050808216487,18.942384887463426,19.74072584380752,42.2559881446683
39.416666666666664,1.4592804916460587,0.70100493659741,1.0216035404789447,6.544078635146475,7.393849639762768,8.334303597750871,9.382524017693793,10.961449756818617,12.326526389677422,15.492548246154488,18.150964528855965,18.913651521098032,40.41807223689501
39.5,1.4074416595328152,0.6708216907123478,0.9785935836501121,6.281686842562916,7.096574216006343,7.998310560198121,9.00312087343723,10.515980486691374,11.823208697575716,14.852655610064549,17.393869056331646,18.122578551168715,38.65767482293781
39.583333333333336,1.3568848725013436,0.6418194284693167,0.9372502025671352,6.029836927321892,6.811389000067667,7.676105750832973,8.639397248235579,10.089073828750065,11.341005454947698,14.240047023658626,16.669509219833365,17.36584132690151,36.972671507344856
39.666666666666664,1.307611249289745,0.6139611407337426,0.8975085578033474,5.788102201831732,6.537780307694702,7.367083356138065,8.290649339677142,9.679884365594894,10.878950595100257,13.65346919209015,15.976376296976802,16.64185619825153,35.36079677248133
39.75,1.2596195995714359,0.587210435060355,0.8593070056968042,5.556069515587752,6.2752547789793205,7.070665354284765,7.956208964149743,9.287612658652055,10.436131603436133,13.091736124790778,15.313037417601347,15.94911730646511,33.81966219662432
39.833333333333336,1.212906628376069,0.561531427077014,0.8225871595746119,5.333339880145404,6.023339507268251,6.786300932411139,7.635442082480113,8.911502448987143,10.011685750356186,12.553724211939539,14.67813106355809,15.286192456678386,32.34678014886572
39.916666666666664,1.167467162364611,0.5368886641463863,0.7872938688073047,5.1195288766160365,5.781581934329594,6.513465691841496,7.32774718182089,8.55083787462925,9.604796494929248,12.038367685457825,14.07036280046291,14.65171910663793,30.939590240389975
40.0,1.1232943843277243,0.5132470841410169,0.7533751143366016,4.914266865625699,5.549549546018298,6.251660688411675,7.032553568840706,8.20494075688481,9.214690099078014,11.544654473582117,13.488501272922022,14.044400523224532,29.595486470231947
40.083333333333336,1.0803800589866959,0.49057200894852593,0.7207818272159451,4.717199021777331,5.326829402699058,6.0004113519510085,6.749319622467951,7.873167996795723,8.840632478367427,11.071622443372277,12.931374478505237,13.4630021410439,28.311843583813882
40.166666666666664,1.038714732763514,0.4688291697750421,0.6894676434872595,4.527985215909963,5.113027537808679,5.759266325206225,6.477531047553405,7.554909112734877,8.481926304245388,10.618356015938511,12.397866325121292,12.906348145062154,27.08604162944708
40.25,0.998287892622666,0.4479847589480612,0.659388613612422,4.346299768937956,4.907768256326005,5.527796258267511,6.216699164011377,7.249583941076365,8.137908363360143,10.18398313294489,11.886913468827576,12.37331828950494,25.915488054600132
40.333333333333336,0.9590880738367198,0.4280055045586894,0.6305028872666414,4.171831100857997,4.710693362694166,5.305592590016021,5.966359259367858,6.956640513818298,7.807947171962654,9.767672548744713,11.397502422839356,11.86284495650052,24.797636950756257
40.416666666666664,0.9211029126966603,0.4088587566314953,0.6027703945351202,4.004281297706437,4.521461345017719,5.092266343368258,5.72606902625126,6.675553119871116,7.491440837082801,9.368631419498232,10.928666922860323,11.373910449714614,23.73000525718543
40.5,0.8843191467251077,0.39051257160129305,0.576152542702073,3.8433656179103806,4.33974653923997,4.887446956249367,5.495407100269578,6.405820550397097,7.187815150954089,8.986103158443921,10.479485528796513,10.905544510687305,22.71018588965059
40.583333333333336,0.8487225708534536,0.3729357871484921,0.5506119443745424,3.688811957683674,4.165238293600814,4.690781165392339,5.273971708007455,6.146964523099209,6.896521900979337,8.619365525093038,10.04907943878289,10.456822039273483,21.735857882689906
40.666666666666664,0.814297962504573,0.35609808497077294,0.526112188245876,3.5403602929640323,3.9976401500999934,4.501931955353798,5.061379429649231,5.898528275760665,6.617037374390787,8.267728915617404,9.636610488687268,10.02686099506693,20.804793730179988
40.75,0.7810289911077636,0.339970162519052,0.5026176593675423,3.3977621129707347,3.836669056072431,4.320577580690259,4.857264076104299,5.660075315704487,6.348861034708028,7.930534822251883,9.241279309179392,9.614820454309905,19.914864180875313
40.833333333333336,0.7488981281304325,0.32452360568451155,0.4800934115166506,3.2607798578920564,3.6820546154538363,4.1464106651843835,4.66127567659105,5.431188309240468,6.091514346167655,7.607154431207144,8.862323613148515,9.21989879660735,19.064040794362533
40.916666666666664,0.7178865724160115,0.30973088674642557,0.45850508992460104,3.12918637059744,3.5335383860044383,3.9791373784701527,4.473079569515405,5.2114680936232105,5.84453972246888,7.2969873313259335,8.49901658854727,8.841331997524339,18.250396589275145
41.0,0.6879742028696063,0.2955654161244442,0.4378188986205643,3.002764369709644,3.3908732257772805,3.81847668747485,4.292355587211561,5.0005327935301995,5.607499577357696,6.999460309322396,8.150665375253983,8.47839200636922,17.472105121592804
41.083333333333336,0.659139566857851,0.28200030488190986,0.41800160365197103,2.8813059489380537,3.253822689545326,3.664159677831505,4.118797323699205,4.79801702449106,5.379975456594189,6.714026211622171,7.816609608782824,8.130385192559554,16.727438319483895
41.166666666666664,0.6313599086405908,0.26901113862005277,0.39902057405069435,2.7646121052912918,3.1221604737728827,3.5159289388261072,3.952111474001984,4.603571166907379,5.1615672334935825,6.440162857223818,7.496220018116167,7.796650848338812,16.01476337639147
41.25,0.6046112382290235,0.2565744309655945,0.38084383134871846,2.6524922966271474,2.9956699070081863,3.3735380044804617,3.7920172336632954,4.416860696102515,4.951892353248432,6.17737199028713,7.188897069130821,7.476559739750066,15.332538970218529
41.333333333333336,0.5788684376587878,0.24466759590747028,0.36344009347002393,2.5447640269004106,2.8741434811998596,3.2367508429207703,3.638245747734476,4.237565556011173,4.750585114370621,5.9251782650282125,6.8940696487014375,7.169512701311774,14.679311037682021
41.416666666666664,0.5541053990328529,0.2332689013068634,0.34677881528976795,2.4412524554093555,2.757382418271737,3.105341386065291,3.4905395994991464,4.065379566426036,4.557295978596455,5.68312825875117,6.611193787386896,6.874939272568413,14.053708292764163
41.5,0.5302951869463166,0.22235740681918859,0.3308302299689916,2.341790024431453,2.6451962652128387,2.9790930916572727,3.3486523302973534,3.900009855927016,4.371690903266605,5.450789511343143,6.339751420565656,6.59229637653698,13.454437639500373
41.583333333333336,0.5074102170477139,0.211912887281785,0.3155653899187272,2.2462160982174737,2.537402509943772,2.8577985295620194,3.2123479827654347,3.7411763144928454,4.193450692347078,5.227749591253181,6.0792491890101354,6.32106704107764,12.880279594062483
41.666666666666664,0.48542244278603,0.20191574121302097,0.30095691263676333,2.154376605950225,2.433826209506374,2.741258983954671,3.081400660387845,3.5886110611126787,4.022270363748812,5.0136151888708556,5.829217280264508,6.0607591644830485,12.330083800379427
41.75,0.46430354329164614,0.19234688324278487,0.28697577481994363,2.066123682631502,2.3342996221401404,2.629284062718419,2.9555940963813825,3.4420579223126477,3.8578585313123757,4.808011238356335,5.589208311921919,5.810904326225151,11.802764697865175
41.833333333333336,0.44402510811135926,0.18318761885586504,0.2735956516271572,1.9813153054162105,2.238661836179769,2.521691305551432,2.8347212247879554,3.301271917373012,3.6999367996922468,4.6105800684030855,5.358796257084582,5.571056642926468,11.297297379146165
41.916666666666664,0.42455881226805225,0.17441949967530682,0.26079118538089807,1.89981492863674,2.1467583920029027,2.4183057837054007,2.7185837467843927,3.16601874539524,3.5482391694855986,4.420980581206814,5.137575411017501,5.3407916683234955,10.812713659581583
42.0,0.4058765734788039,0.16602415760631453,0.2485378880439914,1.8214911278893893,2.05844089867303,2.318959687713363,2.606991686469594,3.0360742689098084,3.4025114486499284,4.238887457195791,4.925159396360309,5.119705334356556,10.348098368208118
42.083333333333336,0.3879506858029702,0.15798311642256263,0.23681206682855402,1.7462172705936752,1.9735666539942753,2.223491905283208,2.4997629336382263,2.911223989338988,3.262510665243881,4.063990381121576,4.721180202385417,4.907412928714807,9.90258586078345
42.166666666666664,0.3707539284137619,0.15027757970605304,0.2255907480322774,1.6738712354505338,1.8919982841865666,2.1317475993431985,2.3967227767854276,2.79126251234958,3.1280044768162454,3.895993283452369,4.525287251975294,4.703548102499036,9.475356749134697
42.25,0.35425965132044657,0.14288819473561504,0.21485158843280805,1.6043352043593702,1.8136034254663382,2.043577804695627,2.2977034374841825,2.675993006573461,2.9987705744101145,3.734613590503746,4.337146488782561,4.507761900675575,9.065634836432308
42.333333333333336,0.33844196035734214,0.1357947925804617,0.20457276973802802,1.5374955464079028,1.7382544724908089,1.958839068767589,2.2025436259842652,2.565226667110787,2.8745960847652228,3.5795814784157414,4.156439477265019,4.319721808444373,8.672684244860104
42.416666666666664,0.32327560164685676,0.1289761037099298,0.19473287433844888,1.4732428044305017,1.6658284163456614,1.8773931651993578,2.1110881451784556,2.458782204308904,2.755276982586112,3.430639130780814,3.982862510921346,4.139110809365808,8.295806720179993
42.5,0.308735966796873,0.12240944646167704,0.18531074205261358,1.4114717815098188,1.5962067869674221,1.7991069066078875,2.0231875734306994,2.356485386174265,2.6406175341813674,3.28754000755813,3.816125729802308,3.9656264566495114,7.934339096841384
42.583333333333336,0.2947991511110521,0.11607039070794098,0.1762853086319124,1.352081709905537,1.529275702326108,1.7238520740768946,1.9386980540964651,2.2581686666332526,2.530429801796777,3.150048142807507,3.6559522571455227,3.798979967253006,7.58765090775645
42.666666666666664,0.28144074105663075,0.10993242510248537,0.1676354278094447,1.2949764710321279,1.4649260113225337,1.6515054665575857,1.8574812100508469,2.163670929344536,2.424533241567185,3.017937498396414,3.502077375444249,3.6388953581362466,7.255142125145075
42.75,0.2686385649578522,0.10396664504127626,0.1593396797728981,1.2400648249920676,1.4030535019809167,1.5819490556972022,1.7794041860117509,2.0728373668053166,2.322754424727915,2.8909914069987424,3.354247771793204,3.485108652819843,6.936241023648016
42.833333333333336,0.2563711832249493,0.09814142869146325,0.1513761697203973,1.187260603822589,1.3435591341334936,1.5150702139254901,1.7043398023758707,1.9855194978500916,2.2249269005437298,2.769002137332614,3.2122208875913656,3.3373671912750797,6.630402164741099
42.916666666666664,0.24461788191223793,0.09242210363871697,0.14372231919322082,1.1364828249319936,1.286349248890157,1.4507619694291705,1.6321667852551078,1.9015753059305318,2.1308912013359413,2.6517706057948933,3.0757644055394895,3.195429074312218,6.337104512046543
43.0,0.23335865198467393,0.08677081071634798,0.13635464969502675,1.0876556898234386,1.2313357072004445,1.3889232338382476,1.5627700222477285,1.8208694597107575,2.040494967999468,2.53910624162945,2.9446558957210227,3.059062763451602,6.0558496986388946
43.083333333333336,0.22257415721594337,0.08114705414110703,0.1292485566148268,1.0407084466542131,1.178435916854489,1.3294589486863164,1.4960407853718913,1.7432735607980727,1.9535931528121204,2.4308269900375183,2.818682623080946,2.928046839229971,5.786160476484984
43.166666666666664,0.21224569134796129,0.07550667913487795,0.12237808175724119,0.9955751112380867,1.127572720151681,1.272280105062731,1.4318768633030097,1.6686663544504952,1.8700482397237987,2.3267594135908087,2.6976414939725815,2.8021698977548706,5.527579380492071
43.25,0.2023551236172513,0.0697992275534676,0.11571568768731737,0.9521940572850798,1.0786741310372974,1.217303605905819,1.370182554613365,1.5969338399142736,1.789730414371663,2.2267388321214856,2.581339094611115,2.6812305415915523,5.279667631710938
43.333333333333336,0.19288483077003088,0.06396785054391377,0.10923200549115035,0.9105075007104767,1.0316729281317378,1.1644519595296963,1.3108684904634527,1.527969227729923,1.7125176187310696,2.130609429573242,2.4695917548102573,2.5650374019500504,5.042004284932626
43.416666666666664,0.18381761304922709,0.05795591510348745,0.10289553429575285,0.8704609130253317,0.986506126161812,1.113652813136262,1.2538512762663867,1.4616727100808307,1.6382954383450128,2.0382242560157726,2.36222556094899,2.4534091191735143,4.814185597665945
43.5,0.175136591251621,0.05172106852188328,0.09667239031417894,0.8320024042070604,0.9431143607481123,1.0648383532354437,1.1990529638055345,1.3979510338127614,1.5669567912203275,1.949445064650971,2.2590762452826216,2.346174210410619,4.595824566150391
43.583333333333336,0.16682508180639913,0.04511894219531035,0.09052642791888485,0.7950821159063857,0.9014412289872713,1.0179446136918184,1.146400384835919,1.3367168902414148,1.4984014130633034,1.8641419452236865,2.1599888943333325,2.243170767278869,4.386550547472702
43.666666666666664,0.15886644697004493,0.0379976598068605,0.08441865241213795,0.75965166193361,0.8614326303559474,0.972910740085422,1.095824391759535,1.2778881575558645,1.4325351593147424,1.7821927429527702,2.064817444441741,2.1442459499879596,4.186008872504121
43.75,0.15124391773896648,0.03033310055999669,0.07830540376277059,0.7256636457297797,0.823036149530813,0.9296782608097929,1.0472590590149227,1.2213870476009339,1.3692691665081944,1.703482281134135,1.9734239630663326,2.0492552736117844,3.9938603571146105
43.833333333333336,0.1439403878697859,0.02226865210746382,0.07213734033034969,0.6930712752637853,0.7862005157619613,0.8881904113610586,1.0006409000031204,1.167139217384911,1.30851893088494,1.6279014312543758,1.8856777447848136,1.9580617119254797,3.80978063968793
43.916666666666664,0.13693817829494637,0.01405991911161417,0.06586239546766415,0.661828085824762,0.7508751638168053,0.8483915498258799,0.9559081493581939,1.1150729064444371,1.2502033694084682,1.555346093101642,1.8014542762966097,1.8705346696441791,3.6334593077706847
44.0,0.13021877273322918,0.0059958765328799075,0.05943400190959455,0.6318877716628954,0.7170099106932097,0.8102266902714652,0.9130001505853058,1.0651181550196243,1.1942439272262066,1.4857161568289987,1.7206341414812518,1.7865488913439915,3.4645988188680397
44.083333333333336,0.1237625265336875,0.0025660168891274396,0.05282367286968924,0.6032041192592488,0.6845547516347515,0.7736411682815714,0.8718568763599728,1.0172061465152262,1.140563787353225,1.4189145187836152,1.6431019439784307,1.7059833828406412,3.3029132616504455
44.166666666666664,0.11754834899212456,0.0011018407566531362,0.04590155122602996,0.5757310287391706,0.6534597695489895,0.7385804408067266,0.8324185949995901,0.9712687030604924,1.0890872248687549,1.354846214251726,1.5687453209357083,1.6287204181965693,3.148127036482232
44.25,0.11155335718458372,0.0004744486817111523,0.038525190373262005,0.549422605825741,0.623675144463178,0.7049900120076958,0.7946256834618983,0.927237947297489,1.0397391315773905,1.2934177152617368,1.4974541091900635,1.5546446942498298,2.9999735528213476
44.333333333333336,0.10575251142328732,0.00020463360936400545,0.030670618979103934,0.524233304720974,0.5951512445194398,0.6728154686531358,0.7584185759818035,0.885046128730183,0.9924447202171893,1.2345364229651514,1.4291197068996957,1.4836426771206863,2.8581940434349864
44.416666666666664,0.10011822029411246,8.821363236245796e-05,0.02247187823915768,0.5001181025539019,0.5678387772557967,0.6420026032470012,0.7237378289402285,0.8446256004934241,0.9471294018672118,1.1781103646400224,1.3636346526218208,1.4156021645647492,2.7225365825048167
44.5,0.0946198590881719,3.785319781237813e-05,0.014168763247442767,0.4770326877424878,0.5416889793235675,0.6124976003994651,0.6905242771076314,0.805908923136452,0.9037188176390107,1.1240480874202439,1.3008924229966317,1.3504120672584743,2.592755370090182
44.583333333333336,0.08922320911167525,1.6034098896663624e-05,0.006032381175246003,0.45493364892593435,0.5166538243697674,0.5842472617245712,0.6587192539563447,0.7688290662996962,0.8621389968339006,1.072258726195947,1.2407874319531187,1.2879623935941242,2.4686103141012428
44.666666666666664,0.08389007208852911,6.288813464658299e-06,0.0025766516456937087,0.4337786503338301,0.49268623167062353,0.5571992462736535,0.6282648489229206,0.7333196768742833,0.8223166087314482,1.0226522127665572,1.1832152003263112,1.2281444080583266,2.3498669082675114
44.75,0.0785786307467274,2.0962711548860997e-06,0.0011039275546283094,0.41352657949546623,0.4697402610942667,0.5313023066305049,0.5991041767682408,0.6993153829087421,0.7841792737885638,0.9751395875606208,1.1280726557603797,1.1708509236793794,2.236296375286611
44.833333333333336,0.07324241197346307,0.0,0.0004741384235472058,0.39413765759901076,0.44777128273401057,0.5065065051462792,0.571181637892554,0.66675210549952,0.7476559016826769,0.9296333737804339,1.075258518805287,1.115976684496018,2.1276760218208812
44.916666666666664,0.06782786064142639,0.0,0.00020392828641704018,0.3755735089512968,0.4267361124092832,0.48276339942109314,0.5444431529814042,0.63556735542347,0.7126770275509161,0.8860479759845387,1.0246737316459351,1.0634187940537343,2.0237897381130274
45.0,0.06227466859360512,0.0,8.765157560249468e-05,0.3577972624131841,0.40659310735656534,0.4600261922681198,0.5188363605484176,0.6057004966152729,0.6791751231318226,0.84430006995449,0.9762218899992618,1.0130771496897126,1.924428570024679
45.083333333333336,0.056522901525985395,0.0,3.75032066383776e-05,0.340773479088965,0.3873022426247653,0.4382498411695882,0.49431077091492714,0.5770929641285409,0.6470848655305129,0.804308957203262,0.9298096452655338,0.964854848730641,1.8293912943294135
45.166666666666664,0.050527539994437286,0.0,1.5844649887922566e-05,0.32446806985478194,0.36882512241703735,0.41739112202814355,0.4708178739188714,0.5496884294443547,0.6163433523479565,0.7659968647328694,0.8853470519089746,0.9186585405757433,1.7384849373496274
45.25,0.04414460107545995,0.0,6.204681627482232e-06,0.30884823533112205,0.3511249352600945,0.3974086457238268,0.44831120002148245,0.5234329109949073,0.5868902574445534,0.7292891778495061,0.8427478432772677,0.8743987069528195,1.6515251903532222
45.333333333333336,0.03722456724027038,0.0,2.068227209160744e-06,0.29388240580341757,0.3341663803616517,0.3782628313189964,0.42674634363668656,0.49827483189220656,0.5586679263145182,0.6941146004028469,0.8019296268585553,0.8319898605930297,1.5683366903445877
45.416666666666664,0.029745785716644973,0.0,0.0,0.27953879861306374,0.31791558113747453,0.3599158431522844,0.4060809428732951,0.47416502930297494,0.5316214142085636,0.6604052423457062,0.7628139967630763,0.7913506595782626,1.4887531500861027
45.5,0.021853438015180048,0.0,0.0,0.26578825934281314,0.3023407433633859,0.3423316334098594,0.3862746131942889,0.45105672075196535,0.5056984732394151,0.6280966388153123,0.7253265666815985,0.752403940315582,1.4126173349018172
45.583333333333336,0.013804502146218553,0.0,0.0,0.2526025209204846,0.2874086219064893,0.3254756480842803,0.3672888437590339,0.42890544051831103,0.4808494960579038,0.597127707981177,0.6893969305951215,0.7150766763379786,1.3397808950799162
45.666666666666664,0.005889183466308026,0.0,0.0,0.23995408610662272,0.27308898981569907,0.3093146705227042,0.3490868703897024,0.40766894258132164,0.45702742345830427,0.5674406567631732,0.6549585611309325,0.6792998729390338,1.2701040710276323
45.75,0.002521421251080733,0.0,0.0,0.2278161010523462,0.2593526961289094,0.29381672948082815,0.33163353668052625,0.3873070687272472,0.4341876304320852,0.5389808448441912,0.6219486568310983,0.6450084091606472,1.2034552936769183
45.833333333333336,0.0010831949731380517,0.0,0.0,0.21616222492504972,0.2461714644363524,0.2789495892483216,0.3148955888997204,0.3677815910627448,0.41228778718202613,0.5116966178493638,0.5903079499304684,0.6121408390799039,1.139710705234533
45.916666666666664,0.0004666538793454008,0.0,0.0,0.20496649917168008,0.23351773612634885,0.26468368095895906,0.2988405330417031,0.34905604224783104,0.3912876932464644,0.48553912227619395,0.5599804862817552,0.5806391639195485,1.0787536256561978
46.0,0.00020137764647794678,0.0,0.0,0.194203219295233,0.22136453554273072,0.25099029831708547,0.2834355688602722,0.3310957964379865,0.3711490933864612,0.4604621090754403,0.5309133885082202,0.5504485859971884,1.0204739887354874
46.083333333333336,8.685622760597608e-05,0.0,0.0,0.18384681125847419,0.2096853485579456,0.23784147870143824,0.26865064118345877,0.3138674428364554,0.3518354878532228,0.43642172767203224,0.5030566117068668,0.5215172545663734,0.9647677689808696
46.166666666666664,3.728968409496757e-05,0.0,0.0,0.17387171252857503,0.1984540109997445,0.22520988378189505,0.2544566103701085,0.29733871593130556,0.3333122054530085,0.4133763123752661,0.47636269831798084,0.49379601443210996,0.9115364170094391
46.25,1.5802459074335674e-05,0.0,0.0,0.1642522551700374,0.18764460378754133,0.21306868410954585,0.24082511515791824,0.28147695952987806,0.315545755692396,0.391286165900828,0.4507865451314552,0.4672381615423762,0.8606863174341697
46.333333333333336,6.1996316972017065e-06,0.0,0.0,0.1549625499803685,0.17723135122042347,0.20139144984553578,0.227728441340056,0.2662522200634838,0.2985037561303444,0.3701133459660124,0.4262851743619544,0.44179920406655393,0.8121282794908207
46.416666666666664,2.0665438990672355e-06,0.0,0.0,0.14597638335358404,0.16718852220983865,0.19015204844240127,0.21513940113991512,0.2516353646298051,0.28215335771884453,0.3498216145077765,0.4028175023781987,0.4174366277216866,0.7657770671790032
46.5,0.0,0.0,0.0,0.13726712746552544,0.15749033407269536,0.17932454648214075,0.20303122117733644,0.2375979585633714,0.26646442021262107,0.33037603358475554,0.38034411141353264,0.39410966700551087,0.7215509726404729
46.583333333333336,0.0,0.0,0.0,0.12880761543045866,0.1481108429043862,0.1688831057961272,0.19137743483742037,0.2241121409433819,0.25140759051484096,0.3117427508202082,0.3588270345306408,0.371779177168852,0.6793714339570385
46.666666666666664,0.0,0.0,0.0,0.12056991812968354,0.13902378675023616,0.15880185938384672,0.18015177739396954,0.21115050130168006,0.2369541862277319,0.2938888830219384,0.3382295604504515,0.35040734427327114,0.6391626972112384
46.75,0.0,0.0,0.0,0.11252506427567116,0.13020236758095616,0.14905476352622776,0.1693280923731562,0.19868596032184552,0.22307607935384338,0.27678077626933184,0.318516575685766,0.3299574378263011,0.6008515218170734
46.833333333333336,0.0,0.0,0.0,0.10464294817421105,0.12161904037916127,0.13961546102238587,0.1588802547809704,0.18669165792472767,0.2097455798598044,0.2603873992285379,0.29965323636156416,0.3103936404333939,0.5643669267492512
46.916666666666664,0.0,0.0,0.0,0.09689285632182487,0.11324550831947258,0.13045711610505395,0.14878208368559212,0.17514084281513392,0.19693531323621272,0.2446783034270108,0.28160374299966995,0.29168091857264944,0.5296399734608657
47.0,0.0,0.0,0.0,0.0892419929599193,0.1050523564381324,0.12155205652873267,0.13900718738927745,0.16400674024485296,0.18461808979850117,0.2296235182274476,0.26433494842673666,0.2737831667961653,0.4966035798682036
47.083333333333336,0.0,0.0,0.0,0.08165175789338669,0.09700769091499686,0.1128711550308137,0.12952872394295784,0.15326237373351573,0.17276677939824167,0.21519344973782129,0.24781426441398524,0.25666680926734275,0.4651923591512439
47.166666666666664,0.0,0.0,0.0,0.07407611839487485,0.08907552654728723,0.10438324955976452,0.12031918664873664,0.1428803583600708,0.1613541916510147,0.20135878494412185,0.23200953114847156,0.2402986627763863,0.43534251195069895
47.25,0.0,0.0,0.0,0.06646655961405695,0.08121596813231549,0.09605526059695163,0.11135047022814101,0.13283276478891082,0.15035290313927513,0.1880903865871153,0.21688887741806678,0.2246458526788319,0.40699169645359146
47.333333333333336,0.0,0.0,0.0,0.058783647434680224,0.0733889033121855,0.08785367375731104,0.10259455751599487,0.12309124808479226,0.1397349482499338,0.175359154102034,0.20242057986785073,0.2096757208927642,0.3800788821622715
47.416666666666664,0.0,0.0,0.0,0.05101059457069116,0.06556107627409652,0.07974787591273932,0.0940220596416818,0.11362679900066008,0.12947139316102138,0.16313584201024758,0.18857294191993507,0.1953557150095549,0.35454421860512136
47.5,0.0,0.0,0.0,0.04316581781282844,0.05771565842532281,0.07169468153730935,0.08559821480032576,0.10440837642347808,0.11953202366079013,0.151390877895351,0.17531419485280095,0.18165326085831174,0.330328933928289
47.583333333333336,0.0,0.0,0.0,0.03481458291899513,0.04972376079070154,0.0636282060941848,0.07728059157402159,0.09540108171871671,0.1098855316767347,0.14009429843373,0.16261235617851508,0.16853565267153423,0.30737526156706163
47.666666666666664,0.0,0.0,0.0,0.02581996717421118,0.04143260265067916,0.055475752948238546,0.0690230270366349,0.08656590222074848,0.10050053934394432,0.12921551631731876,0.15043494614877387,0.15597003960334677,0.28562638913703464
47.75,0.0,0.0,0.0,0.01643446900091749,0.0327995349590082,0.047190877190437505,0.060786066944371414,0.07786279812182648,0.09134770471578205,0.11872239859979311,0.13874856022224824,0.14392337080522727,0.2650243097477112
47.833333333333336,0.0,0.0,0.0,0.007088803786135722,0.023934565501024654,0.03878094345111069,0.05254964937565287,0.06925712960584848,0.08239201885878207,0.1085797768622351,0.12751850707927087,0.13236194324105693,0.2455142223453508
47.916666666666664,0.0,0.0,0.0,0.00306975781536261,0.01505050440009081,0.030313715229220117,0.044322311618774785,0.06072745495823055,0.07358319990433279,0.09874852423164848,0.1167088835826285,0.12125043575190395,0.2270420071715724
48.0,0.0,0.0,0.0,0.0013330973725980493,0.006391748457401061,0.02190169407948027,0.036147189574754185,0.0522739171359789,0.0648588424554935,0.08918666510280882,0.10628342752170736,0.11055094662006244,0.20955411427100962
