{"type": "FeatureCollection", "crs": {"type": "name", "properties": {"name": "urn:ogc:def:crs:EPSG::32640"}}, "features": [{"type": "Feature", "properties": {"level": 1.0, "label": "1 h"}, "geometry": {"type": "LineString", "coordinates": [[692698.391566265, 2574866.008408458], [692707.3091722289, 2574858.686746988], [692708.391566265, 2574857.7633127836], [692718.391566265, 2574852.1023803325], [692723.7530154907, 2574848.686746988], [692728.391566265, 2574844.3715401264], [692734.0763594036, 2574838.686746988], [692738.391566265, 2574832.929136003], [692741.4616505847, 2574828.6867469884], [692748.3915662649, 2574818.8610191946], [692748.5658384713, 2574818.686746988], [692756.2707670295, 2574808.686746988], [692758.391566265, 2574804.0552789764], [692760.932102044, 2574798.686746988], [692766.1266791101, 2574788.686746988], [692768.391566265, 2574785.6806761087], [692772.450998934, 2574778.686746988], [692778.055677794, 2574768.686746988], [692778.391566265, 2574768.0722333533], [692783.0323812068, 2574758.686746988], [692786.3713352552, 2574748.686746988], [692788.3915662649, 2574742.63378197], [692789.835106222, 2574738.686746988], [692795.6311255514, 2574728.686746988], [692798.391566265, 2574722.240647393], [692799.7729113009, 2574718.6867469884], [692805.370574629, 2574708.686746988], [692808.391566265, 2574702.5445792577], [692810.6767599084, 2574698.686746988], [692818.2293876025, 2574688.686746988], [692818.391566265, 2574687.360986437], [692827.758366799, 2574678.686746988], [692828.391566265, 2574678.03308833], [692838.391566265, 2574669.482479614], [692839.2354606187, 2574668.686746988], [692848.391566265, 2574660.211163475], [692850.7077258892, 2574658.686746988], [692858.3915662651, 2574652.899816144], [692862.9282287101, 2574648.6867469884], [692868.391566265, 2574644.6562845213], [692875.0082664107, 2574638.686746988], [692878.391566265, 2574636.5494237933], [692886.969301465, 2574628.6867469884], [692888.391566265, 2574627.3175433245], [692898.391566265, 2574619.9913121215], [692899.7807792735, 2574618.686746988], [692908.391566265, 2574614.3618162675], [692914.9183194381, 2574608.686746988], [692918.391566265, 2574606.0756935296], [692928.391566265, 2574602.0157086346], [692938.391566265, 2574600.036630927], [692948.391566265, 2574599.8344825273], [692951.0846667797, 2574598.686746988], [692958.391566265, 2574597.264482188], [692968.391566265, 2574596.1097910013], [692978.391566265, 2574595.326584806], [692988.391566265, 2574595.1626143414], [692998.391566265, 2574594.8092692993], [693008.391566265, 2574595.1279573217], [693018.391566265, 2574596.0661762864], [693028.391566265, 2574597.3240099126], [693035.7480346719, 2574598.686746988], [693038.391566265, 2574600.4767103624], [693048.391566265, 2574606.9846309815], [693051.5229089024, 2574608.686746988], [693058.391566265, 2574615.0375255514], [693068.391566265, 2574617.409344395], [693071.2237415985, 2574618.686746988], [693078.391566265, 2574625.1050204085], [693088.391566265, 2574626.9728858685], [693098.391566265, 2574627.661073373], [693108.391566265, 2574628.263138561], [693110.9182225198, 2574628.686746988], [693118.391566265, 2574634.8414822463], [693128.391566265, 2574637.8166448167], [693138.391566265, 2574638.5470064627], [693139.6008356778, 2574638.686746988], [693148.391566265, 2574643.9388493225], [693158.3915662649, 2574647.6896593063], [693168.391566265, 2574648.6104961624], [693168.9926778568, 2574648.686746988], [693178.391566265, 2574651.0312014073], [693188.391566265, 2574651.578577987], [693198.391566265, 2574651.3861014694], [693208.391566265, 2574653.1049024914], [693218.391566265, 2574654.5064785965], [693228.391566265, 2574655.3191417805], [693238.391566265, 2574656.2122697243], [693248.391566265, 2574655.821862315], [693258.391566265, 2574654.970041599], [693268.391566265, 2574654.801225655], [693278.391566265, 2574654.803616677], [693288.391566265, 2574654.972391844], [693298.391566265, 2574655.546377524], [693308.391566265, 2574656.5415136004], [693312.5906299374, 2574658.686746988], [693318.3915662649, 2574661.1094406745], [693328.391566265, 2574663.6953497394], [693338.391566265, 2574665.1412553517], [693348.3915662651, 2574666.642489402], [693352.2508110877, 2574668.686746988], [693358.3915662649, 2574671.244932718], [693368.391566265, 2574672.4155772817], [693378.391566265, 2574674.375061431], [693388.391566265, 2574677.2536013634], [693392.4032609223, 2574678.686746988], [693398.391566265, 2574681.7668157755], [693408.391566265, 2574685.673754783], [693414.8453850762, 2574688.6867469884], [693418.391566265, 2574691.1597308083], [693428.391566265, 2574693.5631830627], [693438.391566265, 2574695.1773446235], [693448.391566265, 2574697.082209552], [693453.4162438487, 2574698.686746988], [693458.391566265, 2574700.367918398], [693468.3915662649, 2574700.824490755], [693478.391566265, 2574701.0191579554], [693488.391566265, 2574701.6935639298], [693498.391566265, 2574702.287974275], [693508.391566265, 2574702.7779274685], [693518.391566265, 2574706.197483092], [693522.9390320177, 2574708.686746988], [693528.391566265, 2574710.5831554024], [693538.391566265, 2574712.5793262995], [693546.7361465354, 2574718.686746988], [693548.391566265, 2574719.750802411], [693558.391566265, 2574722.1306204833], [693568.391566265, 2574728.184998148], [693569.3193178648, 2574728.686746988], [693578.391566265, 2574733.3491387535], [693585.9168377067, 2574738.686746988], [693588.3915662651, 2574740.227750762], [693598.391566265, 2574745.220779712], [693604.0955913931, 2574748.686746988], [693608.391566265, 2574750.677003697], [693618.391566265, 2574755.66171458], [693623.6135752432, 2574758.6867469875], [693628.3915662649, 2574762.6286719856], [693638.391566265, 2574768.3322226764], [693639.050746822, 2574768.686746988], [693648.391566265, 2574775.95974993], [693656.0769654925, 2574778.686746988], [693658.3915662651, 2574780.3086861176], [693668.391566265, 2574783.762889222], [693678.391566265, 2574786.313008198], [693688.391566265, 2574787.8217261415], [693698.391566265, 2574788.268816149], [693708.391566265, 2574788.5360737178], [693709.5552042287, 2574788.686746988], [693718.391566265, 2574795.163796168], [693728.391566265, 2574796.906336028], [693738.391566265, 2574796.9301992175], [693747.0239269871, 2574798.686746988], [693748.391566265, 2574800.03514795], [693758.391566265, 2574804.1793057313], [693768.391566265, 2574807.215630984], [693771.584400378, 2574808.686746988], [693778.391566265, 2574813.095668362], [693788.391566265, 2574815.8882271727], [693794.0084741446, 2574818.6867469884], [693798.391566265, 2574822.741042314], [693808.391566265, 2574826.106715199], [693814.4230064579, 2574828.686746988], [693818.391566265, 2574832.295285525], [693828.391566265, 2574836.9475756763], [693832.1151866103, 2574838.686746988], [693838.391566265, 2574844.9155632867], [693848.391566265, 2574848.159887524], [693849.59895469, 2574848.686746988], [693858.391566265, 2574857.885506991], [693859.8510270606, 2574858.686746988], [693868.391566265, 2574867.2304936266], [693870.0203761444, 2574868.686746988], [693878.391566265, 2574877.0579371084], [693883.4674683089, 2574878.686746988], [693888.391566265, 2574882.6275793193], [693898.391566265, 2574887.0963049703], [693908.391566265, 2574888.686746988], [693908.391566265, 2574888.686746988], [693918.391566265, 2574898.686746988], [693928.391566265, 2574898.686746988], [693928.391566265, 2574898.686746988], [693938.391566265, 2574908.686746988], [693948.391566265, 2574908.686746988], [693958.391566265, 2574908.686746988], [693958.391566265, 2574908.686746988], [693968.391566265, 2574918.686746988], [693978.391566265, 2574918.686746988], [693988.391566265, 2574918.686746988], [693988.391566265, 2574918.686746988], [693998.391566265, 2574928.686746988], [694008.391566265, 2574928.686746988], [694018.391566265, 2574928.686746988], [694018.391566265, 2574928.686746988], [694028.391566265, 2574938.686746988], [694038.391566265, 2574938.686746988], [694048.391566265, 2574938.686746988], [694048.391566265, 2574938.686746988], [694058.391566265, 2574948.686746988], [694068.391566265, 2574948.686746988], [694078.391566265, 2574948.686746988], [694088.391566265, 2574948.686746988], [694098.391566265, 2574948.686746988], [694098.391566265, 2574948.686746988], [694108.391566265, 2574958.686746988], [694108.391566265, 2574958.686746988], [694118.391566265, 2574968.686746988], [694118.391566265, 2574968.686746988], [694118.391566265, 2574968.686746988], [694108.391566265, 2574978.686746988], [694108.391566265, 2574988.686746988], [694108.391566265, 2574988.686746988], [694098.391566265, 2574998.686746988], [694098.391566265, 2575008.686746988], [694098.391566265, 2575018.686746988], [694098.391566265, 2575018.686746988], [694088.391566265, 2575028.686746988], [694088.391566265, 2575028.686746988], [694078.391566265, 2575028.686746988], [694068.391566265, 2575028.686746988], [694058.391566265, 2575028.686746988], [694048.391566265, 2575028.686746988], [694038.391566265, 2575028.686746988], [694028.391566265, 2575028.686746988], [694018.391566265, 2575028.686746988], [694008.391566265, 2575028.686746988], [693998.391566265, 2575028.686746988], [693998.391566265, 2575028.686746988], [693988.391566265, 2575018.686746988], [693978.391566265, 2575018.686746988], [693968.391566265, 2575018.686746988], [693958.391566265, 2575018.686746988], [693958.391566265, 2575018.686746988], [693948.391566265, 2575008.686746988], [693948.391566265, 2575008.686746988], [693938.391566265, 2574998.686746988], [693928.391566265, 2574998.686746988], [693928.391566265, 2574998.686746988], [693918.391566265, 2574988.686746988], [693908.391566265, 2574988.686746988], [693908.391566265, 2574988.686746988], [693898.391566265, 2574978.686746988], [693898.391566265, 2574978.686746988], [693888.391566265, 2574972.4091388667], [693878.391566265, 2574969.492940339], [693877.116150965, 2574968.6867469884], [693868.391566265, 2574961.394428092], [693862.887652045, 2574958.686746988], [693858.3915662649, 2574956.1714271726], [693848.391566265, 2574951.4551612902], [693844.3242468871, 2574948.686746988], [693838.391566265, 2574943.596128476], [693828.391566265, 2574939.9216162385], [693826.0778871645, 2574938.686746988], [693818.391566265, 2574931.5297753704], [693815.3608286718, 2574928.686746988], [693808.391566265, 2574922.754066366], [693798.391566265, 2574920.277189006], [693790.0879088743, 2574918.686746988], [693788.391566265, 2574918.225183277], [693778.391566265, 2574916.0708520953], [693768.391566265, 2574913.3353848113], [693758.391566265, 2574910.8100195364], [693748.3915662651, 2574910.620255413], [693738.391566265, 2574909.402352672], [693728.391566265, 2574908.914074055], [693727.8305900345, 2574908.686746988], [693718.391566265, 2574903.2498760396], [693708.391566265, 2574900.385599085], [693701.5934618037, 2574898.686746988], [693698.391566265, 2574897.540993445], [693688.391566265, 2574890.911595872], [693678.391566265, 2574888.79446075], [693678.1969022041, 2574888.686746988], [693668.391566265, 2574880.785567214], [693658.391566265, 2574878.76647628], [693658.2861408913, 2574878.686746988], [693648.391566265, 2574869.846945532], [693645.125425635, 2574868.686746988], [693638.391566265, 2574864.237673315], [693628.391566265, 2574859.704310571], [693626.0179253056, 2574858.686746988], [693618.391566265, 2574853.0935227377], [693608.391566265, 2574849.1774610397], [693607.2966109086, 2574848.686746988], [693598.391566265, 2574840.448071129], [693593.6106859888, 2574838.686746988], [693588.391566265, 2574834.652316331], [693578.391566265, 2574829.442381326], [693575.0237100899, 2574828.686746988], [693568.391566265, 2574825.1852043], [693558.391566265, 2574823.8121690955], [693548.391566265, 2574821.2518323357], [693538.391566265, 2574819.1126518715], [693535.5162869511, 2574818.686746988], [693528.391566265, 2574817.732890151], [693518.391566265, 2574815.5828888556], [693508.391566265, 2574813.247967962], [693498.391566265, 2574808.972821637], [693495.5162869511, 2574808.686746988], [693488.391566265, 2574807.8595791757], [693478.391566265, 2574804.3844569335], [693468.391566265, 2574802.648730994], [693458.391566265, 2574801.4546369854], [693448.391566265, 2574799.0232579955], [693438.391566265, 2574798.6927612023], [693438.3277077833, 2574798.686746988], [693428.391566265, 2574794.9972176594], [693418.391566265, 2574793.6044820324], [693408.391566265, 2574791.402311569], [693398.391566265, 2574790.43557148], [693388.391566265, 2574790.2966310736], [693378.391566265, 2574790.462475049], [693368.391566265, 2574791.0140352547], [693358.391566265, 2574791.9223709623], [693348.391566265, 2574795.0340934694], [693338.391566265, 2574796.5642628237], [693336.0869298558, 2574798.686746988], [693328.391566265, 2574799.6534309755], [693318.391566265, 2574799.750698093], [693308.391566265, 2574801.222045535], [693300.5104359225, 2574808.686746988], [693298.391566265, 2574809.549053617], [693288.391566265, 2574810.8056166456], [693280.5104359225, 2574818.686746988], [693278.391566265, 2574819.549053617], [693268.391566265, 2574820.805616645], [693258.391566265, 2574825.9107580017], [693255.615577279, 2574828.686746988], [693248.391566265, 2574829.9318529214], [693238.3915662649, 2574830.8056166456], [693230.347428529, 2574838.686746988], [693228.391566265, 2574839.558648388], [693218.391566265, 2574839.9318529214], [693208.391566265, 2574840.8056166456], [693200.4674439267, 2574848.686746988], [693198.391566265, 2574849.6247842107], [693188.391566265, 2574850.5296555776], [693178.391566265, 2574852.2847234146], [693171.9300138574, 2574858.686746988], [693168.391566265, 2574860.4909810033], [693158.391566265, 2574861.233735561], [693148.391566265, 2574862.0660952935], [693138.391566265, 2574861.764677537], [693128.391566265, 2574861.764677537], [693118.391566265, 2574865.794494941], [693108.3915662651, 2574867.7607651786], [693098.391566265, 2574867.7607651786], [693088.3915662651, 2574866.2388274116], [693078.391566265, 2574863.04074388], [693068.391566265, 2574861.1725272737], [693058.391566265, 2574858.99263189], [693056.0073508788, 2574858.686746988], [693048.3915662651, 2574856.7552993], [693038.391566265, 2574851.2194043696], [693036.9638245357, 2574850.114488717]]}}, {"type": "Feature", "properties": {"level": 2.0, "label": "2 h"}, "geometry": {"type": "LineString", "coordinates": [[695747.0361708816, 2575560.0421423716], [695738.391566265, 2575560.8654302144], [695728.391566265, 2575561.2418483146], [695718.391566265, 2575561.1525937407], [695708.391566265, 2575560.654158243], [695698.391566265, 2575559.0496738874], [695696.3987667786, 2575558.686746988], [695688.391566265, 2575555.804332997], [695678.391566265, 2575553.323861641], [695668.391566265, 2575558.1152640535], [695664.8323489843, 2575558.686746988], [695658.391566265, 2575559.1143580973], [695648.3915662651, 2575559.7475575283], [695638.624267462, 2575558.6867469884], [695638.391566265, 2575558.6398712685], [695628.391566265, 2575551.1767798145], [695626.3806766721, 2575548.686746988], [695624.3348064148, 2575538.686746988], [695624.8797403721, 2575528.686746988], [695628.391566265, 2575521.545429498], [695629.0879566796, 2575518.686746988], [695629.484281281, 2575508.686746988], [695631.4560873595, 2575498.686746988], [695638.3915662651, 2575491.545429498], [695639.427093198, 2575488.686746988], [695641.6547923039, 2575478.686746988], [695648.391566265, 2575476.82104064], [695658.3915662651, 2575470.552434847], [695668.3915662649, 2575469.5156759904], [695676.4585268426, 2575468.686746988], [695678.391566265, 2575468.4149030605], [695688.391566265, 2575460.552434847], [695697.3146891872, 2575458.686746988], [695698.391566265, 2575458.5686837956], [695708.391566265, 2575454.454673825], [695718.3915662649, 2575452.8575313427], [695728.391566265, 2575451.5805678903], [695738.391566265, 2575448.711840047], [695738.4477357044, 2575448.686746988], [695748.3915662649, 2575443.360708941], [695755.7903743457, 2575438.686746988], [695758.391566265, 2575429.5088791735], [695758.5562725224, 2575428.686746988], [695762.1401800427, 2575418.6867469884], [695762.7579744151, 2575408.6867469884], [695762.1401800427, 2575398.686746988], [695761.9963097388, 2575388.686746988], [695758.8688980876, 2575378.686746988], [695758.391566265, 2575378.169049907], [695753.2066667314, 2575368.686746988], [695748.3915662649, 2575366.8397114854], [695738.5230011313, 2575358.686746988], [695738.391566265, 2575358.5553121218], [695728.391566265, 2575356.368003444], [695718.5230011314, 2575348.686746988], [695718.391566265, 2575348.5553121213], [695708.3915662651, 2575345.730504461], [695698.391566265, 2575344.8121291758], [695691.6986639613, 2575338.686746988], [695688.391566265, 2575335.3796492917], [695678.3915662651, 2575334.137423114], [695668.391566265, 2575333.756973113], [695661.9237596979, 2575328.686746988], [695658.391566265, 2575325.154553555], [695648.3915662649, 2575324.10921493], [695638.391566265, 2575323.0389028452], [695631.9893145332, 2575318.686746988], [695628.391566265, 2575315.4305489557], [695618.391566265, 2575313.873303747], [695608.391566265, 2575312.11580251], [695601.9893097727, 2575308.686746988], [695598.391566265, 2575305.1005043318], [695588.391566265, 2575302.2231504023], [695578.391566265, 2575301.1920269076], [695573.3777275837, 2575298.6867469884], [695568.391566265, 2575294.251039353], [695558.391566265, 2575291.652490559], [695548.391566265, 2575290.3236964014], [695544.8530604336, 2575288.686746988], [695538.3915662649, 2575283.8603536757], [695528.391566265, 2575282.8825472565], [695518.3915662651, 2575281.1376149626], [695513.9929710554, 2575278.686746988], [695508.391566265, 2575274.7452315753], [695498.391566265, 2575272.8825472565], [695488.391566265, 2575268.8963611024], [695487.9417886591, 2575268.686746988], [695478.391566265, 2575263.4710565684], [695468.391566265, 2575261.842627738], [695460.3671905277, 2575258.686746988], [695458.3915662649, 2575256.8653953397], [695448.391566265, 2575252.400782257], [695438.391566265, 2575251.5480194474], [695431.7378386147, 2575248.686746988], [695428.391566265, 2575245.4628234515], [695418.391566265, 2575243.05696843], [695408.391566265, 2575241.5982064954], [695400.3269411821, 2575238.686746988], [695398.391566265, 2575237.2737261583], [695388.3915662651, 2575234.446675476], [695378.391566265, 2575231.060050643], [695369.8834492544, 2575228.686746988], [695368.391566265, 2575227.979875606], [695358.3915662649, 2575224.3703493667], [695348.391566265, 2575221.7832117137], [695338.391566265, 2575219.920410544], [695336.8390113192, 2575218.686746988], [695328.391566265, 2575214.370349366], [695318.391566265, 2575210.675042619], [695314.9866787125, 2575208.686746988], [695308.391566265, 2575205.7635755073], [695298.391566265, 2575204.2323278757], [695289.8636557735, 2575198.686746988], [695288.391566265, 2575197.2146574794], [695278.391566265, 2575194.2323278757], [695268.391566265, 2575191.532173088], [695263.7137699907, 2575188.686746988], [695258.3915662651, 2575184.535167166], [695248.391566265, 2575182.863870334], [695238.391566265, 2575179.5888547553], [695236.2936284925, 2575178.686746988], [695228.391566265, 2575174.2323278757], [695218.391566265, 2575170.8857185286], [695213.3801962654, 2575168.6867469875], [695208.391566265, 2575164.535167166], [695198.391566265, 2575161.8606512346], [695188.391566265, 2575159.489006717], [695186.3472863766, 2575158.686746988], [695178.391566265, 2575153.0434834897], [695168.391566265, 2575151.333409484], [695158.391566265, 2575148.723236661], [695158.2887956986, 2575148.686746988], [695148.391566265, 2575142.94615007], [695138.391566265, 2575141.579316053], [695129.0283588623, 2575138.686746988], [695128.391566265, 2575138.124909812], [695118.391566265, 2575134.3840536466], [695108.391566265, 2575130.6672251453], [695098.391566265, 2575128.749498138], [695098.1245788386, 2575128.686746988], [695088.391566265, 2575125.308492376], [695078.391566265, 2575121.8871989143], [695068.391566265, 2575118.784564516], [695067.9668771686, 2575118.686746988], [695058.3915662649, 2575116.302678804], [695048.391566265, 2575112.0676542236], [695038.391566265, 2575110.103973942], [695032.7585031585, 2575108.686746988], [695028.391566265, 2575107.894296167], [695018.391566265, 2575106.443915704], [695008.3915662649, 2575103.9758130964], [694998.391566265, 2575102.569150145], [694988.391566265, 2575102.306488515], [694978.3915662649, 2575100.281754503], [694970.1772729651, 2575098.686746988], [694968.391566265, 2575098.1471166997], [694958.391566265, 2575096.443915704], [694948.391566265, 2575093.5764817875], [694938.391566265, 2575091.921950523], [694928.391566265, 2575089.980620225], [694918.391566265, 2575089.379710125], [694908.391566265, 2575089.1426488184], [694906.9587758537, 2575088.686746988], [694898.391566265, 2575083.213460533], [694888.391566265, 2575081.0211091423], [694878.391566265, 2575079.5487495773], [694876.6865771083, 2575078.686746988], [694868.391566265, 2575071.7750149257], [694858.391566265, 2575069.3365811883], [694857.4022916869, 2575068.686746988], [694848.391566265, 2575061.789455971], [694838.391566265, 2575059.386888604], [694837.3373168283, 2575058.686746988], [694828.391566265, 2575051.973827249], [694818.391566265, 2575050.053798093], [694814.7572966699, 2575048.686746988], [694808.391566265, 2575044.3771417663], [694798.3915662649, 2575040.422428396], [694792.0742850137, 2575038.686746988], [694788.3915662651, 2575037.3447125563], [694778.391566265, 2575035.503739897], [694768.391566265, 2575032.0805989187], [694758.391566265, 2575030.162936789], [694753.2431416376, 2575028.686746988], [694748.391566265, 2575026.6350334925], [694738.3915662649, 2575024.46180416], [694728.391566265, 2575022.326046448], [694718.391566265, 2575021.6367266206], [694708.391566265, 2575021.3333586175], [694700.2174160234, 2575018.6867469884], [694698.391566265, 2575017.97575047], [694688.391566265, 2575017.5817108536], [694678.3915662649, 2575014.16555867], [694668.391566265, 2575012.7748544854], [694658.391566265, 2575012.024102868], [694648.391566265, 2575011.845655293], [694638.391566265, 2575011.977711828], [694628.391566265, 2575012.3589772857], [694618.391566265, 2575012.6579162036], [694608.391566265, 2575012.1228930415], [694598.391566265, 2575011.994700601], [694588.391566265, 2575011.7010531863], [694578.391566265, 2575011.3274979983], [694568.391566265, 2575010.8487990014], [694558.391566265, 2575010.5353463497], [694548.391566265, 2575010.3473363016], [694538.3915662651, 2575010.272859798], [694528.391566265, 2575010.423361127], [694518.3915662651, 2575010.639056487], [694508.391566265, 2575011.1580865053], [694498.391566265, 2575011.3343138], [694488.391566265, 2575010.869036284], [694478.391566265, 2575010.4276032187], [694468.391566265, 2575009.6564894025], [694458.391566265, 2575010.0288840663], [694448.391566265, 2575010.4276032187], [694438.3915662651, 2575010.840393996], [694428.391566265, 2575011.067290487], [694418.391566265, 2575011.329207588], [694408.391566265, 2575011.226047299], [694398.391566265, 2575011.226047299], [694388.391566265, 2575011.1612878405], [694378.391566265, 2575011.3351583276], [694368.391566265, 2575011.424579156], [694358.391566265, 2575011.855548679], [694348.391566265, 2575012.3993153647], [694338.391566265, 2575013.3900537714], [694328.391566265, 2575014.0500230165], [694318.391566265, 2575015.11167051], [694308.391566265, 2575018.0754193794], [694303.0773371039, 2575018.686746988], [694298.391566265, 2575019.0423515714], [694288.391566265, 2575020.7850630158], [694278.391566265, 2575022.281311097], [694268.391566265, 2575025.384467316], [694260.3487655437, 2575028.686746988], [694258.391566265, 2575029.3471891996], [694248.391566265, 2575033.389610879], [694238.3915662649, 2575038.1478296975], [694237.2436859701, 2575038.686746988], [694228.391566265, 2575040.445645478], [694218.391566265, 2575040.8624665677], [694208.391566265, 2575042.394977545], [694198.391566265, 2575043.391425414], [694188.391566265, 2575044.5514866607], [694178.391566265, 2575045.689232061], [694168.3915662651, 2575046.562183331], [694158.391566265, 2575048.2643019273], [694148.3915662651, 2575048.6166083408], [694147.4244442735, 2575048.686746988], [694138.391566265, 2575049.0769820428], [694128.391566265, 2575050.0372980833], [694119.4955861816, 2575048.686746988], [694118.391566265, 2575048.466093767], [694108.391566265, 2575047.741767775], [694098.3915662649, 2575047.0694176946], [694088.3915662651, 2575046.8590098154], [694078.391566265, 2575046.8832461694], [694068.391566265, 2575046.8771508], [694058.391566265, 2575046.51763502], [694048.391566265, 2575046.0579011636], [694038.3915662649, 2575044.246858925], [694028.391566265, 2575039.074670772], [694022.7331216203, 2575038.6867469884], [694018.3915662649, 2575038.4765270487], [694008.391566265, 2575037.1074192235], [693998.391566265, 2575035.6676281826], [693988.391566265, 2575033.8511099247], [693978.391566265, 2575031.4606259023], [693968.391566265, 2575028.8480693847], [693967.7762447945, 2575028.686746988], [693958.391566265, 2575025.6952175326], [693948.391566265, 2575025.0261723204], [693938.391566265, 2575022.3193040555], [693928.391566265, 2575021.9575148723], [693918.391566265, 2575020.324869551], [693908.391566265, 2575019.698390044], [693898.391566265, 2575018.9054933256], [693897.4475974474, 2575018.6867469884], [693888.391566265, 2575014.8447027775], [693878.391566265, 2575013.724590091], [693868.391566265, 2575012.3382074796], [693858.391566265, 2575010.459859685], [693854.7868491667, 2575008.686746988], [693848.3915662649, 2575005.202451144], [693838.3915662651, 2575003.801461269], [693828.391566265, 2575001.7826975877], [693818.391566265, 2574999.7344364007], [693815.9287782949, 2574998.686746988], [693808.391566265, 2574994.649181572], [693798.391566265, 2574993.125656553], [693788.391566265, 2574991.070331229], [693782.8729467075, 2574988.6867469875], [693778.391566265, 2574985.8448617086], [693768.391566265, 2574983.0678346697], [693762.0703420136, 2574978.686746988], [693758.391566265, 2574975.62444213], [693748.391566265, 2574972.2410503905], [693743.6419840874, 2574968.686746988], [693738.391566265, 2574964.882804746], [693728.391566265, 2574961.5792980716], [693725.164808169, 2574958.686746988], [693718.391566265, 2574953.3822342157], [693708.5978786073, 2574948.686746988], [693708.391566265, 2574948.5179457264], [693698.391566265, 2574941.458545595], [693695.1655434594, 2574938.686746988], [693688.391566265, 2574933.0560195437], [693683.0695403526, 2574928.6867469875], [693678.391566265, 2574924.5875623915], [693668.7933170506, 2574918.6867469875], [693668.391566265, 2574918.294329464], [693658.391566265, 2574909.272345463], [693657.7918950418, 2574908.686746988], [693648.391566265, 2574900.7419609167], [693646.0023539935, 2574898.686746988], [693638.391566265, 2574891.6989549035], [693635.1868506256, 2574888.686746988], [693628.391566265, 2574882.3888880825], [693621.921805684, 2574878.686746988], [693618.391566265, 2574875.5788631537], [693608.391566265, 2574869.185284222], [693607.778583863, 2574868.686746988], [693598.391566265, 2574861.663217269], [693592.4807711798, 2574858.686746988], [693588.391566265, 2574855.156507569], [693578.391566265, 2574850.896201882], [693568.391566265, 2574849.0552220135], [693564.4347396011, 2574848.686746988], [693558.391566265, 2574847.5125856725], [693548.391566265, 2574847.368525938], [693538.391566265, 2574847.3959743795], [693528.391566265, 2574846.9197718157], [693518.391566265, 2574842.3607821157], [693508.391566265, 2574840.049933997], [693498.391566265, 2574838.952551475], [693497.1947789713, 2574838.686746988], [693488.391566265, 2574833.3130744332], [693478.391566265, 2574829.348053393], [693476.9589557045, 2574828.686746988], [693468.391566265, 2574821.5861545186], [693458.391566265, 2574819.218384224], [693457.5023150084, 2574818.686746988], [693448.391566265, 2574810.880287461], [693439.9284011178, 2574808.6867469884], [693438.391566265, 2574808.2960514533], [693428.391566265, 2574803.996286501], [693418.391566265, 2574802.982927255], [693408.391566265, 2574801.2612473266], [693398.391566265, 2574799.628385995], [693388.391566265, 2574799.161222141], [693378.391566265, 2574799.260255223], [693368.391566265, 2574799.612898959], [693358.391566265, 2574800.053521982], [693348.391566265, 2574801.1565669333], [693338.391566265, 2574802.3321489845], [693328.3915662651, 2574804.1737559563], [693318.391566265, 2574804.7258552467], [693311.6229722213, 2574808.686746988], [693308.391566265, 2574810.40141009], [693298.391566265, 2574814.7228927757], [693291.7075478529, 2574818.686746988], [693288.391566265, 2574820.5761853447], [693278.391566265, 2574824.7228927757], [693271.7075478529, 2574828.686746988], [693268.391566265, 2574830.554182103], [693258.391566265, 2574834.0903654243], [693248.3915662649, 2574837.4024876314], [693245.2772481625, 2574838.6867469884], [693238.391566265, 2574841.005361869], [693228.391566265, 2574845.3432777254], [693218.391566265, 2574847.4024876314], [693215.2772481625, 2574848.686746988], [693208.391566265, 2574851.918152944], [693198.391566265, 2574855.400907024], [693191.5473661008, 2574858.686746988], [693188.391566265, 2574860.0552637703], [693178.391566265, 2574864.2156171063], [693171.5473661008, 2574868.686746988], [693168.391566265, 2574870.054640491], [693158.391566265, 2574871.3596115424], [693148.391566265, 2574874.234153847], [693138.391566265, 2574874.3494128557], [693128.391566265, 2574876.807149876], [693124.432446017, 2574878.686746988], [693118.391566265, 2574879.632437612], [693108.391566265, 2574880.280213535], [693098.391566265, 2574879.940412531], [693088.391566265, 2574879.3639095593], [693078.391566265, 2574878.6880147713], [693078.30474937, 2574878.686746988], [693068.391566265, 2574872.1458553732], [693058.391566265, 2574869.688949149], [693048.391566265, 2574868.73327621], [693046.2452744176, 2574868.686746988], [693038.391566265, 2574861.778805651], [693028.391566265, 2574858.7355819866]]}}, {"type": "Feature", "properties": {"level": 2.0, "label": "2 h"}, "geometry": {"type": "LineString", "coordinates": [[692896.0542083208, 2574606.3493890436], [692898.391566265, 2574604.145594752], [692908.391566265, 2574599.669003092], [692909.4119313305, 2574598.6867469884], [692918.391566265, 2574591.1990030454], [692921.4340405578, 2574588.686746988], [692928.391566265, 2574581.8919381434], [692936.330806075, 2574578.686746988], [692938.391566265, 2574577.4128912105], [692948.391566265, 2574575.4552505654], [692958.391566265, 2574574.5658376664], [692968.3915662651, 2574573.051841579], [692978.391566265, 2574572.9104843894], [692988.391566265, 2574572.9104843894], [692998.391566265, 2574573.116537866], [693008.391566265, 2574574.3811369156], [693018.391566265, 2574576.586267681], [693025.642749066, 2574578.686746988], [693028.3915662651, 2574579.3331374465], [693038.391566265, 2574583.023155559], [693045.7723449913, 2574588.686746988], [693048.391566265, 2574590.6647315533], [693058.391566265, 2574596.5906914696], [693060.8085782019, 2574598.686746988], [693068.391566265, 2574604.831907133], [693072.7307289569, 2574608.686746988], [693078.391566265, 2574612.2115417854], [693088.391566265, 2574616.564982882], [693094.0690044267, 2574618.6867469884], [693098.391566265, 2574620.4033186375], [693108.3915662651, 2574623.3592095524], [693118.391566265, 2574625.006106268], [693125.9806433297, 2574628.6867469875], [693128.3915662649, 2574630.4330756934], [693138.391566265, 2574629.461583794], [693140.5455540675, 2574628.686746988], [693148.391566265, 2574625.857134542], [693158.391566265, 2574624.9420399023], [693168.391566265, 2574621.766278037], [693174.0186738668, 2574618.686746988], [693178.391566265, 2574617.098892458], [693188.391566265, 2574614.7781177014], [693198.391566265, 2574609.4736557347], [693199.9157950493, 2574608.6867469884], [693208.391566265, 2574604.7874937784], [693218.391566265, 2574600.284100599], [693226.7384832759, 2574598.686746988], [693228.391566265, 2574598.2765899226], [693238.391566265, 2574595.083722136], [693248.391566265, 2574589.6167155663], [693250.6045766934, 2574588.686746988], [693258.391566265, 2574585.7194502], [693268.3915662649, 2574581.6434518797], [693278.391566265, 2574579.049486141], [693288.3915662651, 2574580.3451444875], [693298.391566265, 2574585.56021891], [693306.2536024768, 2574588.686746988], [693308.391566265, 2574589.6210437715], [693318.391566265, 2574596.4562739106], [693322.1263164412, 2574598.686746988], [693328.391566265, 2574602.581435036], [693338.0197069788, 2574608.686746988], [693338.391566265, 2574608.9065320417], [693348.391566265, 2574614.9519968117], [693357.0009515478, 2574618.686746988], [693358.391566265, 2574619.882167196], [693368.391566265, 2574625.2693252005], [693378.391566265, 2574623.283763515], [693388.391566265, 2574622.057638025], [693398.0862252379, 2574628.686746988], [693398.391566265, 2574628.7853616322], [693408.391566265, 2574629.7006558157], [693418.391566265, 2574630.765457723], [693428.391566265, 2574633.0736424783], [693438.3915662651, 2574632.6515570353], [693448.391566265, 2574631.295983269], [693458.391566265, 2574628.6954154177], [693458.4128799866, 2574628.686746988], [693468.3915662649, 2574623.5349606797], [693478.391566265, 2574621.9428858324], [693488.391566265, 2574619.783224702], [693498.3915662649, 2574618.8803988392], [693508.391566265, 2574621.2486376115], [693518.3915662651, 2574623.2623194316], [693525.574451708, 2574628.686746988], [693528.391566265, 2574630.8282890785], [693538.391566265, 2574636.075333104], [693541.8950094269, 2574638.686746988], [693548.391566265, 2574643.336117241], [693554.0177878441, 2574648.6867469884], [693558.391566265, 2574652.9627745496], [693563.365334234, 2574658.686746988], [693568.391566265, 2574664.3710578503], [693570.5926152144, 2574668.686746988], [693576.6267492517, 2574678.686746988], [693578.391566265, 2574680.6832281947], [693585.1533840402, 2574688.686746988], [693588.391566265, 2574692.2069506207], [693592.7415098478, 2574698.686746988], [693598.391566265, 2574705.3148956792], [693601.5244641574, 2574708.686746988], [693608.391566265, 2574716.0776189617], [693610.5944791825, 2574718.686746988], [693618.391566265, 2574726.48383407], [693620.48648117, 2574728.686746988], [693628.391566265, 2574736.591832083], [693630.1781787258, 2574738.686746988], [693638.391566265, 2574746.4924591295], [693640.6389955088, 2574748.686746988], [693648.391566265, 2574754.642703208], [693652.8707811537, 2574758.686746988], [693658.391566265, 2574763.688968385], [693666.3149622933, 2574768.6867469884], [693668.391566265, 2574770.0755458116], [693678.391566265, 2574773.194075753], [693688.391566265, 2574775.483072065], [693698.3915662649, 2574778.352407911], [693699.6490323504, 2574778.686746988], [693708.3915662651, 2574781.0681036282], [693718.391566265, 2574782.6203476223], [693728.391566265, 2574784.1861317554], [693738.391566265, 2574784.1861317554], [693748.391566265, 2574781.186333889], [693757.1348413322, 2574778.686746988], [693758.391566265, 2574778.2398161017], [693768.391566265, 2574772.7815553625], [693778.391566265, 2574774.5778035787], [693784.2142282389, 2574778.686746988], [693788.391566265, 2574782.7739786995], [693798.391566265, 2574784.053654086], [693804.0285560016, 2574788.686746988], [693808.391566265, 2574792.9662554236], [693818.391566265, 2574796.277548681], [693821.8577709531, 2574798.686746988], [693828.391566265, 2574803.8289832557], [693834.0830460065, 2574808.6867469884], [693838.391566265, 2574812.8838914214], [693848.391566265, 2574815.126850413], [693853.024659167, 2574818.686746988], [693858.391566265, 2574823.9611316207], [693868.391566265, 2574826.769219666], [693870.6526159891, 2574828.686746988], [693878.391566265, 2574835.2735018423], [693882.1415733421, 2574838.686746988], [693888.391566265, 2574844.918110137], [693893.4368589122, 2574848.686746988], [693898.391566265, 2574852.395402099], [693908.391566265, 2574855.9147568513], [693911.9382539851, 2574858.686746988], [693918.391566265, 2574862.8514712853], [693928.391566265, 2574863.8842835277], [693938.391566265, 2574863.8842835277], [693948.391566265, 2574863.8842835277], [693958.391566265, 2574863.762785418], [693968.391566265, 2574862.338802904], [693975.8426752416, 2574858.686746988], [693978.391566265, 2574856.7548436844], [693988.391566265, 2574853.231130759], [693996.7545692957, 2574848.686746988], [693998.391566265, 2574847.4396320134], [694008.3915662649, 2574842.3806812633], [694016.5038980194, 2574838.686746988], [694018.391566265, 2574837.764315197], [694028.3915662649, 2574831.382548724], [694035.5607626537, 2574828.686746988], [694038.391566265, 2574827.7245831117], [694048.3915662649, 2574821.4662679923], [694056.2930890967, 2574818.686746988], [694058.391566265, 2574817.8789494676], [694068.391566265, 2574814.0268347673], [694078.391566265, 2574810.6847803867], [694088.391566265, 2574808.7311262325], [694088.6657525538, 2574808.686746988], [694098.391566265, 2574807.175565112], [694108.391566265, 2574805.139910802], [694118.3915662649, 2574803.255710211], [694128.391566265, 2574804.315207106], [694138.391566265, 2574804.0192528805], [694148.391566265, 2574800.6847803863], [694158.391566265, 2574798.7042095764], [694158.4226171902, 2574798.686746988], [694168.391566265, 2574794.9210316953], [694178.391566265, 2574793.985854565], [694188.391566265, 2574794.54143608], [694198.391566265, 2574797.0236802446], [694203.3362974143, 2574798.686746988], [694208.391566265, 2574800.4174916698], [694218.391566265, 2574803.6877814652], [694228.391566265, 2574806.2774250363], [694238.391566265, 2574807.395297438], [694243.8913906082, 2574808.686746988], [694248.391566265, 2574810.1127363467], [694258.391566265, 2574812.518222097], [694268.391566265, 2574814.771239282], [694278.391566265, 2574815.6421611346], [694288.391566265, 2574817.6231274717], [694289.8088729619, 2574818.686746988], [694298.391566265, 2574825.9179148832], [694303.4079907017, 2574828.686746988], [694308.3915662649, 2574833.0679636477], [694316.2225816768, 2574838.686746988], [694318.3915662649, 2574839.781452924], [694328.391566265, 2574845.648955415], [694338.391566265, 2574847.6895119073], [694348.391566265, 2574847.734825945], [694358.391566265, 2574846.2365062293], [694368.3915662649, 2574843.2561587775], [694376.0804389663, 2574838.686746988], [694378.391566265, 2574837.765228061], [694388.391566265, 2574836.2365062293], [694398.391566265, 2574836.1135459156], [694408.391566265, 2574834.697079899], [694418.391566265, 2574832.9968353333], [694428.391566265, 2574832.265260728], [694438.3915662649, 2574832.775247838], [694448.391566265, 2574832.775247838], [694458.3915662649, 2574830.3771828935], [694464.227422553, 2574828.686746988], [694468.391566265, 2574827.636115243], [694478.391566265, 2574826.1705865576], [694488.391566265, 2574825.35775475], [694498.391566265, 2574825.26138262], [694508.391566265, 2574824.548949385], [694518.391566265, 2574824.478015529], [694528.391566265, 2574822.8389902925], [694538.391566265, 2574820.8586915154], [694548.391566265, 2574819.3285876857], [694550.1758189036, 2574818.6867469884], [694558.391566265, 2574815.473649873], [694568.3915662649, 2574812.579130538], [694578.391566265, 2574810.859471562], [694588.391566265, 2574810.29067924], [694598.3915662651, 2574809.3285876857], [694608.391566265, 2574808.8902940312], [694609.7388999403, 2574808.686746988], [694618.391566265, 2574806.79626482], [694628.391566265, 2574807.02146937], [694637.0442325898, 2574808.686746988], [694638.391566265, 2574808.854890282], [694648.391566265, 2574810.5033268603], [694658.391566265, 2574813.957828759], [694666.3420560369, 2574818.686746988], [694668.391566265, 2574819.732470649], [694678.391566265, 2574826.115467965], [694683.1204844936, 2574828.686746988], [694688.391566265, 2574832.205929853], [694696.7898869165, 2574838.686746988], [694698.391566265, 2574840.0841502463], [694708.3915662649, 2574846.41581822], [694713.2125813556, 2574848.686746988], [694718.391566265, 2574851.662825467], [694728.391566265, 2574858.1612040377], [694729.132541082, 2574858.686746988], [694738.391566265, 2574865.128364737], [694746.7397357658, 2574868.686746988], [694748.391566265, 2574869.7670287536], [694758.391566265, 2574875.6097656954], [694764.394627257, 2574878.686746988], [694768.391566265, 2574881.462923698], [694778.391566265, 2574888.1203950276], [694779.3882574823, 2574888.686746988], [694788.391566265, 2574892.9921925003], [694798.391566265, 2574896.0842757365], [694808.391566265, 2574898.2845115843], [694809.4602860791, 2574898.686746988], [694818.3915662651, 2574902.529780253], [694828.3915662651, 2574902.6779935933], [694838.391566265, 2574902.3713735747], [694848.3915662651, 2574900.0201434437], [694857.5357353534, 2574898.686746988], [694858.391566265, 2574898.619221443], [694868.391566265, 2574898.499046863], [694878.3915662649, 2574898.0093211615], [694888.391566265, 2574897.653235954], [694898.391566265, 2574897.4659343446], [694908.391566265, 2574897.128909535], [694918.391566265, 2574896.4397536027], [694928.391566265, 2574897.664301479], [694933.0295100079, 2574898.686746988], [694938.391566265, 2574900.5698820073], [694948.391566265, 2574904.1660119253], [694958.391566265, 2574907.475078836], [694961.7493274594, 2574908.686746988], [694968.391566265, 2574911.5691595543], [694978.391566265, 2574917.843601222], [694979.5394543756, 2574918.6867469875], [694988.391566265, 2574924.0916225053], [694994.7271126095, 2574928.686746988], [694998.391566265, 2574931.8495728998], [695005.2539646892, 2574938.686746988], [695008.391566265, 2574941.7497760723], [695015.3365373632, 2574948.686746988], [695018.391566265, 2574951.7306037163], [695025.3397257543, 2574958.686746988], [695028.391566265, 2574962.077351622], [695035.0009616311, 2574968.686746988], [695038.391566265, 2574970.743312101], [695048.3752977004, 2574978.6867469875], [695048.3915662649, 2574978.702904692], [695058.391566265, 2574981.247227203], [695068.391566265, 2574988.2403845806], [695069.5828070996, 2574988.686746988], [695078.3915662651, 2574990.93045527], [695088.391566265, 2574993.8230779497], [695098.391566265, 2574997.830519046], [695100.5662753094, 2574998.686746988], [695108.391566265, 2575000.801022767], [695118.391566265, 2575003.131323951], [695128.391566265, 2575007.8305190466], [695131.0350698576, 2575008.686746988], [695138.391566265, 2575010.610629268], [695148.391566265, 2575014.396111453], [695158.391566265, 2575018.333979579], [695159.4643412184, 2575018.686746988], [695168.391566265, 2575022.337675255], [695178.391566265, 2575026.005016365], [695188.391566265, 2575028.578874785], [695188.5691178254, 2575028.686746988], [695198.3915662651, 2575033.61019698], [695208.391566265, 2575037.8344252817], [695209.7294051903, 2575038.686746988], [695218.3915662649, 2575042.7724959967], [695228.281773466, 2575048.686746988], [695228.391566265, 2575048.7716855365], [695238.391566265, 2575052.485038296], [695248.391566265, 2575056.2057513124], [695254.196511587, 2575058.6867469884], [695258.3915662651, 2575060.427189702], [695268.391566265, 2575062.9294052003], [695278.391566265, 2575065.2412785105], [695287.9116482656, 2575068.686746988], [695288.391566265, 2575068.835672919], [695298.391566265, 2575072.0964655248], [695308.391566265, 2575074.9371859855], [695315.5385172411, 2575078.6867469875], [695318.391566265, 2575079.9200425446], [695328.391566265, 2575082.17384518], [695338.391566265, 2575085.622021389], [695343.7456802966, 2575088.686746988], [695348.391566265, 2575090.6746020094], [695358.391566265, 2575092.3989007245], [695368.391566265, 2575097.5297823153], [695370.7303983117, 2575098.686746988], [695378.3915662649, 2575101.186106996], [695388.3915662651, 2575102.8969279723], [695395.1743538319, 2575108.686746988], [695398.391566265, 2575110.357423862], [695408.391566265, 2575112.4692590935], [695415.0642606749, 2575118.686746988], [695418.3915662649, 2575120.841132505], [695428.391566265, 2575123.941411766], [695434.843900469, 2575128.6867469875], [695438.391566265, 2575130.841132505], [695448.391566265, 2575132.6789941965], [695456.338288714, 2575138.686746988], [695458.391566265, 2575140.740024539], [695468.391566265, 2575142.1211335883], [695478.391566265, 2575145.1007201853], [695485.7346290003, 2575148.686746988], [695488.391566265, 2575151.0850356123], [695498.391566265, 2575154.9024595427], [695508.3915662651, 2575157.2763330503], [695511.8565926931, 2575158.686746988], [695518.391566265, 2575163.890310228], [695528.391566265, 2575166.016517181], [695538.391566265, 2575168.021919051], [695540.8730234809, 2575168.686746988], [695548.3915662649, 2575172.850380487], [695558.391566265, 2575174.562461869], [695567.6364118299, 2575178.686746988], [695568.391566265, 2575179.441901423], [695578.3915662649, 2575182.850380487], [695588.391566265, 2575184.562461869], [695596.527527214, 2575188.686746988], [695598.3915662651, 2575190.5507860393], [695608.391566265, 2575193.427568248], [695618.391566265, 2575195.5568040884], [695625.5334800729, 2575198.686746988], [695628.391566265, 2575200.9556749305], [695638.391566265, 2575203.642072291], [695648.391566265, 2575206.5114150112], [695652.8545395228, 2575208.686746988], [695658.391566265, 2575212.1945831203], [695668.391566265, 2575214.163510518], [695678.391566265, 2575218.2792625357], [695679.092840903, 2575218.686746988], [695688.391566265, 2575223.2291075103], [695698.391566265, 2575224.039852161], [695705.9604791636, 2575228.6867469875], [695708.391566265, 2575231.1178340893], [695718.391566265, 2575231.755083215], [695728.391566265, 2575232.124410878], [695738.391566265, 2575236.001672242], [695748.391566265, 2575237.898519591], [695752.9595930274, 2575238.686746988], [695758.3915662649, 2575239.3813034096], [695768.391566265, 2575239.3813034096], [695778.391566265, 2575240.225667195], [695788.391566265, 2575240.3618891416], [695798.391566265, 2575240.555922006], [695808.391566265, 2575240.950041421], [695818.391566265, 2575242.5469260905], [695828.391566265, 2575243.7891348777], [695837.4717995233, 2575248.686746988], [695838.391566265, 2575249.1514600706], [695848.391566265, 2575251.6139799077], [695858.391566265, 2575254.6739201234], [695866.9325297136, 2575258.686746988], [695868.3915662651, 2575259.2323794845], [695878.391566265, 2575262.080023926], [695887.2875293805, 2575268.686746988], [695888.391566265, 2575269.3173023867], [695898.391566265, 2575273.070099216], [695906.8049949288, 2575278.686746988], [695908.391566265, 2575279.6009203168], [695917.7783010114, 2575288.686746988], [695918.391566265, 2575289.0277183596], [695928.391566265, 2575293.070099216], [695936.1207404819, 2575298.686746988], [695938.391566265, 2575299.6357546747], [695948.391566265, 2575303.965113726], [695955.4295995892, 2575308.686746988], [695958.391566265, 2575309.277140193], [695968.391566265, 2575309.27436133], [695970.0747194984, 2575308.686746988], [695978.391566265, 2575302.1944299703], [695982.9358181974, 2575298.686746988], [695988.391566265, 2575291.8187514036], [695990.981299896, 2575288.686746988], [695998.3915662651, 2575279.536237133], [695999.0522813747, 2575278.686746988], [696001.968799137, 2575268.686746988], [696008.391566265, 2575259.6335051134], [696008.9984854108, 2575258.686746988], [696010.294565829, 2575248.6867469875], [696010.635867733, 2575238.686746988], [696010.0540956641, 2575228.686746988], [696015.5780798867, 2575218.686746988], [696018.391566265, 2575210.8017095984], [696018.876987914, 2575208.686746988], [696024.2664367869, 2575198.686746988], [696028.391566265, 2575189.2784744124], [696028.6550564788, 2575188.686746988], [696033.0806164872, 2575178.686746988], [696038.391566265, 2575169.2784744124], [696038.7773344655, 2575168.686746988], [696045.615700784, 2575158.686746988], [696048.391566265, 2575155.9108815067], [696055.7089969029, 2575148.686746988], [696058.391566265, 2575146.3176133744], [696068.391566265, 2575139.330932029], [696078.391566265, 2575138.686746988], [696078.391566265, 2575138.686746988], [696088.3915662649, 2575132.7924452247], [696098.391566265, 2575128.686746988], [696098.391566265, 2575128.686746988], [696108.391566265, 2575128.686746988], [696118.391566265, 2575118.686746988], [696118.391566265, 2575118.686746988], [696128.391566265, 2575108.686746988], [696128.391566265, 2575108.686746988], [696137.4011963701, 2575098.686746988], [696138.391566265, 2575097.421781744], [696142.1519121039, 2575088.686746988], [696142.3269447673, 2575078.686746988], [696146.0349247606, 2575068.686746988], [696148.391566265, 2575064.6137908334], [696152.5818392249, 2575058.686746988], [696158.3915662649, 2575049.689159042], [696168.391566265, 2575049.689159042], [696178.391566265, 2575049.689159042], [696188.391566265, 2575053.276037318], [696194.6114603563, 2575058.686746988], [696198.3915662651, 2575062.466852897], [696204.6114603563, 2575068.6867469884], [696206.74044279, 2575078.686746988], [696206.3355820073, 2575088.6867469875], [696208.391566265, 2575098.686746988], [696208.391566265, 2575098.686746988], [696218.391566265, 2575108.686746988], [696218.391566265, 2575108.686746988], [696228.391566265, 2575118.686746988], [696228.391566265, 2575118.686746988], [696238.391566265, 2575128.686746988], [696248.391566265, 2575128.686746988], [696248.391566265, 2575128.686746988], [696258.391566265, 2575138.686746988], [696268.391566265, 2575138.686746988], [696268.391566265, 2575138.686746988], [696278.391566265, 2575148.686746988], [696288.391566265, 2575148.686746988], [696288.391566265, 2575148.686746988], [696298.391566265, 2575158.686746988], [696308.391566265, 2575148.686746988], [696308.391566265, 2575148.686746988], [696318.391566265, 2575148.686746988], [696328.391566265, 2575138.686746988], [696328.391566265, 2575138.686746988], [696338.391566265, 2575138.686746988], [696348.391566265, 2575138.686746988], [696358.391566265, 2575128.686746988], [696358.391566265, 2575128.686746988], [696368.391566265, 2575128.686746988], [696378.391566265, 2575118.686746988], [696378.391566265, 2575118.686746988], [696388.391566265, 2575118.686746988], [696398.391566265, 2575108.686746988], [696398.391566265, 2575108.686746988], [696408.391566265, 2575108.686746988], [696418.391566265, 2575098.686746988], [696418.391566265, 2575098.686746988], [696428.391566265, 2575098.686746988], [696438.391566265, 2575088.686746988], [696438.391566265, 2575088.686746988], [696448.391566265, 2575088.686746988], [696458.391566265, 2575088.686746988], [696468.391566265, 2575088.686746988], [696468.391566265, 2575088.686746988], [696478.391566265, 2575090.851658111], [696488.391566265, 2575096.1825756365], [696491.2397908415, 2575098.686746988], [696498.391566265, 2575104.1863693967], [696503.0490788239, 2575108.686746988], [696508.391566265, 2575114.029234429], [696512.7973495168, 2575118.686746988], [696518.391566265, 2575124.7069209972], [696522.0471833594, 2575128.686746988], [696528.391566265, 2575136.1825756365], [696530.0721791924, 2575138.686746988], [696531.4444448214, 2575148.686746988], [696531.7883041496, 2575158.686746988], [696531.3248293273, 2575168.686746988], [696530.0721791924, 2575178.686746988], [696530.0721791924, 2575188.6867469884], [696530.0721791924, 2575198.686746988], [696530.0721791924, 2575208.686746988], [696530.0721791924, 2575218.686746988], [696530.0721791924, 2575228.686746988], [696530.0721791924, 2575238.686746988], [696530.0721791924, 2575248.686746988], [696530.0721791924, 2575258.686746988], [696530.0721791924, 2575268.686746988], [696529.9298907736, 2575278.686746988], [696528.391566265, 2575283.9884255193], [696525.818941176, 2575288.686746988], [696521.3788304386, 2575298.686746988], [696521.2691657584, 2575308.686746988], [696519.9298907735, 2575318.6867469875], [696518.3915662649, 2575323.98842552], [696517.0392663438, 2575328.686746988], [696512.1052603611, 2575338.686746988], [696511.0103954383, 2575348.686746988], [696508.391566265, 2575352.463744873], [696503.7243118971, 2575358.6867469875], [696499.9298907736, 2575368.686746988], [696498.391566265, 2575370.9401156316], [696492.6583794835, 2575378.686746988], [696489.2554905878, 2575388.686746988], [696488.391566265, 2575389.8800381403], [696482.4508283469, 2575398.686746988], [696479.8430666889, 2575408.686746988], [696478.391566265, 2575411.499000144], [696475.490135478, 2575418.686746988], [696472.0170996281, 2575428.686746988], [696468.391566265, 2575436.83960389], [696467.7426210993, 2575438.686746988], [696465.7497098984, 2575448.686746988], [696464.0615234706, 2575458.6867469884], [696460.8987315614, 2575468.686746988], [696458.391566265, 2575473.016448072], [696456.2716484172, 2575478.6867469875], [696455.8362558084, 2575488.686746988], [696455.9646503911, 2575498.6867469875], [696456.2116344147, 2575508.686746988], [696456.2716484172, 2575518.686746988], [696456.2716484172, 2575528.686746988], [696456.2716484172, 2575538.686746988], [696456.2716484172, 2575548.686746988], [696456.2716484172, 2575558.686746988], [696456.2716484172, 2575568.686746988], [696456.2716484172, 2575578.686746988], [696456.2716484172, 2575588.686746988], [696453.4219291303, 2575598.686746988], [696448.391566265, 2575607.826646474], [696447.8941119418, 2575608.686746988], [696446.2716484172, 2575618.686746988], [696444.3285664796, 2575628.686746988], [696438.3915662649, 2575636.298383442], [696436.7408478642, 2575638.686746988], [696433.4367576283, 2575648.6867469884], [696428.391566265, 2575655.5819216412], [696426.2827524708, 2575658.6867469884], [696420.9977581842, 2575668.686746988], [696418.391566265, 2575672.248596255], [696413.5629503374, 2575678.6867469884], [696408.391566265, 2575687.4617828676], [696407.6264784653, 2575688.686746988], [696401.0629548078, 2575698.686746988], [696398.391566265, 2575704.02951452], [696395.7412811415, 2575708.686746988], [696388.5997715292, 2575718.686746988], [696388.391566265, 2575719.029532401], [696382.7389782482, 2575728.686746988], [696378.391566265, 2575736.9061337938], [696377.2837491021, 2575738.686746988], [696370.7028330285, 2575748.686746988], [696368.3915662649, 2575754.492769447], [696366.7859802847, 2575758.6867469875], [696361.162785514, 2575768.686746988], [696358.3915662651, 2575778.562890652], [696358.3712721398, 2575778.686746988], [696357.0376175173, 2575788.6867469884], [696353.9855390375, 2575798.6867469875], [696350.2674241903, 2575808.686746988], [696348.9250793965, 2575818.686746988], [696348.391566265, 2575821.835066085], [696347.3680431783, 2575828.686746988], [696347.3430737547, 2575838.6867469875], [696341.9766348618, 2575848.686746988], [696338.391566265, 2575856.6896760436], [696337.3430737546, 2575858.686746988], [696332.233567047, 2575868.686746988], [696328.391566265, 2575877.0811610078], [696327.3430737546, 2575878.686746988], [696319.3297379944, 2575888.686746988], [696318.391566265, 2575889.7351359543], [696311.8239718368, 2575898.686746988], [696308.391566265, 2575907.1499829567], [696306.7874912426, 2575908.686746988], [696298.391566265, 2575917.082671966], [696292.6392731371, 2575918.686746988], [696288.391566265, 2575919.6226481646], [696278.391566265, 2575921.7811123813], [696268.3915662649, 2575926.525135203], [696258.391566265, 2575926.506859281], [696250.5714539718, 2575918.686746988], [696248.391566265, 2575917.765880757], [696238.391566265, 2575912.1186813596], [696234.9596318933, 2575908.686746988], [696228.391566265, 2575902.1186813596], [696226.2592933476, 2575898.686746988], [696219.3124324958, 2575888.686746988], [696218.3915662651, 2575886.0916547244], [696217.0339412922, 2575878.686746988], [696213.8019551678, 2575868.686746988], [696212.5166801619, 2575858.686746988], [696211.6706237382, 2575855.4076895146]]}}, {"type": "Feature", "properties": {"level": 2.0, "label": "2 h"}, "geometry": {"type": "LineString", "coordinates": [[694332.9327859588, 2569554.1455272944], [694328.391566265, 2569551.9963358734], [694322.7099488004, 2569548.686746988], [694318.3915662651, 2569546.3041349286], [694308.391566265, 2569541.9963358734], [694302.8347094716, 2569538.6867469875], [694298.391566265, 2569536.2109297467], [694288.3915662651, 2569530.074006757], [694286.9618027619, 2569528.686746988], [694278.391566265, 2569523.9808314666], [694270.9928688677, 2569518.686746988], [694268.391566265, 2569516.2109297467], [694259.826260703, 2569508.686746988], [694258.391566265, 2569507.2520525497], [694251.7919307783, 2569498.686746988], [694248.391566265, 2569493.127226949], [694246.1713262844, 2569488.686746988], [694242.1432560274, 2569478.6867469875], [694239.3591480309, 2569468.6867469875], [694238.3915662651, 2569467.632458794], [694232.0427153262, 2569458.6867469875], [694228.391566265, 2569454.5937144645], [694223.8845822338, 2569448.686746988], [694218.391566265, 2569442.0355041856], [694215.0428090673, 2569438.686746988], [694208.391566265, 2569433.027367138], [694203.5260746997, 2569428.686746988], [694198.391566265, 2569423.6919419235], [694190.8832237025, 2569418.686746988], [694188.391566265, 2569416.227829008], [694178.391566265, 2569409.153941457], [694177.60582237, 2569408.686746988], [694168.391566265, 2569400.2673816984], [694166.7644485373, 2569398.686746988], [694158.391566265, 2569390.974726719], [694155.7092835468, 2569388.686746988], [694148.391566265, 2569382.094379364], [694144.152312725, 2569378.686746988], [694138.391566265, 2569373.35014614], [694133.623564416, 2569368.686746988], [694128.3915662651, 2569364.5319966255], [694119.7103232072, 2569358.6867469884], [694118.391566265, 2569357.5288328705], [694108.391566265, 2569351.7904955], [694102.672015592, 2569348.686746988], [694098.391566265, 2569344.809193441], [694088.391566265, 2569340.308269293], [694085.1485219514, 2569338.686746988], [694078.391566265, 2569333.1232878626], [694068.391566265, 2569328.8864177456], [694067.7484743083, 2569328.686746988], [694058.391566265, 2569323.0799458455], [694048.391566265, 2569319.7298521483], [694044.265290263, 2569318.686746988], [694038.391566265, 2569315.52577617], [694028.3915662651, 2569310.0107818744], [694024.6968362142, 2569308.686746988], [694018.391566265, 2569304.630148558], [694008.391566265, 2569301.2612007754], [693998.391566265, 2569300.3567655473], [693988.391566265, 2569299.586890544], [693978.391566265, 2569299.38558023], [693968.391566265, 2569298.9521977734], [693958.391566265, 2569298.9358347356], [693948.391566265, 2569298.852864941], [693938.391566265, 2569298.9749520053], [693928.391566265, 2569299.052013554], [693918.391566265, 2569298.9002695936], [693915.0181118823, 2569298.686746988], [693908.391566265, 2569294.9205732285], [693898.391566265, 2569290.1383522614], [693888.391566265, 2569289.044712424], [693885.6353413236, 2569288.686746988], [693878.391566265, 2569284.6467544595], [693868.3915662649, 2569283.8404470235], [693858.391566265, 2569281.7181605157], [693848.391566265, 2569279.765419831], [693846.7214689013, 2569278.6867469875], [693838.391566265, 2569270.5232405905], [693835.5341741805, 2569268.686746988], [693828.391566265, 2569263.534914527], [693823.1754972583, 2569258.686746988], [693818.3915662649, 2569253.948600555], [693812.5382384008, 2569248.686746988], [693808.391566265, 2569244.923827747], [693802.7318100765, 2569238.686746988], [693798.391566265, 2569231.610057189], [693797.2450397451, 2569228.686746988], [693797.2450397451, 2569218.686746988], [693797.1485355838, 2569208.686746988], [693793.8228959349, 2569198.686746988], [693790.4666109637, 2569188.686746988], [693788.391566265, 2569186.5779266646], [693780.7321272333, 2569178.686746988], [693778.391566265, 2569177.315652232], [693768.391566265, 2569172.3131856415], [693763.0660936781, 2569168.6867469884], [693758.391566265, 2569166.208405338], [693748.391566265, 2569162.334189357], [693741.1889622933, 2569158.6867469884], [693738.391566265, 2569157.316934664], [693728.391566265, 2569152.3156554373], [693721.1889622933, 2569148.686746988], [693718.391566265, 2569147.3169346643], [693708.391566265, 2569142.3156554373], [693701.1337550603, 2569138.686746988], [693698.3915662651, 2569137.3156522317], [693688.391566265, 2569132.5118127046], [693678.7696186221, 2569128.686746988], [693678.391566265, 2569128.52871417], [693668.391566265, 2569124.1396026528], [693658.391566265, 2569119.58240346], [693656.472526141, 2569118.686746988], [693648.3915662651, 2569114.883723099], [693638.391566265, 2569110.1637822436], [693631.3620116762, 2569108.686746988], [693628.3915662651, 2569108.0291508846], [693618.391566265, 2569104.5018780073], [693608.391566265, 2569101.798062977], [693598.391566265, 2569100.5953508606], [693588.391566265, 2569100.46404464], [693578.391566265, 2569100.5479995133], [693568.3915662649, 2569100.878072492], [693558.391566265, 2569103.145537095], [693548.391566265, 2569105.0759955244], [693538.391566265, 2569108.047765981], [693536.0505641245, 2569108.6867469884], [693528.391566265, 2569110.5479995133], [693518.391566265, 2569113.511599967], [693508.391566265, 2569118.013987528], [693506.5200916243, 2569118.686746988], [693498.391566265, 2569122.426689977], [693488.391566265, 2569127.953194322], [693486.2272469259, 2569128.686746988], [693478.391566265, 2569133.2254307736], [693472.5508125855, 2569138.686746988], [693468.391566265, 2569143.953024528], [693463.6578438049, 2569148.686746988], [693458.391566265, 2569157.5764414784], [693457.4248189696, 2569158.6867469875], [693453.6486587313, 2569168.6867469875], [693448.9653640967, 2569178.686746988], [693448.391566265, 2569181.062815364], [693445.9965804846, 2569188.6867469884], [693442.491272602, 2569198.686746988], [693438.391566265, 2569206.886159662], [693437.2856579048, 2569208.686746988], [693435.0327478332, 2569218.6867469875], [693438.391566265, 2569224.5234321905], [693440.8473450204, 2569228.686746988], [693447.4248189696, 2569238.6867469875], [693448.391566265, 2569239.653494283], [693454.797296438, 2569248.686746988], [693458.391566265, 2569252.281016815], [693464.7972964379, 2569258.686746988], [693468.391566265, 2569262.281016815], [693475.9711334315, 2569268.686746988], [693478.3915662651, 2569270.4047944816], [693485.7202657423, 2569278.686746988], [693488.391566265, 2569281.8956401525], [693494.7196852418, 2569288.686746988], [693496.2722906996, 2569298.686746988], [693491.3717500747, 2569308.686746988], [693488.391566265, 2569310.1660925453], [693478.391566265, 2569313.6849798136], [693468.3915662649, 2569314.6408462073], [693458.391566265, 2569313.516779624], [693448.391566265, 2569315.801798173], [693441.6823452194, 2569318.686746988], [693438.391566265, 2569319.6797553157], [693428.3915662649, 2569320.418041243], [693418.391566265, 2569322.4771227296], [693409.3223573868, 2569318.686746988], [693408.391566265, 2569317.9783631694], [693398.391566265, 2569313.356578526], [693388.391566265, 2569311.595663622], [693385.4826496311, 2569308.686746988], [693379.5108413701, 2569298.686746988], [693378.391566265, 2569297.14311765], [693373.8385018657, 2569288.686746988], [693368.391566265, 2569281.595663622], [693366.5745260825, 2569278.686746988], [693362.8416811388, 2569268.686746988], [693359.3659107116, 2569258.686746988], [693358.391566265, 2569257.712402541], [693352.463193788, 2569248.686746988], [693348.391566265, 2569242.0954185748], [693345.6954298016, 2569238.686746988], [693342.6342845347, 2569228.686746988], [693338.391566265, 2569221.9771202295], [693335.9322197359, 2569218.686746988], [693330.1921535908, 2569208.686746988], [693328.391566265, 2569206.4812241634], [693318.3915662649, 2569199.790503253], [693316.8193388146, 2569198.686746988], [693308.6270173921, 2569188.686746988], [693308.391566265, 2569188.184158146], [693306.3890320775, 2569178.686746988], [693305.7902573852, 2569168.686746988], [693305.8015512447, 2569158.686746988], [693308.391566265, 2569150.729247345], [693309.0782078014, 2569148.686746988], [693315.6585846685, 2569138.686746988], [693318.391566265, 2569128.989312599], [693318.4791398393, 2569128.686746988], [693321.1479902691, 2569118.686746988], [693323.9924276683, 2569108.686746988], [693325.0074119759, 2569098.686746988], [693324.249061733, 2569088.686746988], [693320.1067467066, 2569078.686746988], [693318.391566265, 2569075.2164773485], [693314.9984984493, 2569068.686746988], [693311.545246993, 2569058.686746988], [693309.6007797014, 2569048.686746988], [693308.9557176837, 2569038.686746988], [693309.3012366937, 2569028.686746988], [693309.3012366937, 2569018.686746988], [693308.3915662651, 2569016.359519405], [693303.5045387641, 2569008.686746988], [693298.9036731395, 2568998.686746988], [693298.391566265, 2568998.1746401135], [693289.2201159667, 2568988.686746988], [693288.391566265, 2568987.826735077], [693279.297651915, 2568978.686746988], [693278.391566265, 2568977.780661338], [693269.2976519149, 2568968.686746988], [693268.391566265, 2568967.3949758196], [693258.8369124593, 2568958.686746988], [693258.391566265, 2568958.244126349], [693248.391566265, 2568952.672107917], [693242.1401640875, 2568948.6867469875], [693238.391566265, 2568944.9381491654], [693230.5293256011, 2568938.686746988], [693228.391566265, 2568936.0130025297], [693222.1836255689, 2568928.686746988], [693218.391566265, 2568925.559149811], [693208.391566265, 2568925.92583934], [693202.3389637121, 2568928.686746988], [693198.391566265, 2568931.437548813], [693191.7698105334, 2568928.686746988], [693188.391566265, 2568927.6616974813], [693178.3915662651, 2568924.592757372], [693169.7066526976, 2568918.6867469875], [693168.3915662649, 2568917.3716605552], [693160.1772849744, 2568908.686746988], [693158.391566265, 2568906.818715502], [693152.2702329642, 2568898.686746988], [693148.3915662649, 2568894.907978862], [693140.1962177772, 2568888.686746988], [693138.3915662649, 2568887.145670682], [693129.4252461223, 2568878.686746988], [693128.391566265, 2568877.746687017], [693119.331626236, 2568868.686746988], [693118.391566265, 2568867.417610121], [693114.5228703369, 2568858.686746988], [693110.961315926, 2568848.686746988], [693108.391566265, 2568843.300627534], [693107.1767608069, 2568838.686746988], [693103.8803991716, 2568828.686746988], [693100.2268865646, 2568818.6867469875], [693098.391566265, 2568814.789449717], [693096.0565394679, 2568808.686746988], [693089.8695682439, 2568798.6867469884], [693088.3915662649, 2568796.3822091725], [693083.3505998517, 2568788.686746988], [693078.391566265, 2568782.89331002], [693073.9847265052, 2568778.686746988], [693068.391566265, 2568775.126216305], [693059.6128899483, 2568768.686746988], [693058.3915662651, 2568768.200048498], [693048.3915662651, 2568766.4893342694], [693038.3915662651, 2568766.4893342694], [693028.391566265, 2568767.9582322408], [693018.391566265, 2568767.9582322408], [693016.5889094427, 2568768.686746988], [693008.3915662649, 2568776.8840901656], [693006.5889094427, 2568778.686746988], [692998.391566265, 2568786.8840901656], [692994.7276222744, 2568788.686746988], [692988.391566265, 2568791.8040802823], [692978.391566265, 2568798.155919906], [692977.3027188677, 2568798.686746988], [692968.3915662649, 2568804.678143235], [692961.923637076, 2568808.686746988], [692958.391566265, 2568814.023987106], [692948.391566265, 2568817.9046827937], [692947.2422217272, 2568818.686746988], [692943.9201637018, 2568828.686746988], [692938.391566265, 2568838.0889725485], [692938.0263977257, 2568838.686746988], [692937.3788240928, 2568848.686746988], [692934.1547335549, 2568858.686746988], [692928.391566265, 2568864.215344425], [692923.9201637018, 2568868.686746988], [692918.391566265, 2568872.2214125483], [692908.3915662651, 2568876.962801517], [692902.2068306139, 2568878.686746988], [692898.391566265, 2568879.6512812246], [692888.391566265, 2568879.6454641493], [692878.391566265, 2568880.129604972], [692872.8212213091, 2568878.686746988], [692868.391566265, 2568877.9027244826], [692858.391566265, 2568878.0038997964], [692848.3915662649, 2568875.9885168048], [692838.391566265, 2568870.81782845], [692828.391566265, 2568869.969630694], [692818.391566265, 2568869.927257858], [692808.391566265, 2568869.7950767074], [692807.2447876026, 2568868.686746988], [692803.9140222877, 2568858.686746988], [692804.0397574755, 2568848.686746988], [692804.3575866153, 2568838.686746988], [692802.0892018026, 2568828.6867469884], [692798.391566265, 2568824.1791920327], [692794.3575866153, 2568818.686746988], [692788.391566265, 2568811.475466994], [692786.5714934453, 2568808.686746988], [692784.2566213126, 2568798.686746988], [692784.2566213126, 2568788.686746988], [692778.391566265, 2568780.5551554817], [692776.5231577714, 2568778.686746988], [692768.391566265, 2568770.5551554817], [692766.9556678762, 2568768.686746988], [692761.6790337805, 2568758.686746988], [692758.3915662649, 2568754.7417859696], [692754.2846776678, 2568748.686746988], [692748.391566265, 2568742.73079821], [692743.1066508514, 2568738.686746988], [692738.391566265, 2568734.0364622995], [692732.3365272835, 2568728.686746988], [692728.391566265, 2568725.6656048265], [692718.391566265, 2568724.834416809], [692708.391566265, 2568723.4975589532], [692698.391566265, 2568721.6561003076]]}}, {"type": "Feature", "properties": {"level": 2.0, "label": "2 h"}, "geometry": {"type": "LineString", "coordinates": [[692909.924665983, 2568147.15364727], [692915.0935114705, 2568148.686746988], [692918.391566265, 2568150.156988148], [692928.391566265, 2568156.1971254735], [692931.2158310085, 2568158.686746988], [692938.391566265, 2568165.417881733], [692942.5540709725, 2568168.686746988], [692948.391566265, 2568173.675394295], [692953.4029189585, 2568178.6867469884], [692958.391566265, 2568183.675394295], [692962.4538605274, 2568188.686746988], [692968.391566265, 2568195.8513741624], [692970.8487854352, 2568198.686746988], [692977.2712662702, 2568208.6867469884], [692978.391566265, 2568211.5651850407], [692979.7971097776, 2568218.686746988], [692981.9184786396, 2568228.686746988], [692983.5607161816, 2568238.686746988], [692986.7136477089, 2568248.6867469875], [692988.391566265, 2568254.093745829], [692989.2818998023, 2568258.686746988], [692991.5332060152, 2568268.686746988], [692995.6979014734, 2568278.686746988], [692998.3915662651, 2568283.089801925], [693001.9184786396, 2568288.686746988], [693008.219092533, 2568298.686746988], [693008.391566265, 2568299.0152420974], [693014.007200662, 2568308.686746988], [693018.391566265, 2568314.87382718], [693020.6293372437, 2568318.686746988], [693024.674182514, 2568328.686746988], [693028.391566265, 2568333.179420232], [693031.7249036648, 2568338.686746988], [693038.391566265, 2568346.448976009], [693039.8393871296, 2568348.686746988], [693048.391566265, 2568357.7000055066], [693049.1629927127, 2568358.686746988], [693058.391566265, 2568367.9153205403], [693059.1446721067, 2568368.686746988], [693068.391566265, 2568377.9336411464], [693069.1446721066, 2568378.686746988], [693078.391566265, 2568387.9336411464], [693079.1629927127, 2568388.686746988], [693088.391566265, 2568397.680787516], [693089.3975257371, 2568398.6867469875], [693095.7596114638, 2568408.686746988], [693098.391566265, 2568411.9393931185], [693103.3046198317, 2568418.686746988], [693108.391566265, 2568425.0635681706], [693109.5992925374, 2568428.686746988], [693112.7937101152, 2568438.686746988], [693118.391566265, 2568445.633918264], [693119.5451400034, 2568448.686746988], [693121.0519040168, 2568458.686746988], [693127.0321699147, 2568468.686746988], [693128.391566265, 2568471.6664033113], [693130.4544896996, 2568478.686746988], [693134.2250556861, 2568488.6867469884], [693138.391566265, 2568495.879092381], [693139.7206213728, 2568498.686746988], [693142.5781163257, 2568508.686746988], [693146.8033861648, 2568518.6867469884], [693148.391566265, 2568520.8824416865], [693152.0568638572, 2568528.686746988], [693155.6169314901, 2568538.686746988], [693158.391566265, 2568542.2863480593], [693162.8653250115, 2568548.686746988], [693168.391566265, 2568555.1942638746], [693171.8459507327, 2568558.686746988], [693178.391566265, 2568565.2323625204], [693181.9193490347, 2568568.686746988], [693188.391566265, 2568574.0821680585], [693195.0043072848, 2568578.6867469875], [693198.391566265, 2568581.342209164], [693208.391566265, 2568584.478518722], [693216.3895359489, 2568588.6867469884], [693218.3915662649, 2568590.380464343], [693227.6171199947, 2568598.686746988], [693228.391566265, 2568599.4611932584], [693238.138141174, 2568608.686746988], [693238.391566265, 2568608.940172079], [693248.391566265, 2568618.1334854555], [693249.2440183435, 2568618.686746988], [693258.391566265, 2568626.7323171957], [693260.6062187192, 2568628.686746988], [693268.391566265, 2568635.6561960196], [693274.6830642689, 2568638.686746988], [693278.391566265, 2568640.185476315], [693287.6041342651, 2568648.6867469884], [693288.391566265, 2568649.4337351946], [693298.391566265, 2568655.10611592], [693305.6238057384, 2568658.686746988], [693308.391566265, 2568659.8410720294], [693317.5036042387, 2568668.686746988], [693318.391566265, 2568669.5841850713], [693326.9554941113, 2568678.686746988], [693328.391566265, 2568680.5311543588], [693335.4431878396, 2568688.6867469875], [693338.391566265, 2568693.7413716028], [693341.6820592119, 2568698.686746988], [693348.391566265, 2568705.5895333523], [693350.9930368826, 2568708.686746988], [693358.391566265, 2568715.9104910837], [693362.9607587634, 2568718.686746988], [693368.3915662651, 2568721.710313122], [693378.391566265, 2568728.2865911676], [693379.5820274954, 2568728.686746988], [693388.391566265, 2568731.710313122], [693398.391566265, 2568735.7075259113], [693406.2614910199, 2568738.686746988], [693408.3915662651, 2568739.5670453752], [693418.391566265, 2568741.6955226455], [693428.3915662651, 2568743.63139733], [693438.391566265, 2568748.410819481], [693439.0298816728, 2568748.6867469875], [693448.391566265, 2568751.9496280886], [693458.3915662651, 2568753.63139733], [693468.391566265, 2568754.3188771354], [693478.391566265, 2568755.5646068025], [693488.391566265, 2568756.9722926915], [693495.498023717, 2568758.6867469875], [693498.391566265, 2568760.46045745], [693508.3915662649, 2568761.790493217], [693518.391566265, 2568764.806220843], [693523.657132278, 2568768.686746988], [693528.391566265, 2568772.407265384], [693537.1288705865, 2568778.686746988], [693538.3915662651, 2568779.814894729], [693548.3915662649, 2568787.3238863237], [693549.2605527574, 2568788.686746988], [693558.391566265, 2568796.8832709407], [693560.1950423123, 2568798.686746988], [693568.391566265, 2568806.8832709407], [693570.1950423124, 2568808.686746988], [693578.391566265, 2568816.8832709407], [693580.007818237, 2568818.686746988], [693588.391566265, 2568827.070495016], [693589.5913676561, 2568828.686746988], [693598.391566265, 2568838.12988618], [693598.921392513, 2568838.6867469875], [693605.3869537942, 2568848.686746988], [693608.391566265, 2568851.9986656588], [693613.8556713973, 2568858.686746988], [693618.3915662649, 2568863.2818553783], [693623.7497416947, 2568868.6867469884], [693628.391566265, 2568872.9186633443], [693634.1596499088, 2568878.686746988], [693638.391566265, 2568882.6692609973], [693644.4540091797, 2568888.686746988], [693648.3915662649, 2568892.24039275], [693656.4922757241, 2568898.686746988], [693658.391566265, 2568900.3796635903], [693668.391566265, 2568906.3816396436], [693673.3052886922, 2568908.686746988], [693678.391566265, 2568913.05329786], [693688.3915662651, 2568916.4506969396], [693695.0306685999, 2568918.686746988], [693698.391566265, 2568921.391648681], [693708.391566265, 2568923.5925028566], [693718.391566265, 2568926.6167108654], [693722.4954154601, 2568928.686746988], [693728.391566265, 2568931.584050971], [693738.391566265, 2568935.6742263804], [693743.6957737346, 2568938.686746988], [693748.391566265, 2568940.5869492763], [693758.391566265, 2568942.4964846047], [693768.391566265, 2568942.4964846047], [693778.391566265, 2568943.783521009], [693788.391566265, 2568944.3057854595], [693798.3915662651, 2568946.2770727733], [693805.28843551, 2568948.686746988], [693808.391566265, 2568949.7404910624], [693818.391566265, 2568955.321872267], [693825.3662252184, 2568958.686746988], [693828.391566265, 2568960.238313794], [693836.8399994588, 2568968.686746988], [693838.391566265, 2568970.2758719036], [693843.7710739593, 2568978.686746988], [693847.5861789167, 2568988.686746988], [693848.391566265, 2568989.328105679], [693858.391566265, 2568994.913734921], [693865.4372915863, 2568998.686746988], [693868.391566265, 2568999.5749409986], [693878.391566265, 2569006.122994392], [693881.451633929, 2569008.686746988], [693888.391566265, 2569013.960358184], [693896.8347724373, 2569018.6867469884], [693898.391566265, 2569019.4649246703], [693908.391566265, 2569028.4450052846], [693908.6345604849, 2569028.686746988], [693918.391566265, 2569036.501263192], [693921.6672957523, 2569038.686746988], [693928.3915662649, 2569043.011628844], [693938.391566265, 2569047.788594735], [693939.8219258711, 2569048.686746988], [693948.391566265, 2569054.2334507117], [693958.391566265, 2569057.823774539], [693964.8567314623, 2569058.6867469875], [693968.391566265, 2569059.6559860143], [693978.391566265, 2569062.1162274433], [693988.3915662651, 2569066.55247077], [693998.391566265, 2569066.6396379583], [694008.391566265, 2569062.8325895593], [694018.391566265, 2569063.9433357986], [694028.391566265, 2569067.5322905346], [694032.0040671069, 2569068.686746988], [694038.3915662651, 2569071.2193636894], [694048.391566265, 2569072.0562671], [694056.6684329099, 2569078.686746988], [694058.3915662649, 2569080.409880343], [694063.0714633416, 2569088.686746988], [694068.391566265, 2569094.0068499115], [694078.391566265, 2569095.6770500722], [694081.758613586, 2569098.686746988], [694088.391566265, 2569104.6376522197], [694093.0714633415, 2569108.686746988], [694098.3915662651, 2569112.4676318904], [694108.391566265, 2569118.4276295286], [694108.6085654922, 2569118.686746988], [694118.391566265, 2569128.469747761], [694118.5654440225, 2569128.686746988], [694123.5341364878, 2569138.686746988], [694128.391566265, 2569144.5325590875], [694131.7384679441, 2569148.686746988], [694138.391566265, 2569156.741337778], [694139.8610566863, 2569158.686746988], [694145.4762603675, 2569168.686746988], [694148.391566265, 2569171.602052885], [694155.4762603675, 2569178.686746988], [694158.391566265, 2569181.6020528856], [694167.8711216087, 2569188.686746988], [694168.391566265, 2569189.2071916442], [694178.391566265, 2569197.0281960564], [694180.4723660966, 2569198.686746988], [694188.391566265, 2569205.982693478], [694191.7900309106, 2569208.686746988], [694198.391566265, 2569214.5931865787], [694202.8365263608, 2569218.686746988], [694208.391566265, 2569223.217646173], [694215.5764690677, 2569228.686746988], [694218.3915662651, 2569231.02702408], [694226.0972742955, 2569238.686746988], [694228.391566265, 2569240.9810389574], [694236.0972742954, 2569248.686746988], [694238.3915662649, 2569250.9810389574], [694247.0954395722, 2569258.6867469875], [694248.391566265, 2569259.988947559], [694258.391566265, 2569264.422251541], [694264.6969492281, 2569268.686746988], [694268.391566265, 2569271.5913163973], [694278.391566265, 2569276.816436245], [694280.8508736987, 2569278.686746988], [694288.391566265, 2569283.024394926], [694296.8745860725, 2569288.686746988], [694298.391566265, 2569290.1668944852], [694308.391566265, 2569295.262397223], [694313.8077058826, 2569298.686746988], [694318.391566265, 2569302.0133664105], [694327.5173104861, 2569308.686746988], [694328.391566265, 2569309.4884375646], [694338.391566265, 2569315.077313153], [694342.4521952791, 2569318.686746988], [694348.391566265, 2569323.9076259537], [694356.5870774336, 2569328.6867469884], [694358.391566265, 2569330.1317842873], [694368.391566265, 2569337.947607673], [694369.2544477469, 2569338.686746988], [694378.391566265, 2569345.091343615], [694384.1603180438, 2569348.686746988], [694388.3915662651, 2569352.4991446664], [694396.8224796241, 2569358.686746988], [694398.391566265, 2569360.0488891536], [694408.391566265, 2569366.8211246533], [694411.4741097024, 2569368.686746988], [694418.391566265, 2569372.915183808], [694424.3400925025, 2569378.686746988], [694428.3915662651, 2569383.0866758656], [694433.613770379, 2569388.686746988], [694437.9763375579, 2569398.6867469875], [694438.391566265, 2569399.1019756948], [694447.4487669514, 2569408.686746988], [694448.391566265, 2569409.6515119122], [694457.2629066976, 2569418.6867469884], [694458.3915662649, 2569419.827678277], [694466.3733361453, 2569428.686746988], [694468.391566265, 2569431.2259699916], [694475.7116755134, 2569438.686746988], [694478.3915662651, 2569441.4272478595], [694485.2989320878, 2569448.686746988], [694488.3915662651, 2569452.3268321734], [694493.2604988569, 2569458.686746988], [694498.391566265, 2569465.222541569], [694500.9171555123, 2569468.686746988], [694508.391566265, 2569478.420774739], [694508.6011201991, 2569478.686746988], [694515.555143765, 2569488.686746988], [694518.391566265, 2569493.244296273], [694521.912038218, 2569498.686746988], [694528.391566265, 2569507.953586663], [694528.9258443872, 2569508.686746988], [694536.2309797349, 2569518.686746988], [694538.391566265, 2569521.884730495], [694542.9455971277, 2569528.686746988], [694548.391566265, 2569536.806487748], [694549.8263874112, 2569538.686746988], [694556.4460367884, 2569548.686746988], [694558.391566265, 2569552.1226274613], [694562.342054524, 2569558.686746988], [694568.391566265, 2569568.1436559996], [694568.8152429215, 2569568.686746988], [694575.8662857448, 2569578.686746988], [694578.391566265, 2569584.9800081416], [694581.9660478829, 2569588.686746988], [694588.391566265, 2569595.3668602724], [694590.6706497096, 2569598.686746988], [694598.391566265, 2569606.4177282006], [694600.6605850522, 2569608.686746988], [694608.391566265, 2569616.4177282006], [694610.6605850523, 2569618.686746988], [694618.391566265, 2569627.285105142], [694619.580382734, 2569628.686746988], [694628.391566265, 2569638.4559897166], [694628.617567208, 2569638.686746988], [694636.2667860406, 2569648.686746988], [694638.391566265, 2569657.109838361], [694638.7250365809, 2569658.686746988], [694639.5582373424, 2569668.686746988], [694640.2280072626, 2569678.686746988], [694639.4752217125, 2569688.686746988], [694640.0862813963, 2569698.686746988], [694639.8554482736, 2569708.686746988], [694640.2351740055, 2569718.686746988], [694643.71514054, 2569728.686746988], [694647.1130794403, 2569738.6867469884], [694648.391566265, 2569747.966405586], [694648.5287952296, 2569748.686746988], [694650.7452761128, 2569758.686746988], [694653.2771296261, 2569768.686746988], [694654.7515227916, 2569778.686746988], [694656.7302420962, 2569788.686746988], [694656.9609177668, 2569798.6867469884], [694656.9718298891, 2569808.686746988], [694657.074069557, 2569818.6867469875], [694657.074069557, 2569828.686746988], [694656.8980772713, 2569838.686746988], [694656.7136789344, 2569848.686746988], [694656.6103130148, 2569858.686746988], [694656.5745950572, 2569868.6867469875], [694656.5337288815, 2569878.686746988], [694656.4381752587, 2569888.686746988], [694654.7962254157, 2569898.6867469884], [694654.5270626328, 2569908.686746988], [694654.5074660124, 2569918.686746988], [694653.7456263017, 2569928.686746988], [694653.7056352019, 2569938.686746988], [694653.2105649032, 2569948.686746988], [694653.103772291, 2569958.686746988], [694653.103772291, 2569968.686746988], [694653.679505968, 2569978.686746988], [694653.7352638121, 2569988.6867469875], [694654.3466809057, 2569998.686746988], [694655.4390930536, 2570008.686746988], [694658.391566265, 2570015.045285183], [694659.7952954159, 2570018.686746988], [694660.8260536887, 2570028.686746988], [694662.284032129, 2570038.686746988], [694662.8013144818, 2570048.686746988], [694665.1977305654, 2570058.6867469875], [694668.391566265, 2570065.045285183], [694669.7482995605, 2570068.686746988], [694670.2976702378, 2570078.686746988], [694672.7095270744, 2570088.686746988], [694675.546743002, 2570098.686746988], [694678.391566265, 2570105.008516792], [694680.1074661929, 2570108.686746988], [694682.0956573014, 2570118.686746988], [694684.6740346621, 2570128.6867469875], [694688.391566265, 2570135.477223368], [694689.9593303849, 2570138.686746988], [694691.9052546966, 2570148.686746988], [694694.7471591656, 2570158.686746988], [694698.391566265, 2570168.543994057], [694698.44475918, 2570168.686746988], [694703.7763261213, 2570178.686746988], [694708.391566265, 2570188.2809489337], [694708.6694065729, 2570188.686746988], [694715.3901344715, 2570198.686746988], [694718.391566265, 2570202.5032851915], [694724.4389748131, 2570208.6867469875], [694728.391566265, 2570213.1066934047], [694734.1123768075, 2570218.686746988], [694738.3915662651, 2570222.7579757767], [694748.391566265, 2570228.291348887], [694749.1432238854, 2570228.686746988], [694758.391566265, 2570234.479813276], [694765.9597308293, 2570238.6867469875], [694768.391566265, 2570240.567982741], [694778.391566265, 2570247.9012474837], [694779.5356350983, 2570248.686746988], [694788.391566265, 2570254.092177956], [694798.3915662651, 2570257.708558881], [694799.426713147, 2570258.686746988], [694808.391566265, 2570266.4690906783], [694810.5025178228, 2570268.686746988], [694818.391566265, 2570276.57579543], [694820.4422111731, 2570278.686746988], [694828.391566265, 2570287.459503677], [694829.274898971, 2570288.686746988], [694835.679830163, 2570298.686746988], [694838.391566265, 2570302.3763257023], [694842.521184973, 2570308.686746988], [694848.3915662649, 2570317.4121577223], [694848.9845922496, 2570318.686746988], [694852.4459581476, 2570328.686746988], [694853.4222978055, 2570338.686746988], [694851.5666156127, 2570348.686746988], [694848.391566265, 2570356.2443024055], [694846.8628612357, 2570358.686746988], [694845.4073006657, 2570368.686746988], [694842.2385769899, 2570378.686746988], [694840.4197203573, 2570388.686746988], [694838.4958438635, 2570398.686746988], [694838.391566265, 2570400.030227324], [694837.2666266914, 2570408.686746988], [694836.0074189823, 2570418.686746988], [694836.8516533282, 2570428.686746988], [694838.391566265, 2570438.4005031837], [694838.4398710082, 2570438.686746988], [694840.1466825756, 2570448.686746988], [694844.2062863652, 2570458.6867469875], [694848.162289266, 2570468.686746988], [694848.391566265, 2570469.607837308], [694850.9537324099, 2570478.686746988], [694856.3803106361, 2570488.686746988], [694858.391566265, 2570495.5237303684], [694859.2304741879, 2570498.686746988], [694864.7215790962, 2570508.686746988], [694868.2095842786, 2570518.686746988], [694868.3915662649, 2570519.7663051514], [694869.9451903712, 2570528.686746988], [694873.8216454934, 2570538.686746988], [694878.1788585647, 2570548.686746988], [694878.391566265, 2570549.1866235835], [694883.1009468362, 2570558.686746988], [694887.6909810218, 2570568.686746988], [694888.3915662649, 2570570.347903115], [694891.2524773615, 2570578.686746988], [694894.5018278318, 2570588.686746988], [694897.7467777785, 2570598.686746988], [694898.391566265, 2570600.888843907], [694902.069299253, 2570608.686746988], [694905.4196052126, 2570618.686746988], [694908.0688116446, 2570628.686746988], [694908.391566265, 2570629.385112679], [694914.8775008684, 2570638.6867469884], [694918.391566265, 2570644.9826625134], [694921.4836777598, 2570648.686746988], [694927.912075122, 2570658.686746988], [694928.391566265, 2570659.385112679], [694936.7304101374, 2570668.686746988], [694938.391566265, 2570670.50522347], [694946.0485880709, 2570678.686746988], [694948.391566265, 2570681.1621753885], [694954.486073395, 2570688.686746988], [694958.391566265, 2570693.893139771], [694962.8178149802, 2570698.686746988], [694968.391566265, 2570706.75343241], [694970.3192053519, 2570708.686746988], [694977.8700769478, 2570718.6867469884], [694978.391566265, 2570719.4048337494], [694986.5271774858, 2570728.686746988], [694988.391566265, 2570731.471221764], [694994.9162278562, 2570738.686746988], [694998.391566265, 2570743.264200271], [695002.582276199, 2570748.686746988], [695008.3915662651, 2570756.5305172997], [695010.2013898975, 2570758.686746988], [695018.0597289075, 2570768.686746988], [695018.391566265, 2570769.1150618815], [695025.2897936566, 2570778.686746988], [695028.391566265, 2570784.6561359726], [695030.9330444329, 2570788.686746988], [695037.0209218848, 2570798.686746988], [695038.3915662651, 2570801.0265187807], [695043.814112982, 2570808.686746988], [695048.391566265, 2570818.686746988], [695048.391566265, 2570818.686746988], [695055.422203986, 2570828.686746988], [695058.391566265, 2570838.686746988], [695058.391566265, 2570838.686746988], [695068.391566265, 2570848.686746988], [695068.391566265, 2570848.686746988], [695068.391566265, 2570858.686746988], [695077.4297705165, 2570868.686746988], [695078.391566265, 2570878.686746988], [695078.391566265, 2570878.686746988], [695078.391566265, 2570888.686746988], [695088.391566265, 2570898.686746988], [695088.391566265, 2570898.686746988], [695088.391566265, 2570908.686746988], [695088.391566265, 2570918.686746988], [695088.391566265, 2570928.686746988], [695088.391566265, 2570938.686746988], [695088.391566265, 2570948.686746988], [695088.391566265, 2570958.686746988], [695088.391566265, 2570968.686746988], [695088.391566265, 2570968.686746988], [695078.391566265, 2570968.686746988], [695068.391566265, 2570968.686746988], [695058.391566265, 2570968.686746988], [695058.391566265, 2570968.686746988], [695048.391566265, 2570958.686746988], [695038.391566265, 2570958.686746988], [695038.391566265, 2570958.686746988], [695028.391566265, 2570948.686746988], [695028.391566265, 2570948.686746988], [695018.391566265, 2570938.686746988], [695018.391566265, 2570938.686746988], [695008.391566265, 2570931.1094921017], [694998.391566265, 2570928.686746988], [694988.391566265, 2570928.686746988], [694978.391566265, 2570928.686746988], [694968.391566265, 2570938.686746988], [694968.391566265, 2570938.686746988], [694958.391566265, 2570938.686746988], [694948.391566265, 2570948.686746988], [694948.391566265, 2570948.686746988], [694938.391566265, 2570958.686746988], [694938.391566265, 2570958.686746988], [694930.5326348101, 2570968.686746988], [694928.4262189507, 2570978.686746988], [694928.391566265, 2570988.686746988], [694928.391566265, 2570998.686746988], [694928.391566265, 2571008.686746988], [694928.391566265, 2571018.686746988], [694928.391566265, 2571028.686746988], [694928.391566265, 2571038.686746988], [694928.391566265, 2571048.686746988], [694928.391566265, 2571058.686746988], [694928.391566265, 2571068.686746988], [694928.391566265, 2571078.686746988], [694928.391566265, 2571088.686746988], [694928.391566265, 2571098.686746988], [694928.391566265, 2571098.686746988], [694918.391566265, 2571108.686746988], [694918.391566265, 2571118.686746988], [694918.391566265, 2571118.686746988], [694908.391566265, 2571128.686746988], [694908.391566265, 2571128.686746988], [694898.391566265, 2571128.686746988], [694888.391566265, 2571138.686746988], [694888.391566265, 2571138.686746988], [694878.391566265, 2571138.686746988], [694868.391566265, 2571138.686746988], [694858.391566265, 2571148.686746988], [694858.391566265, 2571148.686746988], [694858.391566265, 2571148.686746988], [694848.391566265, 2571138.686746988], [694838.391566265, 2571138.686746988], [694828.391566265, 2571138.686746988], [694818.391566265, 2571138.686746988], [694808.391566265, 2571138.686746988], [694798.391566265, 2571138.686746988], [694788.391566265, 2571148.686746988], [694788.391566265, 2571148.686746988], [694778.391566265, 2571148.686746988], [694768.391566265, 2571158.686746988], [694768.391566265, 2571158.686746988], [694758.391566265, 2571168.686746988], [694758.391566265, 2571168.686746988], [694748.391566265, 2571178.686746988], [694748.391566265, 2571188.686746988], [694748.391566265, 2571188.686746988], [694744.2223365961, 2571198.6867469875], [694738.391566265, 2571205.6253279494], [694736.9936541165, 2571208.686746988], [694731.2697958797, 2571218.686746988], [694728.391566265, 2571221.9573350223], [694723.4170210401, 2571228.686746988], [694718.391566265, 2571233.712201763], [694713.5392036055, 2571238.686746988], [694708.391566265, 2571243.560185568], [694703.265004845, 2571248.686746988], [694698.391566265, 2571253.2979900995], [694693.704285298, 2571258.686746988], [694688.391566265, 2571263.9636704316], [694684.0851943127, 2571268.686746988], [694678.391566265, 2571274.3803750356], [694674.8492588478, 2571278.686746988], [694668.391566265, 2571285.1444395706], [694664.0851943127, 2571288.686746988], [694658.391566265, 2571294.380375036], [694653.6684897088, 2571298.686746988], [694648.391566265, 2571302.370975036], [694638.391566265, 2571307.8986576954], [694637.001823042, 2571308.686746988], [694628.391566265, 2571313.563326874], [694618.391566265, 2571317.5487004463], [694608.391566265, 2571317.6495322185], [694598.391566265, 2571315.04122539], [694588.3915662649, 2571310.598482392], [694584.5867091087, 2571308.686746988], [694578.3915662651, 2571305.5587094403], [694568.391566265, 2571299.367806112], [694567.6272646234, 2571298.686746988], [694558.391566265, 2571289.45104863], [694557.6512377871, 2571288.686746988], [694549.769501613, 2571278.686746988], [694548.391566265, 2571275.049438045], [694546.4199735345, 2571268.686746988], [694546.4887623736, 2571258.686746988], [694547.9289161733, 2571248.686746988], [694548.391566265, 2571246.528725586], [694550.8873775149, 2571238.686746988], [694557.0986170467, 2571228.686746988], [694558.3915662651, 2571226.3212733567], [694562.6259417818, 2571218.686746988], [694568.2057871481, 2571208.686746988], [694568.391566265, 2571208.416568751], [694575.8175817356, 2571198.686746988], [694578.391566265, 2571194.778322612], [694582.4635410239, 2571188.686746988], [694588.391566265, 2571180.859518258], [694589.8750051247, 2571178.686746988], [694597.6669892295, 2571168.686746988], [694598.391566265, 2571167.8401009473], [694606.2163450676, 2571158.686746988], [694608.391566265, 2571155.36996984], [694614.0745694421, 2571148.686746988], [694618.391566265, 2571142.077706147], [694621.7825254239, 2571138.686746988], [694628.391566265, 2571132.077706147], [694631.7825254239, 2571128.686746988], [694638.391566265, 2571122.077706147], [694641.7907066036, 2571118.686746988], [694648.3915662649, 2571112.2777347113], [694652.081144979, 2571108.6867469884], [694658.391566265, 2571102.1820837376], [694667.0262989851, 2571098.686746988], [694668.391566265, 2571095.9389464012], [694678.391566265, 2571088.686746988], [694678.391566265, 2571078.686746988], [694678.391566265, 2571078.686746988], [694688.391566265, 2571068.686746988], [694688.391566265, 2571058.686746988], [694688.391566265, 2571058.686746988], [694698.391566265, 2571048.686746988], [694698.391566265, 2571048.686746988], [694708.391566265, 2571038.686746988], [694708.391566265, 2571028.686746988], [694708.391566265, 2571028.686746988], [694718.391566265, 2571018.686746988], [694718.391566265, 2571018.686746988], [694728.391566265, 2571008.686746988], [694728.391566265, 2570998.686746988], [694728.391566265, 2570998.686746988], [694738.391566265, 2570988.686746988], [694738.391566265, 2570978.686746988], [694738.2503098926, 2570968.686746988], [694735.8671402583, 2570958.686746988], [694732.4463868001, 2570948.686746988], [694732.1326989548, 2570938.686746988], [694728.391566265, 2570928.85914498], [694728.2704724871, 2570928.686746988], [694722.4463868001, 2570918.686746988], [694718.391566265, 2570911.3645109404], [694715.8671402583, 2570908.686746988], [694708.3915662649, 2570900.6964103747], [694706.381902878, 2570898.686746988], [694698.391566265, 2570891.2111729947], [694696.0915936348, 2570888.686746988], [694688.391566265, 2570880.2352771363], [694686.843036117, 2570878.6867469884], [694681.1696498276, 2570868.6867469875], [694678.391566265, 2570865.908663425], [694671.1696498276, 2570858.6867469875], [694668.391566265, 2570855.908663425], [694661.1696498276, 2570848.686746988], [694658.3915662649, 2570845.9305913085], [694651.9447704444, 2570838.6867469875], [694648.391566265, 2570835.1335428082], [694641.9447704444, 2570828.686746988], [694638.391566265, 2570825.1335428082], [694632.4207004241, 2570818.686746988], [694628.391566265, 2570814.63122728], [694622.4470859729, 2570808.686746988], [694618.391566265, 2570804.63122728], [694613.0220800363, 2570798.686746988], [694608.391566265, 2570792.7244623504], [694605.5749990086, 2570788.686746988], [694599.5346378927, 2570778.686746988], [694599.2296773375, 2570768.686746988], [694598.391566265, 2570764.63122728], [694595.3582338658, 2570758.686746988], [694591.9432185261, 2570748.686746988], [694589.0944932488, 2570738.6867469884], [694588.3915662649, 2570736.6465574168], [694584.0279410647, 2570728.686746988], [694579.4015078179, 2570718.6867469875], [694578.391566265, 2570716.084181343], [694574.8733272264, 2570708.686746988], [694571.5344568717, 2570698.686746988], [694569.4134425244, 2570688.686746988], [694568.391566265, 2570686.084181343], [694564.7853448117, 2570678.686746988], [694563.4418403376, 2570668.686746988], [694559.6792018237, 2570658.686746988], [694558.391566265, 2570656.0841813427], [694553.70058088, 2570648.686746988], [694550.6892470752, 2570638.686746988], [694548.391566265, 2570636.160221426], [694540.9180918271, 2570628.686746988], [694538.391566265, 2570626.0841813427], [694531.3550881876, 2570618.6867469875], [694528.391566265, 2570615.635873322], [694522.8668356991, 2570608.6867469875], [694518.391566265, 2570602.4495105715], [694514.6288026815, 2570598.686746988], [694508.391566265, 2570591.903788011], [694505.6014224773, 2570588.686746988], [694499.9600306195, 2570578.6867469884], [694498.391566265, 2570577.118282634], [694489.9600306194, 2570568.686746988], [694488.3915662651, 2570567.2767217048], [694479.8015915486, 2570558.686746988], [694478.391566265, 2570557.2767217048], [694470.0928812686, 2570548.686746988], [694468.3915662649, 2570546.9854319845], [694460.5423555935, 2570538.6867469875], [694458.3915662649, 2570536.535957659], [694452.8591161959, 2570528.686746988], [694448.6607816024, 2570518.686746988], [694448.391566265, 2570518.2999588023], [694443.046025882, 2570508.6867469884], [694438.391566265, 2570501.9223706457], [694437.5554502821, 2570498.686746988], [694433.3604550799, 2570488.6867469875], [694428.391566265, 2570480.535064807], [694427.8969638762, 2570478.686746988], [694421.2291791606, 2570468.686746988], [694418.3915662651, 2570464.6280127903], [694414.9712929749, 2570458.686746988], [694408.391566265, 2570450.6659034723], [694407.132889071, 2570448.686746988], [694398.7638099605, 2570438.686746988], [694398.391566265, 2570438.3367718617], [694388.7415413914, 2570428.686746988], [694388.3915662649, 2570428.285869069], [694383.8672317204, 2570418.686746988], [694378.391566265, 2570412.44730186], [694374.957322639, 2570408.686746988], [694368.391566265, 2570401.492977132], [694365.8731379982, 2570398.686746988], [694358.3915662651, 2570390.8982042246], [694356.3154638363, 2570388.686746988], [694348.391566265, 2570380.316819274], [694347.345305816, 2570378.686746988], [694338.391566265, 2570369.262795551], [694337.990628802, 2570368.686746988], [694333.9055925941, 2570358.686746988], [694328.391566265, 2570351.295442857], [694327.03580481, 2570348.686746988], [694324.835888997, 2570338.686746988], [694321.1270876562, 2570328.6867469884], [694318.3915662651, 2570323.7843723292], [694316.2283123491, 2570318.686746988], [694312.9880067315, 2570308.686746988], [694308.391566265, 2570302.735532309], [694304.3427809438, 2570298.686746988], [694298.391566265, 2570293.4999251594], [694292.2443223655, 2570288.686746988], [694288.3915662651, 2570284.772387023], [694283.5543359844, 2570278.686746988], [694282.3059262298, 2570268.686746988], [694282.0045999301, 2570258.6867469875], [694288.3915662649, 2570252.299780653], [694294.4772063004, 2570258.686746988], [694298.3915662651, 2570263.609353409], [694303.4689598442, 2570268.6867469884], [694308.3915662651, 2570272.601106953], [694318.3915662649, 2570273.398005532], [694328.391566265, 2570273.3334362227], [694338.3915662649, 2570273.398005532], [694348.391566265, 2570275.3275679043], [694358.391566265, 2570278.523493487], [694368.391566265, 2570277.19168154], [694378.391566265, 2570272.3158364603], [694386.8737033162, 2570268.6867469875], [694388.391566265, 2570268.13022981], [694398.391566265, 2570260.1926152045], [694400.2022443663, 2570258.686746988], [694408.391566265, 2570251.4255764564], [694410.7136439078, 2570248.686746988], [694418.3915662651, 2570239.2771142297], [694418.8372643753, 2570238.686746988], [694425.0848912211, 2570228.686746988], [694428.2379360334, 2570218.686746988], [694428.391566265, 2570217.942138841], [694429.4460438655, 2570208.686746988], [694428.5317576414, 2570198.686746988], [694428.391566265, 2570198.1029238226], [694426.9385549583, 2570188.686746988], [694422.7491799202, 2570178.686746988], [694418.391566265, 2570171.1996073658], [694417.5289239689, 2570168.686746988], [694415.2560808001, 2570158.686746988], [694414.6219515507, 2570148.686746988], [694414.5248792111, 2570138.686746988], [694414.8019122889, 2570128.686746988], [694418.3915662649, 2570121.9592029], [694421.2951231721, 2570118.686746988], [694424.7303066864, 2570108.686746988], [694428.3915662651, 2570099.8549667187], [694429.5030925149, 2570098.686746988], [694435.2846784275, 2570088.686746988], [694438.391566265, 2570083.0734893074], [694442.1827019942, 2570078.686746988], [694448.0369201265, 2570068.686746988], [694448.391566265, 2570067.784507528], [694458.391566265, 2570059.879650031], [694459.7862664339, 2570058.686746988], [694468.391566265, 2570050.1629645717], [694469.8677838484, 2570048.6867469884], [694478.3915662649, 2570040.081447157], [694479.5851269141, 2570038.686746988], [694487.8686620664, 2570028.686746988], [694488.391566265, 2570027.7043949435], [694494.4364686266, 2570018.686746988], [694498.391566265, 2570012.157576117], [694500.5287752675, 2570008.686746988], [694504.3827245999, 2569998.686746988], [694508.391566265, 2569991.0935664247], [694509.5844693084, 2569988.686746988], [694512.7566336442, 2569978.686746988], [694514.4364686266, 2569968.686746988], [694516.5192731619, 2569958.686746988], [694518.391566265, 2569953.0201700227], [694520.1515960444, 2569948.686746988], [694521.4235467213, 2569938.686746988], [694521.4515066736, 2569928.686746988], [694521.6134207806, 2569918.686746988], [694519.7476763703, 2569908.686746988], [694518.3915662649, 2569906.2742397822], [694515.8430701647, 2569898.686746988], [694510.6452328329, 2569888.686746988], [694508.391566265, 2569885.6462653596], [694506.1619795964, 2569878.686746988], [694500.8230295447, 2569868.686746988], [694498.391566265, 2569859.228448123], [694498.3196310868, 2569858.686746988], [694493.9626720604, 2569848.686746988], [694489.0343403369, 2569838.6867469875], [694488.391566265, 2569837.8152614306], [694481.5124293861, 2569828.686746988], [694478.391566265, 2569823.539700495], [694476.0838537277, 2569818.686746988], [694470.6792599558, 2569808.686746988], [694468.391566265, 2569804.475154996], [694465.6314706537, 2569798.686746988], [694460.7838624341, 2569788.6867469875], [694458.3915662649, 2569784.262310041], [694455.8804400618, 2569778.686746988], [694451.6431271802, 2569768.6867469884], [694451.1805520141, 2569758.6867469884], [694451.1805520141, 2569748.686746988], [694452.0464258227, 2569738.6867469875], [694453.5661185085, 2569728.686746988], [694452.7866766314, 2569718.686746988], [694450.9283745062, 2569708.686746988], [694448.391566265, 2569698.824892665], [694448.3688199198, 2569698.686746988], [694446.7608722672, 2569688.686746988], [694444.8945728013, 2569678.686746988], [694441.7357917826, 2569668.686746988], [694438.391566265, 2569658.7708799606], [694438.3650083184, 2569658.686746988], [694434.0580488141, 2569648.686746988], [694428.7714652449, 2569638.6867469875], [694428.3915662649, 2569638.007882466], [694423.6486464045, 2569628.686746988], [694418.391566265, 2569618.734235988], [694418.3650083184, 2569618.686746988], [694411.3213646788, 2569608.686746988], [694408.391566265, 2569604.6183170327], [694402.9464817303, 2569598.686746988], [694398.391566265, 2569593.945843798], [694393.1324694552, 2569588.686746988], [694388.3915662651, 2569584.659415193], [694381.1199075963, 2569578.6867469875], [694378.391566265, 2569576.671502597], [694368.391566265, 2569569.1396799968], [694367.3297180803, 2569568.686746988], [694358.3915662649, 2569565.623306186], [694348.391566265, 2569561.9963358734], [694345.9266641414, 2569561.151649112]]}}, {"type": "Feature", "properties": {"level": 3.0, "label": "3 h"}, "geometry": {"type": "LineString", "coordinates": [[695508.391566265, 2575838.762976764], [695498.391566265, 2575838.715408892], [695490.5371747472, 2575838.686746988], [695488.391566265, 2575837.798704095], [695478.391566265, 2575835.7663014475], [695468.391566265, 2575831.5436923713], [695461.4984396901, 2575828.686746988], [695458.391566265, 2575826.828101697], [695448.391566265, 2575821.4133130247], [695444.6465163351, 2575818.686746988], [695438.391566265, 2575813.5090363463], [695431.6404706484, 2575808.686746988], [695428.391566265, 2575805.4902800815], [695420.8355653249, 2575798.6867469875], [695418.391566265, 2575796.198139307], [695411.5500897367, 2575788.686746988], [695408.391566265, 2575783.1628911756], [695405.8076161104, 2575778.686746988], [695402.4111795472, 2575768.686746988], [695406.6852572957, 2575758.686746988], [695408.391566265, 2575754.600921591], [695411.2860980837, 2575748.686746988], [695417.9711334667, 2575738.686746988], [695418.391566265, 2575738.101519947], [695426.3914261132, 2575728.686746988], [695428.391566265, 2575725.4064854025], [695432.2696248039, 2575718.686746988], [695438.391566265, 2575711.019057852], [695440.5349423256, 2575708.686746988], [695447.0970912387, 2575698.686746988], [695448.391566265, 2575696.6278015035], [695455.9548119686, 2575688.686746988], [695458.391566265, 2575684.7197323423], [695463.1754441641, 2575678.686746988], [695468.391566265, 2575675.2046150323], [695475.1207380393, 2575668.686746988], [695478.391566265, 2575665.752538793], [695487.4724986415, 2575658.686746988], [695488.391566265, 2575657.7676793644], [695496.5781300417, 2575648.686746988], [695498.391566265, 2575646.652404585], [695504.0699675942, 2575638.686746988], [695508.391566265, 2575632.6990784137], [695511.293897215, 2575628.686746988], [695516.5127999235, 2575618.686746988], [695518.391566265, 2575614.000219634], [695521.5231485574, 2575608.686746988], [695521.997705955, 2575598.686746988], [695519.1238622278, 2575588.6867469884], [695518.391566265, 2575587.3791467138], [695514.2126718264, 2575578.686746988], [695510.216482099, 2575568.6867469875], [695508.391566265, 2575565.2976814117], [695504.2126718264, 2575558.686746988], [695501.2310102116, 2575548.686746988], [695498.391566265, 2575542.2850320935], [695497.5682590345, 2575538.686746988], [695494.6163504431, 2575528.686746988], [695492.4717721918, 2575518.686746988], [695488.391566265, 2575512.969606993], [695485.0870469221, 2575508.686746988], [695479.1358221958, 2575498.6867469884], [695478.3915662651, 2575497.674924846], [695472.8277573485, 2575488.686746988], [695468.391566265, 2575483.138453554], [695464.1621140611, 2575478.686746988], [695459.4033884077, 2575468.686746988], [695458.391566265, 2575467.1903982665], [695453.7184187106, 2575458.686746988], [695449.8879149866, 2575448.6867469884], [695458.391566265, 2575440.18309571], [695468.3915662651, 2575443.153593041], [695478.3915662649, 2575446.323906618], [695485.5126367972, 2575448.686746988], [695488.391566265, 2575449.4592405097], [695498.391566265, 2575449.5821269397], [695508.391566265, 2575451.9324400844], [695518.391566265, 2575452.9458102044], [695528.391566265, 2575452.7924251426], [695538.3915662649, 2575452.696219834], [695548.391566265, 2575452.696219834], [695558.391566265, 2575451.3846277585], [695568.391566265, 2575449.307297929], [695569.4036923334, 2575448.6867469875], [695578.391566265, 2575445.607475892], [695588.391566265, 2575445.907855019], [695598.391566265, 2575445.803986772], [695608.391566265, 2575445.730006718], [695618.391566265, 2575443.1956465202], [695628.3915662651, 2575439.7131850533], [695629.8931278344, 2575438.686746988], [695638.391566265, 2575433.629367224], [695644.2399912878, 2575428.686746988], [695648.391566265, 2575426.1639753985], [695658.3915662651, 2575421.121989608], [695661.4124502835, 2575418.686746988], [695668.391566265, 2575412.0846558427], [695671.8461397795, 2575408.686746988], [695676.5408644442, 2575398.686746988], [695678.391566265, 2575395.0401053787], [695681.1085880245, 2575388.686746988], [695679.6112395701, 2575378.686746988], [695678.3915662649, 2575376.665093389], [695674.2390450981, 2575368.686746988], [695672.8516827624, 2575358.686746988], [695668.3915662651, 2575354.9671435], [695660.7341068995, 2575348.686746988], [695658.391566265, 2575347.425772875], [695648.391566265, 2575341.1932835076], [695644.7108449525, 2575338.686746988], [695638.391566265, 2575335.384103462], [695629.9784320841, 2575328.686746988], [695628.391566265, 2575327.843810001], [695618.391566265, 2575325.271973988], [695610.3577435027, 2575318.686746988], [695608.391566265, 2575318.023628234], [695598.391566265, 2575315.4888992254], [695589.2858402132, 2575308.686746988], [695588.391566265, 2575308.285555842], [695578.391566265, 2575306.549776729], [695568.391566265, 2575303.549282887], [695562.567383681, 2575298.686746988], [695558.391566265, 2575296.7366220485], [695548.391566265, 2575295.816602501], [695538.391566265, 2575293.150951351], [695528.391566265, 2575291.2050512577], [695518.391566265, 2575289.9385220762], [695516.9832491912, 2575288.686746988], [695508.3915662649, 2575284.2211082783], [695498.3915662651, 2575280.878355181], [695495.1300204416, 2575278.686746988], [695488.391566265, 2575275.895213316], [695478.391566265, 2575272.028655659], [695472.6047582712, 2575268.686746988], [695468.3915662651, 2575267.252708656], [695458.391566265, 2575264.103345167], [695449.356872518, 2575258.6867469884], [695448.3915662651, 2575258.159799412], [695438.391566265, 2575256.0847222446], [695428.391566265, 2575253.5381198823], [695418.3915662649, 2575250.303792596], [695412.8363056818, 2575248.686746988], [695408.391566265, 2575247.9672587286], [695398.391566265, 2575245.386084675], [695388.391566265, 2575243.7632379783], [695378.391566265, 2575239.980864173], [695368.391566265, 2575239.980864173], [695358.391566265, 2575240.0743556917], [695354.543130398, 2575238.686746988], [695348.391566265, 2575236.2740528914], [695338.391566265, 2575237.49465308], [695328.391566265, 2575236.908175705], [695318.391566265, 2575231.3657678915], [695312.326495971, 2575228.6867469875], [695308.3915662651, 2575227.3306614454], [695298.391566265, 2575221.0271610967], [695296.0511521565, 2575218.686746988], [695288.391566265, 2575211.3513589664], [695285.3600072397, 2575208.686746988], [695278.391566265, 2575205.750069636], [695269.2899724143, 2575198.6867469884], [695268.391566265, 2575198.373084416], [695258.391566265, 2575193.866085446], [695248.391566265, 2575189.3984119846], [695246.9906434387, 2575188.686746988], [695238.391566265, 2575185.934174589], [695228.391566265, 2575181.543500441], [695224.3559650311, 2575178.686746988], [695218.391566265, 2575175.511242047], [695208.391566265, 2575171.266183757], [695202.9076679943, 2575168.686746988], [695198.391566265, 2575166.621507888], [695188.391566265, 2575163.104573457], [695178.391566265, 2575159.180592405], [695177.0112728844, 2575158.686746988], [695168.391566265, 2575155.3034034646], [695158.391566265, 2575152.634326885], [695148.391566265, 2575149.1493918174], [695146.495384986, 2575148.686746988], [695138.391566265, 2575146.536389771], [695128.391566265, 2575143.1700649885], [695118.391566265, 2575141.5196642736], [695108.3915662651, 2575139.3855341873], [695106.638400749, 2575138.686746988], [695098.391566265, 2575135.47538488], [695088.391566265, 2575133.563800783], [695078.391566265, 2575131.3424079614], [695068.391566265, 2575129.122027822], [695065.7322415143, 2575128.686746988], [695058.391566265, 2575127.061049479], [695048.391566265, 2575126.241890985], [695038.391566265, 2575124.592875925], [695028.391566265, 2575123.7870898335], [695018.391566265, 2575123.3860585634], [695008.391566265, 2575122.4777211547], [694998.391566265, 2575121.499462627], [694988.391566265, 2575119.250571231], [694984.4513347156, 2575118.686746988], [694978.391566265, 2575117.540792659], [694968.3915662649, 2575115.618007883], [694958.391566265, 2575114.4761092886], [694948.391566265, 2575111.636720239], [694938.391566265, 2575108.8099952955], [694937.9520831183, 2575108.6867469884], [694928.391566265, 2575106.1890571984], [694918.3915662651, 2575105.125780605], [694908.391566265, 2575102.870053624], [694898.391566265, 2575101.3123447057], [694888.391566265, 2575098.8144912827], [694888.0766612465, 2575098.686746988], [694878.391566265, 2575094.1641442003], [694868.391566265, 2575091.325289946], [694858.391566265, 2575088.814491282], [694857.4613501936, 2575088.686746988], [694848.391566265, 2575087.0957212085], [694838.391566265, 2575082.6743045915], [694828.391566265, 2575078.925262896], [694827.8513440781, 2575078.686746988], [694818.391566265, 2575073.9062107876], [694808.391566265, 2575069.947424575], [694804.8428472413, 2575068.686746988], [694798.391566265, 2575066.160011421], [694788.391566265, 2575062.1548847784], [694778.391566265, 2575059.2992727887], [694776.6120005741, 2575058.686746988], [694768.3915662651, 2575055.2596151675], [694758.391566265, 2575051.781212879], [694750.2818567494, 2575048.686746988], [694748.391566265, 2575047.565948342], [694738.391566265, 2575043.3611210063], [694728.3915662649, 2575040.9919158323], [694721.9096864286, 2575038.6867469884], [694718.391566265, 2575036.5547340373], [694708.391566265, 2575032.9837152576], [694698.391566265, 2575029.404063654], [694697.0527965712, 2575028.686746988], [694688.391566265, 2575025.0110513135], [694678.391566265, 2575022.5443921406], [694668.391566265, 2575021.2830601865], [694658.391566265, 2575019.540022516], [694648.391566265, 2575019.190773455], [694638.391566265, 2575019.273406572], [694628.3915662649, 2575019.540022516], [694618.391566265, 2575020.054859012], [694608.391566265, 2575019.2720365836], [694598.391566265, 2575019.185969277], [694588.391566265, 2575019.011869027], [694578.391566265, 2575019.011869027], [694568.391566265, 2575019.011869027], [694558.391566265, 2575019.011869027], [694548.391566265, 2575019.1895861267], [694538.391566265, 2575019.2720365836], [694528.391566265, 2575019.5646129064], [694518.391566265, 2575020.3254063562], [694508.391566265, 2575021.684851903], [694498.391566265, 2575021.8885807744], [694488.391566265, 2575021.5647341106], [694478.391566265, 2575020.523974744], [694472.7552521175, 2575018.686746988], [694468.391566265, 2575017.515247367], [694458.391566265, 2575018.254065928], [694456.2457463244, 2575018.686746988], [694448.391566265, 2575020.4181106477], [694438.391566265, 2575021.4630053155], [694428.391566265, 2575021.9458122985], [694418.391566265, 2575022.3752787295], [694408.391566265, 2575022.5498180785], [694398.391566265, 2575022.6650545243], [694388.391566265, 2575022.828070542], [694378.391566265, 2575023.330028997], [694368.391566265, 2575023.5051597683], [694358.391566265, 2575023.857052868], [694348.391566265, 2575025.251007779], [694338.391566265, 2575025.3373215473], [694328.391566265, 2575026.055450791], [694320.6117170899, 2575028.686746988], [694318.391566265, 2575029.1371533084], [694308.391566265, 2575030.0549248923], [694298.391566265, 2575030.8304782133], [694288.391566265, 2575032.494495362], [694278.391566265, 2575033.2499214886], [694268.391566265, 2575036.172048338], [694262.4697932496, 2575038.686746988], [694258.391566265, 2575039.931012382], [694248.391566265, 2575042.6059948457], [694238.391566265, 2575045.591765703], [694228.391566265, 2575048.158457647], [694222.3162874428, 2575048.686746988], [694218.391566265, 2575048.9572132467], [694208.391566265, 2575049.82665703], [694198.3915662649, 2575051.015546081], [694188.391566265, 2575051.9780372223], [694178.391566265, 2575052.564049631], [694168.391566265, 2575053.270066321], [694158.3915662649, 2575054.3017435004], [694148.391566265, 2575054.457025679], [694138.391566265, 2575055.773835053], [694128.3915662649, 2575057.8426619745], [694118.391566265, 2575058.032557682], [694108.3915662649, 2575058.3205909315], [694104.0349036222, 2575058.686746988], [694098.391566265, 2575059.1192691256], [694088.391566265, 2575059.1273695524], [694078.391566265, 2575060.5668523386], [694068.391566265, 2575061.180984786], [694058.391566265, 2575058.830654917], [694057.9846526741, 2575058.686746988], [694048.391566265, 2575055.4462456917], [694038.391566265, 2575053.468678427], [694028.391566265, 2575051.978440078], [694018.391566265, 2575048.873727435], [694018.0365138816, 2575048.686746988], [694008.391566265, 2575045.581723473], [693998.391566265, 2575043.140075841], [693988.391566265, 2575039.7438054457], [693985.758800885, 2575038.686746988], [693978.391566265, 2575036.9452510383], [693968.391566265, 2575034.6123082153], [693958.391566265, 2575032.657478049], [693948.391566265, 2575031.236037306], [693938.391566265, 2575029.3056801287], [693929.9617152438, 2575028.686746988], [693928.391566265, 2575028.5474677295], [693918.3915662649, 2575026.446885148], [693908.391566265, 2575024.964446948], [693898.391566265, 2575024.1352857696], [693888.391566265, 2575022.4250390353], [693878.391566265, 2575021.127729087], [693868.391566265, 2575019.5342821716], [693858.391566265, 2575019.193399657], [693856.2469785524, 2575018.686746988], [693848.3915662651, 2575014.9218281372], [693838.391566265, 2575011.981427891], [693828.391566265, 2575009.5404006895], [693821.7268046297, 2575008.6867469875], [693818.391566265, 2575008.1120847613], [693808.391566265, 2575003.50622496], [693798.391566265, 2575001.852295125], [693788.391566265, 2574999.4671595613], [693783.1177918445, 2574998.686746988], [693778.3915662649, 2574997.523100094], [693768.391566265, 2574992.7829928626], [693758.391566265, 2574989.5266059693], [693756.9843082528, 2574988.686746988], [693748.391566265, 2574982.969728479], [693739.6041885254, 2574978.686746988], [693738.391566265, 2574977.786588048], [693728.391566265, 2574972.513824865], [693723.2105008431, 2574968.686746988], [693718.391566265, 2574964.2747958256], [693708.391566265, 2574959.4521674383], [693707.3286663847, 2574958.6867469884], [693698.391566265, 2574952.1442134543], [693694.4074463432, 2574948.686746988], [693688.391566265, 2574943.3377769236], [693681.6588969417, 2574938.686746988], [693678.391566265, 2574935.988484756], [693668.7434975299, 2574928.6867469875], [693668.391566265, 2574928.446350633], [693658.391566265, 2574919.248399977], [693657.8398422567, 2574918.6867469884], [693648.391566265, 2574909.427908723], [693647.5974404915, 2574908.686746988], [693638.391566265, 2574900.6667407104], [693635.5384554755, 2574898.686746988], [693628.391566265, 2574892.0367993815], [693623.1677899295, 2574888.686746988], [693618.391566265, 2574886.0080690803], [693608.391566265, 2574879.2172976057], [693607.8229890886, 2574878.686746988], [693598.3915662649, 2574870.5995215494], [693595.3276071958, 2574868.686746988], [693588.3915662651, 2574864.508010095], [693578.3915662651, 2574860.0548067554], [693574.5457904763, 2574858.686746988], [693568.391566265, 2574856.5499181226], [693558.391566265, 2574855.4425603827], [693548.3915662651, 2574855.4172183955], [693538.3915662651, 2574855.4172183955], [693528.3915662649, 2574854.371072294], [693518.391566265, 2574853.012786874], [693508.3915662649, 2574850.151275122], [693501.9627551845, 2574848.686746988], [693498.391566265, 2574847.810104927], [693488.391566265, 2574843.9504777817], [693479.5184980102, 2574838.686746988], [693478.391566265, 2574837.8457230343], [693468.391566265, 2574832.7864670474], [693462.5844515758, 2574828.6867469875], [693458.391566265, 2574826.0498281205], [693448.391566265, 2574820.674401641], [693441.6725423498, 2574818.686746988], [693438.3915662651, 2574817.7515463247], [693428.391566265, 2574810.771771337], [693421.6725423498, 2574808.686746988], [693418.391566265, 2574808.17307246], [693408.391566265, 2574805.9174310127], [693398.391566265, 2574804.0358703155], [693388.391566265, 2574802.772272221], [693378.391566265, 2574801.9446475795], [693368.391566265, 2574802.1968685733], [693358.391566265, 2574802.5254406435], [693348.3915662649, 2574804.011197804], [693338.391566265, 2574806.2269982756], [693328.4171906741, 2574808.686746988], [693328.391566265, 2574808.692057974], [693318.391566265, 2574809.5995797417], [693308.3915662649, 2574814.912687978], [693300.576312586, 2574818.686746988], [693298.391566265, 2574819.9276504177], [693288.391566265, 2574825.5472968533], [693281.0939543771, 2574828.686746988], [693278.391566265, 2574829.9276504177], [693268.391566265, 2574835.4674030924], [693260.7645652138, 2574838.686746988], [693258.391566265, 2574839.6120087164], [693248.391566265, 2574843.6612441167], [693238.391566265, 2574847.1056366307], [693234.5866817967, 2574848.686746988], [693228.391566265, 2574851.6719819624], [693218.3915662651, 2574854.2693918943], [693210.7645652138, 2574858.686746988], [693208.391566265, 2574859.881695502], [693198.391566265, 2574862.0876159808], [693188.391566265, 2574865.2726548584], [693182.3633149698, 2574868.686746988], [693178.391566265, 2574872.0876159808], [693168.391566265, 2574875.2696553627], [693158.3915662651, 2574876.5770026306], [693153.4982995086, 2574878.686746988], [693148.391566265, 2574880.3348410972], [693138.391566265, 2574880.659622805], [693128.391566265, 2574882.0187385473], [693118.391566265, 2574883.2378284237], [693108.391566265, 2574883.627662491], [693098.391566265, 2574882.574030049], [693088.391566265, 2574880.857288307], [693078.391566265, 2574878.791094485], [693071.2459262366, 2574878.686746988], [693068.391566265, 2574876.80339035], [693058.3915662649, 2574871.1136584], [693048.391566265, 2574868.8358893106], [693041.5119551681, 2574868.686746988], [693038.391566265, 2574865.942124566], [693028.391566265, 2574858.838171317]]}}, {"type": "Feature", "properties": {"level": 3.0, "label": "3 h"}, "geometry": {"type": "LineString", "coordinates": [[692891.642443584, 2574601.937624307], [692895.0903443047, 2574598.686746988], [692898.391566265, 2574595.3855250278], [692905.9400049034, 2574588.686746988], [692908.391566265, 2574586.2351856264], [692915.9400049034, 2574578.686746988], [692918.391566265, 2574576.3919074726], [692928.391566265, 2574569.9709816575], [692930.2805178949, 2574568.686746988], [692938.391566265, 2574564.0506967716], [692947.0675049741, 2574558.686746988], [692948.391566265, 2574557.6212197794], [692958.391566265, 2574554.381507027], [692968.391566265, 2574550.6768823015], [692978.391566265, 2574550.237853669], [692988.391566265, 2574550.233412128], [692998.391566265, 2574550.6747110896], [693008.3915662651, 2574550.9969828264], [693018.3915662649, 2574553.6653331732], [693026.2510941101, 2574558.686746988], [693028.391566265, 2574559.529809389], [693038.391566265, 2574562.118441781], [693045.8294492232, 2574568.686746988], [693048.391566265, 2574570.6941137407], [693057.4443329109, 2574578.686746988], [693058.391566265, 2574579.629910105], [693067.4484031481, 2574588.686746988], [693068.391566265, 2574589.4574642396], [693076.1663169423, 2574598.686746988], [693078.391566265, 2574600.6412219685], [693086.3404747564, 2574608.6867469884], [693088.3915662651, 2574609.734895613], [693098.3915662651, 2574612.6448415695], [693108.391566265, 2574618.1552422894], [693109.8418829623, 2574618.686746988], [693118.391566265, 2574620.0623375615], [693128.391566265, 2574621.8657896467], [693138.3915662651, 2574619.336107924], [693140.690457006, 2574618.686746988], [693148.391566265, 2574615.3525656685], [693158.391566265, 2574609.9854688607], [693164.1286675576, 2574608.686746988], [693168.391566265, 2574606.8205654714], [693178.391566265, 2574600.0391928325], [693180.6157543664, 2574598.686746988], [693188.3915662649, 2574591.914450713], [693190.8926739675, 2574588.686746988], [693198.391566265, 2574583.000325783], [693205.9290656275, 2574578.686746988], [693208.391566265, 2574577.2364302906], [693218.3915662651, 2574572.9242868507], [693228.391566265, 2574572.901038212], [693236.5292728192, 2574568.686746988], [693238.391566265, 2574567.79403684], [693248.391566265, 2574563.145848481], [693258.391566265, 2574559.824104146], [693268.391566265, 2574558.7386635053], [693269.1384600246, 2574558.686746988], [693278.391566265, 2574558.131243944], [693279.9643004766, 2574558.6867469875], [693288.391566265, 2574560.8002578616], [693298.391566265, 2574564.0581819224], [693308.391566265, 2574566.7398958807], [693312.7174419619, 2574568.686746988], [693318.3915662651, 2574571.22934651], [693328.391566265, 2574574.314156522], [693338.391566265, 2574577.9017045395], [693348.391566265, 2574578.10983271], [693358.391566265, 2574578.099699446], [693368.391566265, 2574577.8789058425], [693378.391566265, 2574575.7818021085], [693383.6904466208, 2574578.6867469875], [693388.391566265, 2574581.322684578], [693398.391566265, 2574584.5223782184], [693406.9193819484, 2574588.6867469884], [693408.391566265, 2574589.5771588795], [693418.391566265, 2574593.9007529225], [693428.391566265, 2574596.190440738], [693438.391566265, 2574596.0855390476], [693448.391566265, 2574593.2431038474], [693454.6931901769, 2574588.686746988], [693458.391566265, 2574586.3705396154], [693468.391566265, 2574579.7248295285], [693469.8652214594, 2574578.686746988], [693478.391566265, 2574574.525223935], [693488.3915662651, 2574572.2166957525], [693498.391566265, 2574576.0911464402], [693508.391566265, 2574578.6536735166], [693508.4618640993, 2574578.686746988], [693518.391566265, 2574584.4446016345], [693528.391566265, 2574588.6504326747], [693528.4616314903, 2574588.686746988], [693538.391566265, 2574595.8988800202], [693542.9649638613, 2574598.686746988], [693548.391566265, 2574601.876282474], [693558.3915662651, 2574608.4447277077], [693558.722542697, 2574608.686746988], [693568.391566265, 2574617.065138089], [693569.5907440095, 2574618.686746988], [693575.7973343085, 2574628.686746988], [693578.391566265, 2574632.5314953537], [693580.899368853, 2574638.686746988], [693584.1112579843, 2574648.686746988], [693587.7308220929, 2574658.6867469884], [693588.391566265, 2574659.639314178], [693591.6564803347, 2574668.686746988], [693596.4438556383, 2574678.686746988], [693598.391566265, 2574681.2484242013], [693601.7684272274, 2574688.686746988], [693608.391566265, 2574695.9598545926], [693610.2760152395, 2574698.686746988], [693616.8739892392, 2574708.6867469875], [693618.3915662649, 2574710.5061776573], [693623.6006669416, 2574718.686746988], [693628.391566265, 2574723.687365072], [693632.597582281, 2574728.686746988], [693638.391566265, 2574735.343661879], [693640.8446006606, 2574738.686746988], [693648.391566265, 2574746.0968065294], [693651.8981514378, 2574748.686746988], [693658.391566265, 2574754.4420438427], [693664.7724076877, 2574758.686746988], [693668.391566265, 2574760.884014962], [693678.391566265, 2574766.190365142], [693686.876895551, 2574768.6867469884], [693688.391566265, 2574769.041407561], [693698.3915662651, 2574771.0627640253], [693708.391566265, 2574774.4770388044], [693718.391566265, 2574775.811297096], [693728.391566265, 2574776.887903452], [693738.391566265, 2574775.767772395], [693748.391566265, 2574771.4934673947], [693753.8200487308, 2574768.686746988], [693758.391566265, 2574765.709409568], [693768.391566265, 2574759.262284855], [693770.1109174025, 2574758.686746988], [693778.391566265, 2574754.546422557], [693788.391566265, 2574756.5757341725], [693793.231741741, 2574758.686746988], [693798.391566265, 2574763.1452261847], [693808.391566265, 2574764.770739674], [693812.5673173813, 2574768.686746988], [693818.391566265, 2574774.292592449], [693822.7857208042, 2574778.686746988], [693828.391566265, 2574783.911073261], [693837.6989105246, 2574788.6867469884], [693838.3915662651, 2574789.339775818], [693848.391566265, 2574796.1848505703], [693852.2789099166, 2574798.686746988], [693858.391566265, 2574804.2090604645], [693866.8749798327, 2574808.686746988], [693868.3915662649, 2574810.123847559], [693878.391566265, 2574818.499010384], [693878.5774389863, 2574818.686746988], [693888.391566265, 2574828.5008742665], [693888.5793028689, 2574828.686746988], [693898.391566265, 2574836.6032005977], [693900.497662503, 2574838.686746988], [693908.391566265, 2574845.889600541], [693914.4801197217, 2574848.6867469875], [693918.391566265, 2574851.356116969], [693928.391566265, 2574855.2525973297], [693938.391566265, 2574855.47975451], [693948.391566265, 2574855.427579715], [693958.391566265, 2574853.183079933], [693968.391566265, 2574849.2773608626], [693969.203241312, 2574848.686746988], [693978.391566265, 2574842.509109798], [693984.5796354818, 2574838.686746988], [693988.391566265, 2574835.505496935], [693998.391566265, 2574829.3675957653], [693999.2778323219, 2574828.686746988], [694008.391566265, 2574820.743065561], [694011.635086335, 2574818.686746988], [694018.391566265, 2574813.356966059], [694024.3171033068, 2574808.686746988], [694028.391566265, 2574804.2804657524], [694035.202016355, 2574798.686746988], [694038.391566265, 2574795.912706121], [694048.391566265, 2574789.602736916], [694049.7561057159, 2574788.6867469875], [694058.391566265, 2574781.915810494], [694062.9786983123, 2574778.686746988], [694068.391566265, 2574774.401338757], [694078.391566265, 2574770.388138647], [694082.6247194544, 2574768.6867469884], [694088.391566265, 2574765.691054281], [694098.391566265, 2574763.607924003], [694108.3915662651, 2574761.572288977], [694118.391566265, 2574763.607924003], [694128.391566265, 2574764.35271544], [694138.391566265, 2574763.9268046375], [694148.391566265, 2574763.3420583587], [694158.391566265, 2574763.503497499], [694168.391566265, 2574764.5630070884], [694178.391566265, 2574764.4671172258], [694188.391566265, 2574765.4330851524], [694198.391566265, 2574766.710250672], [694202.7292914303, 2574768.686746988], [694208.3915662649, 2574771.662911963], [694218.391566265, 2574776.754513915], [694221.6089656096, 2574778.686746988], [694228.391566265, 2574782.7495542048], [694238.391566265, 2574786.1983261085], [694248.391566265, 2574787.6497108615], [694252.81251691, 2574788.686746988], [694258.391566265, 2574790.567487679], [694268.3915662651, 2574793.2302066274], [694278.391566265, 2574795.8257207763], [694288.391566265, 2574798.1341974065], [694289.2510243679, 2574798.6867469875], [694298.391566265, 2574805.7734991247], [694304.5753526667, 2574808.686746988], [694308.3915662651, 2574811.177507329], [694318.391566265, 2574817.3854872305], [694320.3214406818, 2574818.686746988], [694328.391566265, 2574825.5626863977], [694335.6619212246, 2574828.686746988], [694338.391566265, 2574829.5846441947], [694348.391566265, 2574830.393626774], [694357.6029308733, 2574828.686746988], [694358.391566265, 2574828.5506927148], [694368.3915662651, 2574826.510727511], [694378.3915662649, 2574822.369278507], [694388.391566265, 2574819.5205359473], [694396.2653699287, 2574818.686746988], [694398.391566265, 2574818.4350711647], [694408.391566265, 2574816.9382928233], [694418.391566265, 2574817.0308996197], [694428.391566265, 2574818.5393151143], [694429.3096976589, 2574818.686746988], [694438.391566265, 2574819.5711630965], [694448.391566265, 2574819.2411205126], [694449.6463092427, 2574818.686746988], [694458.391566265, 2574813.8070371496], [694465.7977489526, 2574808.686746988], [694468.391566265, 2574805.261635387], [694472.7189348832, 2574798.686746988], [694475.1616377633, 2574788.686746988], [694478.391566265, 2574782.139094401], [694480.4798891491, 2574778.6867469875], [694481.9407628714, 2574768.686746988], [694482.9754995735, 2574758.686746988], [694482.5834846387, 2574748.686746988], [694478.391566265, 2574743.034514905], [694475.6077673928, 2574738.686746988], [694468.391566265, 2574731.222080941], [694466.5024339759, 2574728.686746988], [694458.391566265, 2574719.793339083], [694456.5983203675, 2574718.686746988], [694448.391566265, 2574711.197862647], [694444.8216183038, 2574708.686746988], [694438.391566265, 2574702.9456813205], [694432.0467451375, 2574698.686746988], [694428.391566265, 2574695.0315681156], [694421.7165250079, 2574688.686746988], [694418.391566265, 2574685.361788245], [694411.7165250079, 2574678.686746988], [694408.391566265, 2574674.690699798], [694402.3876134551, 2574668.686746988], [694398.391566265, 2574664.1676392974], [694393.9548814365, 2574658.686746988], [694388.391566265, 2574651.763729575], [694386.2875017846, 2574648.686746988], [694378.391566265, 2574639.0893711345], [694378.0638936263, 2574638.686746988], [694368.751804823, 2574628.686746988], [694368.391566265, 2574627.5050920267], [694362.582048072, 2574618.6867469884], [694358.391566265, 2574612.344806536], [694356.3877472853, 2574608.686746988], [694350.9882536562, 2574598.6867469875], [694348.391566265, 2574591.4411883336], [694347.0981117609, 2574588.686746988], [694341.3042343496, 2574578.686746988], [694338.391566265, 2574573.5641903537], [694334.6307377226, 2574568.686746988], [694329.2451886233, 2574558.6867469875], [694328.391566265, 2574557.571434756], [694320.1766920947, 2574548.6867469875], [694318.391566265, 2574545.9057230395], [694312.7252781189, 2574538.686746988], [694308.391566265, 2574533.652826598], [694303.4254866553, 2574528.686746988], [694298.391566265, 2574523.652826598], [694293.4937752679, 2574518.686746988], [694288.391566265, 2574513.5845379853], [694283.4254866553, 2574508.686746988], [694278.391566265, 2574503.632470265], [694273.4458429879, 2574498.686746988], [694268.391566265, 2574493.632470265], [694263.4458429879, 2574488.686746988], [694258.391566265, 2574482.6541812466], [694255.3912413033, 2574478.686746988], [694250.404815644, 2574468.686746988], [694248.391566265, 2574465.8860845002], [694243.2617687436, 2574458.686746988], [694238.391566265, 2574452.6323928004], [694235.723493568, 2574448.686746988], [694231.1725902134, 2574438.686746988], [694228.391566265, 2574435.843533357], [694221.0039902503, 2574428.686746988], [694218.391566265, 2574426.1332657253], [694210.7776719134, 2574418.686746988], [694208.3915662651, 2574416.522857381], [694200.1056155523, 2574408.686746988], [694198.391566265, 2574407.09836979], [694188.9885531863, 2574398.6867469884], [694188.391566265, 2574398.289249505], [694178.4563224346, 2574388.686746988], [694178.391566265, 2574388.629871384], [694168.3915662651, 2574379.0757769374], [694168.0760108606, 2574378.686746988], [694158.391566265, 2574369.0023023924], [694158.1082252761, 2574368.686746988], [694148.730135914, 2574358.686746988], [694148.391566265, 2574358.394248975], [694138.3915662651, 2574348.9700879767], [694137.8325914494, 2574348.686746988], [694128.3915662649, 2574344.0694223335], [694118.391566265, 2574340.5479195425], [694112.7793216924, 2574338.686746988], [694108.3915662651, 2574336.1290340573], [694098.3915662651, 2574329.424992342], [694097.4133668968, 2574328.686746988], [694088.3915662651, 2574319.8018947905], [694086.7065498575, 2574318.686746988], [694078.391566265, 2574310.1765658506], [694077.4133668968, 2574308.686746988], [694071.3455934796, 2574298.686746988], [694068.391566265, 2574293.5866654227], [694065.060282613, 2574288.686746988], [694059.7377273102, 2574278.686746988], [694058.3915662649, 2574275.9007563526], [694054.4213013463, 2574268.686746988], [694048.391566265, 2574259.917674224], [694047.6475590126, 2574258.6867469884], [694038.391566265, 2574250.61161369], [694035.8245544666, 2574248.686746988], [694028.391566265, 2574241.4807142615], [694026.2649032855, 2574238.686746988], [694026.0314767286, 2574228.686746988], [694027.7901893521, 2574218.686746988], [694028.391566265, 2574217.380269102], [694034.256893774, 2574208.686746988], [694037.3484675449, 2574198.686746988], [694028.391566265, 2574191.7588064503], [694024.0099268685, 2574188.686746988], [694018.391566265, 2574187.2713311138], [694008.3915662651, 2574185.747659836], [693998.3915662651, 2574183.958745952], [693988.391566265, 2574182.2380615994], [693978.391566265, 2574180.6245433157], [693968.391566265, 2574178.811268921], [693968.1497681844, 2574178.686746988], [693958.391566265, 2574170.8314124737], [693953.6716458946, 2574168.686746988], [693948.391566265, 2574164.4313783464], [693941.8162548183, 2574158.686746988], [693938.391566265, 2574155.2620584345], [693931.8162548183, 2574148.686746988], [693928.391566265, 2574144.2840752415], [693923.6716458946, 2574138.686746988], [693918.391566265, 2574131.0468365243], [693917.4648328786, 2574128.686746988], [693911.7216067971, 2574118.686746988], [693908.391566265, 2574113.5980321807], [693904.7960915295, 2574108.686746988], [693901.0911304333, 2574098.686746988], [693899.6450646217, 2574088.686746988], [693898.391566265, 2574085.8776862184], [693893.3461523236, 2574078.6867469875], [693890.0479115872, 2574068.686746988], [693888.3915662649, 2574066.764533648], [693880.0751231578, 2574058.686746988], [693878.3915662649, 2574057.293384429], [693868.391566265, 2574055.262058435], [693860.3137919517, 2574048.686746988], [693858.391566265, 2574047.8498874237], [693848.391566265, 2574043.4697692962], [693841.9978079575, 2574038.686746988], [693838.391566265, 2574037.239261354], [693828.391566265, 2574034.3718022318], [693819.1456470895, 2574028.686746988], [693818.3915662651, 2574028.3638442345], [693808.391566265, 2574026.8562138076], [693798.391566265, 2574022.2555703707], [693791.4780951089, 2574018.6867469875], [693788.391566265, 2574017.3356814175], [693778.391566265, 2574012.620200263], [693768.391566265, 2574008.828122368], [693767.8724558447, 2574008.686746988], [693758.3915662651, 2574004.4263570197], [693748.391566265, 2573998.9212812567], [693747.8760734121, 2573998.6867469875], [693738.391566265, 2573990.7678457806], [693737.1747327814, 2573988.686746988], [693736.3236320454, 2573978.686746988], [693732.9602846544, 2573968.686746988], [693728.4083841139, 2573958.6867469884], [693728.391566265, 2573958.5641379785], [693727.3902235045, 2573948.686746988], [693728.391566265, 2573938.8093559975], [693728.4077961606, 2573938.686746988], [693728.9484250414, 2573928.686746988], [693730.2473230253, 2573918.686746988], [693731.4126769197, 2573908.686746988], [693737.236440309, 2573898.686746988], [693738.391566265, 2573896.243246615], [693745.9480658919, 2573888.686746988], [693748.391566265, 2573887.5316210324], [693758.391566265, 2573879.13787844], [693759.1380510285, 2573878.686746988], [693768.3915662649, 2573872.7642752063], [693778.391566265, 2573869.1378784403], [693781.0067920348, 2573868.6867469884], [693788.391566265, 2573867.6087931376], [693798.391566265, 2573867.6044618078], [693808.391566265, 2573867.6044618078], [693818.391566265, 2573867.809914592], [693820.7201793682, 2573868.686746988], [693828.3915662651, 2573871.0895052347], [693831.3692513199, 2573871.6644320427]]}}, {"type": "Feature", "properties": {"level": 3.0, "label": "3 h"}, "geometry": {"type": "LineString", "coordinates": [[693565.4736447837, 2574395.768825507], [693558.3915662649, 2574395.6635729503], [693548.391566265, 2574394.8617641726], [693539.83933741, 2574388.6867469875], [693538.391566265, 2574387.508921501], [693528.3915662651, 2574387.1973190065], [693518.391566265, 2574386.234282491], [693508.391566265, 2574386.234282491], [693498.391566265, 2574387.1973190065], [693488.3915662649, 2574387.5156385275], [693478.3915662649, 2574388.452102696], [693477.0133923602, 2574388.686746988], [693468.391566265, 2574389.8143269788], [693465.618440034, 2574388.686746988], [693458.3915662651, 2574386.1267609517], [693448.3915662649, 2574385.688637304], [693438.391566265, 2574384.067649873], [693428.391566265, 2574382.5844965684], [693422.0699920375, 2574378.686746988], [693418.391566265, 2574375.8420487978], [693408.4287679619, 2574368.686746988], [693408.391566265, 2574368.6509545282], [693398.391566265, 2574359.1491279015], [693397.6967912803, 2574358.686746988], [693388.391566265, 2574352.678954848], [693383.4132208128, 2574348.686746988], [693378.391566265, 2574344.9489438804], [693368.4599573226, 2574338.686746988], [693368.391566265, 2574338.6370608946], [693358.391566265, 2574329.0893688854], [693357.9889443673, 2574328.686746988], [693348.4453852817, 2574318.686746988], [693348.391566265, 2574318.6201026505], [693340.3214897693, 2574308.686746988], [693338.391566265, 2574306.639064735], [693333.2213766575, 2574298.6867469884], [693329.0229634158, 2574288.686746988], [693328.3915662651, 2574287.879230586], [693322.1855321559, 2574278.6867469884], [693318.391566265, 2574271.616008756], [693316.8430729874, 2574268.686746988], [693309.0659286059, 2574258.686746988], [693308.3915662651, 2574257.896812935], [693300.0951121049, 2574248.686746988], [693298.3915662651, 2574246.949120187], [693290.8906887857, 2574238.686746988], [693288.391566265, 2574236.142450699], [693281.37409631, 2574228.686746988], [693278.391566265, 2574225.803451087], [693271.2748621664, 2574218.686746988], [693268.391566265, 2574215.803451087], [693261.2748621664, 2574208.686746988], [693258.391566265, 2574205.704216943], [693253.7729101677, 2574198.686746988], [693248.391566265, 2574191.489624049], [693245.9817443972, 2574188.686746988], [693238.391566265, 2574179.962120268], [693237.1707962097, 2574178.686746988], [693228.391566265, 2574169.1257842476], [693228.0396726521, 2574168.686746988], [693219.5292286108, 2574158.686746988], [693218.3915662649, 2574157.014045011], [693211.8684331195, 2574148.686746988], [693208.391566265, 2574145.209880133], [693200.515562324, 2574138.686746988], [693198.391566265, 2574136.868095503], [693188.5979564773, 2574128.686746988], [693188.391566265, 2574128.5019178963], [693178.391566265, 2574118.6996089723], [693178.3785074988, 2574118.686746988], [693168.391566265, 2574109.16378646], [693167.8251049463, 2574108.686746988], [693158.391566265, 2574099.9185482203], [693156.9858416038, 2574098.686746988], [693148.391566265, 2574092.39026098], [693142.818139418, 2574088.686746988], [693138.391566265, 2574085.4383878503], [693128.6171375269, 2574078.686746988], [693128.391566265, 2574078.5065739322], [693118.391566265, 2574071.7759169657], [693111.5147232579, 2574068.686746988], [693108.391566265, 2574066.8215327584], [693098.391566265, 2574061.9105000393], [693088.5257311478, 2574058.686746988], [693088.391566265, 2574058.6108795353], [693078.391566265, 2574053.6663916493], [693068.391566265, 2574051.325106616], [693059.2233009076, 2574048.686746988], [693058.391566265, 2574048.1973220347], [693048.391566265, 2574042.7516780794], [693038.391566265, 2574040.9418920027], [693029.1960497164, 2574038.686746988], [693028.3915662649, 2574038.224184288], [693018.391566265, 2574035.209304362], [693008.391566265, 2574035.0042052045], [692998.391566265, 2574035.139377636], [692988.3915662649, 2574035.4664051565], [692978.391566265, 2574037.3409733297], [692976.0194117506, 2574038.6867469875], [692968.391566265, 2574041.3273965064], [692958.391566265, 2574044.575106416], [692948.3915662651, 2574046.974986369], [692940.2179593993, 2574048.686746988], [692938.391566265, 2574049.021225771], [692928.391566265, 2574049.021225771], [692921.769459356, 2574048.686746988], [692918.391566265, 2574048.5153843155], [692908.3915662651, 2574048.1392396865], [692898.391566265, 2574048.098053801], [692888.391566265, 2574046.681869179], [692878.391566265, 2574041.456858557], [692871.6641625626, 2574038.686746988], [692868.391566265, 2574037.7165080407], [692859.3618052122, 2574028.686746988], [692858.3915662651, 2574026.3331357916], [692852.8953166282, 2574018.6867469875], [692848.391566265, 2574013.044018897], [692844.865796768, 2574008.686746988], [692838.391566265, 2574000.739257818], [692837.174868083, 2573998.686746988], [692838.3915662649, 2573991.081120047], [692839.3177788006, 2573988.686746988], [692844.6853775355, 2573978.686746988], [692847.8327548516, 2573968.686746988], [692848.391566265, 2573965.913746538], [692851.1112302495, 2573958.6867469884], [692851.6384165117, 2573948.686746988], [692848.391566265, 2573944.6117379433], [692845.6914107498, 2573938.686746988], [692838.3915662649, 2573930.6945586544], [692836.7041246677, 2573928.6867469875], [692828.3915662651, 2573920.987867928], [692825.4290829677, 2573918.686746988], [692818.391566265, 2573913.9950627564], [692810.4290707877, 2573908.686746988], [692808.391566265, 2573906.655722398], [692804.1771237208, 2573898.686746988], [692798.391566265, 2573892.8288824437], [692790.085933336, 2573888.686746988], [692788.3915662649, 2573886.992379917], [692778.391566265, 2573878.9843709217], [692777.948736341, 2573878.686746988], [692768.391566265, 2573870.2027283274], [692766.4899019494, 2573868.686746988], [692760.9592852263, 2573858.686746988], [692758.391566265, 2573851.165504679], [692757.128678641, 2573848.686746988], [692751.4516473268, 2573838.686746988], [692751.5711698984, 2573828.686746988], [692755.9128085738, 2573818.686746988], [692758.391566265, 2573816.207989297], [692768.391566265, 2573811.3693187414], [692778.391566265, 2573811.2692882484], [692788.3915662649, 2573810.1289734514], [692798.3915662649, 2573810.033864691], [692800.2103937635, 2573808.686746988], [692808.391566265, 2573805.628547725], [692818.391566265, 2573805.7634239886], [692826.9613615572, 2573808.686746988], [692828.3915662651, 2573809.249209815], [692838.391566265, 2573814.8359636427], [692848.391566265, 2573817.8752655135], [692849.5875712071, 2573818.686746988], [692858.391566265, 2573828.1219170084], [692858.9583455559, 2573828.686746988], [692868.391566265, 2573838.2165904474], [692869.1815127446, 2573838.686746988], [692878.391566265, 2573847.7409794233], [692879.8843619924, 2573848.686746988], [692888.391566265, 2573854.854339999], [692898.391566265, 2573857.624288107], [692908.391566265, 2573858.0386049463], [692913.8104356581, 2573858.6867469875], [692918.391566265, 2573859.339539786], [692928.391566265, 2573859.745214587], [692938.391566265, 2573861.4064109726], [692948.391566265, 2573864.054977889], [692958.3915662651, 2573867.4778781366], [692968.391566265, 2573867.6343004084], [692978.391566265, 2573864.943745796], [692988.391566265, 2573862.5677257506], [692998.3915662651, 2573860.2742714733], [693003.0084565817, 2573858.686746988], [693008.391566265, 2573856.8600502065], [693018.391566265, 2573853.3847786216], [693028.391566265, 2573851.4880627943], [693038.391566265, 2573849.2162850895], [693048.3915662651, 2573851.959116073], [693058.391566265, 2573856.008186538], [693068.391566265, 2573857.472211179], [693075.5772665801, 2573858.686746988], [693078.391566265, 2573859.432211701], [693088.391566265, 2573861.959116073], [693098.391566265, 2573867.262551589], [693102.7617290562, 2573868.686746988], [693108.391566265, 2573872.6822228567], [693117.0924369857, 2573878.686746988], [693118.3915662651, 2573879.528266951], [693128.391566265, 2573885.904552215], [693131.1933781528, 2573888.686746988], [693138.391566265, 2573894.725839596], [693143.3803773551, 2573898.686746988], [693148.391566265, 2573903.1014133045], [693154.1304776607, 2573908.686746988], [693158.391566265, 2573911.938400696], [693165.3718140665, 2573918.686746988], [693168.391566265, 2573921.1734157796], [693175.9048974732, 2573928.686746988], [693178.3915662651, 2573930.7533686114], [693186.324944642, 2573938.6867469884], [693188.391566265, 2573940.4355497686], [693197.9383693906, 2573948.686746988], [693198.3915662651, 2573949.0744531048], [693206.8655529646, 2573958.686746988], [693208.3915662651, 2573960.2243239074], [693216.8539893455, 2573968.686746988], [693218.3915662651, 2573970.224323908], [693225.9092503196, 2573978.6867469875], [693228.391566265, 2573980.8543722606], [693236.0071226299, 2573988.686746988], [693238.391566265, 2573990.566661455], [693246.7078632221, 2573998.686746988], [693248.391566265, 2574000.065106648], [693258.391566265, 2574008.061404624], [693259.0089279857, 2574008.686746988], [693267.0132066053, 2574018.686746988], [693268.391566265, 2574019.914296271], [693277.1640169822, 2574028.686746988], [693278.391566265, 2574029.7650320274], [693288.391566265, 2574037.321091489], [693289.9741082625, 2574038.686746988], [693298.391566265, 2574046.099882069], [693301.7184074636, 2574048.686746988], [693308.391566265, 2574054.615120926], [693314.1653081251, 2574058.6867469875], [693318.3915662651, 2574062.6924505043], [693326.6223357255, 2574068.686746988], [693328.391566265, 2574070.328891676], [693338.391566265, 2574077.2478523427], [693340.2530243925, 2574078.686746988], [693348.391566265, 2574085.620401443], [693356.0171695636, 2574088.686746988], [693358.391566265, 2574090.2894741534], [693368.391566265, 2574094.258350886], [693378.391566265, 2574095.748577438], [693388.3915662649, 2574096.7887243615], [693398.391566265, 2574097.601979804], [693401.3603717291, 2574098.686746988], [693408.391566265, 2574103.679126733], [693418.391566265, 2574105.881780806], [693428.391566265, 2574108.5391713562], [693428.8259096467, 2574108.686746988], [693438.3915662649, 2574113.4999116883], [693448.391566265, 2574116.0489023807], [693454.3073471985, 2574118.6867469884], [693458.391566265, 2574121.7212450374], [693468.391566265, 2574124.3413928933], [693478.391566265, 2574127.164576987], [693482.1649069905, 2574128.686746988], [693488.391566265, 2574132.5949645666], [693498.391566265, 2574135.713584941], [693504.5495141762, 2574138.686746988], [693508.3915662649, 2574141.7425288213], [693518.391566265, 2574147.240743947], [693520.1247293549, 2574148.686746988], [693528.3915662651, 2574156.9535838985], [693530.799028029, 2574158.686746988], [693538.391566265, 2574167.839558184], [693539.4926893011, 2574168.686746988], [693548.391566265, 2574177.7357981186], [693549.8112035487, 2574178.686746988], [693558.3915662649, 2574183.0770320967], [693567.6865192122, 2574188.686746988], [693568.391566265, 2574189.075563296], [693578.3915662649, 2574196.634198496], [693581.0354544447, 2574198.686746988], [693588.391566265, 2574205.32924373], [693592.8384437936, 2574208.686746988], [693598.391566265, 2574214.054020136], [693603.1701085218, 2574218.686746988], [693608.391566265, 2574223.908204731], [693613.024293117, 2574228.686746988], [693618.391566265, 2574234.6689579007], [693622.2299929162, 2574238.686746988], [693628.391566265, 2574245.335528886], [693631.3737043998, 2574248.686746988], [693638.391566265, 2574257.6572302403], [693639.1684018737, 2574258.686746988], [693648.391566265, 2574268.333525143], [693648.7244598087, 2574268.686746988], [693658.391566265, 2574278.353853444], [693658.7447881098, 2574278.686746988], [693668.391566265, 2574287.1356959646], [693670.3924940538, 2574288.686746988], [693678.391566265, 2574294.657019402], [693686.9634212556, 2574298.686746988], [693688.391566265, 2574299.489945], [693698.391566265, 2574307.2144394517], [693700.3978034523, 2574308.686746988], [693708.391566265, 2574313.5993626015], [693718.2225684258, 2574318.686746988], [693718.391566265, 2574318.819447613], [693728.3915662651, 2574323.419968824], [693738.391566265, 2574327.9527641847], [693744.8391858595, 2574328.6867469884], [693748.391566265, 2574329.0490209097], [693758.391566265, 2574329.7162393983], [693768.391566265, 2574331.5108838817], [693778.391566265, 2574329.87989248], [693788.391566265, 2574329.4983883584], [693798.391566265, 2574329.0280524585], [693808.391566265, 2574328.7423563264], [693809.2632481175, 2574328.686746988], [693818.391566265, 2574328.013878571], [693828.391566265, 2574324.341553596], [693838.391566265, 2574320.6036468046], [693848.391566265, 2574318.918230675], [693849.0827276839, 2574318.6867469875], [693858.391566265, 2574316.590127317], [693868.391566265, 2574317.0096121696], [693878.391566265, 2574317.747803732], [693886.4607503618, 2574318.686746988], [693888.391566265, 2574319.377908407], [693898.391566265, 2574322.28857146], [693908.391566265, 2574325.886920681], [693917.6923147719, 2574328.686746988], [693918.391566265, 2574329.032737631], [693928.3915662651, 2574333.3709982596], [693937.9966202659, 2574338.6867469884], [693938.391566265, 2574338.964515893], [693948.3915662649, 2574347.059738807], [693950.018574446, 2574348.686746988], [693950.9122276611, 2574358.686746988], [693948.391566265, 2574367.1858012187], [693947.74263005, 2574368.6867469884], [693940.3206276328, 2574378.686746988], [693938.391566265, 2574387.908380676], [693938.2179244389, 2574388.686746988], [693934.2136620188, 2574398.686746988], [693932.0449290097, 2574408.686746988], [693928.8974733715, 2574418.686746988], [693928.391566265, 2574419.604141264], [693920.6929428831, 2574428.686746988], [693918.391566265, 2574431.914122397], [693910.3179776523, 2574438.686746988], [693908.3915662651, 2574439.988676529], [693898.3915662649, 2574444.2272616616], [693888.3915662649, 2574448.462402867], [693887.1832649824, 2574448.686746988], [693878.391566265, 2574450.0489703673], [693868.391566265, 2574453.5531790406], [693858.3915662649, 2574454.9506808], [693848.391566265, 2574449.9828026257], [693838.391566265, 2574448.8207114316], [693838.2087633146, 2574448.686746988], [693828.391566265, 2574439.9828026257], [693818.391566265, 2574438.9897373705], [693817.7911915936, 2574438.686746988], [693808.391566265, 2574431.3085592613], [693798.391566265, 2574429.407017716], [693788.391566265, 2574428.8225672874], [693788.2380885012, 2574428.686746988], [693778.391566265, 2574419.9730573455], [693768.391566265, 2574419.691867409], [693758.391566265, 2574419.510811865], [693748.391566265, 2574419.441231737], [693738.3915662651, 2574419.5157774286], [693728.391566265, 2574419.604522892], [693718.391566265, 2574419.6974957306], [693708.391566265, 2574419.784378304], [693698.391566265, 2574419.887832821], [693688.391566265, 2574419.961266991], [693678.391566265, 2574419.5434417985], [693671.843774304, 2574418.6867469875], [693668.391566265, 2574417.349157487], [693658.391566265, 2574411.3659461476], [693648.3915662651, 2574408.9317301274], [693646.8532321808, 2574408.686746988], [693638.391566265, 2574405.6308593713], [693628.391566265, 2574400.516593571], [693620.0381291762, 2574398.686746988], [693618.391566265, 2574398.4412983814], [693608.391566265, 2574397.731178947], [693598.391566265, 2574397.6315586264], [693588.3915662649, 2574397.4031852297], [693578.391566265, 2574397.1471147793], [693570.7278169454, 2574396.3504963075]]}}, {"type": "Feature", "properties": {"level": 3.0, "label": "3 h"}, "geometry": {"type": "LineString", "coordinates": [[693884.6712359218, 2573924.966416645], [693885.3391767972, 2573928.686746988], [693888.391566265, 2573931.9703774983], [693892.1646100641, 2573938.686746988], [693898.391566265, 2573946.509092128], [693900.1617977202, 2573948.686746988], [693904.8935645913, 2573958.686746988], [693908.391566265, 2573964.3697678666], [693912.0915608801, 2573968.686746988], [693916.6810563246, 2573978.686746988], [693918.391566265, 2573982.4497145186], [693921.5382879595, 2573988.686746988], [693925.8680513846, 2573998.686746988], [693928.3915662649, 2574003.6413330464], [693932.4600831243, 2574008.686746988], [693937.0225695255, 2574018.686746988], [693938.391566265, 2574020.105358423], [693946.9729548298, 2574028.686746988], [693948.391566265, 2574030.055743728], [693957.1159092289, 2574038.686746988], [693958.391566265, 2574039.918844871], [693968.3915662651, 2574042.0156259364], [693975.6920020968, 2574048.686746988], [693978.391566265, 2574051.0660762107], [693988.391566265, 2574056.693857259], [693990.4327067381, 2574058.686746988], [693998.391566265, 2574066.394897365], [694001.3440723536, 2574068.686746988], [694008.391566265, 2574074.837061521], [694016.9916049306, 2574078.6867469875], [694018.391566265, 2574079.680304325], [694028.3915662649, 2574086.412610466], [694034.3175456764, 2574088.686746988], [694038.391566265, 2574090.8527424596], [694048.3915662651, 2574096.83041867], [694051.6801241571, 2574098.686746988], [694058.391566265, 2574104.3014515126], [694068.3915662649, 2574107.1265201676], [694073.3121077837, 2574108.686746988], [694078.391566265, 2574113.5887759137], [694088.391566265, 2574115.842968103], [694098.391566265, 2574116.5878348798], [694108.391566265, 2574116.7405692786], [694118.391566265, 2574116.8709277418], [694123.230057756, 2574118.686746988], [694128.3915662651, 2574122.059258284], [694138.391566265, 2574125.3653513505], [694142.1005834021, 2574128.686746988], [694148.391566265, 2574134.04907361], [694153.0292396429, 2574138.686746988], [694158.391566265, 2574144.2587166713], [694162.6438635536, 2574148.686746988], [694168.3915662651, 2574157.319086874], [694169.1864208161, 2574158.686746988], [694170.3512573839, 2574168.686746988], [694170.3512573839, 2574178.686746988], [694170.0876378585, 2574188.686746988], [694170.5264936181, 2574198.686746988], [694171.620251331, 2574208.686746988], [694172.609639064, 2574218.686746988], [694178.391566265, 2574227.4314113217], [694178.8596043084, 2574228.686746988], [694181.7869538302, 2574238.686746988], [694186.020309622, 2574248.686746988], [694188.3915662649, 2574251.1278637345], [694191.024824525, 2574258.686746988], [694194.2130313223, 2574268.686746988], [694198.391566265, 2574273.28980566], [694200.7308205627, 2574278.686746988], [694207.9966867792, 2574288.6867469884], [694208.391566265, 2574289.4159462336], [694210.9224130221, 2574298.686746988], [694213.987027162, 2574308.686746988], [694217.9551828683, 2574318.686746988], [694218.3915662649, 2574319.4790490353], [694222.7300859953, 2574328.686746988], [694228.1715293007, 2574338.6867469884], [694228.391566265, 2574338.91360983], [694238.391566265, 2574348.4228080492], [694238.7805962147, 2574348.686746988], [694248.391566265, 2574354.022429347], [694255.2857233281, 2574358.686746988], [694258.3915662649, 2574361.3886563275], [694268.3915662649, 2574367.442975868], [694269.9968934883, 2574368.686746988], [694278.391566265, 2574376.113638669], [694280.237176457, 2574378.686746988], [694288.391566265, 2574386.602945468], [694289.906825891, 2574388.686746988], [694298.391566265, 2574397.3921429347], [694299.3380523069, 2574398.686746988], [694308.391566265, 2574407.9168290016], [694309.0285756146, 2574408.686746988], [694318.391566265, 2574418.309910796], [694318.7140231709, 2574418.686746988], [694328.391566265, 2574428.472075897], [694328.5740624085, 2574428.686746988], [694338.391566265, 2574438.6251250966], [694338.464210079, 2574438.686746988], [694344.7388469087, 2574448.686746988], [694348.3915662651, 2574453.0689622634], [694351.5147844926, 2574458.686746988], [694358.391566265, 2574465.5635287603], [694361.566586392, 2574468.686746988], [694368.391566265, 2574475.015874372], [694375.9124507067, 2574478.686746988], [694378.3915662651, 2574480.757195727], [694388.391566265, 2574485.9541888153], [694393.9325207047, 2574488.6867469875], [694398.391566265, 2574491.476839005], [694408.391566265, 2574495.4021469573], [694418.391566265, 2574498.4882562724], [694419.1004659893, 2574498.686746988], [694428.391566265, 2574501.736285443], [694438.391566265, 2574504.7472969955], [694448.391566265, 2574508.6388088637], [694448.4719475779, 2574508.686746988], [694458.391566265, 2574515.5243391567], [694464.4366746207, 2574518.6867469875], [694468.391566265, 2574521.7166732294], [694478.391566265, 2574528.6288330737], [694478.4429546387, 2574528.686746988], [694483.537043822, 2574538.686746988], [694488.391566265, 2574544.651124492], [694490.792680245, 2574548.686746988], [694493.1765845146, 2574558.686746988], [694498.391566265, 2574565.8792391564], [694499.4013074262, 2574568.686746988], [694501.1179208515, 2574578.686746988], [694506.8706200232, 2574588.6867469884], [694508.391566265, 2574590.4003250427], [694512.2788952925, 2574598.686746988], [694518.391566265, 2574607.251156578], [694519.4158054125, 2574608.686746988], [694523.5491999353, 2574618.686746988], [694526.9531562402, 2574628.686746988], [694528.3915662649, 2574631.1320306705], [694532.4571264861, 2574638.686746988], [694536.6779882107, 2574648.6867469884], [694538.391566265, 2574652.026649894], [694543.2175930203, 2574658.686746988], [694548.391566265, 2574664.8796632783], [694558.391566265, 2574668.3350571766], [694568.391566265, 2574668.4891768233], [694570.5675697997, 2574668.686746988], [694578.391566265, 2574670.140618069], [694586.1955203472, 2574678.686746988], [694588.391566265, 2574685.4464002904], [694588.9627921135, 2574688.686746988], [694591.2999387964, 2574698.686746988], [694597.1636059771, 2574708.686746988], [694598.391566265, 2574710.882792906], [694601.9871606932, 2574718.686746988], [694608.391566265, 2574728.618167511], [694608.42419471, 2574728.686746988], [694613.9093929894, 2574738.686746988], [694618.391566265, 2574743.8467981345], [694621.9871606932, 2574748.686746988], [694628.391566265, 2574755.7755389186], [694630.3143389614, 2574758.686746988], [694638.391566265, 2574766.7639742917], [694639.9857406947, 2574768.686746988], [694648.3915662649, 2574776.627878117], [694649.5994218278, 2574778.686746988], [694658.391566265, 2574788.6221676106], [694658.4408284357, 2574788.686746988], [694665.7348307627, 2574798.686746988], [694668.391566265, 2574801.34348249], [694674.087652166, 2574808.6867469875], [694678.391566265, 2574812.491020878], [694685.2309906711, 2574818.686746988], [694688.391566265, 2574820.3052482307], [694698.391566265, 2574827.921521266], [694699.339194474, 2574828.686746988], [694708.391566265, 2574835.7533635534], [694713.6413808854, 2574838.686746988], [694718.3915662651, 2574841.2456958094], [694728.391566265, 2574847.921521266], [694729.4916071524, 2574848.686746988], [694738.391566265, 2574854.9581441833], [694747.8026944682, 2574858.686746988], [694748.391566265, 2574858.9223191184], [694758.3915662651, 2574866.4469347084], [694763.2096102885, 2574868.686746988], [694768.391566265, 2574871.245695809], [694778.391566265, 2574878.128200188], [694779.631057893, 2574878.686746988], [694788.391566265, 2574883.7007543826], [694798.391566265, 2574888.312774899], [694800.2332286363, 2574888.686746988], [694808.391566265, 2574890.4490078734], [694818.3915662649, 2574892.295992772], [694828.391566265, 2574892.967393938], [694838.391566265, 2574891.7733636093], [694848.391566265, 2574890.7114664894], [694858.391566265, 2574890.5104644853], [694868.3915662651, 2574890.026292551], [694878.391566265, 2574889.206993183], [694882.505015199, 2574888.686746988], [694888.391566265, 2574887.782048948], [694898.391566265, 2574886.3002059595], [694908.391566265, 2574884.830077001], [694918.391566265, 2574884.463737309], [694928.391566265, 2574885.1082497193], [694938.391566265, 2574885.8801313695], [694945.2723757696, 2574888.6867469875], [694948.391566265, 2574890.2099298406], [694958.3915662651, 2574893.182670745], [694968.3915662649, 2574897.4664735943], [694970.065444269, 2574898.686746988], [694978.391566265, 2574903.5679029785], [694987.4830390023, 2574908.6867469875], [694988.3915662649, 2574909.3678813353], [694998.391566265, 2574914.659942663], [695002.7441827718, 2574918.686746988], [695008.3915662651, 2574923.5679029785], [695014.0473877187, 2574928.686746988], [695018.391566265, 2574932.9734875513], [695024.1469111962, 2574938.686746988], [695028.391566265, 2574942.9314020565], [695034.3516482682, 2574948.686746988], [695038.391566265, 2574952.7266649846], [695047.5021945186, 2574958.686746988], [695048.391566265, 2574959.426027528], [695058.391566265, 2574964.6533207977], [695065.3302597092, 2574968.686746988], [695068.391566265, 2574970.6457046974], [695078.391566265, 2574974.832358851], [695088.391566265, 2574978.2763579534], [695089.3588542131, 2574978.686746988], [695098.3915662651, 2574981.6255181516], [695108.391566265, 2574984.458332321], [695118.391566265, 2574985.761132789], [695123.104527462, 2574988.686746988], [695128.3915662651, 2574991.76548059], [695138.391566265, 2574995.852743578], [695142.9313514389, 2574998.686746988], [695148.391566265, 2575001.3576503354], [695158.391566265, 2575004.4583323207], [695168.391566265, 2575008.2763579534], [695169.2462032861, 2575008.6867469875], [695178.391566265, 2575011.9158834633], [695188.3915662649, 2575013.3752062977], [695198.391566265, 2575018.2225941103], [695199.0230283882, 2575018.686746988], [695208.391566265, 2575023.5656767376], [695217.674482605, 2575028.686746988], [695218.391566265, 2575029.1560291755], [695228.391566265, 2575034.5459825117], [695237.2896859569, 2575038.686746988], [695238.3915662649, 2575039.1560291755], [695248.391566265, 2575042.4882374303], [695258.391566265, 2575044.5459825117], [695268.3915662649, 2575047.385443063], [695275.386102771, 2575048.686746988], [695278.3915662649, 2575049.1693534483], [695288.391566265, 2575051.440281528], [695298.3915662649, 2575053.1764810937], [695308.391566265, 2575054.762237103], [695318.391566265, 2575057.385443063], [695323.1158618887, 2575058.686746988], [695328.3915662651, 2575060.5557432487], [695338.3915662651, 2575063.2396678613], [695348.391566265, 2575067.146355852], [695353.6067983278, 2575068.686746988], [695358.391566265, 2575070.5557432487], [695368.391566265, 2575074.07344804], [695378.391566265, 2575078.061045125], [695379.5452244459, 2575078.686746988], [695388.391566265, 2575083.808606372], [695396.2671664018, 2575088.686746988], [695398.391566265, 2575090.133617588], [695408.391566265, 2575095.687088282], [695412.6100619648, 2575098.686746988], [695418.391566265, 2575103.4089099895], [695425.6006405848, 2575108.6867469884], [695428.391566265, 2575110.4904483724], [695438.391566265, 2575116.0466265525], [695442.1933342495, 2575118.686746988], [695448.391566265, 2575122.9438992357], [695458.391566265, 2575128.300985267], [695459.0147238267, 2575128.686746988], [695468.391566265, 2575133.603951089], [695478.391566265, 2575138.402274941], [695478.8351859499, 2575138.686746988], [695488.391566265, 2575143.967228345], [695498.391566265, 2575148.438720875], [695498.7773279864, 2575148.686746988], [695508.391566265, 2575153.0730858007], [695518.391566265, 2575156.979228651], [695522.1828974249, 2575158.686746988], [695528.391566265, 2575161.438980681], [695538.3915662649, 2575163.1814284315], [695548.391566265, 2575165.552894762], [695558.391566265, 2575167.6308511794], [695561.3784803329, 2575168.686746988], [695568.391566265, 2575171.627208415], [695578.391566265, 2575174.5790361515], [695588.391566265, 2575177.147377066], [695591.2773205882, 2575178.686746988], [695598.3915662651, 2575181.933441463], [695608.391566265, 2575183.9111140436], [695618.391566265, 2575187.8939164015], [695620.8026535694, 2575188.686746988], [695628.391566265, 2575190.5678510508], [695638.391566265, 2575192.517465932], [695648.391566265, 2575194.922456261], [695658.391566265, 2575197.045851765], [695665.7416950891, 2575198.686746988], [695668.3915662649, 2575199.214728793], [695678.391566265, 2575201.867289627], [695688.3915662649, 2575202.8055019802], [695698.391566265, 2575204.6484816987], [695708.391566265, 2575206.3634214876], [695718.391566265, 2575206.867016194], [695728.391566265, 2575206.867016194], [695738.391566265, 2575206.867016194], [695748.391566265, 2575206.849865852], [695758.391566265, 2575206.828199973], [695768.391566265, 2575206.828199973], [695778.391566265, 2575205.7110499935], [695788.391566265, 2575204.7923978413], [695798.391566265, 2575201.7116070744], [695805.8997122934, 2575198.686746988], [695808.391566265, 2575197.6498213625], [695818.391566265, 2575193.831347822], [695824.323379469, 2575188.686746988], [695828.391566265, 2575185.7506826823], [695838.391566265, 2575182.151068406], [695845.8997122934, 2575178.686746988], [695848.391566265, 2575177.382450861], [695858.391566265, 2575175.102491013], [695868.391566265, 2575172.4166142917], [695874.1585903371, 2575168.686746988], [695878.391566265, 2575166.6247738707], [695888.3915662651, 2575163.575669135], [695895.2574926094, 2575158.686746988], [695898.391566265, 2575157.3248656555], [695908.391566265, 2575154.002022429], [695918.391566265, 2575149.4718974372], [695919.9384749365, 2575148.686746988], [695928.391566265, 2575143.676582887], [695935.5824510809, 2575138.686746988], [695938.391566265, 2575135.877631804], [695945.2291417796, 2575128.686746988], [695948.3915662649, 2575123.2463708594], [695952.1995137541, 2575118.686746988], [695955.8992970828, 2575108.686746988], [695958.391566265, 2575099.6778095136], [695958.8061664968, 2575098.686746988], [695961.2802523528, 2575088.686746988], [695962.6275326163, 2575078.686746988], [695959.1535101254, 2575068.6867469884], [695958.391566265, 2575066.250234279], [695955.8277954111, 2575058.686746988], [695949.1366034568, 2575048.686746988], [695948.3915662649, 2575047.402014763], [695942.9228067148, 2575038.6867469884], [695938.391566265, 2575034.117506535], [695932.9608067183, 2575028.686746988], [695928.391566265, 2575021.2883802545], [695925.8246521095, 2575018.686746988], [695925.0174956586, 2575008.686746988], [695925.0174956586, 2574998.686746988], [695928.391566265, 2574989.848209041], [695928.7515718995, 2574988.686746988], [695931.445687334, 2574978.686746988], [695938.3915662649, 2574970.441242192], [695939.6762984898, 2574968.686746988], [695948.3915662649, 2574959.971479213], [695950.1460614691, 2574958.686746988], [695958.391566265, 2574953.21003417], [695968.391566265, 2574949.9057902847], [695970.4666288988, 2574948.686746988], [695978.391566265, 2574942.228282489], [695983.0382638994, 2574938.6867469875], [695988.3915662649, 2574933.3334446223], [695993.8980498337, 2574928.686746988], [695997.9319998466, 2574918.686746988], [695998.391566265, 2574917.186986566], [696000.2978870973, 2574908.686746988], [696000.3659185678, 2574898.686746988], [696000.3659185678, 2574888.686746988], [696000.2474089264, 2574878.686746988], [695998.391566265, 2574876.573531705], [695993.5030497988, 2574868.686746988], [695988.391566265, 2574863.575263454], [695984.1698245041, 2574858.686746988], [695978.391566265, 2574852.908488749], [695973.614837328, 2574848.686746988], [695968.391566265, 2574843.821069374], [695963.1400751271, 2574838.686746988], [695958.3915662651, 2574833.9028673545], [695951.562892968, 2574828.686746988], [695948.391566265, 2574825.317045402], [695941.897204806, 2574818.6867469884], [695938.391566265, 2574815.1811084473], [695931.2071629383, 2574808.686746988], [695928.3915662649, 2574807.133394699], [695918.391566265, 2574802.550670594], [695908.391566265, 2574799.008782482], [695907.6484041857, 2574798.686746988], [695898.391566265, 2574795.587165022], [695888.391566265, 2574789.032121258], [695887.6958174884, 2574788.686746988], [695878.391566265, 2574784.146941325], [695870.2289436476, 2574778.686746988], [695868.391566265, 2574777.260463259], [695858.5939998357, 2574768.686746988], [695858.391566265, 2574768.511826703], [695848.391566265, 2574761.118702043], [695843.0655718307, 2574758.686746988], [695838.391566265, 2574755.313524299], [695828.7144464557, 2574748.686746988], [695828.391566265, 2574748.363866797], [695818.391566265, 2574739.9300463535], [695813.9301617863, 2574738.686746988], [695808.391566265, 2574733.1481514666], [695798.705466203, 2574728.686746988], [695798.6348488376, 2574718.686746988], [695798.5244979475, 2574708.686746988], [695798.5244979475, 2574698.6867469875], [695798.7356465532, 2574688.686746988], [695807.101380056, 2574678.686746988], [695808.391566265, 2574677.396560779], [695813.7925091782, 2574668.686746988], [695818.391566265, 2574664.087689901], [695826.2126372529, 2574658.686746988], [695828.391566265, 2574657.784515171], [695838.3915662651, 2574652.0298339087], [695848.391566265, 2574649.267810479], [695849.3740970788, 2574648.686746988], [695858.391566265, 2574644.2340207878], [695868.391566265, 2574639.1025344827], [695869.7598207543, 2574638.686746988], [695878.391566265, 2574636.154078081], [695888.3915662649, 2574631.572972539], [695897.710473166, 2574628.686746988], [695898.391566265, 2574628.4928031163], [695908.391566265, 2574628.3968566256], [695918.391566265, 2574628.1951988908], [695928.391566265, 2574625.1046000593], [695938.391566265, 2574623.662651444], [695948.391566265, 2574621.2823165786], [695957.2845903859, 2574618.686746988], [695958.391566265, 2574618.1798869655], [695968.391566265, 2574614.535792061], [695977.4154018911, 2574608.686746988], [695978.391566265, 2574607.7776122517], [695987.2953399708, 2574598.6867469884], [695988.391566265, 2574597.390619062], [695997.3125121999, 2574588.686746988], [695998.391566265, 2574587.580093064], [696007.4052887564, 2574578.686746988], [696008.391566265, 2574577.7253916906], [696018.391566265, 2574570.3248626194], [696020.4967966405, 2574568.686746988], [696028.391566265, 2574564.4826829545], [696036.8673592571, 2574558.686746988], [696038.391566265, 2574557.3784703636], [696048.391566265, 2574549.040078175], [696049.070284776, 2574548.686746988], [696058.3915662651, 2574539.365465499], [696059.3451862541, 2574538.686746988], [696068.391566265, 2574534.3985837353], [696076.6847521972, 2574528.686746988], [696078.391566265, 2574527.501572776], [696088.3915662649, 2574523.646383689], [696098.391566265, 2574520.339633328], [696100.6348101711, 2574518.686746988], [696108.391566265, 2574513.965166087], [696118.3915662651, 2574511.8490342824], [696128.391566265, 2574509.606599872], [696133.9820649129, 2574508.686746988], [696138.391566265, 2574507.761887483], [696148.3915662649, 2574507.6987628723], [696158.391566265, 2574507.613120471], [696168.391566265, 2574505.1787634008], [696177.8033597661, 2574498.686746988], [696178.391566265, 2574498.319907607], [696188.391566265, 2574497.6131204716], [696198.391566265, 2574495.8556192587], [696208.391566265, 2574492.243865068], [696215.2578775093, 2574488.686746988], [696218.391566265, 2574487.4584769593], [696228.391566265, 2574485.504830054], [696236.9710512147, 2574478.686746988], [696238.3915662651, 2574477.6632603914], [696248.391566265, 2574471.3411446675], [696251.8671375382, 2574468.686746988], [696258.391566265, 2574462.1623182613], [696260.9094906261, 2574458.686746988], [696267.6038517084, 2574448.686746988], [696268.391566265, 2574447.5100125116], [696275.8175469704, 2574438.686746988], [696278.391566265, 2574434.7605805565], [696281.2808875414, 2574428.686746988], [696285.2570459174, 2574418.686746988], [696288.391566265, 2574413.8099685814], [696291.9123432721, 2574408.6867469875], [696297.6686163112, 2574398.6867469884], [696298.391566265, 2574397.1302195443], [696308.391566265, 2574393.7029384007], [696318.391566265, 2574390.9332619198], [696323.3961100816, 2574388.686746988], [696328.391566265, 2574384.789249968], [696333.7943390823, 2574378.686746988], [696338.391566265, 2574373.410068251], [696342.481766351, 2574368.686746988], [696347.556790498, 2574358.6867469875], [696348.391566265, 2574357.7638026765], [696355.5377675712, 2574348.686746988], [696358.391566265, 2574345.8329482945], [696366.6081937992, 2574338.686746988], [696368.391566265, 2574336.903374522], [696378.391566265, 2574331.7307840106], [696382.6905255669, 2574328.6867469875], [696388.391566265, 2574325.1154384324], [696397.6503505067, 2574318.686746988], [696398.391566265, 2574317.94587187], [696408.391566265, 2574309.3867333075], [696409.1119360705, 2574308.686746988], [696417.6503505067, 2574298.686746988], [696418.391566265, 2574297.1747268476], [696422.3389789895, 2574288.686746988], [696422.081144979, 2574278.6867469884], [696418.3915662649, 2574274.214753299], [696414.8202577094, 2574268.686746988], [696411.1760675444, 2574258.686746988], [696408.391566265, 2574250.1987671284], [696407.6690185944, 2574248.686746988], [696404.3131684596, 2574238.686746988], [696400.8716020348, 2574228.686746988], [696398.391566265, 2574226.206711218], [696392.6252521598, 2574218.6867469875], [696388.391566265, 2574214.453061093], [696381.2328799852, 2574208.686746988], [696378.391566265, 2574207.626664068], [696368.391566265, 2574204.453061093], [696358.3915662649, 2574204.453061093], [696348.391566265, 2574207.2413456324], [696338.3915662651, 2574204.386949977], [696328.391566265, 2574202.5709326463], [696325.8898444349, 2574198.686746988], [696322.2873708442, 2574188.686746988], [696318.391566265, 2574183.4964425713], [696316.3980827285, 2574178.686746988], [696314.2157023734, 2574168.686746988], [696308.391566265, 2574161.681878534], [696306.4827198042, 2574158.686746988], [696306.0243336689, 2574148.686746988], [696306.972107744, 2574138.6867469875], [696307.9101479417, 2574128.686746988], [696308.391566265, 2574127.774756121], [696315.4478475393, 2574118.686746988], [696317.7837802588, 2574108.686746988], [696318.391566265, 2574107.778473407], [696326.1759852073, 2574098.686746988], [696326.624474128, 2574088.6867469884], [696328.391566265, 2574086.744179845], [696335.285272795, 2574078.686746988], [696338.391566265, 2574069.5003361707], [696338.6891481424, 2574068.686746988], [696345.2948864759, 2574058.686746988], [696346.4273142758, 2574048.686746988], [696346.4560224074, 2574038.686746988], [696348.391566265, 2574030.106939433], [696348.7119653781, 2574028.686746988], [696352.8001759965, 2574018.686746988], [696356.3685303282, 2574008.686746988], [696358.391566265, 2574003.085356058], [696360.1251176756, 2573998.686746988], [696365.782380138, 2573988.686746988], [696368.391566265, 2573984.9711446827], [696373.5679723399, 2573978.686746988], [696378.391566265, 2573973.1424909914], [696381.2544718338, 2573968.686746988], [696388.3915662651, 2573960.4032193436], [696389.6869329384, 2573958.686746988], [696394.2424933339, 2573948.686746988], [696398.3915662651, 2573943.118733255], [696400.6043591502, 2573938.686746988], [696403.0884790218, 2573928.686746988], [696406.5189620893, 2573918.686746988], [696408.391566265, 2573913.693124691], [696409.7266003191, 2573908.686746988], [696412.2060379554, 2573898.6867469875], [696416.3198330799, 2573888.686746988], [696418.391566265, 2573884.669915589], [696420.8659692551, 2573878.686746988], [696425.0087455189, 2573868.686746988], [696427.2358661103, 2573858.686746988], [696428.391566265, 2573855.841115318], [696432.4083774401, 2573848.686746988], [696436.4376460948, 2573838.686746988], [696437.1172651554, 2573828.6867469875], [696437.4972528709, 2573818.686746988], [696437.5912551115, 2573808.6867469875], [696437.6637255701, 2573798.686746988], [696437.7097460958, 2573788.686746988], [696437.7126390744, 2573778.686746988], [696437.7126390744, 2573768.686746988], [696438.391566265, 2573761.0192561545], [696438.7729871719, 2573758.686746988], [696440.4364417782, 2573748.686746988], [696441.0882407145, 2573738.686746988], [696442.9089184421, 2573728.686746988], [696442.9089184421, 2573718.686746988], [696441.4761646952, 2573708.686746988], [696438.7729871719, 2573698.686746988], [696438.391566265, 2573697.3352207365], [696435.7643848599, 2573688.686746988], [696429.5945114007, 2573678.686746988], [696428.391566265, 2573677.229061167], [696423.866887325, 2573668.686746988], [696419.4235459523, 2573658.686746988], [696418.391566265, 2573655.679379847], [696416.0559777094, 2573648.686746988], [696412.89096673, 2573638.686746988], [696408.391566265, 2573630.5119323586], [696407.1074224832, 2573628.686746988], [696400.5163734443, 2573618.6867469884], [696398.391566265, 2573612.7597298827], [696396.5663808944, 2573608.686746988], [696389.1803417915, 2573598.686746988], [696388.3915662651, 2573595.4999101963], [696386.8791327243, 2573588.686746988], [696384.1776466998, 2573578.686746988], [696378.391566265, 2573569.84389345], [696377.2925400478, 2573568.686746988], [696375.6680326608, 2573558.686746988], [696378.391566265, 2573555.963213384], [696387.2422634293, 2573548.686746988], [696388.391566265, 2573548.092668339], [696398.391566265, 2573542.8494317774], [696404.572369372, 2573538.686746988], [696408.391566265, 2573537.443039602], [696418.3915662651, 2573528.9635948488], [696418.695315011, 2573528.686746988], [696428.391566265, 2573522.4365539765], [696435.3367664205, 2573518.686746988], [696438.391566265, 2573516.6672001714], [696448.3915662651, 2573510.4097311217], [696453.0480063173, 2573508.686746988], [696458.391566265, 2573505.6106579825], [696468.391566265, 2573501.6879764935], [696477.0681248716, 2573498.686746988], [696478.391566265, 2573498.1064968347], [696488.391566265, 2573495.4305003174], [696498.391566265, 2573493.721179275], [696508.391566265, 2573493.721179275], [696518.391566265, 2573496.758493331], [696527.1131190208, 2573498.686746988], [696528.391566265, 2573499.0635260767], [696538.391566265, 2573500.5541203246], [696548.3915662651, 2573501.05763332], [696558.391566265, 2573502.1321449587], [696568.391566265, 2573503.852868925], [696578.391566265, 2573506.0164654385], [696588.391566265, 2573507.7279788973], [696589.9983876171, 2573508.686746988], [696598.391566265, 2573515.4806141956], [696607.2922391301, 2573518.686746988], [696608.391566265, 2573519.0203783447], [696618.3915662651, 2573522.326365258], [696628.391566265, 2573527.917989096], [696634.2413147332, 2573528.686746988], [696638.391566265, 2573530.0851406436], [696648.3915662649, 2573530.5541203246], [696658.3915662649, 2573530.5541203246], [696668.391566265, 2573530.0851406436], [696678.391566265, 2573537.309983623], [696679.6097821651, 2573538.686746988], [696688.391566265, 2573545.098330464], [696691.7981173414, 2573548.686746988], [696698.391566265, 2573554.818546645], [696702.6580642288, 2573558.686746988], [696708.391566265, 2573568.0308823693], [696709.047430884, 2573568.686746988], [696708.391566265, 2573574.231698305], [696707.2218108473, 2573578.686746988], [696700.367070065, 2573588.686746988], [696698.391566265, 2573597.0979479034], [696697.5198340835, 2573598.6867469884], [696691.2904173301, 2573608.686746988], [696688.391566265, 2573615.167635453], [696683.9365175819, 2573618.686746988], [696678.391566265, 2573619.4276439063], [696668.391566265, 2573625.968317519], [696658.391566265, 2573628.079880926], [696657.4027416406, 2573628.686746988], [696648.391566265, 2573631.4521341724], [696641.1569534494, 2573638.686746988], [696638.391566265, 2573639.7499189125], [696628.391566265, 2573648.390418809], [696628.1470945356, 2573648.686746988], [696618.3915662649, 2573656.228805342], [696615.7923710814, 2573658.686746988], [696608.391566265, 2573663.0156659894], [696602.6017893743, 2573668.686746988], [696598.391566265, 2573672.896970097], [696592.7204852663, 2573678.686746988], [696588.391566265, 2573684.7700658664], [696584.6086078433, 2573688.686746988], [696578.391566265, 2573696.1947197067], [696576.0506462725, 2573698.6867469884], [696571.3515766812, 2573708.686746988], [696568.391566265, 2573715.0762743563], [696566.0560134117, 2573718.686746988], [696566.0560134117, 2573728.686746988], [696566.7239102873, 2573738.686746988], [696567.1252920502, 2573748.686746988], [696567.9016756493, 2573758.686746988], [696568.391566265, 2573767.25313584], [696568.4651004168, 2573768.686746988], [696568.4655222145, 2573778.686746988], [696568.4685841496, 2573788.686746988], [696568.907228505, 2573798.686746988], [696569.7402928877, 2573808.686746988], [696573.6194765728, 2573818.686746988], [696577.663209623, 2573828.686746988], [696578.3915662649, 2573829.983397729], [696582.9858594591, 2573838.686746988], [696587.6160292557, 2573848.686746988], [696588.3915662651, 2573849.8372849887], [696593.6925749935, 2573858.686746988], [696598.391566265, 2573867.3335747225], [696599.3828299831, 2573868.686746988], [696603.2067455061, 2573878.686746988], [696605.9637160071, 2573888.686746988], [696608.391566265, 2573894.619072191], [696610.4115207408, 2573898.686746988], [696612.1616656282, 2573908.686746988], [696614.2334720662, 2573918.686746988], [696617.3310716772, 2573928.686746988], [696618.3915662651, 2573930.840651093], [696621.8344454009, 2573938.686746988], [696623.1372715125, 2573948.686746988], [696622.6070721186, 2573958.686746988], [696619.4683758592, 2573968.686746988], [696618.391566265, 2573970.6119866604], [696613.6987033165, 2573978.6867469884], [696608.391566265, 2573986.532842883], [696606.2882438857, 2573988.686746988], [696598.391566265, 2573994.3612188334], [696594.0660381103, 2573998.686746988], [696588.391566265, 2574003.5873342766], [696584.6829552671, 2574008.686746988], [696580.9195201267, 2574018.686746988], [696578.391566265, 2574024.286971853], [696576.7424022531, 2574028.686746988], [696575.2930824229, 2574038.686746988], [696574.7422235535, 2574048.686746988], [696574.4181292937, 2574058.686746988], [696574.1791591183, 2574068.6867469875], [696574.1485001672, 2574078.6867469884], [696573.6316863715, 2574088.686746988], [696573.5874484008, 2574098.686746988], [696572.4470628985, 2574108.686746988], [696569.0145936165, 2574118.686746988], [696568.391566265, 2574120.050559488], [696566.0460607886, 2574128.6867469884], [696565.8045529107, 2574138.686746988], [696565.9397129872, 2574148.686746988], [696568.391566265, 2574155.499131042], [696570.307203723, 2574158.686746988], [696575.8121589392, 2574168.686746988], [696578.391566265, 2574172.338875344], [696583.5106752829, 2574178.686746988], [696588.391566265, 2574185.6990195424], [696591.3596731895, 2574188.686746988], [696598.391566265, 2574195.0994989458], [696601.9788143074, 2574198.686746988], [696608.391566265, 2574204.223470049], [696613.1202905732, 2574208.686746988], [696618.391566265, 2574213.3244519075], [696624.7394379091, 2574218.686746988], [696628.3915662651, 2574221.3890754487], [696635.6892378044, 2574228.6867469884], [696638.3915662651, 2574230.863851683], [696647.3639298308, 2574238.686746988], [696648.3915662651, 2574239.548679941], [696658.3915662651, 2574246.74202175], [696660.5669283688, 2574248.686746988], [696668.391566265, 2574255.994291823], [696671.08402143, 2574258.686746988], [696678.391566265, 2574265.1222363054], [696681.7545106029, 2574268.686746988], [696688.391566265, 2574275.188722075], [696694.3163660432, 2574278.6867469884], [696698.391566265, 2574282.76194721], [696704.3920994196, 2574288.686746988], [696708.391566265, 2574292.8308976376], [696713.3816918295, 2574298.686746988], [696717.2755473256, 2574308.686746988], [696718.3915662649, 2574310.558550391], [696723.6006346631, 2574318.6867469875], [696725.0397116784, 2574328.686746988], [696725.8366056718, 2574338.686746988], [696726.9052975877, 2574348.686746988], [696728.391566265, 2574354.0369680496], [696730.457147473, 2574358.686746988], [696734.9878297737, 2574368.686746988], [696738.391566265, 2574373.5493876915], [696742.6222526352, 2574378.686746988], [696748.391566265, 2574386.5934748272]]}}, {"type": "Feature", "properties": {"level": 3.0, "label": "3 h"}, "geometry": {"type": "LineString", "coordinates": [[694017.3750003155, 2573579.7033129376], [694008.391566265, 2573579.0692133983], [693999.9761453366, 2573578.686746988], [693998.391566265, 2573578.5925747505], [693988.391566265, 2573572.115485274], [693983.4447276604, 2573568.686746988], [693978.391566265, 2573563.6335855927], [693972.9904948253, 2573558.686746988], [693975.9347289492, 2573548.686746988], [693977.4170700187, 2573538.686746988], [693978.391566265, 2573537.2833862957], [693985.2471860514, 2573528.686746988], [693988.1454926552, 2573518.6867469884], [693988.391566265, 2573517.5693605226], [693991.5180778154, 2573508.686746988], [693996.950914559, 2573498.686746988], [693998.391566265, 2573489.6599075412], [693998.6623247408, 2573488.6867469875], [694006.4202303352, 2573478.686746988], [694008.391566265, 2573469.6599075412], [694008.6623247407, 2573468.686746988], [694014.4033942474, 2573458.686746988], [694018.391566265, 2573451.6070614657], [694019.250508027, 2573448.686746988], [694027.5679321457, 2573438.686746988], [694028.391566265, 2573437.79253088], [694037.4973501569, 2573428.686746988], [694038.391566265, 2573427.765829594], [694047.4706488708, 2573418.686746988], [694048.391566265, 2573417.5417140243], [694057.2465333013, 2573408.686746988], [694058.391566265, 2573405.8889657054], [694064.1636724999, 2573398.686746988], [694066.4202303352, 2573388.686746988], [694066.5289884589, 2573378.686746988], [694066.5289884589, 2573368.686746988], [694066.5289884589, 2573358.686746988], [694058.391566265, 2573348.760283216], [694058.3292516699, 2573348.686746988], [694055.063431315, 2573338.686746988], [694048.391566265, 2573331.160284593], [694045.6611267682, 2573328.686746988], [694038.391566265, 2573323.119524263], [694028.391566265, 2573318.790769113], [694028.2536385009, 2573318.686746988], [694018.391566265, 2573311.8308762633], [694008.3915662649, 2573309.793505466], [693998.391566265, 2573309.446999782], [693996.4517399588, 2573308.686746988], [693988.391566265, 2573306.303743468], [693983.552999576, 2573308.686746988], [693978.391566265, 2573311.4205755293], [693971.0147235808, 2573318.686746988], [693968.391566265, 2573320.3922381243], [693958.859436491, 2573328.686746988], [693958.391566265, 2573329.0529486113], [693948.391566265, 2573335.530677542], [693943.6986017553, 2573338.686746988], [693938.391566265, 2573343.3586446457], [693928.3915662649, 2573345.3896996845], [693918.391566265, 2573346.040001219], [693908.3915662651, 2573346.623392285], [693898.3915662651, 2573347.2172884773], [693888.391566265, 2573346.9747407087], [693878.391566265, 2573345.4360290924], [693870.7987067375, 2573338.686746988], [693868.391566265, 2573336.371456977], [693862.254900609, 2573328.686746988], [693858.3915662651, 2573324.015201893], [693854.1849232422, 2573318.686746988], [693849.7965215486, 2573308.686746988], [693848.391566265, 2573305.1488399724], [693847.1612978077, 2573298.686746988], [693847.460980899, 2573288.686746988], [693848.391566265, 2573282.4596942044], [693849.8389823863, 2573278.686746988], [693854.8765785018, 2573268.686746988], [693856.8041504642, 2573258.6867469884], [693856.9081460007, 2573248.686746988], [693856.8829502583, 2573238.6867469875], [693856.7188699417, 2573228.686746988], [693856.6423461855, 2573218.686746988], [693856.5938791537, 2573208.686746988], [693855.538179259, 2573198.686746988], [693853.465166265, 2573188.686746988], [693850.9861150661, 2573178.686746988], [693848.391566265, 2573171.122146547], [693847.6673046802, 2573168.686746988], [693846.3135989779, 2573158.686746988], [693844.1728978194, 2573148.686746988], [693843.015237103, 2573138.686746988], [693838.391566265, 2573131.122146547], [693835.9561667063, 2573128.686746988], [693828.391566265, 2573123.343469171], [693818.391566265, 2573119.5560073867], [693808.391566265, 2573119.5560073867], [693798.391566265, 2573123.343469171], [693788.391566265, 2573126.1596517153], [693780.9186615378, 2573118.686746988], [693778.391566265, 2573116.7561131325], [693774.1714577691, 2573108.686746988], [693768.391566265, 2573102.5731137167], [693765.6306045156, 2573098.686746988], [693758.391566265, 2573091.079071988], [693756.2271327166, 2573088.686746988], [693753.0947988415, 2573078.686746988], [693748.391566265, 2573073.464421439], [693745.1201732379, 2573068.686746988], [693739.8126635471, 2573058.686746988], [693738.391566265, 2573056.8369660247], [693735.4863318892, 2573048.686746988], [693737.0758141336, 2573038.686746988], [693738.3915662651, 2573037.0590419425], [693744.647402857, 2573028.686746988], [693745.1185886427, 2573018.686746988], [693745.9313555846, 2573008.686746988], [693745.4838240735, 2572998.686746988], [693738.3915662651, 2572990.7109784274], [693736.5391832711, 2572988.686746988], [693728.391566265, 2572980.3144520335], [693726.7933699219, 2572978.686746988], [693722.1343659176, 2572968.6867469884], [693718.391566265, 2572963.309383724], [693715.1481169679, 2572958.686746988], [693712.8225622557, 2572948.686746988], [693708.391566265, 2572939.7852140097], [693707.9648691766, 2572938.686746988], [693705.1797576445, 2572928.686746988], [693703.4787190866, 2572918.686746988], [693703.0831600806, 2572908.6867469884], [693698.3915662651, 2572899.9856040822], [693697.669299623, 2572898.686746988], [693690.5460014478, 2572888.686746988], [693688.391566265, 2572886.352126447], [693682.1527360328, 2572878.686746988], [693678.391566265, 2572874.9160410897], [693668.3915662649, 2572869.8167170943], [693667.2615961584, 2572868.686746988], [693662.1527360327, 2572858.686746988], [693668.391566265, 2572851.0213675285], [693675.7577772567, 2572848.686746988], [693678.3915662649, 2572847.8990669134], [693688.391566265, 2572841.1691013314], [693691.8156528178, 2572838.686746988], [693698.3915662651, 2572832.753356356], [693702.8187341741, 2572828.686746988], [693708.3915662651, 2572823.2248476213], [693713.1773523038, 2572818.686746988], [693718.391566265, 2572813.811815166], [693723.9717352758, 2572808.686746988], [693728.391566265, 2572804.266915999], [693738.391566265, 2572803.079388015], [693748.391566265, 2572801.1391824884], [693758.391566265, 2572799.9094879627], [693767.6421139316, 2572798.686746988], [693768.391566265, 2572798.5537916543], [693778.3915662651, 2572797.668574399], [693788.391566265, 2572795.0180555554], [693798.391566265, 2572792.90161437], [693808.391566265, 2572791.73007617], [693818.391566265, 2572789.945358352], [693824.9941508127, 2572788.686746988], [693828.391566265, 2572788.1594510465], [693838.3915662649, 2572783.5457542017], [693848.3915662651, 2572782.5845921817], [693858.391566265, 2572779.5339600733], [693861.8042794992, 2572778.686746988], [693868.391566265, 2572777.1087670065], [693878.391566265, 2572774.7229146943], [693888.391566265, 2572774.7229146943], [693898.391566265, 2572778.2250882797], [693899.5398357628, 2572778.686746988], [693908.391566265, 2572782.3098886968], [693917.2432967672, 2572778.686746988], [693918.391566265, 2572778.049859839], [693928.391566265, 2572772.871068276], [693937.2432967672, 2572768.686746988], [693938.391566265, 2572768.094333373], [693948.391566265, 2572762.092905973], [693954.4529741668, 2572758.686746988], [693958.391566265, 2572756.1454414013], [693968.3915662649, 2572751.0336246784], [693974.3591965757, 2572748.686746988], [693978.391566265, 2572746.2167999884], [693988.391566265, 2572741.5519324704], [693994.6552202443, 2572738.686746988], [693998.3915662649, 2572736.8375906525], [694008.391566265, 2572734.3315955317], [694018.391566265, 2572730.3646066613], [694022.4968422223, 2572728.686746988], [694028.391566265, 2572726.381897952], [694038.391566265, 2572720.718879703], [694043.256424836, 2572718.6867469875], [694048.391566265, 2572715.779078749], [694058.391566265, 2572709.6858099387], [694068.3915662651, 2572709.50088889], [694078.391566265, 2572709.50088889], [694088.391566265, 2572709.50088889], [694098.391566265, 2572709.50088889], [694108.391566265, 2572709.507803354], [694118.391566265, 2572709.507803354], [694128.3915662651, 2572710.007718218], [694138.391566265, 2572712.6864994476], [694148.3915662651, 2572713.2898582024], [694158.391566265, 2572715.370220179], [694161.9883060264, 2572718.686746988], [694168.391566265, 2572723.2898582024], [694173.7884550509, 2572728.686746988], [694178.391566265, 2572733.2898582024], [694183.8804351694, 2572738.686746988], [694188.3915662649, 2572743.197878083], [694193.7884550509, 2572748.686746988], [694198.3915662651, 2572753.2898582024], [694203.7884550509, 2572758.6867469884], [694208.391566265, 2572764.570588845], [694212.2111836496, 2572768.686746988], [694212.5077244081, 2572778.686746988], [694212.2111836496, 2572788.686746988], [694208.391566265, 2572794.752862411], [694205.285144386, 2572798.686746988], [694198.391566265, 2572808.3536333037], [694198.0584525808, 2572808.686746988], [694188.391566265, 2572818.3536333037], [694188.0239673039, 2572818.686746988], [694178.3915662651, 2572825.3576102657], [694174.4576816882, 2572828.686746988], [694168.391566265, 2572832.397184399], [694158.391566265, 2572838.331502868], [694157.2543408338, 2572838.686746988], [694148.3915662651, 2572840.432091967], [694138.3915662649, 2572843.88725199], [694128.391566265, 2572846.0687907306], [694120.5485094567, 2572848.686746988], [694118.391566265, 2572849.4598010806], [694108.391566265, 2572853.595381097], [694098.391566265, 2572855.468908077], [694088.391566265, 2572857.0513830013], [694085.5661923243, 2572858.686746988], [694078.391566265, 2572863.595381097], [694068.391566265, 2572865.251901419], [694058.391566265, 2572866.5986734903], [694048.391566265, 2572865.294835409], [694039.0612890008, 2572868.686746988], [694038.391566265, 2572869.244236476], [694028.3915662651, 2572876.2769770883], [694025.7254428173, 2572878.686746988], [694018.391566265, 2572886.0206235405], [694016.8755240943, 2572888.686746988], [694010.230090543, 2572898.686746988], [694008.391566265, 2572902.806719331], [694006.6924081759, 2572908.686746988], [694003.884990674, 2572918.6867469875], [694005.1701898661, 2572928.686746988], [694006.2190232632, 2572938.686746988], [694008.110923411, 2572948.686746988], [694008.3915662649, 2572953.2784691826], [694008.9687913025, 2572958.686746988], [694013.9478682058, 2572968.686746988], [694018.3915662651, 2572973.458449872], [694024.1234511073, 2572978.6867469875], [694028.3915662649, 2572983.0216036616], [694034.0567095913, 2572988.6867469875], [694038.391566265, 2572993.223893173], [694045.1214898938, 2572998.686746988], [694048.391566265, 2573003.6942112283], [694056.8756824952, 2573008.686746988], [694058.391566265, 2573009.4714419865], [694068.391566265, 2573014.4486132544], [694073.9797254221, 2573018.6867469884], [694078.3915662651, 2573020.7317651985], [694086.3465480545, 2573028.686746988], [694088.391566265, 2573030.7317651985], [694096.3465480545, 2573038.686746988], [694097.6397018556, 2573048.686746988], [694098.3915662649, 2573049.639311967], [694107.0222089031, 2573058.6867469884], [694108.391566265, 2573062.7236142466], [694113.3719579655, 2573068.686746988], [694115.3270214887, 2573078.686746988], [694115.0093329551, 2573088.6867469875], [694110.4632484248, 2573098.686746988], [694108.391566265, 2573102.3172348198], [694107.0222089031, 2573108.686746988], [694106.1028931157, 2573118.686746988], [694100.0522995862, 2573128.686746988], [694104.739513359, 2573138.686746988], [694106.1161797548, 2573148.686746988], [694108.391566265, 2573151.672800869], [694114.0057618781, 2573158.6867469875], [694113.7870321025, 2573168.686746988], [694115.4055123839, 2573178.686746988], [694118.391566265, 2573182.338799894], [694128.391566265, 2573187.305619773], [694129.7726934802, 2573188.686746988], [694138.391566265, 2573193.2912811507], [694148.391566265, 2573193.8221649523], [694154.4617445399, 2573198.686746988], [694158.391566265, 2573203.5761533645], [694168.391566265, 2573207.305619773], [694178.391566265, 2573203.5761533645], [694181.8271160704, 2573198.686746988], [694181.8271160704, 2573188.686746988], [694181.8271160704, 2573178.686746988], [694181.8271160704, 2573168.686746988], [694181.8271160704, 2573158.686746988], [694188.391566265, 2573156.2870514286], [694198.391566265, 2573154.9678625246], [694208.391566265, 2573154.286648214], [694218.391566265, 2573153.2303283373], [694228.391566265, 2573151.437268849], [694238.391566265, 2573151.437268849], [694248.391566265, 2573154.918600465], [694252.6464088944, 2573158.686746988], [694252.6464088944, 2573168.686746988], [694252.6464088944, 2573178.686746988], [694252.6464088944, 2573188.686746988], [694252.6464088944, 2573198.686746988], [694248.391566265, 2573199.912940761], [694238.391566265, 2573205.5140501847], [694228.391566265, 2573206.197235011], [694222.979441887, 2573208.686746988], [694218.391566265, 2573209.296586099], [694208.3915662651, 2573210.0703246724], [694198.391566265, 2573210.6844388456], [694188.391566265, 2573210.9064060533], [694178.391566265, 2573211.1543599875], [694168.391566265, 2573210.0678742034], [694159.7726934802, 2573218.686746988], [694158.391566265, 2573219.994196298], [694152.1480419177, 2573228.686746988], [694148.391566265, 2573233.4115878437], [694144.8056450608, 2573238.686746988], [694144.4650588621, 2573248.686746988], [694141.0797028653, 2573258.686746988], [694142.6251670353, 2573268.686746988], [694143.0600414651, 2573278.686746988], [694144.3514506832, 2573288.686746988], [694145.898603783, 2573298.6867469884], [694146.734909433, 2573308.686746988], [694148.391566265, 2573310.6639446383], [694153.2026620375, 2573318.686746988], [694158.391566265, 2573327.911779455], [694158.9255158494, 2573328.686746988], [694166.6090082317, 2573338.686746988], [694168.391566265, 2573341.9054320795], [694171.5842422675, 2573348.686746988], [694176.5581524619, 2573358.6867469884], [694178.391566265, 2573365.9521786454], [694179.0096649552, 2573368.686746988], [694181.2854771802, 2573378.686746988], [694179.1358363375, 2573388.686746988], [694178.5234551749, 2573398.686746988], [694178.391566265, 2573399.0278750807], [694175.080067321, 2573408.686746988], [694172.1547356125, 2573418.686746988], [694169.1580714508, 2573428.686746988], [694168.391566265, 2573429.7888728296], [694162.4093468881, 2573438.686746988], [694158.391566265, 2573444.6560734077], [694154.084810924, 2573448.686746988], [694148.3915662651, 2573453.8364090067], [694138.3915662649, 2573458.43447984], [694137.6989074355, 2573458.686746988], [694128.391566265, 2573460.8711109906], [694118.391566265, 2573466.937819254], [694113.9764052667, 2573468.686746988], [694108.391566265, 2573470.2999250446], [694099.3863125141, 2573478.686746988], [694098.391566265, 2573479.594964918], [694089.5735559631, 2573488.686746988], [694088.391566265, 2573489.977644572], [694080.2105845945, 2573498.686746988], [694078.3915662649, 2573507.831314136], [694078.0220003224, 2573508.686746988], [694078.391566265, 2573510.27132606], [694078.9828226496, 2573518.686746988], [694079.5735559631, 2573528.686746988], [694081.7909258718, 2573538.686746988], [694088.0220003224, 2573548.686746988], [694078.391566265, 2573556.4958830276], [694076.2007023047, 2573558.686746988], [694068.391566265, 2573562.201710237], [694058.391566265, 2573568.594296975], [694058.3416848555, 2573568.6368655786]]}}, {"type": "Feature", "properties": {"level": 3.0, "label": "3 h"}, "geometry": {"type": "LineString", "coordinates": [[697378.8734952671, 2572469.16867599], [697378.391566265, 2572469.4566646367], [697368.391566265, 2572472.1162799816], [697364.4061947518, 2572478.686746988], [697359.8676061009, 2572488.686746988], [697359.3784349828, 2572498.686746988], [697359.2098902481, 2572508.686746988], [697358.3915662651, 2572509.927798044], [697355.325460628, 2572518.686746988], [697354.2162023307, 2572528.6867469884], [697350.8780382904, 2572538.686746988], [697349.1812948139, 2572548.686746988], [697348.391566265, 2572549.8106789794], [697345.4025764776, 2572558.686746988], [697338.3915662649, 2572568.2245361027], [697338.0058850788, 2572568.686746988], [697332.3016513617, 2572578.686746988], [697328.3915662649, 2572587.758399884], [697327.9359216237, 2572588.686746988], [697325.2192053483, 2572598.686746988], [697325.2192053483, 2572608.686746988], [697324.5555718794, 2572618.686746988], [697321.1960125789, 2572628.686746988], [697318.391566265, 2572637.758399884], [697318.0064040123, 2572638.686746988], [697316.0475172292, 2572648.686746988], [697315.249455432, 2572658.686746988], [697308.6373595141, 2572668.686746988], [697308.391566265, 2572670.5219178023], [697307.1931481955, 2572678.686746988], [697298.7588732396, 2572688.686746988], [697298.391566265, 2572689.701856005], [697295.7077794729, 2572698.686746988], [697295.7077794729, 2572708.6867469884], [697298.391566265, 2572715.8395218286], [697300.1677011078, 2572718.686746988], [697308.391566265, 2572723.5638560066], [697313.2318268726, 2572728.686746988], [697318.391566265, 2572737.4589935457], [697319.3485498027, 2572738.686746988], [697328.391566265, 2572748.084830257], [697328.9486894038, 2572748.686746988], [697329.6507934567, 2572758.686746988], [697331.8534408931, 2572768.686746988], [697336.7720071247, 2572778.686746988], [697338.391566265, 2572784.530338688], [697348.391566265, 2572787.153758527], [697351.7434580111, 2572788.686746988], [697358.391566265, 2572794.1420507645], [697368.3915662651, 2572797.1537585272], [697368.9091064655, 2572798.686746988], [697369.7699438739, 2572808.686746988], [697369.8338517133, 2572818.686746988], [697369.4491304564, 2572828.686746988], [697368.8583216354, 2572838.686746988], [697368.391566265, 2572839.6510541094], [697358.3915662651, 2572841.0245040315], [697348.391566265, 2572841.2866185587], [697338.6536202783, 2572848.686746988], [697338.391566265, 2572848.918728256], [697328.6235475333, 2572858.686746988], [697328.391566265, 2572859.1448646877], [697320.3829712673, 2572868.686746988], [697318.391566265, 2572871.6393876513], [697315.9184059773, 2572878.686746988], [697308.391566265, 2572887.039003996], [697306.866375659, 2572888.686746988], [697305.1470444422, 2572898.686746988], [697298.391566265, 2572908.117905243], [697298.1081105637, 2572908.686746988], [697296.4119257658, 2572918.686746988], [697295.9194416709, 2572928.686746988], [697289.1842825057, 2572938.686746988], [697288.391566265, 2572941.203514555], [697286.674736776, 2572948.686746988], [697285.9194416709, 2572958.686746988], [697285.1774439862, 2572968.6867469884], [697286.7475058348, 2572978.686746988], [697288.0643819546, 2572988.686746988], [697288.391566265, 2572990.865623041], [697290.9083338318, 2572998.686746988], [697298.391566265, 2573007.229830888], [697304.8456316623, 2573008.6867469884], [697308.3915662649, 2573010.865623041], [697311.0379340271, 2573018.686746988], [697308.391566265, 2573023.97950144], [697298.391566265, 2573027.7118581203], [697297.4648703194, 2573028.6867469884], [697289.4650772484, 2573038.686746988], [697288.391566265, 2573040.229941378], [697281.0379340271, 2573048.686746988], [697278.391566265, 2573053.97950144], [697275.8273657952, 2573058.686746988], [697268.3915662651, 2573063.9460250274], [697263.1360266976, 2573068.686746988], [697258.391566265, 2573073.4312074203], [697252.9160366256, 2573078.686746988], [697248.391566265, 2573085.6384972986], [697245.9296328198, 2573088.6867469884], [697238.391566265, 2573096.224813543], [697236.3828585347, 2573098.686746988], [697228.391566265, 2573106.6780392574], [697226.7182776744, 2573108.686746988], [697218.391566265, 2573117.0134583972], [697217.0579818906, 2573118.6867469875], [697208.391566265, 2573127.8427501074], [697207.5475693844, 2573128.686746988], [697198.391566265, 2573138.3310301616], [697197.9513089473, 2573138.686746988], [697192.0603372676, 2573148.686746988], [697190.2383785588, 2573158.686746988], [697190.3608769847, 2573168.686746988], [697192.0603372676, 2573178.686746988], [697192.9949541054, 2573188.686746988], [697193.2536234696, 2573198.686746988], [697194.4841064047, 2573208.686746988], [697197.0641247011, 2573218.686746988], [697198.2308653388, 2573228.686746988], [697198.391566265, 2573229.79147332], [697200.4015991164, 2573238.686746988], [697204.0857842308, 2573248.686746988], [697205.6897774028, 2573258.6867469884], [697208.252782819, 2573268.6867469875], [697208.391566265, 2573269.0546086067], [697211.0930984517, 2573278.686746988], [697213.4189182827, 2573288.686746988], [697211.7567824797, 2573298.686746988], [697213.062099687, 2573308.686746988], [697214.5649987976, 2573318.686746988], [697217.6780657029, 2573328.686746988], [697218.391566265, 2573332.090959636], [697219.5337687411, 2573338.686746988], [697225.2528383624, 2573348.686746988], [697228.391566265, 2573356.1394078825], [697229.8021503405, 2573358.686746988], [697232.1829268994, 2573368.686746988], [697236.4050184147, 2573378.686746988], [697237.9088137738, 2573388.686746988], [697238.391566265, 2573396.1759922835], [697238.8110417824, 2573398.686746988], [697238.8338319586, 2573408.686746988], [697239.3656015996, 2573418.686746988], [697244.6469229646, 2573428.686746988], [697248.391566265, 2573435.3641006723], [697248.8341444187, 2573438.686746988], [697250.1825236034, 2573448.686746988], [697248.9333763293, 2573458.686746988], [697248.3915662649, 2573464.5107428506], [697238.3915662649, 2573464.5107428506], [697237.885924366, 2573468.686746988], [697230.827284494, 2573478.686746988], [697228.391566265, 2573483.0234963493], [697225.1361798095, 2573488.686746988], [697218.7293070212, 2573498.686746988], [697218.391566265, 2573499.2327505164], [697212.9903296633, 2573508.686746988], [697209.678115475, 2573518.686746988], [697208.3915662649, 2573527.0179563016], [697207.9693293243, 2573528.686746988], [697201.5428452967, 2573538.686746988], [697198.6441624888, 2573548.686746988], [697198.391566265, 2573551.044842226], [697196.3659489404, 2573558.686746988], [697189.8080155383, 2573568.686746988], [697188.391566265, 2573575.826105899], [697187.3031560858, 2573578.686746988], [697179.724783738, 2573588.686746988], [697178.391566265, 2573592.394997191], [697172.7581202725, 2573598.686746988], [697168.391566265, 2573600.718950215], [697158.391566265, 2573600.86461753], [697150.3106422353, 2573598.686746988], [697148.391566265, 2573594.9767530044], [697147.6430228583, 2573588.686746988], [697147.6261355295, 2573578.686746988], [697147.4139300886, 2573568.686746988], [697145.195728249, 2573558.686746988], [697142.7162222771, 2573548.6867469884], [697139.5129732547, 2573538.6867469884], [697138.391566265, 2573533.9704838474], [697137.447296357, 2573528.686746988], [697136.9960537367, 2573518.686746988], [697136.9960537367, 2573508.686746988], [697137.4138010062, 2573498.686746988], [697136.5259625431, 2573488.686746988], [697136.0816483251, 2573478.686746988], [697136.8610153603, 2573468.686746988], [697137.9251950979, 2573458.686746988], [697138.391566265, 2573455.670740775], [697138.9437648177, 2573448.686746988], [697138.8110902777, 2573438.686746988], [697138.391566265, 2573437.0382572715], [697134.706187242, 2573428.686746988], [697130.3217971999, 2573418.686746988], [697128.391566265, 2573410.263313502], [697127.6629484287, 2573408.686746988], [697122.0714035431, 2573398.6867469875], [697118.391566265, 2573389.7638056013], [697117.7562946028, 2573388.686746988], [697111.4562663035, 2573378.686746988], [697108.3915662649, 2573371.025561671], [697106.8383752306, 2573368.686746988], [697102.7995072755, 2573358.686746988], [697100.7466040399, 2573348.686746988], [697098.6680921738, 2573338.686746988], [697098.391566265, 2573336.8644132456], [697096.5263277987, 2573328.686746988], [697093.6153818353, 2573318.686746988], [697088.8285442559, 2573308.686746988], [697088.391566265, 2573307.259069563], [697084.4276419216, 2573298.686746988], [697082.2259561622, 2573288.686746988], [697087.3098496891, 2573278.686746988], [697088.3915662651, 2573272.441422987], [697089.1816998585, 2573268.686746988], [697091.102604562, 2573258.686746988], [697094.9491932777, 2573248.686746988], [697098.391566265, 2573241.086406656], [697099.6315493444, 2573238.686746988], [697108.3915662649, 2573228.9240274923], [697108.6288467692, 2573228.686746988], [697113.8047229984, 2573218.686746988], [697115.4199768102, 2573208.686746988], [697113.8047229984, 2573198.686746988], [697112.6434875617, 2573188.6867469875], [697109.3118674617, 2573178.6867469875], [697108.391566265, 2573175.1466940837], [697106.0733711467, 2573168.686746988], [697099.3113369751, 2573158.686746988], [697098.391566265, 2573157.6838918943], [697091.2923877022, 2573148.686746988], [697088.391566265, 2573145.0840949486], [697078.391566265, 2573140.693791035], [697074.6272184509, 2573138.686746988], [697068.391566265, 2573134.9521145006], [697058.391566265, 2573129.302322194], [697057.7035377698, 2573128.686746988], [697048.391566265, 2573120.827618053], [697046.1775445861, 2573118.686746988], [697038.391566265, 2573110.966243831], [697032.0847428862, 2573108.686746988], [697028.3915662649, 2573106.1178769027], [697018.391566265, 2573098.9485474206], [697017.8539140407, 2573098.686746988], [697008.391566265, 2573093.584621847], [696998.391566265, 2573090.7518637413], [696988.391566265, 2573090.211080604], [696978.391566265, 2573090.309952366], [696968.391566265, 2573091.1683356455], [696958.3915662651, 2573097.355928192], [696956.5463242786, 2573098.6867469875], [696949.8951863055, 2573108.686746988], [696948.391566265, 2573109.0271903775], [696938.7320096544, 2573118.686746988], [696938.391566265, 2573118.7969957483], [696928.3915662651, 2573119.286378457], [696918.391566265, 2573119.3352917456], [696908.391566265, 2573119.276209545], [696898.391566265, 2573120.357786089], [696888.3915662651, 2573120.8354212195], [696878.391566265, 2573123.2174810255], [696868.391566265, 2573123.7688219994], [696858.391566265, 2573122.66231202], [696848.391566265, 2573122.73594192], [696838.391566265, 2573122.443443857], [696828.391566265, 2573122.0430308636], [696818.391566265, 2573122.0430308636], [696808.391566265, 2573122.377117833], [696798.391566265, 2573123.1722682305], [696788.391566265, 2573123.4534353], [696778.391566265, 2573121.236956883], [696768.7264936556, 2573118.6867469884], [696768.391566265, 2573118.547419262], [696758.391566265, 2573116.8751641694], [696748.391566265, 2573115.007154247], [696738.391566265, 2573112.343203658], [696728.6090756926, 2573108.686746988], [696728.391566265, 2573108.5696502514], [696718.391566265, 2573108.559526336], [696708.391566265, 2573108.535344562], [696698.391566265, 2573108.505110356], [696688.391566265, 2573108.4786111657], [696678.391566265, 2573108.4743646365], [696668.3915662649, 2573108.502769522], [696666.6888356331, 2573108.6867469884], [696658.391566265, 2573109.2810088005], [696648.391566265, 2573112.8592011724], [696638.5037959014, 2573118.686746988], [696638.391566265, 2573118.732928547], [696628.3915662651, 2573128.4680810613], [696628.1920897648, 2573128.686746988], [696618.4377478241, 2573138.686746988], [696618.391566265, 2573138.7509057308], [696609.1978254889, 2573148.686746988], [696608.3915662651, 2573149.8665794297], [696602.4171160716, 2573158.686746988], [696598.7404980796, 2573168.686746988], [696598.391566265, 2573171.202008796], [696596.1801709179, 2573178.686746988], [696592.8532965251, 2573188.686746988], [696596.1853413426, 2573198.6867469884], [696598.391566265, 2573205.86207656], [696599.304482305, 2573208.686746988], [696600.1101366994, 2573218.6867469884], [696600.1101366994, 2573228.686746988], [696598.391566265, 2573235.988057724], [696597.5569887728, 2573238.6867469875], [696596.3645718135, 2573248.686746988], [696594.1958217216, 2573258.6867469875], [696591.9073889635, 2573268.686746988], [696589.3629487385, 2573278.686746988], [696588.391566265, 2573281.5985038145], [696584.5695125029, 2573288.686746988], [696581.2011290862, 2573298.686746988], [696578.391566265, 2573303.1632497055], [696570.562088038, 2573308.686746988], [696568.391566265, 2573310.5406938703], [696558.3915662649, 2573314.234483484], [696548.391566265, 2573316.9267317704], [696538.391566265, 2573317.9706709487], [696528.391566265, 2573317.114969434], [696518.391566265, 2573313.6002388345], [696510.3242066787, 2573308.686746988], [696508.3915662651, 2573307.463906582], [696499.614406671, 2573298.686746988], [696498.391566265, 2573297.189792167], [696491.024295095, 2573288.686746988], [696489.1884836678, 2573278.6867469875], [696488.391566265, 2573276.754106574], [696486.1790436659, 2573268.686746988], [696481.7888552044, 2573258.686746988], [696479.5230122693, 2573248.686746988], [696478.391566265, 2573245.414961923], [696476.6382998985, 2573238.686746988], [696474.731159065, 2573228.686746988], [696471.7569281693, 2573218.6867469884], [696472.0533534685, 2573208.6867469875], [696476.0926493802, 2573198.686746988], [696478.391566265, 2573192.7595083048], [696480.7193241215, 2573188.686746988], [696485.0126193318, 2573178.686746988], [696487.4586531532, 2573168.686746988], [696487.5849939713, 2573158.686746988], [696487.5375414948, 2573148.686746988], [696483.3057898283, 2573138.686746988], [696478.391566265, 2573129.167649926], [696478.1942609043, 2573128.686746988], [696473.3057898283, 2573118.686746988], [696468.391566265, 2573109.602554337], [696467.9328671097, 2573108.686746988], [696461.2769236575, 2573098.686746988], [696458.391566265, 2573095.5673308684], [696452.1503439527, 2573088.686746988], [696448.391566265, 2573084.651458244], [696442.4268550088, 2573078.6867469875], [696438.391566265, 2573074.9279693007], [696428.392381928, 2573068.686746988], [696428.391566265, 2573068.686407069], [696418.3915662651, 2573061.1379992412], [696414.6279702774, 2573058.686746988], [696408.391566265, 2573054.5936603714], [696398.391566265, 2573050.6613167524], [696394.4976606213, 2573048.686746988], [696388.391566265, 2573045.0752057782], [696378.391566265, 2573040.920979128], [696374.1881278695, 2573038.686746988], [696368.3915662649, 2573035.520477663], [696358.391566265, 2573033.33336857], [696348.391566265, 2573031.0701134], [696338.391566265, 2573031.717947326], [696328.391566265, 2573034.769770251], [696318.391566265, 2573036.910812704], [696314.6746451312, 2573038.686746988], [696308.391566265, 2573042.2237952636], [696298.391566265, 2573047.9206299223], [696297.2745755324, 2573048.686746988], [696288.3915662649, 2573054.816773256], [696278.56405968, 2573058.686746988], [696278.391566265, 2573058.7721465067], [696268.391566265, 2573063.229834947], [696258.391566265, 2573063.225288731], [696248.391566265, 2573062.0272736894], [696240.2114065322, 2573058.686746988], [696238.391566265, 2573057.7193567976], [696228.3915662649, 2573054.561472755], [696218.391566265, 2573052.3396350862], [696211.0388790879, 2573048.686746988], [696208.391566265, 2573046.0828228616], [696204.9867151605, 2573038.686746988], [696199.6190506384, 2573028.6867469884], [696198.391566265, 2573026.924597378], [696196.1274729497, 2573018.686746988], [696188.391566265, 2573010.882847286], [696186.6247792961, 2573008.686746988], [696178.6788540914, 2572998.686746988], [696178.391566265, 2572998.2762318365], [696172.41249706, 2572988.686746988], [696168.391566265, 2572984.566601322], [696162.5117119313, 2572978.6867469884], [696158.391566265, 2572974.665816193], [696152.4124970599, 2572968.686746988], [696148.3915662651, 2572965.5142675005], [696138.391566265, 2572959.599054338], [696137.343594602, 2572958.686746988], [696128.81912953, 2572948.686746988], [696128.391566265, 2572948.259183723], [696118.81912953, 2572938.686746988], [696118.391566265, 2572938.4878069637], [696108.391566265, 2572931.2534552994], [696104.523938841, 2572928.686746988], [696098.391566265, 2572921.641746867], [696094.3066907281, 2572918.686746988], [696088.391566265, 2572912.598684517], [696078.391566265, 2572910.2275187178], [696075.8866090147, 2572908.686746988], [696070.9758005245, 2572898.686746988], [696068.391566265, 2572895.115228558], [696058.3915662651, 2572894.2756818626], [696048.3915662649, 2572893.914548998], [696043.1637642552, 2572888.6867469875], [696038.391566265, 2572884.2756818626], [696029.5145568768, 2572878.6867469884], [696028.3915662649, 2572877.838406567], [696018.391566265, 2572873.1453849934], [696014.595924712, 2572868.686746988], [696008.391566265, 2572862.8100471706], [696003.7876956189, 2572858.686746988], [695998.391566265, 2572854.2406946877], [695991.099248389, 2572848.6867469875], [695988.391566265, 2572847.0830966854], [695978.391566265, 2572845.0828115526], [695968.391566265, 2572844.258587616], [695958.391566265, 2572842.486202752], [695948.3915662651, 2572845.4680230226], [695938.391566265, 2572848.3223360805], [695932.7743608693, 2572848.686746988], [695928.391566265, 2572849.5268084556], [695918.391566265, 2572852.9482743656], [695908.391566265, 2572850.0355896624], [695898.391566265, 2572848.686746988], [695888.391566265, 2572848.686746988], [695878.391566265, 2572848.686746988], [695868.391566265, 2572848.686746988], [695858.391566265, 2572858.686746988], [695858.391566265, 2572858.686746988], [695848.391566265, 2572858.686746988], [695838.391566265, 2572858.686746988], [695828.391566265, 2572858.686746988], [695818.391566265, 2572858.686746988], [695808.391566265, 2572868.686746988], [695808.391566265, 2572868.686746988], [695798.391566265, 2572868.686746988], [695788.391566265, 2572878.686746988], [695788.391566265, 2572878.686746988], [695778.391566265, 2572878.686746988], [695768.391566265, 2572878.686746988], [695758.391566265, 2572888.686746988], [695758.391566265, 2572888.686746988], [695748.391566265, 2572888.686746988], [695738.391566265, 2572888.686746988], [695728.391566265, 2572888.686746988], [695718.391566265, 2572888.686746988], [695708.391566265, 2572898.686746988], [695708.391566265, 2572898.686746988], [695698.391566265, 2572898.686746988], [695688.391566265, 2572908.686746988], [695688.391566265, 2572908.686746988], [695678.391566265, 2572908.686746988], [695668.3915662651, 2572914.709110672], [695658.3915662651, 2572916.8439196157], [695648.3915662649, 2572916.531813613], [695638.391566265, 2572915.3461162006], [695629.6407725667, 2572908.686746988], [695628.391566265, 2572907.984608511], [695618.391566265, 2572906.9525133288], [695608.391566265, 2572905.4002274466], [695599.2811862831, 2572898.686746988], [695598.391566265, 2572898.1601373693], [695588.391566265, 2572896.315036052], [695578.391566265, 2572894.4344553133], [695569.6970834794, 2572888.686746988], [695568.391566265, 2572888.178719962], [695563.6223606891, 2572888.6867469875], [695558.391566265, 2572889.913541164], [695548.391566265, 2572889.7126810574], [695538.391566265, 2572889.7126810574], [695528.3915662651, 2572891.010727857], [695519.8705740091, 2572898.686746988], [695518.391566265, 2572899.6837091027], [695508.391566265, 2572901.911145548], [695500.5350285401, 2572908.686746988], [695498.391566265, 2572910.830209263], [695491.3413959026, 2572918.686746988], [695489.1838593144, 2572928.6867469884], [695488.391566265, 2572930.1519447817], [695481.615964825, 2572938.686746988], [695480.3523994578, 2572948.686746988], [695481.0839654275, 2572958.686746988], [695484.1354062426, 2572968.686746988], [695488.391566265, 2572974.1857691733], [695490.5754773146, 2572978.686746988], [695498.391566265, 2572987.771074503], [695499.1838593144, 2572988.686746988], [695504.6921925982, 2572998.686746988], [695508.391566265, 2573002.94290701], [695518.3296770436, 2573008.686746988], [695518.3915662649, 2573008.725937936], [695528.391566265, 2573014.290155381], [695538.391566265, 2573015.9943478256], [695548.391566265, 2573014.979103836], [695558.391566265, 2573012.100975637], [695568.391566265, 2573009.9869966316], [695571.5619727203, 2573008.6867469875], [695578.391566265, 2573006.331868321], [695588.391566265, 2573004.0194028416], [695598.391566265, 2573000.253359491], [695601.1082700107, 2572998.686746988], [695608.391566265, 2572994.0206690216], [695618.391566265, 2572992.653148378], [695628.3915662651, 2572992.3500385312], [695638.3915662649, 2572992.4640456205], [695648.391566265, 2572995.642648802], [695651.526562616, 2572998.686746988], [695658.391566265, 2573002.0778105636], [695668.391566265, 2573007.2408242323], [695669.735124429, 2573008.686746988], [695678.391566265, 2573013.960162894], [695683.0459423941, 2573018.686746988], [695688.391566265, 2573025.5936958827], [695690.780406977, 2573028.686746988], [695696.0967573277, 2573038.686746988], [695698.391566265, 2573042.097402899], [695703.7511065044, 2573048.6867469884], [695707.9373733649, 2573058.6867469875], [695708.391566265, 2573059.9438872538], [695712.6467233789, 2573068.686746988], [695717.6970553126, 2573078.6867469884], [695718.391566265, 2573082.0701271133], [695720.1153569438, 2573088.686746988], [695723.9533317953, 2573098.686746988], [695727.3805404665, 2573108.686746988], [695728.391566265, 2573110.471019271], [695731.8216064587, 2573118.686746988], [695733.9533317953, 2573128.686746988], [695736.3228498237, 2573138.686746988], [695737.3805404666, 2573148.686746988], [695738.391566265, 2573154.2053462113], [695739.3548169956, 2573158.686746988], [695743.3878940714, 2573168.686746988], [695745.5353872988, 2573178.6867469884], [695746.927238203, 2573188.686746988], [695743.5915044337, 2573198.6867469884], [695738.391566265, 2573207.071680109], [695736.9641474178, 2573208.686746988], [695728.9021458419, 2573218.686746988], [695728.391566265, 2573219.206269307], [695721.1159189628, 2573228.686746988], [695718.391566265, 2573232.548576887], [695712.9200159591, 2573238.686746988], [695710.0933726736, 2573248.686746988], [695708.391566265, 2573250.5367168984], [695698.391566265, 2573257.06967812], [695696.8455921359, 2573258.686746988], [695688.3915662651, 2573264.239691998], [695684.3630943435, 2573268.6867469884], [695678.391566265, 2573277.3519289372], [695676.1175031506, 2573278.686746988], [695668.391566265, 2573281.2746195137], [695658.391566265, 2573282.4374420247], [695650.2227572247, 2573278.686746988], [695648.391566265, 2573276.4126838734], [695643.6377201879, 2573268.686746988], [695638.391566265, 2573262.189713903], [695634.8885993506, 2573258.686746988], [695628.391566265, 2573251.2356339246], [695622.7726331836, 2573248.6867469875], [695618.391566265, 2573245.377090579], [695610.5734045024, 2573238.686746988], [695608.3915662649, 2573236.5049087508], [695598.391566265, 2573229.4386245944], [695596.9759329774, 2573228.686746988], [695588.391566265, 2573222.353577774], [695578.391566265, 2573219.367962101], [695577.5881070831, 2573218.686746988], [695568.391566265, 2573210.158366299], [695558.391566265, 2573209.2195277256], [695548.391566265, 2573211.050550117], [695538.391566265, 2573211.050550117], [695528.391566265, 2573209.9484099755], [695526.4077672946, 2573208.686746988], [695518.391566265, 2573201.971980562], [695515.2679702659, 2573198.686746988], [695517.2126361589, 2573188.686746988], [695518.391566265, 2573182.4737130874], [695519.6572466459, 2573178.686746988], [695518.3915662649, 2573174.81074603], [695517.2512531922, 2573168.686746988], [695516.1692034754, 2573158.686746988], [695513.4289465448, 2573148.686746988], [695508.391566265, 2573141.4501519855], [695507.1597791921, 2573138.686746988], [695501.6694916934, 2573128.686746988], [695498.391566265, 2573121.229324832], [695497.1938434422, 2573118.686746988], [695494.1496147119, 2573108.686746988], [695490.6271793066, 2573098.686746988], [695488.391566265, 2573093.7134595606], [695485.5137889326, 2573088.686746988], [695481.4766004654, 2573078.686746988], [695478.391566265, 2573073.32380775], [695473.7545055032, 2573068.686746988], [695468.391566265, 2573063.4731618473], [695458.391566265, 2573063.0517877503], [695452.5311070308, 2573068.686746988], [695448.391566265, 2573071.687954886], [695438.391566265, 2573077.718702868], [695435.1222311121, 2573078.686746988], [695428.391566265, 2573080.158287596], [695418.391566265, 2573082.2839919925], [695408.391566265, 2573086.6527652815], [695398.3915662651, 2573086.5998705216], [695388.391566265, 2573083.630989019], [695378.391566265, 2573082.0131821837], [695368.391566265, 2573079.389647914], [695358.391566265, 2573079.389647914], [695348.3915662651, 2573079.763217546], [695341.7180014609, 2573088.686746988], [695338.4489913123, 2573098.686746988], [695338.391566265, 2573098.8325141342], [695333.335808296, 2573108.686746988], [695328.391566265, 2573116.2943867436], [695325.122231112, 2573118.686746988], [695318.391566265, 2573121.453677703], [695308.391566265, 2573125.8352021184], [695298.391566265, 2573119.0195126184], [695298.08391617, 2573118.686746988], [695288.391566265, 2573108.724130372], [695288.3541828807, 2573108.686746988], [695278.391566265, 2573099.7170686265], [695277.1431197596, 2573098.686746988], [695268.391566265, 2573093.270576074], [695258.391566265, 2573089.7170686265], [695255.7721479454, 2573088.686746988], [695248.391566265, 2573085.3138398463], [695238.391566265, 2573082.506134597], [695228.391566265, 2573080.2363816765], [695218.391566265, 2573079.17590982], [695215.7631614254, 2573078.686746988], [695208.391566265, 2573076.6547613908], [695198.391566265, 2573073.4867110704], [695188.391566265, 2573071.4084201343], [695178.391566265, 2573070.9201601115], [695168.391566265, 2573070.9201601115], [695158.3915662649, 2573070.9201601115], [695148.391566265, 2573070.9201601115], [695138.391566265, 2573071.6607911056], [695128.391566265, 2573071.8489416903], [695118.391566265, 2573072.354307265], [695108.391566265, 2573076.414050017], [695103.3576046308, 2573078.686746988], [695098.391566265, 2573080.3676396627], [695088.391566265, 2573083.287029284], [695078.391566265, 2573084.471953671], [695068.391566265, 2573086.008238466], [695058.391566265, 2573087.273243433], [695048.391566265, 2573087.7930137143], [695044.7225869359, 2573088.686746988], [695038.391566265, 2573090.0262993006], [695028.391566265, 2573091.2887511444], [695018.391566265, 2573093.656295858], [695008.3915662649, 2573097.023209624], [695006.0265194081, 2573098.686746988], [694998.391566265, 2573106.321700131], [694996.026519408, 2573108.686746988], [694988.3915662649, 2573116.3217001306], [694986.026519408, 2573118.6867469875], [694980.4851131941, 2573128.686746988], [694978.391566265, 2573131.1694473936], [694968.391566265, 2573131.6189859244], [694961.5761103232, 2573128.686746988], [694958.391566265, 2573127.165876598], [694948.3915662649, 2573125.3295269613], [694938.391566265, 2573124.5256487457], [694932.5526645074, 2573118.686746988], [694928.391566265, 2573114.6138478136], [694922.4644654398, 2573108.686746988], [694918.391566265, 2573104.5256487457], [694914.1159669767, 2573098.686746988], [694908.391566265, 2573093.0517022377], [694902.4644654398, 2573088.686746988], [694898.391566265, 2573084.778199028], [694888.6132561407, 2573078.686746988], [694888.391566265, 2573078.5878786435], [694878.391566265, 2573072.8893189877], [694872.722305835, 2573068.6867469884], [694868.3915662649, 2573066.1701793335], [694858.5089925372, 2573058.686746988], [694858.3915662651, 2573058.6153431945], [694848.391566265, 2573053.986170942], [694838.5951574189, 2573048.686746988], [694838.391566265, 2573048.620709167], [694828.3915662651, 2573047.3281489694], [694818.391566265, 2573047.3281489694], [694808.391566265, 2573046.1998507013], [694798.391566265, 2573040.062123841], [694793.6797209682, 2573038.686746988], [694788.391566265, 2573036.2592649483], [694778.391566265, 2573032.100655798], [694769.150250609, 2573028.686746988], [694768.391566265, 2573028.331636481], [694758.391566265, 2573026.0866564587], [694748.391566265, 2573025.78252246], [694738.8648948189, 2573018.686746988], [694738.391566265, 2573018.2525347583], [694728.391566265, 2573012.4801413873], [694725.118465692, 2573008.686746988], [694722.4260288865, 2572998.686746988], [694721.295790793, 2572988.686746988], [694727.744000953, 2572978.686746988], [694728.391566265, 2572978.1531796535], [694736.3732103336, 2572968.686746988], [694738.391566265, 2572966.708677044], [694747.8705832557, 2572958.686746988], [694748.391566265, 2572958.2030038503], [694758.391566265, 2572949.041857495], [694758.77786228, 2572948.686746988], [694768.391566265, 2572945.4622214865], [694776.1445596619, 2572938.686746988], [694778.391566265, 2572936.719539702], [694787.1388517238, 2572928.686746988], [694788.3915662649, 2572927.629376218], [694798.391566265, 2572925.803694511], [694808.391566265, 2572925.803694511], [694818.391566265, 2572927.1857759375], [694820.0575787731, 2572928.686746988], [694828.391566265, 2572936.303310053], [694838.391566265, 2572938.220700407], [694839.0599842764, 2572938.686746988], [694848.391566265, 2572946.042271085], [694858.3915662649, 2572948.090723603], [694860.4356435864, 2572948.686746988], [694868.391566265, 2572953.387323034], [694878.3915662651, 2572956.455294571], [694888.0037953537, 2572958.686746988], [694888.391566265, 2572958.890338142], [694898.391566265, 2572965.3838879494], [694908.391566265, 2572966.5326862643], [694916.2016656857, 2572968.686746988], [694918.391566265, 2572969.948902922], [694928.391566265, 2572973.394045303], [694938.391566265, 2572976.060318411], [694945.7664457605, 2572978.686746988], [694948.3915662649, 2572979.1359072933], [694953.900790598, 2572978.686746988], [694958.391566265, 2572977.9842233886], [694968.391566265, 2572977.8838630803], [694978.3915662649, 2572977.715341845], [694988.391566265, 2572976.744806786], [694998.3915662649, 2572976.487585527], [695008.391566265, 2572976.3509260584], [695018.391566265, 2572975.912011153], [695028.391566265, 2572974.257567752], [695038.391566265, 2572972.3753102543], [695048.391566265, 2572970.7983759586], [695058.391566265, 2572970.5304987202], [695068.391566265, 2572968.686746988], [695068.391566265, 2572968.686746988], [695078.391566265, 2572963.8787504844], [695088.391566265, 2572958.686746988], [695088.391566265, 2572958.686746988], [695098.391566265, 2572948.686746988], [695098.391566265, 2572948.686746988], [695108.391566265, 2572938.686746988], [695108.391566265, 2572938.686746988], [695118.391566265, 2572928.686746988], [695118.391566265, 2572928.686746988], [695128.1134961921, 2572918.686746988], [695128.391566265, 2572918.408676915], [695138.1134961921, 2572908.686746988], [695138.391566265, 2572905.845815274], [695143.2138808689, 2572898.686746988], [695148.391566265, 2572893.5090615917], [695153.2138808687, 2572888.686746988], [695158.3915662651, 2572882.9945753827], [695165.1103521928, 2572878.686746988], [695168.391566265, 2572868.686746988], [695168.391566265, 2572868.686746988], [695178.391566265, 2572864.098570302], [695182.9688134561, 2572858.686746988], [695188.391566265, 2572853.5090615917], [695190.8978389163, 2572848.686746988], [695198.1853851667, 2572838.686746988], [695198.391566265, 2572837.1251361324], [695198.9735285292, 2572828.686746988], [695201.6865331008, 2572818.686746988], [695202.9189913553, 2572808.6867469875], [695202.9120601679, 2572798.686746988], [695201.3056517353, 2572788.686746988], [695198.7631819872, 2572778.686746988], [695198.391566265, 2572778.171484089], [695190.721442514, 2572768.686746988], [695189.0039714894, 2572758.686746988], [695188.391566265, 2572757.5847674217], [695182.6772472968, 2572748.686746988], [695180.4890238442, 2572738.686746988], [695178.3915662649, 2572736.377724028], [695172.0957419857, 2572728.6867469875], [695169.6651589047, 2572718.686746988], [695168.391566265, 2572717.3942415365], [695162.7948114064, 2572708.686746988], [695158.391566265, 2572704.06465682], [695153.7949004669, 2572698.686746988], [695149.0340623332, 2572688.686746988], [695148.391566265, 2572687.994736926], [695143.1331310669, 2572678.6867469884], [695138.391566265, 2572673.621505973], [695133.9292866495, 2572668.686746988], [695128.6873685404, 2572658.686746988], [695128.391566265, 2572658.3861151845], [695120.7394169697, 2572648.686746988], [695118.3915662651, 2572646.3388962834], [695110.7394169697, 2572638.686746988], [695108.3915662651, 2572636.1512622284], [695101.2070188279, 2572628.686746988], [695098.391566265, 2572625.5271909395], [695093.4268731517, 2572618.686746988], [695088.391566265, 2572612.964440791], [695084.432133897, 2572608.686746988], [695080.9671859153, 2572598.686746988], [695078.391566265, 2572594.937024427], [695074.0452372297, 2572588.686746988], [695070.533026342, 2572578.686746988], [695068.391566265, 2572575.7190802293], [695063.497217256, 2572568.686746988], [695058.7189103486, 2572558.686746988], [695058.391566265, 2572558.2654624106], [695052.760682818, 2572548.686746988], [695048.717451739, 2572538.686746988], [695048.391566265, 2572538.204548376], [695042.9509995829, 2572528.686746988], [695040.4908981298, 2572518.6867469884], [695038.3915662651, 2572515.5210783253], [695033.497217256, 2572508.686746988], [695031.686582933, 2572498.686746988], [695030.9441886509, 2572488.6867469875], [695029.9273954815, 2572478.686746988], [695028.4281162143, 2572468.686746988], [695028.391566265, 2572468.6474306304], [695019.7884689111, 2572458.686746988], [695018.5158136997, 2572448.6867469875], [695018.391566265, 2572448.5552322627], [695009.7409647019, 2572438.6867469884], [695008.8965399932, 2572428.686746988], [695008.3949411322, 2572418.686746988], [695008.391566265, 2572418.683372121], [694999.0392456667, 2572408.6867469875], [694998.4884146, 2572398.686746988], [694998.391566265, 2572398.3089117315], [694989.3498360654, 2572388.686746988], [694988.3917540354, 2572378.686746988], [694988.391566265, 2572378.686494925], [694978.391566265, 2572377.8124286504], [694968.391566265, 2572375.8700201847], [694958.6525289075, 2572368.6867469875], [694958.391566265, 2572368.5613340824], [694948.391566265, 2572367.961518537], [694938.3915662651, 2572367.5181076312], [694928.3915662649, 2572368.253869646], [694927.6894833423, 2572368.686746988], [694918.391566265, 2572377.011060183], [694916.7763125084, 2572378.686746988], [694908.391566265, 2572388.0128270886], [694907.9186635674, 2572388.686746988], [694907.1487561807, 2572398.686746988], [694907.8346036442, 2572408.686746988], [694907.8412847295, 2572418.686746988], [694908.3428131869, 2572428.686746988], [694908.3319504336, 2572438.6867469875], [694905.8638353217, 2572448.686746988], [694898.391566265, 2572456.159016045], [694894.640496318, 2572458.686746988], [694888.3915662649, 2572464.2273401227], [694882.754867212, 2572468.686746988], [694878.391566265, 2572470.8705998464], [694868.391566265, 2572476.900766136], [694864.3413301301, 2572478.686746988], [694858.391566265, 2572481.595971658], [694848.391566265, 2572485.7232250655], [694841.3894368795, 2572488.686746988], [694838.391566265, 2572490.061042951], [694828.391566265, 2572491.2859363104], [694821.2079061838, 2572488.686746988], [694818.391566265, 2572487.667749188], [694808.391566265, 2572481.595971658], [694804.3186101103, 2572478.686746988], [694798.391566265, 2572475.1953001185], [694788.391566265, 2572471.1932406146], [694784.4358557514, 2572468.686746988], [694778.391566265, 2572465.1953001185], [694768.3915662649, 2572464.550726384], [694758.391566265, 2572465.1953001185], [694749.8053057739, 2572468.686746988], [694748.391566265, 2572469.26409973], [694738.391566265, 2572472.565670113], [694728.391566265, 2572472.6822003215], [694718.3915662651, 2572475.5781048355], [694710.0380799136, 2572478.6867469884], [694708.391566265, 2572479.2575444477], [694698.391566265, 2572479.2575492235], [694688.391566265, 2572482.56558255], [694678.391566265, 2572482.565670113], [694668.391566265, 2572482.7597031426], [694659.8053057739, 2572488.686746988], [694658.391566265, 2572489.257544448], [694648.391566265, 2572492.565670113], [694639.7666368125, 2572498.686746988], [694638.391566265, 2572499.0468952283], [694628.391566265, 2572499.0346821747], [694627.0164957176, 2572498.686746988], [694618.391566265, 2572495.1065031732], [694608.391566265, 2572489.215645697], [694607.6634280233, 2572488.686746988], [694598.391566265, 2572479.871139113], [694596.5659472189, 2572478.686746988], [694588.391566265, 2572471.2111729947], [694586.7031166496, 2572468.686746988], [694578.391566265, 2572459.41488523], [694577.8276714063, 2572458.6867469884], [694572.2525222427, 2572448.6867469884], [694568.391566265, 2572442.452250864], [694566.3069514306, 2572438.686746988], [694562.1276879145, 2572428.686746988], [694558.391566265, 2572421.3645109404], [694557.5337164556, 2572418.686746988], [694556.156782687, 2572408.686746988], [694556.156782687, 2572398.686746988], [694556.156782687, 2572388.686746988], [694557.8848936942, 2572378.686746988], [694558.391566265, 2572376.73917832], [694561.3802506989, 2572368.686746988], [694563.3348589942, 2572358.686746988], [694564.3430718798, 2572348.686746988], [694564.8214375641, 2572338.686746988], [694566.2405766813, 2572328.686746988], [694566.8122441678, 2572318.6867469875], [694567.6839178998, 2572308.686746988], [694568.391566265, 2572305.4686653055], [694570.9011474457, 2572298.686746988], [694573.5461665808, 2572288.686746988], [694574.3430718798, 2572278.686746988], [694576.3039466469, 2572268.686746988], [694578.3400637797, 2572258.686746988], [694578.391566265, 2572258.5143507514], [694582.4464117783, 2572248.6867469884], [694585.7439473857, 2572238.686746988], [694588.3915662651, 2572233.312658333], [694590.8592161519, 2572228.686746988], [694596.1471576333, 2572218.686746988], [694598.391566265, 2572215.758134214], [694602.4464117785, 2572208.686746988], [694606.485646326, 2572198.686746988], [694608.391566265, 2572195.758134214], [694612.4464117783, 2572188.686746988], [694617.7482382235, 2572178.686746988], [694618.391566265, 2572177.6079168688], [694622.1816323185, 2572168.686746988], [694626.3610368213, 2572158.686746988], [694626.198828637, 2572148.686746988], [694625.4629534911, 2572138.686746988], [694623.6158039651, 2572128.686746988], [694620.9640007623, 2572118.6867469884], [694618.391566265, 2572110.531818524], [694617.7482382235, 2572108.686746988], [694615.9160151964, 2572098.686746988], [694610.8975047118, 2572088.6867469884], [694608.391566265, 2572084.521552547], [694604.5016866182, 2572078.686746988], [694598.391566265, 2572069.5215227553], [694597.9455856695, 2572068.686746988], [694591.4637523752, 2572058.686746988], [694588.391566265, 2572052.4851891305], [694585.8404792675, 2572048.686746988], [694580.1275936739, 2572038.6867469875], [694578.391566265, 2572034.3255901802], [694575.3158336149, 2572028.686746988], [694570.2383010114, 2572018.686746988], [694568.391566265, 2572012.410649477], [694567.5460739733, 2572008.6867469884], [694568.391566265, 2572006.9708193024], [694571.3474130289, 2571998.686746988], [694576.7161687735, 2571988.686746988], [694578.391566265, 2571985.798569089], [694581.5720762345, 2571978.686746988], [694587.4354564707, 2571968.686746988], [694588.3915662649, 2571967.7287845234], [694596.2007507365, 2571958.686746988], [694598.391566265, 2571954.376552078], [694601.5720762345, 2571948.686746988], [694608.391566265, 2571941.6425937517], [694611.3474130289, 2571938.686746988], [694618.391566265, 2571931.676071331], [694621.380890608, 2571928.686746988], [694628.391566265, 2571924.535602249], [694635.7715379095, 2571918.686746988], [694638.391566265, 2571916.5785136316], [694648.0935133806, 2571908.686746988], [694648.391566265, 2571908.442631935], [694658.391566265, 2571901.198916807], [694661.5720762345, 2571898.686746988], [694668.391566265, 2571894.535602249], [694678.391566265, 2571889.2581789996], [694679.7111680836, 2571888.686746988], [694688.391566265, 2571885.655415551], [694698.391566265, 2571884.3542802287], [694708.391566265, 2571881.873449619], [694718.391566265, 2571880.467851387], [694728.391566265, 2571879.841971412], [694738.3915662651, 2571879.880850518], [694747.1854036355, 2571878.6867469884], [694748.391566265, 2571878.5109982574], [694758.391566265, 2571873.7204283644], [694764.0554027304, 2571868.686746988], [694768.391566265, 2571865.229503261], [694773.320988347, 2571858.686746988], [694778.391566265, 2571851.7837103903], [694780.4983771611, 2571848.686746988], [694786.7001722485, 2571838.686746988], [694788.391566265, 2571836.8883054475], [694793.8576035439, 2571828.686746988], [694798.391566265, 2571821.176969776], [694799.1560048409, 2571818.6867469884], [694798.5207231867, 2571808.686746988], [694798.391566265, 2571807.442013157], [694797.3900045538, 2571798.686746988], [694792.6779342708, 2571788.6867469884], [694791.5804469495, 2571778.686746988], [694788.391566265, 2571768.948076529], [694788.3173852629, 2571768.686746988], [694784.6507508481, 2571758.686746988], [694783.9483713387, 2571748.686746988], [694778.391566265, 2571739.15714902], [694778.1289798061, 2571738.686746988], [694774.7422220048, 2571728.686746988], [694772.203764389, 2571718.686746988], [694768.391566265, 2571713.0566963563], [694765.8786605468, 2571708.686746988], [694758.391566265, 2571699.0940220007], [694758.0135469261, 2571698.686746988], [694748.7461438539, 2571688.686746988], [694748.391566265, 2571688.1061085616], [694745.0511019679, 2571678.686746988], [694738.3915662651, 2571670.0929252356], [694736.3200800888, 2571668.686746988], [694728.3915662649, 2571659.708950778], [694727.3693624748, 2571658.686746988], [694720.0601476511, 2571648.6867469875], [694718.391566265, 2571643.3739615064], [694717.0891316276, 2571638.686746988], [694713.3224729551, 2571628.6867469884], [694709.7792653155, 2571618.686746988], [694708.391566265, 2571613.08377094], [694707.2161302137, 2571608.6867469875], [694704.4039444223, 2571598.686746988], [694701.3806393873, 2571588.6867469875], [694699.7699512322, 2571578.686746988], [694699.6238355616, 2571568.686746988], [694698.391566265, 2571562.794873425], [694697.8153307454, 2571558.686746988], [694697.5708851129, 2571548.686746988], [694694.5443710254, 2571538.686746988], [694692.5783289431, 2571528.6867469875], [694688.391566265, 2571520.025955329], [694687.5012617673, 2571518.686746988], [694683.005369767, 2571508.686746988], [694678.391566265, 2571502.9091865784], [694671.4426327094, 2571498.686746988], [694668.3915662649, 2571495.6356805433], [694658.391566265, 2571493.918244781], [694648.391566265, 2571489.319545404], [694647.2486451077, 2571488.6867469884], [694638.391566265, 2571484.148681673], [694628.391566265, 2571481.862620368], [694618.391566265, 2571481.6505391398], [694608.391566265, 2571481.9974525226], [694598.391566265, 2571483.625466876], [694588.391566265, 2571486.682225735], [694578.3915662651, 2571488.2412766153], [694576.4179645454, 2571488.686746988], [694568.3915662649, 2571490.3145805695], [694558.391566265, 2571496.3216710053], [694555.9572861983, 2571498.686746988], [694548.391566265, 2571506.252466921], [694546.3053444917, 2571508.686746988], [694539.4729663306, 2571518.6867469884], [694538.391566265, 2571520.1757599358], [694532.9327461242, 2571528.686746988], [694528.391566265, 2571537.7158252457], [694527.4206445229, 2571538.686746988], [694518.391566265, 2571547.7158252457], [694515.0083017378, 2571548.686746988], [694508.391566265, 2571552.341152168], [694507.1108977299, 2571558.6867469875], [694500.3038051809, 2571568.686746988], [694498.391566265, 2571572.0005290303], [694496.8382010466, 2571578.686746988], [694496.0004311425, 2571588.686746988], [694495.9542394915, 2571598.686746988], [694493.888739428, 2571608.686746988], [694492.8033430215, 2571618.686746988], [694488.3915662651, 2571627.415360923], [694487.4531676981, 2571628.686746988], [694483.159232538, 2571638.686746988], [694478.391566265, 2571647.290354366], [694477.1201802001, 2571648.686746988], [694469.4788260984, 2571658.686746988], [694468.391566265, 2571660.133521029], [694459.838340306, 2571668.686746988], [694458.391566265, 2571670.436907921], [694448.391566265, 2571676.54971961], [694438.391566265, 2571675.723225065], [694428.391566265, 2571671.8991533723], [694424.1822822366, 2571668.686746988], [694418.3915662649, 2571666.6607513824], [694408.3915662649, 2571660.7232250655], [694405.25052153, 2571658.686746988], [694398.391566265, 2571651.8991533723], [694395.1791598806, 2571648.686746988], [694388.391566265, 2571641.827791723], [694386.3550881876, 2571638.686746988], [694378.391566265, 2571630.488495057], [694377.7022656506, 2571628.686746988], [694372.3597885522, 2571618.686746988], [694368.391566265, 2571614.5731879603], [694364.0710362698, 2571608.686746988], [694358.391566265, 2571601.8827562407], [694355.121249994, 2571598.686746988], [694348.391566265, 2571592.8948745662], [694341.3626832594, 2571588.686746988], [694338.391566265, 2571586.0664761653], [694328.391566265, 2571579.539036591], [694326.0027848338, 2571578.686746988], [694318.391566265, 2571576.459625199], [694308.391566265, 2571576.321522517], [694298.3915662649, 2571576.321522517], [694295.4204492708, 2571578.686746988], [694288.3915662651, 2571583.946902699], [694283.6517219758, 2571588.6867469884], [694278.391566265, 2571593.985369782], [694273.690189059, 2571598.686746988], [694268.3915662651, 2571605.700313018], [694264.4181109513, 2571608.686746988], [694258.3915662649, 2571614.713291674], [694254.4181109513, 2571618.686746988], [694248.391566265, 2571624.791880928], [694244.4967002051, 2571628.686746988], [694238.3915662651, 2571634.858720972], [694234.3220791297, 2571638.686746988], [694228.391566265, 2571644.5490302052], [694224.1086587417, 2571648.686746988], [694218.391566265, 2571654.8934636293], [694214.9685239608, 2571658.686746988], [694208.5341411139, 2571668.686746988], [694208.391566265, 2571668.864055499], [694200.5618497861, 2571678.686746988], [694198.391566265, 2571681.039837066], [694188.391566265, 2571683.603919343], [694178.391566265, 2571684.123968407], [694168.391566265, 2571683.857911852], [694158.391566265, 2571681.909742473], [694152.696936766, 2571678.686746988], [694148.391566265, 2571675.895696145], [694138.391566265, 2571671.902688996], [694133.4743939098, 2571668.686746988], [694128.391566265, 2571665.4662198494], [694118.391566265, 2571661.8048835066], [694113.4907928373, 2571658.686746988], [694108.391566265, 2571655.5752801993], [694098.391566265, 2571653.035533131], [694088.391566265, 2571652.2739020134], [694078.391566265, 2571650.8190716365], [694074.2882556051, 2571648.686746988], [694068.3915662649, 2571645.9223361444], [694058.391566265, 2571643.462221309], [694048.391566265, 2571643.462221309], [694038.391566265, 2571642.498592849], [694028.391566265, 2571640.916791832], [694023.3783901494, 2571638.686746988], [694018.3915662649, 2571635.235241373], [694008.391566265, 2571632.100094863], [694003.3783901494, 2571628.686746988], [693998.391566265, 2571624.2614435568], [693991.9221048813, 2571618.686746988], [693989.2970946969, 2571608.686746988], [693988.391566265, 2571606.0786359804], [693985.0877505058, 2571598.686746988], [693985.6691348418, 2571588.686746988], [693988.3915662651, 2571583.5845796224], [693991.0512631267, 2571578.686746988], [693994.4228127967, 2571568.686746988], [693996.4141454151, 2571558.686746988], [693998.391566265, 2571548.7996144514], [693998.4344704837, 2571548.6867469884], [693998.4344704837, 2571538.6867469884], [694001.9351128768, 2571528.6867469875], [694003.6155777404, 2571518.686746988], [694003.0289056599, 2571508.686746988], [694003.0289056599, 2571498.686746988], [693998.4326018812, 2571488.686746988], [693998.3915662649, 2571488.598118207], [693993.0289056599, 2571478.686746988], [693988.391566265, 2571474.049407593], [693985.8671688685, 2571468.686746988], [693978.3915662649, 2571464.948951033], [693968.391566265, 2571459.1961429343], [693966.6291808907, 2571458.6867469884], [693958.391566265, 2571455.4574100943], [693950.4012805329, 2571458.686746988], [693948.391566265, 2571459.280300418], [693938.391566265, 2571461.3252794594], [693930.020355681, 2571468.686746988], [693928.391566265, 2571470.08757341], [693918.391566265, 2571478.3000563406], [693917.834373986, 2571478.686746988], [693908.391566265, 2571484.2562120864], [693903.32226934, 2571488.686746988], [693898.391566265, 2571491.2477252106], [693889.6911505725, 2571498.686746988], [693888.391566265, 2571501.654509043], [693878.3915662649, 2571506.3016601643], [693875.8548934901, 2571508.6867469875], [693870.621068055, 2571518.686746988], [693868.391566265, 2571523.2819446325], [693865.2879584944, 2571528.686746988], [693858.9691387372, 2571538.686746988], [693858.391566265, 2571539.6522613415], [693850.6761310315, 2571548.686746988], [693848.391566265, 2571551.1047873767], [693840.8096066534, 2571558.686746988], [693838.391566265, 2571561.1047873762], [693829.423801222, 2571568.6867469884], [693828.3915662649, 2571569.6522613415], [693819.3570806184, 2571578.686746988], [693818.391566265, 2571580.3358421884], [693812.4826340876, 2571588.686746988], [693809.7567151785, 2571598.686746988], [693808.9764836321, 2571608.686746988], [693808.391566265, 2571610.7854770236], [693804.7224299598, 2571618.686746988], [693804.1453553474, 2571628.686746988], [693804.1453553474, 2571638.686746988], [693804.7224299598, 2571648.686746988], [693808.3915662649, 2571652.9176690504], [693810.6761310316, 2571658.686746988], [693813.5480435174, 2571668.686746988], [693818.391566265, 2571674.1176174553], [693819.8170836987, 2571678.686746988], [693828.391566265, 2571687.79693396], [693828.9824847315, 2571688.686746988], [693838.391566265, 2571698.0958285215], [693838.9824847315, 2571698.686746988], [693848.391566265, 2571708.4827560172], [693848.5762049332, 2571708.686746988], [693857.5055914253, 2571718.6867469875], [693858.391566265, 2571720.8331832374], [693863.440292984, 2571728.686746988], [693868.391566265, 2571735.9400728373], [693870.4144859634, 2571738.686746988], [693877.0054648474, 2571748.6867469875], [693878.391566265, 2571753.4369079205], [693880.8972417405, 2571758.686746988], [693888.391566265, 2571768.530125668], [693888.5108109915, 2571768.686746988], [693892.6111499858, 2571778.686746988], [693898.391566265, 2571788.2435323815], [693898.7051631324, 2571788.686746988], [693906.3999945985, 2571798.686746988], [693908.391566265, 2571801.424279929], [693913.9066988872, 2571808.686746988], [693918.391566265, 2571814.243478743], [693922.83483451, 2571818.686746988], [693928.391566265, 2571824.2434787434], [693934.2302569426, 2571828.686746988], [693938.391566265, 2571831.853520943], [693947.0700219804, 2571838.686746988], [693948.391566265, 2571839.615224204], [693958.391566265, 2571846.499950912], [693964.0956872853, 2571848.686746988], [693968.3915662649, 2571850.8099712003], [693978.391566265, 2571856.499950912], [693983.6232570113, 2571858.686746988], [693988.3915662651, 2571861.1465020855], [693998.391566265, 2571866.913160273], [694001.4718155907, 2571868.686746988], [694008.391566265, 2571873.466177623], [694016.8307337065, 2571878.686746988], [694018.391566265, 2571879.5431363545], [694028.391566265, 2571885.3263470195], [694038.391566265, 2571888.3830197426], [694039.3368082583, 2571888.686746988], [694048.3915662649, 2571892.8666186957], [694058.391566265, 2571896.5042515285], [694062.9736953302, 2571898.686746988], [694068.391566265, 2571901.8777919775], [694078.3915662649, 2571906.5042515285], [694082.9736953302, 2571908.686746988], [694088.3915662651, 2571913.340081527], [694093.8912765882, 2571918.686746988], [694098.391566265, 2571921.7453286042], [694105.3329846489, 2571928.686746988], [694108.391566265, 2571931.507948484], [694115.5703647692, 2571938.686746988], [694118.391566265, 2571941.7453286042], [694125.3329846489, 2571948.686746988], [694128.3915662649, 2571952.7042808775], [694134.3740323753, 2571958.686746988], [694138.3915662651, 2571963.1870688535], [694143.593406403, 2571968.686746988], [694148.391566265, 2571973.759631617], [694152.0478774703, 2571978.686746988], [694158.391566265, 2571987.235277136], [694159.4238686356, 2571988.686746988], [694163.8912443997, 2571998.6867469884], [694168.391566265, 2572006.2480362253], [694169.6550380886, 2572008.686746988], [694173.3371192866, 2572018.686746988], [694174.8430614979, 2572028.686746988], [694174.8430614979, 2572038.686746988], [694175.7653838424, 2572048.686746988], [694178.3611664084, 2572058.686746988], [694178.391566265, 2572058.8710003817], [694179.7246832789, 2572068.6867469875], [694178.391566265, 2572075.7708967384], [694177.416755358, 2572078.6867469884], [694174.22277089, 2572088.686746988], [694169.8321744374, 2572098.686746988], [694168.3915662649, 2572100.8436965263], [694161.9256085964, 2572108.686746988], [694158.391566265, 2572112.565725602], [694154.5774199888, 2572118.686746988], [694148.3915662651, 2572127.301161447], [694146.7948506755, 2572128.6867469875], [694138.391566265, 2572134.1081357435], [694130.5485158034, 2572138.686746988], [694128.391566265, 2572140.12735516], [694118.391566265, 2572147.58553449], [694113.8918484548, 2572148.686746988], [694108.391566265, 2572149.439544322], [694098.391566265, 2572149.338927136], [694088.391566265, 2572149.2300101505], [694078.391566265, 2572149.1997256023], [694075.7806741528, 2572148.686746988], [694068.3915662651, 2572146.378167087], [694058.391566265, 2572140.694986703], [694048.391566265, 2572139.2300101505], [694046.7682468123, 2572138.686746988], [694038.3915662649, 2572135.541656306], [694028.391566265, 2572131.1584034646], [694021.6090773803, 2572128.686746988], [694018.3915662649, 2572127.5825102855], [694008.3915662651, 2572124.3673804686], [693998.391566265, 2572121.2766868146], [693991.6091559095, 2572118.686746988], [693988.3915662649, 2572117.748161992], [693978.391566265, 2572115.192910688], [693968.391566265, 2572113.4065804766], [693958.3915662649, 2572111.0650294637], [693950.9326939008, 2572108.686746988], [693948.391566265, 2572108.4186655628], [693938.3915662649, 2572108.0663559986], [693928.3915662649, 2572107.7552513527], [693918.3915662649, 2572107.3173578624], [693908.391566265, 2572106.9655297343], [693898.391566265, 2572106.6307809614], [693888.391566265, 2572105.410105196], [693878.391566265, 2572102.212280782], [693869.6446271819, 2572098.686746988], [693868.391566265, 2572098.462399868], [693858.391566265, 2572096.5784549913], [693848.391566265, 2572093.427900968], [693838.391566265, 2572091.1829550457], [693831.7941895007, 2572088.686746988], [693828.391566265, 2572086.817182863], [693818.391566265, 2572085.341350236], [693808.391566265, 2572083.6687650653], [693798.391566265, 2572081.918544386], [693788.391566265, 2572081.2403786965], [693778.391566265, 2572081.464623445], [693768.391566265, 2572081.6991661093], [693758.391566265, 2572083.6087558423], [693748.3915662651, 2572086.246511794], [693741.1664035441, 2572088.686746988], [693738.391566265, 2572089.2511782865], [693728.391566265, 2572090.386957245], [693718.391566265, 2572090.446860045], [693708.391566265, 2572091.320779311], [693698.391566265, 2572093.3356024255], [693688.391566265, 2572093.4537269585], [693678.391566265, 2572094.587725533], [693668.3915662651, 2572094.308578298], [693658.3915662651, 2572094.2715618825], [693648.391566265, 2572092.254266714], [693638.391566265, 2572091.3501525735], [693635.3381486929, 2572088.686746988], [693628.391566265, 2572083.9026802555], [693619.0901468344, 2572078.686746988], [693618.3915662651, 2572078.1758192214], [693608.7727359654, 2572068.686746988], [693608.3915662649, 2572068.293263917], [693599.9071362468, 2572058.686746988], [693598.391566265, 2572056.7443906413], [693593.0342140029, 2572048.6867469875], [693588.391566265, 2572041.9409808503], [693585.1373324026, 2572038.686746988], [693578.9153620967, 2572028.686746988], [693578.391566265, 2572027.920311407], [693571.049381592, 2572018.686746988], [693568.391566265, 2572012.3320862004], [693567.0154536559, 2572008.686746988], [693564.1524260262, 2571998.686746988], [693563.0607018435, 2571988.686746988], [693562.9844522317, 2571978.686746988], [693563.1162121792, 2571968.686746988], [693563.4426512273, 2571958.686746988], [693566.2937219825, 2571948.686746988], [693568.391566265, 2571946.5889027053], [693576.2937219826, 2571938.686746988], [693578.391566265, 2571937.5374320117], [693588.3915662651, 2571933.6846528575], [693593.9821534907, 2571928.686746988], [693598.391566265, 2571924.789501068], [693608.391566265, 2571925.340065861], [693618.391566265, 2571926.9573541246], [693621.0714191706, 2571928.686746988], [693628.3915662651, 2571932.306034581], [693638.391566265, 2571936.233565039], [693641.4290471209, 2571938.686746988], [693648.391566265, 2571943.2643675595], [693656.0863779623, 2571948.686746988], [693658.391566265, 2571949.7388531957], [693668.391566265, 2571953.7609951664], [693678.391566265, 2571957.8667040677], [693680.9901267379, 2571958.686746988], [693688.391566265, 2571961.853205217], [693698.391566265, 2571963.391926923], [693708.391566265, 2571965.7549893185], [693718.391566265, 2571964.2930899076], [693726.5801246971, 2571958.6867469875], [693728.391566265, 2571957.574925819], [693738.391566265, 2571952.8879456753], [693744.2381827822, 2571948.686746988], [693748.391566265, 2571946.1029273346], [693756.3337419939, 2571938.686746988], [693758.391566265, 2571935.1425766903], [693761.623180822, 2571928.686746988], [693761.9169144923, 2571918.686746988], [693760.8132598428, 2571908.686746988], [693759.8953852936, 2571898.686746988], [693758.391566265, 2571892.808640765], [693756.9928881464, 2571888.6867469884], [693750.9326625674, 2571878.686746988], [693748.3915662649, 2571874.7136797123], [693743.0847890583, 2571868.6867469884], [693738.391566265, 2571861.932157606], [693735.1461556469, 2571858.686746988], [693728.391566265, 2571852.205802487], [693724.4796179272, 2571848.686746988], [693718.391566265, 2571844.8570844415], [693710.4448982253, 2571838.686746988], [693708.3915662651, 2571837.3015878797], [693698.391566265, 2571831.0797488242], [693688.391566265, 2571828.80354487], [693688.0440035833, 2571828.686746988], [693678.391566265, 2571825.3664420075], [693668.391566265, 2571824.4521716675], [693658.3915662651, 2571827.471493135], [693654.3221254041, 2571828.686746988], [693648.3915662649, 2571830.9548666994], [693638.391566265, 2571837.673715242], [693637.3091051779, 2571838.686746988], [693628.391566265, 2571846.5292898105], [693625.9899745331, 2571848.686746988], [693618.391566265, 2571857.4628119227], [693616.5322290775, 2571858.6867469884], [693608.3915662651, 2571866.8274098006], [693604.4430647272, 2571868.686746988], [693598.391566265, 2571878.118696287], [693595.8176264272, 2571878.6867469875], [693588.391566265, 2571880.008345564], [693580.9655061028, 2571878.6867469875], [693578.391566265, 2571878.118696287], [693568.391566265, 2571873.449970787], [693558.391566265, 2571869.73824545], [693555.7512293307, 2571868.686746988], [693548.391566265, 2571865.4237785246], [693538.391566265, 2571861.007147097], [693528.391566265, 2571861.1559636756], [693518.391566265, 2571863.706678201], [693512.1096953381, 2571858.686746988], [693508.9874963276, 2571848.6867469875], [693508.391566265, 2571845.102153249], [693507.3467285847, 2571838.686746988], [693502.9719449031, 2571828.6867469875], [693498.391566265, 2571820.0649385527], [693497.9993798862, 2571818.686746988], [693488.9874963276, 2571808.6867469875], [693488.391566265, 2571808.208190687], [693478.391566265, 2571798.9929127907], [693475.62128001, 2571798.686746988], [693468.3915662649, 2571797.996285456], [693458.391566265, 2571790.561952185], [693453.2484424239, 2571788.686746988], [693448.3915662649, 2571786.43604907], [693438.391566265, 2571780.5146815847], [693428.391566265, 2571778.867389089], [693418.391566265, 2571780.005171786], [693408.391566265, 2571780.005171786], [693398.391566265, 2571780.005171786], [693388.391566265, 2571779.2341709402]]}}, {"type": "Feature", "properties": {"level": 3.0, "label": "3 h"}, "geometry": {"type": "LineString", "coordinates": [[696323.9071797666, 2571373.1711334866], [696328.391566265, 2571373.3831898873], [696333.9183565462, 2571378.686746988], [696338.391566265, 2571384.0826613386], [696342.295021636, 2571388.686746988], [696344.0995884333, 2571398.686746988], [696348.391566265, 2571406.3170842626], [696350.6582263564, 2571408.686746988], [696351.8273716278, 2571418.686746988], [696354.4777052734, 2571428.6867469884], [696355.5950918964, 2571438.686746988], [696355.3181527177, 2571448.686746988], [696354.3083746124, 2571458.686746988], [696355.0373960753, 2571468.686746988], [696348.391566265, 2571477.6478486387], [696347.8415338604, 2571478.686746988], [696339.6095958351, 2571488.686746988], [696338.391566265, 2571490.751739326], [696334.7882966886, 2571498.686746988], [696328.391566265, 2571507.54105213], [696326.6532914209, 2571508.686746988], [696318.3915662651, 2571517.3013574393], [696308.391566265, 2571518.679406845], [696308.3842711843, 2571518.686746988], [696307.0135151141, 2571528.686746988], [696307.2053987116, 2571538.686746988], [696308.3494270202, 2571548.686746988], [696308.3890287243, 2571558.686746988], [696308.391566265, 2571558.6928902846], [696315.2855300914, 2571568.686746988], [696318.391566265, 2571575.816422977], [696319.6116383201, 2571578.686746988], [696323.4484636108, 2571588.686746988], [696326.1732219912, 2571598.6867469884], [696328.391566265, 2571603.8788362434], [696330.9568703275, 2571608.686746988], [696333.8325306589, 2571618.686746988], [696334.1672946287, 2571628.686746988], [696338.391566265, 2571637.608950931], [696339.2012249997, 2571638.686746988], [696348.2365180711, 2571648.686746988], [696348.391566265, 2571649.0099700857], [696355.2118044454, 2571658.686746988], [696358.391566265, 2571662.7519688522], [696365.8189319756, 2571668.6867469875], [696368.391566265, 2571671.259381277], [696377.9237772474, 2571678.686746988], [696378.391566265, 2571678.9547995045], [696388.391566265, 2571684.7664057016], [696398.391566265, 2571687.5450544767], [696408.391566265, 2571688.6589663], [696408.4296862471, 2571688.686746988], [696418.391566265, 2571694.7006381536], [696428.391566265, 2571696.1805583565], [696438.391566265, 2571695.806663573], [696448.3915662651, 2571693.478301904], [696458.3915662649, 2571691.025036519], [696468.3034269162, 2571688.686746988], [696468.391566265, 2571688.6798005085], [696478.391566265, 2571688.6798005085], [696488.391566265, 2571688.6800090587], [696488.428881837, 2571688.686746988], [696498.391566265, 2571692.8881615186], [696508.3542506931, 2571688.686746988], [696508.391566265, 2571688.681412709], [696508.4148651382, 2571688.686746988], [696518.391566265, 2571693.9384778948], [696528.391566265, 2571697.043326159], [696538.391566265, 2571698.6831399933], [696538.3956647617, 2571698.686746988], [696544.8070247564, 2571708.686746988], [696548.391566265, 2571716.0292996936], [696550.3221943313, 2571718.686746988], [696550.3221943313, 2571728.686746988], [696550.3221943313, 2571738.686746988], [696550.3221943313, 2571748.686746988], [696548.4100547537, 2571758.686746988], [696548.391566265, 2571758.8764560656], [696547.3929202334, 2571768.686746988], [696542.525781746, 2571778.686746988], [696538.391566265, 2571783.332986674], [696531.8062677938, 2571788.686746988], [696528.391566265, 2571791.6500230683], [696518.391566265, 2571794.880454775], [696512.6961841967, 2571798.686746988], [696508.3915662651, 2571800.137902583], [696498.391566265, 2571800.496786335], [696488.391566265, 2571802.7607969414], [696478.391566265, 2571803.6723851995], [696468.391566265, 2571804.8279867917], [696458.391566265, 2571805.0611870615], [696448.3915662651, 2571805.7522009085], [696438.391566265, 2571806.557910566], [696428.3915662651, 2571806.557910566], [696418.391566265, 2571806.557910566], [696408.391566265, 2571807.5117306956], [696398.391566265, 2571806.83170915], [696388.3915662651, 2571804.8402746767], [696378.391566265, 2571802.077955217], [696368.3915662649, 2571800.8524554158], [696358.391566265, 2571800.360255271], [696348.391566265, 2571802.054500344], [696338.391566265, 2571808.686746988], [696338.391566265, 2571808.686746988], [696328.391566265, 2571818.686746988], [696328.391566265, 2571818.686746988], [696318.391566265, 2571828.686746988], [696318.391566265, 2571838.686746988], [696318.391566265, 2571838.686746988], [696309.4650125927, 2571848.686746988], [696318.391566265, 2571858.686746988], [696318.391566265, 2571858.686746988], [696328.391566265, 2571868.1400896064], [696328.8027253117, 2571868.686746988], [696338.391566265, 2571877.526391207], [696339.4980729899, 2571878.686746988], [696348.391566265, 2571887.580240263], [696349.4980729899, 2571888.686746988], [696358.391566265, 2571897.580240263], [696359.4980729899, 2571898.6867469875], [696368.391566265, 2571908.296204837], [696368.6521039351, 2571908.686746988], [696378.391566265, 2571917.9298029467], [696379.1485103065, 2571918.686746988], [696388.3915662649, 2571927.27561568], [696389.8026975731, 2571928.686746988], [696398.391566265, 2571937.1471123793], [696399.9312008739, 2571938.686746988], [696408.391566265, 2571946.662642847], [696410.4156704063, 2571948.686746988], [696418.391566265, 2571956.662642847], [696420.4156704064, 2571958.686746988], [696428.391566265, 2571966.662642847], [696430.4156704063, 2571968.686746988], [696438.391566265, 2571977.147112379], [696439.931200874, 2571978.686746988], [696441.630216284, 2571988.686746988], [696448.391566265, 2571996.130084143], [696450.1561135851, 2571998.686746988], [696449.2709707506, 2572008.686746988], [696448.391566265, 2572010.4455728964], [696445.6798490152, 2572018.6867469875], [696443.0690916928, 2572028.686746988], [696440.8948352064, 2572038.686746988], [696439.1495910179, 2572048.686746988], [696438.391566265, 2572050.3395677516], [696435.1696157272, 2572058.686746988], [696431.932471388, 2572068.686746988], [696430.2859354141, 2572078.686746988], [696429.052744831, 2572088.686746988], [696428.391566265, 2572091.377536074], [696426.617301191, 2572098.686746988], [696424.7066955047, 2572108.6867469875], [696422.3246071574, 2572118.686746988], [696419.3328057905, 2572128.686746988], [696418.391566265, 2572132.054500344], [696416.4927371956, 2572138.686746988], [696412.9447212373, 2572148.686746988], [696408.391566265, 2572155.8358996916], [696407.0392638015, 2572158.686746988], [696403.2956957798, 2572168.686746988], [696400.5215673395, 2572178.686746988], [696398.391566265, 2572184.381367658], [696395.8189319756, 2572188.686746988], [696396.7122154447, 2572198.686746988], [696398.391566265, 2572201.5375942844], [696401.7827744944, 2572208.686746988], [696402.6652865196, 2572218.686746988], [696403.2956957798, 2572228.686746988], [696403.2956957798, 2572238.686746988], [696406.966887895, 2572248.686746988], [696408.3915662649, 2572251.2593812775], [696412.1052491203, 2572258.686746988], [696414.620245943, 2572268.686746988], [696415.8582035054, 2572278.686746988], [696418.0173673814, 2572288.686746988], [696418.391566265, 2572289.625467294], [696421.5874129734, 2572298.686746988], [696424.6499020428, 2572308.686746988], [696425.1511866313, 2572318.686746988], [696425.6964662232, 2572328.686746988], [696425.1111522185, 2572338.686746988], [696418.391566265, 2572347.0606185496], [696416.7654378262, 2572348.6867469884], [696408.391566265, 2572358.5330575616], [696408.0639933072, 2572358.686746988], [696398.391566265, 2572368.35917403], [696388.391566265, 2572368.686746988], [696388.391566265, 2572368.686746988], [696378.391566265, 2572378.686746988], [696378.391566265, 2572378.686746988], [696368.391566265, 2572378.686746988], [696358.391566265, 2572388.686746988], [696358.391566265, 2572388.686746988], [696348.391566265, 2572388.686746988], [696338.391566265, 2572398.686746988], [696338.391566265, 2572398.686746988], [696328.391566265, 2572398.686746988], [696318.391566265, 2572398.686746988], [696308.391566265, 2572408.686746988], [696308.391566265, 2572408.686746988], [696298.391566265, 2572408.686746988], [696288.391566265, 2572408.686746988], [696278.391566265, 2572408.686746988], [696268.391566265, 2572418.686746988], [696268.391566265, 2572418.686746988], [696258.391566265, 2572418.686746988], [696258.391566265, 2572418.686746988], [696248.391566265, 2572408.686746988], [696238.391566265, 2572408.686746988], [696238.391566265, 2572408.686746988], [696228.391566265, 2572398.686746988], [696228.391566265, 2572398.686746988], [696218.391566265, 2572388.686746988], [696208.391566265, 2572388.686746988], [696208.391566265, 2572388.686746988], [696198.391566265, 2572378.686746988], [696198.391566265, 2572378.686746988], [696198.391566265, 2572368.686746988], [696188.391566265, 2572358.686746988], [696188.391566265, 2572358.686746988], [696188.391566265, 2572348.686746988], [696188.391566265, 2572338.686746988], [696178.391566265, 2572328.686746988], [696178.391566265, 2572328.686746988], [696178.391566265, 2572318.686746988], [696168.391566265, 2572308.686746988], [696168.391566265, 2572308.686746988], [696168.391566265, 2572298.686746988], [696158.391566265, 2572288.686746988], [696158.391566265, 2572288.686746988], [696148.391566265, 2572278.686746988], [696148.391566265, 2572278.686746988], [696138.391566265, 2572268.686746988], [696138.391566265, 2572268.686746988], [696128.391566265, 2572258.686746988], [696128.391566265, 2572258.686746988], [696118.391566265, 2572248.686746988], [696108.391566265, 2572248.686746988], [696108.391566265, 2572248.686746988], [696098.391566265, 2572240.436895403], [696088.391566265, 2572239.1546931555], [696078.391566265, 2572238.98053152], [696077.0861202088, 2572238.686746988], [696068.391566265, 2572236.3211264787], [696058.391566265, 2572233.377684689], [696048.391566265, 2572231.8961429168], [696038.391566265, 2572230.601142639], [696028.3915662651, 2572229.412360067], [696025.9732952879, 2572228.686746988], [696018.3915662651, 2572226.6690406017], [696008.3915662649, 2572226.849522788], [695998.391566265, 2572227.2693340536], [695994.3694923788, 2572228.686746988], [695988.3915662649, 2572230.852343402], [695978.391566265, 2572235.1056829714], [695974.1789343567, 2572238.686746988], [695968.391566265, 2572243.956596977], [695963.6614162542, 2572248.686746988], [695958.391566265, 2572253.3648493704], [695953.7336933156, 2572258.686746988], [695948.391566265, 2572265.0445314534], [695945.5572712612, 2572268.6867469875], [695940.2710228931, 2572278.686746988], [695938.391566265, 2572281.5380216767], [695928.391566265, 2572286.3889634074], [695918.391566265, 2572285.633679404], [695910.9461237891, 2572278.686746988], [695908.391566265, 2572277.753103565], [695898.391566265, 2572275.633679404], [695888.391566265, 2572274.44902627], [695885.1119105782, 2572278.686746988], [695884.5653099786, 2572288.686746988], [695883.3707756866, 2572298.686746988], [695878.391566265, 2572308.686746988], [695878.391566265, 2572318.686746988], [695888.391566265, 2572328.686746988], [695898.391566265, 2572328.686746988], [695898.391566265, 2572328.686746988], [695908.391566265, 2572338.686746988], [695918.391566265, 2572338.686746988], [695928.391566265, 2572338.686746988], [695938.391566265, 2572338.686746988], [695938.391566265, 2572338.686746988], [695948.100592985, 2572348.686746988], [695948.391566265, 2572358.686746988], [695948.391566265, 2572358.686746988], [695955.8791058784, 2572368.686746988], [695958.3291822684, 2572378.686746988], [695958.391566265, 2572378.7978591733], [695963.544536774, 2572388.6867469875], [695965.7272083138, 2572398.686746988], [695968.391566265, 2572405.5804507663], [695969.9147187172, 2572408.686746988], [695972.2500411146, 2572418.686746988], [695973.655945543, 2572428.686746988], [695978.391566265, 2572436.371558696], [695979.6028989301, 2572438.686746988], [695979.9770072894, 2572448.686746988], [695980.6293268943, 2572458.686746988], [695980.706754557, 2572468.686746988], [695978.391566265, 2572475.474934467], [695968.391566265, 2572475.9075940307], [695958.391566265, 2572478.228230833], [695948.391566265, 2572478.686746988], [695948.391566265, 2572478.686746988], [695938.391566265, 2572488.686746988], [695938.391566265, 2572488.686746988], [695928.391566265, 2572488.686746988], [695918.391566265, 2572488.686746988], [695908.391566265, 2572488.686746988], [695898.391566265, 2572488.686746988], [695888.391566265, 2572488.686746988], [695878.391566265, 2572498.686746988], [695878.391566265, 2572498.686746988], [695868.391566265, 2572508.686746988], [695868.391566265, 2572518.686746988], [695868.391566265, 2572518.686746988], [695858.391566265, 2572528.686746988], [695858.391566265, 2572538.686746988], [695858.391566265, 2572548.686746988], [695858.391566265, 2572558.686746988], [695858.391566265, 2572568.686746988], [695858.391566265, 2572578.686746988], [695862.8035659745, 2572588.686746988], [695868.391566265, 2572594.2747472785], [695872.4945807039, 2572598.686746988], [695878.3577026644, 2572608.686746988], [695878.391566265, 2572608.738902338], [695884.104578246, 2572618.6867469875], [695888.391566265, 2572624.2143201875], [695892.7961870658, 2572628.686746988], [695898.391566265, 2572634.34235718], [695902.7359560728, 2572638.686746988], [695908.391566265, 2572643.5842416463], [695918.391566265, 2572644.34235718], [695928.391566265, 2572642.3540049796], [695938.391566265, 2572639.164259593], [695938.8795353505, 2572638.686746988], [695948.391566265, 2572630.1677351133], [695949.8725543903, 2572628.686746988], [695958.391566265, 2572620.1677351133], [695960.3703484391, 2572618.686746988], [695968.391566265, 2572610.774287028], [695973.2439267072, 2572608.686746988], [695978.391566265, 2572605.204988323], [695988.391566265, 2572600.265683999], [695995.2344420895, 2572598.686746988], [695998.3915662651, 2572597.051589369], [696008.391566265, 2572597.3930103485], [696011.5486904406, 2572598.686746988], [696018.391566265, 2572600.265683999], [696028.3915662649, 2572600.9156895275], [696038.391566265, 2572602.1881739465], [696046.412784091, 2572608.686746988], [696048.391566265, 2572610.139248987], [696056.6493979626, 2572618.686746988], [696058.391566265, 2572619.6863188413], [696064.321764868, 2572628.6867469875], [696068.391566265, 2572634.652101319], [696071.8718849338, 2572638.686746988], [696077.2227450834, 2572648.686746988], [696078.3915662649, 2572650.1820112457], [696085.4397528293, 2572658.686746988], [696088.391566265, 2572663.4432715015], [696093.0978213511, 2572668.686746988], [696098.391566265, 2572675.267804646], [696101.6337017908, 2572678.686746988], [696108.391566265, 2572687.1106378846], [696109.9676753683, 2572688.686746988], [696118.391566265, 2572697.9248283044], [696119.1534849487, 2572698.686746988], [696128.391566265, 2572707.110637885], [696130.0568446966, 2572708.686746988], [696138.391566265, 2572715.484356542], [696141.8488694686, 2572718.686746988], [696148.391566265, 2572724.4293089295], [696155.0355456402, 2572728.686746988], [696158.391566265, 2572730.460261344], [696168.391566265, 2572734.563803265], [696175.4649883945, 2572738.686746988], [696178.391566265, 2572739.7820156063], [696188.3915662649, 2572743.660885845], [696197.6260315216, 2572748.686746988], [696198.391566265, 2572748.9837013795], [696208.391566265, 2572753.6730944607], [696213.9201313221, 2572758.6867469884], [696218.391566265, 2572761.1104878425], [696227.293268259, 2572768.686746988], [696228.391566265, 2572769.7148618065], [696238.391566265, 2572776.7111348333], [696240.3925852777, 2572778.686746988], [696248.391566265, 2572785.5018221876], [696251.6574058263, 2572788.686746988], [696258.3915662651, 2572792.677544108], [696264.4738374656, 2572798.686746988], [696268.391566265, 2572802.5250751995], [696275.6414956825, 2572808.686746988], [696278.391566265, 2572810.7245517205], [696288.391566265, 2572814.79826086], [696298.391566265, 2572818.2024380188], [696299.2522369744, 2572818.686746988], [696308.391566265, 2572821.7120136563], [696318.3915662649, 2572826.23887054], [696324.622703769, 2572828.6867469875], [696328.391566265, 2572829.8770317542], [696338.391566265, 2572832.180906751], [696348.391566265, 2572836.268235663], [696358.391566265, 2572836.375174181], [696368.391566265, 2572834.8032532088], [696378.391566265, 2572830.064350892], [696383.5717341898, 2572828.686746988], [696388.391566265, 2572827.3216199484], [696398.391566265, 2572822.892305836], [696407.2869532645, 2572818.686746988], [696408.391566265, 2572818.2741747987], [696418.391566265, 2572815.0456023416], [696428.391566265, 2572811.551603261], [696438.391566265, 2572811.2406086745], [696448.391566265, 2572814.3568564095], [696457.4035603239, 2572818.686746988], [696458.391566265, 2572819.516396022], [696468.391566265, 2572828.1400967278], [696469.0038846028, 2572828.686746988], [696477.8404018461, 2572838.686746988], [696478.3915662649, 2572839.299661945], [696484.670861534, 2572848.6867469884], [696488.391566265, 2572855.20755405], [696489.9523052179, 2572858.686746988], [696496.2540597171, 2572868.686746988], [696498.391566265, 2572872.6515972614], [696503.1700920139, 2572878.686746988], [696506.3411975033, 2572888.686746988], [696500.9436238782, 2572898.686746988], [696498.391566265, 2572902.886692808], [696496.9678514458, 2572908.686746988], [696498.3915662649, 2572917.585352928], [696499.0882013859, 2572918.6867469884], [696502.404782708, 2572928.686746988], [696508.391566265, 2572938.430352535], [696508.647960718, 2572938.686746988], [696518.391566265, 2572947.7729013646], [696521.3808499649, 2572948.686746988], [696528.391566265, 2572951.289615798], [696538.391566265, 2572955.669599879], [696548.391566265, 2572956.1307923673], [696558.391566265, 2572955.624308088], [696568.391566265, 2572948.7347503942], [696568.5640520072, 2572948.686746988], [696578.391566265, 2572944.8120817593], [696587.5247623998, 2572938.686746988], [696588.391566265, 2572938.2974704546], [696598.391566265, 2572931.5518856426], [696602.7291316541, 2572928.686746988], [696608.391566265, 2572925.287581866], [696618.286703771, 2572918.686746988], [696618.391566265, 2572918.6231272384], [696628.391566265, 2572911.7030470753], [696638.1631579853, 2572908.686746988], [696638.391566265, 2572908.6054306803], [696648.391566265, 2572908.610555814], [696649.2291782654, 2572908.686746988], [696658.391566265, 2572909.4172757203], [696668.391566265, 2572912.271853371], [696678.391566265, 2572914.979421766], [696688.391566265, 2572917.60654634], [696691.9131570191, 2572918.686746988], [696698.391566265, 2572920.7905915845], [696708.391566265, 2572923.570292596], [696718.391566265, 2572924.4913035566], [696728.391566265, 2572924.9600750078], [696738.391566265, 2572924.7018363834], [696748.391566265, 2572924.353731697], [696758.391566265, 2572924.46236312], [696768.391566265, 2572924.3784294864], [696778.391566265, 2572923.736269337], [696786.9696111692, 2572918.686746988], [696788.391566265, 2572917.7027946925], [696798.391566265, 2572913.0522082774], [696803.5982750981, 2572908.686746988], [696808.391566265, 2572903.9329856173], [696816.1334571375, 2572898.686746988], [696818.391566265, 2572897.062268499], [696828.3915662651, 2572893.091219993], [696834.6943768852, 2572888.686746988], [696838.391566265, 2572884.989557608], [696848.3915662649, 2572882.4913424784], [696852.1961617555, 2572878.6867469875], [696858.391566265, 2572873.091219993], [696868.3915662651, 2572873.091219993], [696878.391566265, 2572873.091219993], [696888.3915662651, 2572873.091219993], [696898.391566265, 2572873.091219993], [696908.391566265, 2572877.140336689], [696912.1347459356, 2572878.686746988], [696918.3915662651, 2572881.327418996], [696928.391566265, 2572882.773533595], [696938.391566265, 2572884.9151147087], [696948.3915662649, 2572887.140336689], [696952.1347459356, 2572888.686746988], [696958.391566265, 2572891.3971703975], [696968.391566265, 2572893.5310890027], [696978.391566265, 2572894.7686594194], [696988.391566265, 2572897.2111460734], [696991.6342507973, 2572898.686746988], [696998.391566265, 2572901.854019443], [697008.391566265, 2572904.0031307987], [697018.391566265, 2572906.374112694], [697028.391566265, 2572905.7259850064], [697038.3915662651, 2572902.8714490016], [697048.391566265, 2572901.324448278], [697051.1688127065, 2572898.6867469884], [697058.391566265, 2572891.485208029], [697061.1900273057, 2572888.686746988], [697068.391566265, 2572881.485208029], [697071.0643708486, 2572878.686746988], [697073.699301053, 2572868.686746988], [697078.391566265, 2572862.84773836], [697080.873403694, 2572858.686746988], [697081.2994809767, 2572848.686746988], [697081.1417732907, 2572838.686746988], [697080.032750566, 2572828.686746988], [697078.391566265, 2572825.842979931], [697073.185871029, 2572818.686746988], [697070.0975753648, 2572808.686746988], [697069.4545169984, 2572798.6867469875], [697068.391566265, 2572797.226421351], [697060.6870807301, 2572788.686746988], [697059.870702135, 2572778.686746988], [697058.878813844, 2572768.686746988], [697058.391566265, 2572768.089074328], [697050.032750566, 2572758.686746988], [697048.391566265, 2572749.986896754], [697047.885634679, 2572748.686746988], [697039.5237842452, 2572738.686746988], [697038.391566265, 2572737.433342512], [697030.0781444131, 2572728.686746988], [697028.4986060017, 2572718.686746988], [697028.391566265, 2572718.5508780675], [697020.1083382957, 2572708.686746988], [697018.8949678317, 2572698.686746988], [697018.391566265, 2572694.013605276], [697016.3033246449, 2572688.686746988], [697009.7561961357, 2572678.686746988], [697008.391566265, 2572670.4461034965], [697007.705929147, 2572668.686746988], [697002.4663050759, 2572658.686746988], [696999.272983005, 2572648.686746988], [696998.3915662649, 2572644.253849786], [696994.4937760363, 2572638.686746988], [696988.391566265, 2572632.584537217], [696983.9409441464, 2572628.686746988], [696978.391566265, 2572623.1373691065], [696973.9409441465, 2572618.686746988], [696968.3915662651, 2572611.1210769108], [696967.0444542477, 2572608.686746988], [696959.1048401046, 2572598.686746988], [696958.391566265, 2572597.598408124], [696951.4497229886, 2572588.686746988], [696949.0441587205, 2572578.686746988], [696948.391566265, 2572577.3231094684], [696942.0203968516, 2572568.686746988], [696940.0505190763, 2572558.686746988], [696938.9578721622, 2572548.686746988], [696938.391566265, 2572539.520568374], [696938.3293407632, 2572538.686746988], [696938.391566265, 2572537.852925602], [696938.9148951841, 2572528.686746988], [696939.3716474479, 2572518.686746988], [696938.3915662651, 2572515.058388631], [696935.9851983367, 2572508.686746988], [696934.7705798699, 2572498.686746988], [696935.813535383, 2572488.686746988], [696936.7698209754, 2572478.686746988], [696938.350465859, 2572468.686746988], [696936.8638460919, 2572458.686746988], [696935.9652268544, 2572448.686746988], [696933.6499463633, 2572438.686746988], [696931.7181073896, 2572428.686746988], [696928.391566265, 2572422.5971981003], [696922.4995367087, 2572418.686746988], [696918.391566265, 2572415.691741307], [696908.391566265, 2572414.2149301646], [696898.3915662651, 2572413.6952790534], [696888.391566265, 2572409.775316716], [696884.7209401624, 2572408.686746988], [696878.391566265, 2572406.774841693], [696869.4477279957, 2572398.686746988], [696868.391566265, 2572397.602906042], [696860.3486700971, 2572388.6867469884], [696858.391566265, 2572385.904504559], [696853.3987940361, 2572378.686746988], [696850.439307706, 2572368.686746988], [696855.6286705679, 2572358.686746988], [696858.3915662651, 2572352.563379557], [696860.2325914274, 2572348.686746988], [696866.0921623457, 2572338.686746988], [696868.391566265, 2572334.536323906], [696872.1670178636, 2572328.686746988], [696874.8593539273, 2572318.686746988], [696878.3915662651, 2572311.5912976842], [696880.9133790762, 2572308.686746988], [696885.7011957973, 2572298.686746988], [696888.391566265, 2572291.318910415], [696889.9643485153, 2572288.686746988], [696895.7833058098, 2572278.686746988], [696898.391566265, 2572276.078486533], [696904.6176798453, 2572268.686746988], [696908.391566265, 2572263.080069679], [696911.2961169612, 2572258.686746988], [696916.6270075607, 2572248.686746988], [696918.391566265, 2572246.078486533], [696921.7757549774, 2572238.6867469884], [696924.6604733189, 2572228.686746988], [696928.391566265, 2572224.6423165835], [696931.6542987786, 2572218.686746988], [696931.9506339174, 2572208.6867469875], [696934.6378419495, 2572198.686746988], [696938.391566265, 2572191.3577359105], [696939.973138547, 2572188.686746988], [696946.9175923689, 2572178.686746988], [696948.391566265, 2572177.18496229], [696956.7324062507, 2572168.686746988], [696958.3915662651, 2572167.0577534884], [696966.9175923689, 2572158.686746988], [696968.391566265, 2572157.942872268]]}}, {"type": "Feature", "properties": {"level": 3.0, "label": "3 h"}, "geometry": {"type": "LineString", "coordinates": [[693974.334774862, 2570884.629955585], [693976.2895814374, 2570888.6867469884], [693978.391566265, 2570893.729179904], [693979.1975518949, 2570898.686746988], [693981.3397408568, 2570908.686746988], [693988.391566265, 2570917.717210702], [693989.0040728548, 2570918.686746988], [693991.2726040476, 2570928.686746988], [693998.391566265, 2570938.1259934544], [693998.8105160078, 2570938.686746988], [694001.6265570286, 2570948.686746988], [694008.391566265, 2570957.0704327216], [694009.6660620314, 2570958.6867469875], [694018.391566265, 2570968.479213448], [694018.5694390147, 2570968.686746988], [694027.9519878459, 2570978.6867469884], [694028.3915662651, 2570979.211108517], [694037.8672047363, 2570988.686746988], [694038.391566265, 2570989.3404952344], [694047.737818019, 2570998.686746988], [694048.391566265, 2571003.933624971], [694048.6284508954, 2571008.686746988], [694052.671698747, 2571018.686746988], [694052.1633751218, 2571028.686746988], [694048.6876701594, 2571038.686746988], [694048.391566265, 2571043.2061515143], [694047.7799908821, 2571048.686746988], [694046.1597261027, 2571058.686746988], [694045.7088230692, 2571068.686746988], [694045.4940309173, 2571078.686746988], [694044.1952674134, 2571088.686746988], [694041.2052278348, 2571098.686746988], [694038.391566265, 2571105.665775308], [694036.3509315676, 2571108.686746988], [694028.3915662651, 2571116.64611229], [694026.9486928148, 2571118.686746988], [694018.3915662651, 2571126.454906826], [694016.1597261027, 2571128.686746988], [694008.3915662651, 2571135.4639883563], [694006.4360086416, 2571138.686746988], [693998.391566265, 2571147.8931666478], [693997.7304280908, 2571148.686746988], [693993.987697971, 2571158.686746988], [693993.1064019329, 2571168.686746988], [693992.7239491071, 2571178.686746988], [693991.5062389686, 2571188.686746988], [693991.3364291957, 2571198.686746988], [693991.1490319622, 2571208.686746988], [693991.1891419438, 2571218.686746988], [693991.1891419438, 2571228.686746988], [693991.1891419438, 2571238.686746988], [693992.4940194653, 2571248.686746988], [693994.8437066464, 2571258.686746988], [693996.8146961312, 2571268.686746988], [693996.5964692134, 2571278.686746988], [693998.3915662649, 2571282.5790498517], [694004.4640081069, 2571288.686746988], [694008.391566265, 2571292.2109605027], [694014.901068609, 2571298.6867469884], [694018.391566265, 2571300.947659039], [694028.391566265, 2571303.8428247], [694036.8436848053, 2571308.686746988], [694038.391566265, 2571309.375796757], [694048.391566265, 2571310.8198296777], [694058.3915662651, 2571310.9226967744], [694063.7671376488, 2571308.686746988], [694068.391566265, 2571306.3935011677], [694078.0016107452, 2571308.686746988], [694078.391566265, 2571308.780510725], [694088.391566265, 2571312.131633829], [694098.391566265, 2571316.3301545684], [694102.5316410741, 2571318.686746988], [694108.391566265, 2571321.687240351], [694115.3910729018, 2571328.686746988], [694118.391566265, 2571331.936837431], [694124.6058704392, 2571338.686746988], [694128.391566265, 2571348.415440997], [694128.6628722559, 2571348.686746988], [694138.391566265, 2571358.415440997], [694138.7457795906, 2571358.686746988], [694147.7102569921, 2571368.6867469875], [694148.391566265, 2571369.3680562605], [694158.391566265, 2571378.318087174], [694159.3986723018, 2571378.686746988], [694168.3915662651, 2571383.141873728], [694177.1881801225, 2571388.686746988], [694178.3915662649, 2571389.207502788], [694188.391566265, 2571394.11853044], [694197.9268208754, 2571398.686746988], [694198.391566265, 2571398.9396758196], [694208.391566265, 2571404.807167506], [694218.391566265, 2571406.7248538905], [694227.1881801225, 2571408.686746988], [694228.391566265, 2571409.006840034], [694238.3915662651, 2571409.423375888], [694240.6853990064, 2571408.686746988], [694248.391566265, 2571407.464222541], [694258.3915662649, 2571406.6707205838], [694268.391566265, 2571404.9064805196], [694278.391566265, 2571403.0566071654], [694288.391566265, 2571401.7406739225], [694293.3627509504, 2571398.686746988], [694298.391566265, 2571395.066923904], [694305.5479715071, 2571388.686746988], [694308.391566265, 2571384.906746749], [694313.8861300622, 2571378.686746988], [694318.391566265, 2571374.181310785], [694323.7456667002, 2571368.686746988], [694328.391566265, 2571364.0408474235], [694333.0113912913, 2571358.686746988], [694338.391566265, 2571351.586247301], [694339.9650191257, 2571348.686746988], [694346.3431721121, 2571338.686746988], [694348.391566265, 2571335.4874531147], [694352.2545645143, 2571328.686746988], [694356.6612877958, 2571318.686746988], [694356.6612877958, 2571308.686746988], [694356.6681764802, 2571298.686746988], [694358.391566265, 2571295.1813266827], [694360.6838920356, 2571288.686746988], [694368.391566265, 2571279.02992464], [694368.5965129073, 2571278.686746988], [694373.4432728171, 2571268.686746988], [694378.391566265, 2571263.73845354], [694383.4294758993, 2571258.686746988], [694388.391566265, 2571253.7941817148], [694393.5471819884, 2571248.686746988], [694398.391566265, 2571244.1314908247], [694408.391566265, 2571240.784608592], [694410.8637249736, 2571238.686746988], [694418.3915662651, 2571231.1188041093], [694421.9354052454, 2571228.686746988], [694428.391566265, 2571222.2109513865], [694430.8288316625, 2571218.686746988], [694438.391566265, 2571209.928646408], [694439.5910111029, 2571208.6867469875], [694444.0247369435, 2571198.686746988], [694448.391566265, 2571192.762944001], [694450.4397049493, 2571188.686746988], [694454.2309669291, 2571178.686746988], [694458.391566265, 2571171.120511656], [694459.4662007011, 2571168.686746988], [694461.9947164443, 2571158.686746988], [694465.021292144, 2571148.686746988], [694464.7569449327, 2571138.686746988], [694462.1181836536, 2571128.6867469884], [694460.6784470703, 2571118.686746988], [694459.4892585961, 2571108.686746988], [694458.9801057427, 2571098.6867469884], [694458.6703621313, 2571088.6867469875], [694458.3915662651, 2571087.10143801], [694457.3350631074, 2571078.686746988], [694454.5696227683, 2571068.686746988], [694453.7474819717, 2571058.686746988], [694455.2335384878, 2571048.686746988], [694458.391566265, 2571039.398530134], [694458.9283205109, 2571038.686746988], [694461.5694245682, 2571028.686746988], [694463.9731063582, 2571018.686746988], [694463.2166313078, 2571008.686746988], [694461.6994392441, 2570998.686746988], [694458.391566265, 2570994.3891545134], [694456.3053830706, 2570988.686746988], [694454.6519267416, 2570978.686746988], [694451.923381757, 2570968.686746988], [694448.391566265, 2570959.4246153324], [694448.2045677121, 2570958.686746988], [694446.9467963086, 2570948.686746988], [694444.9821338519, 2570938.686746988], [694444.9821338519, 2570928.686746988], [694444.9821338519, 2570918.686746988], [694445.7923027214, 2570908.686746988], [694445.5976095871, 2570898.686746988], [694444.7486257717, 2570888.686746988], [694445.976117007, 2570878.686746988], [694448.391566265, 2570871.841104474], [694450.3045435813, 2570868.686746988], [694455.976117007, 2570858.686746988], [694458.391566265, 2570855.6027961033], [694463.9022327028, 2570848.686746988], [694468.391566265, 2570841.0628217673], [694470.6973585772, 2570838.686746988], [694476.8642768605, 2570828.686746988], [694478.391566265, 2570824.81992244], [694481.7080626909, 2570818.686746988], [694484.3468012967, 2570808.686746988], [694487.1223224445, 2570798.686746988], [694488.391566265, 2570796.7018681355], [694494.015178314, 2570788.686746988], [694497.1247671084, 2570778.686746988], [694498.391566265, 2570776.7018681355], [694503.799122667, 2570768.686746988], [694507.1223224445, 2570758.686746988], [694508.391566265, 2570757.1789107225], [694514.4844962338, 2570748.686746988], [694518.391566265, 2570740.8415223216], [694519.9425784543, 2570738.6867469875], [694523.5168926539, 2570728.686746988], [694523.2562196547, 2570718.686746988], [694518.391566265, 2570711.573238354], [694515.9680974799, 2570708.686746988], [694514.4628926606, 2570698.686746988], [694508.391566265, 2570692.52738086], [694498.391566265, 2570689.986934683], [694496.5913849236, 2570688.686746988], [694488.391566265, 2570681.9198817112], [694478.391566265, 2570679.721049704], [694477.1799104128, 2570678.686746988], [694468.391566265, 2570670.765508873], [694465.7739732463, 2570668.686746988], [694458.391566265, 2570661.9198817112], [694448.3915662649, 2570659.9869346824], [694438.391566265, 2570659.5783983544], [694434.9860065306, 2570658.686746988], [694428.391566265, 2570655.107573781], [694418.391566265, 2570652.4686870715], [694408.391566265, 2570650.821619956], [694398.391566265, 2570650.139368056], [694395.8349657968, 2570648.686746988], [694388.391566265, 2570643.2303385595], [694378.391566265, 2570639.9934340324], [694377.0848792207, 2570638.6867469884], [694368.391566265, 2570630.3807966737], [694366.5867971352, 2570628.686746988], [694358.391566265, 2570619.1830283385], [694357.8952849145, 2570618.686746988], [694354.8262958209, 2570608.686746988], [694356.3607914173, 2570598.686746988], [694358.391566265, 2570594.835066425], [694362.8603129024, 2570588.686746988], [694367.9127013031, 2570578.686746988], [694368.391566265, 2570577.7264892785], [694376.3726966039, 2570568.686746988], [694378.3915662649, 2570566.6678773267], [694387.4313085555, 2570558.686746988], [694388.391566265, 2570558.0435047173], [694397.7483239943, 2570548.686746988], [694398.391566265, 2570548.0435047173], [694405.0427639266, 2570538.686746988], [694407.9171108515, 2570528.686746988], [694408.391566265, 2570527.6986893388], [694413.1087827291, 2570518.686746988], [694415.2294933954, 2570508.686746988], [694415.452214858, 2570498.686746988], [694415.1012900738, 2570488.686746988], [694412.9241946944, 2570478.6867469884], [694409.9574372659, 2570468.6867469875], [694408.391566265, 2570466.9125367426], [694402.4189955855, 2570458.686746988], [694398.3915662649, 2570454.177223563], [694393.4006596166, 2570448.686746988], [694388.391566265, 2570441.655957393], [694385.936789366, 2570438.686746988], [694379.8753579244, 2570428.686746988], [694378.3915662651, 2570426.7142796065], [694371.3991959433, 2570418.686746988], [694368.391566265, 2570415.5365797505], [694362.7245354566, 2570408.6867469884], [694358.391566265, 2570404.139466815], [694353.6175731046, 2570398.686746988], [694348.391566265, 2570393.3187927464], [694344.7489199883, 2570388.686746988], [694338.3915662649, 2570380.8924741223], [694336.7193602982, 2570378.686746988], [694328.8710322442, 2570368.686746988], [694328.391566265, 2570368.086310405], [694321.4843529055, 2570358.686746988], [694318.391566265, 2570354.8887360767], [694312.5882966827, 2570348.686746988], [694308.391566265, 2570343.834750819], [694302.8302037492, 2570338.686746988], [694298.391566265, 2570334.0624545207], [694291.3107216001, 2570328.686746988], [694288.391566265, 2570326.361851301], [694278.391566265, 2570320.462418095], [694273.5586855089, 2570318.686746988], [694268.391566265, 2570314.673104932], [694261.165193856, 2570308.6867469875], [694258.391566265, 2570306.5052290075], [694248.391566265, 2570299.6140068164], [694245.6940824704, 2570298.686746988], [694238.391566265, 2570293.169416501], [694233.5695637432, 2570288.686746988], [694228.391566265, 2570281.9446860272], [694225.618837129, 2570278.686746988], [694218.6696561335, 2570268.686746988], [694218.391566265, 2570268.3087870437], [694211.3073139912, 2570258.6867469875], [694208.391566265, 2570255.173935063], [694202.8481582922, 2570248.686746988], [694198.391566265, 2570241.7162460624], [694195.6940824704, 2570238.686746988], [694191.3073139911, 2570228.6867469875], [694188.391566265, 2570225.3475446347], [694182.6585855527, 2570218.6867469875], [694178.391566265, 2570213.5741019603], [694173.7412278056, 2570208.686746988], [694169.1465157765, 2570198.686746988], [694168.6046944923, 2570188.686746988], [694168.6046944923, 2570178.686746988], [694168.391566265, 2570177.573078945], [694166.6655264841, 2570168.686746988], [694164.7987116929, 2570158.686746988], [694163.9085844352, 2570148.686746988], [694158.391566265, 2570139.7360985004], [694157.8467982772, 2570138.686746988], [694152.07969598, 2570128.686746988], [694148.391566265, 2570124.0940381335], [694144.7957294267, 2570118.686746988], [694139.7666259336, 2570108.6867469884], [694138.391566265, 2570106.7568551884], [694133.8145224248, 2570098.686746988], [694128.391566265, 2570091.5601729983], [694126.3434701297, 2570088.686746988], [694119.2221898785, 2570078.686746988], [694118.391566265, 2570077.770019903], [694113.0724942517, 2570068.6867469884], [694108.391566265, 2570061.5601729983], [694105.9492513185, 2570058.686746988], [694098.391566265, 2570050.2575942646], [694097.1915984359, 2570048.686746988], [694090.5931618281, 2570038.686746988], [694088.3915662651, 2570034.255792758], [694085.4926081974, 2570028.686746988], [694078.391566265, 2570020.592382283], [694076.8207189884, 2570018.6867469875], [694068.391566265, 2570009.0794663015], [694068.0983672943, 2570008.686746988], [694060.9539402921, 2569998.686746988], [694058.391566265, 2569992.888987369], [694056.5636411036, 2569988.686746988], [694051.6685658642, 2569978.686746988], [694048.391566265, 2569971.9433980994], [694046.7869596522, 2569968.686746988], [694043.3340236389, 2569958.686746988], [694038.391566265, 2569952.297744616], [694036.4089011236, 2569948.686746988], [694028.391566265, 2569939.5264992244], [694027.588885457, 2569938.686746988], [694018.391566265, 2569929.4046416264], [694017.6736716268, 2569928.686746988], [694008.391566265, 2569919.1777922655], [694007.9005209872, 2569918.686746988], [693998.391566265, 2569909.4046416264], [693997.2548233337, 2569908.686746988], [693988.391566265, 2569901.494580962], [693979.7344881953, 2569898.6867469875], [693978.3915662649, 2569898.401311635], [693968.391566265, 2569892.024153826], [693958.391566265, 2569888.698607634], [693958.369921542, 2569888.686746988], [693948.391566265, 2569880.060728292], [693945.8380750144, 2569878.686746988], [693938.391566265, 2569873.5452452353], [693931.1664024384, 2569868.686746988], [693928.391566265, 2569866.855466583], [693918.391566265, 2569859.7360493904], [693916.8657140114, 2569858.686746988], [693908.391566265, 2569852.00309793], [693903.9272027009, 2569848.686746988], [693898.3915662651, 2569844.0100723817], [693889.4522506804, 2569838.686746988], [693888.3915662651, 2569837.894205612], [693878.391566265, 2569831.438930973], [693874.2024996819, 2569828.686746988], [693868.391566265, 2569822.875813571], [693863.0458384403, 2569818.6867469875], [693858.391566265, 2569809.6699371217], [693857.4137362136, 2569808.686746988], [693852.4106631319, 2569798.6867469875], [693848.391566265, 2569789.653265501], [693847.5194561909, 2569788.686746988], [693839.988511465, 2569778.686746988], [693838.3915662651, 2569777.030735555], [693830.0475776982, 2569768.686746988], [693828.391566265, 2569767.0307355546], [693818.391566265, 2569762.620901965], [693812.9728433999, 2569758.686746988], [693808.391566265, 2569755.035738068], [693798.391566265, 2569750.4757254752], [693795.3460138089, 2569748.686746988], [693788.391566265, 2569746.049336253], [693778.391566265, 2569741.934383012], [693774.206607458, 2569738.686746988], [693768.391566265, 2569735.5996754416], [693758.3915662651, 2569730.675290195], [693756.1329379232, 2569728.686746988], [693748.391566265, 2569720.94537533], [693746.1329379232, 2569718.686746988], [693745.6104936021, 2569708.686746988], [693745.9931794174, 2569698.686746988], [693745.2267982188, 2569688.686746988], [693748.391566265, 2569682.368144795], [693749.4978798896, 2569678.686746988], [693751.0223825645, 2569668.6867469884], [693751.1011284263, 2569658.6867469875], [693748.391566265, 2569655.831743341], [693741.2535080559, 2569648.686746988], [693738.391566265, 2569645.9622616377], [693731.1093198291, 2569638.686746988], [693728.391566265, 2569635.8695106646], [693719.675902065, 2569628.686746988], [693718.391566265, 2569627.4614921706], [693708.3915662651, 2569625.831743341], [693698.391566265, 2569620.4669693364], [693696.6113439167, 2569618.686746988], [693688.391566265, 2569613.421033246], [693681.6813269989, 2569608.6867469875], [693678.391566265, 2569606.193013282], [693668.391566265, 2569603.1999593596], [693659.942536578, 2569598.6867469875], [693658.391566265, 2569597.948906742], [693648.391566265, 2569597.264809784], [693638.391566265, 2569596.8863683934], [693636.5911876704, 2569598.686746988], [693633.6282266541, 2569603.923407377]]}}, {"type": "Feature", "properties": {"level": 3.0, "label": "3 h"}, "geometry": {"type": "LineString", "coordinates": [[694775.679069267, 2568771.399243986], [694776.9181654678, 2568778.686746988], [694778.391566265, 2568780.0510456436], [694786.932599344, 2568788.686746988], [694788.391566265, 2568791.1878147493], [694792.5395197785, 2568798.686746988], [694795.9444922806, 2568808.686746988], [694797.4838920955, 2568818.686746988], [694798.3915662649, 2568819.4406699557], [694808.391566265, 2568822.0982886637], [694816.3504426284, 2568828.686746988], [694818.391566265, 2568829.2394841122], [694828.391566265, 2568829.929956025], [694838.391566265, 2568831.629870138], [694846.0517695954, 2568838.686746988], [694848.391566265, 2568840.3763085576], [694857.00692173, 2568848.686746988], [694858.391566265, 2568849.917032106], [694867.7729586727, 2568858.686746988], [694868.391566265, 2568859.2453996995], [694878.391566265, 2568864.8727081246], [694883.1642188167, 2568868.686746988], [694888.391566265, 2568871.0809459174], [694896.4284566158, 2568878.686746988], [694898.391566265, 2568880.121258564], [694908.391566265, 2568884.8808868947], [694914.0958042195, 2568888.686746988], [694918.391566265, 2568891.200418158], [694928.391566265, 2568892.8130513737], [694938.391566265, 2568892.2332191383], [694944.2610163196, 2568888.686746988], [694948.3915662651, 2568886.3593247538], [694958.391566265, 2568883.9682059074], [694968.3915662649, 2568883.030604042], [694978.391566265, 2568883.030604042], [694988.3915662649, 2568883.030604042], [694998.391566265, 2568883.135778453], [695008.391566265, 2568884.1075078244], [695018.391566265, 2568884.4565088013], [695028.391566265, 2568884.958801045], [695038.391566265, 2568885.2390611367], [695048.391566265, 2568885.4028688148], [695058.391566265, 2568885.7443119944], [695068.391566265, 2568887.0336899413], [695078.391566265, 2568888.0104878056], [695081.5224599723, 2568888.686746988], [695088.391566265, 2568893.830447209], [695098.391566265, 2568897.4710727525], [695108.391566265, 2568897.278515108], [695118.3915662649, 2568896.515655296], [695128.3915662649, 2568888.9197706627], [695129.0460310897, 2568888.6867469875], [695138.391566265, 2568887.9470237326], [695148.3915662649, 2568886.4641170613], [695158.391566265, 2568878.8540525995], [695159.8892188473, 2568878.686746988], [695168.391566265, 2568878.3562891185], [695176.8939136829, 2568878.686746988], [695178.391566265, 2568878.851796295], [695188.391566265, 2568880.877051096], [695198.391566265, 2568884.687352052], [695208.391566265, 2568886.8133266615], [695218.391566265, 2568888.12944767], [695227.2050989165, 2568888.686746988], [695228.391566265, 2568888.831640218], [695238.391566265, 2568894.3753002547], [695248.391566265, 2568898.1155560613], [695249.8985024136, 2568898.686746988], [695258.391566265, 2568903.9223921383], [695266.6811902605, 2568908.6867469875], [695268.391566265, 2568909.7143955007], [695278.391566265, 2568918.1155560613], [695279.8985024136, 2568918.686746988], [695286.9924204112, 2568928.686746988], [695288.391566265, 2568930.5931229335], [695294.6293226408, 2568938.6867469875], [695298.3915662651, 2568942.143680781], [695306.6811902605, 2568948.686746988], [695308.391566265, 2568954.4132949216], [695312.665018331, 2568958.686746988], [695318.391566265, 2568963.828089181], [695328.391566265, 2568968.289730522], [695329.0347019737, 2568968.686746988], [695338.391566265, 2568975.991074817], [695348.391566265, 2568977.195268201], [695358.3915662651, 2568977.3075370304], [695368.391566265, 2568977.122927321], [695378.391566265, 2568973.5835488555], [695388.391566265, 2568972.5861895625], [695398.391566265, 2568971.1856292086], [695408.391566265, 2568970.462857525], [695418.391566265, 2568970.462857525], [695428.3915662649, 2568970.9429588704], [695438.391566265, 2568972.145383198], [695448.391566265, 2568974.3052464044], [695458.391566265, 2568976.9942256506], [695467.462693407, 2568978.686746988], [695468.391566265, 2568978.9189649653], [695469.4201892911, 2568978.686746988], [695478.391566265, 2568977.480329218], [695488.391566265, 2568977.014141748], [695498.391566265, 2568975.8895801483], [695508.391566265, 2568973.877240122], [695518.2372227589, 2568968.686746988], [695518.391566265, 2568968.6569540836], [695528.391566265, 2568967.119233103], [695538.391566265, 2568964.2260456113], [695546.7060812421, 2568958.686746988], [695548.391566265, 2568958.3665663633], [695558.391566265, 2568956.6360110445], [695568.3393418869, 2568948.686746988], [695568.391566265, 2568948.6531474143], [695578.391566265, 2568946.196149394], [695587.6209953212, 2568938.686746988], [695588.391566265, 2568938.058133614], [695598.348118357, 2568928.686746988], [695598.391566265, 2568928.651033239], [695608.391566265, 2568924.7131837457], [695616.3153357268, 2568918.686746988], [695618.391566265, 2568917.615029689], [695628.391566265, 2568913.189813529], [695634.918124632, 2568908.686746988], [695638.391566265, 2568906.8824870177], [695648.391566265, 2568899.5051203673], [695649.360238208, 2568898.686746988], [695658.391566265, 2568893.839601542], [695666.2773645476, 2568888.686746988], [695668.391566265, 2568887.2361039855], [695678.3915662649, 2568883.3772646533], [695688.391566265, 2568880.4495886504], [695698.3915662649, 2568880.1849822383], [695708.391566265, 2568880.1268058377], [695711.7561909894, 2568878.6867469875], [695718.391566265, 2568874.661777137], [695728.391566265, 2568872.5148847224], [695738.391566265, 2568874.0707877423], [695748.391566265, 2568878.2707963027], [695749.1075709533, 2568878.686746988], [695758.3915662649, 2568883.0270030946], [695767.8014078095, 2568888.686746988], [695768.391566265, 2568889.0984195676], [695778.391566265, 2568894.9353174698], [695788.391566265, 2568898.217986701], [695790.142776965, 2568898.686746988], [695798.391566265, 2568904.1087608356], [695806.286485267, 2568908.686746988], [695808.3915662651, 2568911.644746529], [695810.0212632859, 2568918.686746988], [695809.2450970083, 2568928.686746988], [695808.391566265, 2568935.1015880005], [695807.6776298984, 2568938.686746988], [695799.1033629256, 2568948.686746988], [695798.391566265, 2568949.458170946], [695791.15510853, 2568958.686746988], [695788.391566265, 2568965.087862788], [695786.4641083406, 2568968.686746988], [695778.391566265, 2568978.3880419824], [695778.1434210915, 2568978.686746988], [695768.391566265, 2568985.4826692985], [695764.092124165, 2568988.686746988], [695758.391566265, 2568991.6240434237], [695748.391566265, 2568996.4128638003], [695742.177310088, 2568998.686746988], [695738.391566265, 2568999.320541669], [695728.391566265, 2569003.1638452075], [695719.3372218646, 2569008.686746988], [695718.391566265, 2569008.974584181], [695708.391566265, 2569012.9708848344], [695698.9530125438, 2569018.686746988], [695698.391566265, 2569018.9218515437], [695688.391566265, 2569021.791158476], [695678.391566265, 2569027.4784326395], [695674.4944803161, 2569028.686746988], [695668.3915662649, 2569030.011091951], [695658.391566265, 2569032.7597413287], [695649.2623887361, 2569038.686746988], [695648.391566265, 2569039.1293276483], [695638.3915662651, 2569040.621530902], [695628.391566265, 2569048.434592286], [695628.0709988526, 2569048.686746988], [695618.391566265, 2569053.3117879666], [695612.7057117757, 2569058.686746988], [695608.391566265, 2569061.4492624598], [695598.5765899774, 2569068.686746988], [695598.391566265, 2569068.80213474], [695588.391566265, 2569076.7501259386], [695586.1065595417, 2569078.686746988], [695578.391566265, 2569083.7424801043], [695570.8466692367, 2569088.686746988], [695568.391566265, 2569090.1160875615], [695558.3915662651, 2569097.182694594], [695556.1688228289, 2569098.686746988], [695548.391566265, 2569104.389131028], [695539.2402306705, 2569108.6867469875], [695538.391566265, 2569109.1284511876], [695528.391566265, 2569115.909221433], [695518.391566265, 2569118.3882470718], [695517.7922856438, 2569118.686746988], [695508.391566265, 2569124.3891310277], [695498.391566265, 2569128.2232110333], [695497.3793418761, 2569128.686746988], [695488.391566265, 2569133.279968542], [695478.391566265, 2569138.2462649], [695477.1720204878, 2569138.686746988], [695468.391566265, 2569143.9086107155], [695458.3915662651, 2569148.1769973785], [695456.5120139271, 2569148.686746988], [695448.5814191606, 2569158.686746988], [695448.391566265, 2569159.732240325], [695446.1035611657, 2569168.686746988], [695446.1035611657, 2569178.686746988], [695446.1035611657, 2569188.686746988], [695440.577738142, 2569198.686746988], [695438.391566265, 2569202.012181153], [695435.6331999116, 2569208.686746988], [695433.9138480946, 2569218.6867469875], [695428.5859109162, 2569228.686746988], [695428.391566265, 2569229.008211604], [695420.4781315769, 2569238.686746988], [695418.391566265, 2569240.7733122995], [695408.3915662649, 2569248.4304008526], [695407.9932417569, 2569248.686746988], [695398.391566265, 2569253.519781409], [695388.391566265, 2569257.289579965], [695386.0863262194, 2569258.686746988], [695378.3915662651, 2569265.082360061], [695373.4748362657, 2569268.686746988], [695376.0863262195, 2569278.6867469884], [695378.391566265, 2569282.772778553], [695379.7232999309, 2569288.686746988], [695378.391566265, 2569293.0350964516], [695374.7871793382, 2569298.686746988], [695368.391566265, 2569299.913823679], [695358.3915662649, 2569307.8038131474], [695357.5086324244, 2569308.686746988], [695348.391566265, 2569313.595760119], [695341.7009003613, 2569318.686746988], [695338.391566265, 2569320.346880925], [695328.391566265, 2569324.7102604825], [695320.1826722872, 2569328.686746988], [695318.391566265, 2569329.1803863333], [695308.391566265, 2569330.2352485256], [695298.391566265, 2569333.8095527636], [695290.1826722872, 2569338.686746988], [695288.391566265, 2569340.235248526], [695278.391566265, 2569345.0225154203], [695268.391566265, 2569347.247085604], [695263.3177069209, 2569348.686746988], [695258.3915662649, 2569350.133746397], [695248.391566265, 2569350.133746397], [695246.0808756279, 2569348.686746988], [695238.391566265, 2569345.0165808303], [695228.391566265, 2569340.279716308], [695225.5768593119, 2569338.686746988], [695218.391566265, 2569335.744803976], [695208.391566265, 2569330.2352485256], [695206.8430647273, 2569328.686746988], [695198.391566265, 2569320.183258094], [695196.8950551592, 2569318.686746988], [695188.6354141464, 2569308.686746988], [695188.391566265, 2569308.426959083], [695180.1083250628, 2569298.686746988], [695178.3915662651, 2569297.060398013], [695170.0179152405, 2569288.6867469884], [695168.391566265, 2569286.9699881906], [695161.586436386, 2569278.686746988], [695158.8043624257, 2569268.6867469884], [695158.3915662649, 2569266.418669723], [695156.5507339308, 2569258.686746988], [695155.7635844026, 2569248.686746988], [695152.578884237, 2569238.686746988], [695152.2770810067, 2569228.686746988], [695151.0429064118, 2569218.686746988], [695158.3915662649, 2569210.8432404147], [695160.0625324573, 2569208.686746988], [695168.391566265, 2569199.031163399], [695168.5794897132, 2569198.686746988], [695177.3444465729, 2569188.686746988], [695178.391566265, 2569186.795170934], [695184.3951163543, 2569178.686746988], [695188.391566265, 2569174.6902970774], [695198.391566265, 2569168.9239820945], [695199.6445096284, 2569168.686746988], [695208.391566265, 2569167.7237409027], [695218.391566265, 2569161.11071057], [695222.6208203088, 2569158.686746988], [695228.391566265, 2569157.7392840805], [695238.391566265, 2569150.832992039], [695242.140652968, 2569148.686746988], [695248.391566265, 2569146.2653957233], [695257.617183275, 2569138.686746988], [695258.391566265, 2569137.9601895814], [695267.1861478507, 2569128.686746988], [695268.3915662649, 2569127.8611234343], [695275.8790074348, 2569118.686746988], [695278.391566265, 2569116.6006849115], [695285.7094960487, 2569108.686746988], [695288.391566265, 2569104.266873013], [695297.0663151572, 2569098.686746988], [695297.0663151572, 2569088.6867469884], [695297.0663151572, 2569078.686746988], [695297.0663151572, 2569068.686746988], [695293.87310495, 2569058.686746988], [695292.6008444104, 2569048.686746988], [695288.391566265, 2569043.3912755437], [695283.647078716, 2569038.686746988], [695278.391566265, 2569034.2435094896], [695268.3915662649, 2569034.0533185657], [695258.391566265, 2569034.532546019], [695252.730915274, 2569038.686746988], [695248.391566265, 2569042.5925869206], [695238.391566265, 2569043.00955038], [695233.8753831745, 2569038.686746988], [695228.391566265, 2569034.5164970094], [695218.391566265, 2569033.798277106], [695210.3830996186, 2569028.686746988], [695208.391566265, 2569027.4871186046], [695198.391566265, 2569024.6851507667], [695188.391566265, 2569023.2739820792], [695180.5183941923, 2569018.686746988], [695178.391566265, 2569017.356114773], [695168.391566265, 2569013.84819974], [695158.391566265, 2569011.9992212355], [695151.3764039871, 2569008.686746988], [695148.391566265, 2569006.7902720203], [695138.391566265, 2569005.0076650823], [695128.3915662651, 2569003.971817169], [695118.391566265, 2569001.8010276007], [695113.6701792098, 2568998.686746988], [695108.391566265, 2568994.8896728484], [695098.391566265, 2568991.8389656595], [695094.1022517318, 2568988.686746988], [695088.391566265, 2568983.2729168916], [695078.3915662649, 2568984.1380575234], [695068.391566265, 2568984.1380575234], [695058.391566265, 2568983.702660677], [695048.391566265, 2568983.758056823], [695038.3915662651, 2568985.102518787], [695031.2318136423, 2568988.686746988], [695028.391566265, 2568990.03182117], [695018.391566265, 2568995.7083731797], [695014.407853605, 2568998.6867469884], [695008.391566265, 2569004.0890678614], [695001.2318136423, 2569008.686746988], [694998.391566265, 2569010.151647727], [694988.391566265, 2569014.7796581644], [694978.391566265, 2569010.151647727], [694974.0301202978, 2569008.686746988], [694968.391566265, 2569007.1932677245], [694958.3915662649, 2569005.944971515], [694948.391566265, 2569004.064677313], [694938.391566265, 2569004.064677313], [694928.391566265, 2569005.418430904], [694918.391566265, 2569008.425188109], [694918.130007386, 2569008.6867469875], [694908.391566265, 2569018.425188109], [694908.130007386, 2569018.686746988], [694898.391566265, 2569028.425188109], [694894.5927849866, 2569028.686746988], [694888.391566265, 2569029.0758265136], [694887.9909500828, 2569028.686746988], [694878.391566265, 2569019.2570744115], [694878.0121995872, 2569018.686746988], [694868.6660517609, 2569008.686746988], [694868.391566265, 2569008.403959163], [694862.808610851, 2568998.686746988], [694858.391566265, 2568993.6489530057], [694854.5402631152, 2568988.686746988], [694848.391566265, 2568982.359745986], [694843.6191767014, 2568978.686746988], [694838.391566265, 2568974.269702402], [694828.3915662649, 2568971.087875173], [694823.4366381122, 2568968.686746988], [694818.391566265, 2568963.6416751407], [694812.2312304148, 2568958.6867469884], [694808.391566265, 2568955.2508953027], [694798.391566265, 2568950.816273816], [694794.4573677042, 2568948.686746988], [694788.391566265, 2568944.708453534], [694778.8789083012, 2568938.686746988], [694778.3915662649, 2568938.3478401327], [694768.391566265, 2568929.8497841684], [694767.7157444805, 2568928.686746988], [694760.8080520934, 2568918.686746988], [694758.391566265, 2568915.510995594], [694751.567317659, 2568908.686746988], [694748.391566265, 2568905.9963686736], [694741.0819445791, 2568898.686746988], [694738.391566265, 2568895.9963686736], [694728.391566265, 2568891.4510853225], [694723.9079534006, 2568888.686746988], [694718.391566265, 2568883.1703598527], [694714.4573677042, 2568878.686746988], [694710.3824140793, 2568868.686746988], [694714.3789921469, 2568858.686746988], [694718.391566265, 2568853.770405803], [694721.5320076777, 2568848.686746988], [694728.391566265, 2568840.6775948023], [694729.768067416, 2568838.6867469875], [694732.5166054431, 2568828.686746988], [694730.8787395656, 2568818.686746988], [694728.3915662651, 2568815.441426463], [694721.6368867902, 2568808.686746988], [694718.391566265, 2568805.441426463], [694708.391566265, 2568803.9920586757], [694698.391566265, 2568803.796245521], [694688.391566265, 2568803.6396992076], [694678.391566265, 2568807.1124874502], [694676.932599344, 2568808.686746988], [694668.391566265, 2568816.0273318705], [694658.3915662649, 2568817.6267982307], [694655.9043929644, 2568818.686746988], [694648.391566265, 2568819.593733686], [694638.391566265, 2568819.7488881797], [694628.391566265, 2568819.8536223695], [694618.391566265, 2568820.076494452], [694608.391566265, 2568821.836394942], [694598.391566265, 2568822.1357536092], [694588.391566265, 2568823.1346005267], [694578.391566265, 2568824.666680131], [694570.2565754204, 2568828.686746988], [694568.391566265, 2568830.5517561436], [694559.2062974002, 2568838.686746988], [694558.391566265, 2568839.501478123], [694549.2062974002, 2568848.686746988], [694548.391566265, 2568849.637927204], [694541.7065395213, 2568858.686746988], [694538.391566265, 2568863.417928697], [694533.3294356208, 2568868.686746988], [694528.391566265, 2568878.1363494177], [694528.0337326824, 2568878.686746988], [694519.3945776359, 2568888.686746988], [694518.391566265, 2568896.388044682], [694518.0337326824, 2568898.686746988], [694514.9107429149, 2568908.686746988], [694514.2526071605, 2568918.686746988], [694511.3873812851, 2568928.686746988], [694508.391566265, 2568937.6514749676], [694507.9401160663, 2568938.686746988], [694500.0899081423, 2568948.686746988], [694498.391566265, 2568951.1043322072], [694490.6794662261, 2568958.686746988], [694488.391566265, 2568959.557342343], [694478.391566265, 2568960.356926715], [694468.391566265, 2568959.9917854834], [694466.5538489186, 2568958.686746988], [694458.391566265, 2568952.0486203628], [694453.4165354443, 2568948.686746988], [694448.3915662649, 2568944.244987215], [694441.7345457708, 2568938.686746988], [694438.3915662649, 2568936.946334181], [694428.391566265, 2568936.946334181], [694418.391566265, 2568936.5368128447], [694408.391566265, 2568936.234024169], [694398.3915662649, 2568938.432032256], [694393.7429347372, 2568928.686746988], [694393.1746667076, 2568918.686746988], [694394.4357488893, 2568908.686746988], [694397.6481939905, 2568898.686746988], [694398.391566265, 2568897.1981955906], [694403.0229200949, 2568888.6867469875], [694405.7501927664, 2568878.686746988], [694408.391566265, 2568872.2036059955], [694409.8952716368, 2568868.686746988], [694415.7891598239, 2568858.686746988], [694418.391566265, 2568854.573960148], [694421.6324861457, 2568848.686746988], [694427.6340307612, 2568838.686746988], [694428.391566265, 2568837.700498439], [694435.9827966739, 2568828.686746988], [694438.391566265, 2568823.955565279], [694442.0467550551, 2568818.686746988], [694439.9911257962, 2568808.6867469884], [694438.391566265, 2568802.382237452], [694437.776402998, 2568798.686746988], [694436.0951734716, 2568788.686746988], [694429.9911257962, 2568778.686746988], [694428.3915662649, 2568775.534487711], [694424.3721633162, 2568768.686746988], [694424.0089242884, 2568758.686746988], [694426.8321284961, 2568748.686746988], [694428.391566265, 2568745.2907452714], [694430.4068065325, 2568738.686746988], [694434.7905808518, 2568728.686746988], [694438.3915662649, 2568722.9798433934], [694440.5268049263, 2568718.686746988], [694448.391566265, 2568709.3325551506], [694448.9930638915, 2568708.686746988], [694457.9746363434, 2568698.686746988], [694458.3915662649, 2568698.2820716947], [694468.391566265, 2568689.5206237156], [694470.4770836965, 2568688.686746988], [694478.391566265, 2568686.885715285], [694488.391566265, 2568679.554356448], [694498.391566265, 2568679.11778445], [694504.4057587002, 2568678.686746988], [694508.391566265, 2568678.4231477864], [694518.391566265, 2568678.4231477864], [694521.0060051801, 2568678.686746988], [694528.3915662649, 2568679.5472258735], [694538.391566265, 2568686.9298025607], [694543.0569484378, 2568688.686746988], [694548.3915662649, 2568690.0435458757], [694558.391566265, 2568697.825602785], [694562.4466914474, 2568698.686746988], [694568.391566265, 2568700.3621729556], [694577.6138310703, 2568708.6867469884], [694578.3915662651, 2568709.2288141595], [694587.8494990935, 2568718.6867469884], [694588.391566265, 2568719.2027712855], [694597.8755419671, 2568728.686746988], [694598.391566265, 2568729.202771286], [694607.875541967, 2568738.686746988], [694608.3915662649, 2568739.691487512], [694618.391566265, 2568746.7073147777], [694628.391566265, 2568746.325557821], [694636.3331676183, 2568738.686746988], [694638.391566265, 2568736.628348341], [694648.391566265, 2568732.905913053], [694658.391566265, 2568733.6224145116], [694668.391566265, 2568735.782630655], [694672.1315382235, 2568738.686746988], [694678.391566265, 2568743.9906475814], [694686.5545081502, 2568748.686746988], [694686.9181654677, 2568758.686746988], [694688.391566265, 2568761.7632392566], [694695.1462457399, 2568768.686746988], [694695.3150739963, 2568778.686746988], [694698.391566265, 2568784.5803577043], [694702.4979555485, 2568788.686746988], [694708.391566265, 2568791.7632392566], [694718.391566265, 2568791.9320675135], [694728.391566265, 2568793.3814353], [694738.391566265, 2568793.5772484555], [694748.3915662651, 2568793.5772484555], [694752.3834982507, 2568788.686746988], [694758.391566265, 2568782.4920492466], [694760.9517602677, 2568778.686746988], [694764.3628562773, 2568774.6580370003]]}}, {"type": "Feature", "properties": {"level": 3.0, "label": "3 h"}, "geometry": {"type": "LineString", "coordinates": [[692932.3602815461, 2568134.7180317068], [692938.391566265, 2568137.502862891], [692942.3815624309, 2568138.686746988], [692948.391566265, 2568144.696750822], [692951.6451882687, 2568148.686746988], [692958.391566265, 2568158.0274715], [692958.7162201282, 2568158.686746988], [692968.391566265, 2568168.362093125], [692968.6723022372, 2568168.686746988], [692978.391566265, 2568178.4060110156], [692978.5952436808, 2568178.686746988], [692988.391566265, 2568188.5844657524], [692988.4537933632, 2568188.686746988], [692989.7947394986, 2568198.686746988], [692993.574760366, 2568208.6867469884], [692994.239509093, 2568218.686746988], [692994.6397899338, 2568228.686746988], [692996.555842069, 2568238.686746988], [692998.391566265, 2568248.3478300762], [692998.4446342407, 2568248.686746988], [692999.618440524, 2568258.686746988], [693002.9623129417, 2568268.686746988], [693008.391566265, 2568277.6497813403], [693009.1540363589, 2568278.686746988], [693016.0998852279, 2568288.686746988], [693018.391566265, 2568291.467069672], [693023.5624473314, 2568298.6867469875], [693028.391566265, 2568304.421694057], [693031.9696164993, 2568308.686746988], [693036.2145574146, 2568318.686746988], [693038.391566265, 2568324.3793937983], [693039.8810456091, 2568328.686746988], [693045.306660288, 2568338.686746988], [693048.391566265, 2568343.169999468], [693051.5247404487, 2568348.686746988], [693058.391566265, 2568357.1972676436], [693059.5400019687, 2568358.6867469884], [693068.391566265, 2568367.7242626077], [693069.3540506453, 2568368.686746988], [693078.391566265, 2568377.7242626077], [693079.3540506453, 2568378.686746988], [693088.3915662651, 2568387.5383112845], [693089.8810456091, 2568388.686746988], [693098.391566265, 2568397.1972676436], [693099.5400019689, 2568398.686746988], [693107.8033798009, 2568408.6867469875], [693108.3915662651, 2568409.3751568343], [693115.7187188506, 2568418.686746988], [693117.9326263674, 2568428.686746988], [693118.391566265, 2568429.5030019796], [693123.0209940802, 2568438.686746988], [693126.4466215835, 2568448.686746988], [693128.3247473085, 2568458.686746988], [693128.391566265, 2568458.790886067], [693134.7881467247, 2568468.6867469884], [693137.3510417638, 2568478.6867469875], [693138.3915662651, 2568481.016613736], [693142.4778491068, 2568488.686746988], [693146.4852023106, 2568498.686746988], [693148.3915662651, 2568503.0355568435], [693151.1353553606, 2568508.686746988], [693154.7881467247, 2568518.686746988], [693158.391566265, 2568525.5950750634], [693160.552209029, 2568528.686746988], [693165.6424773214, 2568538.6867469875], [693168.391566265, 2568542.6116517475], [693173.0388932955, 2568548.686746988], [693178.391566265, 2568554.094472211], [693182.9838410423, 2568558.686746988], [693188.391566265, 2568563.990434386], [693195.1641716817, 2568568.686746988], [693198.391566265, 2568570.8738187803], [693208.391566265, 2568575.5801087003], [693214.2369567831, 2568578.6867469875], [693218.391566265, 2568580.9318115385], [693228.391566265, 2568584.4111559875], [693235.0785825757, 2568588.686746988], [693238.3915662651, 2568591.9696244574], [693246.6171053251, 2568598.686746988], [693248.3915662649, 2568600.4523827173], [693257.3913212464, 2568608.6867469875], [693258.391566265, 2568609.3925175546], [693268.391566265, 2568618.525646452], [693268.7617442254, 2568618.686746988], [693278.391566265, 2568622.4386075353], [693286.6912304347, 2568628.686746988], [693288.3915662651, 2568630.054102418], [693298.391566265, 2568634.4286908503], [693305.4442504342, 2568638.686746988], [693308.3915662651, 2568640.2960957326], [693318.391566265, 2568647.744759806], [693320.1156481395, 2568648.686746988], [693328.391566265, 2568654.2413848913], [693332.6496224029, 2568658.686746988], [693338.391566265, 2568667.0687098526], [693339.3324591717, 2568668.686746988], [693346.8272570064, 2568678.6867469884], [693348.3915662651, 2568680.3197945403], [693356.5411582344, 2568688.686746988], [693358.391566265, 2568690.558938511], [693366.7387750982, 2568698.686746988], [693368.391566265, 2568700.3197945408], [693376.9279374146, 2568708.686746988], [693378.391566265, 2568709.8244624967], [693388.391566265, 2568713.3559324523], [693398.391566265, 2568715.2160147843], [693408.391566265, 2568717.435457628], [693412.4645805869, 2568718.686746988], [693418.3915662651, 2568720.317004652], [693428.391566265, 2568724.077717238], [693435.9075185071, 2568728.686746988], [693438.3915662649, 2568729.77358581], [693448.391566265, 2568733.796858849], [693456.3251900442, 2568738.686746988], [693458.391566265, 2568739.6151782894], [693468.391566265, 2568740.919497487], [693478.391566265, 2568744.8511685976], [693488.391566265, 2568746.829590297], [693498.391566265, 2568748.646573126], [693499.1864967411, 2568748.686746988], [693508.3915662651, 2568749.1097754105], [693518.391566265, 2568750.2167582037], [693528.391566265, 2568758.213358224], [693529.0526747874, 2568758.686746988], [693538.391566265, 2568763.442845499], [693544.6135096323, 2568768.686746988], [693548.391566265, 2568772.4648036207], [693554.4756192319, 2568778.686746988], [693558.391566265, 2568783.730191552], [693562.9434545708, 2568788.686746988], [693568.391566265, 2568794.1348586823], [693572.5003048817, 2568798.686746988], [693578.391566265, 2568804.5780083714], [693582.5003048817, 2568808.686746988], [693588.391566265, 2568815.125236443], [693591.6105801633, 2568818.686746988], [693598.391566265, 2568828.1140254517], [693598.8240501328, 2568828.686746988], [693608.2921526994, 2568838.686746988], [693608.391566265, 2568838.808019481], [693617.0973262673, 2568848.686746988], [693618.391566265, 2568850.112960195], [693626.4903823471, 2568858.686746988], [693628.391566265, 2568860.596581816], [693636.1879534827, 2568868.686746988], [693638.391566265, 2568870.8903597705], [693645.6269267089, 2568878.686746988], [693648.391566265, 2568881.440181458], [693656.4903823471, 2568888.686746988], [693658.391566265, 2568890.358563567], [693666.8065875836, 2568898.686746988], [693668.391566265, 2568899.805445278], [693678.391566265, 2568904.572236432], [693685.8504173037, 2568908.686746988], [693688.391566265, 2568910.071514745], [693698.391566265, 2568912.6236771774], [693708.391566265, 2568915.121794276], [693718.391566265, 2568915.2954420205], [693728.391566265, 2568915.969637199], [693738.3915662649, 2568916.5790722007], [693748.391566265, 2568914.260766453], [693758.391566265, 2568910.2469453164], [693761.2767831217, 2568908.686746988], [693768.391566265, 2568902.1066541346], [693776.7569790643, 2568898.686746988], [693778.391566265, 2568897.052159787], [693786.7569790642, 2568888.686746988], [693788.391566265, 2568887.004703068], [693791.5309416886, 2568878.686746988], [693791.5852571864, 2568868.686746988], [693796.5296992678, 2568858.686746988], [693798.391566265, 2568854.1431226963], [693800.9382868367, 2568848.6867469884], [693804.9359205833, 2568838.686746988], [693807.8213513336, 2568828.686746988], [693808.3915662651, 2568827.0395316537], [693811.5852571863, 2568818.6867469884], [693810.8565290471, 2568808.686746988], [693808.7795696877, 2568798.686746988], [693808.9930487258, 2568788.686746988], [693815.2663432084, 2568778.686746988], [693818.3915662649, 2568769.5364768617], [693819.2412961388, 2568768.686746988], [693828.391566265, 2568762.915498363], [693838.391566265, 2568764.0784777333], [693842.8857665845, 2568768.686746988], [693848.391566265, 2568774.1925466685], [693853.3410573613, 2568778.686746988], [693858.391566265, 2568782.6973569267], [693868.391566265, 2568786.7802686333], [693873.3410573613, 2568788.686746988], [693878.391566265, 2568791.2744149063], [693888.3915662649, 2568797.2010140945], [693898.391566265, 2568798.4108504183], [693908.391566265, 2568797.2010140945], [693918.391566265, 2568794.70186445], [693928.3915662651, 2568789.8453186457], [693930.83554404, 2568788.686746988], [693938.391566265, 2568783.185277449], [693948.391566265, 2568778.789922982], [693958.391566265, 2568781.204725535], [693967.5133713165, 2568788.686746988], [693968.3915662651, 2568789.5810710904], [693974.8784145212, 2568798.686746988], [693978.391566265, 2568802.812336448], [693981.4714981951, 2568808.686746988], [693988.391566265, 2568815.606815058], [693989.946935082, 2568818.686746988], [693994.3154805168, 2568828.686746988], [693992.900187623, 2568838.686746988], [693992.620999082, 2568848.686746988], [693991.2496582703, 2568858.686746988], [693988.7472228678, 2568868.686746988], [693988.391566265, 2568869.3115929826], [693980.6023525052, 2568878.686746988], [693978.391566265, 2568881.1861669873], [693969.4782156225, 2568888.686746988], [693968.391566265, 2568889.5588172264], [693958.391566265, 2568897.240013498], [693955.7662950046, 2568898.686746988], [693948.391566265, 2568906.0614757277], [693945.7662950046, 2568908.686746988], [693938.391566265, 2568916.0614757277], [693935.7352432967, 2568918.686746988], [693928.391566265, 2568926.467084106], [693926.1993743989, 2568928.686746988], [693918.3915662649, 2568937.6168087544], [693917.7807740667, 2568938.686746988], [693911.6587837264, 2568948.686746988], [693908.391566265, 2568954.666088487], [693905.3669652934, 2568958.686746988], [693898.391566265, 2568967.4132053154], [693897.5970004862, 2568968.686746988], [693896.4163240691, 2568978.686746988], [693896.4163240691, 2568988.686746988], [693898.391566265, 2568995.4257485475], [693899.0164122598, 2568998.686746988], [693903.9908994173, 2569008.686746988], [693908.391566265, 2569014.6156488657], [693911.0896972255, 2569018.686746988], [693918.391566265, 2569025.931935351], [693921.1124310901, 2569028.686746988], [693928.391566265, 2569033.1941893483], [693934.5075673256, 2569038.686746988], [693938.391566265, 2569040.936270329], [693948.391566265, 2569046.813613878], [693952.4264596761, 2569048.686746988], [693958.391566265, 2569050.8882532627], [693968.391566265, 2569051.814804255], [693978.391566265, 2569053.5023974413], [693988.391566265, 2569052.9139277022], [693998.391566265, 2569051.9540055906], [694008.3915662649, 2569050.201148268], [694013.3730759583, 2569048.686746988], [694018.391566265, 2569045.5390656223], [694028.391566265, 2569045.9210841237], [694038.3915662649, 2569046.6196486214], [694047.6757304912, 2569048.686746988], [694048.391566265, 2569048.9513252084], [694058.3915662649, 2569053.1727296934], [694068.3915662649, 2569053.6389089087], [694078.391566265, 2569054.12621322], [694088.391566265, 2569054.834371397], [694098.391566265, 2569054.12621322], [694108.3915662649, 2569052.568999485], [694118.391566265, 2569051.6564522334], [694128.391566265, 2569049.1383406185], [694129.0019643498, 2569048.686746988], [694138.391566265, 2569042.360099017], [694142.0649182941, 2569038.686746988], [694148.391566265, 2569032.360099017], [694158.391566265, 2569035.36698261], [694162.6471741326, 2569038.686746988], [694168.391566265, 2569043.167899615], [694178.391566265, 2569045.1471680216], [694182.8654745605, 2569048.686746988], [694188.391566265, 2569053.167899615], [694198.391566265, 2569053.167899615], [694208.391566265, 2569050.695687498], [694212.6805237634, 2569048.686746988], [694218.391566265, 2569045.9654240985], [694228.391566265, 2569046.381061402], [694234.1026087665, 2569048.686746988], [694238.391566265, 2569049.9774804073], [694248.391566265, 2569051.8148203124], [694258.391566265, 2569051.8148203124], [694268.391566265, 2569051.6878537317], [694278.391566265, 2569052.239190975], [694288.3915662649, 2569053.4426730243], [694298.391566265, 2569054.7122803503], [694305.6326478729, 2569058.6867469875], [694308.3915662651, 2569060.196497252], [694318.391566265, 2569063.7630201047], [694328.391566265, 2569064.489318367], [694338.391566265, 2569064.489318367], [694348.391566265, 2569065.181965583], [694358.391566265, 2569065.557454197], [694362.1232224307, 2569068.686746988], [694368.391566265, 2569074.2565741716], [694378.391566265, 2569075.973443966], [694381.3212588923, 2569078.686746988], [694388.391566265, 2569085.7898886604], [694391.2884245925, 2569088.686746988], [694398.391566265, 2569097.914208431], [694399.1109525687, 2569098.686746988], [694401.776756216, 2569108.686746988], [694408.1231169383, 2569118.686746988], [694408.391566265, 2569119.515490759], [694409.859133812, 2569128.686746988], [694411.7313773831, 2569138.686746988], [694412.5885694555, 2569148.686746988], [694410.2333670038, 2569158.686746988], [694408.7408461423, 2569168.686746988], [694408.391566265, 2569169.1398246936], [694398.3915662649, 2569178.4182976615], [694398.0491787723, 2569178.686746988], [694388.391566265, 2569183.824359359], [694381.3221397027, 2569188.686746988], [694378.391566265, 2569190.9427119503], [694368.391566265, 2569196.0372872166], [694362.9771943793, 2569198.686746988], [694358.391566265, 2569201.2828550194], [694348.391566265, 2569205.4173010574], [694340.7050773764, 2569208.686746988], [694338.391566265, 2569210.1457337216], [694328.391566265, 2569213.4908284373], [694318.391566265, 2569214.2599860253], [694312.6274474114, 2569208.686746988], [694308.391566265, 2569207.121295983], [694300.8281013113, 2569198.686746988], [694298.3915662649, 2569196.3890413903], [694291.8507634266, 2569188.6867469875], [694288.391566265, 2569185.924421974], [694281.9274738375, 2569178.686746988], [694278.3915662651, 2569175.609660095], [694271.6935291312, 2569168.686746988], [694268.391566265, 2569165.459303275], [694262.6348924522, 2569158.686746988], [694258.391566265, 2569149.8963642623], [694256.9389642919, 2569148.686746988], [694249.6976218347, 2569138.686746988], [694248.391566265, 2569135.0329308934], [694242.0453823598, 2569128.686746988], [694238.391566265, 2569125.0329308934], [694232.0453823598, 2569118.686746988], [694228.391566265, 2569115.0329308934], [694222.4160332093, 2569108.6867469884], [694218.391566265, 2569102.4254199886], [694214.7136480409, 2569098.686746988], [694209.597161913, 2569088.6867469884], [694208.391566265, 2569087.48115134], [694198.391566265, 2569081.587408107], [694194.7922166889, 2569078.686746988], [694188.391566265, 2569074.7453487674], [694178.391566265, 2569074.6618416384], [694168.391566265, 2569073.4101655893], [694158.391566265, 2569074.6618416384], [694151.1749957443, 2569078.686746988], [694148.3915662651, 2569080.5736539783], [694138.391566265, 2569080.935866543], [694128.391566265, 2569081.470176467], [694118.391566265, 2569088.2318151607], [694117.9366344378, 2569088.686746988], [694118.391566265, 2569089.1844479023], [694124.2830257099, 2569098.686746988], [694125.1683118031, 2569108.686746988], [694128.391566265, 2569112.795287543], [694132.1895170233, 2569118.686746988], [694134.2548737503, 2569128.686746988], [694138.391566265, 2569134.451037775], [694141.0091854616, 2569138.686746988], [694144.5196626941, 2569148.686746988], [694148.391566265, 2569154.8200579816], [694151.1243164588, 2569158.686746988], [694158.391566265, 2569167.843929911], [694159.1404659505, 2569168.686746988], [694168.391566265, 2569176.373347971], [694170.9317720395, 2569178.686746988], [694178.391566265, 2569185.478916778], [694181.7479639505, 2569188.686746988], [694188.391566265, 2569193.7053123997], [694194.490319538, 2569198.686746988], [694198.3915662649, 2569201.7808145965], [694208.3915662649, 2569208.4208088564], [694208.7591810881, 2569208.686746988], [694218.3915662649, 2569216.556005545], [694220.783142559, 2569218.686746988], [694228.391566265, 2569226.2951706937], [694230.7831425591, 2569228.686746988], [694238.391566265, 2569236.295170694], [694240.783142559, 2569238.686746988], [694248.391566265, 2569246.295170694], [694252.399989367, 2569248.686746988], [694258.391566265, 2569251.3332438385], [694268.391566265, 2569257.0307476996], [694271.4578433855, 2569258.686746988], [694278.391566265, 2569261.449072002], [694288.391566265, 2569264.8777397983], [694298.391566265, 2569268.627769239], [694299.4242179429, 2569268.686746988], [694308.391566265, 2569269.5291639618], [694318.391566265, 2569270.547842749], [694327.0674316162, 2569278.686746988], [694328.391566265, 2569279.7567985943], [694336.8695128772, 2569288.686746988], [694338.3915662651, 2569290.061213877], [694346.0877026789, 2569298.686746988], [694348.391566265, 2569300.811517912], [694357.3837713134, 2569308.686746988], [694358.391566265, 2569309.2532203575], [694368.3915662649, 2569311.0085236705], [694378.3915662649, 2569311.0085236705], [694388.391566265, 2569309.672616664], [694393.4976963891, 2569308.686746988], [694398.391566265, 2569306.1465438935], [694408.391566265, 2569300.0108816368], [694413.1000189523, 2569298.6867469875], [694418.391566265, 2569295.458260919], [694428.391566265, 2569293.7676346404], [694438.391566265, 2569294.2091359105], [694448.391566265, 2569294.4652465573], [694458.391566265, 2569294.9005311755], [694468.391566265, 2569294.4903557124], [694478.391566265, 2569292.124152163], [694485.1642585975, 2569288.686746988], [694488.391566265, 2569286.7861911403], [694498.391566265, 2569280.6858138563], [694501.0171839953, 2569278.686746988], [694508.391566265, 2569275.6998684327], [694518.391566265, 2569274.341431897], [694528.391566265, 2569271.5541996527], [694538.391566265, 2569271.3165686294], [694548.391566265, 2569271.4234562228], [694558.391566265, 2569272.901003789], [694568.391566265, 2569275.4096523365], [694578.391566265, 2569275.5752843185], [694588.391566265, 2569276.0329718944], [694598.391566265, 2569276.8992066807], [694606.6844895331, 2569278.686746988], [694608.391566265, 2569280.1576431626], [694618.391566265, 2569287.9526939904], [694620.7715052173, 2569288.686746988], [694628.391566265, 2569294.854977415], [694634.7018067484, 2569298.686746988], [694638.391566265, 2569302.3765065046], [694644.8782245729, 2569308.686746988], [694648.391566265, 2569312.1995835407], [694654.8787297122, 2569318.686746988], [694658.391566265, 2569322.20008868], [694667.5375901969, 2569328.686746988], [694668.3915662651, 2569329.5407230565], [694678.391566265, 2569338.5637296215], [694678.5618846676, 2569338.686746988], [694688.391566265, 2569348.184947184], [694689.3318756067, 2569348.686746988], [694698.391566265, 2569355.055536192], [694702.9815089577, 2569358.686746988], [694708.391566265, 2569363.2621547533], [694716.9093233976, 2569368.6867469884], [694718.391566265, 2569369.4911034424], [694728.391566265, 2569373.7234893916], [694738.391566265, 2569373.6842366927], [694748.3915662649, 2569372.8505281974], [694758.391566265, 2569370.636482343], [694768.0610529806, 2569368.686746988], [694768.391566265, 2569368.633980686], [694778.391566265, 2569365.7395170536], [694788.391566265, 2569362.629156906], [694798.391566265, 2569361.1418279386], [694808.391566265, 2569359.4720239043], [694818.391566265, 2569366.8038324476], [694827.8149267534, 2569368.686746988], [694828.3915662649, 2569369.027955346], [694838.391566265, 2569375.379397], [694846.9368745452, 2569378.686746988], [694848.391566265, 2569379.3643519776], [694858.391566265, 2569386.9016654347], [694861.2784390991, 2569388.686746988], [694868.391566265, 2569394.4489599913], [694877.3360861925, 2569398.6867469875], [694878.3915662649, 2569399.7422270603], [694886.6312247104, 2569408.6867469875], [694888.3097117827, 2569418.6867469884], [694888.391566265, 2569421.289747199], [694888.6284019615, 2569428.686746988], [694888.391566265, 2569430.689149184], [694886.6299284698, 2569438.686746988], [694882.7580267217, 2569448.686746988], [694878.391566265, 2569458.095973036], [694878.122693914, 2569458.686746988], [694869.1731406596, 2569468.686746988], [694868.391566265, 2569468.977056094], [694858.3915662651, 2569471.137689418], [694848.9391279654, 2569478.686746988], [694848.391566265, 2569478.9341604887], [694838.5208131, 2569488.686746988], [694838.391566265, 2569488.797653512], [694828.391566265, 2569491.573619822], [694818.391566265, 2569492.181989231], [694808.391566265, 2569492.194581721], [694798.391566265, 2569491.7450103196], [694788.391566265, 2569492.057271024], [694778.9577858504, 2569498.686746988], [694778.391566265, 2569499.071894603], [694768.3915662649, 2569500.9622763116], [694760.6670955883, 2569508.686746988], [694758.391566265, 2569511.8285723114], [694752.8069664515, 2569518.686746988], [694748.391566265, 2569525.7109665405], [694746.0944162122, 2569528.686746988], [694738.391566265, 2569538.686746988], [694738.391566265, 2569548.686746988], [694738.391566265, 2569558.686746988], [694748.391566265, 2569568.686746988], [694748.391566265, 2569568.686746988], [694758.391566265, 2569576.072310693], [694760.5991401911, 2569578.686746988], [694768.391566265, 2569584.971342471], [694775.1996107182, 2569588.686746988], [694778.3915662649, 2569591.7400218714], [694788.391566265, 2569596.8044163785], [694792.4905056101, 2569598.686746988], [694798.3915662651, 2569602.4702757765], [694808.391566265, 2569605.7112592245], [694818.391566265, 2569607.9889511066], [694828.391566265, 2569604.4177924115], [694838.391566265, 2569600.0760711604], [694841.5443586198, 2569598.686746988], [694848.391566265, 2569596.6597279715], [694858.3915662651, 2569590.6386848157], [694860.3435040927, 2569588.686746988], [694868.391566265, 2569581.1971297245], [694874.2959097712, 2569578.686746988], [694878.391566265, 2569573.707575698], [694884.2813276921, 2569568.686746988], [694888.391566265, 2569564.159467765], [694893.864287042, 2569558.686746988], [694898.3915662649, 2569548.9841507496], [694898.5957594184, 2569548.686746988], [694904.6085495639, 2569538.686746988], [694903.759814342, 2569528.686746988], [694898.3915662649, 2569520.7433017194], [694897.1947014628, 2569518.6867469884], [694895.3513875394, 2569508.686746988], [694894.0251058084, 2569498.686746988], [694897.7253420273, 2569488.686746988], [694898.391566265, 2569488.02052275], [694908.391566265, 2569480.3373794733], [694916.0423722973, 2569478.686746988], [694918.391566265, 2569478.0205227504], [694928.391566265, 2569478.3687139703], [694938.391566265, 2569478.0884081856], [694948.391566265, 2569472.308233291], [694958.391566265, 2569470.318273737], [694960.7788844375, 2569468.686746988], [694968.391566265, 2569462.308233291], [694972.9874561786, 2569458.686746988], [694978.391566265, 2569456.9123178897], [694984.9715915374, 2569448.686746988], [694988.391566265, 2569443.027447516], [694990.2711147169, 2569438.686746988], [694998.391566265, 2569429.38874022], [695008.391566265, 2569429.38874022], [695014.7182571378, 2569438.686746988], [695017.918240153, 2569448.686746988], [695018.3915662651, 2569451.0133305723], [695020.6536718999, 2569458.686746988], [695023.3345168221, 2569468.686746988], [695026.5120178132, 2569478.686746988], [695028.391566265, 2569484.126432934], [695029.5061818486, 2569488.686746988], [695028.391566265, 2569491.9853665433], [695025.3454842446, 2569498.686746988], [695019.5709823623, 2569508.686746988], [695018.391566265, 2569512.469763689], [695016.615264507, 2569518.686746988], [695011.0567547351, 2569528.686746988], [695009.5709823623, 2569538.686746988], [695008.391566265, 2569542.8264547186], [695006.8228285647, 2569548.686746988], [695006.8138430543, 2569558.686746988], [695006.8722484058, 2569568.686746988], [695008.391566265, 2569574.5470392574], [695009.5709823623, 2569578.686746988], [695017.2180045957, 2569588.686746988], [695018.391566265, 2569589.8813271853], [695026.1018149719, 2569598.686746988], [695028.391566265, 2569600.976498281], [695035.2932570677, 2569608.6867469875], [695038.391566265, 2569611.7421645713], [695044.8885545584, 2569618.686746988], [695048.391566265, 2569622.1897586947], [695054.1045872187, 2569628.686746988], [695058.391566265, 2569632.973726034], [695063.4317135504, 2569638.686746988], [695068.391566265, 2569643.7735793134], [695073.3047339394, 2569648.686746988], [695078.391566265, 2569653.7735793134], [695083.7143731515, 2569658.686746988], [695088.3915662651, 2569663.2876910567], [695095.2932570677, 2569668.686746988], [695098.391566265, 2569671.036946696], [695108.391566265, 2569678.2733288496], [695108.9126123794, 2569678.686746988], [695118.391566265, 2569685.57967401], [695123.8623653604, 2569688.686746988], [695128.391566265, 2569691.752206201], [695138.391566265, 2569698.393841011], [695138.7752258556, 2569698.686746988], [695148.391566265, 2569705.5219760383], [695158.1043201886, 2569708.6867469884], [695158.3915662651, 2569708.827633336], [695168.391566265, 2569716.1227362826], [695173.7526792546, 2569718.686746988], [695178.391566265, 2569721.6534142923], [695188.391566265, 2569725.9148523672], [695198.391566265, 2569728.327053207], [695199.5512520367, 2569728.686746988], [695208.3915662651, 2569732.234796586], [695218.391566265, 2569735.72917714], [695228.391566265, 2569736.478125638], [695238.391566265, 2569737.4766511535], [695242.0495485268, 2569738.686746988], [695248.391566265, 2569741.8241817597], [695258.391566265, 2569744.8617654843], [695268.391566265, 2569746.1001378787], [695278.391566265, 2569746.546547247], [695288.391566265, 2569746.7962846095], [695298.391566265, 2569746.9049335103], [695308.3915662651, 2569746.711541579], [695318.3915662651, 2569746.61884451], [695328.391566265, 2569746.823942094], [695338.391566265, 2569747.131612061], [695348.391566265, 2569747.414406123], [695355.7075307884, 2569748.686746988], [695358.391566265, 2569749.380298386], [695368.391566265, 2569753.704471018], [695378.391566265, 2569756.7915653707], [695382.3378106316, 2569758.686746988], [695388.3915662651, 2569762.4855279615], [695398.391566265, 2569766.8834567955], [695401.0157302619, 2569768.686746988], [695408.391566265, 2569775.703408934], [695411.3749043191, 2569778.686746988], [695418.391566265, 2569785.703408934], [695421.374904319, 2569788.686746988], [695428.391566265, 2569795.703408934], [695431.32041026, 2569798.686746988], [695438.391566265, 2569805.649607703], [695441.4843332599, 2569808.686746988], [695448.391566265, 2569815.593979993], [695451.42870555, 2569818.686746988], [695458.391566265, 2569825.757902993], [695461.32041026, 2569828.686746988], [695468.391566265, 2569835.757902993], [695471.374904319, 2569838.686746988], [695478.391566265, 2569845.8334103166], [695481.2607252779, 2569848.686746988], [695487.9884484618, 2569858.6867469875], [695488.3915662651, 2569859.257409257], [695494.9419521374, 2569868.686746988], [695498.391566265, 2569872.7449662555], [695503.3860114916, 2569878.686746988], [695508.391566265, 2569884.1115909135], [695512.8455372637, 2569888.686746988], [695518.391566265, 2569894.232775989], [695524.6277466144, 2569898.686746988], [695528.391566265, 2569902.064866998], [695538.391566265, 2569903.534243295], [695548.391566265, 2569905.190909436], [695558.391566265, 2569905.2601813395], [695568.391566265, 2569905.573428507], [695578.391566265, 2569906.9195256783], [695588.391566265, 2569908.4105955455], [695598.391566265, 2569908.4177088644], [695608.3915662651, 2569907.134476856], [695618.391566265, 2569907.068169414], [695628.391566265, 2569907.76114953], [695632.7999573725, 2569908.686746988], [695638.391566265, 2569912.230115143], [695648.391566265, 2569916.654742365], [695657.6080295845, 2569918.686746988], [695658.391566265, 2569919.2246416803], [695668.391566265, 2569919.335500379], [695669.699378765, 2569918.686746988], [695678.391566265, 2569917.6560241724], [695683.5992300089, 2569918.686746988], [695688.391566265, 2569923.228048347], [695693.8502649063, 2569928.686746988], [695697.345882677, 2569938.686746988], [695698.391566265, 2569939.884086234], [695701.929958506, 2569948.686746988], [695708.391566265, 2569958.331555731], [695708.7467575219, 2569958.686746988], [695709.1369209313, 2569968.686746988], [695714.5147714526, 2569978.686746988], [695718.391566265, 2569979.884086234], [695728.391566265, 2569986.6404129495], [695730.4439363747, 2569988.686746988], [695738.391566265, 2569991.6646617884], [695747.9582078363, 2569998.686746988], [695748.391566265, 2569999.088904247], [695755.5741015796, 2570008.6867469875], [695758.3915662651, 2570012.107694108], [695761.8341108762, 2570018.686746988], [695766.6703769655, 2570028.6867469875], [695768.391566265, 2570031.5042116735], [695771.2265209551, 2570038.686746988], [695773.9805767542, 2570048.686746988], [695778.391566265, 2570058.119405596], [695778.5728985498, 2570058.686746988], [695783.6344518063, 2570068.6867469875], [695788.391566265, 2570075.851792298], [695789.6837008183, 2570078.6867469875], [695797.0608847023, 2570088.6867469875], [695798.3915662649, 2570091.930631003], [695802.4559190422, 2570098.686746988], [695806.429643862, 2570108.686746988], [695807.5545481938, 2570118.686746988], [695807.2924622428, 2570128.6867469884], [695804.5155244477, 2570138.686746988], [695798.391566265, 2570147.163016763], [695797.7230425508, 2570148.686746988], [695789.2340863084, 2570158.686746988], [695788.391566265, 2570160.1328856554], [695785.0526565665, 2570168.6867469884], [695778.391566265, 2570177.8921390176], [695777.8547529307, 2570178.686746988], [695768.9078214585, 2570188.686746988], [695768.391566265, 2570190.0107070566], [695764.3984943152, 2570198.686746988], [695758.391566265, 2570207.7502474766], [695757.6581153413, 2570208.686746988], [695748.8985243599, 2570218.686746988], [695748.3915662649, 2570219.5292670312], [695740.471724174, 2570228.686746988], [695738.391566265, 2570235.2933903886], [695736.7183974494, 2570238.6867469884], [695728.7314332726, 2570248.686746988], [695728.3915662651, 2570249.289181228], [695718.391566265, 2570252.489545701], [695708.391566265, 2570251.83443357], [695698.391566265, 2570250.7555560516], [695693.978524912, 2570248.686746988], [695688.391566265, 2570246.4550702916], [695678.391566265, 2570244.4441999085], [695668.391566265, 2570240.755556051], [695664.9169365043, 2570238.686746988], [695658.391566265, 2570233.5238044607], [695654.7889009168, 2570228.686746988], [695648.391566265, 2570224.538256105], [695643.0437737228, 2570218.686746988], [695638.391566265, 2570214.03453953], [695634.2491948942, 2570208.686746988], [695630.8671653272, 2570198.686746988], [695628.391566265, 2570195.7575641638], [695622.4156646498, 2570188.686746988], [695620.6603718111, 2570178.686746988], [695618.391566265, 2570175.0896287235], [695614.5557420612, 2570168.686746988], [695611.0696187697, 2570158.686746988], [695609.1023369886, 2570148.686746988], [695608.391566265, 2570147.4288331033], [695602.1819158343, 2570138.686746988], [695600.5583647275, 2570128.686746988], [695599.0056288571, 2570118.686746988], [695598.391566265, 2570117.302754679], [695590.0148996332, 2570108.686746988], [695588.3915662649, 2570100.6507675676], [695586.4275456856, 2570098.686746988], [695586.3780436625, 2570088.686746988], [695579.8860163667, 2570078.686746988], [695578.391566265, 2570076.374944297], [695568.391566265, 2570072.457977211], [695558.391566265, 2570073.365752657], [695556.6498131035, 2570068.686746988], [695548.391566265, 2570064.4236385254], [695546.5852298286, 2570058.686746988], [695539.7269002342, 2570048.686746988], [695538.391566265, 2570046.684610228], [695531.6960697715, 2570038.686746988], [695528.391566265, 2570033.660181488], [695521.7806016937, 2570028.686746988], [695518.3915662651, 2570025.7854487086], [695508.391566265, 2570020.345711055], [695502.6546747279, 2570018.686746988], [695498.391566265, 2570017.6207349584], [695488.391566265, 2570015.8689726056], [695478.391566265, 2570016.525475919], [695468.391566265, 2570017.7765787737], [695462.6367286951, 2570018.686746988], [695458.391566265, 2570020.6063934118], [695448.391566265, 2570020.561174175], [695438.391566265, 2570020.541435281], [695428.391566265, 2570020.23626996], [695418.391566265, 2570020.3010591757], [695408.391566265, 2570021.0613042666], [695398.391566265, 2570027.0063174227], [695388.391566265, 2570024.0282498263], [695387.02916322, 2570018.686746988], [695383.149703813, 2570008.686746988], [695380.5814668443, 2569998.686746988], [695379.8575765658, 2569988.686746988], [695378.391566265, 2569987.0050323703], [695373.317233626, 2569978.686746988], [695368.6685986157, 2569968.686746988], [695368.3915662651, 2569968.404402902], [695359.5627474422, 2569958.686746988], [695358.3915662649, 2569957.324411773], [695351.4299678886, 2569948.686746988], [695348.391566265, 2569945.0956780887], [695342.7622570712, 2569938.686746988], [695338.391566265, 2569930.979829172], [695336.1969729852, 2569928.686746988], [695328.982148135, 2569918.686746988], [695328.391566265, 2569918.0892986674], [695318.7664502268, 2569908.686746988], [695318.391566265, 2569908.311863026], [695308.6739103515, 2569898.686746988], [695308.391566265, 2569898.407755328], [695298.391566265, 2569892.0031286525], [695288.391566265, 2569890.6738071376], [695278.391566265, 2569890.578654947], [695268.391566265, 2569889.5776411523], [695262.1561992193, 2569888.686746988], [695258.391566265, 2569888.338951163], [695248.391566265, 2569887.1432611123], [695238.391566265, 2569886.8182147327], [695228.3915662649, 2569886.759890847], [695218.391566265, 2569886.759890847], [695208.391566265, 2569887.1432611123], [695205.2456866492, 2569888.686746988], [695198.391566265, 2569892.57800417], [695190.8187177314, 2569898.686746988], [695188.391566265, 2569901.0787960174], [695182.2372996032, 2569908.686746988], [695178.391566265, 2569915.2438810063], [695177.0341550326, 2569918.686746988], [695173.6289894292, 2569928.686746988], [695169.8400381142, 2569938.686746988], [695168.3915662649, 2569940.674380635], [695164.7116933377, 2569948.686746988], [695160.343521674, 2569958.686746988], [695158.391566265, 2569960.866539266], [695153.6955864151, 2569968.6867469875], [695148.391566265, 2569976.6640875866], [695147.1843665784, 2569978.686746988], [695148.391566265, 2569983.75436255], [695149.7323102748, 2569988.686746988], [695151.8027005116, 2569998.686746988], [695158.391566265, 2570006.7347915787], [695160.5713585434, 2570008.686746988], [695168.391566265, 2570016.2183548347], [695174.9857234578, 2570018.686746988], [695178.391566265, 2570019.802598695], [695188.391566265, 2570022.010516634], [695198.391566265, 2570021.8504841016], [695208.3915662649, 2570023.5265675467], [695218.3915662649, 2570027.0774408556], [695223.1610152791, 2570028.686746988], [695228.391566265, 2570031.5149438735], [695238.391566265, 2570037.931193367], [695239.9150110292, 2570038.686746988], [695248.391566265, 2570045.85784637], [695255.8099132729, 2570048.686746988], [695258.391566265, 2570050.212112691], [695268.391566265, 2570055.205147573], [695278.391566265, 2570058.5087762796], [695279.0457688607, 2570058.686746988], [695288.3915662649, 2570063.4143851367], [695298.391566265, 2570064.65632894], [695308.391566265, 2570064.774334462], [695318.391566265, 2570062.68319926], [695328.391566265, 2570059.878032862], [695332.2026845682, 2570058.686746988], [695338.391566265, 2570056.908661651], [695348.391566265, 2570052.8287095823], [695358.391566265, 2570049.3004988325], [695359.7086814289, 2570048.6867469884], [695368.391566265, 2570043.9309986904], [695378.391566265, 2570039.573164269], [695380.7895461803, 2570038.686746988], [695388.391566265, 2570031.084726903], [695398.391566265, 2570034.1857042583], [695399.0606646576, 2570038.686746988], [695406.2016656856, 2570048.686746988], [695408.391566265, 2570051.412716574], [695415.6655966792, 2570058.686746988], [695418.391566265, 2570061.412716574], [695422.6367286951, 2570068.686746988], [695428.391566265, 2570075.5884494656], [695430.3505188427, 2570078.686746988], [695438.391566265, 2570085.8279795274], [695441.0134769777, 2570088.686746988], [695448.391566265, 2570096.9086616514], [695449.8464740439, 2570098.686746988], [695454.1176563215, 2570108.686746988], [695458.391566265, 2570117.269521132], [695459.0276110732, 2570118.6867469875], [695458.391566265, 2570120.2489606645], [695454.6167179579, 2570128.686746988], [695454.1176563215, 2570138.686746988], [695451.6677347947, 2570148.686746988], [695451.6677347947, 2570158.686746988], [695451.6677347947, 2570168.686746988], [695451.6677347947, 2570178.686746988], [695448.3915662651, 2570180.549601551], [695438.391566265, 2570183.177631098], [695428.391566265, 2570183.0180843654], [695418.3915662651, 2570185.1048873346], [695415.0732080801, 2570188.686746988], [695408.391566265, 2570192.5064629083], [695398.391566265, 2570198.404293565], [695396.5252692015, 2570198.686746988], [695388.391566265, 2570202.104510784], [695378.391566265, 2570208.686746988], [695378.391566265, 2570208.686746988], [695368.391566265, 2570218.686746988], [695368.391566265, 2570228.686746988], [695368.391566265, 2570228.686746988], [695358.391566265, 2570238.686746988], [695358.391566265, 2570248.686746988], [695358.391566265, 2570258.686746988], [695358.391566265, 2570268.686746988], [695358.391566265, 2570278.686746988], [695358.391566265, 2570288.686746988], [695358.391566265, 2570298.686746988], [695368.391566265, 2570308.686746988], [695368.391566265, 2570308.686746988], [695368.391566265, 2570318.686746988], [695368.391566265, 2570318.686746988], [695358.391566265, 2570328.686746988], [695358.391566265, 2570338.686746988], [695358.391566265, 2570338.686746988], [695348.391566265, 2570348.686746988], [695348.391566265, 2570348.686746988], [695338.391566265, 2570358.686746988], [695338.391566265, 2570358.686746988], [695328.391566265, 2570368.686746988], [695328.391566265, 2570368.686746988], [695318.391566265, 2570368.686746988], [695308.391566265, 2570378.686746988], [695308.391566265, 2570378.686746988], [695298.391566265, 2570378.686746988], [695288.391566265, 2570378.686746988], [695278.391566265, 2570378.686746988], [695268.391566265, 2570378.686746988], [695258.391566265, 2570388.686746988], [695258.391566265, 2570388.686746988], [695248.391566265, 2570388.686746988], [695238.391566265, 2570398.686746988], [695238.391566265, 2570398.686746988], [695228.391566265, 2570408.686746988], [695228.391566265, 2570408.686746988], [695218.391566265, 2570418.686746988], [695218.391566265, 2570418.686746988], [695208.391566265, 2570428.686746988], [695208.391566265, 2570428.686746988], [695198.391566265, 2570438.686746988], [695198.391566265, 2570438.686746988], [695188.391566265, 2570448.686746988], [695188.391566265, 2570448.686746988], [695178.391566265, 2570458.686746988], [695178.391566265, 2570458.686746988], [695168.391566265, 2570468.686746988], [695168.391566265, 2570478.686746988], [695168.391566265, 2570488.686746988], [695168.391566265, 2570488.686746988], [695158.391566265, 2570498.686746988], [695158.391566265, 2570508.686746988], [695158.391566265, 2570508.686746988], [695148.391566265, 2570518.686746988], [695148.391566265, 2570528.686746988], [695148.391566265, 2570538.686746988], [695158.391566265, 2570548.686746988], [695158.391566265, 2570548.686746988], [695158.391566265, 2570558.686746988], [695168.1077102836, 2570568.686746988], [695168.391566265, 2570568.9317709827], [695178.1465422707, 2570578.686746988], [695178.391566265, 2570578.823049784], [695188.2552634691, 2570588.686746988], [695188.391566265, 2570588.7721541515], [695198.391566265, 2570589.0088478136], [695208.391566265, 2570589.21464355], [695218.391566265, 2570589.247436495], [695228.391566265, 2570588.929573472], [695238.391566265, 2570588.686746988], [695238.391566265, 2570588.686746988], [695248.391566265, 2570588.686746988], [695258.391566265, 2570578.686746988], [695258.391566265, 2570578.686746988], [695268.391566265, 2570578.686746988], [695278.391566265, 2570568.686746988], [695278.391566265, 2570568.686746988], [695288.391566265, 2570568.686746988], [695288.391566265, 2570568.686746988], [695298.391566265, 2570578.686746988], [695308.391566265, 2570578.686746988], [695318.391566265, 2570578.686746988], [695318.391566265, 2570578.686746988], [695328.391566265, 2570588.686746988], [695338.391566265, 2570588.686746988], [695338.391566265, 2570588.686746988], [695348.391566265, 2570598.686746988], [695348.391566265, 2570598.686746988], [695348.391566265, 2570608.686746988], [695352.6591696205, 2570618.686746988], [695354.3635913755, 2570628.686746988], [695355.3252984496, 2570638.686746988], [695355.9468647051, 2570648.686746988], [695355.9954956747, 2570658.686746988], [695356.085885951, 2570668.686746988], [695356.4611838586, 2570678.686746988], [695357.192528204, 2570688.6867469875], [695357.4012145197, 2570698.686746988], [695358.391566265, 2570703.6697571506], [695359.1867556497, 2570708.686746988], [695359.4091437658, 2570718.686746988], [695360.7143589698, 2570728.686746988], [695362.4385061036, 2570738.686746988], [695367.1843757612, 2570748.686746988], [695368.391566265, 2570750.211149153], [695378.081693289, 2570758.686746988], [695378.391566265, 2570758.9977619178], [695388.391566265, 2570763.576609683], [695398.391566265, 2570767.417761062], [695402.6732036183, 2570768.686746988], [695408.391566265, 2570770.528490942], [695418.391566265, 2570771.838155997], [695428.3915662651, 2570771.838155997], [695438.3915662649, 2570770.7624510685], [695444.4891685806, 2570768.686746988], [695448.391566265, 2570767.6163319075], [695458.391566265, 2570759.919851065], [695459.8614076148, 2570758.686746988], [695468.391566265, 2570750.293934572], [695469.9987538491, 2570748.6867469875], [695478.391566265, 2570740.2939345716], [695479.2441570502, 2570738.6867469875], [695485.1928032741, 2570728.686746988], [695488.391566265, 2570723.331331021], [695490.8618847092, 2570718.686746988], [695497.9517674244, 2570708.686746988], [695498.391566265, 2570707.707195374], [695502.2837741952, 2570698.6867469875], [695507.9517674245, 2570688.686746988], [695508.391566265, 2570687.749279313], [695513.6239936841, 2570678.686746988], [695517.1568002691, 2570668.686746988], [695518.391566265, 2570662.756902813], [695519.2917972927, 2570658.686746988], [695518.6161386564, 2570648.686746988], [695518.391566265, 2570648.302988881], [695513.3492746053, 2570638.686746988], [695508.3915662651, 2570630.009565544], [695507.45409859, 2570628.686746988], [695503.1407920676, 2570618.6867469884], [695498.3915662649, 2570613.7290386474], [695494.0036314769, 2570608.686746988], [695490.3356640735, 2570598.6867469875], [695488.391566265, 2570596.262599074], [695483.1407920676, 2570588.6867469884], [695478.391566265, 2570582.9038212784], [695474.7993527758, 2570578.686746988], [695469.5540261131, 2570568.686746988], [695468.391566265, 2570567.280939955], [695461.5302191864, 2570558.686746988], [695458.3915662649, 2570555.408376007], [695453.1407920676, 2570548.686746988], [695448.391566265, 2570539.0485466644], [695447.8918083224, 2570538.686746988], [695439.2705066568, 2570528.686746988], [695438.391566265, 2570527.7802032395], [695430.1790251591, 2570518.686746988], [695429.5184675101, 2570508.686746988], [695429.7467453848, 2570498.686746988], [695430.9090497862, 2570488.686746988], [695438.3915662649, 2570479.9275533017], [695438.9288481533, 2570478.686746988], [695443.3382964414, 2570468.6867469884], [695448.391566265, 2570463.360859057], [695450.5623565784, 2570458.686746988], [695458.391566265, 2570450.2614903287], [695459.2440186843, 2570448.686746988], [695468.391566265, 2570439.346437108], [695468.8993637236, 2570438.686746988], [695478.3915662649, 2570429.1945444467], [695478.9276751202, 2570428.686746988], [695488.391566265, 2570419.222855843], [695489.2529703187, 2570418.686746988], [695498.391566265, 2570410.24433944], [695501.9718563714, 2570408.686746988], [695508.391566265, 2570405.4081084924], [695518.391566265, 2570399.8720730934], [695525.5645258505, 2570398.686746988], [695528.391566265, 2570398.048985861], [695538.391566265, 2570391.465993343], [695548.391566265, 2570389.4301530346], [695554.8193991963, 2570388.686746988], [695558.391566265, 2570388.1092695426], [695568.391566265, 2570385.231446197], [695578.391566265, 2570379.8720730934], [695588.391566265, 2570379.5848766747], [695598.3915662651, 2570379.636754888], [695608.391566265, 2570381.1979859974], [695618.391566265, 2570387.4469725704], [695620.3618713398, 2570388.686746988], [695628.391566265, 2570393.5743988887], [695630.8591678803, 2570398.686746988], [695636.7116969827, 2570408.6867469884], [695638.3915662649, 2570410.613179717], [695642.427203208, 2570418.686746988], [695648.391566265, 2570426.8985498613], [695649.6824869995, 2570428.686746988], [695652.3873632036, 2570438.686746988], [695652.9469728247, 2570448.686746988], [695652.9469728247, 2570458.686746988], [695652.8411206414, 2570468.686746988], [695651.9531469177, 2570478.686746988], [695651.3954828085, 2570488.686746988], [695650.0441189605, 2570498.686746988], [695649.769302474, 2570508.686746988], [695648.391566265, 2570514.0784928426], [695646.7474733995, 2570518.686746988], [695644.8454894819, 2570528.686746988], [695644.8430681113, 2570538.686746988], [695644.5332060165, 2570548.686746988], [695643.6711926744, 2570558.686746988], [695642.8692045629, 2570568.686746988], [695642.6715666847, 2570578.686746988], [695643.2292503144, 2570588.686746988], [695643.419757124, 2570598.686746988], [695643.5452212738, 2570608.6867469884], [695643.8513691116, 2570618.686746988], [695644.8430681113, 2570628.686746988], [695648.3915662649, 2570633.641479049], [695653.3188442888, 2570638.686746988], [695658.391566265, 2570648.6039405703], [695658.4526573897, 2570648.686746988], [695664.1362976744, 2570658.686746988], [695668.391566265, 2570664.9207461854], [695671.5268622504, 2570668.686746988], [695678.061261778, 2570678.6867469875], [695678.391566265, 2570679.532823433], [695680.8154565211, 2570688.686746988], [695684.1012718413, 2570698.686746988], [695688.391566265, 2570708.174446512], [695688.6915593487, 2570708.686746988], [695693.7870575482, 2570718.6867469884], [695698.391566265, 2570728.5722276038], [695698.4474121667, 2570728.686746988], [695702.0038926343, 2570738.686746988], [695701.9028170886, 2570748.686746988], [695701.1849900655, 2570751.4801707887]]}}, {"type": "Feature", "properties": {"level": 3.0, "label": "3 h"}, "geometry": {"type": "LineString", "coordinates": [[695221.6121565381, 2568005.4661567146], [695228.391566265, 2568006.844049497], [695231.7885907333, 2568008.686746988], [695238.391566265, 2568013.014692657], [695245.6829014269, 2568018.6867469884], [695248.3915662649, 2568020.955602614], [695258.391566265, 2568023.174079567], [695265.5378172676, 2568028.686746988], [695268.391566265, 2568031.164669705], [695278.3915662649, 2568032.893205544], [695288.391566265, 2568037.907042544], [695289.8919799409, 2568038.686746988], [695298.391566265, 2568043.7765751076], [695305.8956390005, 2568048.686746988], [695308.391566265, 2568050.2057837653], [695318.391566265, 2568054.7482157596], [695323.8274704332, 2568058.6867469875], [695328.391566265, 2568061.148139241], [695338.391566265, 2568064.971443051], [695345.2545433522, 2568068.686746988], [695348.391566265, 2568070.2545333277], [695358.391566265, 2568073.810861001], [695367.9688157962, 2568078.686746988], [695368.391566265, 2568078.9023210816], [695378.3915662649, 2568082.3238682155], [695387.4419742627, 2568088.686746988], [695388.391566265, 2568089.4323668196], [695398.391566265, 2568093.870735241], [695404.6558663391, 2568098.686746988], [695408.391566265, 2568101.654281495], [695416.3454229464, 2568108.686746988], [695418.391566265, 2568110.2935549673], [695427.9869928701, 2568118.686746988], [695428.391566265, 2568119.0327577493], [695438.391566265, 2568123.6353269797], [695444.7167180011, 2568128.686746988], [695448.391566265, 2568131.246663515], [695457.9499949705, 2568138.686746988], [695458.391566265, 2568139.1249758145], [695468.391566265, 2568145.3908704757], [695472.1506245706, 2568148.686746988], [695478.391566265, 2568154.8544519558], [695482.2785825452, 2568158.686746988], [695488.391566265, 2568164.484113087], [695492.5942001662, 2568168.686746988], [695498.391566265, 2568173.636717087], [695503.3838733267, 2568178.686746988], [695508.3915662651, 2568182.1534046237], [695515.6888635623, 2568188.686746988], [695518.391566265, 2568192.80494654], [695525.0263934095, 2568198.686746988], [695528.391566265, 2568200.8021625993], [695538.391566265, 2568205.2509556646], [695548.3915662649, 2568206.247099094], [695558.391566265, 2568206.287280585], [695568.391566265, 2568208.607488339], [695568.7963928257, 2568208.686746988], [695578.391566265, 2568210.0166965337], [695588.391566265, 2568212.1461508214], [695598.391566265, 2568214.604493308], [695608.149893953, 2568218.686746988], [695608.391566265, 2568218.7973973984], [695618.3915662651, 2568221.9050742085], [695628.391566265, 2568225.738378479], [695637.06866612, 2568228.686746988], [695638.391566265, 2568229.195515057], [695648.391566265, 2568233.8079006765], [695654.682804127, 2568238.686746988], [695658.3915662649, 2568240.903960338], [695668.2655441253, 2568248.686746988], [695668.391566265, 2568248.7839871217], [695678.391566265, 2568253.9062987324], [695683.6510681472, 2568258.686746988], [695688.391566265, 2568263.3451230843], [695693.4208681933, 2568268.6867469884], [695698.3915662651, 2568273.31776419], [695703.5945359345, 2568278.686746988], [695708.391566265, 2568283.483777318], [695711.436266565, 2568288.686746988], [695718.391566265, 2568297.7006403017], [695718.9523687067, 2568298.686746988], [695724.9888451139, 2568308.686746988], [695728.391566265, 2568314.669675372], [695729.6931719244, 2568318.6867469875], [695732.7141899886, 2568328.686746988], [695736.1875493561, 2568338.686746988], [695738.3400502107, 2568348.686746988], [695738.391566265, 2568348.890377853], [695739.6861266142, 2568358.686746988], [695741.6525158344, 2568368.686746988], [695748.2780990477, 2568378.686746988], [695748.391566265, 2568378.8211698844], [695753.5619483204, 2568388.686746988], [695758.391566265, 2568394.920812918], [695760.8760548563, 2568398.686746988], [695768.296186387, 2568408.6867469884], [695768.391566265, 2568408.842094537], [695773.4576428307, 2568418.6867469884], [695778.391566265, 2568425.366008927], [695780.933861721, 2568428.686746988], [695784.2290527154, 2568438.686746988], [695788.391566265, 2568443.8624769016], [695792.6358040113, 2568448.686746988], [695798.391566265, 2568454.483771066], [695802.594542187, 2568458.686746988], [695808.391566265, 2568464.442509242], [695813.6137835714, 2568468.6867469875], [695818.391566265, 2568472.6697986084], [695828.391566265, 2568474.59467295], [695838.391566265, 2568476.6372196353], [695846.4750977713, 2568478.686746988], [695848.391566265, 2568479.4483540207], [695858.391566265, 2568483.8809720487], [695868.391566265, 2568485.9206123385], [695878.391566265, 2568488.08113454], [695880.323518911, 2568488.686746988], [695888.391566265, 2568492.022560294], [695898.391566265, 2568492.7522741067], [695908.391566265, 2568492.945087634], [695918.391566265, 2568492.7813396277], [695928.391566265, 2568493.775715352], [695938.391566265, 2568494.3728173934], [695948.391566265, 2568495.076766967], [695958.391566265, 2568498.4789429624], [695959.3943213619, 2568498.686746988], [695968.391566265, 2568501.8917385773], [695978.391566265, 2568504.898536977], [695988.391566265, 2568506.1221924266], [695994.8406214308, 2568508.686746988], [695998.391566265, 2568511.80745049], [696008.3915662651, 2568512.81727059], [696018.391566265, 2568518.488191677], [696019.5295944341, 2568518.686746988], [696028.391566265, 2568522.3736693007], [696038.391566265, 2568527.796498053], [696041.248209412, 2568528.686746988], [696048.391566265, 2568530.99407799], [696058.391566265, 2568531.996686531], [696068.3915662649, 2568532.898020651], [696078.391566265, 2568528.7942550937], [696078.548852526, 2568528.686746988], [696088.391566265, 2568525.7822399586], [696098.3915662651, 2568523.5214390727], [696103.605658415, 2568518.686746988], [696108.391566265, 2568515.8385731624], [696118.3915662649, 2568512.7353129666], [696124.3101933531, 2568508.686746988], [696128.391566265, 2568506.613863054], [696138.391566265, 2568505.593736482], [696148.391566265, 2568504.860267643], [696158.391566265, 2568503.8832146362], [696168.391566265, 2568503.707183283], [696178.391566265, 2568503.707183283], [696188.391566265, 2568503.4019779237], [696198.391566265, 2568504.1758916085], [696208.391566265, 2568504.2341306834], [696218.3915662649, 2568506.52023686], [696225.4934206489, 2568508.686746988], [696228.391566265, 2568510.095264245], [696238.3915662651, 2568512.840006324], [696248.391566265, 2568516.1404019543], [696251.1352249808, 2568518.686746988], [696258.391566265, 2568528.2363195918], [696258.8003107457, 2568528.686746988], [696262.7979795465, 2568538.686746988], [696262.7979795465, 2568548.686746988], [696262.0246982544, 2568558.686746988], [696260.0105210764, 2568568.686746988], [696258.391566265, 2568572.440212313], [696256.7649362813, 2568578.6867469875], [696248.391566265, 2568583.4971079463], [696238.7749993419, 2568588.686746988], [696238.391566265, 2568588.7690581167], [696228.391566265, 2568591.475137148], [696218.3915662649, 2568597.7016155324], [696216.8495191296, 2568598.686746988], [696208.391566265, 2568600.391965785], [696198.391566265, 2568601.7309811185], [696188.391566265, 2568603.4040874257], [696178.391566265, 2568603.9933369076], [696168.391566265, 2568603.9933369076], [696158.391566265, 2568603.528676901], [696148.391566265, 2568602.36542102], [696138.3915662649, 2568600.7351011075], [696131.7015058085, 2568598.686746988], [696128.391566265, 2568597.176120292], [696118.391566265, 2568593.6798278606], [696108.4906039593, 2568588.686746988], [696108.391566265, 2568588.63412176], [696098.391566265, 2568585.3768074443], [696088.3915662651, 2568580.8989684517], [696078.3915662651, 2568580.7311644116], [696068.3915662649, 2568580.7311644116], [696058.391566265, 2568580.8989684517], [696048.391566265, 2568588.579238882], [696048.2840581591, 2568588.686746988], [696038.391566265, 2568594.099396129], [696030.284216956, 2568598.686746988], [696028.391566265, 2568599.7089557], [696018.391566265, 2568605.9686022284], [696010.312411314, 2568608.686746988], [696008.391566265, 2568608.99414196], [695998.391566265, 2568611.7392831226], [695988.391566265, 2568613.7489481457], [695978.391566265, 2568616.097157563], [695969.5094667188, 2568618.686746988], [695968.391566265, 2568618.8775679185], [695958.3915662649, 2568620.191988723], [695948.3915662651, 2568620.653721267], [695938.3915662649, 2568621.052214238], [695928.391566265, 2568621.052214238], [695918.3915662649, 2568621.052214238], [695908.391566265, 2568621.052214238], [695898.391566265, 2568620.965307082], [695888.3915662649, 2568620.191988723], [695878.391566265, 2568619.4000247684], [695868.391566265, 2568619.373838587], [695858.391566265, 2568619.3341410686], [695848.391566265, 2568619.3341410686], [695847.2310560537, 2568618.686746988], [695838.3915662649, 2568613.8269807836], [695828.391566265, 2568609.522754593], [695827.2310560538, 2568608.686746988], [695818.3915662651, 2568603.779927784], [695808.5792400914, 2568598.686746988], [695808.391566265, 2568598.508602051], [695798.391566265, 2568589.6011570976], [695797.2310560538, 2568588.686746988], [695788.391566265, 2568583.7383616334], [695782.1733123567, 2568578.686746988], [695778.391566265, 2568574.944027901], [695769.1552831572, 2568568.6867469875], [695768.391566265, 2568567.936208208], [695758.391566265, 2568560.415315333], [695756.5507798553, 2568558.686746988], [695748.391566265, 2568551.2099996503], [695745.8683136028, 2568548.686746988], [695738.391566265, 2568541.2099996503], [695736.1366066316, 2568538.686746988], [695733.060383355, 2568528.6867469875], [695730.6244326262, 2568518.6867469875], [695728.391566265, 2568516.308389092], [695723.5298189957, 2568508.686746988], [695719.0602512409, 2568498.686746988], [695718.391566265, 2568498.0080002593], [695711.8861629928, 2568488.686746988], [695708.391566265, 2568485.1921502603], [695701.8861629928, 2568478.6867469875], [695698.3915662651, 2568475.3313471153], [695688.391566265, 2568470.140928883], [695686.3406750014, 2568468.686746988], [695678.3915662649, 2568463.77699518], [695670.06310263, 2568458.6867469875], [695668.391566265, 2568457.1031861217], [695659.5075477366, 2568448.686746988], [695658.391566265, 2568447.5707655163], [695648.9849551134, 2568438.686746988], [695648.3915662651, 2568438.1119233156], [695638.391566265, 2568432.7353133718], [695631.0113773972, 2568428.686746988], [695628.3915662651, 2568426.8840442365], [695619.047053623, 2568418.686746988], [695618.391566265, 2568418.110038154], [695608.391566265, 2568412.570767503], [695603.797501889, 2568408.686746988], [695598.391566265, 2568403.7613337794], [695589.4551369245, 2568398.686746988], [695588.391566265, 2568398.0933581395], [695578.391566265, 2568393.6202788367], [695568.3915662651, 2568388.78602964], [695568.220450927, 2568388.686746988], [695558.391566265, 2568383.20517661], [695551.909115714, 2568378.686746988], [695548.391566265, 2568372.7330258414], [695544.6767700749, 2568368.686746988], [695539.4086865543, 2568358.686746988], [695538.391566265, 2568357.4797021598], [695530.6235283216, 2568348.686746988], [695528.391566265, 2568342.3030128423], [695526.85613517, 2568338.686746988], [695519.152401957, 2568328.686746988], [695518.3915662649, 2568327.7427169746], [695511.2669036232, 2568318.686746988], [695508.391566265, 2568315.6032839306], [695501.4750293223, 2568308.6867469884], [695498.391566265, 2568303.6433107243], [695493.5370674304, 2568298.686746988], [695488.391566265, 2568290.4028306743], [695486.4665072466, 2568288.686746988], [695478.391566265, 2568283.8922442533], [695473.1860689993, 2568278.686746988], [695468.391566265, 2568276.950030142], [695459.9175188711, 2568268.686746988], [695458.391566265, 2568266.761435751], [695450.229436834, 2568258.686746988], [695448.391566265, 2568256.330841703], [695440.8521288483, 2568248.686746988], [695438.391566265, 2568245.7417183965], [695431.3365948566, 2568238.686746988], [695428.391566265, 2568236.400319308], [695420.4738648798, 2568228.686746988], [695418.391566265, 2568227.112481405], [695408.391566265, 2568225.7423351198], [695400.7999064424, 2568218.6867469875], [695398.391566265, 2568217.3527422254], [695388.391566265, 2568217.051543842], [695378.391566265, 2568216.55128366], [695368.391566265, 2568209.3316791328], [695364.3456839035, 2568208.686746988], [695358.391566265, 2568207.229470598], [695348.391566265, 2568201.545545885], [695338.391566265, 2568199.041112175], [695328.7459314525, 2568199.041112175]]}}, {"type": "Feature", "properties": {"level": 3.0, "label": "3 h"}, "geometry": {"type": "LineString", "coordinates": [[695758.3915662649, 2574071.026913134], [695751.3710622477, 2574068.686746988], [695748.3915662649, 2574067.948572232], [695738.391566265, 2574059.70234266], [695736.5850295568, 2574058.6867469884], [695728.391566265, 2574051.088953654], [695726.4306712314, 2574048.686746988], [695718.6745949922, 2574038.686746988], [695718.391566265, 2574037.8769198563], [695717.1545991672, 2574028.686746988], [695713.1163174331, 2574018.6867469875], [695714.279046223, 2574008.686746988], [695716.0745144201, 2573998.686746988], [695717.3705288166, 2573988.686746988], [695717.6957092597, 2573978.686746988], [695718.3915662651, 2573977.2482218654], [695723.744507825, 2573968.686746988], [695727.4406103056, 2573958.686746988], [695728.3915662651, 2573956.7155344673], [695733.5866699794, 2573948.686746988], [695737.6957092597, 2573938.686746988], [695738.391566265, 2573937.2943602772], [695746.0204430602, 2573928.686746988], [695748.3331227528, 2573918.686746988], [695748.391566265, 2573918.5656493213], [695756.0859826797, 2573908.686746988], [695757.7849787592, 2573898.686746988], [695758.391566265, 2573897.3480488965], [695764.5156634436, 2573888.686746988], [695766.918927527, 2573878.686746988], [695768.391566265, 2573872.2188982083], [695769.3868078172, 2573868.6867469884], [695769.6915724988, 2573858.6867469875], [695771.4904108337, 2573848.6867469884], [695774.7149624315, 2573838.686746988], [695777.8171509185, 2573828.686746988], [695778.391566265, 2573826.719672784], [695781.8540268778, 2573818.686746988], [695785.302177511, 2573808.686746988], [695786.5390317029, 2573798.686746988], [695788.391566265, 2573791.5625323914], [695790.572651309, 2573788.686746988], [695793.4948603464, 2573778.686746988], [695793.4948603464, 2573768.686746988], [695790.572651309, 2573758.686746988], [695788.391566265, 2573752.545314029], [695787.839901288, 2573748.686746988], [695785.550975313, 2573738.686746988], [695778.391566265, 2573729.901609428], [695777.2844837618, 2573728.686746988], [695768.3915662651, 2573719.7938294914], [695767.2844837619, 2573718.686746988], [695758.391566265, 2573711.9654153357], [695755.1128979172, 2573708.686746988], [695748.391566265, 2573705.6691159196], [695738.7485720142, 2573698.686746988], [695738.391566265, 2573698.3739324827], [695728.3915662649, 2573693.706986832], [695723.3713264209, 2573688.6867469875], [695718.391566265, 2573683.843064498], [695712.4778058188, 2573678.686746988], [695708.391566265, 2573674.6894718404], [695698.7421517979, 2573668.686746988], [695698.391566265, 2573668.2986169304], [695688.3915662649, 2573659.448200241], [695687.4576731368, 2573658.686746988], [695678.391566265, 2573649.6206401163], [695677.6301130118, 2573648.686746988], [695668.9808063298, 2573638.686746988], [695668.391566265, 2573637.8800791246], [695663.720123478, 2573628.686746988], [695658.3915662649, 2573620.9361214647], [695657.7361402155, 2573618.686746988], [695656.9551335935, 2573608.686746988], [695656.9551335935, 2573598.686746988], [695657.3842896117, 2573588.686746988], [695658.391566265, 2573587.522577877], [695666.6443264697, 2573578.686746988], [695668.391566265, 2573576.686552531], [695676.1516300559, 2573568.686746988], [695678.391566265, 2573566.7226405027], [695686.656479924, 2573558.686746988], [695688.391566265, 2573556.951660647], [695696.656479924, 2573548.686746988], [695698.391566265, 2573547.0973173548], [695708.391566265, 2573540.802009495], [695710.5764536591, 2573538.686746988], [695718.391566265, 2573532.241723636], [695723.6920251562, 2573528.686746988], [695728.391566265, 2573525.4464274473], [695738.391566265, 2573520.7222937243], [695741.556905228, 2573518.686746988], [695748.391566265, 2573513.461371278], [695758.391566265, 2573511.482075059], [695766.1111607968, 2573508.686746988], [695768.3915662649, 2573507.7372090546], [695778.391566265, 2573503.1125533734], [695788.391566265, 2573499.4951198115], [695789.985241014, 2573498.6867469875], [695798.391566265, 2573494.4222523216], [695808.391566265, 2573491.033799512], [695813.3301363848, 2573488.686746988], [695818.391566265, 2573484.242529841], [695825.0181003573, 2573478.686746988], [695828.391566265, 2573475.31328108], [695835.0181003573, 2573468.686746988], [695838.391566265, 2573465.234979431], [695845.5526778561, 2573458.686746988], [695848.391566265, 2573456.088279435], [695857.7281469395, 2573448.686746988], [695858.391566265, 2573448.023327662], [695867.7281469394, 2573438.686746988], [695868.3915662649, 2573438.2469164026], [695878.3915662651, 2573429.7553639207], [695879.6307732125, 2573428.686746988], [695888.391566265, 2573424.9194408846], [695896.8017444359, 2573418.686746988], [695898.391566265, 2573417.5962682506], [695908.391566265, 2573409.529619309], [695909.4354882684, 2573408.686746988], [695918.391566265, 2573404.4553937027], [695926.0079510049, 2573398.686746988], [695928.391566265, 2573396.9328246517], [695938.391566265, 2573391.5494945515], [695942.157036697, 2573388.686746988], [695948.391566265, 2573382.45221742], [695958.391566265, 2573381.1911649886], [695968.3915662651, 2573380.480424273], [695978.391566265, 2573383.2782949414], [695985.8871482646, 2573388.686746988], [695988.3915662651, 2573391.1577907857], [695993.7791353369, 2573398.686746988], [695998.391566265, 2573404.2963532293], [696001.6955307835, 2573408.686746988], [696006.8373226742, 2573418.686746988], [696008.391566265, 2573421.6859088037], [696015.3924044494, 2573428.686746988], [696018.3915662651, 2573432.0338845276], [696027.649908381, 2573438.686746988], [696028.391566265, 2573439.428404872], [696038.3915662649, 2573443.4301773487], [696048.391566265, 2573445.3952834196], [696058.3915662651, 2573447.6695325905], [696068.0187887128, 2573448.686746988], [696068.391566265, 2573448.7298668725], [696078.391566265, 2573449.253704857], [696088.391566265, 2573449.1051319954], [696098.391566265, 2573448.713819677], [696098.9756400944, 2573448.6867469884], [696108.391566265, 2573448.312002241], [696118.391566265, 2573445.4921264923], [696128.391566265, 2573443.656403686], [696138.391566265, 2573441.29062317], [696141.6412903271, 2573438.686746988], [696148.3915662649, 2573432.818109884], [696158.391566265, 2573428.706965014], [696158.4202921757, 2573428.686746988], [696168.3915662649, 2573422.0008973144], [696172.9659213882, 2573418.6867469875], [696178.391566265, 2573415.6006480274], [696188.3915662649, 2573412.5455068694], [696198.3915662649, 2573411.2185912174], [696208.3915662649, 2573409.919366004], [696218.391566265, 2573409.919366004], [696228.391566265, 2573409.919366004], [696238.3915662651, 2573410.3068208527], [696248.391566265, 2573413.689304498], [696256.3589763634, 2573418.686746988], [696258.391566265, 2573420.7193368897], [696267.0530812236, 2573428.686746988], [696268.391566265, 2573430.0252320296], [696277.0530812235, 2573438.686746988], [696278.391566265, 2573440.025232029], [696287.0530812236, 2573448.686746988], [696288.391566265, 2573449.9943286646], [696298.391566265, 2573456.2562754042], [696301.1287790441, 2573458.686746988], [696308.391566265, 2573465.4506777236], [696312.5724971946, 2573468.686746988], [696318.391566265, 2573473.8111013426], [696324.8996974707, 2573478.686746988], [696328.391566265, 2573482.1101937788], [696333.8000594852, 2573488.686746988], [696338.391566265, 2573494.092975701], [696341.6751136435, 2573498.686746988], [696346.0906597157, 2573508.686746988], [696348.391566265, 2573516.060849937], [696349.3947962616, 2573518.686746988], [696352.9853375516, 2573528.686746988], [696355.2312428879, 2573538.686746988], [696356.8762803685, 2573548.686746988], [696358.0378489671, 2573558.686746988], [696352.860989053, 2573568.686746988], [696348.7273448049, 2573578.686746988], [696348.391566265, 2573579.0724394927], [696338.7772587696, 2573588.686746988], [696338.391566265, 2573588.9549168097], [696328.391566265, 2573590.459973848], [696318.391566265, 2573593.012379216], [696308.391566265, 2573590.4633843224], [696298.391566265, 2573588.846235188], [696297.2925400478, 2573588.686746988], [696288.391566265, 2573586.5619398085], [696278.391566265, 2573580.760901399], [696268.391566265, 2573580.6695140577], [696258.391566265, 2573580.402523974], [696251.9169996663, 2573578.686746988], [696248.391566265, 2573577.46552935], [696238.3915662649, 2573574.260969881], [696228.391566265, 2573570.9225804554], [696219.6842307262, 2573568.686746988], [696218.391566265, 2573568.2988362103], [696208.391566265, 2573564.5084484397], [696198.391566265, 2573562.2636573124], [696188.391566265, 2573559.7963078935], [696178.391566265, 2573559.4907018873], [696168.391566265, 2573559.420880585], [696158.391566265, 2573559.478448915], [696148.391566265, 2573560.6535889115], [696138.391566265, 2573563.5929083764], [696128.3915662651, 2573565.6642686995], [696123.152247681, 2573568.686746988], [696118.391566265, 2573570.3175727776], [696108.391566265, 2573575.0134446463], [696100.5334559301, 2573578.686746988], [696098.391566265, 2573579.343325597], [696088.391566265, 2573584.9186709304], [696078.391566265, 2573586.2766382345], [696074.2189962683, 2573588.686746988], [696068.391566265, 2573592.318237423], [696058.391566265, 2573594.802612125], [696048.3915662649, 2573597.082572204], [696044.8609227376, 2573598.686746988], [696038.391566265, 2573601.3840436446], [696028.391566265, 2573602.7180299116], [696018.391566265, 2573602.5302996254], [696008.391566265, 2573601.725447543], [695998.391566265, 2573599.7254704414], [695988.391566265, 2573602.102733467], [695978.3915662649, 2573607.78510931], [695976.280215394, 2573608.6867469884], [695968.391566265, 2573610.538892719], [695958.391566265, 2573618.2108511296], [695957.8401064943, 2573618.686746988], [695957.6824042349, 2573628.686746988], [695954.8445248164, 2573638.686746988], [695948.391566265, 2573644.5791979367], [695943.8781926734, 2573648.686746988], [695938.391566265, 2573650.3872744096], [695928.7893864575, 2573658.686746988], [695928.391566265, 2573658.941992762], [695918.391566265, 2573665.5532979714], [695915.2581172485, 2573668.686746988], [695908.391566265, 2573670.8784215003], [695898.8537890681, 2573678.686746988], [695898.391566265, 2573678.9600838483], [695888.391566265, 2573687.0041419463], [695886.7089612234, 2573688.686746988], [695878.3915662649, 2573697.3393386616], [695877.4432710028, 2573698.686746988], [695870.7808796044, 2573708.686746988], [695869.1715915302, 2573718.686746988], [695868.9367853855, 2573728.686746988], [695868.7526706604, 2573738.686746988], [695868.7570239558, 2573748.686746988], [695868.9897514539, 2573758.686746988], [695870.6438771114, 2573768.686746988], [695870.3971282365, 2573778.686746988], [695869.1626951979, 2573788.686746988], [695872.4413758218, 2573798.686746988], [695878.391566265, 2573807.7910534423], [695878.8768235479, 2573808.686746988], [695886.3630028248, 2573818.6867469875], [695888.3915662649, 2573821.334701479], [695892.9804036552, 2573828.686746988], [695898.0560506997, 2573838.6867469884], [695898.391566265, 2573840.429839638], [695899.6928624174, 2573848.686746988], [695901.0889873338, 2573858.686746988], [695898.391566265, 2573868.0095743435], [695898.1357339232, 2573868.686746988], [695894.4766123347, 2573878.686746988], [695891.2944136276, 2573888.686746988], [695888.391566265, 2573895.204795419], [695886.6970350508, 2573898.686746988], [695882.612158444, 2573908.686746988], [695878.391566265, 2573916.3838176075], [695876.7221278604, 2573918.686746988], [695872.8417877087, 2573928.686746988], [695868.3915662651, 2573936.7136061415], [695867.2633091151, 2573938.686746988], [695863.4322832127, 2573948.6867469875], [695858.391566265, 2573956.700729712], [695856.9029192706, 2573958.686746988], [695853.9274585345, 2573968.686746988], [695848.391566265, 2573976.99846214], [695847.0033180036, 2573978.686746988], [695844.9891434939, 2573988.686746988], [695840.3982318486, 2573998.686746988], [695838.391566265, 2574004.3089846987], [695837.276470542, 2574008.6867469875], [695832.2598428985, 2574018.686746988], [695828.391566265, 2574027.1970007727], [695827.9772345225, 2574028.686746988], [695820.3527630236, 2574038.686746988], [695818.391566265, 2574041.703159189], [695811.9018140892, 2574048.686746988], [695808.391566265, 2574053.358765901], [695802.5100293071, 2574058.686746988], [695798.391566265, 2574061.703159189], [695788.391566265, 2574068.5290085184], [695787.0463292196, 2574068.6867469884], [695778.391566265, 2574072.196994812], [695768.391566265, 2574076.916522554], [695758.3915662649, 2574071.026913134]]}}, {"type": "Feature", "properties": {"level": 3.0, "label": "3 h"}, "geometry": {"type": "LineString", "coordinates": [[694338.391566265, 2570219.302125418], [694348.2447956478, 2570218.686746988], [694348.391566265, 2570218.677522974], [694358.391566265, 2570215.0634614364], [694368.391566265, 2570209.9456042442], [694370.8787266623, 2570208.686746988], [694378.391566265, 2570205.6962045757], [694385.401023853, 2570198.686746988], [694388.391566265, 2570191.1849154467], [694389.5586029284, 2570188.686746988], [694393.9416852889, 2570178.686746988], [694396.3209044377, 2570168.686746988], [694393.5550253135, 2570158.686746988], [694393.6637098799, 2570148.686746988], [694393.7336028651, 2570138.686746988], [694398.3419698349, 2570128.686746988], [694398.391566265, 2570128.6007940136], [694401.5916862751, 2570118.6867469884], [694401.8059188502, 2570108.686746988], [694402.3798972527, 2570098.686746988], [694406.4605176273, 2570088.686746988], [694408.391566265, 2570082.1257954133], [694409.1810508714, 2570078.686746988], [694412.561827091, 2570068.6867469875], [694418.3561749257, 2570058.686746988], [694418.391566265, 2570058.6058892654], [694421.9164396963, 2570048.686746988], [694428.391566265, 2570040.5437414194], [694429.9526461947, 2570038.686746988], [694438.3497132449, 2570028.686746988], [694438.391566265, 2570028.6309084967], [694448.391566265, 2570020.7243295372], [694451.6464684294, 2570018.686746988], [694458.391566265, 2570013.7222487936], [694465.0529691158, 2570008.686746988], [694468.391566265, 2570005.3747624247], [694474.0799301532, 2569998.686746988], [694478.391566265, 2569993.168715078], [694480.4685705586, 2569988.686746988], [694482.6712039022, 2569978.686746988], [694488.3610844607, 2569968.686746988], [694488.391566265, 2569968.6140955305], [694491.5325355249, 2569958.686746988], [694494.1055687175, 2569948.686746988], [694498.391566265, 2569941.5298402207], [694500.312796745, 2569938.686746988], [694501.593995396, 2569928.686746988], [694503.0542310169, 2569918.686746988], [694501.0465999679, 2569908.686746988], [694498.391566265, 2569902.7360831005], [694496.6995672586, 2569898.686746988], [694492.7951921686, 2569888.6867469875], [694488.3915662651, 2569879.916764263], [694487.6848196742, 2569878.686746988], [694482.8164373963, 2569868.686746988], [694478.391566265, 2569858.8161710217], [694478.3205487094, 2569858.686746988], [694472.5708184614, 2569848.686746988], [694468.391566265, 2569840.7309920173], [694466.8255455662, 2569838.6867469875], [694459.7106235358, 2569828.686746988], [694458.391566265, 2569826.4496625685], [694453.4545050578, 2569818.686746988], [694448.391566265, 2569810.4518788545], [694446.7886434903, 2569808.686746988], [694439.6880123287, 2569798.686746988], [694438.391566265, 2569795.3516744664], [694435.1119084188, 2569788.686746988], [694429.6880123286, 2569778.686746988], [694428.391566265, 2569775.048857176], [694426.3129943693, 2569768.686746988], [694426.3129943693, 2569758.686746988], [694426.5727814819, 2569748.686746988], [694426.6371797479, 2569738.686746988], [694426.7811866604, 2569728.686746988], [694426.6430082719, 2569718.686746988], [694426.5169317294, 2569708.686746988], [694426.2237623837, 2569698.686746988], [694424.537958794, 2569688.686746988], [694422.2640883677, 2569678.6867469884], [694420.1939900103, 2569668.686746988], [694418.391566265, 2569663.634358976], [694416.1046425385, 2569658.686746988], [694411.8014758201, 2569648.686746988], [694408.391566265, 2569641.4327038014], [694406.7398656781, 2569638.686746988], [694401.7540108159, 2569628.686746988], [694398.391566265, 2569621.605158998], [694396.6045415645, 2569618.686746988], [694388.391566265, 2569610.022549876], [694386.6490709205, 2569608.686746988], [694378.391566265, 2569601.1057370515], [694374.6619663975, 2569598.686746988], [694368.391566265, 2569595.194889999], [694358.391566265, 2569591.575527742], [694348.391566265, 2569589.3671231964], [694346.8610338707, 2569588.686746988], [694338.3915662651, 2569585.845175872], [694328.391566265, 2569579.3671231964], [694327.0742427171, 2569578.686746988], [694318.391566265, 2569573.4824179853], [694310.4090179312, 2569568.686746988], [694308.391566265, 2569567.9755366333], [694298.391566265, 2569560.247444672], [694294.856487087, 2569558.686746988], [694288.3915662651, 2569555.5869614366], [694279.554009426, 2569548.6867469875], [694278.391566265, 2569547.7478419445], [694269.3304713084, 2569538.686746988], [694268.391566265, 2569538.0135600325], [694258.391566265, 2569528.7278223448], [694258.3526768124, 2569528.686746988], [694248.391566265, 2569518.7915237998], [694248.2924949585, 2569518.686746988], [694242.6074727832, 2569508.686746988], [694238.391566265, 2569502.5235206755], [694236.3757548654, 2569498.686746988], [694233.3400848069, 2569488.686746988], [694228.8613341326, 2569478.686746988], [694228.391566265, 2569477.009282835], [694226.5263292338, 2569468.686746988], [694218.8839118034, 2569458.686746988], [694218.391566265, 2569458.0476103635], [694211.5145233803, 2569448.686746988], [694208.391566265, 2569445.5637898725], [694199.7468972781, 2569438.686746988], [694198.391566265, 2569437.478398057], [694188.391566265, 2569429.0726665016], [694187.8751729556, 2569428.686746988], [694178.391566265, 2569421.1398907783], [694175.1094109117, 2569418.686746988], [694168.391566265, 2569414.0669405814], [694161.8161895016, 2569408.686746988], [694158.391566265, 2569405.3210299388], [694151.5145233803, 2569398.686746988], [694148.391566265, 2569395.83932515], [694139.5999151955, 2569388.686746988], [694138.391566265, 2569387.624021877], [694128.391566265, 2569379.0726665016], [694128.0031433518, 2569378.6867469875], [694118.391566265, 2569370.3532977826], [694116.5709609787, 2569368.686746988], [694108.391566265, 2569361.317846049], [694105.163380163, 2569358.686746988], [694098.391566265, 2569354.082312421], [694089.4420068258, 2569348.686746988], [694088.391566265, 2569347.9935447117], [694078.391566265, 2569342.2089156457], [694073.020460679, 2569338.6867469884], [694068.3915662649, 2569335.495057388], [694058.391566265, 2569331.9351863563], [694052.5357202624, 2569328.686746988], [694048.391566265, 2569326.1432576096], [694038.391566265, 2569322.6618916737], [694031.7955745799, 2569318.686746988], [694028.391566265, 2569316.223033223], [694018.391566265, 2569311.8319112724], [694011.9146639517, 2569308.686746988], [694008.391566265, 2569306.7775362106], [693998.3915662649, 2569305.395029978], [693988.391566265, 2569303.7905862303], [693978.391566265, 2569303.6822715923], [693968.391566265, 2569303.4490909707], [693958.391566265, 2569303.6899915724], [693948.391566265, 2569304.304544613], [693938.3915662649, 2569304.475711747], [693928.391566265, 2569305.347270945], [693918.391566265, 2569305.9076810563], [693908.391566265, 2569306.4082348924], [693898.391566265, 2569305.6130839316], [693888.3915662651, 2569304.818539515], [693878.3915662649, 2569304.7879988314], [693868.391566265, 2569306.1560105206], [693863.656632276, 2569308.6867469884], [693858.391566265, 2569312.6366545158], [693848.391566265, 2569314.5565987844], [693838.391566265, 2569315.0135541554], [693828.7505977707, 2569318.686746988], [693828.391566265, 2569318.7791797672], [693818.391566265, 2569319.055172868], [693808.391566265, 2569320.323897651], [693798.391566265, 2569319.6474043815], [693788.391566265, 2569318.7598107657], [693788.0780706793, 2569318.686746988], [693778.391566265, 2569313.0933319186], [693768.391566265, 2569312.6340869674], [693758.391566265, 2569312.370780297], [693748.391566265, 2569312.481630784], [693738.391566265, 2569314.31027696], [693728.3915662651, 2569317.59498073], [693723.8742010158, 2569318.686746988], [693718.3915662649, 2569319.2532099807], [693708.391566265, 2569322.3612634167], [693698.3915662651, 2569328.1135633243], [693697.7633335346, 2569328.686746988], [693689.956191875, 2569338.686746988], [693688.391566265, 2569341.7332390156], [693683.6805450991, 2569348.686746988], [693678.9160268448, 2569358.686746988], [693678.391566265, 2569362.7217384647], [693676.7855283414, 2569368.6867469875], [693671.0162857404, 2569378.686746988], [693669.5657534729, 2569388.6867469875], [693668.391566265, 2569396.950355785], [693667.9638602765, 2569398.6867469875], [693665.2874268836, 2569408.6867469884], [693667.4057515559, 2569418.6867469884], [693668.391566265, 2569420.890681436], [693670.7810256884, 2569428.686746988], [693677.3742646945, 2569438.686746988], [693678.3915662651, 2569439.8530872953], [693684.3531805624, 2569448.686746988], [693688.391566265, 2569454.800023204], [693691.6125612478, 2569458.686746988], [693698.391566265, 2569466.6194236446], [693700.3964194158, 2569468.686746988], [693708.391566265, 2569476.681893837], [693710.3964194157, 2569478.686746988], [693718.391566265, 2569487.698651622], [693719.3669418669, 2569488.686746988], [693727.7940077739, 2569498.6867469875], [693728.3915662651, 2569499.812520675], [693736.0451879695, 2569508.686746988], [693738.391566265, 2569512.324074518], [693740.9622556488, 2569518.686746988], [693746.3193443987, 2569528.686746988], [693747.3679297332, 2569538.686746988], [693748.391566265, 2569540.7648733216], [693753.6244323954, 2569548.6867469875], [693754.8757449905, 2569558.686746988], [693758.391566265, 2569567.108049817], [693759.4250985129, 2569568.686746988], [693767.5432363162, 2569578.686746988], [693768.391566265, 2569579.432772487], [693778.3915662651, 2569583.414018551], [693784.8757449905, 2569588.686746988], [693788.391566265, 2569591.3634404126], [693798.391566265, 2569593.2037489116], [693808.391566265, 2569594.5093089445], [693818.391566265, 2569596.9621166005], [693822.9997130356, 2569598.686746988], [693828.391566265, 2569600.21724591], [693838.391566265, 2569601.929861945], [693848.391566265, 2569606.385829744], [693858.391566265, 2569605.1994035025], [693868.3915662649, 2569602.2838350995], [693878.391566265, 2569602.2838350995], [693888.391566265, 2569604.117022078], [693898.391566265, 2569605.683048793], [693908.391566265, 2569608.29950644], [693909.6319639476, 2569608.686746988], [693918.391566265, 2569613.066548147], [693928.391566265, 2569618.088994334], [693929.6319639477, 2569618.686746988], [693938.391566265, 2569627.4463493056], [693939.0117636276, 2569628.686746988], [693942.5141366926, 2569638.686746988], [693942.9997130356, 2569648.686746988], [693948.391566265, 2569657.215257], [693958.391566265, 2569657.4463493056], [693968.391566265, 2569658.0665496252], [693978.391566265, 2569655.031454266], [693988.391566265, 2569654.4829949886], [693998.391566265, 2569654.4829949886], [694008.391566265, 2569655.049364873], [694018.3915662649, 2569656.6040869243], [694028.391566265, 2569654.2714775405], [694038.3915662651, 2569652.8756855577], [694048.391566265, 2569651.1121604764], [694051.1112415767, 2569648.686746988], [694058.391566265, 2569644.047765806], [694068.391566265, 2569643.4005603394], [694078.391566265, 2569646.7506944146], [694081.1158382742, 2569648.686746988], [694088.3915662649, 2569653.0075246384], [694096.3969018952, 2569658.686746988], [694098.391566265, 2569660.474507679], [694108.391566265, 2569666.7506944146], [694110.66263933, 2569668.686746988], [694118.391566265, 2569676.4156739227], [694120.5625664596, 2569678.686746988], [694126.6177137423, 2569688.686746988], [694128.391566265, 2569690.6647417024], [694134.0964679588, 2569698.6867469875], [694138.391566265, 2569704.730448203], [694140.5542852874, 2569708.686746988], [694141.698788965, 2569718.686746988], [694140.5542852874, 2569728.686746988], [694140.2618051199, 2569738.686746988], [694141.4673119598, 2569748.686746988], [694146.7232418099, 2569758.686746988], [694148.391566265, 2569761.791773469], [694152.5125531022, 2569768.686746988], [694158.391566265, 2569774.720518139], [694161.5662057054, 2569778.686746988], [694168.391566265, 2569785.371264521], [694171.3975772671, 2569788.686746988], [694178.391566265, 2569797.3307652166], [694179.6498400918, 2569798.686746988], [694179.1943387181, 2569808.686746988], [694178.391566265, 2569812.930139064], [694176.9685754366, 2569818.686746988], [694175.3615946725, 2569828.686746988], [694172.6868390427, 2569838.686746988], [694170.405372049, 2569848.686746988], [694170.3971404526, 2569858.686746988], [694174.321626906, 2569868.686746988], [694178.391566265, 2569875.7073582215], [694179.9503267121, 2569878.686746988], [694183.3924942816, 2569888.6867469875], [694183.6030436545, 2569898.6867469884], [694183.2978916179, 2569908.686746988], [694181.0944531857, 2569918.686746988], [694178.391566265, 2569922.595736601], [694174.5984593364, 2569928.686746988], [694173.3109497866, 2569938.686746988], [694172.1733354406, 2569948.686746988], [694173.9334211815, 2569958.686746988], [694178.391566265, 2569964.3007991295], [694182.317556699, 2569968.686746988], [694188.391566265, 2569974.870723036], [694192.1664058301, 2569978.686746988], [694198.391566265, 2569984.9460161356], [694202.0235900597, 2569988.686746988], [694205.7631627169, 2569998.686746988], [694208.391566265, 2570002.3367876313], [694213.4330673044, 2570008.686746988], [694218.391566265, 2570017.8218503604], [694219.0535881435, 2570018.686746988], [694222.7074219547, 2570028.686746988], [694228.391566265, 2570035.272940182], [694231.2055616537, 2570038.686746988], [694234.8194030987, 2570048.686746988], [694238.391566265, 2570053.4221210224], [694241.7695742042, 2570058.686746988], [694244.886390682, 2570068.686746988], [694248.391566265, 2570074.297134215], [694250.9545316844, 2570078.686746988], [694253.1483538019, 2570088.686746988], [694258.3915662649, 2570096.4793924335], [694259.7578818109, 2570098.686746988], [694262.6512251054, 2570108.686746988], [694266.6099662741, 2570118.6867469875], [694268.3915662649, 2570123.4409089303], [694270.9766191812, 2570128.686746988], [694275.3055963386, 2570138.6867469884], [694278.391566265, 2570147.30936625], [694278.9994784, 2570148.6867469884], [694285.1420523862, 2570158.6867469875], [694288.391566265, 2570167.847067109], [694288.9258862275, 2570168.686746988], [694294.9064689399, 2570178.686746988], [694298.391566265, 2570185.951594745], [694300.1717538473, 2570188.6867469875], [694307.4811279982, 2570198.686746988], [694308.3915662649, 2570200.5838885563], [694313.5546829798, 2570208.6867469884], [694318.391566265, 2570213.35312175], [694328.391566265, 2570217.847067109], [694333.3311013537, 2570218.686746988], [694338.391566265, 2570219.302125418]]}}, {"type": "Feature", "properties": {"level": 6.0, "label": "6 h"}, "geometry": {"type": "LineString", "coordinates": [[693767.0209106889, 2575307.316091412], [693768.3915662649, 2575306.7059755186], [693775.3516660212, 2575298.686746988], [693773.9598456253, 2575288.686746988], [693768.3915662651, 2575281.0590947038], [693765.4901278014, 2575278.686746988], [693765.4901278014, 2575268.686746988], [693765.4901278014, 2575258.686746988], [693768.3915662651, 2575256.314399272], [693773.9598456253, 2575248.686746988], [693778.391566265, 2575244.5366824064], [693785.589380489, 2575238.686746988], [693788.391566265, 2575236.7863072865], [693798.391566265, 2575232.0931212716], [693802.5201747192, 2575228.686746988], [693808.391566265, 2575225.5711913337], [693818.391566265, 2575221.0977519406], [693822.7195576432, 2575218.6867469884], [693828.391566265, 2575215.74311829], [693838.391566265, 2575212.457446314], [693848.391566265, 2575212.048885141], [693858.3915662651, 2575213.014738366], [693868.391566265, 2575212.726924761], [693878.391566265, 2575212.222628226], [693888.391566265, 2575209.878999982], [693893.8831841833, 2575208.686746988], [693898.391566265, 2575206.998201769], [693906.7030210461, 2575198.686746988], [693908.391566265, 2575197.107970918], [693916.812790195, 2575188.686746988], [693918.391566265, 2575187.4515083013], [693928.391566265, 2575184.867417342], [693938.391566265, 2575187.107970918], [693940.5697075332, 2575188.686746988], [693939.6268049516, 2575198.686746988], [693938.3915662651, 2575200.375292207], [693933.3534160699, 2575208.686746988], [693929.6268049517, 2575218.686746988], [693932.361615512, 2575228.686746988], [693933.602730541, 2575238.6867469875], [693935.915750889, 2575248.686746988], [693938.2384987198, 2575258.686746988], [693938.391566265, 2575258.848692265], [693947.5529059607, 2575268.686746988], [693948.391566265, 2575269.8138688672], [693958.1682452105, 2575278.6867469884], [693958.3915662651, 2575278.86235017], [693968.391566265, 2575287.3002939825], [693970.2028478279, 2575288.686746988], [693978.391566265, 2575294.7409511297], [693983.8569003238, 2575298.686746988], [693988.391566265, 2575302.0585470465], [693998.3915662651, 2575306.5728175114], [694007.0109696337, 2575308.6867469875], [694008.391566265, 2575308.9294821504], [694018.391566265, 2575309.6607476757], [694028.391566265, 2575311.0315483403], [694038.391566265, 2575311.693161133], [694048.391566265, 2575311.670688855], [694058.391566265, 2575309.6395658716], [694060.8918862095, 2575308.686746988], [694068.391566265, 2575304.1402532], [694078.3915662649, 2575299.2495793607], [694079.54642014, 2575298.686746988], [694088.3915662649, 2575292.0814434104], [694093.3108419252, 2575288.686746988], [694098.391566265, 2575285.4640294597], [694107.9685791208, 2575278.686746988], [694108.391566265, 2575278.2810722077], [694118.3915662651, 2575269.6594690476], [694119.3359795831, 2575268.686746988], [694123.5661374053, 2575258.686746988], [694128.391566265, 2575253.6060226485], [694131.6782662175, 2575248.6867469875], [694135.6316859161, 2575238.686746988], [694138.391566265, 2575235.36280296], [694145.5982645804, 2575228.686746988], [694148.3915662651, 2575226.398327343], [694158.391566265, 2575220.6354768313], [694161.7949542231, 2575218.686746988], [694168.3915662649, 2575216.3486800296], [694178.391566265, 2575214.322184115], [694188.391566265, 2575210.6354768313], [694198.391566265, 2575212.285254076], [694208.391566265, 2575215.8396446705], [694218.391566265, 2575218.332634425], [694218.9409722477, 2575218.686746988], [694228.391566265, 2575225.8524421146], [694233.9257942813, 2575228.6867469884], [694238.391566265, 2575231.366356155], [694247.7975056838, 2575238.686746988], [694248.391566265, 2575239.1615259736], [694258.391566265, 2575247.963251693], [694259.8415138049, 2575248.686746988], [694268.391566265, 2575254.5180969913], [694276.556696894, 2575258.686746988], [694278.391566265, 2575259.6359620905], [694288.391566265, 2575264.319405098], [694298.2014198604, 2575268.686746988], [694298.391566265, 2575268.720912481], [694308.391566265, 2575268.9221533956], [694318.391566265, 2575269.3613849194], [694328.391566265, 2575270.2445309027], [694338.391566265, 2575269.7777051628], [694348.391566265, 2575271.2891645227], [694358.391566265, 2575272.8674545996], [694368.391566265, 2575274.2373914677], [694378.391566265, 2575274.5795921446], [694387.5555389563, 2575278.686746988], [694388.391566265, 2575278.8869280405], [694398.391566265, 2575279.140736646], [694408.3915662649, 2575281.064693841], [694418.391566265, 2575284.0894600498], [694428.391566265, 2575284.301220192], [694438.391566265, 2575285.408287265], [694448.391566265, 2575285.7034987295], [694458.391566265, 2575285.160515691], [694468.3915662649, 2575282.77759282], [694478.3915662651, 2575280.5351226702], [694482.0679126126, 2575278.686746988], [694488.391566265, 2575274.729803929], [694494.9285176529, 2575268.686746988], [694498.391566265, 2575265.093716328], [694505.1406372713, 2575258.686746988], [694508.391566265, 2575255.2422560565], [694514.9470753337, 2575248.686746988], [694518.391566265, 2575239.829393439], [694519.1562945868, 2575238.686746988], [694518.391566265, 2575237.4735678723], [694514.1884416891, 2575228.686746988], [694508.3915662649, 2575219.947064604], [694507.0814166033, 2575218.686746988], [694498.391566265, 2575212.9589133775], [694494.1193998753, 2575208.686746988], [694488.391566265, 2575202.9589133775], [694483.3250358436, 2575198.686746988], [694478.391566265, 2575194.339994183], [694468.391566265, 2575188.70339628], [694468.353532532, 2575188.686746988], [694458.3915662649, 2575185.047957453], [694448.391566265, 2575179.9968966497], [694447.0814166033, 2575178.686746988], [694442.0407242791, 2575168.686746988], [694438.391566265, 2575160.405799284], [694437.7784094843, 2575158.686746988], [694437.742630035, 2575148.686746988], [694437.742630035, 2575138.686746988], [694437.742630035, 2575128.686746988], [694437.9284527679, 2575118.686746988], [694437.571842073, 2575108.686746988], [694428.391566265, 2575098.697229775], [694428.383895495, 2575098.686746988], [694419.1507146226, 2575088.686746988], [694418.391566265, 2575087.9275986305], [694409.1507146226, 2575078.686746988], [694408.391566265, 2575078.074433327], [694398.391566265, 2575072.176761768], [694392.6082575495, 2575068.686746988], [694388.391566265, 2575066.4314323887], [694378.391566265, 2575065.6607816974], [694368.391566265, 2575068.132618647], [694358.391566265, 2575064.857073681], [694348.391566265, 2575062.257851572], [694342.9833899708, 2575058.686746988], [694338.391566265, 2575056.471054692], [694328.391566265, 2575055.074375636], [694318.391566265, 2575053.5864823475], [694308.391566265, 2575052.5919335736], [694298.391566265, 2575052.6618058216], [694288.391566265, 2575054.2435600497], [694278.391566265, 2575056.141315722], [694268.391566265, 2575057.02199183], [694258.391566265, 2575057.979770335], [694254.5568283931, 2575058.686746988], [694248.3915662651, 2575060.345823203], [694238.391566265, 2575062.583697875], [694228.391566265, 2575064.392069434], [694218.3915662649, 2575064.954845981], [694208.391566265, 2575066.671359502], [694198.391566265, 2575066.9979528575], [694188.391566265, 2575068.028790219], [694179.7738991876, 2575068.686746988], [694178.391566265, 2575068.8376842067], [694168.391566265, 2575069.4278602414], [694158.391566265, 2575069.9613162284], [694148.391566265, 2575070.225480945], [694138.391566265, 2575071.2776640938], [694128.4434841025, 2575078.686746988], [694128.391566265, 2575078.7310038684], [694118.391566265, 2575080.437351157], [694108.391566265, 2575082.527082801], [694100.4727834166, 2575088.686746988], [694098.391566265, 2575089.734288897], [694088.391566265, 2575095.9865263132], [694085.0413436673, 2575098.6867469884], [694078.391566265, 2575101.932883876], [694070.8783703969, 2575108.686746988], [694068.391566265, 2575110.0661195847], [694058.391566265, 2575112.643076098], [694050.4351445588, 2575118.686746988], [694048.391566265, 2575119.519163352], [694038.391566265, 2575121.7885242742], [694028.391566265, 2575122.689584095], [694020.1453936449, 2575128.6867469875], [694018.391566265, 2575130.2216659426], [694008.391566265, 2575132.1397431223], [693998.391566265, 2575131.821806496], [693995.2757212354, 2575128.686746988], [693988.391566265, 2575122.3133584033], [693980.4362902653, 2575118.686746988], [693978.3915662651, 2575117.0321623003], [693968.391566265, 2575109.5878543057], [693967.4060912527, 2575108.686746988], [693966.3938688283, 2575098.686746988], [693964.3328830758, 2575088.686746988], [693958.391566265, 2575078.7057299633], [693958.3817837713, 2575078.686746988], [693955.2757212353, 2575068.686746988], [693948.3915662649, 2575059.9421437625], [693947.3391537769, 2575058.686746988], [693938.391566265, 2575049.739159476], [693937.286578185, 2575048.686746988], [693928.391566265, 2575046.129114041], [693918.391566265, 2575043.7761669024], [693908.391566265, 2575040.2632144545], [693898.391566265, 2575038.6892962735], [693898.381252832, 2575038.686746988], [693888.391566265, 2575036.882346056], [693878.391566265, 2575035.5599242765], [693868.3915662649, 2575033.817571054], [693858.391566265, 2575032.2253371496], [693848.391566265, 2575031.420730738], [693842.1070562693, 2575028.686746988], [693838.391566265, 2575027.1947952025], [693828.391566265, 2575024.5825448474], [693818.391566265, 2575023.2737201415], [693808.391566265, 2575020.745767542], [693804.5664848372, 2575018.686746988], [693798.391566265, 2575016.758458748], [693788.3915662651, 2575016.5233265585], [693778.391566265, 2575016.070271415], [693768.391566265, 2575015.02724884], [693758.391566265, 2575012.4171162974], [693752.6156827437, 2575008.686746988], [693748.391566265, 2575006.097384449], [693738.391566265, 2575002.859046318], [693732.1712258668, 2574998.6867469884], [693728.3915662651, 2574996.097384449], [693718.391566265, 2574991.81306351], [693714.338748818, 2574988.686746988], [693708.391566265, 2574984.448286735], [693698.391566265, 2574980.9193033734], [693695.795361964, 2574978.686746988], [693688.391566265, 2574973.365477626], [693682.0976691565, 2574968.686746988], [693678.3915662649, 2574965.701341777], [693668.391566265, 2574960.9612697978], [693665.5974656903, 2574958.686746988], [693658.391566265, 2574951.4808475627], [693655.2332503567, 2574948.686746988], [693648.391566265, 2574941.8584532673], [693645.2198599856, 2574938.686746988], [693638.391566265, 2574931.845062896], [693635.2332503567, 2574928.686746988], [693628.391566265, 2574921.543299904], [693625.5350133487, 2574918.686746988], [693618.391566265, 2574911.8584532673], [693615.112141947, 2574908.686746988], [693608.391566265, 2574904.11856474], [693601.8054786718, 2574898.686746988], [693598.391566265, 2574895.9205814917], [693590.5839683678, 2574888.6867469875], [693588.391566265, 2574887.0478389114], [693578.3915662649, 2574883.9959999183], [693568.391566265, 2574881.5187903894], [693558.391566265, 2574880.567994892], [693548.391566265, 2574879.401048048], [693538.391566265, 2574879.4002845683], [693528.391566265, 2574879.398866269], [693518.391566265, 2574879.4002845683], [693508.391566265, 2574879.885235446], [693503.4855149303, 2574878.686746988], [693498.391566265, 2574877.6571743097], [693488.391566265, 2574873.7314287424], [693478.391566265, 2574869.439972615], [693475.9971651859, 2574868.686746988], [693468.391566265, 2574865.606215862], [693458.391566265, 2574860.4362930683], [693454.1734930165, 2574858.686746988], [693448.391566265, 2574855.433427629], [693438.391566265, 2574849.7875336623], [693437.2907795908, 2574848.686746988], [693428.3915662651, 2574840.9798466745], [693426.0984665786, 2574838.686746988], [693418.391566265, 2574833.2690272736], [693413.3273147792, 2574828.6867469884], [693408.3915662649, 2574825.1670025117], [693398.391566265, 2574819.703966556], [693396.0984665786, 2574818.686746988], [693388.391566265, 2574815.902804475], [693378.391566265, 2574811.4439282734], [693368.391566265, 2574811.2343517398], [693358.391566265, 2574810.9590458837], [693348.391566265, 2574813.0977912447], [693338.391566265, 2574815.2392400373], [693328.391566265, 2574818.512435818], [693327.8714377338, 2574818.686746988], [693318.391566265, 2574822.993473962], [693308.391566265, 2574828.4465221674], [693308.0118809734, 2574828.686746988], [693298.391566265, 2574834.728043928], [693292.0383295174, 2574838.686746988], [693288.391566265, 2574841.3586733374], [693278.391566265, 2574845.531666179], [693272.9692032974, 2574848.686746988], [693268.391566265, 2574852.3154485105], [693258.391566265, 2574858.181426034], [693257.4419142432, 2574858.686746988], [693248.391566265, 2574863.0391728245], [693238.391566265, 2574868.1749503626], [693237.4707242289, 2574868.6867469884], [693228.391566265, 2574873.26438402], [693218.391566265, 2574878.1045752387], [693214.2402925158, 2574878.6867469875], [693208.391566265, 2574879.7632324956], [693198.391566265, 2574886.8957139975], [693191.3088772744, 2574888.686746988], [693188.391566265, 2574889.76091183], [693178.391566265, 2574895.1852006963], [693168.391566265, 2574895.5038468223], [693158.391566265, 2574895.5038468223], [693148.391566265, 2574895.5038468223], [693138.391566265, 2574896.2462559342], [693128.391566265, 2574896.237661127], [693126.1281272367, 2574896.42330796]]}}, {"type": "Feature", "properties": {"level": 6.0, "label": "6 h"}, "geometry": {"type": "LineString", "coordinates": [[692758.391566265, 2574539.2301150514], [692768.3915662649, 2574539.230115051], [692770.1981066095, 2574538.686746988], [692778.391566265, 2574536.5215178067], [692788.391566265, 2574532.2548405766], [692798.391566265, 2574529.2301150514], [692808.3915662649, 2574529.2301150514], [692818.391566265, 2574529.749534946], [692828.3915662649, 2574529.749534946], [692838.391566265, 2574532.2493153987], [692848.391566265, 2574532.2493153987], [692854.8289978541, 2574538.686746988], [692858.391566265, 2574542.2493153987], [692868.391566265, 2574541.9007017664], [692878.391566265, 2574542.2493153987], [692888.391566265, 2574542.2493153987], [692898.391566265, 2574542.2493153987], [692908.3915662649, 2574539.214155939], [692909.0953511021, 2574538.686746988], [692918.3915662651, 2574529.743845418], [692919.4892755457, 2574528.686746988], [692928.391566265, 2574519.021558374], [692929.107625488, 2574518.686746988], [692938.3915662649, 2574508.8626178107], [692938.4841929527, 2574508.686746988], [692941.2423695732, 2574498.686746988], [692948.391566265, 2574488.881504302], [692948.4680536607, 2574488.686746988], [692948.391566265, 2574488.413965729], [692945.9806613318, 2574478.686746988], [692944.8018238968, 2574468.686746988], [692944.8018238968, 2574458.686746988], [692944.8018238968, 2574448.686746988], [692948.391566265, 2574441.694078548], [692949.8417161056, 2574438.686746988], [692953.976164941, 2574428.686746988], [692958.391566265, 2574422.2161849905], [692960.4345165726, 2574418.686746988], [692963.7185615194, 2574408.686746988], [692968.3915662649, 2574401.9826180614], [692970.5219025076, 2574398.686746988], [692974.6292609393, 2574388.686746988], [692978.391566265, 2574384.166609312], [692983.3231105655, 2574378.686746988], [692988.391566265, 2574375.615537667], [692998.391566265, 2574370.4132172843], [693002.2523663254, 2574368.686746988], [693008.391566265, 2574367.211674876], [693018.391566265, 2574367.4886938035], [693028.391566265, 2574367.8180885715], [693038.391566265, 2574368.3384159743], [693040.828139524, 2574368.686746988], [693048.391566265, 2574369.9496175195], [693058.391566265, 2574371.7787530487], [693068.3915662649, 2574372.6127437083], [693078.391566265, 2574373.792297554], [693088.391566265, 2574376.4506064383], [693093.0371077186, 2574378.686746988], [693098.391566265, 2574381.1714538718], [693108.391566265, 2574383.600402183], [693118.1023485399, 2574388.686746988], [693118.391566265, 2574388.9009825196], [693128.391566265, 2574393.8191787396], [693135.0036526502, 2574398.686746988], [693138.391566265, 2574401.37732741], [693148.391566265, 2574408.113845973], [693149.0646071294, 2574408.686746988], [693158.391566265, 2574415.8345131953], [693162.0298657217, 2574418.686746988], [693168.391566265, 2574423.2957271794], [693174.43402633, 2574428.686746988], [693178.391566265, 2574432.4752419004], [693183.9590450054, 2574438.686746988], [693188.3915662651, 2574442.5102072945], [693194.0622235329, 2574448.686746988], [693198.391566265, 2574453.0160897197], [693203.2710103658, 2574458.686746988], [693208.391566265, 2574464.604009218], [693212.4743040347, 2574468.686746988], [693218.391566265, 2574474.6040092185], [693223.7825860735, 2574478.686746988], [693228.391566265, 2574482.10678565], [693237.1650844489, 2574488.6867469875], [693238.391566265, 2574489.618862911], [693248.391566265, 2574495.0250267885], [693254.9816703742, 2574498.686746988], [693258.391566265, 2574500.3867911166], [693268.391566265, 2574503.7122530816], [693278.391566265, 2574507.2576448983], [693280.6363963641, 2574508.686746988], [693288.391566265, 2574512.5703756167], [693298.391566265, 2574515.795322519], [693304.8157467006, 2574518.686746988], [693308.391566265, 2574519.918296913], [693318.391566265, 2574523.2688685143], [693328.391566265, 2574525.165301234], [693338.391566265, 2574525.9586870996], [693348.391566265, 2574525.3238000404], [693358.391566265, 2574525.7204397637], [693368.391566265, 2574526.974036016], [693378.3540743848, 2574528.6867469884], [693378.391566265, 2574528.690259235], [693388.391566265, 2574531.387595526], [693398.3915662649, 2574533.5961323436], [693408.391566265, 2574535.1909281276], [693418.391566265, 2574536.2972297715], [693428.3915662651, 2574536.2972297715], [693438.391566265, 2574535.334240906], [693448.391566265, 2574533.2534800805], [693458.391566265, 2574529.333884694], [693463.3956544475, 2574528.686746988], [693468.391566265, 2574526.9421159867], [693478.391566265, 2574518.727668132], [693478.4700492836, 2574518.6867469875], [693488.391566265, 2574509.5626910203], [693489.2675102976, 2574508.686746988], [693498.391566265, 2574499.1524375496], [693508.391566265, 2574499.884458197], [693518.391566265, 2574499.3341970993], [693528.391566265, 2574499.9816657337], [693537.0966475194, 2574508.686746988], [693538.391566265, 2574509.9816657337], [693540.4546536407, 2574518.686746988], [693545.2595901837, 2574528.686746988], [693548.391566265, 2574529.3697259226], [693558.391566265, 2574537.8582281685], [693559.7307208519, 2574538.686746988], [693568.391566265, 2574546.7689544796], [693570.3093587738, 2574548.686746988], [693578.391566265, 2574556.768954479], [693580.0765015676, 2574558.686746988], [693588.3026848919, 2574568.686746988], [693588.3915662649, 2574568.810535522], [693596.5342415457, 2574578.686746988], [693598.391566265, 2574581.159926625], [693602.5026469398, 2574588.686746988], [693605.408776256, 2574598.6867469884], [693607.5165070117, 2574608.686746988], [693608.391566265, 2574610.523204404], [693612.5026469397, 2574618.686746988], [693614.1374521882, 2574628.686746988], [693616.117063665, 2574638.686746988], [693618.391566265, 2574643.5368259903], [693620.7770094506, 2574648.686746988], [693622.031179085, 2574658.686746988], [693624.1400038556, 2574668.6867469884], [693627.6088233407, 2574678.686746988], [693628.391566265, 2574679.618341774], [693634.0447613721, 2574688.686746988], [693638.391566265, 2574695.48187795], [693640.905725294, 2574698.686746988], [693647.5937313864, 2574708.6867469884], [693648.3915662651, 2574709.542139956], [693655.7559023728, 2574718.686746988], [693658.391566265, 2574721.372020186], [693665.706293067, 2574728.686746988], [693668.391566265, 2574731.25862017], [693677.8985223335, 2574738.686746988], [693678.391566265, 2574739.1508441935], [693688.391566265, 2574744.8452740875], [693692.8032747577, 2574748.686746988], [693698.3915662649, 2574751.861239456], [693708.391566265, 2574753.3465127517], [693718.391566265, 2574753.9783014273], [693728.3915662649, 2574748.930528534], [693729.0082103418, 2574748.686746988], [693738.391566265, 2574744.584138303], [693748.391566265, 2574739.128815832], [693749.1185689706, 2574738.686746988], [693758.391566265, 2574734.0613298286], [693765.4787107133, 2574728.686746988], [693768.391566265, 2574726.0301808715], [693776.0654825192, 2574718.686746988], [693778.391566265, 2574716.374508933], [693786.1021554813, 2574708.686746988], [693788.3915662649, 2574706.3835862526], [693796.0654825193, 2574698.686746988], [693798.391566265, 2574696.2670979453], [693807.1865871615, 2574688.686746988], [693808.391566265, 2574687.3989637657], [693817.6798983711, 2574678.686746988], [693818.391566265, 2574677.907892613], [693827.0893925466, 2574668.6867469875], [693828.391566265, 2574666.1548366426], [693833.7687780038, 2574658.686746988], [693837.8541362061, 2574648.686746988], [693838.391566265, 2574648.0495688636], [693846.4569065283, 2574638.686746988], [693848.3915662649, 2574630.107233586], [693849.2509720573, 2574628.686746988], [693858.1141097783, 2574618.686746988], [693858.391566265, 2574618.360859289], [693867.2134350608, 2574608.686746988], [693868.3915662649, 2574602.3756050738], [693869.7024081782, 2574598.6867469875], [693877.4931485334, 2574588.686746988], [693878.391566265, 2574582.4049289892], [693879.2009297186, 2574578.686746988], [693878.8382293383, 2574568.686746988], [693878.4347677298, 2574558.686746988], [693878.3915662651, 2574557.714713514], [693878.0073980613, 2574548.686746988], [693874.123453038, 2574538.686746988], [693870.9016595819, 2574528.686746988], [693868.391566265, 2574525.3499239115], [693864.123453038, 2574518.686746988], [693858.8523038145, 2574508.6867469875], [693858.391566265, 2574508.0881600063], [693849.5046573855, 2574498.686746988], [693848.391566265, 2574497.5324297026], [693839.0136573747, 2574488.686746988], [693838.391566265, 2574488.2275034427], [693828.391566265, 2574483.1588152526], [693823.626660475, 2574478.686746988], [693818.391566265, 2574473.947338892], [693808.391566265, 2574473.058876518], [693803.4959604812, 2574468.686746988], [693798.391566265, 2574464.723587525], [693788.3915662651, 2574463.8439465077], [693778.391566265, 2574463.180112321], [693773.3043506633, 2574458.6867469875], [693768.391566265, 2574454.3833344486], [693758.391566265, 2574453.947338892], [693748.391566265, 2574453.746639543], [693738.3915662651, 2574453.91775895], [693728.391566265, 2574454.0162499244], [693718.391566265, 2574454.1478113206], [693708.3915662649, 2574454.148234862], [693698.391566265, 2574454.1910297186], [693688.3915662651, 2574454.234667899], [693678.391566265, 2574454.2758532907], [693668.391566265, 2574454.2758532907], [693658.391566265, 2574454.1028772127], [693648.391566265, 2574453.002073531], [693638.391566265, 2574452.1015448663], [693628.5955140858, 2574448.686746988], [693628.391566265, 2574448.5951861097], [693628.1370494209, 2574448.686746988], [693618.391566265, 2574451.8701360836], [693608.3915662651, 2574453.712990157], [693598.391566265, 2574454.185808301], [693588.3915662649, 2574458.357516138], [693586.2759636506, 2574458.686746988], [693578.3915662649, 2574460.0259015746], [693568.391566265, 2574467.1984755136], [693564.7344126867, 2574468.686746988], [693558.391566265, 2574469.892520243], [693548.3915662649, 2574478.255115639], [693547.0966475193, 2574478.686746988], [693538.391566265, 2574487.391828242], [693529.6864850107, 2574478.686746988], [693528.391566265, 2574478.0392968776], [693519.5892774734, 2574468.686746988], [693518.391566265, 2574467.4890357796], [693509.963504955, 2574458.686746988], [693508.391566265, 2574457.5238298723], [693498.391566265, 2574457.872303805], [693488.823197614, 2574448.686746988], [693488.391566265, 2574448.555617496], [693478.391566265, 2574440.215412902], [693468.823197614, 2574438.686746988], [693468.391566265, 2574438.6228945684], [693458.391566265, 2574433.136461279], [693448.391566265, 2574431.5041095125], [693443.7960054076, 2574428.686746988], [693438.391566265, 2574426.1058804435], [693428.391566265, 2574423.0340062794], [693418.391566265, 2574421.9436427453], [693413.6144364744, 2574418.686746988], [693408.391566265, 2574414.6699422556], [693398.391566265, 2574411.3357116887], [693394.4976290546, 2574408.686746988], [693388.3915662649, 2574404.1770480075], [693378.391566265, 2574399.1189472256], [693377.937826961, 2574398.686746988], [693368.391566265, 2574392.0563755464], [693363.0113690246, 2574388.6867469884], [693358.391566265, 2574385.2343906094], [693348.391566265, 2574379.1282450343], [693347.8965019912, 2574378.686746988], [693338.391566265, 2574370.9399695173], [693335.3711225648, 2574368.686746988], [693328.391566265, 2574363.36861017], [693323.3884988278, 2574358.6867469875], [693318.391566265, 2574353.689814425], [693312.2048235626, 2574348.686746988], [693308.391566265, 2574344.466290297], [693302.992264906, 2574338.686746988], [693298.391566265, 2574331.8945249585], [693295.6389936503, 2574328.686746988], [693288.391566265, 2574320.2495951112], [693287.0508365458, 2574318.686746988], [693279.2538411004, 2574308.686746988], [693278.391566265, 2574307.5430586506], [693270.8086666291, 2574298.686746988], [693268.391566265, 2574295.483395722], [693262.1198743827, 2574288.6867469884], [693258.391566265, 2574283.8860596633], [693253.415074109, 2574278.686746988], [693248.391566265, 2574272.0065983855], [693245.2253765556, 2574268.686746988], [693238.3915662651, 2574261.115711919], [693236.1140879756, 2574258.686746988], [693228.3915662651, 2574250.798551896], [693226.2797613571, 2574248.686746988], [693218.391566265, 2574240.7985518957], [693216.279761357, 2574238.686746988], [693208.391566265, 2574229.262605629], [693207.8157076243, 2574228.686746988], [693198.391566265, 2574219.3846350545], [693197.6936781985, 2574218.686746988], [693188.391566265, 2574209.3846350545], [693187.7879163729, 2574208.686746988], [693179.8949173533, 2574198.686746988], [693178.391566265, 2574197.013823849], [693170.346387584, 2574188.686746988], [693168.391566265, 2574186.606814598], [693160.5278734566, 2574178.686746988], [693158.3915662651, 2574176.8742783135], [693150.154290269, 2574168.686746988], [693148.391566265, 2574167.1038903203], [693139.7371927982, 2574158.686746988], [693138.391566265, 2574157.5542394114], [693128.391566265, 2574149.200374574], [693127.6986454248, 2574148.686746988], [693118.391566265, 2574143.1548128687], [693113.4839030036, 2574138.686746988], [693108.391566265, 2574135.576989799], [693098.391566265, 2574130.1429690085], [693095.8586483671, 2574128.686746988], [693088.391566265, 2574125.1839694413], [693078.391566265, 2574118.9779439955], [693077.6986454249, 2574118.686746988], [693068.391566265, 2574115.1864728103], [693058.391566265, 2574109.372140431], [693055.7610541085, 2574108.686746988], [693048.391566265, 2574106.9111205214], [693038.391566265, 2574105.208995806], [693028.391566265, 2574102.4595371285], [693018.391566265, 2574100.965406445], [693008.391566265, 2574100.342232517], [692998.391566265, 2574100.365951762], [692988.391566265, 2574106.1885326467], [692980.8298649215, 2574108.686746988], [692978.391566265, 2574109.372140431], [692968.391566265, 2574116.1885326467], [692960.8298649215, 2574118.686746988], [692958.391566265, 2574119.6588845868], [692948.391566265, 2574126.7044571377], [692945.2712461395, 2574128.6867469884], [692938.3915662649, 2574134.678467895], [692931.4701947059, 2574138.686746988], [692928.391566265, 2574140.697049927], [692920.4018692037, 2574148.686746988], [692918.391566265, 2574151.78716398], [692914.5849907985, 2574158.686746988], [692912.0811283058, 2574168.686746988], [692911.5417874164, 2574178.686746988], [692913.8874218048, 2574188.686746988], [692912.3867312594, 2574198.686746988], [692911.2601305668, 2574208.686746988], [692909.2656374559, 2574218.686746988], [692908.5140238161, 2574228.686746988], [692908.391566265, 2574229.034135603], [692902.8206219464, 2574238.686746988], [692898.391566265, 2574245.062688936], [692892.1411243929, 2574248.686746988], [692888.391566265, 2574249.9496715525], [692878.5124735422, 2574258.686746988], [692878.391566265, 2574258.782445866], [692868.391566265, 2574268.5091582704], [692868.2240427342, 2574268.686746988], [692858.5313467261, 2574278.686746988], [692858.391566265, 2574278.835990959], [692848.391566265, 2574288.541247311], [692848.1788943099, 2574288.686746988], [692838.391566265, 2574293.8674688125], [692828.391566265, 2574288.8188132355], [692828.2595000174, 2574288.686746988], [692818.391566265, 2574278.7713781423], [692818.3350135301, 2574278.686746988], [692816.9380503037, 2574268.686746988], [692815.8752629445, 2574258.686746988], [692815.8812039134, 2574248.686746988], [692816.7423970929, 2574238.686746988], [692818.391566265, 2574230.5332783284], [692818.974058428, 2574228.686746988], [692826.9965685993, 2574218.686746988], [692828.391566265, 2574211.1045813644], [692829.1792589241, 2574208.686746988], [692834.727248132, 2574198.686746988], [692834.4858077617, 2574188.686746988], [692838.020712506, 2574178.686746988], [692838.391566265, 2574177.787579144], [692844.0194652546, 2574168.686746988], [692848.391566265, 2574159.5744961905], [692849.5585483044, 2574158.686746988], [692848.391566265, 2574158.055632472], [692843.1006855384, 2574148.6867469875], [692838.391566265, 2574144.0961972373], [692833.9684128589, 2574138.686746988], [692828.391566265, 2574132.120224464], [692824.9580887889, 2574128.686746988], [692818.3915662651, 2574123.9077939885], [692808.8370650928, 2574118.6867469884], [692808.3915662651, 2574118.4114498226], [692798.391566265, 2574114.681292544], [692788.391566265, 2574112.31851112], [692778.8370650926, 2574108.686746988], [692778.391566265, 2574108.4875518167], [692768.391566265, 2574105.1331095654], [692758.391566265, 2574102.8867767556], [692748.391566265, 2574102.5831426037], [692738.391566265, 2574103.4968714835], [692728.3915662651, 2574106.0119161], [692723.041983271, 2574108.686746988], [692718.391566265, 2574112.399862146], [692708.391566265, 2574115.7739181696], [692698.391566265, 2574117.978357828], [692694.9986390651, 2574118.686746988], [692688.391566265, 2574121.840470344], [692678.391566265, 2574123.03548791], [692668.3915662651, 2574124.4903668547], [692658.391566265, 2574126.7380032367], [692648.391566265, 2574126.0635065143], [692638.391566265, 2574127.733820693], [692636.2241032332, 2574128.686746988], [692628.391566265, 2574133.2833546316], [692618.4727216433, 2574138.686746988], [692618.391566265, 2574138.7422800926], [692608.391566265, 2574146.0859847753], [692604.4290430946, 2574148.686746988], [692598.391566265, 2574152.0103333495], [692588.3915662651, 2574156.4371259985], [692578.391566265, 2574158.65678669], [692574.3131675995, 2574158.686746988], [692568.391566265, 2574158.7590287854], [692558.391566265, 2574160.0368998], [692549.0137186166, 2574158.686746988], [692548.3915662649, 2574158.6049735853], [692542.310970074, 2574158.686746988], [692538.391566265, 2574158.7346449858], [692528.391566265, 2574160.297807599], [692518.3915662649, 2574161.0406120713], [692508.391566265, 2574164.927609005], [692500.9146393696, 2574168.686746988], [692498.391566265, 2574170.177558397], [692494.7801147819, 2574168.686746988], [692488.3915662651, 2574166.564547366], [692478.391566265, 2574160.159234378], [692476.2391918706, 2574158.686746988], [692468.391566265, 2574154.0350845084], [692460.3280316769, 2574148.686746988], [692458.391566265, 2574147.0631225584], [692454.8209680633, 2574142.25734519]]}}, {"type": "Feature", "properties": {"level": 6.0, "label": "6 h"}, "geometry": {"type": "LineString", "coordinates": [[696098.391566265, 2573995.747983675], [696106.3694412175, 2573988.686746988], [696108.391566265, 2573985.034687827], [696117.2676536817, 2573978.686746988], [696118.391566265, 2573975.640816578], [696123.8360657257, 2573968.686746988], [696128.391566265, 2573963.9354351666], [696132.1719055147, 2573958.686746988], [696138.391566265, 2573950.989989403], [696140.4092853377, 2573948.686746988], [696143.8360657257, 2573938.686746988], [696148.391566265, 2573932.635041482], [696150.881824283, 2573928.686746988], [696156.7471737394, 2573918.686746988], [696158.391566265, 2573915.471574015], [696163.6317589495, 2573908.686746988], [696168.3915662649, 2573902.523906943], [696170.8287889499, 2573898.686746988], [696175.3456358551, 2573888.686746988], [696178.391566265, 2573885.270429712], [696182.3626648225, 2573878.686746988], [696187.4024244555, 2573868.686746988], [696188.391566265, 2573867.124030714], [696192.3942810417, 2573858.686746988], [696192.6552220514, 2573848.686746988], [696193.0910289707, 2573838.6867469875], [696193.6881648672, 2573828.686746988], [696193.9312133931, 2573818.686746988], [696195.376834975, 2573808.686746988], [696197.5428501368, 2573798.686746988], [696198.3915662651, 2573796.6509760553], [696200.7914369686, 2573788.686746988], [696203.7629541475, 2573778.686746988], [696208.3915662651, 2573770.070845139], [696209.1550336328, 2573768.686746988], [696210.2892988992, 2573758.686746988], [696211.7417822923, 2573748.686746988], [696213.2749331833, 2573738.6867469875], [696212.920560216, 2573728.686746988], [696212.3603160183, 2573718.6867469875], [696212.4435834587, 2573708.6867469875], [696212.4435834587, 2573698.686746988], [696212.4435834587, 2573688.686746988], [696212.9743961685, 2573678.6867469884], [696210.2892988992, 2573668.686746988], [696208.391566265, 2573665.316603088], [696205.1679017053, 2573658.686746988], [696198.3915662651, 2573650.9212139547], [696196.302507953, 2573648.686746988], [696188.391566265, 2573641.5870205457], [696184.0717376375, 2573638.686746988], [696178.391566265, 2573634.459553932], [696168.391566265, 2573632.932948742], [696158.391566265, 2573632.955436239], [696148.391566265, 2573634.335990929], [696139.9232047825, 2573638.686746988], [696138.391566265, 2573639.350948938], [696128.391566265, 2573642.955436239], [696121.2948415427, 2573648.686746988], [696118.391566265, 2573652.0251944186], [696113.139559542, 2573658.686746988], [696108.3915662649, 2573664.645652027], [696104.3726005849, 2573668.686746988], [696098.3915662651, 2573674.5897905314], [696094.6414247316, 2573678.686746988], [696088.391566265, 2573685.708419578], [696085.4132388551, 2573688.686746988], [696078.391566265, 2573695.708419578], [696076.2355538318, 2573698.686746988], [696072.7990944169, 2573708.686746988], [696068.391566265, 2573714.9733572556], [696066.2961197977, 2573718.686746988], [696063.9629868503, 2573728.6867469875], [696062.2063798066, 2573738.686746988], [696058.391566265, 2573744.856894686], [696056.4666885014, 2573748.686746988], [696052.7990944169, 2573758.686746988], [696048.391566265, 2573763.6395560564], [696043.7480799339, 2573768.686746988], [696038.391566265, 2573774.0432606568], [696033.2331075678, 2573778.686746988], [696028.391566265, 2573782.984825548], [696018.391566265, 2573787.3495701547], [696016.1280178741, 2573788.686746988], [696008.391566265, 2573793.495883413], [695998.3915662651, 2573794.8759608287], [695993.8618917766, 2573798.686746988], [695988.391566265, 2573805.3424146464], [695985.6715409909, 2573808.686746988], [695979.9168626381, 2573818.686746988], [695978.391566265, 2573823.309228299], [695975.5352034423, 2573828.686746988], [695972.2448270264, 2573838.686746988], [695968.391566265, 2573842.5400077496], [695963.4546195986, 2573848.6867469875], [695958.391566265, 2573852.0856741285], [695951.4630793516, 2573858.686746988], [695948.391566265, 2573861.3058966193], [695940.3773863947, 2573868.686746988], [695938.3915662651, 2573870.800418568], [695930.7174155327, 2573878.686746988], [695928.391566265, 2573881.2796112327], [695921.4630793516, 2573888.686746988], [695918.391566265, 2573893.1878096727], [695914.3449770707, 2573898.686746988], [695911.4635925777, 2573908.686746988], [695908.391566265, 2573917.6168877548], [695908.0432126329, 2573918.686746988], [695906.1129233993, 2573928.686746988], [695903.5952727832, 2573938.686746988], [695900.6799139106, 2573948.686746988], [695898.391566265, 2573955.7912728405], [695897.7596668146, 2573958.686746988], [695893.7475058122, 2573968.686746988], [695890.2434442947, 2573978.686746988], [695888.391566265, 2573985.008070724], [695887.6949884789, 2573988.686746988], [695886.1129233993, 2573998.6867469875], [695885.1627384459, 2574008.686746988], [695882.148928905, 2574018.686746988], [695880.5714343382, 2574028.686746988], [695879.4973542208, 2574038.686746988], [695878.8506063486, 2574048.686746988], [695878.391566265, 2574049.4762775884], [695873.2938448479, 2574058.686746988], [695868.3915662649, 2574064.8289151005], [695864.4733358026, 2574068.686746988], [695858.391566265, 2574073.5255267895], [695851.7099485649, 2574078.686746988], [695848.391566265, 2574082.005129288], [695843.7994715644, 2574088.686746988], [695838.391566265, 2574097.0865757754], [695837.9006935181, 2574098.686746988], [695830.1777159249, 2574108.686746988], [695828.391566265, 2574109.4760210086], [695818.3915662651, 2574116.5974231698], [695811.2744772405, 2574118.686746988], [695808.391566265, 2574120.296597238], [695798.3915662649, 2574126.4212153363], [695791.4875915837, 2574128.686746988], [695788.391566265, 2574130.2965972377], [695780.6993216731, 2574128.6867469875], [695778.391566265, 2574128.3757634726], [695768.391566265, 2574124.0194370802], [695759.3529319871, 2574118.6867469875], [695758.391566265, 2574118.548707813], [695748.3915662649, 2574116.5974231698], [695738.391566265, 2574110.2965972377], [695737.818900601, 2574108.686746988], [695729.1622582107, 2574098.686746988], [695728.3915662649, 2574098.1053754343], [695719.7671945572, 2574088.686746988], [695718.3915662649, 2574086.653166351], [695712.9896362529, 2574078.686746988], [695708.4595230981, 2574068.6867469875], [695708.391566265, 2574068.595764733], [695699.7671945572, 2574058.686746988], [695698.3915662651, 2574056.4402727718], [695693.3054039667, 2574048.6867469875], [695689.401411447, 2574038.6867469875], [695688.3915662649, 2574037.020196963], [695683.9382671528, 2574028.686746988], [695681.4762068709, 2574018.686746988], [695680.5279083888, 2574008.686746988], [695680.5279083888, 2573998.686746988], [695681.4762068709, 2573988.686746988], [695683.9382671528, 2573978.686746988], [695688.391566265, 2573970.448244046], [695689.4637582777, 2573968.686746988], [695692.2061735598, 2573958.686746988], [695698.391566265, 2573950.0674242363], [695699.3927369784, 2573948.686746988], [695702.9590936168, 2573938.6867469875], [695708.391566265, 2573931.1375270854], [695710.1280472733, 2573928.6867469875], [695714.1084768085, 2573918.686746988], [695718.391566265, 2573912.301082659], [695720.7278372281, 2573908.686746988], [695725.8311414603, 2573898.686746988], [695728.391566265, 2573892.128163194], [695729.3578431712, 2573888.686746988], [695730.2849368623, 2573878.686746988], [695731.8268596539, 2573868.686746988], [695732.8815548527, 2573858.686746988], [695733.0392475767, 2573848.6867469884], [695732.8059474374, 2573838.686746988], [695731.7744027409, 2573828.686746988], [695730.8421050699, 2573818.686746988], [695730.677412513, 2573808.686746988], [695730.632349498, 2573798.686746988], [695730.632349498, 2573788.686746988], [695730.6674271468, 2573778.6867469884], [695730.6674271468, 2573768.6867469884], [695728.391566265, 2573764.1169422087], [695725.0529878645, 2573758.686746988], [695718.9379445782, 2573748.686746988], [695718.391566265, 2573747.97503641], [695711.6873537544, 2573738.686746988], [695708.3915662649, 2573733.794081783], [695705.0529878645, 2573728.686746988], [695698.391566265, 2573721.9848523596], [695695.5632544194, 2573718.686746988], [695688.391566265, 2573711.552231698], [695685.0529878645, 2573708.686746988], [695678.391566265, 2573703.1010769056], [695670.2451328823, 2573698.686746988], [695668.391566265, 2573697.2685033875], [695658.391566265, 2573692.034608625], [695648.391566265, 2573688.763371858], [695648.3055739481, 2573688.686746988], [695638.391566265, 2573681.7537447596], [695630.5126646716, 2573678.686746988], [695628.391566265, 2573676.82567999], [695619.9216265705, 2573668.686746988], [695618.391566265, 2573666.9329382125], [695611.7315633437, 2573658.686746988], [695608.391566265, 2573654.0338194855], [695606.3600165971, 2573648.686746988], [695601.2685158729, 2573638.686746988], [695598.391566265, 2573631.3534028567], [695597.6742125639, 2573628.686746988], [695595.4475363484, 2573618.686746988], [695597.7550197201, 2573608.686746988], [695598.391566265, 2573607.781009842], [695603.7661455648, 2573598.686746988], [695607.3972098259, 2573588.686746988], [695608.391566265, 2573587.5006489186], [695616.422487807, 2573578.686746988], [695618.391566265, 2573576.397449227], [695625.8108276732, 2573568.686746988], [695628.391566265, 2573560.9468094176], [695629.8539462368, 2573558.686746988], [695631.3346699927, 2573548.686746988], [695628.391566265, 2573541.799782657], [695627.4412372189, 2573538.686746988], [695625.2949845513, 2573528.686746988], [695621.1585262003, 2573518.686746988], [695618.391566265, 2573514.8850944606], [695613.9194345218, 2573508.686746988], [695608.8991484266, 2573498.686746988], [695608.391566265, 2573497.6168927588], [695603.5001241427, 2573488.686746988], [695598.8589918407, 2573478.686746988], [695598.3915662651, 2573477.961256467], [695592.4459952787, 2573468.686746988], [695588.391566265, 2573463.062288534], [695584.0409800492, 2573458.686746988], [695578.391566265, 2573453.8613658394], [695573.191616029, 2573448.686746988], [695568.3915662651, 2573445.77613976], [695558.391566265, 2573439.5519995545], [695556.3989270199, 2573438.686746988], [695548.391566265, 2573435.2998079546], [695538.391566265, 2573429.4586804365], [695537.0063593222, 2573428.686746988], [695528.391566265, 2573424.130634739], [695521.3266094921, 2573418.686746988], [695518.391566265, 2573416.058774403], [695511.01953885, 2573408.686746988], [695508.391566265, 2573406.0121382796], [695501.2316957223, 2573398.686746988], [695498.391566265, 2573395.6217645584], [695492.8955975361, 2573388.686746988], [695488.391566265, 2573383.7610577224], [695483.6743866228, 2573378.686746988], [695478.391566265, 2573373.7743587047], [695471.9013216281, 2573368.686746988], [695468.3915662649, 2573366.009963243], [695458.391566265, 2573361.3306123805], [695454.9285072604, 2573358.686746988], [695448.3915662651, 2573353.7617686903], [695438.391566265, 2573350.6596979112], [695435.272228599, 2573348.686746988], [695428.391566265, 2573342.7153963316], [695420.1997541987, 2573338.686746988], [695418.391566265, 2573337.8021712173], [695408.391566265, 2573332.7582132416], [695398.391566265, 2573330.2489949875], [695392.587141212, 2573328.686746988], [695388.3915662649, 2573326.9502858263], [695378.391566265, 2573324.9611217384], [695368.391566265, 2573323.212497511], [695358.391566265, 2573325.0013009044], [695348.391566265, 2573325.7595486436], [695338.3915662651, 2573326.6537886513], [695331.5951237382, 2573328.686746988], [695328.3915662649, 2573330.159791242], [695318.391566265, 2573335.980960275], [695315.580460454, 2573338.6867469884], [695308.391566265, 2573346.6938038114], [695307.265365121, 2573348.686746988], [695303.4169465035, 2573358.686746988], [695298.391566265, 2573365.8761087013], [695296.4733177875, 2573368.686746988], [695289.5012230969, 2573378.686746988], [695288.3915662651, 2573379.989364194], [695283.6011118949, 2573388.6867469884], [695278.391566265, 2573393.9393952563], [695274.6374187134, 2573398.6867469884], [695268.391566265, 2573407.6813058057], [695267.7497422439, 2573408.686746988], [695259.031147056, 2573418.686746988], [695258.391566265, 2573419.293246212], [695248.391566265, 2573423.4782311274], [695238.391566265, 2573427.1518773776], [695235.1036016727, 2573428.686746988], [695228.391566265, 2573431.8785185777], [695218.391566265, 2573435.307895349], [695214.8183860152, 2573438.6867469875], [695208.3915662649, 2573444.223542112], [695203.2857576564, 2573448.686746988], [695198.391566265, 2573453.5809383793], [695193.2857576563, 2573458.686746988], [695188.391566265, 2573464.50226096], [695182.2550569125, 2573468.686746988], [695178.391566265, 2573472.3728495785], [695168.391566265, 2573473.593222766], [695158.4620956454, 2573468.686746988], [695158.391566265, 2573468.6448169528], [695148.391566265, 2573463.059162631], [695139.5963461575, 2573458.6867469875], [695138.391566265, 2573457.882299818], [695128.391566265, 2573452.023532117], [695124.4993683628, 2573448.686746988], [695118.391566265, 2573443.593222766], [695109.5963461575, 2573438.686746988], [695108.3915662649, 2573437.882299818], [695098.391566265, 2573433.5457371157], [695088.391566265, 2573432.698083954], [695078.391566265, 2573431.789387144], [695068.391566265, 2573432.993300567], [695058.391566265, 2573432.993300567], [695048.391566265, 2573432.993300567], [695038.391566265, 2573432.993300567], [695028.3915662649, 2573437.376366121], [695027.4430563223, 2573438.686746988], [695018.391566265, 2573447.7382370452], [695017.8335547212, 2573448.686746988], [695013.5158674623, 2573458.686746988], [695008.391566265, 2573466.123749364], [695007.3622249699, 2573468.686746988], [695004.3353713439, 2573478.686746988], [695003.0016757748, 2573488.686746988], [694998.3915662651, 2573494.417083999], [694995.8723440471, 2573498.686746988], [694990.2760768823, 2573508.686746988], [694988.391566265, 2573510.678114718], [694980.3829339951, 2573518.686746988], [694978.3915662651, 2573520.571257605], [694968.391566265, 2573526.174311075], [694963.2498052068, 2573528.686746988], [694958.391566265, 2573532.5504423343], [694948.391566265, 2573535.719042437], [694942.437454744, 2573538.686746988], [694938.391566265, 2573541.718587615], [694928.391566265, 2573542.97509367], [694923.5333273233, 2573538.686746988], [694918.391566265, 2573533.976838101], [694913.3744038285, 2573528.6867469884], [694908.391566265, 2573520.502445643], [694907.1096373943, 2573518.6867469884], [694899.0423064859, 2573508.686746988], [694898.3915662649, 2573507.6870516045], [694889.736742223, 2573498.686746988], [694888.391566265, 2573497.2986348383], [694879.1494715244, 2573488.686746988], [694878.391566265, 2573487.8269243026], [694868.9724875906, 2573478.686746988], [694868.391566265, 2573478.0453173267], [694858.3915662649, 2573474.669510211], [694850.2214613119, 2573468.686746988], [694848.391566265, 2573467.764003253], [694839.3143099998, 2573458.686746988], [694838.3915662649, 2573457.764003253], [694830.3623837552, 2573448.686746988], [694829.6930625803, 2573438.686746988], [694829.1201540505, 2573428.6867469884], [694828.391566265, 2573425.5989740663], [694826.7716463371, 2573418.686746988], [694822.1950977829, 2573408.686746988], [694818.9317307955, 2573398.686746988], [694818.391566265, 2573398.0014646472], [694808.7113705815, 2573388.686746988], [694808.391566265, 2573388.3813230298], [694798.391566265, 2573384.1623158264], [694791.8813120389, 2573378.686746988], [694788.3915662649, 2573375.523792376], [694780.4467043552, 2573368.686746988], [694778.391566265, 2573366.631608898], [694770.1700958788, 2573358.686746988], [694768.391566265, 2573357.195148767], [694758.391566265, 2573356.3806698583], [694749.3660432402, 2573348.686746988], [694748.391566265, 2573347.834362099], [694738.3915662649, 2573346.2744456856], [694729.0707976028, 2573338.6867469884], [694728.391566265, 2573338.180963742], [694718.3915662649, 2573337.465526531], [694716.6916465975, 2573338.6867469884], [694708.391566265, 2573345.5931759644], [694707.0942167885, 2573348.686746988], [694705.9770706423, 2573358.686746988], [694698.391566265, 2573365.955565175], [694695.7516427815, 2573368.686746988], [694688.391566265, 2573376.356320624], [694686.2372856226, 2573378.6867469875], [694678.391566265, 2573386.5324663455], [694675.9770706422, 2573388.686746988], [694668.391566265, 2573394.78519368], [694658.391566265, 2573397.7200566432], [694656.341771174, 2573398.686746988], [694648.391566265, 2573405.4086038014], [694638.391566265, 2573407.0855344418], [694628.391566265, 2573407.636958964], [694618.3915662649, 2573407.7757864594], [694608.391566265, 2573407.728586757], [694598.391566265, 2573407.4751026076], [694588.391566265, 2573407.2466884432], [694578.391566265, 2573407.4721686626], [694568.3915662649, 2573406.784926464], [694558.391566265, 2573399.8145644143], [694557.82069492, 2573398.686746988], [694548.391566265, 2573395.1391338706], [694538.391566265, 2573391.855539635], [694528.391566265, 2573392.182176957], [694518.391566265, 2573395.06069997], [694511.8511286757, 2573398.686746988], [694508.391566265, 2573403.018703294], [694499.4697717633, 2573408.686746988], [694498.391566265, 2573409.7649524864], [694489.5193836916, 2573418.686746988], [694488.3915662649, 2573419.4801083407], [694478.7099629018, 2573428.686746988], [694478.391566265, 2573428.922023558], [694468.391566265, 2573433.607832643], [694459.7735784202, 2573438.686746988], [694458.391566265, 2573439.0484715654], [694448.391566265, 2573439.2916918793], [694438.391566265, 2573440.959799748], [694428.391566265, 2573443.018703294], [694420.1632710835, 2573448.686746988], [694418.391566265, 2573449.6528346497], [694408.6268428352, 2573458.686746988], [694408.391566265, 2573458.8987190416], [694398.3915662649, 2573460.152082554], [694388.391566265, 2573466.5926236054], [694382.7386294082, 2573468.686746988], [694378.3915662651, 2573469.634817547], [694368.391566265, 2573473.7395525128], [694362.6528229383, 2573478.686746988], [694358.391566265, 2573482.948003661], [694353.3184991668, 2573488.686746988], [694348.3915662651, 2573493.8762595938], [694343.8706060824, 2573498.6867469884], [694340.506937224, 2573508.686746988], [694338.391566265, 2573514.468567146], [694336.1716094946, 2573518.686746988], [694331.1782831331, 2573528.686746988], [694328.391566265, 2573535.1060729134], [694325.2827274376, 2573538.686746988], [694328.391566265, 2573544.468916565], [694329.4969781308, 2573548.686746988], [694330.5069372241, 2573558.686746988], [694336.1716094946, 2573568.6867469875], [694338.391566265, 2573570.8156629573], [694341.5495702237, 2573578.686746988], [694348.391566265, 2573587.0612435522], [694349.2350966425, 2573588.686746988], [694358.391566265, 2573597.970885404], [694358.796131999, 2573598.686746988], [694368.391566265, 2573608.6070614234], [694368.4635654312, 2573608.686746988], [694372.301367474, 2573618.686746988], [694378.391566265, 2573626.963513118], [694379.8849591363, 2573628.686746988], [694388.3578776877, 2573638.686746988], [694388.391566265, 2573638.7204355653], [694398.391566265, 2573647.437345964], [694408.1593978812, 2573648.686746988], [694408.391566265, 2573648.9189153714], [694414.2315674438, 2573658.686746988], [694408.391566265, 2573664.526748167], [694404.2315674438, 2573668.686746988], [694398.391566265, 2573675.4172680127], [694397.5974630547, 2573678.686746988], [694388.391566265, 2573688.644717246], [694388.3644609255, 2573688.686746988], [694378.391566265, 2573698.659641648], [694378.3710604104, 2573698.686746988], [694368.3915662651, 2573708.2837249506], [694367.9538128776, 2573708.686746988], [694358.391566265, 2573718.0576719604], [694357.6091388026, 2573718.6867469875], [694348.391566265, 2573726.0988543825], [694343.5327460831, 2573728.6867469875], [694338.391566265, 2573729.6741999933], [694328.391566265, 2573729.291404069], [694327.3072523836, 2573728.686746988], [694318.391566265, 2573724.4619703265], [694308.391566265, 2573720.2461822224], [694298.391566265, 2573719.0093005328], [694297.5992518945, 2573718.686746988], [694288.391566265, 2573711.1521700053], [694278.391566265, 2573709.0093005328], [694277.7801345955, 2573708.686746988], [694268.391566265, 2573703.2165931496], [694258.391566265, 2573699.104678971], [694248.391566265, 2573698.9778753533], [694247.6019807963, 2573698.6867469875], [694238.391566265, 2573691.491671994], [694228.391566265, 2573688.703770374], [694227.6127750725, 2573688.686746988], [694218.391566265, 2573679.63488398], [694216.1048109798, 2573678.686746988], [694208.391566265, 2573673.1245482787], [694201.8855651186, 2573668.686746988], [694198.391566265, 2573665.519538761], [694192.4811030844, 2573662.776283807]]}}, {"type": "Feature", "properties": {"level": 6.0, "label": "6 h"}, "geometry": {"type": "LineString", "coordinates": [[693901.0553381083, 2573938.686746988], [693908.391566265, 2573947.641966787], [693909.448698905, 2573948.686746988], [693918.1384891561, 2573958.686746988], [693918.391566265, 2573958.9546053098], [693928.3915662649, 2573967.6235380424], [693930.0747397067, 2573968.686746988], [693938.3915662649, 2573976.7487231824], [693941.0091682007, 2573978.686746988], [693948.391566265, 2573984.232144178], [693953.6206657251, 2573988.686746988], [693958.391566265, 2573993.457647528], [693963.6206657251, 2573998.686746988], [693968.391566265, 2574005.4262478575], [693971.7195893052, 2574008.686746988], [693978.391566265, 2574015.358723948], [693982.6710142477, 2574018.686746988], [693988.3915662651, 2574023.603546746], [693995.9666104043, 2574028.686746988], [693998.391566265, 2574030.1314863972], [694008.391566265, 2574036.8700582497], [694011.8012992948, 2574038.686746988], [694018.391566265, 2574044.5748861684], [694028.391566265, 2574046.7407789947], [694033.5068791029, 2574048.6867469884], [694038.391566265, 2574052.416079353], [694048.391566265, 2574055.164279538], [694058.391566265, 2574056.3204294494], [694065.573242462, 2574058.686746988], [694068.391566265, 2574059.718123978], [694078.3915662649, 2574062.4853803962], [694088.391566265, 2574065.5360053172], [694095.8213903885, 2574068.686746988], [694098.3915662649, 2574069.585739597], [694108.391566265, 2574070.515519187], [694118.391566265, 2574070.515519187], [694125.3075296667, 2574068.686746988], [694128.391566265, 2574067.9374950794], [694138.391566265, 2574066.117469568], [694148.391566265, 2574067.7984797773], [694153.4547072263, 2574068.6867469884], [694158.391566265, 2574070.3659760104], [694168.391566265, 2574072.4969494557], [694178.3915662651, 2574070.798141518], [694188.391566265, 2574069.6423629746], [694198.391566265, 2574069.6423629746], [694201.1709117346, 2574068.686746988], [694208.3915662651, 2574063.623606027], [694213.3284253039, 2574058.686746988], [694218.391566265, 2574056.857369713], [694226.56218899, 2574048.686746988], [694228.391566265, 2574046.857369713], [694238.3915662651, 2574040.7231671484], [694243.6450723829, 2574038.686746988], [694248.3915662649, 2574036.5259938766], [694258.391566265, 2574035.8625375936], [694268.391566265, 2574030.7231671484], [694273.8316463177, 2574038.6867469884], [694274.8734635412, 2574048.686746988], [694272.99703304, 2574058.686746988], [694268.391566265, 2574062.318063684], [694258.391566265, 2574062.8148285747], [694248.391566265, 2574063.361430972], [694238.391566265, 2574067.792751969], [694235.6122207955, 2574068.686746988], [694228.391566265, 2574070.516124263], [694220.2209435401, 2574078.686746988], [694220.0675896583, 2574088.686746988], [694219.9120464611, 2574098.686746988], [694218.391566265, 2574105.9074015184], [694217.4975712461, 2574108.686746988], [694212.9212330953, 2574118.686746988], [694218.391566265, 2574126.9430223606], [694219.6163783039, 2574128.686746988], [694222.342828307, 2574138.686746988], [694222.7185320903, 2574148.686746988], [694222.9807174308, 2574158.686746988], [694222.6670342698, 2574168.686746988], [694220.1530798108, 2574178.686746988], [694218.391566265, 2574185.244684094], [694217.8968358071, 2574188.686746988], [694217.7201130851, 2574198.686746988], [694215.5951594952, 2574208.686746988], [694215.5951594952, 2574218.686746988], [694216.4620977894, 2574228.686746988], [694215.5951594952, 2574238.686746988], [694215.9414816026, 2574248.686746988], [694218.0389840949, 2574258.686746988], [694218.3915662649, 2574261.322735118], [694220.9544606642, 2574268.686746988], [694225.7609080847, 2574278.6867469875], [694228.391566265, 2574285.7695234176], [694229.6401792135, 2574288.686746988], [694234.2514488419, 2574298.686746988], [694238.391566265, 2574308.285632375], [694238.5603740483, 2574308.686746988], [694246.5011633176, 2574318.686746988], [694248.3915662649, 2574320.880039303], [694255.1588067625, 2574328.686746988], [694258.3915662651, 2574332.561776053], [694264.4261432111, 2574338.686746988], [694268.3915662651, 2574343.2289070925], [694273.7591697694, 2574348.686746988], [694278.391566265, 2574354.2505338476], [694281.8053712262, 2574358.686746988], [694288.391566265, 2574366.3880078997], [694290.2817480387, 2574368.686746988], [694298.2502385977, 2574378.686746988], [694298.391566265, 2574378.842176505], [694307.1776233414, 2574388.686746988], [694308.391566265, 2574390.061547693], [694315.8645348178, 2574398.686746988], [694318.391566265, 2574401.4557233816], [694324.9803104736, 2574408.6867469875], [694328.391566265, 2574412.4064391386], [694335.3453775665, 2574418.686746988], [694338.391566265, 2574422.1521322574], [694347.8723430255, 2574428.686746988], [694348.391566265, 2574429.119556681], [694358.3915662649, 2574436.580894381], [694361.8976240499, 2574438.686746988], [694368.391566265, 2574443.4343938865], [694378.3915662651, 2574447.5180535587], [694381.6612674776, 2574448.686746988], [694388.3915662651, 2574451.874220401], [694398.391566265, 2574453.6240624283], [694408.391566265, 2574455.586546954], [694418.391566265, 2574456.5691162837], [694428.391566265, 2574456.8991437405], [694438.391566265, 2574457.3204224897], [694448.1570233915, 2574458.686746988], [694448.391566265, 2574458.7334028836], [694458.391566265, 2574465.357438761], [694465.8955651894, 2574468.686746988], [694468.391566265, 2574469.7960952464], [694478.391566265, 2574474.6138691856], [694485.4168608158, 2574478.686746988], [694488.391566265, 2574480.641186814], [694498.391566265, 2574487.0656147418], [694500.3657340291, 2574488.686746988], [694508.391566265, 2574496.129877268], [694510.4890847623, 2574498.686746988], [694518.391566265, 2574508.2061405214], [694518.7447578806, 2574508.686746988], [694522.8200616075, 2574518.686746988], [694528.391566265, 2574527.3979547303], [694529.6973587228, 2574528.686746988], [694537.8746799997, 2574538.686746988], [694538.391566265, 2574539.2603200735], [694548.391566265, 2574547.783850513], [694549.4232465503, 2574548.686746988], [694558.391566265, 2574556.7880904563], [694562.0061796156, 2574558.686746988], [694567.6943415428, 2574568.6867469875], [694568.391566265, 2574572.4234118257], [694570.5659566316, 2574578.686746988], [694577.5631878038, 2574588.686746988], [694578.391566265, 2574589.5151254493], [694585.2912873836, 2574598.686746988], [694588.3915662651, 2574600.769013035], [694597.8894814928, 2574608.686746988], [694598.3915662649, 2574609.081690342], [694608.391566265, 2574617.7838505134], [694609.0905033399, 2574618.686746988], [694617.9210658268, 2574628.686746988], [694618.391566265, 2574629.221441881], [694626.8490087097, 2574638.686746988], [694628.391566265, 2574640.3017291995], [694637.8286171464, 2574648.6867469875], [694638.391566265, 2574649.376950173], [694648.391566265, 2574655.1647976562], [694653.9452062442, 2574658.686746988], [694658.391566265, 2574664.776076114], [694660.789649616, 2574668.686746988], [694660.5762714884, 2574678.686746988], [694660.259188993, 2574688.686746988], [694659.7737637247, 2574698.686746988], [694660.9654927035, 2574708.686746988], [694663.938702821, 2574718.686746988], [694666.4595798509, 2574728.686746988], [694668.391566265, 2574736.189041078], [694668.799347596, 2574738.686746988], [694671.5047712686, 2574748.686746988], [694676.4574986048, 2574758.686746988], [694678.391566265, 2574762.372252359], [694681.4560306508, 2574768.686746988], [694687.2391220928, 2574778.6867469875], [694688.391566265, 2574780.3480243427], [694693.2071217995, 2574788.686746988], [694698.391566265, 2574796.8007730627], [694699.9822209385, 2574798.686746988], [694708.391566265, 2574808.209324416], [694708.7993475961, 2574808.686746988], [694718.391566265, 2574817.4336907216], [694719.9535884517, 2574818.6867469884], [694728.391566265, 2574823.2445495175], [694736.9163682564, 2574828.686746988], [694738.391566265, 2574829.399653739], [694748.391566265, 2574834.7941291267], [694755.5778460867, 2574838.686746988], [694758.391566265, 2574840.8614149545], [694768.3915662651, 2574848.4332831586], [694768.7295610241, 2574848.686746988], [694778.391566265, 2574854.3674067277], [694786.9163682564, 2574858.686746988], [694788.391566265, 2574859.4320212947], [694798.391566265, 2574860.5393826216], [694808.391566265, 2574861.7283511944], [694818.391566265, 2574862.1734464746], [694828.3915662651, 2574861.5436713877], [694838.3915662649, 2574860.4805369587], [694848.391566265, 2574860.0665512094], [694855.4547463779, 2574858.686746988], [694858.391566265, 2574858.1045688023], [694868.391566265, 2574856.548112369], [694878.391566265, 2574854.0255980776], [694888.391566265, 2574851.815987443], [694898.391566265, 2574850.8117175614], [694908.391566265, 2574848.973096034], [694909.8568569751, 2574848.686746988], [694918.391566265, 2574845.504764774], [694928.391566265, 2574841.334899314], [694938.3915662651, 2574840.6397313527], [694948.3915662651, 2574840.0218338994], [694958.3915662651, 2574839.093885719], [694968.391566265, 2574839.093885719], [694978.391566265, 2574839.7796964203], [694988.391566265, 2574848.6241207053], [694988.4947049377, 2574848.686746988], [694998.391566265, 2574858.5836083153], [694998.4514459383, 2574858.686746988], [695005.3348980492, 2574868.686746988], [695008.391566265, 2574869.4496176047], [695016.426886318, 2574878.686746988], [695018.391566265, 2574880.5097984076], [695027.9619044131, 2574888.6867469875], [695028.391566265, 2574889.034010651], [695038.391566265, 2574894.7552205734], [695043.4889916375, 2574898.686746988], [695048.391566265, 2574902.6038240013], [695058.391566265, 2574907.478888326], [695060.4746441686, 2574908.686746988], [695068.391566265, 2574913.4090265967], [695077.8096455474, 2574918.686746988], [695078.391566265, 2574919.1556307436], [695088.391566265, 2574923.364116573], [695098.391566265, 2574925.4640766885], [695106.2110132301, 2574928.686746988], [695108.3915662649, 2574929.8037887826], [695118.391566265, 2574935.332078987], [695122.7231976981, 2574938.686746988], [695128.391566265, 2574943.277987598], [695138.391566265, 2574948.5462808013], [695138.6202131964, 2574948.686746988], [695148.391566265, 2574954.458822727], [695153.7143184732, 2574958.6867469875], [695158.391566265, 2574961.9678340335], [695168.391566265, 2574964.335288064], [695178.391566265, 2574968.56501979], [695178.6202131963, 2574968.686746988], [695188.391566265, 2574973.0834641326], [695198.391566265, 2574978.5671604853], [695198.5871733963, 2574978.686746988], [695208.391566265, 2574983.662143763], [695215.7621097097, 2574988.6867469884], [695218.391566265, 2574990.857901318], [695228.391566265, 2574994.8275668486], [695238.0751445112, 2574998.6867469875], [695238.391566265, 2574998.8283711], [695248.391566265, 2575001.8709410476], [695258.391566265, 2575002.5931147262], [695268.391566265, 2575001.3162035435], [695278.391566265, 2575000.548571153], [695288.391566265, 2574998.9001744287], [695298.391566265, 2574999.017983607], [695308.391566265, 2575000.7527920306], [695318.391566265, 2575001.2108308105], [695328.3915662651, 2575000.3610858545], [695338.391566265, 2574999.2042385465], [695348.3915662651, 2575000.683417668], [695358.391566265, 2575003.132265012], [695368.391566265, 2575006.6573535847], [695371.6643530292, 2575008.686746988], [695378.3915662649, 2575011.6388462023], [695385.4394670505, 2575018.6867469875], [695388.391566265, 2575022.0602313327], [695393.4606329952, 2575028.686746988], [695398.391566265, 2575032.629022022], [695404.4492912313, 2575038.686746988], [695408.391566265, 2575044.003176769], [695410.6055486382, 2575048.686746988], [695418.391566265, 2575057.9273368553], [695419.5324471728, 2575058.686746988], [695428.391566265, 2575065.6043553045], [695432.7544991303, 2575068.686746988], [695438.3915662649, 2575072.942081712], [695446.0732319066, 2575078.686746988], [695448.391566265, 2575080.0951855476], [695457.3056347342, 2575088.686746988], [695458.391566265, 2575089.454157059], [695468.391566265, 2575098.614723515], [695468.4732064072, 2575098.686746988], [695478.3915662649, 2575106.605455527], [695481.4595249143, 2575108.686746988], [695488.391566265, 2575115.206634536], [695494.0808279513, 2575118.686746988], [695498.3915662649, 2575120.333683909], [695508.391566265, 2575126.706831775], [695512.0102926946, 2575128.686746988], [695518.391566265, 2575131.109768772], [695528.391566265, 2575134.976071152], [695538.391566265, 2575138.564606716], [695546.0568124342, 2575138.6867469875], [695548.3915662649, 2575138.704703777], [695558.391566265, 2575139.4289737213], [695568.3915662651, 2575141.5785008725], [695578.391566265, 2575145.097836688], [695588.391566265, 2575145.336118076], [695598.391566265, 2575144.172876904], [695608.391566265, 2575138.834255402], [695608.8016777616, 2575138.686746988], [695618.391566265, 2575134.141325537], [695628.391566265, 2575128.736635973], [695628.4767645869, 2575128.6867469884], [695638.391566265, 2575122.164323648], [695644.6839679333, 2575118.686746988], [695648.391566265, 2575116.6955333715], [695658.3915662649, 2575111.301148857], [695661.9207386284, 2575108.686746988], [695668.391566265, 2575103.084699009], [695678.391566265, 2575099.0445170044], [695678.8016777616, 2575098.686746988], [695684.6839679333, 2575088.686746988], [695688.391566265, 2575084.3440954518], [695692.179849892, 2575078.686746988], [695698.391566265, 2575070.9166712174], [695700.0064616265, 2575068.686746988], [695702.3153441919, 2575058.6867469884], [695708.391566265, 2575051.164790258], [695710.424311602, 2575048.686746988], [695718.391566265, 2575039.1570653655], [695718.7331893679, 2575038.686746988], [695723.3840220924, 2575028.686746988], [695728.391566265, 2575023.6792028155], [695732.1522440698, 2575018.686746988], [695736.6865139604, 2575008.686746988], [695738.391566265, 2575005.2764103096], [695741.104824073, 2574998.6867469884], [695743.1616971086, 2574988.686746988], [695740.5491670474, 2574978.686746988], [695739.3171043699, 2574968.6867469884], [695738.391566265, 2574960.4405997624], [695737.9193525414, 2574958.686746988], [695737.827235256, 2574948.686746988], [695738.391566265, 2574946.8210721435], [695739.4460737872, 2574938.686746988], [695741.65887218, 2574928.686746988], [695746.1797883278, 2574918.686746988], [695748.391566265, 2574914.977994091], [695752.1087758947, 2574908.686746988], [695757.8883939493, 2574898.686746988], [695758.391566265, 2574897.835233073], [695762.4162363822, 2574888.686746988], [695765.678838815, 2574878.686746988], [695765.0109463868, 2574868.686746988], [695763.8365815291, 2574858.686746988], [695759.7278257234, 2574848.686746988], [695758.391566265, 2574846.409947707], [695752.189470127, 2574838.686746988], [695748.391566265, 2574833.699235536], [695741.6540705962, 2574828.686746988], [695738.391566265, 2574825.435674978], [695731.618937535, 2574818.686746988], [695728.391566265, 2574817.265571837], [695718.391566265, 2574816.266346543], [695708.391566265, 2574816.8868585387], [695702.9908883106, 2574818.686746988], [695698.391566265, 2574821.0389402215], [695688.391566265, 2574825.671527904], [695678.391566265, 2574826.9483499285], [695674.2006747588, 2574828.6867469884], [695668.391566265, 2574832.6262312047], [695658.391566265, 2574832.620052475], [695652.804312498, 2574828.686746988], [695648.391566265, 2574824.274000755], [695638.391566265, 2574821.766715935], [695632.3256490831, 2574818.686746988], [695628.391566265, 2574815.68548051], [695618.391566265, 2574813.155489422], [695608.391566265, 2574811.766715935], [695606.5738673129, 2574808.686746988], [695598.3915662649, 2574800.4288979475], [695595.4205589149, 2574798.686746988], [695588.391566265, 2574792.785203144], [695578.391566265, 2574791.3911256175], [695568.391566265, 2574791.3911256175], [695558.391566265, 2574792.7099321354], [695548.391566265, 2574792.7099321354], [695538.391566265, 2574792.04870455], [695528.391566265, 2574791.3911256175], [695518.391566265, 2574790.6115224524], [695508.3915662649, 2574794.4594988273], [695505.1732764037, 2574798.686746988], [695501.9136179246, 2574808.686746988], [695498.3915662649, 2574816.7942164233], [695497.5903995872, 2574818.686746988], [695493.8932649032, 2574828.686746988], [695495.0289825867, 2574838.686746988], [695498.391566265, 2574843.743898273], [695502.0768721931, 2574848.686746988], [695505.7201099149, 2574858.686746988], [695508.3915662651, 2574861.9839240466], [695518.391566265, 2574866.153120512], [695528.3915662649, 2574866.916889892], [695534.3335924495, 2574868.686746988], [695538.391566265, 2574870.8490388556], [695548.391566265, 2574873.9020603066], [695558.391566265, 2574875.9823683584], [695568.391566265, 2574876.0929026883], [695578.391566265, 2574876.8426819406], [695584.3335924495, 2574878.686746988], [695588.3915662651, 2574882.7447208036], [695596.2300063481, 2574888.686746988], [695598.3915662649, 2574891.248074811], [695599.9437758871, 2574888.686746988], [695604.4582607779, 2574878.686746988], [695608.391566265, 2574874.753441501], [695618.391566265, 2574874.753441501], [695628.391566265, 2574874.753441501], [695638.391566265, 2574874.753441501], [695648.391566265, 2574874.753441501], [695658.3915662651, 2574873.430663569], [695661.4392424301, 2574878.686746988], [695663.1558802708, 2574888.686746988], [695663.978820032, 2574898.686746988], [695659.3705058804, 2574908.686746988], [695658.391566265, 2574909.8538279496], [695648.391566265, 2574909.8538279496], [695638.3915662651, 2574909.8538279496], [695628.391566265, 2574909.8538279496], [695618.391566265, 2574909.8538279496], [695608.391566265, 2574909.8538279496], [695607.2244853036, 2574908.686746988], [695598.391566265, 2574902.402333904], [695588.391566265, 2574908.0118671344], [695587.1973026216, 2574908.686746988], [695578.3915662651, 2574917.4924833444], [695568.391566265, 2574916.525187071], [695560.553126182, 2574908.686746988], [695558.391566265, 2574907.1345373658], [695548.391566265, 2574900.9293937786], [695542.4495400806, 2574898.686746988], [695538.391566265, 2574895.6854805104], [695528.391566265, 2574896.2534995675], [695518.391566265, 2574896.2534995675], [695516.3448936846, 2574898.686746988], [695508.391566265, 2574902.275992466], [695502.4137040948, 2574908.686746988], [695498.391566265, 2574912.8765048296], [695492.7074284309, 2574918.686746988], [695488.391566265, 2574923.0026091537], [695482.5813241068, 2574928.686746988], [695478.391566265, 2574932.7549871947], [695472.4598064716, 2574938.686746988], [695468.391566265, 2574940.857626083], [695458.3915662651, 2574944.1893405365], [695452.4376336213, 2574948.686746988], [695448.391566265, 2574950.819033626], [695439.2370599692, 2574948.686746988], [695438.391566265, 2574948.1905233148], [695428.3915662649, 2574948.0891743256], [695418.391566265, 2574948.088449764], [695408.391566265, 2574948.021209454], [695398.391566265, 2574947.9944106536], [695388.391566265, 2574946.3191934815], [695378.391566265, 2574944.241228964], [695369.3568608727, 2574938.686746988], [695368.391566265, 2574937.9535186933], [695358.391566265, 2574933.1072918926], [695354.666840777, 2574928.686746988], [695348.391566265, 2574920.76728572], [695347.6032596197, 2574918.686746988], [695342.8370842888, 2574908.686746988], [695338.3915662649, 2574904.2153196046], [695336.0736450751, 2574898.686746988], [695328.391566265, 2574890.955466471], [695326.4986210712, 2574888.686746988], [695318.391566265, 2574880.1181078255], [695317.1913836024, 2574878.686746988], [695316.4744129834, 2574868.686746988], [695308.391566265, 2574860.546301692], [695306.7394465083, 2574858.686746988], [695298.3915662649, 2574850.0687446357], [695297.0893728699, 2574848.686746988], [695295.2789567881, 2574838.686746988], [695288.391566265, 2574831.3768478637], [695286.8791548994, 2574828.686746988], [695287.0026943807, 2574818.686746988], [695288.3915662649, 2574810.846503068], [695289.3731290431, 2574808.686746988], [695290.9782919686, 2574798.6867469875], [695289.6115437355, 2574788.686746988], [695288.391566265, 2574784.941971169], [695287.5300587874, 2574778.686746988], [695286.7937958703, 2574768.686746988], [695280.8127650084, 2574758.686746988], [695278.391566265, 2574753.629919111], [695276.9986309172, 2574748.686746988], [695270.8127650085, 2574738.686746988], [695269.1266714103, 2574728.686746988], [695268.391566265, 2574726.916475858], [695265.2639396435, 2574718.686746988], [695260.8223495991, 2574708.6867469875], [695261.8743279341, 2574698.686746988], [695262.5243104958, 2574688.686746988], [695267.594993081, 2574678.686746988], [695265.0408453674, 2574668.686746988], [695262.0668637276, 2574658.686746988], [695266.3594242227, 2574648.686746988], [695268.391566265, 2574642.4591973987], [695270.1595056672, 2574638.686746988], [695278.391566265, 2574629.867149534], [695288.391566265, 2574628.8907700772], [695298.391566265, 2574629.068408038], [695308.391566265, 2574629.6039987323], [695318.391566265, 2574633.5907985307], [695328.391566265, 2574638.4585450054], [695329.396190218, 2574638.686746988], [695338.391566265, 2574640.4304729872], [695348.391566265, 2574645.804431734], [695357.4177454358, 2574648.6867469884], [695358.391566265, 2574649.0073180166], [695368.391566265, 2574654.1588991615], [695378.391566265, 2574658.6311137825], [695378.4556491425, 2574658.686746988], [695388.391566265, 2574666.461737873], [695391.7225812012, 2574668.686746988], [695398.391566265, 2574674.8023542957], [695406.3588700757, 2574678.686746988], [695408.3915662651, 2574680.7194431773], [695418.391566265, 2574686.8913082867], [695421.9623116981, 2574688.686746988], [695428.391566265, 2574693.6386750313], [695438.391566265, 2574696.5566509375], [695448.391566265, 2574698.522479725], [695448.9149021686, 2574698.686746988], [695458.391566265, 2574704.003131895], [695468.391566265, 2574707.076149913], [695478.391566265, 2574708.49712245], [695488.391566265, 2574706.2861074796], [695493.8448105399, 2574698.686746988], [695497.3959587144, 2574688.6867469875], [695498.391566265, 2574688.229797836], [695508.391566265, 2574685.547862342], [695518.2576128473, 2574678.686746988], [695518.391566265, 2574678.6056111054], [695528.391566265, 2574676.561642494], [695538.3915662651, 2574673.37960587], [695543.8736473874, 2574668.686746988], [695548.391566265, 2574664.16882811], [695553.8736473874, 2574658.686746988], [695558.391566265, 2574649.983592525], [695559.029458109, 2574648.686746988], [695560.8021454131, 2574638.686746988], [695560.8021454131, 2574628.686746988], [695560.8021454131, 2574618.686746988], [695560.2393992515, 2574608.686746988], [695558.9053210767, 2574598.686746988], [695558.3915662651, 2574596.472088393], [695554.3067489408, 2574588.686746988], [695548.391566265, 2574585.2781483736], [695541.2349801633, 2574578.686746988], [695538.391566265, 2574577.5741571137], [695528.391566265, 2574576.1718104878], [695518.391566265, 2574574.2616578564], [695508.391566265, 2574573.0988032455], [695498.3915662649, 2574571.127713876], [695488.8606572791, 2574568.686746988], [695488.3915662649, 2574568.542741912], [695478.3915662651, 2574566.0912591056], [695468.391566265, 2574563.237612677], [695458.391566265, 2574562.0601584297], [695448.391566265, 2574560.4165668976], [695438.391566265, 2574558.8542979117], [695428.391566265, 2574560.3146839496], [695418.391566265, 2574561.9597031176], [695408.3915662651, 2574565.6657610685], [695401.9374702628, 2574568.686746988], [695398.391566265, 2574570.2862684825], [695388.391566265, 2574574.5132892802], [695378.3915662651, 2574574.852312652], [695368.3915662649, 2574576.5775113283], [695358.391566265, 2574572.982056807], [695348.391566265, 2574570.3036449663], [695339.3887797939, 2574568.686746988], [695338.391566265, 2574568.511662281], [695328.391566265, 2574568.0026075114], [695318.391566265, 2574562.9919351726], [695308.391566265, 2574561.9082917036], [695305.1700215496, 2574558.686746988], [695298.391566265, 2574552.9020999335], [695294.8642807057, 2574548.686746988], [695288.391566265, 2574543.91462938], [695285.1619642129, 2574538.686746988], [695278.391566265, 2574532.05588156], [695275.1475588358, 2574528.686746988], [695268.391566265, 2574522.6571991243], [695264.4211141285, 2574518.686746988], [695258.391566265, 2574512.8440983687], [695253.1166386144, 2574508.686746988], [695248.3915662651, 2574504.307228171], [695238.391566265, 2574499.4409847152], [695237.4621271575, 2574498.686746988], [695228.391566265, 2574489.6161860954], [695227.4552389882, 2574488.686746988], [695222.9519882285, 2574478.686746988], [695218.391566265, 2574471.3089095196], [695215.7698803502, 2574468.686746988], [695215.9269295039, 2574458.686746988], [695218.391566265, 2574455.794914037], [695223.2721857128, 2574448.686746988], [695228.391566265, 2574445.1610688246], [695235.4118923763, 2574438.686746988], [695238.391566265, 2574436.8220168077], [695248.391566265, 2574432.7086428846], [695254.506378936, 2574428.686746988], [695258.391566265, 2574426.938397916], [695268.391566265, 2574424.435861322], [695278.391566265, 2574422.459572226], [695288.3915662649, 2574419.7114379206], [695290.2577383616, 2574418.686746988], [695298.3915662651, 2574413.300303599], [695305.1404468766, 2574408.686746988], [695308.391566265, 2574404.4827633877], [695312.7737150629, 2574398.686746988], [695318.391566265, 2574391.1799669433], [695319.9069357802, 2574388.686746988], [695325.5062962961, 2574378.686746988], [695327.4798902198, 2574368.6867469884], [695327.8791983306, 2574358.686746988], [695328.391566265, 2574356.8460664134], [695333.1765345213, 2574348.6867469884], [695338.391566265, 2574341.484483333], [695341.1893026099, 2574338.686746988], [695348.391566265, 2574331.8031490976], [695351.8192393603, 2574328.686746988], [695358.391566265, 2574325.33599473], [695365.802129274, 2574318.686746988], [695368.391566265, 2574316.1896917243], [695378.391566265, 2574312.9672876312], [695388.3915662649, 2574309.2050617575], [695389.2153779176, 2574308.6867469875], [695398.391566265, 2574306.956013865], [695408.391566265, 2574306.956013865], [695418.3915662651, 2574307.293797885], [695424.4227848739, 2574308.686746988], [695428.3915662651, 2574310.796561031], [695438.3915662651, 2574312.6454454316], [695444.4328678214, 2574318.686746988], [695447.5692448162, 2574328.6867469884], [695448.391566265, 2574330.02850246], [695454.4993064997, 2574338.686746988], [695456.3960634638, 2574348.686746988], [695458.391566265, 2574356.366211308], [695459.3299254857, 2574358.686746988], [695462.4883046395, 2574368.686746988], [695463.7440918153, 2574378.686746988], [695465.4315082954, 2574388.686746988], [695466.8082817171, 2574398.686746988], [695467.1157759584, 2574408.6867469884], [695467.3432250321, 2574418.6867469875], [695468.391566265, 2574424.4202168426], [695470.8714424341, 2574428.686746988], [695476.6914343158, 2574438.686746988], [695478.391566265, 2574444.4202168426], [695484.4945387228, 2574448.6867469875], [695488.391566265, 2574451.0852359403], [695498.391566265, 2574453.219780366], [695508.3915662651, 2574451.8965841457], [695512.3820633134, 2574448.6867469884], [695518.391566265, 2574444.4549074066], [695528.391566265, 2574439.975639314], [695538.391566265, 2574447.2143143844], [695540.3329524861, 2574448.686746988], [695548.391566265, 2574454.2808653526], [695555.4833566316, 2574458.686746988], [695558.391566265, 2574459.7811322445], [695568.391566265, 2574465.465233317], [695572.1256702883, 2574468.686746988], [695578.391566265, 2574471.486386895], [695588.391566265, 2574476.494206857], [695591.6836952836, 2574478.686746988], [695598.391566265, 2574482.582875219], [695606.6325271097, 2574488.686746988], [695608.391566265, 2574489.542125773], [695618.3501336711, 2574498.686746988], [695618.391566265, 2574498.727585794], [695626.2304342188, 2574508.686746988], [695628.3915662649, 2574511.6467464324], [695634.1371442573, 2574518.686746988], [695638.3590753967, 2574528.686746988], [695638.391566265, 2574528.7488959297], [695644.8779334349, 2574538.686746988], [695648.391566265, 2574543.902534012], [695653.1757792407, 2574548.686746988], [695658.391566265, 2574553.6535656746], [695668.391566265, 2574556.877294645], [695671.5952605589, 2574558.686746988], [695678.391566265, 2574564.429479927], [695688.3915662649, 2574567.292884043], [695691.7335767086, 2574568.686746988], [695698.391566265, 2574573.445679734], [695708.391566265, 2574576.5251334966], [695718.391566265, 2574577.9184109382], [695728.391566265, 2574577.97126847], [695738.391566265, 2574577.569596288], [695748.391566265, 2574576.686021451], [695758.391566265, 2574574.9318027636], [695768.391566265, 2574571.601126548], [695774.3583274658, 2574568.686746988], [695778.3915662651, 2574567.4931243523], [695788.391566265, 2574564.2737676287], [695798.3915662651, 2574559.7946792915], [695800.628055313, 2574558.686746988], [695808.391566265, 2574556.1778369984], [695818.391566265, 2574554.513490477], [695825.279767422, 2574548.686746988], [695828.391566265, 2574544.229716748], [695832.4167613259, 2574538.686746988], [695835.2008353072, 2574528.686746988], [695835.9533623725, 2574518.686746988], [695838.391566265, 2574513.7141339043], [695842.0564671912, 2574508.6867469884], [695848.391566265, 2574502.3516479144], [695854.9025992856, 2574498.686746988], [695858.391566265, 2574497.524549641], [695868.391566265, 2574497.32444413], [695878.3915662649, 2574496.7767850067], [695888.391566265, 2574494.681399245], [695898.3915662651, 2574492.9341971595], [695905.7955304247, 2574488.686746988], [695908.391566265, 2574487.2645377237], [695918.3915662649, 2574483.21577841], [695928.391566265, 2574479.6202668743], [695931.9369630904, 2574478.686746988], [695938.391566265, 2574477.0040073], [695948.391566265, 2574473.2222193815], [695954.5995217548, 2574468.686746988], [695958.3915662651, 2574462.7752393736], [695960.7022359874, 2574458.686746988], [695962.9270386583, 2574448.686746988], [695962.9270386583, 2574438.6867469875], [695964.4647655867, 2574428.686746988], [695968.391566265, 2574420.3252901104], [695968.875198814, 2574418.686746988], [695969.2439051716, 2574408.6867469875], [695970.2232512276, 2574398.686746988], [695978.391566265, 2574389.8952976405], [695980.1709664535, 2574388.686746988], [695985.6400125785, 2574378.686746988], [695988.391566265, 2574371.282841688], [695990.987660965, 2574368.6867469884], [695998.391566265, 2574363.2222193815], [696008.391566265, 2574361.3072412265], [696018.391566265, 2574361.3072412265], [696025.7710720266, 2574368.686746988], [696028.391566265, 2574372.570577883], [696035.5895169582, 2574378.686746988], [696038.391566265, 2574381.4887962947], [696048.3915662649, 2574386.226883676], [696051.326510055, 2574388.686746988], [696058.3915662651, 2574392.636145816], [696068.391566265, 2574395.5782147623], [696078.3915662649, 2574393.049923881], [696088.391566265, 2574389.1913012834], [696089.8424639119, 2574388.686746988], [696098.391566265, 2574385.837046203], [696108.391566265, 2574384.982503345], [696118.391566265, 2574381.8282912113], [696127.413008381, 2574378.686746988], [696128.391566265, 2574378.495997296], [696138.3915662651, 2574373.3203656394], [696143.2224103038, 2574368.686746988], [696148.391566265, 2574363.5175910266], [696152.7547431584, 2574358.6867469875], [696158.1433563706, 2574348.686746988], [696158.391566265, 2574347.708189104], [696161.5331104886, 2574338.686746988], [696164.9571224216, 2574328.686746988], [696163.7048018861, 2574318.686746988], [696160.0055264496, 2574308.686746988], [696158.391566265, 2574305.753249229], [696153.8291594178, 2574298.686746988], [696148.766329421, 2574288.6867469884], [696148.391566265, 2574288.1831717915], [696140.0066556679, 2574278.6867469875], [696138.391566265, 2574277.086825729], [696128.8897918581, 2574268.6867469875], [696128.391566265, 2574268.332480952], [696118.391566265, 2574259.172938624], [696117.8611390453, 2574258.686746988], [696108.391566265, 2574254.8811571863], [696100.8000149948, 2574248.6867469875], [696098.391566265, 2574247.7220762395], [696088.391566265, 2574246.471299056], [696078.391566265, 2574243.4498869292], [696069.9575424293, 2574238.686746988], [696068.391566265, 2574238.0378217706], [696058.391566265, 2574233.0361418747], [696048.391566265, 2574232.221670131], [696044.4526562177, 2574228.686746988], [696038.391566265, 2574223.1734752315], [696030.4291303521, 2574218.686746988], [696028.391566265, 2574216.649182901], [696021.8669957538, 2574208.686746988], [696018.4654048117, 2574198.686746988], [696018.391566265, 2574198.5010726466], [696014.67231655, 2574188.686746988], [696010.7849583236, 2574178.686746988], [696008.4951842645, 2574168.686746988], [696008.391566265, 2574168.4937223075], [696004.3134451823, 2574158.686746988], [696008.391566265, 2574151.7059971024], [696010.3045174374, 2574148.686746988], [696018.391566265, 2574139.899873753], [696019.0364454759, 2574138.686746988], [696025.0636212131, 2574128.686746988], [696028.391566265, 2574124.4017160553], [696033.0255860477, 2574118.686746988], [696038.3915662649, 2574109.7906271713], [696039.2305625032, 2574108.6867469884], [696045.6683525406, 2574098.686746988], [696048.391566265, 2574092.3108135345], [696051.2326633693, 2574088.6867469884], [696056.6416425856, 2574078.686746988], [696058.391566265, 2574076.0642936905], [696064.2368534737, 2574068.686746988], [696068.391566265, 2574060.7831561314], [696069.9165138593, 2574058.6867469884], [696074.6031190021, 2574048.686746988], [696075.8210602249, 2574038.686746988], [696078.391566265, 2574033.6818480734], [696082.2601544007, 2574028.686746988], [696085.4573629287, 2574018.686746988], [696087.5682804165, 2574008.686746988]]}}]}