{"type": "FeatureCollection", "crs": {"type": "name", "properties": {"name": "urn:ogc:def:crs:EPSG::32640"}}, "features": [{"type": "Feature", "properties": {"hours": 0.25, "label": "15 min"}, "geometry": {"type": "LineString", "coordinates": [[696158.391566265, 2576218.686746988], [696158.391566265, 2576218.686746988], [696148.391566265, 2576208.686746988], [696138.391566265, 2576208.686746988], [696138.391566265, 2576208.686746988], [696128.391566265, 2576198.686746988], [696118.391566265, 2576198.686746988], [696118.391566265, 2576198.686746988], [696108.391566265, 2576188.686746988], [696108.391566265, 2576188.686746988], [696098.391566265, 2576178.686746988], [696098.391566265, 2576178.686746988], [696088.391566265, 2576168.686746988], [696088.391566265, 2576168.686746988], [696078.391566265, 2576158.686746988], [696078.391566265, 2576158.686746988], [696068.391566265, 2576148.686746988], [696058.391566265, 2576148.686746988], [696048.391566265, 2576148.686746988], [696048.391566265, 2576148.686746988], [696038.391566265, 2576138.686746988], [696038.391566265, 2576138.686746988], [696038.391566265, 2576128.686746988], [696028.391566265, 2576118.686746988], [696018.391566265, 2576118.686746988], [696008.391566265, 2576118.686746988], [695998.391566265, 2576118.686746988], [695988.391566265, 2576118.686746988], [695978.391566265, 2576118.686746988], [695968.391566265, 2576118.686746988], [695958.391566265, 2576118.686746988], [695948.391566265, 2576118.686746988], [695938.391566265, 2576118.686746988], [695928.391566265, 2576118.686746988], [695918.391566265, 2576118.686746988], [695918.391566265, 2576118.686746988], [695918.391566265, 2576108.686746988], [695918.391566265, 2576098.686746988], [695918.391566265, 2576088.686746988], [695918.391566265, 2576078.686746988], [695918.391566265, 2576068.686746988], [695918.391566265, 2576058.686746988], [695918.391566265, 2576048.686746988], [695918.391566265, 2576038.686746988], [695918.391566265, 2576028.686746988], [695918.391566265, 2576018.686746988], [695918.391566265, 2576008.686746988], [695918.391566265, 2575998.686746988], [695918.391566265, 2575998.686746988], [695928.391566265, 2575998.686746988], [695938.391566265, 2575998.686746988], [695948.391566265, 2575998.686746988], [695958.391566265, 2575998.686746988], [695968.391566265, 2575998.686746988], [695978.391566265, 2575998.686746988], [695988.391566265, 2575998.686746988], [695998.391566265, 2575998.686746988], [696008.391566265, 2575998.686746988], [696018.391566265, 2575998.686746988], [696028.391566265, 2575998.686746988], [696038.391566265, 2575998.686746988], [696048.391566265, 2575998.686746988], [696058.391566265, 2575998.686746988], [696068.391566265, 2575998.686746988], [696078.391566265, 2575988.686746988], [696078.391566265, 2575988.686746988], [696088.391566265, 2575978.686746988], [696088.391566265, 2575978.686746988], [696098.391566265, 2575978.686746988], [696108.391566265, 2575968.686746988], [696108.391566265, 2575968.686746988], [696118.391566265, 2575968.686746988], [696128.391566265, 2575958.686746988], [696128.391566265, 2575958.686746988], [696138.391566265, 2575948.686746988], [696138.391566265, 2575948.686746988], [696148.391566265, 2575938.686746988], [696148.391566265, 2575938.686746988], [696158.391566265, 2575928.686746988], [696158.391566265, 2575918.686746988], [696158.391566265, 2575918.686746988], [696168.391566265, 2575908.686746988], [696168.391566265, 2575898.686746988], [696168.391566265, 2575898.686746988], [696178.391566265, 2575888.686746988], [696178.391566265, 2575878.686746988], [696178.391566265, 2575878.686746988], [696188.391566265, 2575868.686746988], [696188.391566265, 2575858.686746988], [696188.391566265, 2575858.686746988], [696198.391566265, 2575848.686746988], [696198.391566265, 2575848.686746988], [696208.391566265, 2575838.686746988], [696208.391566265, 2575828.686746988], [696208.391566265, 2575818.686746988], [696198.391566265, 2575808.686746988], [696198.391566265, 2575808.686746988], [696198.391566265, 2575798.686746988], [696198.391566265, 2575788.686746988], [696198.391566265, 2575778.686746988], [696188.391566265, 2575768.6869116947], [696188.3914015582, 2575768.686746988], [696178.391566265, 2575758.688599118], [696178.389714135, 2575758.686746988], [696168.391566265, 2575748.68700833], [696168.3913049229, 2575748.686746988], [696158.391566265, 2575738.687966376], [696158.390346877, 2575738.686746988], [696148.391566265, 2575728.6886412706], [696148.3896719824, 2575728.686746988], [696148.3896719824, 2575718.686746988], [696148.3896719824, 2575708.686746988], [696148.3896719824, 2575698.686746988], [696148.391566265, 2575698.6848527053], [696158.3901781449, 2575688.686746988], [696158.391566265, 2575688.685358868], [696168.3913049229, 2575678.686746988], [696168.391566265, 2575678.686485646], [696178.3896175323, 2575668.686746988], [696178.391566265, 2575668.684798255], [696188.387930711, 2575658.686746988], [696188.391566265, 2575658.6831114343], [696198.3862444588, 2575648.686746988], [696198.391566265, 2575648.6814251817], [696208.3831345623, 2575638.686746988], [696208.3831345623, 2575628.686746988], [696198.391566265, 2575618.6951786904], [696188.391566265, 2575618.6951786904], [696178.391566265, 2575618.6951786904], [696168.391566265, 2575618.6951786904], [696158.391566265, 2575618.6951786904], [696148.3992376665, 2575628.686746988], [696148.391566265, 2575628.6944183894], [696138.391566265, 2575628.6944183894], [696128.391566265, 2575628.6944183894], [696118.391566265, 2575628.6944183894], [696108.391566265, 2575628.6944183894], [696098.391566265, 2575628.6944183894], [696098.3838948637, 2575628.686746988], [696088.391566265, 2575618.6951786904], [696088.3831345624, 2575618.686746988], [696078.391566265, 2575608.695178691], [696078.3831345623, 2575608.686746988], [696078.3831345623, 2575598.686746988], [696068.391566265, 2575588.6951786904], [696058.391566265, 2575588.6951786904], [696048.391566265, 2575588.6951786904], [696038.391566265, 2575588.6951786904], [696028.391566265, 2575588.6951786904], [696028.3831345623, 2575588.686746988], [696018.391566265, 2575578.695178691], [696008.391566265, 2575578.695178691], [696008.3831345623, 2575578.686746988], [695998.391566265, 2575568.695178691], [695998.3831345623, 2575568.686746988], [695988.391566265, 2575558.6951786904], [695978.391566265, 2575558.6951786904], [695978.3831345623, 2575558.686746988], [695968.391566265, 2575548.695178691], [695958.391566265, 2575548.6940426114], [695958.3842706411, 2575548.686746988], [695948.391566265, 2575538.6926980466], [695938.391566265, 2575538.691353119], [695938.3869601338, 2575538.686746988], [695928.391566265, 2575528.691187803], [695918.391566265, 2575528.6906429087], [695918.3876703443, 2575528.686746988], [695908.391566265, 2575518.6923856447], [695898.391566265, 2575518.6921338956], [695898.3861793573, 2575518.686746988], [695888.391566265, 2575508.6942081405], [695888.3841051124, 2575508.686746988], [695878.391566265, 2575498.6951786904], [695878.3831345624, 2575498.686746988], [695868.391566265, 2575488.6927862624], [695858.3979157375, 2575498.686746988], [695858.391566265, 2575498.693096461], [695848.3999979678, 2575508.686746988], [695848.391566265, 2575508.695178691], [695838.3995790107, 2575518.686746988], [695838.391566265, 2575518.6947597335], [695828.3983666108, 2575528.686746988], [695828.3962984834, 2575538.686746988], [695828.391566265, 2575538.6914792066], [695818.3950882397, 2575548.686746988], [695818.391566265, 2575548.6902689626], [695808.3956548927, 2575558.686746988], [695808.391566265, 2575558.690835616], [695798.397391228, 2575568.686746988], [695798.391566265, 2575568.692571951], [695788.391566265, 2575568.694287998], [695778.391566265, 2575568.695178691], [695768.3999979676, 2575578.686746988], [695768.391566265, 2575578.695178691], [695758.391566265, 2575578.695178691], [695748.3999979678, 2575588.686746988], [695748.391566265, 2575588.6951786904], [695738.391566265, 2575588.6951786904], [695728.3997662651, 2575598.686746988], [695728.391566265, 2575598.694946988], [695718.3991842686, 2575608.686746988], [695718.391566265, 2575608.6943649915], [695708.3986022056, 2575618.686746988], [695708.391566265, 2575618.6937829284], [695698.3980200748, 2575628.686746988], [695698.3973059382, 2575638.686746988], [695698.391566265, 2575638.692486661], [695688.3967236563, 2575648.686746988], [695688.391566265, 2575648.6919043795], [695678.3964257959, 2575658.686746988], [695678.3958082461, 2575668.686746988], [695678.391566265, 2575668.690988969], [695668.3963088281, 2575678.686746988], [695668.3963344791, 2575688.686746988], [695668.3963344791, 2575698.686746988], [695668.3963344791, 2575708.686746988], [695668.3963344791, 2575718.686746988], [695668.3963344791, 2575728.686746988], [695668.3961704334, 2575738.686746988], [695668.3953690011, 2575748.686746988], [695668.3945674403, 2575758.686746988], [695668.3937657509, 2575768.686746988], [695668.391566265, 2575768.688946474], [695658.3937657508, 2575778.686746988], [695658.391566265, 2575778.688946474], [695648.3937657508, 2575788.686746988], [695648.391566265, 2575788.6889464734], [695638.391566265, 2575788.689707498], [695628.3944732165, 2575798.686746988], [695628.391566265, 2575798.6896539396], [695618.3952783209, 2575808.686746988], [695618.391566265, 2575808.6904590437], [695608.3976570916, 2575818.686746988], [695608.3972075486, 2575828.686746988], [695608.3966455638, 2575838.686746988], [695608.391566265, 2575838.6918262867], [695598.391566265, 2575838.6929076444], [695588.391566265, 2575838.6929076444], [695578.391566265, 2575838.6929076444], [695568.391566265, 2575838.692315664], [695558.391566265, 2575838.692777978], [695548.391566265, 2575838.6932402486], [695538.3966230921, 2575848.686746988], [695538.391566265, 2575848.6918038153], [695528.3964181619, 2575858.686746988], [695528.391566265, 2575858.6915988848], [695518.391566265, 2575858.6932847267], [695508.3978991327, 2575868.686746988], [695508.391566265, 2575868.6930798553], [695498.398408931, 2575878.686746988], [695498.391566265, 2575878.693589654], [695488.391566265, 2575878.6936579724], [695478.391566265, 2575878.6936579724], [695468.391566265, 2575878.6936579724], [695458.391566265, 2575878.6936579724], [695458.3846552805, 2575878.686746988], [695448.391566265, 2575868.6951786904], [695438.391566265, 2575868.6951786904], [695428.391566265, 2575868.6951786904], [695418.3973904775, 2575878.686746988], [695418.391566265, 2575878.6925712], [695408.391566265, 2575878.6925712], [695398.391566265, 2575878.6925712], [695388.391566265, 2575878.691418164], [695378.391566265, 2575878.690264861], [695378.3880483919, 2575878.686746988], [695368.391566265, 2575868.690456615], [695368.3878566383, 2575868.686746988], [695358.391566265, 2575858.6910950947], [695358.3872181582, 2575858.686746988], [695348.391566265, 2575848.6917334935], [695348.3865797595, 2575848.686746988], [695338.391566265, 2575838.692454712], [695338.3858585411, 2575838.686746988], [695328.391566265, 2575828.6934374366], [695328.3848758162, 2575828.686746988], [695318.391566265, 2575818.6950442563], [695308.3999979678, 2575828.686746988], [695308.3997716584, 2575838.686746988], [695308.391566265, 2575838.6949523813], [695298.391566265, 2575838.6951786904], [695288.3996892927, 2575848.686746988], [695288.3980039858, 2575858.686746988], [695288.391566265, 2575858.6931847082], [695278.3972011321, 2575868.686746988], [695278.3958853718, 2575878.686746988], [695278.391566265, 2575878.6910660947], [695268.3948316552, 2575888.686746988], [695268.391566265, 2575888.690012378], [695258.391566265, 2575888.6907757595], [695248.3947917958, 2575898.686746988], [695248.391566265, 2575898.689972519], [695238.391566265, 2575898.689972519], [695228.391566265, 2575898.689972519], [695228.3883407343, 2575898.686746988], [695218.391566265, 2575888.6918593463], [695208.391566265, 2575888.689858313], [695208.3884549398, 2575888.686746988], [695208.3867685108, 2575878.686746988], [695208.3850826507, 2575868.686746988], [695208.3841120389, 2575858.686746988], [695198.391566265, 2575848.693023527], [695198.385289726, 2575848.686746988], [695198.3852198534, 2575838.686746988], [695188.391566265, 2575828.6919154515], [695188.3863978017, 2575828.686746988], [695188.3851727414, 2575818.686746988], [695178.391566265, 2575808.693160929], [695178.3851523239, 2575808.686746988], [695168.391566265, 2575798.693185714], [695158.391566265, 2575798.691520269], [695148.391566265, 2575798.6906269654], [695138.391566265, 2575798.692967603], [695128.391566265, 2575798.69381926], [695118.391566265, 2575798.694670772], [695108.391566265, 2575798.695178691], [695098.3997737404, 2575808.686746988], [695098.391566265, 2575808.6949544637], [695088.391566265, 2575808.6949544637], [695078.391566265, 2575808.6949544637], [695068.391566265, 2575808.6949007777], [695068.3834124757, 2575808.686746988], [695068.3831345623, 2575798.686746988], [695068.3831345623, 2575788.686746988], [695068.3831345623, 2575778.686746988], [695058.391566265, 2575768.695178691], [695058.3831345624, 2575768.686746988], [695048.391566265, 2575758.695178691], [695038.391566265, 2575758.695178691], [695038.3831345623, 2575758.686746988], [695028.391566265, 2575748.695178691], [695018.391566265, 2575748.694174887], [695008.391566265, 2575748.6901684455], [694998.391566265, 2575748.6904385593], [694988.391566265, 2575748.693418874], [694978.3998895574, 2575758.686746988], [694978.3999636465, 2575768.686746988], [694978.3999636465, 2575778.686746988], [694978.3999636465, 2575788.686746988], [694978.391566265, 2575788.6951443697], [694968.3990895125, 2575798.686746988], [694968.3959049068, 2575808.686746988], [694968.391566265, 2575808.6910856296], [694958.391566265, 2575808.6910856296], [694948.391566265, 2575808.6910856296], [694938.391566265, 2575808.6906088428], [694938.3877044102, 2575808.686746988], [694928.391566265, 2575798.691073125], [694918.391566265, 2575798.688688731], [694910.2515410046, 2575798.686746988], [694908.3915662649, 2575797.129962956], [694908.3891600614, 2575788.686746988], [694898.391566265, 2575778.6896176105], [694898.3886956424, 2575778.686746988], [694898.3872594021, 2575768.686746988], [694898.3869684014, 2575758.686746988], [694898.3858180775, 2575748.686746988], [694898.3838229119, 2575738.686746988], [694898.3831345623, 2575728.686746988], [694888.391566265, 2575718.695178691], [694878.391566265, 2575718.695178691], [694868.391566265, 2575718.695178691], [694868.3831345623, 2575718.686746988], [694858.391566265, 2575708.6951786904], [694848.391566265, 2575708.6951786904], [694838.391566265, 2575708.694687444], [694838.3836258092, 2575708.686746988], [694828.391566265, 2575698.695178691], [694828.3831345623, 2575698.686746988], [694818.391566265, 2575688.695178691], [694818.3831345624, 2575688.686746988], [694808.391566265, 2575678.6951786904], [694798.391566265, 2575678.6951786904], [694788.391566265, 2575678.6951786904], [694778.391566265, 2575678.6951786904], [694768.391566265, 2575678.6951786904], [694768.3831345623, 2575678.686746988], [694758.391566265, 2575668.695178691], [694758.3831345623, 2575668.686746988], [694748.391566265, 2575658.695178691], [694738.391566265, 2575658.695178691], [694728.391566265, 2575658.695178691], [694728.3831345623, 2575658.686746988], [694718.391566265, 2575648.6951786904], [694718.3831345624, 2575648.686746988], [694708.391566265, 2575638.695178691], [694708.3831345623, 2575638.686746988], [694698.391566265, 2575628.695178691], [694688.391566265, 2575628.695178691], [694678.391566265, 2575628.695178691], [694678.3831345624, 2575628.686746988], [694668.391566265, 2575618.6951786904], [694668.3831345623, 2575618.686746988], [694668.3831345623, 2575608.686746988], [694658.391566265, 2575598.695178691], [694648.391566265, 2575598.6941722683], [694648.3841409846, 2575598.686746988], [694648.3831384926, 2575588.686746988], [694648.3831345624, 2575578.686746988], [694648.3831345624, 2575568.686746988], [694648.3831345624, 2575558.686746988], [694648.3831345624, 2575548.686746988], [694648.391566265, 2575548.678315285], [694658.3831345623, 2575538.686746988], [694648.391566265, 2575528.6951786904], [694638.391566265, 2575528.6951786904], [694628.391566265, 2575528.6951786904], [694618.396250926, 2575538.686746988], [694618.391566265, 2575538.691431649], [694608.391566265, 2575538.692140912], [694598.391566265, 2575538.6928500766], [694588.3996592871, 2575548.686746988], [694588.3999835888, 2575558.686746988], [694588.3999979678, 2575568.686746988], [694588.3999979678, 2575578.686746988], [694588.3999979678, 2575588.686746988], [694588.391566265, 2575588.6951786904], [694578.391566265, 2575588.6951786904], [694568.391566265, 2575588.6951786904], [694558.391566265, 2575588.6951786904], [694548.391566265, 2575588.6951786904], [694538.391566265, 2575588.6951786904], [694528.391566265, 2575588.6951786904], [694518.391566265, 2575588.6951786904], [694518.3831345623, 2575588.686746988], [694508.391566265, 2575578.695178691], [694498.391566265, 2575578.695178691], [694488.391566265, 2575578.695178691], [694488.3831345623, 2575578.686746988], [694478.391566265, 2575568.695178691], [694478.3831345624, 2575568.686746988], [694468.391566265, 2575558.6951786904], [694468.3831345623, 2575558.686746988], [694458.391566265, 2575548.695178691], [694458.3831345623, 2575548.686746988], [694448.391566265, 2575538.695178691], [694448.3831345623, 2575538.686746988], [694448.3831345623, 2575528.686746988], [694438.391566265, 2575518.695178691], [694438.3831345624, 2575518.686746988], [694428.391566265, 2575508.695178691], [694428.3831345623, 2575508.686746988], [694418.391566265, 2575498.6951786904], [694408.391566265, 2575498.6951786904], [694398.391566265, 2575498.6951786904], [694398.3831345623, 2575498.686746988], [694388.391566265, 2575488.695178691], [694378.391566265, 2575488.695178691], [694368.3999979678, 2575498.686746988], [694368.391566265, 2575498.6951786904], [694358.391566265, 2575498.6951786904], [694348.391566265, 2575498.6951786904], [694338.3999979678, 2575508.686746988], [694338.391566265, 2575508.695178691], [694328.391566265, 2575508.695178691], [694318.3999979678, 2575518.686746988], [694318.391566265, 2575518.695178691], [694308.391566265, 2575518.695178691], [694298.391566265, 2575518.695178691], [694288.391566265, 2575518.695178691], [694278.391566265, 2575518.695178691], [694268.391566265, 2575518.695178691], [694268.3831345624, 2575518.686746988], [694258.391566265, 2575508.695178691], [694248.391566265, 2575508.695178691], [694248.3831345623, 2575508.686746988], [694238.391566265, 2575498.6951786904], [694238.3831345624, 2575498.686746988], [694228.391566265, 2575488.695178691], [694218.391566265, 2575488.695178691], [694208.391566265, 2575488.695178691], [694198.391566265, 2575488.695198342], [694188.391566265, 2575488.6969407625], [694178.391566265, 2575488.6986825736], [694168.391566265, 2575488.6990938666], [694158.391566265, 2575488.6990938666], [694148.391566265, 2575488.6990938666], [694138.391566265, 2575488.699092771], [694138.3792204821, 2575488.686746988], [694128.391566265, 2575478.700355593], [694128.37795766, 2575478.686746988], [694128.3766937875, 2575468.686746988], [694118.391566265, 2575458.7023839545], [694118.3759292987, 2575458.686746988], [694108.391566265, 2575448.702362492], [694108.3759507608, 2575448.686746988], [694108.3747170656, 2575438.686746988], [694108.3747170656, 2575428.686746988], [694098.391566265, 2575418.7035961873], [694088.391566265, 2575418.7035961873], [694078.391566265, 2575418.7035961873], [694068.391566265, 2575418.7034778316], [694058.391566265, 2575418.7024812745], [694048.4038109254, 2575428.686746988], [694048.391566265, 2575428.6989916484], [694038.4042777881, 2575438.686746988], [694038.391566265, 2575438.699458511], [694028.391566265, 2575438.701673929], [694018.4084154645, 2575448.686746988], [694018.4084154645, 2575458.686746988], [694018.4084154645, 2575468.686746988], [694028.391566265, 2575478.675962466], [694028.4023507871, 2575478.686746988], [694038.391566265, 2575488.678315285], [694048.391566265, 2575488.678315285], [694058.391566265, 2575488.678315285], [694058.3999979676, 2575488.686746988], [694068.391566265, 2575498.678315285], [694078.391566265, 2575498.678315285], [694088.391566265, 2575498.678315285], [694098.391566265, 2575498.678315285], [694098.3999979678, 2575498.686746988], [694108.391566265, 2575508.6783152856], [694118.391566265, 2575508.6783152856], [694118.3999979676, 2575508.686746988], [694128.391566265, 2575518.678315285], [694138.391566265, 2575518.678315285], [694138.3999979678, 2575518.686746988], [694148.391566265, 2575528.678315285], [694158.391566265, 2575528.678315285], [694168.391566265, 2575528.678315285], [694168.3999979678, 2575528.686746988], [694178.391566265, 2575538.6783152856], [694188.391566265, 2575538.6783152856], [694198.391566265, 2575538.6783152856], [694198.3999979678, 2575538.686746988], [694208.391566265, 2575548.678315285], [694218.391566265, 2575548.678315285], [694218.3999979678, 2575548.686746988], [694228.391566265, 2575558.678315285], [694238.391566265, 2575558.678315285], [694238.3999979678, 2575558.686746988], [694248.391566265, 2575568.6783152856], [694248.3999979678, 2575568.686746988], [694248.3999979678, 2575578.686746988], [694258.391566265, 2575588.678315285], [694258.3999979676, 2575588.686746988], [694268.391566265, 2575598.6783152856], [694268.3999979678, 2575598.686746988], [694278.391566265, 2575608.678315285], [694278.3999979678, 2575608.686746988], [694288.391566265, 2575618.678315285], [694298.391566265, 2575618.678315285], [694308.391566265, 2575618.678315285], [694308.3999979678, 2575618.686746988], [694318.391566265, 2575628.6783152856], [694318.3999979678, 2575628.686746988], [694328.391566265, 2575638.678315285], [694338.391566265, 2575638.678315285], [694348.391566265, 2575638.678315285], [694358.391566265, 2575638.678315285], [694368.391566265, 2575638.678315285], [694378.391566265, 2575638.678315285], [694378.3999979678, 2575638.686746988], [694378.3999979678, 2575648.686746988], [694378.3999979678, 2575658.686746988], [694378.3999979678, 2575668.686746988], [694378.3999979678, 2575678.686746988], [694378.391566265, 2575678.6951786904], [694368.3989068449, 2575688.686746988], [694368.3961901737, 2575698.686746988], [694368.3959928227, 2575708.686746988], [694368.3959928227, 2575718.686746988], [694368.3959928227, 2575728.686746988], [694368.3957681322, 2575738.686746988], [694368.3954872529, 2575748.686746988], [694368.3937124618, 2575758.686746988], [694368.391566265, 2575768.686746988], [694368.391566265, 2575768.686746988], [694358.391566265, 2575778.5782016744], [694348.391566265, 2575778.6155264108], [694338.391566265, 2575778.6155264108], [694328.391566265, 2575768.690131876], [694328.3881813769, 2575768.686746988], [694318.391566265, 2575758.6934197904], [694318.3848934628, 2575758.686746988], [694318.3831345623, 2575748.686746988], [694308.391566265, 2575738.6951786904], [694308.3831345624, 2575738.686746988], [694298.391566265, 2575728.695178691], [694288.3971955085, 2575738.686746988], [694288.391566265, 2575738.6923762313], [694278.391566265, 2575738.6923859655], [694268.391566265, 2575738.6923859655], [694258.391566265, 2575738.6923859655], [694258.3859272875, 2575738.686746988], [694248.391566265, 2575728.693782234], [694248.3845310191, 2575728.686746988], [694238.391566265, 2575718.695178691], [694228.391566265, 2575718.695178691], [694218.391566265, 2575718.695178691], [694208.391566265, 2575718.695178691], [694198.3991426267, 2575728.686746988], [694198.391566265, 2575728.6943233497], [694188.391566265, 2575728.69442099], [694178.391566265, 2575728.69442099], [694168.391566265, 2575728.69442099], [694168.383892263, 2575728.686746988], [694158.391566265, 2575718.695178691], [694148.391566265, 2575718.695178691], [694138.391566265, 2575718.695178691], [694128.391566265, 2575718.695178691], [694118.391566265, 2575718.695178691], [694108.391566265, 2575718.695178691], [694108.3831345623, 2575718.686746988], [694098.391566265, 2575708.6951786904], [694088.3955279209, 2575718.686746988], [694088.391566265, 2575718.690708644], [694078.391566265, 2575718.690708644], [694068.391566265, 2575718.690708644], [694058.391566265, 2575718.6901057567], [694058.3882074963, 2575718.686746988], [694058.3849282345, 2575708.686746988], [694048.391566265, 2575698.695178691], [694048.3831345623, 2575698.686746988], [694048.3831345623, 2575688.686746988], [694038.391566265, 2575678.6951786904], [694028.391566265, 2575678.6951786904], [694018.391566265, 2575678.6951786904], [694008.391566265, 2575678.6951786904], [693998.391566265, 2575678.6951786904], [693988.3999979676, 2575688.686746988], [693988.3999979676, 2575698.686746988], [693988.3999979676, 2575708.686746988], [693988.3999979676, 2575718.686746988], [693988.3986485954, 2575728.686746988], [693988.391566265, 2575728.693829318], [693978.3972286067, 2575738.686746988], [693978.3955424696, 2575748.686746988], [693978.391566265, 2575748.6907231924], [693968.391566265, 2575748.6908826404], [693958.391566265, 2575748.6908826404], [693948.391566265, 2575748.6908826404], [693948.3874306125, 2575748.686746988], [693948.3856913983, 2575738.686746988], [693948.3840059014, 2575728.686746988], [693938.391566265, 2575718.695178691], [693928.391566265, 2575718.695178691], [693918.3999979676, 2575728.686746988], [693918.391566265, 2575728.695178691], [693908.391566265, 2575728.695178691], [693898.3999979678, 2575738.686746988], [693898.391566265, 2575738.6951786904], [693888.3994781333, 2575748.686746988], [693888.391566265, 2575748.6946588564], [693878.391566265, 2575748.6951368237], [693868.391566265, 2575748.6951368237], [693858.391566265, 2575748.6951368237], [693858.3831764294, 2575748.686746988], [693848.391566265, 2575738.6951786904], [693838.391566265, 2575738.6951786904], [693828.391566265, 2575738.6951786904], [693818.391566265, 2575738.6951786904], [693808.391566265, 2575738.6951786904], [693798.391566265, 2575738.6951786904], [693798.3831345623, 2575738.686746988], [693798.3831345623, 2575728.686746988], [693798.3831345623, 2575718.686746988], [693798.3831345623, 2575708.686746988], [693798.3831345623, 2575698.686746988], [693798.3831345623, 2575688.686746988], [693798.391566265, 2575688.6783152856], [693808.3831345623, 2575678.686746988], [693808.3831345623, 2575668.686746988], [693808.391566265, 2575668.678315285], [693818.3831345623, 2575658.686746988], [693818.391566265, 2575658.6783152856], [693828.3831345624, 2575648.686746988], [693828.3831345624, 2575638.686746988], [693818.391566265, 2575628.695178691], [693818.3831345623, 2575628.686746988], [693808.391566265, 2575618.6951786904], [693808.3831345623, 2575618.686746988], [693798.391566265, 2575608.695178691], [693798.3831345623, 2575608.686746988], [693788.391566265, 2575598.695178691], [693788.3831345624, 2575598.686746988], [693788.3831345624, 2575588.686746988], [693788.3831345624, 2575578.686746988], [693788.3831345624, 2575568.686746988], [693788.3831345624, 2575558.686746988], [693788.3831345624, 2575548.686746988], [693788.3831345624, 2575538.686746988], [693788.3831345624, 2575528.686746988], [693788.3831345624, 2575518.686746988], [693788.3831345624, 2575508.686746988], [693788.3831345624, 2575498.686746988], [693788.3824810399, 2575488.686746988], [693778.391566265, 2575478.698190235], [693778.380123018, 2575478.686746988], [693768.391566265, 2575468.7035961873], [693758.391566265, 2575468.7035961873], [693748.391566265, 2575468.7035961873], [693738.391566265, 2575468.7035961873], [693728.391566265, 2575468.7035961873], [693718.391566265, 2575468.7035961873], [693708.391566265, 2575468.7035961873], [693698.391566265, 2575468.7035961873], [693688.391566265, 2575468.7035961873], [693678.391566265, 2575468.7035961873], [693678.3747170656, 2575468.686746988], [693668.391566265, 2575458.7035961878], [693658.391566265, 2575458.702174373], [693658.3761388799, 2575458.686746988], [693648.391566265, 2575448.7004915294], [693638.391566265, 2575448.6988081173], [693638.3795051354, 2575448.686746988], [693628.391566265, 2575438.7003951548], [693628.3779180985, 2575438.686746988], [693618.391566265, 2575428.7020780304], [693618.3762352224, 2575428.686746988], [693608.391566265, 2575418.7035961873], [693608.3747170656, 2575418.686746988], [693598.391566265, 2575408.7035961878], [693588.391566265, 2575408.7035961878], [693578.4074259559, 2575418.686746988], [693578.391566265, 2575418.702606679], [693568.391566265, 2575418.702606679], [693558.391566265, 2575418.702606679], [693548.391566265, 2575418.702245574], [693538.391566265, 2575418.701342697], [693538.3769705564, 2575418.686746988], [693528.391566265, 2575408.7035961878], [693518.391566265, 2575408.701139777], [693508.391566265, 2575408.701139777], [693498.4019818421, 2575418.686746988], [693498.391566265, 2575418.6971625653], [693488.3999979678, 2575428.686746988], [693488.391566265, 2575428.6951786904], [693478.391566265, 2575428.6951786904], [693468.3999979676, 2575438.686746988], [693468.3999979676, 2575448.686746988], [693468.3999979676, 2575458.686746988], [693468.3999979676, 2575468.686746988], [693468.391566265, 2575468.6951786904], [693458.391566265, 2575468.6951786904], [693448.391566265, 2575468.6951786904], [693438.391566265, 2575468.6951786904], [693428.391566265, 2575468.6951786904], [693418.391566265, 2575468.6951786904], [693418.3831345623, 2575468.686746988], [693418.3831345623, 2575458.686746988], [693408.391566265, 2575448.695178691], [693408.3831345624, 2575448.686746988], [693398.391566265, 2575438.695178691], [693388.3999979678, 2575448.686746988], [693388.3999979678, 2575458.686746988], [693388.391566265, 2575458.695178691], [693378.391566265, 2575458.695178691], [693368.391566265, 2575458.695178691], [693358.391566265, 2575458.695178691], [693348.391566265, 2575458.695178691], [693348.3831345623, 2575458.686746988], [693338.391566265, 2575448.695178691], [693328.391566265, 2575448.695178691], [693318.391566265, 2575448.695178691], [693308.391566265, 2575448.695178691], [693298.391566265, 2575448.695178691], [693288.391566265, 2575448.695178691], [693288.3831345623, 2575448.686746988], [693278.391566265, 2575438.695178691], [693268.391566265, 2575438.695178691], [693258.391566265, 2575438.695178691], [693248.391566265, 2575438.695178691], [693238.391566265, 2575438.695178691], [693228.391566265, 2575438.695178691], [693228.3831345623, 2575438.686746988], [693228.3831345623, 2575428.686746988], [693228.3831345623, 2575418.686746988], [693218.391566265, 2575408.695178691], [693208.391566265, 2575408.695178691], [693198.391566265, 2575408.695178691], [693188.391566265, 2575408.695178691], [693188.3831345623, 2575408.686746988], [693188.3831345623, 2575398.686746988], [693178.391566265, 2575388.695178691], [693168.391566265, 2575388.695178691], [693158.391566265, 2575388.695178691], [693158.3831345623, 2575388.686746988], [693148.391566265, 2575378.695178691], [693148.3831345623, 2575378.686746988], [693138.391566265, 2575368.6951786904], [693128.391566265, 2575368.6951786904], [693118.391566265, 2575368.6951786904], [693108.391566265, 2575368.6951786904], [693098.391566265, 2575368.6951786904], [693098.3831345624, 2575368.686746988], [693088.391566265, 2575358.695178691], [693078.391566265, 2575358.695178691], [693068.391566265, 2575358.695178691], [693058.391566265, 2575358.695178691], [693048.391566265, 2575358.695178691], [693048.3831345623, 2575358.686746988], [693038.391566265, 2575348.695178691], [693028.391566265, 2575348.695178691], [693028.3831345623, 2575348.686746988], [693018.391566265, 2575338.6951786904], [693018.3831345623, 2575338.686746988], [693008.391566265, 2575328.695178691], [693008.3831345623, 2575328.686746988], [692998.391566265, 2575318.695178691], [692998.3831345624, 2575318.686746988], [692998.3831345624, 2575308.686746988], [692998.3831345624, 2575298.686746988], [692998.3831345624, 2575288.686746988], [692998.3831345624, 2575278.686746988], [692988.391566265, 2575268.695178691], [692988.3831345623, 2575268.686746988], [692988.3831345623, 2575258.686746988], [692988.3831345623, 2575248.686746988], [692988.3831345623, 2575238.686746988], [692988.3831345623, 2575228.686746988], [692988.3831345623, 2575218.686746988], [692988.391566265, 2575218.678315285], [692998.391566265, 2575218.678315285], [693008.3831345623, 2575208.686746988], [693008.3831345623, 2575198.686746988], [693008.3831345623, 2575188.686746988], [693008.391566265, 2575188.678315285], [693018.3831345623, 2575178.686746988], [693018.3831345623, 2575168.686746988], [693018.391566265, 2575168.6783152856], [693028.3829430364, 2575158.686746988], [693028.391566265, 2575158.6781237596], [693038.3800910694, 2575148.686746988], [693038.3800910694, 2575138.686746988], [693038.37966524, 2575128.686746988], [693028.391566265, 2575118.697124139], [693028.3811891141, 2575118.686746988], [693028.3811891141, 2575108.686746988], [693028.3811891141, 2575098.686746988], [693028.3811891141, 2575088.686746988], [693018.391566265, 2575078.6954395925], [693008.391566265, 2575078.695178691], [693008.3831345623, 2575078.686746988], [692998.391566265, 2575068.69534312], [692998.3829701332, 2575068.686746988], [692998.3822962339, 2575058.686746988], [692998.3822962339, 2575048.686746988], [692998.3822962339, 2575038.686746988], [692988.391566265, 2575028.698808118], [692988.3795051354, 2575028.686746988], [692978.391566265, 2575018.697124139], [692978.3811891141, 2575018.686746988], [692978.3811891141, 2575008.686746988], [692978.3811891141, 2574998.686746988], [692968.391566265, 2574988.6954395925], [692968.3828736607, 2574988.686746988], [692968.3825910793, 2574978.686746988], [692958.391566265, 2574968.6973203877], [692948.391566265, 2574968.6973203877], [692948.3809928652, 2574968.686746988], [692948.3804876322, 2574958.686746988], [692948.3803192326, 2574948.686746988], [692948.3803192326, 2574938.686746988], [692948.3803192326, 2574928.686746988], [692938.391566265, 2574918.7035961873], [692928.4084154645, 2574928.686746988], [692928.391566265, 2574928.7035961873], [692918.391566265, 2574928.7035961873], [692908.391566265, 2574928.7035961873], [692898.391566265, 2574928.7035961873], [692888.4084154645, 2574938.686746988], [692888.391566265, 2574938.7035961873], [692878.4084154645, 2574948.686746988], [692878.391566265, 2574948.7035961878], [692868.391566265, 2574948.7035961878], [692858.391566265, 2574948.7035961878], [692848.4084154645, 2574958.6867469884], [692848.391566265, 2574958.7035961878], [692838.391566265, 2574958.7035961878], [692828.4084154645, 2574968.686746988], [692828.391566265, 2574968.7035961873], [692818.4084154645, 2574978.686746988], [692818.391566265, 2574978.7035961873], [692808.4084154645, 2574988.686746988], [692808.391566265, 2574988.7035961873], [692798.391566265, 2574988.7035961873], [692788.4084154645, 2574998.686746988], [692788.391566265, 2574998.7035961878], [692778.391566265, 2574998.7035961878], [692768.4070174989, 2575008.686746988], [692768.391566265, 2575008.702198222], [692758.391566265, 2575008.702313667], [692748.4048361331, 2575018.686746988], [692748.391566265, 2575018.7000168557], [692738.4005343141, 2575028.686746988], [692738.391566265, 2575028.695715037], [692728.3999979678, 2575038.686746988], [692728.391566265, 2575038.695178691], [692718.3999979676, 2575048.686746988], [692718.391566265, 2575048.695178691], [692708.3999979678, 2575058.686746988], [692708.391566265, 2575058.6951786904], [692698.3999979678, 2575068.686746988], [692698.391566265, 2575068.695178691], [692688.391566265, 2575068.695178691], [692678.391566265, 2575068.695178691], [692668.3999979678, 2575078.686746988], [692668.391566265, 2575078.695178691], [692658.391566265, 2575078.695178691], [692648.3999979676, 2575088.686746988], [692648.391566265, 2575088.6951786904], [692638.3999979678, 2575098.686746988], [692638.391566265, 2575098.695178691], [692628.3999979678, 2575108.686746988], [692628.391566265, 2575108.695178691], [692618.391566265, 2575108.695178691], [692608.391566265, 2575108.695178691], [692598.391566265, 2575108.695178691], [692598.3831345623, 2575108.686746988], [692588.391566265, 2575098.695178691], [692588.3831345624, 2575098.686746988], [692588.3831345624, 2575088.686746988], [692588.3831345624, 2575078.686746988], [692588.3831345624, 2575068.686746988], [692588.391566265, 2575068.6783152856], [692598.3831345623, 2575058.686746988], [692598.3831345623, 2575048.686746988], [692598.391566265, 2575048.678315285], [692608.3831345623, 2575038.686746988], [692608.391566265, 2575038.6783152856], [692618.3831345624, 2575028.686746988], [692618.391566265, 2575028.678315285], [692628.3831345623, 2575018.686746988], [692628.391566265, 2575018.678315285], [692638.3831345623, 2575008.686746988], [692638.3831345623, 2574998.686746988], [692628.391566265, 2574988.695178691], [692618.391566265, 2574988.695178691], [692608.3999979676, 2574998.686746988], [692608.391566265, 2574998.6951786904], [692598.3999979678, 2575008.686746988], [692598.391566265, 2575008.695178691], [692588.391566265, 2575008.695178691], [692578.391566265, 2575008.695178691], [692568.391566265, 2575008.695178691], [692568.3831345623, 2575008.686746988], [692558.391566265, 2574998.6951786904], [692548.391566265, 2574998.6951786904], [692548.3831345623, 2574998.686746988], [692538.391566265, 2574988.695178691], [692528.391566265, 2574988.695178691], [692528.3831345623, 2574988.686746988], [692528.3831345623, 2574978.686746988], [692528.3831345623, 2574968.686746988], [692528.3831345623, 2574958.686746988], [692528.391566265, 2574958.678315285], [692538.391566265, 2574958.678315285], [692548.3831345623, 2574948.686746988], [692548.391566265, 2574948.6783152856], [692558.3831345624, 2574938.686746988], [692558.391566265, 2574938.678315285], [692568.391566265, 2574938.678315285], [692578.391566265, 2574938.678315285], [692588.3831345624, 2574928.686746988], [692588.391566265, 2574928.678315285], [692598.391566265, 2574928.678315285], [692608.3831345623, 2574918.686746988], [692608.391566265, 2574918.6783152856], [692618.391566265, 2574918.6783152856], [692628.3821671813, 2574908.686746988], [692628.391566265, 2574908.6773479045], [692638.391566265, 2574908.675677583], [692648.3803277091, 2574898.686746988], [692648.391566265, 2574898.675508432], [692658.391566265, 2574898.6738387267], [692668.3784889149, 2574888.686746988], [692668.391566265, 2574888.6736696376], [692678.378319831, 2574878.686746988], [692678.391566265, 2574878.673500554], [692688.3761883357, 2574868.686746988], [692688.3761883357, 2574858.686746988], [692688.391566265, 2574858.6713690585], [692698.3747170656, 2574848.686746988], [692698.3747170656, 2574838.686746988], [692698.391566265, 2574838.6698977887], [692708.3747170657, 2574828.686746988], [692708.391566265, 2574828.669897788], [692718.3747170656, 2574818.686746988], [692718.3747170656, 2574808.686746988], [692718.391566265, 2574808.6698977887], [692728.3747170656, 2574798.686746988], [692728.391566265, 2574798.6698977887], [692738.3747170656, 2574788.686746988], [692738.3747170656, 2574778.686746988], [692738.391566265, 2574778.669897788], [692748.3747170656, 2574768.686746988], [692748.391566265, 2574768.6698977887], [692758.3747170656, 2574758.686746988], [692758.3747170656, 2574748.686746988], [692758.3747170656, 2574738.686746988], [692758.3747170656, 2574728.686746988], [692758.3747170656, 2574718.686746988], [692748.391566265, 2574708.7035961873], [692738.4084154645, 2574718.686746988], [692738.391566265, 2574718.7035961873], [692728.391566265, 2574718.7035961873], [692718.391566265, 2574718.7035961873], [692708.4035752313, 2574728.686746988], [692708.391566265, 2574728.6987559544], [692698.4013519997, 2574738.686746988], [692698.391566265, 2574738.696532723], [692688.391566265, 2574738.696532723], [692678.391566265, 2574738.696532723], [692668.391566265, 2574738.6960410806], [692658.391566265, 2574738.695375894], [692658.3829373588, 2574738.686746988], [692648.391566265, 2574728.6957673784], [692648.3825458747, 2574728.686746988], [692648.3822327111, 2574718.686746988], [692648.3821231073, 2574708.686746988], [692648.3821231073, 2574698.686746988], [692648.3815281629, 2574688.686746988], [692648.3811367891, 2574678.686746988], [692648.3811367891, 2574668.686746988], [692648.3811367891, 2574658.686746988], [692648.3811680985, 2574648.686746988], [692648.391566265, 2574648.6763488213], [692658.391566265, 2574648.6740229474], [692668.3747170656, 2574638.686746988], [692668.3747170656, 2574628.686746988], [692658.391566265, 2574618.7035961873], [692658.3747170656, 2574618.686746988], [692658.3747170656, 2574608.686746988], [692658.3747170656, 2574598.686746988], [692658.3747170656, 2574588.686746988], [692658.391566265, 2574588.6698977887], [692668.3747170656, 2574578.686746988], [692668.391566265, 2574578.6698977887], [692678.3747170656, 2574568.686746988], [692678.391566265, 2574568.6698977887], [692688.391566265, 2574568.6698977887], [692698.3747170656, 2574558.686746988], [692698.391566265, 2574558.669897788], [692708.391566265, 2574558.669897788], [692718.3747170656, 2574548.686746988], [692718.391566265, 2574548.6698977887], [692728.391566265, 2574548.6698977887], [692738.3747170656, 2574538.686746988], [692738.391566265, 2574538.6698977887], [692748.3747170656, 2574528.686746988], [692738.391566265, 2574518.7035961873], [692728.391566265, 2574518.7035961873], [692718.4084154645, 2574528.686746988], [692718.391566265, 2574528.7035961873], [692708.391566265, 2574528.7035961873], [692698.391566265, 2574528.7035961873], [692698.3747170656, 2574528.686746988], [692698.3747170656, 2574518.686746988], [692698.3747170656, 2574508.686746988], [692688.391566265, 2574498.7035961878], [692688.3747170656, 2574498.686746988], [692678.391566265, 2574488.7035961873], [692678.3747170656, 2574488.686746988], [692668.391566265, 2574478.7035961873], [692658.391566265, 2574478.7035961873], [692648.4084154645, 2574488.686746988], [692648.391566265, 2574488.7035961873], [692638.391566265, 2574488.7035961873], [692628.4084154645, 2574498.686746988], [692628.391566265, 2574498.7035961878], [692618.391566265, 2574498.7035961878], [692608.391566265, 2574498.7035961878], [692608.3747170656, 2574498.686746988], [692598.391566265, 2574488.7035961873], [692588.391566265, 2574488.7035961873], [692588.3747170656, 2574488.686746988], [692578.391566265, 2574478.7035961873], [692578.3747170656, 2574478.686746988], [692578.3747170656, 2574468.686746988], [692578.3747170656, 2574458.686746988], [692578.3747170656, 2574448.686746988], [692578.3747170656, 2574438.686746988], [692578.391566265, 2574438.6698977887], [692588.3747170656, 2574428.686746988], [692588.391566265, 2574428.6698977887], [692598.391566265, 2574428.6698977887], [692608.3747170656, 2574418.686746988], [692608.391566265, 2574418.669897788], [692618.391566265, 2574418.669897788], [692628.391566265, 2574418.669897788], [692638.3747170656, 2574408.686746988], [692638.3747170656, 2574398.686746988], [692638.391566265, 2574398.6698977887], [692648.3747170656, 2574388.686746988], [692648.3747170656, 2574378.686746988], [692648.3747170656, 2574368.686746988], [692638.391566265, 2574358.7035961878], [692638.3747170656, 2574358.686746988], [692628.391566265, 2574348.7035961873], [692618.391566265, 2574348.7035961873], [692618.3747170657, 2574348.686746988], [692608.391566265, 2574338.7035961873], [692608.3747170656, 2574338.686746988], [692598.391566265, 2574328.7035961873], [692598.3747170656, 2574328.686746988], [692598.3747170656, 2574318.686746988], [692588.391566265, 2574308.7035961873], [692588.3747170656, 2574308.686746988], [692588.3747170656, 2574298.686746988], [692588.3747170656, 2574288.686746988], [692588.391566265, 2574288.6698977887], [692598.3747170656, 2574278.686746988], [692598.391566265, 2574278.669897788], [692608.3747170656, 2574268.686746988], [692608.391566265, 2574268.6698977887], [692618.3747170657, 2574258.686746988], [692618.391566265, 2574258.6698977887], [692628.3747170656, 2574248.686746988], [692628.391566265, 2574248.6698977887], [692638.3747170656, 2574238.686746988], [692638.391566265, 2574238.669897788], [692648.3747170656, 2574228.686746988], [692648.391566265, 2574228.6698977887], [692658.391566265, 2574228.6698977887], [692668.3747170656, 2574218.686746988], [692668.391566265, 2574218.6698977887], [692678.3747170656, 2574208.686746988], [692678.3747170656, 2574198.686746988], [692678.391566265, 2574198.6698977887], [692688.3747170656, 2574188.686746988], [692678.391566265, 2574178.7035961878], [692668.391566265, 2574178.7035961878], [692658.391566265, 2574178.7035961878], [692648.391566265, 2574178.7035961878], [692638.4084154645, 2574188.686746988], [692638.391566265, 2574188.7035961873], [692628.391566265, 2574188.7035961873], [692618.391566265, 2574188.7035961873], [692608.391566265, 2574188.7035961873], [692598.391566265, 2574188.7035961873], [692588.4084154645, 2574198.686746988], [692588.4084154645, 2574208.686746988], [692588.4084154645, 2574218.686746988], [692588.4084154645, 2574228.686746988], [692588.4084154645, 2574238.686746988], [692588.391566265, 2574238.7035961873], [692578.391566265, 2574238.7035961873], [692568.391566265, 2574238.7035961873], [692558.391566265, 2574238.7035961873], [692548.391566265, 2574238.7035961873], [692538.391566265, 2574238.7035961873], [692528.391566265, 2574238.7035961873], [692528.3747170656, 2574238.686746988], [692518.391566265, 2574228.7035961878], [692508.391566265, 2574228.7035961878], [692498.391566265, 2574228.7035961878], [692488.391566265, 2574228.7035961878], [692488.3747170656, 2574228.686746988], [692478.391566265, 2574218.7035961873], [692478.3747170656, 2574218.686746988], [692468.391566265, 2574208.7035961873], [692468.3747170656, 2574208.686746988], [692458.391566265, 2574198.7035961873], [692458.3747170657, 2574198.686746988], [692448.391566265, 2574188.7035961873], [692438.391566265, 2574188.7035961873], [692438.3747170656, 2574188.686746988], [692428.391566265, 2574178.7035961878], [692418.391566265, 2574178.7035961878], [692418.3747170656, 2574178.686746988], [692408.391566265, 2574168.7035961873], [692408.3747170656, 2574168.686746988], [692398.391566265, 2574158.7035961873], [692398.3747170656, 2574158.686746988], [692388.391566265, 2574148.7035961873], [692388.3747170656, 2574148.686746988], [692378.391566265, 2574138.7035961878], [692378.3747170656, 2574138.686746988], [692378.3747170656, 2574128.686746988], [692368.391566265, 2574118.7035961873], [692368.3747170657, 2574118.686746988], [692368.3747170657, 2574108.686746988], [692368.3747170657, 2574098.686746988], [692368.3747170657, 2574088.686746988], [692368.3747170657, 2574078.686746988], [692358.391566265, 2574068.7035961873], [692358.3747170656, 2574068.686746988], [692358.3747170656, 2574058.686746988], [692348.391566265, 2574048.7035961878], [692348.3747170656, 2574048.686746988], [692338.391566265, 2574038.7035961873], [692338.3747170656, 2574038.686746988], [692338.3747170656, 2574028.686746988], [692338.3747170656, 2574018.686746988], [692338.3747170656, 2574008.686746988], [692338.3747170656, 2573998.686746988], [692328.391566265, 2573988.7035961873], [692318.391566265, 2573988.7035961873], [692318.3747170656, 2573988.686746988], [692308.391566265, 2573978.7035961873], [692298.391566265, 2573978.7035961873], [692288.4084154645, 2573988.686746988], [692288.391566265, 2573988.7035961873], [692278.391566265, 2573988.7035961873], [692268.391566265, 2573988.7035961873], [692258.391566265, 2573988.7035961873], [692248.391566265, 2573988.7035961873], [692238.391566265, 2573988.7035961873], [692228.391566265, 2573988.7035961873], [692218.391566265, 2573988.7035961873], [692218.3747170656, 2573988.686746988], [692218.3747170656, 2573978.686746988], [692218.3747170656, 2573968.686746988], [692218.3747170656, 2573958.686746988], [692218.391566265, 2573958.669897788], [692228.3747170656, 2573948.686746988], [692228.3747170656, 2573938.686746988], [692228.3747170656, 2573928.686746988], [692218.391566265, 2573918.7035961873], [692218.3747170656, 2573918.686746988], [692208.391566265, 2573908.7035961878], [692208.3747170657, 2573908.686746988], [692198.391566265, 2573898.7035961873], [692198.3747170656, 2573898.686746988], [692188.391566265, 2573888.7035961873], [692188.3747170656, 2573888.686746988], [692178.391566265, 2573878.7035961873], [692178.3747170656, 2573878.686746988], [692168.391566265, 2573868.7035961873], [692158.391566265, 2573868.7035961873], [692158.3747170656, 2573868.686746988], [692148.391566265, 2573858.7035961878], [692148.3747170656, 2573858.686746988], [692138.391566265, 2573848.7035961873], [692128.391566265, 2573848.7035961873], [692128.3747170656, 2573848.686746988], [692118.391566265, 2573838.7035961873], [692108.391566265, 2573838.7035961873], [692108.3747170656, 2573838.686746988], [692098.391566265, 2573828.7035961873], [692098.3747170656, 2573828.686746988], [692088.391566265, 2573818.7035961878], [692078.391566265, 2573818.7035961878], [692078.3747170656, 2573818.686746988], [692068.391566265, 2573808.7035961873], [692058.4084154645, 2573818.686746988], [692058.391566265, 2573818.7035961878], [692048.391566265, 2573818.7035961878], [692038.391566265, 2573818.7035961878], [692028.391566265, 2573818.7035961878], [692018.391566265, 2573818.7035961878], [692008.391566265, 2573818.7035961878], [691998.391566265, 2573818.7035961878], [691998.3747170656, 2573818.686746988], [691988.391566265, 2573808.7035961873], [691988.3747170656, 2573808.686746988], [691988.3747170656, 2573798.686746988], [691988.3747170656, 2573788.686746988], [691988.3747170656, 2573778.686746988], [691988.391566265, 2573778.669897788], [691998.391566265, 2573778.669897788], [692008.3747170656, 2573768.686746988], [692008.3747170656, 2573758.686746988], [691998.391566265, 2573748.7035961873], [691998.3747170656, 2573748.686746988], [691998.3747170656, 2573738.686746988], [691998.3747170656, 2573728.686746988], [691998.3747170656, 2573718.686746988], [691998.3747170656, 2573708.686746988], [691998.391566265, 2573708.6698977887], [692008.391566265, 2573708.6698977887], [692018.391566265, 2573708.6698977887], [692028.391566265, 2573708.6698977887], [692038.391566265, 2573708.6698977887], [692038.4084154645, 2573708.686746988], [692048.391566265, 2573718.6698977887], [692058.3747170656, 2573708.686746988], [692058.3747170656, 2573698.686746988], [692058.3747170656, 2573688.686746988], [692058.3747170656, 2573678.686746988], [692058.3747170656, 2573668.686746988], [692058.3747170656, 2573658.686746988], [692058.391566265, 2573658.6698977887], [692068.3747170656, 2573648.686746988], [692068.391566265, 2573648.669897788], [692078.3747170656, 2573638.686746988], [692078.3747170656, 2573628.686746988], [692078.3747170656, 2573618.686746988], [692078.3747170656, 2573608.686746988], [692078.3747170656, 2573598.686746988], [692078.3747170656, 2573588.686746988], [692078.3747170656, 2573578.686746988], [692068.391566265, 2573568.7035961873], [692068.3747170656, 2573568.686746988], [692068.3747170656, 2573558.686746988], [692068.3747170656, 2573548.686746988], [692068.3747170656, 2573538.686746988], [692058.391566265, 2573528.7035961873], [692058.3747170656, 2573528.686746988], [692048.391566265, 2573518.7035961873], [692038.391566265, 2573518.7035961873], [692038.3747170657, 2573518.686746988], [692038.3747170657, 2573508.686746988], [692028.391566265, 2573498.7035961878], [692018.391566265, 2573498.7035961878], [692008.391566265, 2573498.7035961878], [692008.3747170656, 2573498.686746988], [691998.391566265, 2573488.7035961873], [691998.3747170656, 2573488.686746988], [691998.3747170656, 2573478.686746988], [691988.391566265, 2573468.7035961873], [691988.3747170656, 2573468.686746988], [691978.391566265, 2573458.7035961873], [691978.3747170656, 2573458.686746988], [691968.391566265, 2573448.7035961878], [691968.3747170656, 2573448.686746988], [691958.391566265, 2573438.7035961873], [691958.3747170657, 2573438.686746988], [691958.3747170657, 2573428.686746988], [691948.391566265, 2573418.7035961873], [691948.3747170656, 2573418.686746988], [691948.3747170656, 2573408.686746988], [691948.3747170656, 2573398.686746988], [691948.391566265, 2573398.6698977887], [691958.391566265, 2573398.6698977887], [691968.391566265, 2573398.6698977887], [691978.391566265, 2573398.6698977887], [691988.391566265, 2573398.6698977887], [691998.391566265, 2573398.6698977887], [692008.391566265, 2573398.6698977887], [692008.4084154645, 2573398.686746988], [692018.391566265, 2573408.6698977887], [692028.391566265, 2573408.6698977887], [692028.4084154643, 2573408.686746988], [692038.391566265, 2573418.669897788], [692048.391566265, 2573418.669897788], [692058.391566265, 2573418.669897788], [692068.391566265, 2573418.669897788], [692078.391566265, 2573418.669897788], [692088.391566265, 2573418.669897788], [692098.391566265, 2573418.669897788], [692108.3747170656, 2573408.686746988], [692108.3747170656, 2573398.686746988], [692108.3747170656, 2573388.686746988], [692098.391566265, 2573378.7035961873], [692098.3747170656, 2573378.686746988], [692098.3747170656, 2573368.686746988], [692088.391566265, 2573358.7035961878], [692088.3747170656, 2573358.686746988], [692088.3747170656, 2573348.686746988], [692088.3747170656, 2573338.686746988], [692078.391566265, 2573328.7035961873], [692078.3747170656, 2573328.686746988], [692068.391566265, 2573318.7035961878], [692068.3747170656, 2573318.686746988], [692058.391566265, 2573308.7035961873], [692048.391566265, 2573308.7035961873], [692048.3747170656, 2573308.686746988], [692038.391566265, 2573298.7035961873], [692028.391566265, 2573298.7035961873], [692028.3747170656, 2573298.686746988], [692018.391566265, 2573288.7035961873], [692008.391566265, 2573288.7035961873], [691998.391566265, 2573288.7035961873], [691988.391566265, 2573288.7035961873], [691988.3747170656, 2573288.686746988], [691978.391566265, 2573278.7035961873], [691968.391566265, 2573278.7035961873], [691968.3747170656, 2573278.686746988], [691958.391566265, 2573268.7035961878], [691948.391566265, 2573268.7035961878], [691948.3747170656, 2573268.686746988], [691938.391566265, 2573258.7035961873], [691928.391566265, 2573258.7035961873], [691928.3747170656, 2573258.686746988], [691918.391566265, 2573248.7035961873], [691908.391566265, 2573248.7035961873], [691898.391566265, 2573248.7035961873], [691898.3747170656, 2573248.686746988], [691888.391566265, 2573238.7035961873], [691878.391566265, 2573238.7035961873], [691868.391566265, 2573238.7035961873], [691868.3747170657, 2573238.686746988], [691858.391566265, 2573228.7035961878], [691858.3747170656, 2573228.686746988], [691848.391566265, 2573218.7035961873], [691838.391566265, 2573218.7035961873], [691838.3747170656, 2573218.686746988], [691828.391566265, 2573208.7035961873], [691818.391566265, 2573208.7035961873], [691808.391566265, 2573208.7035961873], [691798.391566265, 2573208.7035961873], [691788.391566265, 2573208.7035961873], [691778.391566265, 2573208.7035961873], [691768.391566265, 2573208.7035961873], [691758.391566265, 2573208.7035961873], [691758.3747170656, 2573208.686746988], [691748.391566265, 2573198.7035961873], [691748.3747170656, 2573198.686746988], [691748.3747170656, 2573188.686746988], [691748.3747170656, 2573178.686746988], [691738.391566265, 2573168.7035961873], [691738.3747170656, 2573168.686746988], [691728.391566265, 2573158.7035961873], [691728.3747170656, 2573158.686746988], [691718.391566265, 2573148.7035961873], [691708.391566265, 2573148.7035961873], [691698.391566265, 2573148.7035961873], [691698.3747170656, 2573148.686746988], [691688.391566265, 2573138.7035961878], [691678.391566265, 2573138.7035961878], [691668.391566265, 2573138.7035961878], [691668.3747170656, 2573138.686746988], [691658.391566265, 2573128.7035961873], [691648.391566265, 2573128.7035961873], [691638.391566265, 2573128.7035961873], [691638.3747170656, 2573128.686746988], [691628.391566265, 2573118.7035961873], [691618.391566265, 2573118.7035961873], [691608.391566265, 2573118.7035961873], [691598.391566265, 2573118.7035961873], [691588.391566265, 2573118.7035961873], [691578.391566265, 2573118.7035961873], [691578.3747170656, 2573118.686746988], [691578.3747170656, 2573108.686746988], [691578.3747170656, 2573098.686746988], [691578.3747170656, 2573088.686746988], [691578.391566265, 2573088.6698977887], [691588.3747170656, 2573078.686746988], [691588.3747170656, 2573068.686746988], [691588.3747170656, 2573058.686746988], [691588.3747170656, 2573048.686746988], [691588.3747170656, 2573038.686746988], [691588.391566265, 2573038.6698977887], [691598.3747170656, 2573028.686746988], [691598.3747170656, 2573018.686746988], [691598.3747170656, 2573008.686746988], [691598.3747170656, 2572998.686746988], [691598.391566265, 2572998.6698977887], [691608.3747170656, 2572988.686746988], [691608.3747170656, 2572978.686746988], [691608.391566265, 2572978.6698977887], [691618.3747170657, 2572968.686746988], [691618.3747170657, 2572958.686746988], [691618.3747170657, 2572948.686746988], [691618.3747170657, 2572938.686746988], [691618.3747170657, 2572928.686746988], [691618.3747170657, 2572918.686746988], [691618.3747170657, 2572908.686746988], [691618.391566265, 2572908.6698977887], [691628.3747170656, 2572898.686746988], [691628.3747170656, 2572888.686746988], [691628.3747170656, 2572878.686746988], [691628.3747170656, 2572868.686746988], [691628.391566265, 2572868.669897788], [691638.391566265, 2572868.669897788], [691648.391566265, 2572868.669897788], [691658.391566265, 2572868.669897788], [691658.4084154645, 2572868.686746988], [691668.391566265, 2572878.6698977887], [691668.4084154645, 2572878.686746988], [691678.391566265, 2572888.6698977887], [691688.391566265, 2572888.6698977887], [691688.4084154645, 2572888.686746988], [691698.391566265, 2572898.6698977887], [691708.391566265, 2572898.6698977887], [691708.4084154645, 2572898.686746988], [691718.391566265, 2572908.6698977887], [691728.391566265, 2572908.6698977887], [691738.391566265, 2572908.6698977887], [691738.4084154645, 2572908.686746988], [691748.391566265, 2572918.669897788], [691758.391566265, 2572918.669897788], [691768.3747170656, 2572908.686746988], [691768.391566265, 2572908.6698977887], [691778.391566265, 2572908.6698977887], [691788.391566265, 2572908.6698977887], [691798.391566265, 2572908.6698977887], [691808.391566265, 2572908.6698977887], [691808.4084154645, 2572908.686746988], [691818.391566265, 2572918.669897788], [691828.391566265, 2572918.669897788], [691838.391566265, 2572918.669897788], [691838.4084154645, 2572918.686746988], [691848.391566265, 2572928.6698977887], [691858.391566265, 2572928.6698977887], [691868.391566265, 2572928.6698977887], [691878.391566265, 2572928.6698977887], [691878.4084154645, 2572928.686746988], [691888.391566265, 2572938.6698977887], [691898.391566265, 2572938.6698977887], [691898.4084154645, 2572938.686746988], [691908.391566265, 2572948.6698977887], [691918.391566265, 2572948.6698977887], [691918.4084154645, 2572948.686746988], [691928.391566265, 2572958.669897788], [691928.4084154645, 2572958.686746988], [691938.391566265, 2572968.6698977887], [691948.391566265, 2572968.6698977887], [691948.4084154643, 2572968.686746988], [691958.391566265, 2572978.6698977887], [691968.391566265, 2572978.6698977887], [691968.4084154645, 2572978.686746988], [691978.391566265, 2572988.6698977887], [691988.391566265, 2572988.6698977887], [691998.391566265, 2572988.6698977887], [692008.391566265, 2572988.6698977887], [692008.4084154645, 2572988.686746988], [692018.391566265, 2572998.6698977887], [692028.391566265, 2572998.6698977887], [692028.4084154643, 2572998.686746988], [692038.391566265, 2573008.669897788], [692048.391566265, 2573008.669897788], [692058.391566265, 2573008.669897788], [692058.4084154645, 2573008.686746988], [692068.391566265, 2573018.6698977887], [692078.391566265, 2573018.6698977887], [692078.4084154645, 2573018.686746988], [692088.391566265, 2573028.6698977887], [692098.391566265, 2573028.6698977887], [692108.391566265, 2573028.6698977887], [692108.4084154643, 2573028.686746988], [692118.391566265, 2573038.6698977887], [692128.391566265, 2573038.6698977887], [692138.391566265, 2573038.6698977887], [692138.4084154645, 2573038.686746988], [692148.391566265, 2573048.6698977887], [692158.391566265, 2573048.6698977887], [692158.4084154645, 2573048.686746988], [692168.391566265, 2573058.669897788], [692178.391566265, 2573058.669897788], [692178.4084154645, 2573058.686746988], [692188.391566265, 2573068.6698977887], [692198.3747170656, 2573058.686746988], [692198.391566265, 2573058.669897788], [692208.3747170657, 2573048.686746988], [692208.391566265, 2573048.6698977887], [692218.3747170656, 2573038.686746988], [692218.391566265, 2573038.6698977887], [692228.3747170656, 2573028.686746988], [692228.3747170656, 2573018.686746988], [692228.391566265, 2573018.6698977887], [692238.3747170656, 2573008.686746988], [692238.3747170656, 2572998.686746988], [692238.3747170656, 2572988.686746988], [692238.3747170656, 2572978.686746988], [692238.391566265, 2572978.6698977887], [692248.3747170656, 2572968.686746988], [692248.3747170656, 2572958.686746988], [692248.391566265, 2572958.669897788], [692258.3747170656, 2572948.686746988], [692258.3747653086, 2572938.686746988], [692258.391566265, 2572938.6699460316], [692268.391566265, 2572938.6699460316], [692278.391566265, 2572938.6699460316], [692288.391566265, 2572938.6699518324], [692298.391566265, 2572938.6700298325], [692298.4082834205, 2572938.686746988], [692308.391566265, 2572948.6698977887], [692308.4084154645, 2572948.686746988], [692308.4084154645, 2572958.686746988], [692308.4084154645, 2572968.686746988], [692308.4084154645, 2572978.686746988], [692308.4084154645, 2572988.686746988], [692308.4084154645, 2572998.686746988], [692318.391566265, 2573008.669897788], [692318.4084154645, 2573008.686746988], [692318.4084154645, 2573018.686746988], [692318.4084154645, 2573028.686746988], [692318.4084154645, 2573038.686746988], [692328.391566265, 2573048.6698977887], [692328.4084154645, 2573048.686746988], [692328.4084154645, 2573058.686746988], [692328.4084154645, 2573068.686746988], [692338.391566265, 2573078.6698977887], [692338.4084154645, 2573078.686746988], [692348.391566265, 2573088.6698977887], [692358.391566265, 2573088.6698977887], [692358.4084154643, 2573088.686746988], [692368.391566265, 2573098.669897788], [692378.391566265, 2573098.669897788], [692378.4084154645, 2573098.686746988], [692388.391566265, 2573108.6698977887], [692388.4084154645, 2573108.686746988], [692398.391566265, 2573118.6698977887], [692408.391566265, 2573118.6698977887], [692408.4084154645, 2573118.686746988], [692418.391566265, 2573128.6698977887], [692428.391566265, 2573128.6698977887], [692428.4084154645, 2573128.686746988], [692438.391566265, 2573138.6698977887], [692448.391566265, 2573138.6698977887], [692448.4084154643, 2573138.686746988], [692458.391566265, 2573148.669897788], [692468.391566265, 2573148.669897788], [692468.4084154645, 2573148.686746988], [692478.391566265, 2573158.6698977887], [692488.391566265, 2573158.6698977887], [692488.4084154645, 2573158.686746988], [692498.391566265, 2573168.6698977887], [692498.4084154645, 2573168.686746988], [692508.391566265, 2573178.6698977887], [692518.391566265, 2573178.6698977887], [692518.4084154645, 2573178.686746988], [692528.391566265, 2573188.669897788], [692538.391566265, 2573188.669897788], [692538.4084154645, 2573188.686746988], [692548.391566265, 2573198.6698977887], [692558.391566265, 2573198.6698977887], [692558.4084154645, 2573198.686746988], [692568.391566265, 2573208.6698977887], [692578.391566265, 2573208.6698977887], [692578.4084154645, 2573208.686746988], [692588.391566265, 2573218.6698977887], [692598.391566265, 2573218.6698977887], [692598.4084154645, 2573218.686746988], [692608.391566265, 2573228.6698977887], [692618.391566265, 2573228.6698977887], [692618.4084154645, 2573228.686746988], [692628.391566265, 2573238.669897788], [692638.391566265, 2573238.669897788], [692638.4084154645, 2573238.686746988], [692648.391566265, 2573248.6698977887], [692648.4084154645, 2573248.686746988], [692658.391566265, 2573258.6698977887], [692658.4084154645, 2573258.686746988], [692668.391566265, 2573268.6698977887], [692678.391566265, 2573268.6698977887], [692678.4084154645, 2573268.686746988], [692688.391566265, 2573278.669897788], [692688.4084154645, 2573278.686746988], [692698.391566265, 2573288.6698977887], [692698.4084154643, 2573288.686746988], [692708.391566265, 2573298.6698977887], [692718.391566265, 2573298.6698977887], [692718.4084154645, 2573298.686746988], [692728.391566265, 2573308.6698977887], [692728.4084154645, 2573308.686746988], [692738.391566265, 2573318.6698977887], [692738.4084154645, 2573318.686746988], [692748.391566265, 2573328.669897788], [692748.4084154645, 2573328.686746988], [692758.391566265, 2573338.6698977887], [692768.391566265, 2573338.6698977887], [692768.4084154645, 2573338.686746988], [692778.391566265, 2573348.6698977887], [692778.4084154643, 2573348.686746988], [692788.391566265, 2573358.6698977887], [692788.4084154645, 2573358.686746988], [692798.391566265, 2573368.669897788], [692808.391566265, 2573368.669897788], [692808.4084154645, 2573368.686746988], [692818.391566265, 2573378.6698977887], [692818.4084154645, 2573378.686746988], [692828.391566265, 2573388.6698977887], [692828.4084154645, 2573388.686746988], [692838.391566265, 2573398.6698977887], [692838.4084154645, 2573398.686746988], [692848.391566265, 2573408.6698977887], [692848.4084154645, 2573408.686746988], [692858.391566265, 2573418.669897788], [692858.4084154643, 2573418.686746988], [692868.391566265, 2573428.6698977887], [692868.4084154645, 2573428.686746988], [692878.391566265, 2573438.6698977887], [692878.4084154645, 2573438.686746988], [692888.391566265, 2573448.6698977887], [692888.4084154645, 2573448.686746988], [692898.391566265, 2573458.669897788], [692898.4084154645, 2573458.686746988], [692908.391566265, 2573468.6698977887], [692908.4084154645, 2573468.686746988], [692918.391566265, 2573478.6698977887], [692918.4084154645, 2573478.686746988], [692928.391566265, 2573488.6698977887], [692928.4084154645, 2573488.686746988], [692928.4084154645, 2573498.686746988], [692938.391566265, 2573508.669897788], [692938.4084154645, 2573508.686746988], [692948.391566265, 2573518.6698977887], [692948.4084154643, 2573518.686746988], [692948.4084154643, 2573528.686746988], [692958.391566265, 2573538.6698977887], [692958.4084154645, 2573538.686746988], [692968.391566265, 2573548.6698977887], [692968.4084154645, 2573548.686746988], [692978.391566265, 2573558.669897788], [692978.4084154645, 2573558.686746988], [692988.391566265, 2573568.6698977887], [692988.4084154645, 2573568.686746988], [692998.391566265, 2573578.6698977887], [692998.4084154645, 2573578.686746988], [693008.391566265, 2573588.6698977887], [693008.4084154645, 2573588.686746988], [693018.391566265, 2573598.669897788], [693018.4084154645, 2573598.686746988], [693028.391566265, 2573608.6698977887], [693028.4084154643, 2573608.686746988], [693028.4084154643, 2573618.686746988], [693038.391566265, 2573628.6698977887], [693038.4084154645, 2573628.686746988], [693038.4084154645, 2573638.686746988], [693048.391566265, 2573648.669897788], [693048.4084154645, 2573648.686746988], [693058.391566265, 2573658.6698977887], [693068.391566265, 2573658.6698977887], [693078.391566265, 2573658.6698977887], [693088.3747170656, 2573648.686746988], [693088.391566265, 2573648.669897788], [693098.3747170656, 2573638.686746988], [693098.3747170656, 2573628.686746988], [693098.3747170656, 2573618.686746988], [693098.3747170656, 2573608.686746988], [693098.391566265, 2573608.6698977887], [693108.391566265, 2573608.6698977887], [693118.391566265, 2573608.6698977887], [693128.391566265, 2573608.6698977887], [693138.3747170656, 2573598.686746988], [693128.391566265, 2573588.7035961878], [693128.3747170656, 2573588.686746988], [693128.3747170656, 2573578.686746988], [693128.3747170656, 2573568.686746988], [693118.391566265, 2573558.7035961873], [693118.3747170657, 2573558.686746988], [693118.3747170657, 2573548.686746988], [693108.391566265, 2573538.7035961873], [693108.3747170656, 2573538.686746988], [693108.3747170656, 2573528.686746988], [693108.3747170656, 2573518.686746988], [693108.3747170656, 2573508.686746988], [693108.391566265, 2573508.669897788], [693118.391566265, 2573508.669897788], [693128.391566265, 2573508.669897788], [693138.391566265, 2573508.669897788], [693148.391566265, 2573508.669897788], [693158.391566265, 2573508.669897788], [693168.391566265, 2573508.669897788], [693178.391566265, 2573508.669897788], [693188.391566265, 2573508.669897788], [693198.3747170656, 2573498.686746988], [693198.391566265, 2573498.6698977887], [693208.3747170657, 2573488.686746988], [693208.3747170657, 2573478.686746988], [693208.3747170657, 2573468.686746988], [693208.391566265, 2573468.6698977887], [693218.391566265, 2573468.6698977887], [693228.3747170656, 2573458.686746988], [693228.391566265, 2573458.669897788], [693238.391566265, 2573458.669897788], [693248.391566265, 2573458.669897788], [693258.391566265, 2573458.669897788], [693268.3747170656, 2573448.686746988], [693268.391566265, 2573448.6698977887], [693278.391566265, 2573448.6698977887], [693288.3747170657, 2573438.686746988], [693288.3747170657, 2573428.686746988], [693288.3782947407, 2573418.686746988], [693288.391566265, 2573418.673475464], [693298.379899919, 2573408.686746988], [693298.391566265, 2573408.675080642], [693308.379737585, 2573398.686746988], [693298.391566265, 2573388.6979589746], [693288.391566265, 2573388.6960439105], [693278.391566265, 2573388.6979136486], [693268.391566265, 2573388.6979136486], [693258.391566265, 2573388.6979136486], [693248.391566265, 2573388.6974603897], [693248.3808528634, 2573388.686746988], [693238.391566265, 2573378.6999668647], [693228.391566265, 2573378.6991832], [693218.391566265, 2573378.6981035504], [693218.3802097025, 2573378.686746988], [693208.391566265, 2573368.69894899], [693198.391566265, 2573368.696797807], [693188.391566265, 2573368.6952425228], [693178.391566265, 2573368.69520831], [693178.3831049429, 2573368.686746988], [693178.3831049429, 2573358.686746988], [693168.391566265, 2573348.695178691], [693158.391566265, 2573348.695178691], [693158.3831345623, 2573348.686746988], [693148.391566265, 2573338.695136619], [693138.391566265, 2573338.691718236], [693138.3865950167, 2573338.686746988], [693128.391566265, 2573328.6947801732], [693118.391566265, 2573328.6951786904], [693108.391566265, 2573328.6951786904], [693098.391566265, 2573328.6951786904], [693088.3999979676, 2573338.686746988], [693088.391566265, 2573338.695178691], [693078.391566265, 2573338.695178691], [693068.391566265, 2573338.695178691], [693058.391566265, 2573338.695178691], [693048.391566265, 2573338.695178691], [693038.391566265, 2573338.6945013655], [693028.391566265, 2573338.6933219195], [693028.3849913336, 2573338.686746988], [693028.3831345623, 2573328.686746988], [693028.3831345623, 2573318.686746988], [693018.391566265, 2573308.695178691], [693018.3831345623, 2573308.686746988], [693018.3831345623, 2573298.686746988], [693008.391566265, 2573288.6953533557], [693008.3829598973, 2573288.686746988], [693008.3829598973, 2573278.686746988], [693008.3829598973, 2573268.686746988], [693008.391566265, 2573268.6781406202], [693018.3830047636, 2573258.686746988], [693018.3831345623, 2573248.686746988], [693018.3829845567, 2573238.686746988], [693018.3829171613, 2573228.686746988], [693018.3829171613, 2573218.686746988], [693018.3829171613, 2573208.686746988], [693018.3829171613, 2573198.686746988], [693018.391566265, 2573198.6780978846], [693028.391566265, 2573198.6780978846], [693038.391566265, 2573198.6780978846], [693048.391566265, 2573198.678315285], [693058.391566265, 2573198.678315285], [693058.3999979676, 2573198.686746988], [693068.391566265, 2573208.6783152856], [693068.3999979678, 2573208.686746988], [693068.3999979678, 2573218.686746988], [693078.391566265, 2573228.678315285], [693078.3999979678, 2573228.686746988], [693088.391566265, 2573238.678315285], [693088.3999979676, 2573238.686746988], [693098.391566265, 2573248.6783152856], [693108.391566265, 2573248.6783152856], [693118.391566265, 2573248.6783152856], [693128.391566265, 2573248.6783152856], [693138.391566265, 2573248.6783152856], [693148.391566265, 2573248.6783152856], [693158.391566265, 2573248.6783152856], [693168.391566265, 2573248.6783152856], [693178.391566265, 2573248.6783152856], [693188.3831345623, 2573238.686746988], [693188.391566265, 2573238.678315285], [693198.391566265, 2573238.678315285], [693208.391566265, 2573238.678315285], [693218.3831345623, 2573228.686746988], [693218.391566265, 2573228.678315285], [693228.391566265, 2573228.678315285], [693238.391566265, 2573228.678315285], [693248.391566265, 2573228.678315285], [693258.391566265, 2573228.677573671], [693268.391566265, 2573228.674871957], [693278.3750356938, 2573218.686746988], [693278.391566265, 2573218.670216417], [693288.391566265, 2573218.6698977887], [693298.391566265, 2573218.6698977887], [693308.3747170656, 2573208.686746988], [693298.391566265, 2573198.700828046], [693298.3774852068, 2573198.686746988], [693288.391566265, 2573188.698179541], [693278.391566265, 2573188.695178691], [693278.3831345624, 2573188.686746988], [693268.391566265, 2573178.695178691], [693258.391566265, 2573178.695178691], [693258.3831345623, 2573178.686746988], [693258.3831345623, 2573168.686746988], [693258.3831345623, 2573158.686746988], [693258.3831345623, 2573148.686746988], [693258.3831345623, 2573138.686746988], [693258.391566265, 2573138.678315285], [693268.3831345623, 2573128.686746988], [693268.3831345623, 2573118.686746988], [693268.3831345623, 2573108.686746988], [693268.3831345623, 2573098.686746988], [693258.391566265, 2573088.695178691], [693258.3831345623, 2573088.686746988], [693258.3831345623, 2573078.686746988], [693248.391566265, 2573068.695178691], [693248.3831345623, 2573068.686746988], [693248.3831345623, 2573058.686746988], [693238.391566265, 2573048.6951786904], [693238.3831345624, 2573048.686746988], [693238.3831345624, 2573038.686746988], [693238.3831345624, 2573028.686746988], [693228.391566265, 2573018.6951786904], [693228.3831345623, 2573018.686746988], [693228.3831345623, 2573008.686746988], [693218.391566265, 2572998.695178691], [693218.3831345623, 2572998.686746988], [693208.391566265, 2572988.6951786904], [693198.391566265, 2572988.6951786904], [693198.3831345623, 2572988.686746988], [693188.391566265, 2572978.695178691], [693188.3831345623, 2572978.686746988], [693188.3831345623, 2572968.686746988], [693188.3831345623, 2572958.686746988], [693188.3831345623, 2572948.686746988], [693188.3831345623, 2572938.686746988], [693178.391566265, 2572928.6951786904], [693178.3831345623, 2572928.686746988], [693178.3831345623, 2572918.686746988], [693178.3831345623, 2572908.686746988], [693178.3831345623, 2572898.686746988], [693168.391566265, 2572888.6951786904], [693168.3831345624, 2572888.686746988], [693168.3831345624, 2572878.686746988], [693158.391566265, 2572868.695178691], [693158.3831345623, 2572868.686746988], [693148.391566265, 2572858.6951786904], [693148.3831345623, 2572858.686746988], [693138.391566265, 2572848.695178691], [693138.3831345624, 2572848.686746988], [693138.3831345624, 2572838.686746988], [693128.391566265, 2572828.6951786904], [693128.3831345623, 2572828.686746988], [693128.3831345623, 2572818.686746988], [693118.391566265, 2572808.695178691], [693118.3831345623, 2572808.686746988], [693108.391566265, 2572798.6951786904], [693108.3831345623, 2572798.686746988], [693108.3831345623, 2572788.686746988], [693098.391566265, 2572778.695178691], [693098.3831345624, 2572778.686746988], [693088.391566265, 2572768.6951786904], [693088.3831345623, 2572768.686746988], [693078.391566265, 2572758.695178691], [693078.3831345623, 2572758.686746988], [693068.391566265, 2572748.6927113896], [693068.3856018635, 2572748.686746988], [693068.3856018635, 2572738.686746988], [693058.391566265, 2572728.686765159], [693058.391548094, 2572728.686746988], [693058.391485081, 2572718.686746988], [693048.391566265, 2572708.686843189], [693048.3914700641, 2572708.686746988], [693048.3914700641, 2572698.686746988], [693048.3914700641, 2572688.686746988], [693048.391566265, 2572688.686650787], [693058.391566265, 2572686.9163171896], [693068.391566265, 2572686.2309965654], [693078.3915662649, 2572686.62454261], [693088.391566265, 2572688.686746988], [693098.391566265, 2572688.686746988], [693108.391566265, 2572688.686746988], [693108.391566265, 2572688.686746988], [693118.391566265, 2572698.685896473], [693118.3924167797, 2572698.686746988], [693128.391566265, 2572708.6814671652], [693128.3968460876, 2572708.686746988], [693138.391566265, 2572718.6783152856], [693148.391566265, 2572718.6783152856], [693148.3999979678, 2572718.686746988], [693148.3999979678, 2572728.686746988], [693158.391566265, 2572738.678315285], [693168.391566265, 2572738.6790523087], [693168.3992609443, 2572738.686746988], [693178.391566265, 2572748.6783152856], [693178.3999979678, 2572748.686746988], [693188.391566265, 2572758.678315285], [693188.3999979678, 2572758.686746988], [693188.3999979678, 2572768.686746988], [693198.391566265, 2572778.6783152856], [693198.3999979676, 2572778.686746988], [693198.3999979676, 2572788.686746988], [693208.391566265, 2572798.678315285], [693218.391566265, 2572798.678315285], [693218.3999979678, 2572798.686746988], [693228.391566265, 2572808.6783152856], [693228.3999979676, 2572808.686746988], [693238.391566265, 2572818.678315285], [693238.3999979678, 2572818.686746988], [693248.391566265, 2572828.678315285], [693248.3999979678, 2572828.686746988], [693258.391566265, 2572838.6783152856], [693258.3999979678, 2572838.686746988], [693268.391566265, 2572848.678315285], [693268.3999979676, 2572848.686746988], [693278.391566265, 2572858.678315285], [693278.3999979678, 2572858.686746988], [693288.391566265, 2572868.6783152856], [693288.3999979678, 2572868.686746988], [693288.3999979678, 2572878.686746988], [693298.391566265, 2572888.678315285], [693298.3999979676, 2572888.686746988], [693298.3999979676, 2572898.686746988], [693308.391566265, 2572908.678315285], [693318.391566265, 2572908.678315285], [693318.3999979678, 2572908.686746988], [693318.3999979678, 2572918.686746988], [693328.391566265, 2572928.678315285], [693328.3999979676, 2572928.686746988], [693338.391566265, 2572938.6783152856], [693348.391566265, 2572938.6783152856], [693348.3999979678, 2572938.686746988], [693358.391566265, 2572948.678315285], [693368.391566265, 2572948.678315285], [693368.3999979676, 2572948.686746988], [693378.391566265, 2572958.6802121457], [693378.3981011073, 2572958.686746988], [693378.3988999544, 2572968.686746988], [693378.3995389405, 2572978.686746988], [693378.3995389405, 2572988.686746988], [693378.3999979678, 2572998.686746988], [693378.3999979678, 2573008.686746988], [693388.391566265, 2573018.678315285], [693388.3999979678, 2573018.686746988], [693388.3999979678, 2573028.686746988], [693398.391566265, 2573038.678315285], [693398.3999979676, 2573038.686746988], [693398.3999979676, 2573048.686746988], [693408.391566265, 2573058.6783152856], [693408.3999979678, 2573058.686746988], [693418.391566265, 2573068.678315285], [693418.3999979678, 2573068.686746988], [693418.3999979678, 2573078.686746988], [693428.391566265, 2573088.6783152856], [693428.3999979678, 2573088.686746988], [693438.391566265, 2573098.6770811286], [693438.4012321247, 2573098.686746988], [693438.4029509769, 2573108.686746988], [693448.391566265, 2573118.673367692], [693448.404945561, 2573118.686746988], [693458.391566265, 2573128.6706579854], [693458.4076552675, 2573128.686746988], [693468.391566265, 2573138.6698977887], [693468.4084154645, 2573138.686746988], [693478.391566265, 2573148.669897788], [693478.4084154645, 2573148.686746988], [693478.4084154645, 2573158.686746988], [693488.391566265, 2573168.6698977887], [693488.4084154645, 2573168.686746988], [693498.391566265, 2573178.6698977887], [693508.391566265, 2573178.6698977887], [693508.4084154645, 2573178.686746988], [693508.4084154645, 2573188.686746988], [693518.391566265, 2573198.6698977887], [693518.4084154645, 2573198.686746988], [693528.391566265, 2573208.6698977887], [693528.4084154643, 2573208.686746988], [693528.4084154643, 2573218.686746988], [693528.4084154643, 2573228.686746988], [693538.391566265, 2573238.669897788], [693538.4084154645, 2573238.686746988], [693538.4084154645, 2573248.686746988], [693548.391566265, 2573258.6698977887], [693548.4084154645, 2573258.686746988], [693548.4084154645, 2573268.686746988], [693558.391566265, 2573278.669897788], [693558.4084154645, 2573278.686746988], [693558.4084154645, 2573288.686746988], [693568.391566265, 2573298.6698977887], [693568.4084154645, 2573298.686746988], [693578.391566265, 2573308.6698977887], [693578.4084154645, 2573308.686746988], [693588.391566265, 2573318.6698977887], [693588.4084154645, 2573318.686746988], [693588.4084154645, 2573328.686746988], [693598.391566265, 2573338.6698977887], [693598.4084154645, 2573338.686746988], [693608.391566265, 2573348.6704426794], [693608.4078705733, 2573348.686746988], [693618.391566265, 2573358.673808343], [693618.40450491, 2573358.686746988], [693628.391566265, 2573368.6747019594], [693628.4036112935, 2573368.686746988], [693638.391566265, 2573378.6752974], [693638.4030158533, 2573378.686746988], [693648.391566265, 2573388.6758929095], [693648.4024203435, 2573388.686746988], [693658.391566265, 2573398.6722383304], [693668.391566265, 2573398.6722383304], [693668.4060749225, 2573398.686746988], [693668.4084154645, 2573408.686746988], [693678.391566265, 2573418.669897788], [693678.4084154645, 2573418.686746988], [693678.4084154645, 2573428.686746988], [693678.4084154645, 2573438.686746988], [693688.391566265, 2573448.672402584], [693688.4059106691, 2573448.686746988], [693688.4059106691, 2573458.686746988], [693688.4059106691, 2573468.686746988], [693688.4057633067, 2573478.686746988], [693688.4055395644, 2573488.686746988], [693688.4053345113, 2573498.686746988], [693688.391566265, 2573498.7005152344], [693678.407669929, 2573508.686746988], [693678.4074649634, 2573518.686746988], [693678.4072599892, 2573528.686746988], [693678.391566265, 2573528.702440712], [693668.4084154645, 2573538.686746988], [693678.391566265, 2573548.6751808766], [693688.391566265, 2573548.676003338], [693688.4023099155, 2573548.686746988], [693698.391566265, 2573558.669897788], [693698.4084154645, 2573558.686746988], [693708.391566265, 2573568.6698977887], [693708.4084154645, 2573568.686746988], [693708.4084154645, 2573578.686746988], [693718.391566265, 2573588.6698977887], [693718.4084154645, 2573588.686746988], [693718.4084154645, 2573598.686746988], [693718.4084154645, 2573608.686746988], [693728.391566265, 2573618.675921533], [693728.40239172, 2573618.686746988], [693738.391566265, 2573628.6760943015], [693738.4022189516, 2573628.686746988], [693738.4068955528, 2573638.686746988], [693748.391566265, 2573648.6720444798], [693748.4062687733, 2573648.686746988], [693748.4084154645, 2573658.686746988], [693748.4084154645, 2573668.686746988], [693758.391566265, 2573678.6698977887], [693758.4084154645, 2573678.686746988], [693768.391566265, 2573688.669897788], [693768.4084154645, 2573688.686746988], [693778.391566265, 2573698.6698977887], [693778.4084154643, 2573698.686746988], [693788.391566265, 2573708.6698977887], [693788.4084154645, 2573708.686746988], [693788.4084154645, 2573718.686746988], [693798.391566265, 2573728.6704146494], [693798.4078986037, 2573728.686746988], [693798.4084154645, 2573738.686746988], [693798.4084154645, 2573748.686746988], [693808.391566265, 2573758.6703128996], [693808.4080003534, 2573758.686746988], [693808.4084154645, 2573768.686746988], [693808.4084154645, 2573778.686746988], [693808.4084154645, 2573788.686746988], [693818.391566265, 2573798.6698977887], [693818.4084154645, 2573798.686746988], [693818.4084154645, 2573808.686746988], [693818.4084154645, 2573818.686746988], [693818.4084154645, 2573828.686746988], [693828.391566265, 2573838.6698977887], [693828.4084154645, 2573838.686746988], [693838.391566265, 2573848.6698977887], [693838.4084154645, 2573848.686746988], [693838.4084154645, 2573858.686746988], [693848.391566265, 2573868.669897788], [693848.4084154645, 2573868.686746988], [693858.391566265, 2573878.6698977887], [693858.4084154643, 2573878.686746988], [693858.4084154643, 2573888.686746988], [693868.391566265, 2573898.6698977887], [693868.4084154645, 2573898.686746988], [693878.391566265, 2573908.6698977887], [693888.391566265, 2573908.6698977887], [693888.4084154645, 2573908.686746988], [693898.391566265, 2573918.669897788], [693908.391566265, 2573918.669897788], [693918.391566265, 2573918.669897788], [693928.391566265, 2573918.669897788], [693938.391566265, 2573918.669897788], [693948.391566265, 2573918.669897788], [693958.391566265, 2573918.669897788], [693968.391566265, 2573918.669897788], [693978.391566265, 2573918.669897788], [693988.391566265, 2573918.6699328315], [693988.4083804212, 2573918.686746988], [693998.391566265, 2573928.6698977887], [694008.391566265, 2573928.6698977887], [694018.391566265, 2573928.6698977887], [694028.391566265, 2573928.6698977887], [694028.4084154643, 2573928.686746988], [694038.391566265, 2573938.6698977887], [694048.391566265, 2573938.6698977887], [694058.391566265, 2573938.6698977887], [694068.391566265, 2573938.6698977887], [694078.391566265, 2573938.6698977887], [694088.391566265, 2573938.669935604], [694098.391566265, 2573938.669997904], [694108.391566265, 2573938.669997904], [694118.391566265, 2573938.669997904], [694128.391566265, 2573938.669997904], [694138.391566265, 2573938.669997904], [694148.391566265, 2573938.669997904], [694158.391566265, 2573938.669997904], [694158.408315349, 2573938.686746988], [694168.391566265, 2573948.6698977887], [694178.391566265, 2573948.6698977887], [694188.391566265, 2573948.6698977887], [694198.391566265, 2573948.6698977887], [694198.4084154645, 2573948.686746988], [694208.391566265, 2573958.669897788], [694218.391566265, 2573958.669897788], [694228.391566265, 2573958.669897788], [694238.391566265, 2573958.669897788], [694238.4084154645, 2573958.686746988], [694248.391566265, 2573968.6698977887], [694258.391566265, 2573968.6698977887], [694268.391566265, 2573968.6698977887], [694278.391566265, 2573968.670995366], [694288.391566265, 2573968.6726781], [694288.405635153, 2573968.686746988], [694298.391566265, 2573978.672080918], [694308.391566265, 2573978.672080918], [694318.391566265, 2573978.672080918], [694318.4062323347, 2573978.686746988], [694328.391566265, 2573988.6703983843], [694338.391566265, 2573988.6703983843], [694348.391566265, 2573988.6703983843], [694358.391566265, 2573988.6703983843], [694358.4079148684, 2573988.686746988], [694368.391566265, 2573998.6698977887], [694378.391566265, 2573998.6698977887], [694388.391566265, 2573998.6698977887], [694398.391566265, 2573998.6698977887], [694408.391566265, 2573998.6698977887], [694418.391566265, 2573998.6698977887], [694428.391566265, 2573998.6698977887], [694438.391566265, 2573998.6698977887], [694448.391566265, 2573998.6698977887], [694458.391566265, 2573998.6698977887], [694468.391566265, 2573998.6698977887], [694478.391566265, 2573998.6698977887], [694488.391566265, 2573998.6698977887], [694498.3778217236, 2573988.686746988], [694498.3778217236, 2573978.686746988], [694498.3778217236, 2573968.686746988], [694498.3778217236, 2573958.686746988], [694498.391566265, 2573958.6730024465], [694508.3761388799, 2573948.686746988], [694508.3761388799, 2573938.686746988], [694498.391566265, 2573928.7004915294], [694498.3778217236, 2573928.686746988], [694498.3778217236, 2573918.686746988], [694488.391566265, 2573908.697633451], [694488.3806798019, 2573908.686746988], [694478.391566265, 2573898.695178691], [694478.3831345624, 2573898.686746988], [694468.391566265, 2573888.6951786904], [694458.391566265, 2573888.6951786904], [694448.391566265, 2573888.6951786904], [694438.391566265, 2573888.6951786904], [694428.391566265, 2573888.6951786904], [694428.3831345623, 2573888.686746988], [694418.391566265, 2573878.695178691], [694418.3831345623, 2573878.686746988], [694418.3831345623, 2573868.686746988], [694418.3831345623, 2573858.686746988], [694408.391566265, 2573848.6951786904], [694408.3831345624, 2573848.686746988], [694398.391566265, 2573838.695178691], [694398.3831345623, 2573838.686746988], [694388.391566265, 2573828.695178691], [694388.3831345623, 2573828.686746988], [694388.3831345623, 2573818.686746988], [694388.3831345623, 2573808.686746988], [694378.391566265, 2573798.695178691], [694378.3831345623, 2573798.686746988], [694378.3831345623, 2573788.686746988], [694378.3831345623, 2573778.686746988], [694368.391566265, 2573768.695178691], [694358.391566265, 2573768.695178691], [694348.391566265, 2573768.695178691], [694338.391566265, 2573768.695178691], [694328.3999979676, 2573778.686746988], [694328.391566265, 2573778.695178691], [694318.391566265, 2573778.695178691], [694308.391566265, 2573778.695178691], [694298.391566265, 2573778.695178691], [694298.3831345623, 2573778.686746988], [694298.3831345623, 2573768.686746988], [694288.391566265, 2573758.6951786904], [694288.3831345623, 2573758.686746988], [694288.3831345623, 2573748.686746988], [694278.391566265, 2573738.695178691], [694278.3831345623, 2573738.686746988], [694268.391566265, 2573728.6951786904], [694258.391566265, 2573728.6951786904], [694258.3831345623, 2573728.686746988], [694248.391566265, 2573718.695178691], [694238.391566265, 2573718.695178691], [694238.3831345624, 2573718.686746988], [694228.391566265, 2573708.695178691], [694228.3831345623, 2573708.686746988], [694218.391566265, 2573698.6951786904], [694218.3831345623, 2573698.686746988], [694208.391566265, 2573688.695178691], [694208.3831345623, 2573688.686746988], [694198.391566265, 2573678.695178691], [694198.3831345624, 2573678.686746988], [694188.391566265, 2573668.6951786904], [694188.3831345623, 2573668.686746988], [694188.3831345623, 2573658.686746988], [694178.391566265, 2573648.695178691], [694178.3831345623, 2573648.686746988], [694168.391566265, 2573638.6951786904], [694168.3831345624, 2573638.686746988], [694158.391566265, 2573628.695178691], [694148.391566265, 2573628.695178691], [694148.3831345623, 2573628.686746988], [694138.391566265, 2573618.695178691], [694128.391566265, 2573618.695178691], [694118.3940170388, 2573628.686746988], [694118.391566265, 2573628.6891977615], [694108.391566265, 2573628.6891977615], [694098.3934368008, 2573638.686746988], [694098.391566265, 2573638.6886175238], [694088.391566265, 2573638.6886175238], [694078.391566265, 2573638.6886175238], [694068.391566265, 2573638.6883035963], [694058.391566265, 2573638.687235432], [694058.3910778206, 2573638.686746988], [694058.3910778206, 2573628.686746988], [694057.397263476, 2573618.686746988], [694058.391566265, 2573608.686746988], [694058.391566265, 2573598.686746988], [694058.391566265, 2573588.686746988], [694058.391566265, 2573578.686746988], [694048.391566265, 2573568.686746988], [694048.391566265, 2573568.686746988], [694038.391566265, 2573558.686746988], [694028.391566265, 2573558.686746988], [694018.391566265, 2573568.686746988], [694018.391566265, 2573568.686746988], [694008.391566265, 2573568.686746988], [693998.391566265, 2573568.686746988], [693988.391566265, 2573568.686746988], [693978.391566265, 2573568.686746988], [693968.391566265, 2573568.686746988], [693958.391566265, 2573568.686746988], [693948.391566265, 2573568.686746988], [693938.391566265, 2573568.686746988], [693928.391566265, 2573568.686746988], [693918.391566265, 2573568.686746988], [693918.391566265, 2573568.686746988], [693918.391566265, 2573558.686746988], [693918.391566265, 2573548.686746988], [693918.391566265, 2573538.686746988], [693918.391566265, 2573528.686746988], [693918.391566265, 2573518.686746988], [693918.391566265, 2573508.686746988], [693918.391566265, 2573498.686746988], [693918.391566265, 2573488.686746988], [693918.391566265, 2573478.686746988], [693908.3915662649, 2573469.7219250025], [693898.391566265, 2573469.662650915], [693888.391566265, 2573469.662650915], [693878.3915662651, 2573469.662650915], [693868.391566265, 2573469.662650915], [693858.391566265, 2573469.662650915], [693857.6944918535, 2573468.686746988], [693848.391566265, 2573463.2600409724], [693838.391566265, 2573458.688599118], [693828.391566265, 2573458.688599118], [693818.391566265, 2573458.688599118], [693818.389714135, 2573458.686746988], [693808.391566265, 2573448.690285972], [693808.3880272812, 2573448.686746988], [693798.391566265, 2573438.6919722566], [693798.3863409965, 2573438.686746988], [693788.391566265, 2573428.6936579724], [693788.3846552805, 2573428.686746988], [693778.391566265, 2573418.697949867], [693768.391566265, 2573418.698615301], [693758.391566265, 2573418.698615301], [693748.391566265, 2573418.698615301], [693748.3796979522, 2573418.686746988], [693748.379689838, 2573408.686746988], [693748.3786796853, 2573398.686746988], [693738.391566265, 2573388.700643515], [693738.3776697378, 2573388.686746988], [693728.391566265, 2573378.701653259], [693728.3766599944, 2573378.686746988], [693728.3763234582, 2573368.686746988], [693728.3763234582, 2573358.686746988], [693728.3763234582, 2573348.686746988], [693728.3756504544, 2573338.686746988], [693718.391566265, 2573328.7035961873], [693718.3747170656, 2573328.686746988], [693718.3747170656, 2573318.686746988], [693708.391566265, 2573308.7030955916], [693708.3752176616, 2573308.686746988], [693698.391566265, 2573298.7014130577], [693688.391566265, 2573298.700643515], [693688.3776697378, 2573298.686746988], [693678.391566265, 2573288.701989795], [693678.3763234582, 2573288.686746988], [693668.391566265, 2573278.7033357113], [693668.3749775414, 2573278.686746988], [693658.391566265, 2573268.7035961878], [693658.3747170656, 2573268.686746988], [693648.391566265, 2573258.7035961873], [693648.3747170656, 2573258.686746988], [693648.3747170656, 2573248.686746988], [693648.3747170656, 2573238.686746988], [693648.3836534461, 2573228.686746988], [693648.391566265, 2573224.4212398375], [693658.391566265, 2573224.4212398375], [693668.391566265, 2573224.4212398375], [693678.391566265, 2573227.0879066125], [693683.1880866115, 2573228.686746988], [693688.3915662649, 2573230.4212404173], [693698.3915662651, 2573232.894331772], [693708.391566265, 2573232.5986164236], [693712.4754609724, 2573228.686746988], [693712.4754609724, 2573218.686746988], [693712.4754609724, 2573208.686746988], [693712.4754609724, 2573198.686746988], [693715.6817603708, 2573188.686746988], [693718.391566265, 2573188.678315285], [693728.3831345623, 2573178.686746988], [693728.3831345623, 2573168.686746988], [693728.3831345623, 2573158.686746988], [693728.3831345623, 2573148.686746988], [693728.3831345623, 2573138.686746988], [693728.3831345623, 2573128.686746988], [693728.3831345623, 2573118.686746988], [693728.3831345623, 2573108.686746988], [693728.3831345623, 2573098.686746988], [693728.3836360029, 2573088.686746988], [693728.3853213749, 2573078.6867469875], [693718.391566265, 2573068.686919828], [693718.3913934252, 2573068.686746988], [693718.3913934252, 2573058.686746988], [693718.3913934252, 2573048.686746988], [693718.391566265, 2573038.686746988], [693718.391566265, 2573028.686746988], [693718.391566265, 2573018.686746988], [693718.391566265, 2573008.686746988], [693718.391566265, 2572998.686746988], [693718.391566265, 2572998.686746988], [693728.391566265, 2572988.686746988], [693728.391566265, 2572988.686746988], [693738.391566265, 2572978.686746988], [693738.391566265, 2572978.686746988], [693748.391566265, 2572968.686746988], [693748.391566265, 2572968.686746988], [693758.391566265, 2572958.686746988], [693758.391566265, 2572958.686746988], [693763.1881100327, 2572948.6867469875], [693768.391566265, 2572938.686746988], [693768.391566265, 2572928.686746988], [693768.391566265, 2572918.686746988], [693768.391566265, 2572908.686746988], [693768.391566265, 2572898.686746988], [693768.391566265, 2572898.686746988], [693778.391566265, 2572898.686746988], [693788.391566265, 2572898.686746988], [693798.391566265, 2572898.686746988], [693808.391566265, 2572898.686746988], [693818.391566265, 2572898.686746988], [693828.391566265, 2572898.686746988], [693838.391566265, 2572898.686746988], [693848.391566265, 2572898.686746988], [693848.391566265, 2572898.686746988], [693858.391566265, 2572908.686746988], [693858.391566265, 2572908.686746988], [693868.391566265, 2572918.686746988], [693868.391566265, 2572918.686746988], [693878.391566265, 2572928.686746988], [693878.391566265, 2572928.686746988], [693888.391566265, 2572938.686746988], [693888.391566265, 2572938.686746988], [693898.391566265, 2572948.686746988], [693908.391566265, 2572948.686746988], [693918.391566265, 2572948.686746988], [693928.391566265, 2572948.686746988], [693938.391566265, 2572948.686746988], [693948.391566265, 2572948.686746988], [693958.391566265, 2572948.686746988], [693968.391566265, 2572948.686746988], [693978.391566265, 2572948.686746988], [693988.391566265, 2572948.686746988], [693998.391566265, 2572948.686746988], [694008.391566265, 2572948.686746988], [694018.391566265, 2572948.686746988], [694028.391566265, 2572948.686746988], [694038.391566265, 2572948.686746988], [694038.391566265, 2572948.686746988], [694038.391566265, 2572958.686746988], [694038.391566265, 2572968.686746988], [694038.391566265, 2572978.686746988], [694038.391566265, 2572988.686746988], [694048.391566265, 2572998.686746988], [694058.391566265, 2572998.686746988], [694068.391566265, 2572998.686746988], [694078.391566265, 2572998.686746988], [694088.391566265, 2572998.686746988], [694098.391566265, 2572998.686746988], [694098.391566265, 2572998.686746988], [694108.391566265, 2573008.686746988], [694108.391566265, 2573008.686746988], [694118.391566265, 2573018.686746988], [694118.391566265, 2573018.686746988], [694128.391566265, 2573028.686746988], [694128.391566265, 2573028.686746988], [694138.391566265, 2573038.686746988], [694138.391566265, 2573038.686746988], [694148.391566265, 2573048.686746988], [694148.391566265, 2573048.686746988], [694158.391566265, 2573058.686746988], [694158.391566265, 2573058.686746988], [694168.391566265, 2573068.686746988], [694168.391566265, 2573068.686746988], [694178.391566265, 2573078.686746988], [694178.391566265, 2573078.686746988], [694188.391566265, 2573088.686746988], [694188.391566265, 2573088.686746988], [694198.391566265, 2573098.686746988], [694208.391566265, 2573098.686746988], [694218.391566265, 2573098.686746988], [694228.391566265, 2573098.686746988], [694238.391566265, 2573098.686746988], [694248.391566265, 2573098.686746988], [694258.391566265, 2573098.686746988], [694268.391566265, 2573098.686746988], [694278.391566265, 2573098.686746988], [694288.391566265, 2573098.686746988], [694298.391566265, 2573098.686746988], [694308.391566265, 2573098.686746988], [694318.391566265, 2573098.686746988], [694328.391566265, 2573098.686746988], [694338.391566265, 2573098.686746988], [694348.391566265, 2573098.686746988], [694358.391566265, 2573098.686746988], [694368.391566265, 2573098.686746988], [694378.391566265, 2573088.686746988], [694378.391566265, 2573088.686746988], [694388.391566265, 2573078.686746988], [694388.391566265, 2573078.686746988], [694398.391566265, 2573068.686746988], [694398.391566265, 2573068.686746988], [694408.391566265, 2573058.686746988], [694408.391566265, 2573058.686746988], [694418.391566265, 2573048.686746988], [694418.391566265, 2573048.686746988], [694428.391566265, 2573048.686746988], [694438.391566265, 2573048.686746988], [694448.391566265, 2573048.686746988], [694458.391566265, 2573048.686746988], [694468.391566265, 2573048.686746988], [694478.391566265, 2573048.686746988], [694488.391566265, 2573048.686746988], [694498.391566265, 2573048.686746988], [694508.391566265, 2573048.686746988], [694518.391566265, 2573038.686746988], [694518.391566265, 2573028.686746988], [694518.391566265, 2573018.686746988], [694518.391566265, 2573008.686746988], [694518.391566265, 2572998.686746988], [694518.391566265, 2572998.686746988], [694528.391566265, 2572998.686746988], [694538.391566265, 2572998.686746988], [694548.391566265, 2572998.686746988], [694558.391566265, 2572998.686746988], [694568.391566265, 2572998.686746988], [694578.391566265, 2572998.686746988], [694588.391566265, 2572998.686746988], [694598.391566265, 2572998.686746988], [694608.391566265, 2572998.686746988], [694618.391566265, 2572998.686746988], [694628.391566265, 2572998.686746988], [694638.391566265, 2572998.686746988], [694648.391566265, 2572998.686746988], [694658.391566265, 2572998.686746988], [694668.391566265, 2572988.686746988], [694668.391566265, 2572978.686746988], [694668.391566265, 2572968.686746988], [694668.391566265, 2572958.686746988], [694668.391566265, 2572948.686746988], [694668.391566265, 2572948.686746988], [694678.391566265, 2572948.686746988], [694688.391566265, 2572948.686746988], [694698.391566265, 2572948.686746988], [694708.391566265, 2572948.686746988], [694718.391566265, 2572948.686746988], [694728.391566265, 2572948.686746988], [694738.391566265, 2572948.686746988], [694748.391566265, 2572948.686746988], [694758.391566265, 2572948.686746988], [694768.391566265, 2572938.686746988], [694768.391566265, 2572928.686746988], [694768.391566265, 2572918.686746988], [694768.391566265, 2572908.686746988], [694768.391566265, 2572898.686746988], [694768.391566265, 2572898.686746988], [694778.391566265, 2572898.686746988], [694788.391566265, 2572898.686746988], [694798.391566265, 2572898.686746988], [694808.391566265, 2572898.686746988], [694818.391566265, 2572898.686746988], [694828.391566265, 2572898.686746988], [694838.391566265, 2572898.686746988], [694848.391566265, 2572898.686746988], [694858.391566265, 2572898.686746988], [694868.391566265, 2572898.686746988], [694878.391566265, 2572898.686746988], [694888.391566265, 2572898.686746988], [694898.391566265, 2572898.686746988], [694908.391566265, 2572898.686746988], [694918.391566265, 2572898.686746988], [694928.391566265, 2572898.686746988], [694938.391566265, 2572898.686746988], [694948.391566265, 2572898.686746988], [694958.391566265, 2572898.686746988], [694968.391566265, 2572898.686746988], [694978.391566265, 2572898.686746988], [694988.391566265, 2572898.686746988], [694998.391566265, 2572898.686746988], [695008.391566265, 2572898.686746988], [695018.391566265, 2572898.686746988], [695028.391566265, 2572898.686746988], [695038.391566265, 2572898.686746988], [695048.391566265, 2572898.686746988], [695058.391566265, 2572898.686746988], [695068.391566265, 2572898.686746988], [695078.391566265, 2572898.686746988], [695088.391566265, 2572898.686746988], [695098.391566265, 2572898.686746988], [695108.391566265, 2572898.686746988], [695118.391566265, 2572898.686746988], [695128.391566265, 2572888.686746988], [695128.391566265, 2572888.686746988], [695138.391566265, 2572888.686746988], [695148.391566265, 2572888.686746988], [695158.391566265, 2572878.686746988], [695158.391566265, 2572878.686746988], [695168.391566265, 2572878.686746988], [695178.391566265, 2572878.686746988], [695188.391566265, 2572878.686746988], [695198.391566265, 2572878.686746988], [695198.391566265, 2572878.686746988], [695208.391566265, 2572888.686746988], [695218.391566265, 2572888.686746988], [695228.391566265, 2572888.686746988], [695238.391566265, 2572888.686746988], [695238.391566265, 2572888.686746988], [695248.391566265, 2572898.686746988], [695248.391566265, 2572898.686746988], [695248.391566265, 2572908.686746988], [695258.391566265, 2572918.686746988], [695268.391566265, 2572918.686746988], [695278.391566265, 2572918.686746988], [695288.391566265, 2572918.686746988], [695288.391566265, 2572918.686746988], [695288.391566265, 2572928.686746988], [695298.391566265, 2572938.686746988], [695298.391566265, 2572938.686746988], [695308.391566265, 2572948.686746988], [695308.391566265, 2572948.686746988], [695308.391566265, 2572958.686746988], [695318.391566265, 2572968.686746988], [695318.391566265, 2572968.686746988], [695328.391566265, 2572978.686746988], [695328.391566265, 2572978.686746988], [695328.391566265, 2572988.686746988], [695338.391566265, 2572998.686746988], [695338.391566265, 2572998.686746988], [695348.391566265, 2573008.686746988], [695348.391566265, 2573008.686746988], [695358.391566265, 2573018.686746988], [695358.391566265, 2573018.686746988], [695358.391566265, 2573028.686746988], [695368.391566265, 2573038.686746988], [695368.391566265, 2573038.686746988], [695378.391566265, 2573048.686746988], [695378.391566265, 2573048.686746988], [695388.391566265, 2573058.686746988], [695388.391566265, 2573058.686746988], [695388.391566265, 2573068.686746988], [695398.391566265, 2573078.686746988], [695398.391566265, 2573078.686746988], [695408.391566265, 2573088.686746988], [695408.391566265, 2573088.686746988], [695418.391566265, 2573098.686746988], [695418.391566265, 2573098.686746988], [695418.391566265, 2573108.686746988], [695428.391566265, 2573118.686746988], [695428.391566265, 2573118.686746988], [695438.391566265, 2573128.686746988], [695438.391566265, 2573128.686746988], [695448.391566265, 2573138.686746988], [695448.391566265, 2573138.686746988], [695458.391566265, 2573148.686746988], [695468.391566265, 2573148.686746988], [695478.391566265, 2573148.686746988], [695478.391566265, 2573148.686746988], [695488.391566265, 2573158.686746988], [695488.391566265, 2573158.686746988], [695498.391566265, 2573168.686746988], [695498.391566265, 2573168.686746988], [695508.391566265, 2573178.686746988], [695508.391566265, 2573178.686746988], [695518.391566265, 2573188.686746988], [695518.391566265, 2573188.686746988], [695528.391566265, 2573198.686746988], [695528.391566265, 2573198.686746988], [695538.391566265, 2573208.686746988], [695548.391566265, 2573208.686746988], [695548.391566265, 2573208.686746988], [695558.391566265, 2573218.686746988], [695568.391566265, 2573218.686746988], [695578.391566265, 2573218.686746988], [695588.391566265, 2573218.686746988], [695598.391566265, 2573218.686746988], [695608.391566265, 2573218.686746988], [695608.391566265, 2573218.686746988], [695618.391566265, 2573228.686746988], [695628.391566265, 2573228.686746988], [695638.391566265, 2573218.686746988], [695638.391566265, 2573218.686746988], [695648.391566265, 2573218.686746988], [695658.391566265, 2573218.686746988], [695668.391566265, 2573218.686746988], [695678.391566265, 2573218.686746988], [695678.391566265, 2573218.686746988], [695688.391566265, 2573228.686746988], [695698.391566265, 2573228.686746988], [695698.391566265, 2573228.686746988], [695708.391566265, 2573238.686746988], [695718.391566265, 2573238.686746988], [695728.391566265, 2573238.686746988], [695728.391566265, 2573238.686746988], [695738.391566265, 2573248.686746988], [695748.391566265, 2573248.686746988], [695758.391566265, 2573248.686746988], [695768.391566265, 2573248.686746988], [695778.391566265, 2573248.686746988], [695788.391566265, 2573248.686746988], [695798.391566265, 2573248.686746988], [695798.391566265, 2573248.686746988], [695808.391566265, 2573258.686746988], [695808.391566265, 2573258.686746988], [695818.391566265, 2573268.686746988], [695818.391566265, 2573268.686746988], [695828.391566265, 2573278.686746988], [695838.391566265, 2573278.686746988], [695848.391566265, 2573268.686746988], [695848.391566265, 2573268.686746988], [695858.391566265, 2573258.686746988], [695858.391566265, 2573258.686746988], [695868.391566265, 2573248.686746988], [695868.391566265, 2573248.686746988], [695878.391566265, 2573248.686746988], [695888.391566265, 2573248.686746988], [695898.391566265, 2573248.686746988], [695898.391566265, 2573248.686746988], [695908.391566265, 2573258.686746988], [695908.391566265, 2573258.686746988], [695918.391566265, 2573268.686746988], [695918.391566265, 2573268.686746988], [695928.391566265, 2573278.686746988], [695928.391566265, 2573278.686746988], [695938.391566265, 2573288.686746988], [695938.391566265, 2573288.686746988], [695948.391566265, 2573298.686746988], [695948.391566265, 2573298.686746988], [695958.391566265, 2573308.686746988], [695958.391566265, 2573308.686746988], [695958.391566265, 2573318.686746988], [695968.391566265, 2573328.686746988], [695978.391566265, 2573328.686746988], [695978.391566265, 2573328.686746988], [695988.391566265, 2573338.686746988], [695988.391566265, 2573338.686746988], [695988.391566265, 2573348.686746988], [695988.391566265, 2573358.686746988], [695988.391566265, 2573368.686746988], [695988.391566265, 2573378.686746988], [695988.391566265, 2573388.686746988], [695998.391566265, 2573398.686746988], [696008.391566265, 2573398.686746988], [696018.391566265, 2573398.686746988], [696028.391566265, 2573398.686746988], [696038.391566265, 2573398.686746988], [696048.391566265, 2573398.686746988], [696048.391566265, 2573398.686746988], [696058.391566265, 2573408.686746988], [696058.391566265, 2573408.686746988], [696068.391566265, 2573418.686746988], [696068.391566265, 2573418.686746988], [696078.391566265, 2573428.686746988], [696078.391566265, 2573428.686746988], [696088.391566265, 2573438.686746988], [696088.391566265, 2573438.686746988], [696098.391566265, 2573448.686746988], [696108.391566265, 2573448.686746988], [696118.391566265, 2573448.686746988], [696128.391566265, 2573448.686746988], [696138.391566265, 2573448.686746988], [696148.391566265, 2573448.686746988], [696148.391566265, 2573448.686746988], [696158.391566265, 2573458.686746988], [696158.391566265, 2573458.686746988], [696168.391566265, 2573468.686746988], [696168.391566265, 2573468.686746988], [696178.391566265, 2573478.686746988], [696178.391566265, 2573478.686746988], [696188.391566265, 2573488.686746988], [696188.391566265, 2573488.686746988], [696188.391566265, 2573498.686746988], [696188.391566265, 2573508.686746988], [696188.391566265, 2573518.686746988], [696188.391566265, 2573528.686746988], [696188.391566265, 2573538.686746988], [696188.391566265, 2573548.686746988], [696188.391566265, 2573558.686746988], [696188.391566265, 2573568.686746988], [696188.391566265, 2573568.686746988], [696178.391566265, 2573578.686746988], [696178.391566265, 2573578.686746988], [696168.391566265, 2573588.686746988], [696168.391566265, 2573588.686746988], [696158.391566265, 2573598.686746988], [696158.391566265, 2573598.686746988], [696148.391566265, 2573608.686746988], [696148.391566265, 2573608.686746988], [696138.391566265, 2573618.686746988], [696138.391566265, 2573628.686746988], [696138.391566265, 2573638.686746988], [696138.391566265, 2573648.686746988], [696138.391566265, 2573658.686746988], [696138.391566265, 2573668.686746988], [696138.391566265, 2573668.686746988], [696128.391566265, 2573678.686746988], [696128.391566265, 2573678.686746988], [696118.391566265, 2573688.686746988], [696118.391566265, 2573688.686746988], [696108.391566265, 2573698.686746988], [696108.391566265, 2573698.686746988], [696098.391566265, 2573708.686746988], [696098.391566265, 2573708.686746988], [696088.391566265, 2573718.686746988], [696088.391566265, 2573728.686746988], [696088.391566265, 2573738.686746988], [696088.391566265, 2573748.686746988], [696088.391566265, 2573758.686746988], [696088.391566265, 2573768.686746988], [696088.391566265, 2573768.686746988], [696078.391566265, 2573778.686746988], [696078.391566265, 2573778.686746988], [696068.391566265, 2573788.686746988], [696068.391566265, 2573788.686746988], [696058.391566265, 2573798.686746988], [696058.391566265, 2573798.686746988], [696048.391566265, 2573808.686746988], [696048.391566265, 2573808.686746988], [696038.391566265, 2573818.686746988], [696038.391566265, 2573828.686746988], [696038.391566265, 2573838.686746988], [696038.391566265, 2573848.686746988], [696038.391566265, 2573858.686746988], [696038.391566265, 2573868.686746988], [696038.391566265, 2573868.686746988], [696028.391566265, 2573878.686746988], [696028.391566265, 2573878.686746988], [696018.391566265, 2573888.686746988], [696018.391566265, 2573888.686746988], [696008.391566265, 2573898.686746988], [696008.391566265, 2573898.686746988], [695998.391566265, 2573908.686746988], [695998.391566265, 2573908.686746988], [695988.391566265, 2573918.686746988], [695988.391566265, 2573928.686746988], [695988.391566265, 2573938.686746988], [695998.391566265, 2573948.686746988], [695998.391566265, 2573948.686746988], [696008.391566265, 2573958.686746988], [696008.391566265, 2573958.686746988], [696018.391566265, 2573968.686746988], [696018.391566265, 2573968.686746988], [696028.391566265, 2573978.686746988], [696028.391566265, 2573978.686746988], [696038.391566265, 2573988.686746988], [696038.391566265, 2573988.686746988], [696048.391566265, 2573998.686746988], [696048.391566265, 2573998.686746988], [696058.391566265, 2574008.686746988], [696058.391566265, 2574008.686746988], [696068.391566265, 2574018.686746988], [696068.391566265, 2574018.686746988], [696078.391566265, 2574028.686746988], [696078.391566265, 2574028.686746988], [696088.391566265, 2574038.686746988], [696088.391566265, 2574038.686746988], [696098.391566265, 2574048.686746988], [696108.391566265, 2574048.686746988], [696118.391566265, 2574048.686746988], [696128.391566265, 2574048.686746988], [696138.391566265, 2574048.686746988], [696148.391566265, 2574048.686746988], [696158.391566265, 2574048.686746988], [696168.391566265, 2574048.686746988], [696178.391566265, 2574048.686746988], [696188.391566265, 2574048.686746988], [696198.391566265, 2574048.686746988], [696208.391566265, 2574048.686746988], [696218.391566265, 2574048.686746988], [696228.391566265, 2574038.686746988], [696228.391566265, 2574038.686746988], [696238.391566265, 2574028.686746988], [696238.391566265, 2574028.686746988], [696248.391566265, 2574018.686746988], [696248.391566265, 2574018.686746988], [696258.391566265, 2574008.686746988], [696258.391566265, 2574008.686746988], [696268.391566265, 2573998.686746988], [696268.391566265, 2573998.686746988], [696278.391566265, 2573998.686746988], [696288.391566265, 2573998.686746988], [696298.391566265, 2573998.686746988], [696298.391566265, 2573998.686746988], [696308.391566265, 2574008.686746988], [696308.391566265, 2574008.686746988], [696318.391566265, 2574018.686746988], [696318.391566265, 2574018.686746988], [696328.391566265, 2574028.686746988], [696328.391566265, 2574028.686746988], [696338.391566265, 2574038.686746988], [696338.391566265, 2574038.686746988], [696348.391566265, 2574048.686746988], [696358.391566265, 2574048.686746988], [696368.391566265, 2574048.686746988], [696378.391566265, 2574048.686746988], [696388.391566265, 2574048.686746988], [696398.391566265, 2574048.686746988], [696408.391566265, 2574048.686746988], [696418.391566265, 2574048.686746988], [696428.391566265, 2574048.686746988], [696438.391566265, 2574048.686746988], [696448.391566265, 2574048.686746988], [696458.391566265, 2574048.686746988], [696468.391566265, 2574048.686746988], [696478.391566265, 2574048.686746988], [696488.391566265, 2574048.686746988], [696488.391566265, 2574048.686746988], [696488.391566265, 2574058.686746988], [696488.391566265, 2574068.686746988], [696488.391566265, 2574078.686746988], [696488.391566265, 2574088.686746988], [696498.391566265, 2574098.686746988], [696508.391566265, 2574098.686746988], [696518.391566265, 2574098.686746988], [696528.391566265, 2574098.686746988], [696538.391566265, 2574098.686746988], [696538.391566265, 2574098.686746988], [696538.391566265, 2574108.686746988], [696538.391566265, 2574118.686746988], [696538.391566265, 2574128.686746988], [696538.391566265, 2574138.686746988], [696548.391566265, 2574148.686746988], [696558.391566265, 2574148.686746988], [696568.391566265, 2574148.686746988], [696578.391566265, 2574148.686746988], [696588.391566265, 2574148.686746988], [696598.391566265, 2574148.686746988], [696608.391566265, 2574148.686746988], [696618.391566265, 2574148.686746988], [696628.391566265, 2574148.686746988], [696638.391566265, 2574148.686746988], [696648.391566265, 2574148.686746988], [696648.391566265, 2574148.686746988], [696658.391566265, 2574158.686746988], [696658.391566265, 2574158.686746988], [696668.391566265, 2574168.686746988], [696668.391566265, 2574168.686746988], [696678.391566265, 2574178.686746988], [696678.391566265, 2574178.686746988], [696688.391566265, 2574188.686746988], [696688.391566265, 2574188.686746988], [696688.391566265, 2574198.686746988], [696688.391566265, 2574208.686746988], [696688.391566265, 2574218.686746988], [696688.391566265, 2574228.686746988], [696688.391566265, 2574238.686746988], [696688.391566265, 2574248.686746988], [696688.391566265, 2574258.686746988], [696688.391566265, 2574268.686746988], [696688.391566265, 2574278.686746988], [696688.391566265, 2574288.686746988], [696688.391566265, 2574298.686746988], [696688.391566265, 2574308.686746988], [696688.391566265, 2574318.686746988], [696688.391566265, 2574328.686746988], [696688.391566265, 2574338.686746988], [696688.391566265, 2574348.686746988], [696688.391566265, 2574358.686746988], [696688.391566265, 2574368.686746988], [696688.391566265, 2574378.686746988], [696688.391566265, 2574388.686746988], [696698.391566265, 2574398.686746988], [696708.391566265, 2574398.686746988], [696718.391566265, 2574398.686746988], [696728.391566265, 2574398.686746988], [696738.391566265, 2574398.686746988], [696738.391566265, 2574398.686746988], [696738.391566265, 2574408.686746988], [696738.391566265, 2574418.686746988], [696738.391566265, 2574428.686746988], [696738.391566265, 2574438.686746988], [696748.391566265, 2574448.686746988], [696748.391566265, 2574448.686746988], [696758.391566265, 2574458.686746988], [696758.391566265, 2574458.686746988], [696768.391566265, 2574468.686746988], [696768.391566265, 2574468.686746988], [696778.391566265, 2574478.686746988], [696778.391566265, 2574478.686746988], [696788.391566265, 2574488.686746988], [696788.391566265, 2574488.686746988], [696798.391566265, 2574498.686746988], [696808.391566265, 2574498.686746988], [696818.391566265, 2574498.686746988], [696828.391566265, 2574498.686746988], [696838.391566265, 2574498.686746988], [696838.391566265, 2574498.686746988], [696838.391566265, 2574508.686746988], [696838.391566265, 2574518.686746988], [696838.391566265, 2574528.686746988], [696838.391566265, 2574538.686746988], [696838.391566265, 2574548.686746988], [696838.391566265, 2574558.686746988], [696838.391566265, 2574568.686746988], [696838.391566265, 2574578.686746988], [696838.391566265, 2574588.686746988], [696838.391566265, 2574598.686746988], [696838.391566265, 2574608.686746988], [696838.391566265, 2574618.686746988], [696838.391566265, 2574618.686746988], [696828.391566265, 2574618.686746988], [696818.391566265, 2574618.686746988], [696808.391566265, 2574618.686746988], [696798.391566265, 2574618.686746988], [696788.391566265, 2574628.686746988], [696788.391566265, 2574638.686746988], [696798.391566265, 2574648.686746988], [696798.391566265, 2574648.686746988], [696808.391566265, 2574658.686746988], [696808.391566265, 2574658.686746988], [696818.391566265, 2574668.686746988], [696818.391566265, 2574668.686746988], [696828.391566265, 2574678.686746988], [696828.391566265, 2574678.686746988], [696838.391566265, 2574688.686746988], [696838.391566265, 2574688.686746988], [696838.391566265, 2574698.686746988], [696838.391566265, 2574708.686746988], [696838.391566265, 2574718.686746988], [696838.391566265, 2574728.686746988], [696838.391566265, 2574738.686746988], [696838.391566265, 2574748.686746988], [696838.391566265, 2574758.686746988], [696848.391566265, 2574768.686746988], [696858.391566265, 2574768.686746988], [696858.391566265, 2574768.686746988], [696868.391566265, 2574778.686746988], [696868.391566265, 2574778.686746988], [696868.391566265, 2574788.686746988], [696868.391566265, 2574798.686746988], [696868.391566265, 2574798.686746988], [696858.391566265, 2574808.686746988], [696858.391566265, 2574808.686746988], [696848.391566265, 2574818.686746988], [696848.391566265, 2574818.686746988], [696838.391566265, 2574828.686746988], [696838.391566265, 2574828.686746988], [696828.391566265, 2574838.686746988], [696828.391566265, 2574838.686746988], [696818.391566265, 2574848.686746988], [696818.391566265, 2574858.686746988], [696818.391566265, 2574858.686746988], [696808.391566265, 2574868.686746988], [696818.391566265, 2574878.686746988], [696818.391566265, 2574878.686746988], [696818.391566265, 2574888.686746988], [696818.391566265, 2574898.686746988], [696818.391566265, 2574908.686746988], [696818.391566265, 2574908.686746988], [696808.391566265, 2574908.686746988], [696798.391566265, 2574918.686746988], [696798.391566265, 2574928.686746988], [696798.391566265, 2574928.686746988], [696788.391566265, 2574938.686746988], [696788.391566265, 2574948.686746988], [696788.391566265, 2574948.686746988], [696778.391566265, 2574948.686746988], [696768.391566265, 2574958.686746988], [696768.391566265, 2574968.686746988], [696768.391566265, 2574978.686746988], [696768.391566265, 2574978.686746988], [696758.391566265, 2574988.686746988], [696758.391566265, 2574998.686746988], [696758.391566265, 2575008.686746988], [696758.391566265, 2575018.686746988], [696768.391566265, 2575028.686746988], [696768.391566265, 2575028.686746988], [696768.391566265, 2575038.686746988], [696768.391566265, 2575048.686746988], [696768.391566265, 2575048.686746988], [696758.391566265, 2575058.686746988], [696758.391566265, 2575058.686746988], [696748.391566265, 2575068.686746988], [696748.391566265, 2575068.686746988], [696738.391566265, 2575078.686746988], [696738.391566265, 2575088.686746988], [696738.391566265, 2575088.686746988], [696728.391566265, 2575098.686746988], [696728.391566265, 2575098.686746988], [696718.391566265, 2575108.686746988], [696718.391566265, 2575118.686746988], [696718.391566265, 2575128.686746988], [696718.391566265, 2575138.686746988], [696718.391566265, 2575148.686746988], [696718.391566265, 2575158.686746988], [696718.391566265, 2575158.686746988], [696708.391566265, 2575168.686746988], [696708.391566265, 2575168.686746988], [696698.391566265, 2575178.686746988], [696698.391566265, 2575188.686746988], [696698.391566265, 2575188.686746988], [696688.391566265, 2575198.686746988], [696688.391566265, 2575198.686746988], [696678.391566265, 2575198.686746988], [696668.391566265, 2575208.686746988], [696668.391566265, 2575218.686746988], [696668.391566265, 2575228.686746988], [696668.391566265, 2575238.686746988], [696668.391566265, 2575238.686746988], [696658.391566265, 2575248.686746988], [696658.391566265, 2575258.686746988], [696658.391566265, 2575268.686746988], [696668.391566265, 2575278.686746988], [696668.391566265, 2575278.686746988], [696668.391566265, 2575288.686746988], [696668.391566265, 2575298.686746988], [696668.391566265, 2575298.686746988], [696658.391566265, 2575308.686746988], [696658.391566265, 2575318.686746988], [696658.391566265, 2575318.686746988], [696648.391566265, 2575328.686746988], [696648.391566265, 2575328.686746988], [696638.391566265, 2575338.686746988], [696638.391566265, 2575338.686746988], [696628.391566265, 2575348.686746988], [696628.391566265, 2575348.686746988], [696618.391566265, 2575358.686746988], [696618.391566265, 2575368.686746988], [696618.391566265, 2575368.686746988], [696608.391566265, 2575378.686746988], [696608.391566265, 2575388.686746988], [696608.391566265, 2575398.686746988], [696608.391566265, 2575408.686746988], [696608.391566265, 2575418.686746988], [696618.391566265, 2575428.686746988], [696618.391566265, 2575428.686746988], [696618.391566265, 2575438.686746988], [696618.391566265, 2575448.686746988], [696618.391566265, 2575448.686746988], [696608.391566265, 2575458.686746988], [696608.391566265, 2575458.686746988], [696598.391566265, 2575468.686746988], [696598.391566265, 2575468.686746988], [696588.391566265, 2575478.686746988], [696588.391566265, 2575478.686746988], [696578.391566265, 2575488.686746988], [696578.391566265, 2575488.686746988], [696568.391566265, 2575498.686746988], [696568.391566265, 2575508.686746988], [696568.391566265, 2575508.686746988], [696558.391566265, 2575518.686746988], [696568.391566265, 2575528.686746988], [696568.391566265, 2575528.686746988], [696568.391566265, 2575538.686746988], [696568.391566265, 2575548.686746988], [696568.391566265, 2575558.686746988], [696568.391566265, 2575558.686746988], [696558.391566265, 2575568.686746988], [696558.391566265, 2575568.686746988], [696548.391566265, 2575578.686746988], [696548.391566265, 2575578.686746988], [696538.391566265, 2575588.686746988], [696538.391566265, 2575598.686746988], [696538.391566265, 2575598.686746988], [696528.391566265, 2575598.686746988], [696518.391566265, 2575608.686746988], [696518.391566265, 2575618.686746988], [696518.391566265, 2575628.686746988], [696518.391566265, 2575628.686746988], [696508.391566265, 2575638.686746988], [696508.391566265, 2575648.686746988], [696508.391566265, 2575658.686746988], [696508.391566265, 2575668.686746988], [696518.391566265, 2575678.686746988], [696518.391566265, 2575678.686746988], [696518.391566265, 2575688.686746988], [696518.391566265, 2575698.686746988], [696518.391566265, 2575698.686746988], [696508.391566265, 2575708.686746988], [696508.391566265, 2575708.686746988], [696498.391566265, 2575718.686746988], [696498.391566265, 2575728.686746988], [696498.391566265, 2575728.686746988], [696488.391566265, 2575728.686746988], [696478.391566265, 2575738.686746988], [696478.391566265, 2575748.686746988], [696478.391566265, 2575748.686746988], [696468.391566265, 2575758.686746988], [696468.391566265, 2575768.686746988], [696468.391566265, 2575778.686746988], [696468.391566265, 2575788.686746988], [696468.391566265, 2575798.686746988], [696468.391566265, 2575808.686746988], [696468.391566265, 2575808.686746988], [696458.391566265, 2575818.686746988], [696458.391566265, 2575818.686746988], [696448.391566265, 2575828.686746988], [696448.391566265, 2575828.686746988], [696438.391566265, 2575838.686746988], [696438.391566265, 2575848.686746988], [696438.391566265, 2575848.686746988], [696428.391566265, 2575848.686746988], [696418.391566265, 2575858.686746988], [696418.391566265, 2575868.686746988], [696418.391566265, 2575878.686746988], [696418.391566265, 2575888.686746988], [696418.391566265, 2575888.686746988], [696408.391566265, 2575898.686746988], [696408.391566265, 2575908.686746988], [696408.391566265, 2575918.686746988], [696418.391566265, 2575928.686746988], [696418.391566265, 2575928.686746988], [696418.391566265, 2575938.686746988], [696418.391566265, 2575948.686746988], [696418.391566265, 2575948.686746988], [696408.391566265, 2575958.686746988], [696408.391566265, 2575968.686746988], [696408.391566265, 2575968.686746988], [696398.391566265, 2575978.686746988], [696398.391566265, 2575978.686746988], [696388.391566265, 2575978.686746988], [696378.391566265, 2575978.686746988], [696378.391566265, 2575978.686746988], [696378.391566265, 2575968.686746988], [696368.391566265, 2575958.686746988], [696368.391566265, 2575958.686746988], [696368.391566265, 2575948.686746988], [696368.391566265, 2575938.686746988], [696368.391566265, 2575928.686746988], [696358.391566265, 2575918.686746988], [696348.391566265, 2575918.686746988], [696338.391566265, 2575918.686746988], [696328.391566265, 2575928.686746988], [696328.391566265, 2575928.686746988], [696318.391566265, 2575938.686746988], [696318.391566265, 2575938.686746988], [696308.391566265, 2575938.686746988], [696298.391566265, 2575938.686746988], [696288.391566265, 2575948.686746988], [696288.391566265, 2575948.686746988], [696278.391566265, 2575958.686746988], [696278.391566265, 2575958.686746988], [696268.391566265, 2575968.686746988], [696268.391566265, 2575968.686746988], [696258.391566265, 2575978.686746988], [696258.391566265, 2575988.686746988], [696258.391566265, 2575988.686746988], [696248.391566265, 2575998.686746988], [696248.391566265, 2575998.686746988], [696238.391566265, 2576008.686746988], [696238.391566265, 2576008.686746988], [696228.391566265, 2576008.686746988], [696218.391566265, 2576018.686746988], [696218.391566265, 2576018.686746988], [696208.391566265, 2576018.686746988], [696198.391566265, 2576028.686746988], [696198.391566265, 2576028.686746988], [696188.391566265, 2576038.686746988], [696188.391566265, 2576038.686746988], [696178.391566265, 2576048.686746988], [696178.391566265, 2576058.686746988], [696178.391566265, 2576058.686746988], [696168.391566265, 2576058.686746988], [696158.391566265, 2576058.686746988], [696148.391566265, 2576068.686746988], [696148.391566265, 2576078.686746988], [696148.391566265, 2576088.686746988], [696158.391566265, 2576098.686746988], [696158.391566265, 2576098.686746988], [696168.391566265, 2576108.686746988], [696178.391566265, 2576108.686746988], [696178.391566265, 2576108.686746988], [696188.391566265, 2576118.686746988], [696188.391566265, 2576118.686746988], [696188.391566265, 2576128.686746988], [696188.391566265, 2576138.686746988], [696188.391566265, 2576148.686746988], [696188.391566265, 2576158.686746988], [696188.391566265, 2576168.686746988], [696188.391566265, 2576178.686746988], [696188.391566265, 2576188.686746988], [696188.391566265, 2576198.686746988], [696188.391566265, 2576208.686746988], [696188.391566265, 2576218.686746988], [696188.391566265, 2576218.686746988], [696178.391566265, 2576218.686746988], [696168.391566265, 2576218.686746988], [696158.391566265, 2576218.686746988]]}}, {"type": "Feature", "properties": {"hours": 0.25, "label": "15 min"}, "geometry": {"type": "LineString", "coordinates": [[694678.391566265, 2575398.678315285], [694688.3831345623, 2575388.686746988], [694688.3831345623, 2575378.686746988], [694688.3831345623, 2575368.686746988], [694688.3831345623, 2575358.686746988], [694688.3831345623, 2575348.686746988], [694678.391566265, 2575338.6951786904], [694678.3831345624, 2575338.686746988], [694678.3831345624, 2575328.686746988], [694668.391566265, 2575318.695178691], [694668.3831345623, 2575318.686746988], [694658.391566265, 2575308.6951786904], [694658.3831345623, 2575308.686746988], [694648.391566265, 2575298.695178691], [694648.3831345624, 2575298.686746988], [694638.391566265, 2575288.695178691], [694638.3831345623, 2575288.686746988], [694628.391566265, 2575278.695556437], [694618.391566265, 2575278.6963014505], [694608.391566265, 2575278.6970463526], [694598.4017148968, 2575288.686746988], [694598.4007920051, 2575298.686746988], [694608.391566265, 2575308.678315285], [694608.3999979678, 2575308.686746988], [694618.391566265, 2575318.6783152856], [694618.3999979678, 2575318.686746988], [694628.391566265, 2575328.678315285], [694628.3999979678, 2575328.686746988], [694638.391566265, 2575338.678315285], [694638.3999979676, 2575338.686746988], [694638.3999979676, 2575348.686746988], [694648.391566265, 2575358.680217927], [694648.3980953264, 2575358.686746988], [694658.391566265, 2575368.679800985], [694658.3985122681, 2575368.686746988], [694658.3999979678, 2575378.686746988], [694668.391566265, 2575388.678315285], [694668.3999979676, 2575388.686746988], [694678.391566265, 2575398.678315285]]}}, {"type": "Feature", "properties": {"hours": 0.25, "label": "15 min"}, "geometry": {"type": "LineString", "coordinates": [[692508.391566265, 2573958.669897788], [692518.391566265, 2573958.669897788], [692528.391566265, 2573958.669897788], [692538.391566265, 2573958.669897788], [692548.3747170656, 2573948.686746988], [692548.391566265, 2573948.6698977887], [692558.391566265, 2573948.6698977887], [692568.391566265, 2573948.6698977887], [692578.3747170656, 2573938.686746988], [692578.391566265, 2573938.6698977887], [692588.391566265, 2573938.6698977887], [692598.391566265, 2573938.6698977887], [692608.3747170656, 2573928.686746988], [692608.391566265, 2573928.6698977887], [692618.3747170657, 2573918.686746988], [692618.391566265, 2573918.669897788], [692628.391566265, 2573918.669897788], [692638.3747170656, 2573908.686746988], [692638.3747170656, 2573898.686746988], [692628.391566265, 2573888.7035961873], [692618.391566265, 2573888.7035961873], [692618.3747170657, 2573888.686746988], [692618.3747170657, 2573878.686746988], [692608.391566265, 2573868.7035961873], [692598.391566265, 2573868.7035961873], [692598.3747170656, 2573868.686746988], [692588.391566265, 2573858.7035961878], [692588.3747170656, 2573858.686746988], [692588.3747170656, 2573848.686746988], [692588.3747170656, 2573838.686746988], [692578.391566265, 2573828.7035961873], [692578.3747170656, 2573828.686746988], [692568.391566265, 2573818.7035961878], [692568.3747170656, 2573818.686746988], [692568.3747170656, 2573808.686746988], [692558.391566265, 2573798.7035961873], [692558.3747170656, 2573798.686746988], [692548.391566265, 2573788.7035961873], [692548.3747170656, 2573788.686746988], [692548.3747170656, 2573778.686746988], [692538.391566265, 2573768.7035961878], [692538.3747170657, 2573768.686746988], [692528.391566265, 2573758.7035961873], [692528.3747170656, 2573758.686746988], [692518.391566265, 2573748.7035961873], [692518.3747170656, 2573748.686746988], [692508.391566265, 2573738.7035961873], [692498.391566265, 2573738.7035961873], [692488.391566265, 2573738.7035961873], [692478.391566265, 2573738.7035961873], [692478.3747170656, 2573738.686746988], [692468.391566265, 2573728.7035961878], [692458.391566265, 2573728.7035961878], [692448.391566265, 2573728.7035961878], [692438.391566265, 2573728.7035961878], [692438.3747170656, 2573728.686746988], [692428.391566265, 2573718.7035961873], [692418.4084154645, 2573728.686746988], [692418.4084154645, 2573738.686746988], [692418.4084154645, 2573748.686746988], [692418.391566265, 2573748.7035961873], [692408.4084154645, 2573758.686746988], [692418.391566265, 2573768.6698977887], [692418.4084154645, 2573768.686746988], [692418.4084154645, 2573778.686746988], [692428.391566265, 2573788.6698977887], [692428.4084154645, 2573788.686746988], [692428.4084154645, 2573798.686746988], [692438.391566265, 2573808.6698977887], [692438.4084154645, 2573808.686746988], [692448.391566265, 2573818.6698977887], [692448.4084154643, 2573818.686746988], [692448.4084154643, 2573828.686746988], [692448.4084154643, 2573838.686746988], [692448.4084154643, 2573848.686746988], [692458.391566265, 2573858.6698977887], [692458.4084154645, 2573858.686746988], [692458.4084154645, 2573868.686746988], [692458.4084154645, 2573878.686746988], [692458.4084154645, 2573888.686746988], [692458.4084154645, 2573898.686746988], [692458.4084154645, 2573908.686746988], [692468.391566265, 2573918.669897788], [692468.4084154645, 2573918.686746988], [692468.4084154645, 2573928.686746988], [692478.391566265, 2573938.6698977887], [692488.391566265, 2573938.6698977887], [692488.4084154645, 2573938.686746988], [692498.391566265, 2573948.6698977887], [692498.4084154645, 2573948.686746988], [692508.391566265, 2573958.669897788]]}}, {"type": "Feature", "properties": {"hours": 0.5, "label": "30 min"}, "geometry": {"type": "LineString", "coordinates": [[695418.391566265, 2576318.686746988], [695418.391566265, 2576318.686746988], [695408.391566265, 2576308.686746988], [695408.391566265, 2576308.686746988], [695408.391566265, 2576298.686746988], [695398.391566265, 2576288.686746988], [695398.391566265, 2576288.686746988], [695388.391566265, 2576278.686746988], [695388.391566265, 2576278.686746988], [695378.391566265, 2576268.686746988], [695378.391566265, 2576268.686746988], [695368.391566265, 2576258.686746988], [695368.391566265, 2576258.686746988], [695368.3914898688, 2576248.686746988], [695368.3911514763, 2576238.686746988], [695368.3908131067, 2576228.686746988], [695368.3908131067, 2576218.686746988], [695368.3904747599, 2576208.686746988], [695358.391566265, 2576198.6881768173], [695358.3901364361, 2576198.686746988], [695358.3897981321, 2576188.686746988], [695358.3897981321, 2576178.686746988], [695358.3897981321, 2576168.686746988], [695358.3897981321, 2576158.686746988], [695358.3897981321, 2576148.686746988], [695358.391566265, 2576148.684978855], [695368.391566265, 2576148.684978855], [695378.3896125857, 2576138.686746988], [695378.3896125857, 2576128.686746988], [695378.3896125857, 2576118.686746988], [695378.3896125857, 2576108.686746988], [695378.391566265, 2576108.6847933084], [695388.3879214871, 2576098.686746988], [695388.391566265, 2576098.68310221], [695398.391566265, 2576098.6814116803], [695408.391566265, 2576098.6797217224], [695418.3833542991, 2576088.686746988], [695418.391566265, 2576088.6785350223], [695428.3833542992, 2576078.686746988], [695428.391566265, 2576078.678535022], [695438.391566265, 2576078.6782939015], [695448.3831131787, 2576068.686746988], [695448.391566265, 2576068.6782939015], [695458.391566265, 2576068.6782939015], [695468.3831131787, 2576058.686746988], [695468.391566265, 2576058.678293902], [695478.391566265, 2576058.678293902], [695488.3831131787, 2576048.686746988], [695488.391566265, 2576048.6782939015], [695498.3831131787, 2576038.686746988], [695498.391566265, 2576038.6782939015], [695508.3831131787, 2576028.686746988], [695508.391566265, 2576028.6782939015], [695518.3828516159, 2576018.686746988], [695518.391566265, 2576018.678032339], [695528.3811628035, 2576008.686746988], [695528.391566265, 2576008.6763435267], [695538.3794745589, 2575998.686746988], [695538.391566265, 2575998.674655282], [695548.391566265, 2575998.672967611], [695558.376601791, 2575988.686746988], [695558.391566265, 2575988.671782514], [695568.376601791, 2575978.686746988], [695568.391566265, 2575978.671782514], [695578.376601791, 2575968.686746988], [695578.391566265, 2575968.671782514], [695588.391566265, 2575968.6700958107], [695598.3749150876, 2575958.686746988], [695598.391566265, 2575958.67009581], [695608.391566265, 2575958.669855097], [695618.391566265, 2575958.669855097], [695628.391566265, 2575958.669855097], [695638.3746743741, 2575948.686746988], [695638.391566265, 2575948.6698550973], [695648.391566265, 2575948.6698550973], [695658.391566265, 2575948.6698550973], [695668.391566265, 2575948.6698550973], [695678.391566265, 2575948.6698550973], [695688.391566265, 2575948.6698550973], [695698.391566265, 2575948.6698550973], [695698.4084581559, 2575948.686746988], [695708.391566265, 2575958.669855097], [695718.391566265, 2575958.669855097], [695728.391566265, 2575958.669855097], [695738.391566265, 2575958.669855097], [695748.391566265, 2575958.669855097], [695758.391566265, 2575958.669855097], [695768.391566265, 2575958.669855097], [695778.391566265, 2575958.669855097], [695788.391566265, 2575958.669855097], [695798.391566265, 2575958.669855097], [695808.391566265, 2575958.669855097], [695818.391566265, 2575958.669855097], [695828.3746743741, 2575948.686746988], [695828.391566265, 2575948.6698550973], [695838.391566265, 2575948.6698550973], [695848.391566265, 2575948.6698550973], [695858.391566265, 2575948.6698550973], [695858.4084581559, 2575948.686746988], [695868.391566265, 2575958.669593976], [695878.391566265, 2575958.6679080115], [695888.391566265, 2575958.666985086], [695898.3734900159, 2575948.686746988], [695898.391566265, 2575948.668670739], [695908.391566265, 2575948.668670739], [695918.391566265, 2575948.668670739], [695928.391566265, 2575948.668670739], [695938.391566265, 2575948.668670739], [695948.391566265, 2575948.668670739], [695958.391566265, 2575948.668670739], [695968.391566265, 2575948.668670739], [695978.391566265, 2575948.668670739], [695988.391566265, 2575948.668670739], [695998.391566265, 2575948.668670739], [696008.391566265, 2575948.668670739], [696018.391566265, 2575948.668670739], [696028.391566265, 2575948.668670739], [696038.391566265, 2575948.668670739], [696038.4096425141, 2575948.686746988], [696048.391566265, 2575958.666985086], [696058.391566265, 2575958.666985086], [696068.391566265, 2575958.666985086], [696078.391566265, 2575958.666985086], [696078.4113281666, 2575958.686746988], [696088.391566265, 2575968.662007568], [696098.391566265, 2575968.662007568], [696108.391566265, 2575968.6614305326], [696118.391566265, 2575968.6614305326], [696128.3662498094, 2575958.686746988], [696128.391566265, 2575958.661430532], [696138.3662498093, 2575948.686746988], [696138.391566265, 2575948.661430532], [696148.3662498094, 2575938.686746988], [696148.391566265, 2575938.6614305326], [696158.3662498093, 2575928.686746988], [696158.3662498093, 2575918.686746988], [696158.391566265, 2575918.661430532], [696168.3662498094, 2575908.686746988], [696168.3662498094, 2575898.686746988], [696168.391566265, 2575898.661430532], [696178.3662498093, 2575888.686746988], [696178.3662498093, 2575878.686746988], [696178.391566265, 2575878.661430532], [696188.3662498094, 2575868.686746988], [696188.3662498094, 2575858.686746988], [696188.391566265, 2575858.6614305326], [696198.3662498093, 2575848.686746988], [696198.391566265, 2575848.661430532], [696208.3662498094, 2575838.686746988], [696208.3662498094, 2575828.686746988], [696208.3662498094, 2575818.686746988], [696198.391566265, 2575808.712063444], [696198.3662498093, 2575808.686746988], [696198.3662498093, 2575798.686746988], [696198.3662498093, 2575788.686746988], [696198.3662498093, 2575778.686746988], [696188.391566265, 2575768.7122277333], [696188.3660855195, 2575768.686746988], [696178.391566265, 2575758.7139108847], [696178.3644023683, 2575758.686746988], [696168.391566265, 2575748.7123241243], [696168.3659891287, 2575748.686746988], [696158.391566265, 2575738.7132797446], [696158.3650335084, 2575738.686746988], [696148.391566265, 2575728.7139529306], [696148.3643603224, 2575728.686746988], [696148.3643603224, 2575718.686746988], [696148.3643603224, 2575708.686746988], [696148.3643603224, 2575698.686746988], [696148.391566265, 2575698.6595410453], [696158.3648652033, 2575688.686746988], [696158.391566265, 2575688.660045926], [696168.3659891287, 2575678.686746988], [696168.391566265, 2575678.661169852], [696178.3643060101, 2575668.686746988], [696178.391566265, 2575668.6594867334], [696188.3626234592, 2575658.686746988], [696188.391566265, 2575658.6578041823], [696198.3609414761, 2575648.686746988], [696198.391566265, 2575648.6561221993], [696208.3578394528, 2575638.686746988], [696208.3578394528, 2575628.686746988], [696198.391566265, 2575618.7204738], [696188.391566265, 2575618.7204738], [696178.391566265, 2575618.7204738], [696168.391566265, 2575618.7204738], [696158.391566265, 2575618.7204738], [696148.4245347009, 2575628.686746988], [696148.391566265, 2575628.719715424], [696138.391566265, 2575628.719715424], [696128.391566265, 2575628.719715424], [696118.391566265, 2575628.719715424], [696108.391566265, 2575628.719715424], [696098.391566265, 2575628.719715424], [696098.3585978291, 2575628.686746988], [696088.391566265, 2575618.7204738], [696088.3578394527, 2575618.686746988], [696078.391566265, 2575608.7204738003], [696078.3578394527, 2575608.686746988], [696078.3578394527, 2575598.686746988], [696068.391566265, 2575588.7204738003], [696058.391566265, 2575588.7204738003], [696048.391566265, 2575588.7204738003], [696038.391566265, 2575588.7204738003], [696028.391566265, 2575588.7204738003], [696028.3578394527, 2575588.686746988], [696018.391566265, 2575578.7204738003], [696008.391566265, 2575578.7204738003], [696008.3578394527, 2575578.686746988], [695998.391566265, 2575568.7204738003], [695998.3578394527, 2575568.686746988], [695988.391566265, 2575558.7204738003], [695978.391566265, 2575558.7204738003], [695978.3578394527, 2575558.686746988], [695968.391566265, 2575548.7204738003], [695958.391566265, 2575548.7193405977], [695958.3589726555, 2575548.686746988], [695948.391566265, 2575538.7179994364], [695938.391566265, 2575538.716657914], [695938.3616553391, 2575538.686746988], [695928.391566265, 2575528.7164930166], [695918.391566265, 2575528.7159495014], [695918.3623637517, 2575528.686746988], [695908.391566265, 2575518.7176878247], [695898.391566265, 2575518.717436713], [695898.3608765394, 2575518.686746988], [695888.391566265, 2575508.7195057073], [695888.3588075457, 2575508.686746988], [695878.391566265, 2575498.7204738003], [695878.3578394528, 2575498.686746988], [695868.391566265, 2575488.718087429], [695858.4232161185, 2575498.686746988], [695858.391566265, 2575498.7183968415], [695848.4252930774, 2575508.686746988], [695848.391566265, 2575508.7204738003], [695838.4248751808, 2575518.686746988], [695838.391566265, 2575518.720055904], [695828.4236658503, 2575528.686746988], [695828.4216029588, 2575538.686746988], [695828.391566265, 2575538.716783682], [695818.4203957788, 2575548.686746988], [695818.391566265, 2575548.715576502], [695808.4209609976, 2575558.686746988], [695808.391566265, 2575558.7161417203], [695798.422692937, 2575568.686746988], [695798.391566265, 2575568.71787366], [695788.391566265, 2575568.7195853624], [695778.391566265, 2575568.7204738003], [695768.4252930774, 2575578.686746988], [695768.391566265, 2575578.7204738003], [695758.391566265, 2575578.7204738003], [695748.4252930774, 2575588.686746988], [695748.391566265, 2575588.7204738003], [695738.391566265, 2575588.7204738003], [695728.4250619613, 2575598.686746988], [695728.391566265, 2575598.7202426842], [695718.4244814381, 2575608.686746988], [695718.391566265, 2575608.719662161], [695708.4239008488, 2575618.686746988], [695708.391566265, 2575618.7190815713], [695698.4233201917, 2575628.686746988], [695698.422607863, 2575638.686746988], [695698.391566265, 2575638.7177885864], [695688.4220270554, 2575648.686746988], [695688.391566265, 2575648.7172077782], [695678.421729949, 2575658.686746988], [695678.4211139625, 2575668.686746988], [695678.391566265, 2575668.7162946854], [695668.4216132774, 2575678.686746988], [695668.4216388633, 2575688.686746988], [695668.4216388633, 2575698.686746988], [695668.4216388633, 2575708.686746988], [695668.4216388633, 2575718.686746988], [695668.4216388633, 2575728.686746988], [695668.421475233, 2575738.686746988], [695668.4206758295, 2575748.686746988], [695668.419876298, 2575758.686746988], [695668.4190766382, 2575768.686746988], [695668.391566265, 2575768.7142573614], [695658.4190766383, 2575778.686746988], [695658.391566265, 2575778.714257361], [695648.4190766382, 2575788.686746988], [695648.391566265, 2575788.7142573614], [695638.391566265, 2575788.7150164586], [695628.4197823128, 2575798.686746988], [695628.391566265, 2575798.7149630357], [695618.420585379, 2575808.686746988], [695618.391566265, 2575808.715766102], [695608.4229581276, 2575818.686746988], [695608.4225097226, 2575828.686746988], [695608.4219491604, 2575838.686746988], [695608.391566265, 2575838.7171298834], [695598.391566265, 2575838.7182085034], [695588.391566265, 2575838.7182085034], [695578.391566265, 2575838.7182085034], [695568.391566265, 2575838.717618022], [695558.391566265, 2575838.718079165], [695548.391566265, 2575838.7185402657], [695538.4219267458, 2575848.686746988], [695538.391566265, 2575848.7171074688], [695528.4217223342, 2575858.686746988], [695528.391566265, 2575858.716903057], [695518.391566265, 2575858.718584631], [695508.4231995557, 2575868.686746988], [695508.391566265, 2575868.7183802784], [695498.4237080636, 2575878.686746988], [695498.391566265, 2575878.7188887866], [695488.391566265, 2575878.718956932], [695478.391566265, 2575878.718956932], [695468.391566265, 2575878.718956932], [695458.391566265, 2575878.718956932], [695458.3593563209, 2575878.686746988], [695448.391566265, 2575868.7204738003], [695438.391566265, 2575868.7204738003], [695428.391566265, 2575868.7204738003], [695418.4226921883, 2575878.686746988], [695418.391566265, 2575878.717872911], [695408.391566265, 2575878.717872911], [695398.391566265, 2575878.717872911], [695388.391566265, 2575878.7167227934], [695378.391566265, 2575878.7155724107], [695378.3627408423, 2575878.686746988], [695368.391566265, 2575868.715763679], [695368.3625495741, 2575868.686746988], [695358.391566265, 2575858.7164005428], [695358.3619127104, 2575858.686746988], [695348.391566265, 2575848.7170373253], [695348.3612759279, 2575848.686746988], [695338.391566265, 2575838.7177567175], [695338.3605565354, 2575838.686746988], [695328.391566265, 2575828.7187369545], [695328.3595762984, 2575828.686746988], [695318.391566265, 2575818.720339706], [695308.4252930772, 2575828.686746988], [695308.425067341, 2575838.686746988], [695308.391566265, 2575838.720248064], [695298.391566265, 2575838.7204738003], [695288.4249851839, 2575848.686746988], [695288.4233041435, 2575858.686746988], [695288.391566265, 2575858.7184848664], [695278.4225033224, 2575868.686746988], [695278.421190893, 2575878.686746988], [695278.391566265, 2575878.716371616], [695268.4201398441, 2575888.686746988], [695268.391566265, 2575888.715320567], [695258.391566265, 2575888.7160820155], [695248.4201000856, 2575898.686746988], [695248.391566265, 2575898.715280808], [695238.391566265, 2575898.715280808], [695228.391566265, 2575898.715280808], [695228.3630324446, 2575898.686746988], [695218.391566265, 2575888.717162859], [695208.391566265, 2575888.7151668924], [695208.363146361, 2575888.686746988], [695208.3614642015, 2575878.686746988], [695208.3597826093, 2575868.686746988], [695208.3588144546, 2575858.686746988], [695198.391566265, 2575848.7183240927], [695198.3599891602, 2575848.686746988], [695198.3599194647, 2575838.686746988], [695188.391566265, 2575828.7172188223], [695188.3610944307, 2575828.686746988], [695188.3598724719, 2575818.686746988], [695178.391566265, 2575808.718461147], [695178.3598521061, 2575808.686746988], [695168.391566265, 2575798.718485869], [695158.391566265, 2575798.7168246405], [695148.391566265, 2575798.715933598], [695138.391566265, 2575798.7182683107], [695128.391566265, 2575798.7191178114], [695118.391566265, 2575798.7199671674], [695108.391566265, 2575798.7204738003], [695098.4250694177, 2575808.686746988], [695098.391566265, 2575808.7202501404], [695088.391566265, 2575808.7202501404], [695078.391566265, 2575808.7202501404], [695068.391566265, 2575808.7201965903], [695068.3581166625, 2575808.686746988], [695068.3578394527, 2575798.686746988], [695068.3578394527, 2575788.686746988], [695068.3578394527, 2575778.686746988], [695058.391566265, 2575768.7204738003], [695058.3578394527, 2575768.686746988], [695048.391566265, 2575758.7204738003], [695038.391566265, 2575758.7204738003], [695038.3578394528, 2575758.686746988], [695028.391566265, 2575748.7204738003], [695018.391566265, 2575748.719472538], [695008.391566265, 2575748.7154762396], [694998.391566265, 2575748.7157456693], [694988.391566265, 2575748.718718439], [694978.4251849415, 2575758.686746988], [694978.425258843, 2575768.686746988], [694978.425258843, 2575778.686746988], [694978.425258843, 2575788.686746988], [694978.391566265, 2575788.7204395663], [694968.424386922, 2575798.686746988], [694968.4212103785, 2575808.686746988], [694968.391566265, 2575808.7163911015], [694958.391566265, 2575808.7163911015], [694948.391566265, 2575808.7163911015], [694938.391566265, 2575808.7159155216], [694938.3623977315, 2575808.686746988], [694928.391566265, 2575798.7163786287], [694918.391566265, 2575798.7140002707], [694908.391566265, 2575798.7116207783], [694908.3666924749, 2575798.686746988], [694908.3638496973, 2575788.686746988], [694898.391566265, 2575778.714926799], [694898.3633864541, 2575778.686746988], [694898.3619538498, 2575768.686746988], [694898.3616635858, 2575758.686746988], [694898.3605161741, 2575748.686746988], [694898.3585260597, 2575738.686746988], [694898.3578394528, 2575728.686746988], [694888.391566265, 2575718.7204738003], [694878.391566265, 2575718.7204738003], [694868.391566265, 2575718.7204738003], [694868.3578394527, 2575718.686746988], [694858.391566265, 2575708.7204738003], [694848.391566265, 2575708.7204738003], [694838.391566265, 2575708.719983797], [694838.358329456, 2575708.686746988], [694828.391566265, 2575698.7204738003], [694828.3578394527, 2575698.686746988], [694818.391566265, 2575688.7204738003], [694818.3578394527, 2575688.686746988], [694808.391566265, 2575678.7204738003], [694798.391566265, 2575678.7204738003], [694788.391566265, 2575678.7204738003], [694778.391566265, 2575678.7204738003], [694768.391566265, 2575678.7204738003], [694768.3578394527, 2575678.686746988], [694758.391566265, 2575668.7204738003], [694758.3578394528, 2575668.686746988], [694748.391566265, 2575658.7204738003], [694738.391566265, 2575658.7204738003], [694728.391566265, 2575658.7204738003], [694728.3578394527, 2575658.686746988], [694718.391566265, 2575648.7204738003], [694718.3578394528, 2575648.686746988], [694708.391566265, 2575638.7204738003], [694708.3578394527, 2575638.686746988], [694698.391566265, 2575628.7204738003], [694688.391566265, 2575628.7204738003], [694678.391566265, 2575628.7204738003], [694678.3578394527, 2575628.686746988], [694668.391566265, 2575618.7204738], [694668.3578394528, 2575618.686746988], [694668.3578394528, 2575608.686746988], [694658.391566265, 2575598.7204738003], [694648.391566265, 2575598.719469926], [694648.3588433273, 2575598.686746988], [694648.3578433731, 2575588.686746988], [694648.3578394527, 2575578.686746988], [694648.3578394527, 2575568.686746988], [694648.3578394527, 2575558.686746988], [694648.3578394527, 2575548.686746988], [694648.391566265, 2575548.6530201756], [694658.3578394527, 2575538.686746988], [694648.391566265, 2575528.7204738003], [694638.391566265, 2575528.7204738003], [694628.391566265, 2575528.7204738003], [694618.4215555218, 2575538.686746988], [694618.391566265, 2575538.716736245], [694608.391566265, 2575538.7174437125], [694598.391566265, 2575538.7181510814], [694588.4249552541, 2575548.686746988], [694588.4252787348, 2575558.686746988], [694588.4252930774, 2575568.686746988], [694588.4252930774, 2575578.686746988], [694588.4252930774, 2575588.686746988], [694588.391566265, 2575588.7204738003], [694578.391566265, 2575588.7204738003], [694568.391566265, 2575588.7204738003], [694558.391566265, 2575588.7204738003], [694548.391566265, 2575588.7204738003], [694538.391566265, 2575588.7204738003], [694528.391566265, 2575588.7204738003], [694518.391566265, 2575588.7204738003], [694518.3578394527, 2575588.686746988], [694508.391566265, 2575578.7204738003], [694498.391566265, 2575578.7204738003], [694488.391566265, 2575578.7204738003], [694488.3578394527, 2575578.686746988], [694478.391566265, 2575568.7204738003], [694478.3578394528, 2575568.686746988], [694468.391566265, 2575558.7204738003], [694468.3578394527, 2575558.686746988], [694458.391566265, 2575548.7204738003], [694458.3578394527, 2575548.686746988], [694448.391566265, 2575538.7204738003], [694448.3578394527, 2575538.686746988], [694448.3578394527, 2575528.686746988], [694438.391566265, 2575518.7204738003], [694438.3578394528, 2575518.686746988], [694428.391566265, 2575508.7204738003], [694428.3578394527, 2575508.686746988], [694418.391566265, 2575498.7204738003], [694408.391566265, 2575498.7204738003], [694398.391566265, 2575498.7204738003], [694398.3578394527, 2575498.686746988], [694388.391566265, 2575488.7204738003], [694378.391566265, 2575488.7204738003], [694368.4252930774, 2575498.686746988], [694368.391566265, 2575498.7204738003], [694358.391566265, 2575498.7204738003], [694348.391566265, 2575498.7204738003], [694338.4252930774, 2575508.686746988], [694338.391566265, 2575508.7204738003], [694328.391566265, 2575508.7204738003], [694318.4252930774, 2575518.686746988], [694318.391566265, 2575518.7204738003], [694308.391566265, 2575518.7204738003], [694298.391566265, 2575518.7204738003], [694288.391566265, 2575518.7204738003], [694278.391566265, 2575518.7204738003], [694268.391566265, 2575518.7204738003], [694268.3578394527, 2575518.686746988], [694258.391566265, 2575508.7204738003], [694248.391566265, 2575508.7204738003], [694248.3578394528, 2575508.686746988], [694238.391566265, 2575498.7204738003], [694238.3578394527, 2575498.686746988], [694228.391566265, 2575488.7204738003], [694218.391566265, 2575488.7204738003], [694208.391566265, 2575488.7204738003], [694198.391566265, 2575488.720493402], [694188.391566265, 2575488.722231411], [694178.391566265, 2575488.7239688127], [694168.391566265, 2575488.7243790645], [694158.391566265, 2575488.7243790645], [694148.391566265, 2575488.7243790645], [694138.391566265, 2575488.7243779716], [694138.3539352815, 2575488.686746988], [694128.391566265, 2575478.725637596], [694128.3526756566, 2575478.686746988], [694128.3514149835, 2575468.686746988], [694118.391566265, 2575458.7276608227], [694118.3506524302, 2575458.686746988], [694108.391566265, 2575448.7276394153], [694108.3506738379, 2575448.686746988], [694108.349443266, 2575438.686746988], [694108.349443266, 2575428.686746988], [694098.391566265, 2575418.7288699867], [694088.391566265, 2575418.7288699867], [694078.391566265, 2575418.7288699867], [694068.391566265, 2575418.7287519304], [694058.391566265, 2575418.7277578968], [694048.429096382, 2575428.686746988], [694048.391566265, 2575428.724277105], [694038.4295620627, 2575438.686746988], [694038.391566265, 2575438.7247427856], [694028.391566265, 2575438.7269525956], [694018.4336892639, 2575448.686746988], [694018.4336892639, 2575458.686746988], [694018.4336892639, 2575468.686746988], [694028.391566265, 2575478.6506733126], [694028.4276399402, 2575478.686746988], [694038.391566265, 2575488.6530201756], [694048.391566265, 2575488.6530201756], [694058.391566265, 2575488.6530201756], [694058.4252930774, 2575488.686746988], [694068.391566265, 2575498.6530201756], [694078.391566265, 2575498.6530201756], [694088.391566265, 2575498.6530201756], [694098.391566265, 2575498.6530201756], [694098.4252930772, 2575498.686746988], [694108.391566265, 2575508.6530201756], [694118.391566265, 2575508.6530201756], [694118.4252930774, 2575508.686746988], [694128.391566265, 2575518.6530201756], [694138.391566265, 2575518.6530201756], [694138.4252930774, 2575518.686746988], [694148.391566265, 2575528.6530201756], [694158.391566265, 2575528.6530201756], [694168.391566265, 2575528.6530201756], [694168.4252930774, 2575528.686746988], [694178.391566265, 2575538.6530201756], [694188.391566265, 2575538.6530201756], [694198.391566265, 2575538.6530201756], [694198.4252930774, 2575538.686746988], [694208.391566265, 2575548.6530201756], [694218.391566265, 2575548.6530201756], [694218.4252930774, 2575548.686746988], [694228.391566265, 2575558.6530201756], [694238.391566265, 2575558.6530201756], [694238.4252930772, 2575558.686746988], [694248.391566265, 2575568.6530201756], [694248.4252930774, 2575568.686746988], [694248.4252930774, 2575578.686746988], [694258.391566265, 2575588.6530201756], [694258.4252930774, 2575588.686746988], [694268.391566265, 2575598.6530201756], [694268.4252930774, 2575598.686746988], [694278.391566265, 2575608.6530201756], [694278.4252930774, 2575608.686746988], [694288.391566265, 2575618.6530201756], [694298.391566265, 2575618.6530201756], [694308.391566265, 2575618.6530201756], [694308.4252930774, 2575618.686746988], [694318.391566265, 2575628.653020176], [694318.4252930774, 2575628.686746988], [694328.391566265, 2575638.6530201756], [694338.391566265, 2575638.6530201756], [694348.391566265, 2575638.6530201756], [694358.391566265, 2575638.6530201756], [694368.391566265, 2575638.6530201756], [694378.391566265, 2575638.6530201756], [694378.4252930772, 2575638.686746988], [694378.4252930772, 2575648.686746988], [694378.4252930772, 2575658.686746988], [694378.4252930772, 2575668.686746988], [694378.4252930772, 2575678.686746988], [694378.391566265, 2575678.7204738003], [694368.4242047168, 2575688.686746988], [694368.4214949233, 2575698.686746988], [694368.4212980719, 2575708.686746988], [694368.4212980719, 2575718.686746988], [694368.4212980719, 2575728.686746988], [694368.4210739502, 2575738.686746988], [694368.420793782, 2575748.686746988], [694368.4190234841, 2575758.686746988], [694368.4168827207, 2575768.686746988], [694368.416847864, 2575778.686746988], [694368.391566265, 2575778.7120285872], [694358.391566265, 2575778.7120392164], [694348.391566265, 2575778.7120392164], [694338.391566265, 2575778.7120392164], [694338.3662740365, 2575778.686746988], [694328.391566265, 2575768.7154397625], [694328.3628734906, 2575768.686746988], [694318.391566265, 2575758.7187193525], [694318.3595939003, 2575758.686746988], [694318.3578394527, 2575748.686746988], [694308.391566265, 2575738.7204738003], [694308.3578394527, 2575738.686746988], [694298.391566265, 2575728.7204738003], [694288.4224977129, 2575738.686746988], [694288.391566265, 2575738.7176784356], [694278.391566265, 2575738.717688145], [694268.391566265, 2575738.717688145], [694258.391566265, 2575738.717688145], [694258.3606251078, 2575738.686746988], [694248.391566265, 2575728.719080879], [694248.3592323741, 2575728.686746988], [694238.391566265, 2575718.7204738003], [694228.391566265, 2575718.7204738003], [694218.391566265, 2575718.7204738003], [694208.391566265, 2575718.7204738003], [694198.4244399017, 2575728.686746988], [694198.391566265, 2575728.719620625], [694188.391566265, 2575728.7197180176], [694178.391566265, 2575728.7197180176], [694168.391566265, 2575728.7197180176], [694168.3585952352, 2575728.686746988], [694158.391566265, 2575718.7204738003], [694148.391566265, 2575718.7204738003], [694138.391566265, 2575718.7204738003], [694128.391566265, 2575718.7204738003], [694118.391566265, 2575718.7204738003], [694108.391566265, 2575718.7204738003], [694108.3578394528, 2575718.686746988], [694098.391566265, 2575708.7204738003], [694088.4208343471, 2575718.686746988], [694088.391566265, 2575718.71601507], [694078.391566265, 2575718.71601507], [694068.391566265, 2575718.71601507], [694058.391566265, 2575718.715413709], [694058.3628995438, 2575718.686746988], [694058.359628584, 2575708.686746988], [694048.391566265, 2575698.7204738003], [694048.3578394527, 2575698.686746988], [694048.3578394527, 2575688.686746988], [694038.391566265, 2575678.7204738003], [694028.391566265, 2575678.7204738003], [694018.391566265, 2575678.7204738003], [694008.391566265, 2575678.7204738003], [693998.391566265, 2575678.7204738003], [693988.4252930774, 2575688.686746988], [693988.4252930774, 2575698.686746988], [693988.4252930774, 2575708.686746988], [693988.4252930774, 2575718.686746988], [693988.4239471211, 2575728.686746988], [693988.391566265, 2575728.719127844], [693978.4225307273, 2575738.686746988], [693978.4208488589, 2575748.686746988], [693978.391566265, 2575748.7160295816], [693968.391566265, 2575748.716188626], [693958.391566265, 2575748.716188626], [693948.391566265, 2575748.716188626], [693948.3621246269, 2575748.686746988], [693948.3603898156, 2575738.686746988], [693948.358708586, 2575728.686746988], [693938.391566265, 2575718.7204738003], [693928.391566265, 2575718.7204738003], [693918.4252930772, 2575728.686746988], [693918.391566265, 2575728.7204738003], [693908.391566265, 2575728.7204738003], [693898.4252930774, 2575738.686746988], [693898.391566265, 2575738.7204738003], [693888.424774559, 2575748.686746988], [693888.391566265, 2575748.719955282], [693878.391566265, 2575748.7204320394], [693868.391566265, 2575748.7204320394], [693858.391566265, 2575748.7204320394], [693858.3578812137, 2575748.686746988], [693848.391566265, 2575738.7204738003], [693838.391566265, 2575738.7204738003], [693828.391566265, 2575738.7204738003], [693818.391566265, 2575738.7204738003], [693808.391566265, 2575738.7204738003], [693798.391566265, 2575738.7204738003], [693798.3578394527, 2575738.686746988], [693798.3578394527, 2575728.686746988], [693798.3578394527, 2575718.686746988], [693798.3578394527, 2575708.686746988], [693798.3578394527, 2575698.686746988], [693798.3578394527, 2575688.686746988], [693798.391566265, 2575688.6530201756], [693808.3578394527, 2575678.686746988], [693808.3578394527, 2575668.686746988], [693808.391566265, 2575668.6530201756], [693818.3578394527, 2575658.686746988], [693818.391566265, 2575658.6530201756], [693828.3578394528, 2575648.686746988], [693828.3578394528, 2575638.686746988], [693818.391566265, 2575628.7204738003], [693818.3578394527, 2575628.686746988], [693808.391566265, 2575618.7204738], [693808.3578394527, 2575618.686746988], [693798.391566265, 2575608.7204738003], [693798.3578394527, 2575608.686746988], [693788.391566265, 2575598.7204738003], [693788.3578394528, 2575598.686746988], [693788.3578394528, 2575588.686746988], [693788.3578394528, 2575578.686746988], [693788.3578394528, 2575568.686746988], [693788.3578394528, 2575558.686746988], [693788.3578394528, 2575548.686746988], [693788.3578394528, 2575538.686746988], [693788.3578394528, 2575528.686746988], [693788.3578394528, 2575518.686746988], [693788.3578394528, 2575508.686746988], [693788.3578394528, 2575498.686746988], [693788.3571875847, 2575488.686746988], [693778.391566265, 2575478.7234777203], [693778.3548355326, 2575478.686746988], [693768.391566265, 2575468.7288699867], [693758.391566265, 2575468.7288699867], [693748.391566265, 2575468.7288699867], [693738.391566265, 2575468.7288699867], [693728.391566265, 2575468.7288699867], [693718.391566265, 2575468.7288699867], [693708.391566265, 2575468.7288699867], [693698.391566265, 2575468.7288699867], [693688.391566265, 2575468.7288699867], [693678.391566265, 2575468.7288699867], [693678.3494432662, 2575468.686746988], [693668.391566265, 2575458.7288699867], [693658.391566265, 2575458.727451772], [693658.3508614809, 2575458.686746988], [693648.391566265, 2575448.725773189], [693638.391566265, 2575448.724094039], [693638.3542192142, 2575448.686746988], [693628.391566265, 2575438.725677058], [693628.3526361951, 2575438.686746988], [693618.391566265, 2575428.7273556734], [693618.3509575796, 2575428.686746988], [693608.391566265, 2575418.7288699867], [693608.3494432662, 2575418.686746988], [693598.391566265, 2575408.7288699867], [693588.391566265, 2575408.7288699867], [693578.4327022604, 2575418.686746988], [693578.391566265, 2575418.727882983], [693568.391566265, 2575418.727882983], [693558.391566265, 2575418.727882983], [693548.391566265, 2575418.7275227928], [693538.391566265, 2575418.726622201], [693538.3516910519, 2575418.686746988], [693528.391566265, 2575408.7288699867], [693518.391566265, 2575408.7264197953], [693508.391566265, 2575408.7264197953], [693498.4272719293, 2575418.686746988], [693498.391566265, 2575418.722452652], [693488.4252930774, 2575428.686746988], [693488.391566265, 2575428.7204738], [693478.391566265, 2575428.7204738], [693468.4252930774, 2575438.686746988], [693468.4252930774, 2575448.686746988], [693468.4252930774, 2575458.686746988], [693468.4252930774, 2575468.686746988], [693468.391566265, 2575468.7204738003], [693458.391566265, 2575468.7204738003], [693448.391566265, 2575468.7204738003], [693438.391566265, 2575468.7204738003], [693428.391566265, 2575468.7204738003], [693418.391566265, 2575468.7204738003], [693418.3578394527, 2575468.686746988], [693418.3578394527, 2575458.686746988], [693408.391566265, 2575448.7204738003], [693408.3578394528, 2575448.686746988], [693398.391566265, 2575438.7204738003], [693388.4252930774, 2575448.686746988], [693388.4252930774, 2575458.686746988], [693388.391566265, 2575458.7204738003], [693378.391566265, 2575458.7204738003], [693368.391566265, 2575458.7204738003], [693358.391566265, 2575458.7204738003], [693348.391566265, 2575458.7204738003], [693348.3578394527, 2575458.686746988], [693338.391566265, 2575448.7204738003], [693328.391566265, 2575448.7204738003], [693318.391566265, 2575448.7204738003], [693308.391566265, 2575448.7204738003], [693298.391566265, 2575448.7204738003], [693288.391566265, 2575448.7204738003], [693288.3578394527, 2575448.686746988], [693278.391566265, 2575438.7204738003], [693268.391566265, 2575438.7204738003], [693258.391566265, 2575438.7204738003], [693248.391566265, 2575438.7204738003], [693238.391566265, 2575438.7204738003], [693228.391566265, 2575438.7204738003], [693228.3578394528, 2575438.686746988], [693228.3578394528, 2575428.686746988], [693228.3578394528, 2575418.686746988], [693218.391566265, 2575408.7204738003], [693208.391566265, 2575408.7204738003], [693198.391566265, 2575408.7204738003], [693188.391566265, 2575408.7204738003], [693188.3578394527, 2575408.686746988], [693188.3578394527, 2575398.686746988], [693178.391566265, 2575388.7204738003], [693168.391566265, 2575388.7204738003], [693158.391566265, 2575388.7204738003], [693158.3578394527, 2575388.686746988], [693148.391566265, 2575378.7204738003], [693148.3578394527, 2575378.686746988], [693138.391566265, 2575368.7204738003], [693128.391566265, 2575368.7204738003], [693118.391566265, 2575368.7204738003], [693108.391566265, 2575368.7204738003], [693098.391566265, 2575368.7204738003], [693098.3578394527, 2575368.686746988], [693088.391566265, 2575358.7204738003], [693078.391566265, 2575358.7204738003], [693068.391566265, 2575358.7204738003], [693058.391566265, 2575358.7204738003], [693048.391566265, 2575358.7204738003], [693048.3578394527, 2575358.686746988], [693038.391566265, 2575348.7204738003], [693028.391566265, 2575348.7204738003], [693028.3578394527, 2575348.686746988], [693018.391566265, 2575338.7204738003], [693018.3578394527, 2575338.686746988], [693008.391566265, 2575328.7204738003], [693008.3578394527, 2575328.686746988], [692998.391566265, 2575318.7204738003], [692998.3578394527, 2575318.686746988], [692998.3578394527, 2575308.686746988], [692998.3578394527, 2575298.686746988], [692998.3578394527, 2575288.686746988], [692998.3578394527, 2575278.686746988], [692988.391566265, 2575268.7204738003], [692988.3578394528, 2575268.686746988], [692988.3578394528, 2575258.686746988], [692988.3578394528, 2575248.686746988], [692988.3578394528, 2575238.686746988], [692988.3578394528, 2575228.686746988], [692988.3578394528, 2575218.686746988], [692988.391566265, 2575218.6530201756], [692998.391566265, 2575218.6530201756], [693008.3578394527, 2575208.686746988], [693008.3578394527, 2575198.686746988], [693008.3578394527, 2575188.686746988], [693008.391566265, 2575188.6530201756], [693018.3578394527, 2575178.686746988], [693018.3578394527, 2575168.686746988], [693018.391566265, 2575168.6530201756], [693028.3576484115, 2575158.686746988], [693028.391566265, 2575158.652829135], [693038.3548036648, 2575148.686746988], [693038.3548036648, 2575138.686746988], [693038.3543789134, 2575128.686746988], [693028.391566265, 2575118.7224143236], [693028.3558989295, 2575118.686746988], [693028.3558989295, 2575108.686746988], [693028.3558989295, 2575098.686746988], [693028.3558989295, 2575088.686746988], [693018.391566265, 2575078.720734041], [693008.391566265, 2575078.7204738003], [693008.3578394527, 2575078.686746988], [692998.391566265, 2575068.720637813], [692998.3576754399, 2575068.686746988], [692998.3570032467, 2575058.686746988], [692998.3570032467, 2575048.686746988], [692998.3570032467, 2575038.686746988], [692988.391566265, 2575028.724094039], [692988.3542192142, 2575028.686746988], [692978.391566265, 2575018.7224143236], [692978.3558989295, 2575018.686746988], [692978.3558989295, 2575008.686746988], [692978.3558989295, 2574998.686746988], [692968.391566265, 2574988.720734041], [692968.3575792116, 2574988.686746988], [692968.3572973456, 2574978.686746988], [692958.391566265, 2574968.7226100755], [692948.391566265, 2574968.7226100755], [692948.3557031776, 2574968.686746988], [692948.3551992238, 2574958.686746988], [692948.3550312505, 2574948.686746988], [692948.3550312505, 2574938.686746988], [692948.3550312505, 2574928.686746988], [692938.391566265, 2574918.728869987], [692928.433689264, 2574928.686746988], [692928.391566265, 2574928.7288699867], [692918.391566265, 2574928.7288699867], [692908.391566265, 2574928.7288699867], [692898.391566265, 2574928.7288699867], [692888.4336892639, 2574938.686746988], [692888.391566265, 2574938.7288699867], [692878.433689264, 2574948.686746988], [692878.391566265, 2574948.728869987], [692868.391566265, 2574948.728869987], [692858.391566265, 2574948.728869987], [692848.4336892639, 2574958.686746988], [692848.391566265, 2574958.7288699867], [692838.391566265, 2574958.7288699867], [692828.433689264, 2574968.686746988], [692828.391566265, 2574968.7288699867], [692818.4336892639, 2574978.686746988], [692818.391566265, 2574978.728869987], [692808.433689264, 2574988.686746988], [692808.391566265, 2574988.7288699867], [692798.391566265, 2574988.7288699867], [692788.433689264, 2574998.686746988], [692788.391566265, 2574998.7288699867], [692778.391566265, 2574998.7288699867], [692768.4322948375, 2575008.686746988], [692768.391566265, 2575008.7274755607], [692758.391566265, 2575008.7275907136], [692748.4301189943, 2575018.686746988], [692748.391566265, 2575018.7252997174], [692738.4258280658, 2575028.686746988], [692738.391566265, 2575028.721008789], [692728.4252930774, 2575038.686746988], [692728.391566265, 2575038.7204738003], [692718.4252930774, 2575048.686746988], [692718.391566265, 2575048.7204738003], [692708.4252930774, 2575058.686746988], [692708.391566265, 2575058.7204738], [692698.4252930772, 2575068.686746988], [692698.391566265, 2575068.7204738003], [692688.391566265, 2575068.7204738003], [692678.391566265, 2575068.7204738003], [692668.4252930774, 2575078.686746988], [692668.391566265, 2575078.7204738003], [692658.391566265, 2575078.7204738003], [692648.4252930774, 2575088.686746988], [692648.391566265, 2575088.7204738003], [692638.4252930774, 2575098.686746988], [692638.391566265, 2575098.7204738003], [692628.4252930774, 2575108.686746988], [692628.391566265, 2575108.7204738003], [692618.391566265, 2575108.7204738003], [692608.391566265, 2575108.7204738003], [692598.391566265, 2575108.7204738003], [692598.3578394527, 2575108.686746988], [692588.391566265, 2575098.7204738003], [692588.3578394527, 2575098.686746988], [692588.3578394527, 2575088.686746988], [692588.3578394527, 2575078.686746988], [692588.3578394527, 2575068.686746988], [692588.391566265, 2575068.653020176], [692598.3578394527, 2575058.686746988], [692598.3578394527, 2575048.686746988], [692598.391566265, 2575048.6530201756], [692608.3578394527, 2575038.686746988], [692608.391566265, 2575038.6530201756], [692618.3578394528, 2575028.686746988], [692618.391566265, 2575028.6530201756], [692628.3578394527, 2575018.686746988], [692628.391566265, 2575018.6530201756], [692638.3578394527, 2575008.686746988], [692638.3578394527, 2574998.686746988], [692628.391566265, 2574988.7204738003], [692618.391566265, 2574988.7204738003], [692608.4252930772, 2574998.686746988], [692608.391566265, 2574998.7204738003], [692598.4252930774, 2575008.686746988], [692598.391566265, 2575008.7204738003], [692588.391566265, 2575008.7204738003], [692578.391566265, 2575008.7204738003], [692568.3915662651, 2575008.7204738003], [692568.3578394528, 2575008.686746988], [692558.391566265, 2574998.7204738003], [692548.391566265, 2574998.7204738003], [692548.3578394527, 2574998.686746988], [692538.391566265, 2574988.7204738003], [692528.391566265, 2574988.7204738003], [692528.3578394528, 2574988.686746988], [692528.3578394528, 2574978.686746988], [692528.3578394528, 2574968.686746988], [692528.3578394528, 2574958.686746988], [692528.391566265, 2574958.6530201756], [692538.391566265, 2574958.6530201756], [692548.3578394527, 2574948.686746988], [692548.391566265, 2574948.6530201756], [692558.3578394527, 2574938.686746988], [692558.391566265, 2574938.6530201756], [692568.3915662651, 2574938.6530201756], [692578.391566265, 2574938.6530201756], [692588.3578394527, 2574928.686746988], [692588.391566265, 2574928.6530201756], [692598.391566265, 2574928.6530201756], [692608.3578394527, 2574918.686746988], [692608.391566265, 2574918.6530201756], [692618.391566265, 2574918.6530201756], [692628.3568745209, 2574908.686746988], [692628.391566265, 2574908.652055244], [692638.391566265, 2574908.650389151], [692648.3550397055, 2574898.686746988], [692648.391566265, 2574898.6502204286], [692658.391566265, 2574898.64855495], [692668.3532055664, 2574888.686746988], [692668.391566265, 2574888.6483862894], [692678.3530369105, 2574878.686746988], [692678.391566265, 2574878.6482176334], [692688.3509108113, 2574868.686746988], [692688.3509108113, 2574858.686746988], [692688.391566265, 2574858.6460915348], [692698.3494432662, 2574848.686746988], [692698.3494432662, 2574838.686746988], [692698.391566265, 2574838.6446239892], [692708.349443266, 2574828.686746988], [692708.391566265, 2574828.6446239892], [692718.3494432662, 2574818.686746988], [692718.3494432662, 2574808.686746988], [692718.391566265, 2574808.6446239892], [692728.349443266, 2574798.686746988], [692728.391566265, 2574798.644623989], [692738.3494432662, 2574788.686746988], [692738.3494432662, 2574778.686746988], [692738.391566265, 2574778.6446239892], [692748.349443266, 2574768.686746988], [692748.391566265, 2574768.644623989], [692758.3494432662, 2574758.686746988], [692758.3494432662, 2574748.686746988], [692758.3494432662, 2574738.686746988], [692758.3494432662, 2574728.686746988], [692758.3494432662, 2574718.686746988], [692748.391566265, 2574708.7288699867], [692738.433689264, 2574718.686746988], [692738.391566265, 2574718.7288699867], [692728.391566265, 2574718.7288699867], [692718.391566265, 2574718.7288699867], [692708.4288612845, 2574728.686746988], [692708.391566265, 2574728.7240420077], [692698.4266436815, 2574738.6867469875], [692698.391566265, 2574738.7218244043], [692688.391566265, 2574738.7218244043], [692678.391566265, 2574738.7218244043], [692668.391566265, 2574738.7213340066], [692658.391566265, 2574738.7206705045], [692658.3576427484, 2574738.686746988], [692648.391566265, 2574728.721060998], [692648.3572522555, 2574728.686746988], [692648.3569398846, 2574718.686746988], [692648.3568305584, 2574708.686746988], [692648.3568305584, 2574698.686746988], [692648.35623712, 2574688.686746988], [692648.3558467372, 2574678.686746988], [692648.3558467372, 2574668.686746988], [692648.3558467372, 2574658.686746988], [692648.3558779672, 2574648.686746988], [692648.391566265, 2574648.65105869], [692658.391566265, 2574648.6487387046], [692668.3494432662, 2574638.686746988], [692668.3494432662, 2574628.686746988], [692658.391566265, 2574618.728869987], [692658.349443266, 2574618.686746988], [692658.349443266, 2574608.686746988], [692658.349443266, 2574598.686746988], [692658.349443266, 2574588.686746988], [692658.391566265, 2574588.6446239892], [692668.3494432662, 2574578.686746988], [692668.391566265, 2574578.6446239892], [692678.349443266, 2574568.686746988], [692678.391566265, 2574568.644623989], [692688.391566265, 2574568.644623989], [692698.3494432662, 2574558.686746988], [692698.391566265, 2574558.6446239892], [692708.391566265, 2574558.6446239892], [692718.3494432662, 2574548.686746988], [692718.391566265, 2574548.6446239892], [692728.391566265, 2574548.6446239892], [692738.3494432662, 2574538.686746988], [692738.391566265, 2574538.644623989], [692748.349443266, 2574528.686746988], [692738.391566265, 2574518.7288699867], [692728.391566265, 2574518.7288699867], [692718.433689264, 2574528.686746988], [692718.391566265, 2574528.728869987], [692708.391566265, 2574528.728869987], [692698.391566265, 2574528.728869987], [692698.3494432662, 2574528.686746988], [692698.3494432662, 2574518.686746988], [692698.3494432662, 2574508.686746988], [692688.391566265, 2574498.7288699867], [692688.3494432662, 2574498.686746988], [692678.391566265, 2574488.7288699867], [692678.349443266, 2574488.686746988], [692668.391566265, 2574478.728869987], [692658.391566265, 2574478.728869987], [692648.433689264, 2574488.686746988], [692648.391566265, 2574488.7288699867], [692638.391566265, 2574488.7288699867], [692628.433689264, 2574498.686746988], [692628.391566265, 2574498.7288699867], [692618.391566265, 2574498.7288699867], [692608.391566265, 2574498.7288699867], [692608.349443266, 2574498.686746988], [692598.391566265, 2574488.7288699867], [692588.391566265, 2574488.7288699867], [692588.349443266, 2574488.686746988], [692578.391566265, 2574478.728869987], [692578.3494432662, 2574478.686746988], [692578.3494432662, 2574468.686746988], [692578.3494432662, 2574458.686746988], [692578.3494432662, 2574448.686746988], [692578.3494432662, 2574438.686746988], [692578.391566265, 2574438.6446239892], [692588.349443266, 2574428.686746988], [692588.391566265, 2574428.644623989], [692598.391566265, 2574428.644623989], [692608.349443266, 2574418.686746988], [692608.391566265, 2574418.6446239892], [692618.391566265, 2574418.6446239892], [692628.391566265, 2574418.6446239892], [692638.349443266, 2574408.686746988], [692638.349443266, 2574398.686746988], [692638.391566265, 2574398.644623989], [692648.3494432662, 2574388.686746988], [692648.3494432662, 2574378.686746988], [692648.3494432662, 2574368.686746988], [692638.391566265, 2574358.7288699867], [692638.349443266, 2574358.686746988], [692628.391566265, 2574348.7288699867], [692618.391566265, 2574348.7288699867], [692618.3494432662, 2574348.686746988], [692608.391566265, 2574338.728869987], [692608.349443266, 2574338.686746988], [692598.391566265, 2574328.7288699867], [692598.3494432662, 2574328.686746988], [692598.3494432662, 2574318.686746988], [692588.391566265, 2574308.728869987], [692588.349443266, 2574308.686746988], [692588.349443266, 2574298.686746988], [692588.349443266, 2574288.686746988], [692588.391566265, 2574288.644623989], [692598.3494432662, 2574278.686746988], [692598.391566265, 2574278.6446239892], [692608.349443266, 2574268.686746988], [692608.391566265, 2574268.644623989], [692618.3494432662, 2574258.686746988], [692618.391566265, 2574258.6446239892], [692628.3494432662, 2574248.686746988], [692628.391566265, 2574248.6446239892], [692638.349443266, 2574238.686746988], [692638.391566265, 2574238.644623989], [692648.3494432662, 2574228.686746988], [692648.391566265, 2574228.6446239892], [692658.391566265, 2574228.6446239892], [692668.3494432662, 2574218.686746988], [692668.391566265, 2574218.6446239892], [692678.349443266, 2574208.686746988], [692678.349443266, 2574198.686746988], [692678.391566265, 2574198.6446239892], [692688.3494432662, 2574188.686746988], [692678.391566265, 2574178.7288699867], [692668.391566265, 2574178.7288699867], [692658.391566265, 2574178.7288699867], [692648.391566265, 2574178.7288699867], [692638.4336892639, 2574188.686746988], [692638.391566265, 2574188.7288699867], [692628.391566265, 2574188.7288699867], [692618.391566265, 2574188.7288699867], [692608.391566265, 2574188.7288699867], [692598.391566265, 2574188.7288699867], [692588.4336892639, 2574198.686746988], [692588.4336892639, 2574208.686746988], [692588.4336892639, 2574218.686746988], [692588.4336892639, 2574228.686746988], [692588.4336892639, 2574238.686746988], [692588.391566265, 2574238.7288699867], [692578.391566265, 2574238.7288699867], [692568.391566265, 2574238.7288699867], [692558.391566265, 2574238.7288699867], [692548.391566265, 2574238.7288699867], [692538.391566265, 2574238.7288699867], [692528.391566265, 2574238.7288699867], [692528.3494432662, 2574238.686746988], [692518.391566265, 2574228.728869987], [692508.391566265, 2574228.728869987], [692498.391566265, 2574228.728869987], [692488.391566265, 2574228.728869987], [692488.3494432662, 2574228.686746988], [692478.391566265, 2574218.7288699867], [692478.349443266, 2574218.686746988], [692468.391566265, 2574208.7288699867], [692468.3494432662, 2574208.686746988], [692458.391566265, 2574198.728869987], [692458.3494432662, 2574198.686746988], [692448.391566265, 2574188.7288699867], [692438.391566265, 2574188.7288699867], [692438.3494432662, 2574188.686746988], [692428.391566265, 2574178.7288699867], [692418.391566265, 2574178.7288699867], [692418.3494432662, 2574178.686746988], [692408.391566265, 2574168.728869987], [692408.349443266, 2574168.686746988], [692398.391566265, 2574158.7288699867], [692398.3494432662, 2574158.686746988], [692388.391566265, 2574148.7288699867], [692388.3494432662, 2574148.686746988], [692378.391566265, 2574138.728869987], [692378.349443266, 2574138.686746988], [692378.349443266, 2574128.686746988], [692368.391566265, 2574118.728869987], [692368.3494432662, 2574118.686746988], [692368.3494432662, 2574108.686746988], [692368.3494432662, 2574098.686746988], [692368.3494432662, 2574088.686746988], [692368.3494432662, 2574078.686746988], [692358.391566265, 2574068.7288699867], [692358.349443266, 2574068.686746988], [692358.349443266, 2574058.686746988], [692348.391566265, 2574048.7288699867], [692348.3494432662, 2574048.686746988], [692338.391566265, 2574038.7288699867], [692338.349443266, 2574038.686746988], [692338.349443266, 2574028.686746988], [692338.349443266, 2574018.686746988], [692338.349443266, 2574008.686746988], [692338.349443266, 2573998.686746988], [692328.391566265, 2573988.7288699867], [692318.391566265, 2573988.7288699867], [692318.3494432662, 2573988.686746988], [692308.391566265, 2573978.728869987], [692298.391566265, 2573978.728869987], [692288.4336892639, 2573988.686746988], [692288.391566265, 2573988.7288699867], [692278.391566265, 2573988.7288699867], [692268.391566265, 2573988.7288699867], [692258.391566265, 2573988.7288699867], [692248.391566265, 2573988.7288699867], [692238.391566265, 2573988.7288699867], [692228.391566265, 2573988.7288699867], [692218.391566265, 2573988.7288699867], [692218.349443266, 2573988.686746988], [692218.349443266, 2573978.686746988], [692218.349443266, 2573968.686746988], [692218.349443266, 2573958.686746988], [692218.391566265, 2573958.644623989], [692228.3494432662, 2573948.686746988], [692228.3494432662, 2573938.686746988], [692228.3494432662, 2573928.686746988], [692218.391566265, 2573918.728869987], [692218.349443266, 2573918.686746988], [692208.391566265, 2573908.7288699867], [692208.3494432662, 2573908.686746988], [692198.391566265, 2573898.7288699867], [692198.349443266, 2573898.686746988], [692188.391566265, 2573888.728869987], [692188.3494432662, 2573888.686746988], [692178.391566265, 2573878.7288699867], [692178.349443266, 2573878.686746988], [692168.391566265, 2573868.728869987], [692158.391566265, 2573868.728869987], [692158.3494432662, 2573868.686746988], [692148.391566265, 2573858.7288699867], [692148.349443266, 2573858.686746988], [692138.391566265, 2573848.7288699867], [692128.391566265, 2573848.7288699867], [692128.349443266, 2573848.686746988], [692118.391566265, 2573838.728869987], [692108.391566265, 2573838.728869987], [692108.349443266, 2573838.686746988], [692098.391566265, 2573828.7288699867], [692098.3494432662, 2573828.686746988], [692088.391566265, 2573818.7288699867], [692078.391566265, 2573818.7288699867], [692078.349443266, 2573818.686746988], [692068.391566265, 2573808.728869987], [692058.4336892639, 2573818.686746988], [692058.391566265, 2573818.7288699867], [692048.391566265, 2573818.7288699867], [692038.391566265, 2573818.7288699867], [692028.391566265, 2573818.7288699867], [692018.391566265, 2573818.7288699867], [692008.391566265, 2573818.7288699867], [691998.391566265, 2573818.7288699867], [691998.3494432662, 2573818.686746988], [691988.391566265, 2573808.728869987], [691988.349443266, 2573808.686746988], [691988.349443266, 2573798.686746988], [691988.349443266, 2573788.686746988], [691988.349443266, 2573778.686746988], [691988.391566265, 2573778.6446239892], [691998.391566265, 2573778.6446239892], [692008.3494432662, 2573768.686746988], [692008.3494432662, 2573758.686746988], [691998.391566265, 2573748.728869987], [691998.3494432662, 2573748.686746988], [691998.3494432662, 2573738.686746988], [691998.3494432662, 2573728.686746988], [691998.3494432662, 2573718.686746988], [691998.3494432662, 2573708.686746988], [691998.391566265, 2573708.644623989], [692008.391566265, 2573708.644623989], [692018.391566265, 2573708.644623989], [692028.391566265, 2573708.644623989], [692038.391566265, 2573708.644623989], [692038.4336892639, 2573708.686746988], [692048.391566265, 2573718.6446239892], [692058.349443266, 2573708.686746988], [692058.349443266, 2573698.686746988], [692058.349443266, 2573688.686746988], [692058.349443266, 2573678.686746988], [692058.349443266, 2573668.686746988], [692058.349443266, 2573658.686746988], [692058.391566265, 2573658.6446239892], [692068.3494432662, 2573648.686746988], [692068.391566265, 2573648.644623989], [692078.349443266, 2573638.686746988], [692078.349443266, 2573628.686746988], [692078.349443266, 2573618.686746988], [692078.349443266, 2573608.686746988], [692078.349443266, 2573598.686746988], [692078.349443266, 2573588.686746988], [692078.349443266, 2573578.686746988], [692068.391566265, 2573568.7288699867], [692068.3494432662, 2573568.686746988], [692068.3494432662, 2573558.686746988], [692068.3494432662, 2573548.686746988], [692068.3494432662, 2573538.686746988], [692058.391566265, 2573528.728869987], [692058.349443266, 2573528.686746988], [692048.391566265, 2573518.7288699867], [692038.391566265, 2573518.7288699867], [692038.349443266, 2573518.686746988], [692038.349443266, 2573508.686746988], [692028.391566265, 2573498.728869987], [692018.391566265, 2573498.728869987], [692008.391566265, 2573498.728869987], [692008.3494432662, 2573498.686746988], [691998.391566265, 2573488.7288699867], [691998.3494432662, 2573488.686746988], [691998.3494432662, 2573478.686746988], [691988.391566265, 2573468.728869987], [691988.349443266, 2573468.686746988], [691978.391566265, 2573458.7288699867], [691978.3494432662, 2573458.686746988], [691968.391566265, 2573448.728869987], [691968.349443266, 2573448.686746988], [691958.391566265, 2573438.7288699867], [691958.3494432662, 2573438.686746988], [691958.3494432662, 2573428.686746988], [691948.391566265, 2573418.728869987], [691948.349443266, 2573418.686746988], [691948.349443266, 2573408.686746988], [691948.349443266, 2573398.686746988], [691948.391566265, 2573398.644623989], [691958.391566265, 2573398.644623989], [691968.391566265, 2573398.644623989], [691978.391566265, 2573398.644623989], [691988.391566265, 2573398.644623989], [691998.391566265, 2573398.644623989], [692008.391566265, 2573398.644623989], [692008.433689264, 2573398.686746988], [692018.391566265, 2573408.6446239892], [692028.391566265, 2573408.6446239892], [692028.433689264, 2573408.686746988], [692038.391566265, 2573418.6446239892], [692048.391566265, 2573418.6446239892], [692058.391566265, 2573418.6446239892], [692068.391566265, 2573418.6446239892], [692078.391566265, 2573418.6446239892], [692088.391566265, 2573418.6446239892], [692098.391566265, 2573418.6446239892], [692108.349443266, 2573408.686746988], [692108.349443266, 2573398.686746988], [692108.349443266, 2573388.686746988], [692098.391566265, 2573378.7288699867], [692098.3494432662, 2573378.686746988], [692098.3494432662, 2573368.686746988], [692088.391566265, 2573358.728869987], [692088.3494432662, 2573358.686746988], [692088.3494432662, 2573348.686746988], [692088.3494432662, 2573338.686746988], [692078.391566265, 2573328.7288699867], [692078.349443266, 2573328.686746988], [692068.391566265, 2573318.7288699867], [692068.3494432662, 2573318.686746988], [692058.391566265, 2573308.728869987], [692048.391566265, 2573308.728869987], [692048.3494432662, 2573308.686746988], [692038.391566265, 2573298.7288699867], [692028.391566265, 2573298.7288699867], [692028.3494432662, 2573298.686746988], [692018.391566265, 2573288.7288699867], [692008.391566265, 2573288.7288699867], [691998.391566265, 2573288.7288699867], [691988.391566265, 2573288.7288699867], [691988.349443266, 2573288.686746988], [691978.391566265, 2573278.728869987], [691968.391566265, 2573278.728869987], [691968.349443266, 2573278.686746988], [691958.391566265, 2573268.7288699867], [691948.391566265, 2573268.7288699867], [691948.349443266, 2573268.686746988], [691938.391566265, 2573258.7288699867], [691928.391566265, 2573258.7288699867], [691928.3494432662, 2573258.686746988], [691918.391566265, 2573248.728869987], [691908.391566265, 2573248.728869987], [691898.391566265, 2573248.728869987], [691898.349443266, 2573248.686746988], [691888.391566265, 2573238.7288699867], [691878.391566265, 2573238.7288699867], [691868.391566265, 2573238.7288699867], [691868.3494432662, 2573238.686746988], [691858.391566265, 2573228.7288699867], [691858.3494432662, 2573228.686746988], [691848.391566265, 2573218.728869987], [691838.391566265, 2573218.728869987], [691838.3494432662, 2573218.686746988], [691828.391566265, 2573208.7288699867], [691818.391566265, 2573208.7288699867], [691808.391566265, 2573208.7288699867], [691798.391566265, 2573208.7288699867], [691788.391566265, 2573208.7288699867], [691778.391566265, 2573208.7288699867], [691768.391566265, 2573208.7288699867], [691758.391566265, 2573208.7288699867], [691758.349443266, 2573208.686746988], [691748.391566265, 2573198.728869987], [691748.3494432662, 2573198.686746988], [691748.3494432662, 2573188.686746988], [691748.3494432662, 2573178.686746988], [691738.391566265, 2573168.728869987], [691738.349443266, 2573168.686746988], [691728.391566265, 2573158.7288699867], [691728.3494432662, 2573158.686746988], [691718.391566265, 2573148.7288699867], [691708.391566265, 2573148.7288699867], [691698.391566265, 2573148.7288699867], [691698.3494432662, 2573148.686746988], [691688.391566265, 2573138.728869987], [691678.391566265, 2573138.728869987], [691668.391566265, 2573138.728869987], [691668.349443266, 2573138.686746988], [691658.391566265, 2573128.7288699867], [691648.391566265, 2573128.7288699867], [691638.391566265, 2573128.7288699867], [691638.3494432662, 2573128.686746988], [691628.391566265, 2573118.7288699867], [691618.391566265, 2573118.7288699867], [691608.391566265, 2573118.7288699867], [691598.391566265, 2573118.7288699867], [691588.391566265, 2573118.7288699867], [691578.391566265, 2573118.7288699867], [691578.349443266, 2573118.686746988], [691578.349443266, 2573108.686746988], [691578.349443266, 2573098.686746988], [691578.349443266, 2573088.686746988], [691578.391566265, 2573088.644623989], [691588.3494432662, 2573078.686746988], [691588.3494432662, 2573068.686746988], [691588.3494432662, 2573058.686746988], [691588.3494432662, 2573048.686746988], [691588.3494432662, 2573038.686746988], [691588.391566265, 2573038.644623989], [691598.349443266, 2573028.686746988], [691598.349443266, 2573018.686746988], [691598.349443266, 2573008.686746988], [691598.349443266, 2572998.686746988], [691598.391566265, 2572998.6446239892], [691608.3494432662, 2572988.686746988], [691608.3494432662, 2572978.686746988], [691608.391566265, 2572978.644623989], [691618.349443266, 2572968.686746988], [691618.349443266, 2572958.686746988], [691618.349443266, 2572948.686746988], [691618.349443266, 2572938.686746988], [691618.349443266, 2572928.686746988], [691618.349443266, 2572918.686746988], [691618.349443266, 2572908.686746988], [691618.391566265, 2572908.6446239892], [691628.3494432662, 2572898.686746988], [691628.3494432662, 2572888.686746988], [691628.3494432662, 2572878.686746988], [691628.3494432662, 2572868.686746988], [691628.391566265, 2572868.644623989], [691638.391566265, 2572868.644623989], [691648.391566265, 2572868.644623989], [691658.391566265, 2572868.644623989], [691658.433689264, 2572868.686746988], [691668.391566265, 2572878.6446239892], [691668.4336892639, 2572878.686746988], [691678.391566265, 2572888.6446239892], [691688.391566265, 2572888.6446239892], [691688.4336892639, 2572888.686746988], [691698.391566265, 2572898.644623989], [691708.391566265, 2572898.644623989], [691708.433689264, 2572898.686746988], [691718.391566265, 2572908.6446239892], [691728.391566265, 2572908.6446239892], [691738.391566265, 2572908.6446239892], [691738.4336892639, 2572908.686746988], [691748.391566265, 2572918.6446239892], [691758.391566265, 2572918.6446239892], [691768.3494432662, 2572908.686746988], [691768.391566265, 2572908.6446239892], [691778.391566265, 2572908.6446239892], [691788.391566265, 2572908.6446239892], [691798.391566265, 2572908.6446239892], [691808.391566265, 2572908.6446239892], [691808.4336892639, 2572908.686746988], [691818.391566265, 2572918.6446239892], [691828.391566265, 2572918.6446239892], [691838.391566265, 2572918.6446239892], [691838.433689264, 2572918.686746988], [691848.391566265, 2572928.644623989], [691858.391566265, 2572928.644623989], [691868.391566265, 2572928.644623989], [691878.391566265, 2572928.644623989], [691878.4336892639, 2572928.686746988], [691888.391566265, 2572938.6446239892], [691898.391566265, 2572938.6446239892], [691898.4336892639, 2572938.686746988], [691908.391566265, 2572948.644623989], [691918.391566265, 2572948.644623989], [691918.4336892639, 2572948.686746988], [691928.391566265, 2572958.6446239892], [691928.4336892639, 2572958.686746988], [691938.391566265, 2572968.6446239892], [691948.391566265, 2572968.6446239892], [691948.4336892639, 2572968.686746988], [691958.391566265, 2572978.644623989], [691968.391566265, 2572978.644623989], [691968.4336892639, 2572978.686746988], [691978.391566265, 2572988.6446239892], [691988.391566265, 2572988.6446239892], [691998.391566265, 2572988.6446239892], [692008.391566265, 2572988.6446239892], [692008.433689264, 2572988.686746988], [692018.391566265, 2572998.6446239892], [692028.391566265, 2572998.6446239892], [692028.433689264, 2572998.686746988], [692038.391566265, 2573008.644623989], [692048.391566265, 2573008.644623989], [692058.391566265, 2573008.644623989], [692058.4336892639, 2573008.686746988], [692068.391566265, 2573018.6446239892], [692078.391566265, 2573018.6446239892], [692078.4336892639, 2573018.686746988], [692088.391566265, 2573028.6446239892], [692098.391566265, 2573028.6446239892], [692108.391566265, 2573028.6446239892], [692108.4336892639, 2573028.686746988], [692118.391566265, 2573038.644623989], [692128.391566265, 2573038.644623989], [692138.391566265, 2573038.644623989], [692138.433689264, 2573038.686746988], [692148.391566265, 2573048.6446239892], [692158.391566265, 2573048.6446239892], [692158.4336892639, 2573048.686746988], [692168.391566265, 2573058.6446239892], [692178.391566265, 2573058.6446239892], [692178.4336892639, 2573058.686746988], [692188.391566265, 2573068.644623989], [692198.349443266, 2573058.686746988], [692198.391566265, 2573058.6446239892], [692208.3494432662, 2573048.686746988], [692208.391566265, 2573048.6446239892], [692218.349443266, 2573038.686746988], [692218.391566265, 2573038.644623989], [692228.3494432662, 2573028.686746988], [692228.3494432662, 2573018.686746988], [692228.391566265, 2573018.6446239892], [692238.3494432662, 2573008.686746988], [692238.3494432662, 2572998.686746988], [692238.3494432662, 2572988.686746988], [692238.3494432662, 2572978.686746988], [692238.391566265, 2572978.644623989], [692248.349443266, 2572968.686746988], [692248.349443266, 2572958.686746988], [692248.391566265, 2572958.6446239892], [692258.3494432662, 2572948.686746988], [692258.3494913869, 2572938.686746988], [692258.391566265, 2572938.6446721097], [692268.391566265, 2572938.6446721097], [692278.391566265, 2572938.6446721097], [692288.391566265, 2572938.6446778956], [692298.391566265, 2572938.6447556987], [692298.4335575543, 2572938.686746988], [692308.391566265, 2572948.644623989], [692308.4336892639, 2572948.686746988], [692308.4336892639, 2572958.686746988], [692308.4336892639, 2572968.686746988], [692308.4336892639, 2572978.686746988], [692308.4336892639, 2572988.686746988], [692308.4336892639, 2572998.686746988], [692318.391566265, 2573008.644623989], [692318.4336892639, 2573008.686746988], [692318.4336892639, 2573018.686746988], [692318.4336892639, 2573028.686746988], [692318.4336892639, 2573038.686746988], [692328.391566265, 2573048.6446239892], [692328.433689264, 2573048.686746988], [692328.433689264, 2573058.686746988], [692328.433689264, 2573068.686746988], [692338.391566265, 2573078.6446239892], [692338.4336892639, 2573078.686746988], [692348.391566265, 2573088.644623989], [692358.391566265, 2573088.644623989], [692358.4336892639, 2573088.686746988], [692368.391566265, 2573098.6446239892], [692378.391566265, 2573098.6446239892], [692378.4336892639, 2573098.686746988], [692388.391566265, 2573108.6446239892], [692388.4336892639, 2573108.686746988], [692398.391566265, 2573118.644623989], [692408.391566265, 2573118.644623989], [692408.4336892639, 2573118.686746988], [692418.391566265, 2573128.6446239892], [692428.391566265, 2573128.6446239892], [692428.4336892639, 2573128.686746988], [692438.391566265, 2573138.6446239892], [692448.391566265, 2573138.6446239892], [692448.4336892639, 2573138.686746988], [692458.391566265, 2573148.644623989], [692468.391566265, 2573148.644623989], [692468.433689264, 2573148.686746988], [692478.391566265, 2573158.6446239892], [692488.391566265, 2573158.6446239892], [692488.433689264, 2573158.686746988], [692498.391566265, 2573168.6446239892], [692498.4336892639, 2573168.686746988], [692508.391566265, 2573178.644623989], [692518.391566265, 2573178.644623989], [692518.4336892639, 2573178.686746988], [692528.391566265, 2573188.6446239892], [692538.391566265, 2573188.6446239892], [692538.4336892639, 2573188.686746988], [692548.391566265, 2573198.6446239892], [692558.391566265, 2573198.6446239892], [692558.433689264, 2573198.686746988], [692568.391566265, 2573208.644623989], [692578.391566265, 2573208.644623989], [692578.433689264, 2573208.686746988], [692588.391566265, 2573218.6446239892], [692598.391566265, 2573218.6446239892], [692598.433689264, 2573218.686746988], [692608.391566265, 2573228.644623989], [692618.391566265, 2573228.644623989], [692618.4336892639, 2573228.686746988], [692628.391566265, 2573238.6446239892], [692638.391566265, 2573238.6446239892], [692638.4336892639, 2573238.686746988], [692648.391566265, 2573248.6446239892], [692648.433689264, 2573248.686746988], [692658.391566265, 2573258.644623989], [692658.4336892639, 2573258.686746988], [692668.391566265, 2573268.6446239892], [692678.391566265, 2573268.6446239892], [692678.4336892639, 2573268.686746988], [692688.391566265, 2573278.6446239892], [692688.4336892639, 2573278.686746988], [692698.391566265, 2573288.644623989], [692698.433689264, 2573288.686746988], [692708.391566265, 2573298.6446239892], [692718.391566265, 2573298.6446239892], [692718.433689264, 2573298.686746988], [692728.391566265, 2573308.6446239892], [692728.4336892639, 2573308.686746988], [692738.391566265, 2573318.644623989], [692738.433689264, 2573318.686746988], [692748.391566265, 2573328.6446239892], [692748.4336892639, 2573328.686746988], [692758.391566265, 2573338.6446239892], [692768.391566265, 2573338.6446239892], [692768.4336892639, 2573338.686746988], [692778.391566265, 2573348.644623989], [692778.4336892639, 2573348.686746988], [692788.391566265, 2573358.6446239892], [692788.433689264, 2573358.686746988], [692798.391566265, 2573368.644623989], [692808.391566265, 2573368.644623989], [692808.433689264, 2573368.686746988], [692818.391566265, 2573378.6446239892], [692818.4336892639, 2573378.686746988], [692828.391566265, 2573388.6446239892], [692828.433689264, 2573388.686746988], [692838.391566265, 2573398.644623989], [692838.4336892639, 2573398.686746988], [692848.391566265, 2573408.6446239892], [692848.4336892639, 2573408.686746988], [692858.391566265, 2573418.6446239892], [692858.433689264, 2573418.686746988], [692868.391566265, 2573428.644623989], [692868.4336892639, 2573428.686746988], [692878.391566265, 2573438.6446239892], [692878.433689264, 2573438.686746988], [692888.391566265, 2573448.6446239892], [692888.4336892639, 2573448.686746988], [692898.391566265, 2573458.644623989], [692898.433689264, 2573458.686746988], [692908.391566265, 2573468.6446239892], [692908.4336892639, 2573468.686746988], [692918.391566265, 2573478.644623989], [692918.4336892639, 2573478.686746988], [692928.391566265, 2573488.6446239892], [692928.433689264, 2573488.686746988], [692928.433689264, 2573498.686746988], [692938.391566265, 2573508.644623989], [692938.4336892639, 2573508.686746988], [692948.391566265, 2573518.6446239892], [692948.433689264, 2573518.686746988], [692948.433689264, 2573528.686746988], [692958.391566265, 2573538.644623989], [692958.4336892639, 2573538.686746988], [692968.391566265, 2573548.6446239892], [692968.433689264, 2573548.686746988], [692978.391566265, 2573558.6446239892], [692978.4336892639, 2573558.686746988], [692988.391566265, 2573568.644623989], [692988.433689264, 2573568.686746988], [692998.391566265, 2573578.6446239892], [692998.4336892639, 2573578.686746988], [693008.391566265, 2573588.6446239892], [693008.4336892639, 2573588.686746988], [693018.391566265, 2573598.644623989], [693018.433689264, 2573598.686746988], [693028.391566265, 2573608.6446239892], [693028.4336892639, 2573608.686746988], [693028.4336892639, 2573618.686746988], [693038.391566265, 2573628.6446239892], [693038.433689264, 2573628.686746988], [693038.433689264, 2573638.686746988], [693048.391566265, 2573648.644623989], [693048.4336892639, 2573648.686746988], [693058.391566265, 2573658.6446239892], [693068.391566265, 2573658.6446239892], [693078.391566265, 2573658.6446239892], [693088.3494432662, 2573648.686746988], [693088.391566265, 2573648.644623989], [693098.349443266, 2573638.686746988], [693098.349443266, 2573628.686746988], [693098.349443266, 2573618.686746988], [693098.349443266, 2573608.686746988], [693098.391566265, 2573608.6446239892], [693108.391566265, 2573608.6446239892], [693118.391566265, 2573608.6446239892], [693128.391566265, 2573608.6446239892], [693138.349443266, 2573598.686746988], [693128.391566265, 2573588.728869987], [693128.3494432662, 2573588.686746988], [693128.3494432662, 2573578.686746988], [693128.3494432662, 2573568.686746988], [693118.391566265, 2573558.728869987], [693118.349443266, 2573558.686746988], [693118.349443266, 2573548.686746988], [693108.391566265, 2573538.7288699867], [693108.3494432662, 2573538.686746988], [693108.3494432662, 2573528.686746988], [693108.3494432662, 2573518.686746988], [693108.3494432662, 2573508.686746988], [693108.391566265, 2573508.644623989], [693118.391566265, 2573508.644623989], [693128.391566265, 2573508.644623989], [693138.391566265, 2573508.644623989], [693148.391566265, 2573508.644623989], [693158.391566265, 2573508.644623989], [693168.391566265, 2573508.644623989], [693178.391566265, 2573508.644623989], [693188.391566265, 2573508.644623989], [693198.3494432662, 2573498.686746988], [693198.391566265, 2573498.6446239892], [693208.349443266, 2573488.686746988], [693208.349443266, 2573478.686746988], [693208.349443266, 2573468.686746988], [693208.391566265, 2573468.6446239892], [693218.391566265, 2573468.6446239892], [693228.349443266, 2573458.686746988], [693228.3915662649, 2573458.644623989], [693238.391566265, 2573458.644623989], [693248.391566265, 2573458.644623989], [693258.391566265, 2573458.644623989], [693268.3494432662, 2573448.686746988], [693268.391566265, 2573448.6446239892], [693278.391566265, 2573448.6446239892], [693288.3494432662, 2573438.686746988], [693288.3494432662, 2573428.686746988], [693288.3530118838, 2573418.686746988], [693288.391566265, 2573418.6481926064], [693298.3546129983, 2573408.686746988], [693298.391566265, 2573408.6497937213], [693308.3544510753, 2573398.686746988], [693298.391566265, 2573388.7232470457], [693288.391566265, 2573388.72133683], [693278.391566265, 2573388.723201834], [693268.391566265, 2573388.723201834], [693258.391566265, 2573388.723201834], [693248.391566265, 2573388.7227497227], [693248.3555635302, 2573388.686746988], [693238.391566265, 2573378.7252498525], [693228.391566265, 2573378.7244681716], [693218.391566265, 2573378.7233912554], [693218.3549219976, 2573378.686746988], [693208.391566265, 2573368.7242345545], [693198.391566265, 2573368.722088817], [693188.391566265, 2573368.72053747], [693178.391566265, 2573368.7205033447], [693178.3578099082, 2573368.686746988], [693178.3578099082, 2573358.686746988], [693168.391566265, 2573348.7204738003], [693158.391566265, 2573348.7204738003], [693158.3578394527, 2573348.686746988], [693148.391566265, 2573338.720431835], [693138.391566265, 2573338.7170221065], [693138.3612911464, 2573338.686746988], [693128.391566265, 2573328.7200762914], [693118.391566265, 2573328.7204738003], [693108.391566265, 2573328.7204738003], [693098.391566265, 2573328.7204738003], [693088.4252930774, 2573338.686746988], [693088.391566265, 2573338.7204738003], [693078.391566265, 2573338.7204738003], [693068.391566265, 2573338.7204738003], [693058.391566265, 2573338.7204738003], [693048.391566265, 2573338.7204738003], [693038.391566265, 2573338.7197981896], [693028.391566265, 2573338.7186217294], [693028.3596915234, 2573338.686746988], [693028.3578394527, 2573328.686746988], [693028.3578394527, 2573318.686746988], [693018.391566265, 2573308.7204738003], [693018.3578394527, 2573308.686746988], [693018.3578394527, 2573298.686746988], [693008.391566265, 2573288.7206480233], [693008.3576652298, 2573288.686746988], [693008.3576652298, 2573278.686746988], [693008.3576652298, 2573268.686746988], [693008.391566265, 2573268.6528459527], [693018.3577099825, 2573258.686746988], [693018.3578394527, 2573248.686746988], [693018.357689827, 2573238.686746988], [693018.3576226021, 2573228.686746988], [693018.3576226021, 2573218.686746988], [693018.3576226021, 2573208.686746988], [693018.3576226021, 2573198.686746988], [693018.391566265, 2573198.6528033256], [693028.391566265, 2573198.6528033256], [693038.391566265, 2573198.6528033256], [693048.391566265, 2573198.6530201756], [693058.391566265, 2573198.6530201756], [693058.4252930774, 2573198.686746988], [693068.391566265, 2573208.653020176], [693068.4252930774, 2573208.686746988], [693068.4252930774, 2573218.686746988], [693078.391566265, 2573228.6530201756], [693078.4252930772, 2573228.686746988], [693088.391566265, 2573238.6530201756], [693088.4252930774, 2573238.686746988], [693098.391566265, 2573248.6530201756], [693108.391566265, 2573248.6530201756], [693118.391566265, 2573248.6530201756], [693128.391566265, 2573248.6530201756], [693138.391566265, 2573248.6530201756], [693148.391566265, 2573248.6530201756], [693158.391566265, 2573248.6530201756], [693168.391566265, 2573248.6530201756], [693178.391566265, 2573248.6530201756], [693188.3578394527, 2573238.686746988], [693188.391566265, 2573238.6530201756], [693198.391566265, 2573238.6530201756], [693208.391566265, 2573238.6530201756], [693218.3578394527, 2573228.686746988], [693218.391566265, 2573228.6530201756], [693228.391566265, 2573228.6530201756], [693238.391566265, 2573228.6530201756], [693248.391566265, 2573228.6530201756], [693258.391566265, 2573228.652280439], [693268.391566265, 2573228.649585564], [693278.3497610877, 2573218.686746988], [693278.391566265, 2573218.6449418105], [693288.391566265, 2573218.6446239892], [693298.391566265, 2573218.6446239892], [693308.3494432662, 2573208.686746988], [693298.391566265, 2573198.7261088537], [693298.3522043994, 2573198.686746988], [693288.391566265, 2573188.723467054], [693278.391566265, 2573188.7204738003], [693278.3578394527, 2573188.686746988], [693268.391566265, 2573178.7204738003], [693258.391566265, 2573178.7204738003], [693258.3578394527, 2573178.686746988], [693258.3578394527, 2573168.686746988], [693258.3578394527, 2573158.686746988], [693258.3578394527, 2573148.686746988], [693258.3578394527, 2573138.686746988], [693258.391566265, 2573138.6530201756], [693268.3578394528, 2573128.686746988], [693268.3578394528, 2573118.686746988], [693268.3578394528, 2573108.686746988], [693268.3578394528, 2573098.686746988], [693258.391566265, 2573088.7204738003], [693258.3578394527, 2573088.686746988], [693258.3578394527, 2573078.686746988], [693248.391566265, 2573068.7204738003], [693248.3578394527, 2573068.686746988], [693248.3578394527, 2573058.686746988], [693238.391566265, 2573048.7204738003], [693238.3578394527, 2573048.686746988], [693238.3578394527, 2573038.686746988], [693238.3578394527, 2573028.686746988], [693228.391566265, 2573018.7204738003], [693228.3578394528, 2573018.686746988], [693228.3578394528, 2573008.686746988], [693218.391566265, 2572998.7204738003], [693218.3578394527, 2572998.686746988], [693208.391566265, 2572988.7204738003], [693198.391566265, 2572988.7204738003], [693198.3578394527, 2572988.686746988], [693188.391566265, 2572978.7204738003], [693188.3578394527, 2572978.686746988], [693188.3578394527, 2572968.686746988], [693188.3578394527, 2572958.686746988], [693188.3578394527, 2572948.686746988], [693188.3578394527, 2572938.686746988], [693178.391566265, 2572928.7204738003], [693178.3578394528, 2572928.686746988], [693178.3578394528, 2572918.686746988], [693178.3578394528, 2572908.686746988], [693178.3578394528, 2572898.686746988], [693168.391566265, 2572888.7204738003], [693168.3578394527, 2572888.686746988], [693168.3578394527, 2572878.686746988], [693158.391566265, 2572868.7204738003], [693158.3578394527, 2572868.686746988], [693148.391566265, 2572858.7204738003], [693148.3578394527, 2572858.686746988], [693138.391566265, 2572848.7204738003], [693138.3578394527, 2572848.686746988], [693138.3578394527, 2572838.686746988], [693128.391566265, 2572828.7204738], [693128.3578394528, 2572828.686746988], [693128.3578394528, 2572818.686746988], [693118.391566265, 2572808.7204738003], [693118.3578394527, 2572808.686746988], [693108.391566265, 2572798.7204738003], [693108.3578394527, 2572798.686746988], [693108.3578394527, 2572788.686746988], [693098.391566265, 2572778.7204738003], [693098.3578394527, 2572778.686746988], [693088.391566265, 2572768.7204738003], [693088.3578394528, 2572768.686746988], [693078.391566265, 2572758.7204738003], [693078.3578394527, 2572758.686746988], [693068.391566265, 2572748.7180127455], [693068.3603005075, 2572748.686746988], [693068.3603005075, 2572738.686746988], [693058.391566265, 2572728.712081569], [693058.3662316842, 2572728.686746988], [693058.366168831, 2572718.686746988], [693048.391566265, 2572708.712159401], [693048.366153852, 2572708.686746988], [693048.366153852, 2572698.686746988], [693048.366153852, 2572688.686746988], [693048.391566265, 2572688.661334575], [693058.3666958769, 2572678.686746988], [693058.391566265, 2572678.6618766], [693068.391566265, 2572678.6617253325], [693078.391566265, 2572678.661604321], [693088.391566265, 2572678.661604321], [693098.391566265, 2572678.661604321], [693098.416708932, 2572678.686746988], [693108.391566265, 2572688.661430532], [693108.4168827207, 2572688.686746988], [693118.391566265, 2572698.660582171], [693118.4177310821, 2572698.686746988], [693128.391566265, 2572708.656164076], [693128.4221491768, 2572708.686746988], [693138.391566265, 2572718.6530201756], [693148.391566265, 2572718.6530201756], [693148.4252930774, 2572718.686746988], [693148.4252930774, 2572728.686746988], [693158.391566265, 2572738.6530201756], [693168.391566265, 2572738.6537553333], [693168.4245579198, 2572738.686746988], [693178.391566265, 2572748.6530201756], [693178.4252930774, 2572748.686746988], [693188.391566265, 2572758.6530201756], [693188.4252930774, 2572758.686746988], [693188.4252930774, 2572768.686746988], [693198.391566265, 2572778.6530201756], [693198.4252930774, 2572778.686746988], [693198.4252930774, 2572788.686746988], [693208.391566265, 2572798.6530201756], [693218.391566265, 2572798.6530201756], [693218.4252930772, 2572798.686746988], [693228.391566265, 2572808.6530201756], [693228.4252930774, 2572808.686746988], [693238.391566265, 2572818.6530201756], [693238.4252930774, 2572818.686746988], [693248.391566265, 2572828.6530201756], [693248.4252930774, 2572828.686746988], [693258.391566265, 2572838.653020176], [693258.4252930772, 2572838.686746988], [693268.391566265, 2572848.6530201756], [693268.4252930774, 2572848.686746988], [693278.391566265, 2572858.6530201756], [693278.4252930774, 2572858.686746988], [693288.391566265, 2572868.6530201756], [693288.4252930774, 2572868.686746988], [693288.4252930774, 2572878.686746988], [693298.391566265, 2572888.6530201756], [693298.4252930774, 2572888.686746988], [693298.4252930774, 2572898.686746988], [693308.391566265, 2572908.6530201756], [693318.391566265, 2572908.6530201756], [693318.4252930774, 2572908.686746988], [693318.4252930774, 2572918.686746988], [693328.391566265, 2572928.6530201756], [693328.4252930774, 2572928.686746988], [693338.391566265, 2572938.6530201756], [693348.391566265, 2572938.6530201756], [693348.4252930774, 2572938.686746988], [693358.391566265, 2572948.6530201756], [693368.391566265, 2572948.6530201756], [693368.4252930774, 2572948.686746988], [693378.391566265, 2572958.654912234], [693378.4234010191, 2572958.686746988], [693378.4241978438, 2572968.686746988], [693378.4248352122, 2572978.686746988], [693378.4248352122, 2572988.686746988], [693378.4252930774, 2572998.686746988], [693378.4252930774, 2573008.686746988], [693388.391566265, 2573018.653020176], [693388.4252930774, 2573018.686746988], [693388.4252930774, 2573028.686746988], [693398.391566265, 2573038.6530201756], [693398.4252930772, 2573038.686746988], [693398.4252930772, 2573048.686746988], [693408.391566265, 2573058.6530201756], [693408.4252930774, 2573058.686746988], [693418.391566265, 2573068.6530201756], [693418.4252930774, 2573068.686746988], [693418.4252930774, 2573078.686746988], [693428.391566265, 2573088.6530201756], [693428.4252930774, 2573088.686746988], [693438.391566265, 2573098.651789143], [693438.4265241099, 2573098.686746988], [693438.4282386104, 2573108.686746988], [693448.391566265, 2573118.6480851076], [693448.4302281452, 2573118.686746988], [693458.391566265, 2573128.6453822614], [693458.4329309915, 2573128.686746988], [693468.391566265, 2573138.6446239892], [693468.4336892639, 2573138.686746988], [693478.391566265, 2573148.644623989], [693478.433689264, 2573148.686746988], [693478.433689264, 2573158.686746988], [693488.391566265, 2573168.6446239892], [693488.4336892639, 2573168.686746988], [693498.391566265, 2573178.644623989], [693508.391566265, 2573178.644623989], [693508.4336892639, 2573178.686746988], [693508.4336892639, 2573188.686746988], [693518.391566265, 2573198.6446239892], [693518.433689264, 2573198.686746988], [693528.391566265, 2573208.644623989], [693528.4336892639, 2573208.686746988], [693528.4336892639, 2573218.686746988], [693528.4336892639, 2573228.686746988], [693538.391566265, 2573238.6446239892], [693538.4336892639, 2573238.686746988], [693538.4336892639, 2573248.686746988], [693548.391566265, 2573258.644623989], [693548.433689264, 2573258.686746988], [693548.433689264, 2573268.686746988], [693558.391566265, 2573278.6446239892], [693558.4336892639, 2573278.686746988], [693558.4336892639, 2573288.686746988], [693568.391566265, 2573298.6446239892], [693568.433689264, 2573298.686746988], [693578.391566265, 2573308.6446239892], [693578.4336892639, 2573308.686746988], [693588.391566265, 2573318.644623989], [693588.433689264, 2573318.686746988], [693588.433689264, 2573328.686746988], [693598.391566265, 2573338.6446239892], [693598.4336892639, 2573338.686746988], [693608.391566265, 2573348.6451675007], [693608.4331457523, 2573348.686746988], [693618.391566265, 2573358.6485246434], [693618.4297886097, 2573358.686746988], [693628.391566265, 2573368.6494159973], [693628.4288972554, 2573368.686746988], [693638.391566265, 2573378.65000993], [693638.4283033226, 2573378.686746988], [693648.391566265, 2573388.6506039323], [693648.4277093206, 2573388.686746988], [693658.391566265, 2573398.6469586054], [693668.391566265, 2573398.6469586054], [693668.4313546475, 2573398.686746988], [693668.4336892639, 2573408.686746988], [693678.391566265, 2573418.6446239892], [693678.4336892639, 2573418.686746988], [693678.4336892639, 2573428.686746988], [693678.4336892639, 2573438.686746988], [693688.391566265, 2573448.647122443], [693688.4311908099, 2573448.686746988], [693688.4311908099, 2573458.686746988], [693688.4311908099, 2573468.686746988], [693688.4310438205, 2573478.686746988], [693688.4308206447, 2573488.686746988], [693688.4306161107, 2573498.686746988], [693688.391566265, 2573498.7257968336], [693678.432945616, 2573508.686746988], [693678.4327411691, 2573518.686746988], [693678.432536714, 2573528.686746988], [693678.391566265, 2573528.727717437], [693668.4336892639, 2573538.686746988], [693678.391566265, 2573548.649893702], [693688.391566265, 2573548.650714081], [693688.427599172, 2573548.686746988], [693698.391566265, 2573558.6446239892], [693698.4336892639, 2573558.686746988], [693708.391566265, 2573568.644623989], [693708.433689264, 2573568.686746988], [693708.433689264, 2573578.686746988], [693718.391566265, 2573588.6446239892], [693718.4336892639, 2573588.686746988], [693718.4336892639, 2573598.686746988], [693718.4336892639, 2573608.686746988], [693728.391566265, 2573618.6506324834], [693728.4276807695, 2573618.686746988], [693738.391566265, 2573628.650804815], [693738.4275084384, 2573628.686746988], [693738.4321732002, 2573638.686746988], [693748.391566265, 2573648.6467652456], [693748.4315480075, 2573648.686746988], [693748.433689264, 2573658.686746988], [693748.433689264, 2573668.686746988], [693758.391566265, 2573678.644623989], [693758.4336892639, 2573678.686746988], [693768.391566265, 2573688.6446239892], [693768.4336892639, 2573688.686746988], [693778.391566265, 2573698.6446239892], [693778.433689264, 2573698.686746988], [693788.391566265, 2573708.644623989], [693788.4336892639, 2573708.686746988], [693788.4336892639, 2573718.686746988], [693798.391566265, 2573728.6451395415], [693798.4331737118, 2573728.686746988], [693798.433689264, 2573738.686746988], [693798.433689264, 2573748.686746988], [693808.391566265, 2573758.645038049], [693808.4332752037, 2573758.686746988], [693808.4336892639, 2573768.686746988], [693808.4336892639, 2573778.686746988], [693808.4336892639, 2573788.686746988], [693818.391566265, 2573798.6446239892], [693818.433689264, 2573798.686746988], [693818.433689264, 2573808.686746988], [693818.433689264, 2573818.686746988], [693818.433689264, 2573828.686746988], [693828.391566265, 2573838.6446239892], [693828.4336892639, 2573838.686746988], [693838.391566265, 2573848.644623989], [693838.4336892639, 2573848.686746988], [693838.4336892639, 2573858.686746988], [693848.391566265, 2573868.6446239892], [693848.433689264, 2573868.686746988], [693858.391566265, 2573878.644623989], [693858.4336892639, 2573878.686746988], [693858.4336892639, 2573888.686746988], [693868.391566265, 2573898.644623989], [693868.433689264, 2573898.686746988], [693878.391566265, 2573908.6446239892], [693888.391566265, 2573908.6446239892], [693888.433689264, 2573908.686746988], [693898.391566265, 2573918.6446239892], [693908.391566265, 2573918.6446239892], [693918.391566265, 2573918.6446239892], [693928.391566265, 2573918.6446239892], [693938.391566265, 2573918.6446239892], [693948.391566265, 2573918.6446239892], [693958.391566265, 2573918.6446239892], [693968.391566265, 2573918.6446239892], [693978.391566265, 2573918.6446239892], [693988.391566265, 2573918.6446589436], [693988.4336543094, 2573918.686746988], [693998.391566265, 2573928.644623989], [694008.391566265, 2573928.644623989], [694018.391566265, 2573928.644623989], [694028.391566265, 2573928.644623989], [694028.433689264, 2573928.686746988], [694038.391566265, 2573938.6446239892], [694048.391566265, 2573938.6446239892], [694058.391566265, 2573938.6446239892], [694068.391566265, 2573938.6446239892], [694078.391566265, 2573938.6446239892], [694088.391566265, 2573938.644661709], [694098.391566265, 2573938.644723851], [694108.391566265, 2573938.644723851], [694118.391566265, 2573938.644723851], [694128.391566265, 2573938.644723851], [694138.391566265, 2573938.644723851], [694148.391566265, 2573938.644723851], [694158.391566265, 2573938.644723851], [694158.4335894019, 2573938.686746988], [694168.391566265, 2573948.6446239892], [694178.391566265, 2573948.6446239892], [694188.391566265, 2573948.6446239892], [694198.391566265, 2573948.6446239892], [694198.4336892639, 2573948.686746988], [694208.391566265, 2573958.644623989], [694218.391566265, 2573958.644623989], [694228.391566265, 2573958.644623989], [694238.391566265, 2573958.644623989], [694238.433689264, 2573958.686746988], [694248.391566265, 2573968.6446239892], [694258.391566265, 2573968.6446239892], [694268.391566265, 2573968.6446239892], [694278.391566265, 2573968.645718788], [694288.391566265, 2573968.6473972616], [694288.4309159912, 2573968.686746988], [694298.391566265, 2573978.646801592], [694308.391566265, 2573978.646801592], [694318.391566265, 2573978.646801592], [694318.431511661, 2573978.686746988], [694328.391566265, 2573988.6451233174], [694338.391566265, 2573988.6451233174], [694348.391566265, 2573988.6451233174], [694358.391566265, 2573988.6451233174], [694358.4331899354, 2573988.686746988], [694368.391566265, 2573998.6446239892], [694378.391566265, 2573998.6446239892], [694388.391566265, 2573998.6446239892], [694398.391566265, 2573998.6446239892], [694408.391566265, 2573998.6446239892], [694418.391566265, 2573998.6446239892], [694428.391566265, 2573998.6446239892], [694438.391566265, 2573998.6446239892], [694448.391566265, 2573998.6446239892], [694458.391566265, 2573998.6446239892], [694468.391566265, 2573998.6446239892], [694478.391566265, 2573998.6446239892], [694488.391566265, 2573998.6446239892], [694498.3525400643, 2573988.686746988], [694498.3525400643, 2573978.686746988], [694498.3525400643, 2573968.686746988], [694498.3525400643, 2573958.686746988], [694498.391566265, 2573958.647720787], [694508.3508614809, 2573948.686746988], [694508.3508614809, 2573938.686746988], [694498.391566265, 2573928.7257731888], [694498.3525400643, 2573928.686746988], [694498.3525400643, 2573918.686746988], [694488.391566265, 2573908.722922346], [694488.3553909069, 2573908.686746988], [694478.391566265, 2573898.7204738003], [694478.3578394528, 2573898.686746988], [694468.391566265, 2573888.7204738003], [694458.391566265, 2573888.7204738003], [694448.391566265, 2573888.7204738003], [694438.391566265, 2573888.7204738003], [694428.391566265, 2573888.7204738003], [694428.3578394527, 2573888.686746988], [694418.391566265, 2573878.7204738003], [694418.3578394527, 2573878.686746988], [694418.3578394527, 2573868.686746988], [694418.3578394527, 2573858.686746988], [694408.391566265, 2573848.7204738003], [694408.3578394527, 2573848.686746988], [694398.391566265, 2573838.7204738003], [694398.3578394527, 2573838.686746988], [694388.391566265, 2573828.7204738003], [694388.3578394528, 2573828.686746988], [694388.3578394528, 2573818.686746988], [694388.3578394528, 2573808.686746988], [694378.391566265, 2573798.7204738003], [694378.3578394527, 2573798.686746988], [694378.3578394527, 2573788.686746988], [694378.3578394527, 2573778.686746988], [694368.391566265, 2573768.7204738003], [694358.391566265, 2573768.7204738003], [694348.391566265, 2573768.7204738003], [694338.391566265, 2573768.7204738003], [694328.4252930772, 2573778.686746988], [694328.391566265, 2573778.7204738003], [694318.391566265, 2573778.7204738003], [694308.391566265, 2573778.7204738003], [694298.391566265, 2573778.7204738003], [694298.3578394528, 2573778.686746988], [694298.3578394528, 2573768.686746988], [694288.391566265, 2573758.7204738], [694288.3578394527, 2573758.686746988], [694288.3578394527, 2573748.686746988], [694278.391566265, 2573738.7204738003], [694278.3578394527, 2573738.686746988], [694268.391566265, 2573728.7204738003], [694258.391566265, 2573728.7204738003], [694258.3578394527, 2573728.686746988], [694248.391566265, 2573718.7204738003], [694238.391566265, 2573718.7204738003], [694238.3578394527, 2573718.686746988], [694228.391566265, 2573708.7204738003], [694228.3578394527, 2573708.686746988], [694218.391566265, 2573698.7204738003], [694218.3578394527, 2573698.686746988], [694208.391566265, 2573688.7204738003], [694208.3578394527, 2573688.686746988], [694198.391566265, 2573678.7204738003], [694198.3578394528, 2573678.686746988], [694188.391566265, 2573668.7204738003], [694188.3578394527, 2573668.686746988], [694188.3578394527, 2573658.686746988], [694178.391566265, 2573648.7204738003], [694178.3578394527, 2573648.686746988], [694168.391566265, 2573638.7204738003], [694168.3578394527, 2573638.686746988], [694158.391566265, 2573628.7204738003], [694148.391566265, 2573628.7204738003], [694148.3578394527, 2573628.686746988], [694138.391566265, 2573618.7204738003], [694128.391566265, 2573618.7204738003], [694118.41932729, 2573628.686746988], [694118.391566265, 2573628.714508013], [694108.391566265, 2573628.714508013], [694098.4187485209, 2573638.686746988], [694098.391566265, 2573638.713929244], [694088.391566265, 2573638.713929244], [694078.391566265, 2573638.713929244], [694068.391566265, 2573638.7136161113], [694058.391566265, 2573638.7125506517], [694058.3657626014, 2573638.686746988], [694058.3657626014, 2573628.686746988], [694048.391566265, 2573618.7076484873], [694048.3706647658, 2573618.686746988], [694048.368137933, 2573608.686746988], [694048.3666224462, 2573598.686746988], [694048.3666224462, 2573588.686746988], [694048.3666224462, 2573578.686746988], [694048.3662498093, 2573568.686746988], [694038.391566265, 2573558.7120634434], [694028.4153551757, 2573568.686746988], [694028.4123230425, 2573578.686746988], [694028.391566265, 2573578.7075037654], [694018.391566265, 2573578.7075037654], [694008.4072653882, 2573588.686746988], [694008.391566265, 2573588.702446111], [693998.4022026077, 2573598.686746988], [693998.391566265, 2573598.6973833307], [693988.398224977, 2573608.686746988], [693988.3940036339, 2573618.686746988], [693988.3940036339, 2573628.686746988], [693988.391566265, 2573628.689184357], [693978.3951090169, 2573638.686746988], [693978.391566265, 2573638.69028974], [693968.391566265, 2573638.69028974], [693958.391566265, 2573638.69028974], [693958.3880235131, 2573638.686746988], [693948.391566265, 2573628.6955399574], [693938.391566265, 2573628.6955399574], [693928.391566265, 2573628.6955399574], [693928.382773296, 2573628.686746988], [693928.382773296, 2573618.686746988], [693918.391566265, 2573608.698906772], [693918.3794064815, 2573608.686746988], [693908.391566265, 2573598.6980028832], [693908.38031037, 2573598.686746988], [693908.3769350303, 2573588.686746988], [693908.3762602367, 2573578.686746988], [693908.3762602367, 2573568.686746988], [693908.3676728142, 2573558.686746988], [693898.391566265, 2573548.7089561815], [693898.3693570712, 2573548.686746988], [693888.391566265, 2573538.707271356], [693888.371041897, 2573538.686746988], [693878.391566265, 2573528.705585964], [693868.391566265, 2573528.6983774337], [693868.3799358193, 2573528.686746988], [693868.374413253, 2573518.686746988], [693858.391566265, 2573508.7054894418], [693858.3728238114, 2573508.686746988], [693858.371138384, 2573498.686746988], [693858.3694535285, 2573488.686746988], [693848.391566265, 2573478.709870368], [693848.3684428853, 2573478.686746988], [693848.3684428853, 2573468.686746988], [693838.391566265, 2573458.7139108847], [693828.391566265, 2573458.7139108847], [693818.391566265, 2573458.7139108847], [693818.3644023682, 2573458.686746988], [693808.391566265, 2573448.715593468], [693808.362719785, 2573448.686746988], [693798.391566265, 2573438.717275484], [693798.3610377692, 2573438.686746988], [693788.391566265, 2573428.718956932], [693788.359356321, 2573428.686746988], [693778.391566265, 2573418.723237961], [693768.391566265, 2573418.7239017105], [693758.391566265, 2573418.7239017105], [693748.391566265, 2573418.7239017105], [693748.3544115429, 2573418.686746988], [693748.3544034493, 2573408.686746988], [693748.3533958539, 2573398.686746988], [693738.391566265, 2573388.72592479], [693738.3523884631, 2573388.686746988], [693728.391566265, 2573378.726931977], [693728.351381276, 2573378.686746988], [693728.3510455918, 2573368.686746988], [693728.3510455918, 2573358.686746988], [693728.3510455918, 2573348.686746988], [693728.3503742919, 2573338.686746988], [693718.391566265, 2573328.7288699867], [693718.349443266, 2573328.686746988], [693718.349443266, 2573318.686746988], [693708.391566265, 2573308.728370658], [693708.3499425947, 2573308.686746988], [693698.391566265, 2573298.726692384], [693688.391566265, 2573298.72592479], [693688.3523884631, 2573298.686746988], [693678.391566265, 2573288.727267661], [693678.3510455918, 2573288.686746988], [693668.391566265, 2573278.7286101705], [693668.3497030826, 2573278.686746988], [693658.391566265, 2573268.7288699867], [693658.3494432662, 2573268.686746988], [693648.391566265, 2573258.7288699867], [693648.349443266, 2573258.686746988], [693648.349443266, 2573248.686746988], [693648.349443266, 2573238.686746988], [693648.3583570227, 2573228.686746988], [693648.3768804905, 2573218.686746988], [693648.391566265, 2573210.7848752122], [693658.391566265, 2573210.7848752122], [693668.3915662651, 2573210.7848752122], [693678.391566265, 2573213.4515432715], [693688.391566265, 2573218.683208378], [693698.3889468249, 2573208.686746988], [693698.3889468249, 2573198.686746988], [693698.3889468249, 2573188.686746988], [693698.391566265, 2573188.6841275482], [693708.391566265, 2573188.6841275482], [693718.391566265, 2573188.6530201756], [693728.3578394527, 2573178.686746988], [693728.3578394527, 2573168.686746988], [693728.3578394527, 2573158.686746988], [693728.3578394527, 2573148.686746988], [693728.3578394527, 2573138.686746988], [693728.3578394527, 2573128.686746988], [693728.3578394527, 2573118.686746988], [693728.3578394527, 2573108.686746988], [693728.3578394527, 2573098.686746988], [693728.3583396237, 2573088.686746988], [693728.360020729, 2573078.686746988], [693718.391566265, 2573068.712235846], [693718.366077407, 2573068.686746988], [693718.366077407, 2573058.686746988], [693718.366077407, 2573048.686746988], [693708.391566265, 2573038.707793208], [693708.3705200454, 2573038.686746988], [693708.3705200454, 2573028.686746988], [693698.391566265, 2573018.703065036], [693698.3752482173, 2573018.686746988], [693688.391566265, 2573008.7013782198], [693688.3769350332, 2573008.686746988], [693678.391566265, 2572998.6996908365], [693678.3786224165, 2572998.686746988], [693678.3752482173, 2572988.686746988], [693668.391566265, 2572978.7013782198], [693668.3769350334, 2572978.686746988], [693658.391566265, 2572968.699361425], [693658.3789518281, 2572968.686746988], [693648.391566265, 2572958.694295512], [693648.3840177412, 2572958.686746988], [693638.391566265, 2572948.6892244597], [693638.3890887932, 2572948.686746988], [693628.391566265, 2572938.6874360945], [693628.3908771587, 2572938.686746988], [693628.3908771587, 2572928.686746988], [693628.3908771587, 2572918.686746988], [693628.391566265, 2572918.686057882], [693638.3824252399, 2572908.686746988], [693628.391566265, 2572898.6941987737], [693628.3841144793, 2572898.686746988], [693628.3824252399, 2572888.686746988], [693628.381251349, 2572878.686746988], [693618.391566265, 2572868.6953730616], [693618.3829401914, 2572868.686746988], [693610.5610424043, 2572858.686746988], [693610.5610424043, 2572848.686746988], [693610.6458544014, 2572838.686746988], [693612.0378843662, 2572828.686746988], [693613.6850852976, 2572818.686746988], [693608.391566265, 2572808.686746988], [693608.391566265, 2572808.686746988], [693598.391566265, 2572798.686746988], [693598.391566265, 2572798.686746988], [693588.391566265, 2572788.686746988], [693588.391566265, 2572788.686746988], [693578.391566265, 2572778.686746988], [693578.391566265, 2572778.686746988], [693568.391566265, 2572771.1431392846], [693558.391566265, 2572771.1431392846], [693558.3906461932, 2572768.686746988], [693558.3906461932, 2572758.686746988], [693558.3906461932, 2572748.686746988], [693558.3906680159, 2572738.686746988], [693558.3906680159, 2572728.686746988], [693558.391566265, 2572728.685848739], [693568.3913056966, 2572718.686746988], [693568.391566265, 2572708.686746988], [693568.391566265, 2572698.686746988], [693568.391566265, 2572698.686746988], [693578.391566265, 2572688.686746988], [693578.391566265, 2572678.686746988], [693578.391566265, 2572668.686746988], [693578.391566265, 2572668.686746988], [693588.391566265, 2572658.686746988], [693578.391566265, 2572648.686746988], [693578.391566265, 2572648.686746988], [693578.391566265, 2572638.686746988], [693578.391566265, 2572628.686746988], [693568.391566265, 2572618.686746988], [693568.391566265, 2572618.686746988], [693568.391566265, 2572608.686746988], [693568.391566265, 2572598.686746988], [693568.391566265, 2572598.686746988], [693578.391566265, 2572598.686746988], [693588.391566265, 2572598.686746988], [693598.391566265, 2572598.686746988], [693608.391566265, 2572598.686746988], [693618.391566265, 2572588.686746988], [693618.391566265, 2572578.686746988], [693618.391566265, 2572568.686746988], [693618.391566265, 2572558.686746988], [693618.391566265, 2572548.686746988], [693618.391566265, 2572538.686746988], [693618.391566265, 2572528.686746988], [693618.391566265, 2572518.686746988], [693618.391566265, 2572508.686746988], [693618.391566265, 2572498.686746988], [693618.391566265, 2572488.686746988], [693618.391566265, 2572478.686746988], [693618.391566265, 2572468.686746988], [693618.391566265, 2572458.686746988], [693618.391566265, 2572448.686746988], [693618.391566265, 2572448.686746988], [693628.391566265, 2572438.686746988], [693628.391566265, 2572438.686746988], [693638.391566265, 2572428.686746988], [693638.391566265, 2572428.686746988], [693648.391566265, 2572418.686746988], [693648.391566265, 2572418.686746988], [693658.391566265, 2572408.686746988], [693658.391566265, 2572408.686746988], [693668.391566265, 2572398.686746988], [693668.391566265, 2572388.686746988], [693668.391566265, 2572378.686746988], [693668.391566265, 2572368.686746988], [693668.391566265, 2572358.686746988], [693668.391566265, 2572348.686746988], [693668.391566265, 2572348.686746988], [693678.391566265, 2572348.686746988], [693688.391566265, 2572348.686746988], [693698.391566265, 2572348.686746988], [693708.391566265, 2572348.686746988], [693718.391566265, 2572348.686746988], [693728.391566265, 2572348.686746988], [693738.391566265, 2572348.686746988], [693748.391566265, 2572348.686746988], [693758.391566265, 2572348.686746988], [693768.391566265, 2572348.686746988], [693778.391566265, 2572338.686746988], [693778.391566265, 2572338.686746988], [693788.391566265, 2572328.686746988], [693788.391566265, 2572328.686746988], [693798.391566265, 2572318.686746988], [693798.391566265, 2572318.686746988], [693808.391566265, 2572308.686746988], [693808.391566265, 2572308.686746988], [693818.391566265, 2572298.686746988], [693818.391566265, 2572298.686746988], [693828.391566265, 2572298.686746988], [693838.391566265, 2572298.686746988], [693848.391566265, 2572298.686746988], [693858.391566265, 2572298.686746988], [693868.391566265, 2572288.686746988], [693868.391566265, 2572278.686746988], [693868.391566265, 2572268.686746988], [693868.391566265, 2572258.686746988], [693868.391566265, 2572248.686746988], [693868.391566265, 2572238.686746988], [693868.391566265, 2572228.686746988], [693868.391566265, 2572218.686746988], [693868.391566265, 2572208.686746988], [693868.391566265, 2572198.686746988], [693868.391566265, 2572188.686746988], [693868.391566265, 2572178.686746988], [693868.391566265, 2572168.686746988], [693868.391566265, 2572158.686746988], [693868.391566265, 2572148.686746988], [693868.391566265, 2572138.686746988], [693868.391566265, 2572128.686746988], [693868.391566265, 2572118.686746988], [693868.391566265, 2572108.686746988], [693868.391566265, 2572098.686746988], [693868.391566265, 2572088.686746988], [693868.391566265, 2572078.686746988], [693868.391566265, 2572068.686746988], [693868.391566265, 2572058.686746988], [693868.391566265, 2572048.686746988], [693868.391566265, 2572048.686746988], [693878.391566265, 2572048.686746988], [693888.391566265, 2572048.686746988], [693898.391566265, 2572048.686746988], [693908.391566265, 2572048.686746988], [693918.391566265, 2572038.686746988], [693918.391566265, 2572028.686746988], [693918.391566265, 2572018.686746988], [693918.391566265, 2572008.686746988], [693918.391566265, 2571998.686746988], [693918.391566265, 2571998.686746988], [693928.391566265, 2571998.686746988], [693938.391566265, 2571998.686746988], [693948.391566265, 2571998.686746988], [693958.391566265, 2571998.686746988], [693968.391566265, 2571998.686746988], [693978.391566265, 2571998.686746988], [693988.391566265, 2571998.686746988], [693998.391566265, 2571998.686746988], [693998.391566265, 2571998.686746988], [694008.391566265, 2572008.686746988], [694008.391566265, 2572008.686746988], [694018.391566265, 2572018.686746988], [694018.391566265, 2572018.686746988], [694028.391566265, 2572028.686746988], [694038.391566265, 2572028.686746988], [694048.391566265, 2572018.686746988], [694048.391566265, 2572018.686746988], [694058.391566265, 2572008.686746988], [694058.391566265, 2572008.686746988], [694068.391566265, 2571998.686746988], [694068.391566265, 2571998.686746988], [694078.391566265, 2571998.686746988], [694088.391566265, 2571998.686746988], [694098.391566265, 2571998.686746988], [694108.391566265, 2571998.686746988], [694118.391566265, 2571998.686746988], [694128.391566265, 2571998.686746988], [694138.391566265, 2571998.686746988], [694148.391566265, 2571998.686746988], [694158.391566265, 2571998.686746988], [694168.391566265, 2571998.686746988], [694178.391566265, 2571998.686746988], [694188.391566265, 2571998.686746988], [694198.391566265, 2571998.686746988], [694208.391566265, 2571998.686746988], [694218.391566265, 2571998.686746988], [694228.391566265, 2571988.686746988], [694228.391566265, 2571988.686746988], [694238.391566265, 2571978.686746988], [694238.391566265, 2571978.686746988], [694248.391566265, 2571968.686746988], [694248.391566265, 2571968.686746988], [694258.391566265, 2571958.686746988], [694258.391566265, 2571958.686746988], [694268.391566265, 2571948.686746988], [694268.391566265, 2571948.686746988], [694278.391566265, 2571948.686746988], [694288.391566265, 2571948.686746988], [694298.391566265, 2571948.686746988], [694308.391566265, 2571948.686746988], [694318.391566265, 2571948.686746988], [694328.391566265, 2571948.686746988], [694338.391566265, 2571948.686746988], [694348.391566265, 2571948.686746988], [694358.391566265, 2571948.686746988], [694368.391566265, 2571948.686746988], [694378.391566265, 2571938.686746988], [694378.391566265, 2571938.686746988], [694388.391566265, 2571928.686746988], [694388.391566265, 2571928.686746988], [694398.391566265, 2571918.686746988], [694398.391566265, 2571918.686746988], [694408.391566265, 2571908.686746988], [694408.391566265, 2571908.686746988], [694418.391566265, 2571898.686746988], [694418.391566265, 2571898.686746988], [694428.391566265, 2571898.686746988], [694438.391566265, 2571898.686746988], [694448.391566265, 2571898.686746988], [694458.391566265, 2571898.686746988], [694468.391566265, 2571898.686746988], [694478.391566265, 2571898.686746988], [694488.391566265, 2571898.686746988], [694498.391566265, 2571898.686746988], [694508.391566265, 2571898.686746988], [694518.391566265, 2571898.686746988], [694528.391566265, 2571888.686746988], [694528.391566265, 2571888.686746988], [694538.391566265, 2571878.686746988], [694538.391566265, 2571878.686746988], [694548.391566265, 2571868.686746988], [694548.391566265, 2571868.686746988], [694558.391566265, 2571858.686746988], [694558.391566265, 2571858.686746988], [694568.391566265, 2571848.686746988], [694568.391566265, 2571848.686746988], [694578.391566265, 2571848.686746988], [694588.391566265, 2571848.686746988], [694598.391566265, 2571848.686746988], [694608.391566265, 2571848.686746988], [694618.391566265, 2571848.686746988], [694628.391566265, 2571848.686746988], [694638.391566265, 2571848.686746988], [694648.391566265, 2571848.686746988], [694658.391566265, 2571848.686746988], [694668.391566265, 2571848.686746988], [694678.391566265, 2571838.686746988], [694678.391566265, 2571828.686746988], [694678.391566265, 2571828.686746988], [694688.391566265, 2571818.686746988], [694688.391566265, 2571818.686746988], [694698.391566265, 2571808.686746988], [694698.391566265, 2571808.686746988], [694708.391566265, 2571808.686746988], [694718.391566265, 2571808.686746988], [694728.391566265, 2571808.686746988], [694728.391566265, 2571808.686746988], [694728.391566265, 2571818.686746988], [694738.391566265, 2571828.686746988], [694748.391566265, 2571828.686746988], [694758.391566265, 2571828.686746988], [694768.391566265, 2571828.686746988], [694768.391566265, 2571828.686746988], [694778.391566265, 2571838.686746988], [694788.391566265, 2571838.686746988], [694788.391566265, 2571838.686746988], [694798.391566265, 2571848.686746988], [694798.391566265, 2571848.686746988], [694798.391566265, 2571858.686746988], [694798.391566265, 2571868.686746988], [694808.391566265, 2571878.686746988], [694818.391566265, 2571878.686746988], [694818.391566265, 2571878.686746988], [694828.391566265, 2571888.686746988], [694828.391566265, 2571888.686746988], [694828.391566265, 2571898.686746988], [694828.391566265, 2571908.686746988], [694828.391566265, 2571918.686746988], [694828.391566265, 2571928.686746988], [694828.391566265, 2571938.686746988], [694828.391566265, 2571948.686746988], [694828.391566265, 2571958.686746988], [694828.391566265, 2571968.686746988], [694838.391566265, 2571978.686746988], [694838.391566265, 2571978.686746988], [694838.391566265, 2571988.686746988], [694838.391566265, 2571998.686746988], [694848.391566265, 2572008.686746988], [694848.391566265, 2572008.686746988], [694848.391566265, 2572018.686746988], [694848.391566265, 2572028.686746988], [694858.391566265, 2572038.686746988], [694858.391566265, 2572038.686746988], [694868.391566265, 2572048.686746988], [694878.391566265, 2572048.686746988], [694888.391566265, 2572048.686746988], [694898.391566265, 2572038.686746988], [694898.391566265, 2572038.686746988], [694908.391566265, 2572028.686746988], [694908.391566265, 2572028.686746988], [694918.391566265, 2572028.686746988], [694928.391566265, 2572018.686746988], [694928.391566265, 2572018.686746988], [694938.391566265, 2572008.686746988], [694938.391566265, 2572008.686746988], [694948.391566265, 2572008.686746988], [694958.391566265, 2571998.686746988], [694958.391566265, 2571998.686746988], [694968.391566265, 2571998.686746988], [694978.391566265, 2571998.686746988], [694988.391566265, 2571998.686746988], [694998.391566265, 2571998.686746988], [694998.391566265, 2571998.686746988], [695008.391566265, 2572008.686746988], [695008.391566265, 2572008.686746988], [695018.391566265, 2572018.686746988], [695018.391566265, 2572018.686746988], [695028.391566265, 2572028.686746988], [695028.391566265, 2572028.686746988], [695038.391566265, 2572038.686746988], [695038.391566265, 2572038.686746988], [695048.391566265, 2572048.686746988], [695058.391566265, 2572048.686746988], [695068.391566265, 2572048.686746988], [695078.391566265, 2572048.686746988], [695088.391566265, 2572048.686746988], [695098.391566265, 2572048.686746988], [695108.391566265, 2572048.686746988], [695118.391566265, 2572048.686746988], [695128.391566265, 2572048.686746988], [695138.391566265, 2572048.686746988], [695148.391566265, 2572048.686746988], [695158.391566265, 2572048.686746988], [695168.391566265, 2572048.686746988], [695178.391566265, 2572048.686746988], [695188.391566265, 2572048.686746988], [695198.391566265, 2572048.686746988], [695208.391566265, 2572048.686746988], [695218.391566265, 2572048.686746988], [695228.391566265, 2572048.686746988], [695238.391566265, 2572048.686746988], [695248.391566265, 2572048.686746988], [695258.391566265, 2572048.686746988], [695268.391566265, 2572048.686746988], [695278.391566265, 2572048.686746988], [695288.391566265, 2572048.686746988], [695298.391566265, 2572048.686746988], [695308.391566265, 2572048.686746988], [695318.391566265, 2572048.686746988], [695328.391566265, 2572048.686746988], [695338.391566265, 2572048.686746988], [695348.391566265, 2572048.686746988], [695358.391566265, 2572048.686746988], [695368.391566265, 2572048.686746988], [695378.391566265, 2572048.686746988], [695388.391566265, 2572048.686746988], [695398.391566265, 2572048.686746988], [695408.391566265, 2572048.686746988], [695418.391566265, 2572048.686746988], [695428.391566265, 2572048.686746988], [695438.391566265, 2572048.686746988], [695448.391566265, 2572048.686746988], [695458.391566265, 2572048.686746988], [695468.391566265, 2572048.686746988], [695478.391566265, 2572048.686746988], [695488.391566265, 2572048.686746988], [695498.391566265, 2572048.686746988], [695508.391566265, 2572048.686746988], [695518.391566265, 2572038.686746988], [695518.391566265, 2572028.686746988], [695518.391566265, 2572018.686746988], [695518.391566265, 2572008.686746988], [695518.391566265, 2571998.686746988], [695518.391566265, 2571998.686746988], [695528.391566265, 2571998.686746988], [695538.391566265, 2571998.686746988], [695548.391566265, 2571998.686746988], [695558.391566265, 2571998.686746988], [695568.391566265, 2571988.686746988], [695568.391566265, 2571988.686746988], [695578.391566265, 2571978.686746988], [695578.391566265, 2571968.686746988], [695578.391566265, 2571968.686746988], [695588.391566265, 2571958.686746988], [695588.391566265, 2571948.686746988], [695588.391566265, 2571948.686746988], [695598.391566265, 2571938.686746988], [695598.391566265, 2571938.686746988], [695608.391566265, 2571938.686746988], [695618.391566265, 2571938.686746988], [695628.391566265, 2571938.686746988], [695638.391566265, 2571938.686746988], [695648.391566265, 2571938.686746988], [695658.391566265, 2571938.686746988], [695668.391566265, 2571938.686746988], [695678.391566265, 2571938.686746988], [695678.391566265, 2571938.686746988], [695688.391566265, 2571948.686746988], [695698.391566265, 2571938.686746988], [695698.391566265, 2571938.686746988], [695708.391566265, 2571928.686746988], [695708.391566265, 2571928.686746988], [695718.391566265, 2571928.686746988], [695728.391566265, 2571928.686746988], [695728.391566265, 2571928.686746988], [695738.391566265, 2571938.686746988], [695738.391566265, 2571938.686746988], [695748.391566265, 2571948.686746988], [695748.391566265, 2571948.686746988], [695748.391566265, 2571958.686746988], [695758.391566265, 2571968.686746988], [695758.391566265, 2571968.686746988], [695758.391566265, 2571978.686746988], [695768.391566265, 2571988.686746988], [695768.391566265, 2571988.686746988], [695778.391566265, 2571998.686746988], [695778.391566265, 2571998.686746988], [695788.391566265, 2572008.686746988], [695788.391566265, 2572008.686746988], [695798.391566265, 2572018.686746988], [695798.391566265, 2572018.686746988], [695808.391566265, 2572028.686746988], [695808.391566265, 2572028.686746988], [695818.391566265, 2572038.686746988], [695818.391566265, 2572038.686746988], [695818.391566265, 2572048.686746988], [695828.391566265, 2572058.686746988], [695828.391566265, 2572058.686746988], [695838.391566265, 2572068.686746988], [695838.391566265, 2572068.686746988], [695848.391566265, 2572078.686746988], [695848.391566265, 2572078.686746988], [695858.391566265, 2572088.686746988], [695868.391566265, 2572078.686746988], [695868.391566265, 2572078.686746988], [695878.391566265, 2572078.686746988], [695888.391566265, 2572078.686746988], [695898.391566265, 2572068.686746988], [695898.391566265, 2572058.686746988], [695888.391566265, 2572048.686746988], [695888.391566265, 2572048.686746988], [695888.391566265, 2572038.686746988], [695888.391566265, 2572028.686746988], [695888.391566265, 2572018.686746988], [695888.391566265, 2572018.686746988], [695898.391566265, 2572008.686746988], [695898.391566265, 2572008.686746988], [695908.391566265, 2572008.686746988], [695918.391566265, 2571998.686746988], [695918.391566265, 2571998.686746988], [695928.391566265, 2571998.686746988], [695938.391566265, 2571998.686746988], [695948.391566265, 2571998.686746988], [695958.391566265, 2571998.686746988], [695968.391566265, 2571998.686746988], [695978.391566265, 2571998.686746988], [695988.391566265, 2571998.686746988], [695998.391566265, 2571998.686746988], [696008.391566265, 2571998.686746988], [696018.391566265, 2571988.686746988], [696018.391566265, 2571978.686746988], [696018.391566265, 2571968.686746988], [696018.391566265, 2571958.686746988], [696018.391566265, 2571948.686746988], [696018.391566265, 2571948.686746988], [696028.391566265, 2571948.686746988], [696038.391566265, 2571948.686746988], [696048.391566265, 2571948.686746988], [696058.391566265, 2571948.686746988], [696068.391566265, 2571948.686746988], [696078.391566265, 2571948.686746988], [696088.391566265, 2571948.686746988], [696098.391566265, 2571948.686746988], [696108.391566265, 2571948.686746988], [696118.391566265, 2571938.686746988], [696118.391566265, 2571928.686746988], [696118.391566265, 2571918.686746988], [696118.391566265, 2571908.686746988], [696118.391566265, 2571898.686746988], [696118.391566265, 2571898.686746988], [696128.391566265, 2571898.686746988], [696138.391566265, 2571898.686746988], [696148.391566265, 2571898.686746988], [696158.391566265, 2571898.686746988], [696168.391566265, 2571898.686746988], [696178.391566265, 2571898.686746988], [696188.391566265, 2571898.686746988], [696198.391566265, 2571898.686746988], [696208.391566265, 2571898.686746988], [696218.391566265, 2571898.686746988], [696228.391566265, 2571898.686746988], [696238.391566265, 2571898.686746988], [696248.391566265, 2571898.686746988], [696248.391566265, 2571898.686746988], [696258.391566265, 2571908.686746988], [696258.391566265, 2571908.686746988], [696268.391566265, 2571918.686746988], [696268.391566265, 2571918.686746988], [696278.391566265, 2571928.686746988], [696278.391566265, 2571928.686746988], [696288.391566265, 2571938.686746988], [696288.391566265, 2571938.686746988], [696298.391566265, 2571948.686746988], [696308.391566265, 2571948.686746988], [696318.391566265, 2571948.686746988], [696328.391566265, 2571948.686746988], [696338.391566265, 2571948.686746988], [696348.391566265, 2571948.686746988], [696358.391566265, 2571948.686746988], [696368.391566265, 2571948.686746988], [696378.391566265, 2571948.686746988], [696388.391566265, 2571948.686746988], [696398.391566265, 2571948.686746988], [696408.391566265, 2571948.686746988], [696418.391566265, 2571948.686746988], [696428.391566265, 2571948.686746988], [696438.391566265, 2571948.686746988], [696448.391566265, 2571948.686746988], [696448.391566265, 2571948.686746988], [696458.391566265, 2571958.686746988], [696458.391566265, 2571958.686746988], [696468.391566265, 2571968.686746988], [696468.391566265, 2571968.686746988], [696478.391566265, 2571978.686746988], [696478.391566265, 2571978.686746988], [696488.391566265, 2571988.686746988], [696488.391566265, 2571988.686746988], [696498.391566265, 2571998.686746988], [696498.391566265, 2571998.686746988], [696508.391566265, 2572008.686746988], [696508.391566265, 2572008.686746988], [696518.391566265, 2572018.686746988], [696518.391566265, 2572018.686746988], [696528.391566265, 2572028.686746988], [696528.391566265, 2572028.686746988], [696538.391566265, 2572038.686746988], [696538.391566265, 2572038.686746988], [696538.391566265, 2572048.686746988], [696538.391566265, 2572058.686746988], [696538.391566265, 2572068.686746988], [696538.391566265, 2572078.686746988], [696538.391566265, 2572088.686746988], [696548.391566265, 2572098.686746988], [696558.391566265, 2572098.686746988], [696568.391566265, 2572098.686746988], [696578.391566265, 2572098.686746988], [696588.391566265, 2572098.686746988], [696598.391566265, 2572098.686746988], [696608.391566265, 2572098.686746988], [696618.391566265, 2572098.686746988], [696628.391566265, 2572098.686746988], [696638.391566265, 2572098.686746988], [696648.391566265, 2572098.686746988], [696658.391566265, 2572098.686746988], [696668.391566265, 2572098.686746988], [696678.391566265, 2572098.686746988], [696688.391566265, 2572098.686746988], [696688.391566265, 2572098.686746988], [696688.391566265, 2572108.686746988], [696688.391566265, 2572118.686746988], [696688.391566265, 2572128.686746988], [696688.391566265, 2572138.686746988], [696698.391566265, 2572148.686746988], [696708.391566265, 2572148.686746988], [696718.391566265, 2572148.686746988], [696728.391566265, 2572148.686746988], [696738.391566265, 2572148.686746988], [696748.391566265, 2572148.686746988], [696758.391566265, 2572148.686746988], [696768.391566265, 2572148.686746988], [696778.391566265, 2572148.686746988], [696788.391566265, 2572148.686746988], [696788.391566265, 2572148.686746988], [696788.391566265, 2572158.686746988], [696788.391566265, 2572168.686746988], [696788.391566265, 2572178.686746988], [696788.391566265, 2572188.686746988], [696788.391566265, 2572198.686746988], [696788.391566265, 2572208.686746988], [696788.391566265, 2572218.686746988], [696788.391566265, 2572228.686746988], [696788.391566265, 2572238.686746988], [696798.391566265, 2572248.686746988], [696808.391566265, 2572248.686746988], [696818.391566265, 2572248.686746988], [696828.391566265, 2572248.686746988], [696838.391566265, 2572248.686746988], [696848.391566265, 2572248.686746988], [696848.391566265, 2572248.686746988], [696858.391566265, 2572258.686746988], [696858.391566265, 2572258.686746988], [696868.391566265, 2572268.686746988], [696868.391566265, 2572268.686746988], [696878.391566265, 2572278.686746988], [696878.391566265, 2572278.686746988], [696878.391566265, 2572288.686746988], [696888.391566265, 2572298.686746988], [696888.391566265, 2572298.686746988], [696888.391566265, 2572308.686746988], [696888.391566265, 2572318.686746988], [696888.391566265, 2572328.686746988], [696888.391566265, 2572338.686746988], [696898.391566265, 2572348.686746988], [696908.391566265, 2572348.686746988], [696918.391566265, 2572348.686746988], [696928.391566265, 2572348.686746988], [696938.391566265, 2572348.686746988], [696948.391566265, 2572348.686746988], [696958.391566265, 2572348.686746988], [696968.391566265, 2572348.686746988], [696978.391566265, 2572348.686746988], [696988.391566265, 2572348.686746988], [696988.391566265, 2572348.686746988], [696988.391566265, 2572358.686746988], [696988.391566265, 2572368.686746988], [696988.391566265, 2572378.686746988], [696988.391566265, 2572388.686746988], [696998.391566265, 2572398.686746988], [697008.391566265, 2572398.686746988], [697018.391566265, 2572398.686746988], [697028.391566265, 2572398.686746988], [697028.391566265, 2572398.686746988], [697038.391566265, 2572408.686746988], [697038.391566265, 2572408.686746988], [697038.391566265, 2572418.686746988], [697038.391566265, 2572428.686746988], [697038.391566265, 2572438.686746988], [697038.391566265, 2572448.686746988], [697038.391566265, 2572458.686746988], [697038.391566265, 2572468.686746988], [697038.391566265, 2572478.686746988], [697038.391566265, 2572488.686746988], [697038.391566265, 2572498.686746988], [697038.391566265, 2572508.686746988], [697038.391566265, 2572518.686746988], [697038.391566265, 2572528.686746988], [697038.391566265, 2572538.686746988], [697048.391566265, 2572548.686746988], [697058.391566265, 2572548.686746988], [697068.391566265, 2572548.686746988], [697078.391566265, 2572548.686746988], [697088.391566265, 2572548.686746988], [697098.391566265, 2572548.686746988], [697108.391566265, 2572548.686746988], [697118.391566265, 2572548.686746988], [697128.391566265, 2572548.686746988], [697138.391566265, 2572548.686746988], [697148.391566265, 2572548.686746988], [697158.391566265, 2572548.686746988], [697168.391566265, 2572548.686746988], [697178.391566265, 2572548.686746988], [697188.391566265, 2572548.686746988], [697188.391566265, 2572548.686746988], [697188.391566265, 2572558.686746988], [697188.391566265, 2572568.686746988], [697188.391566265, 2572578.686746988], [697188.391566265, 2572588.686746988], [697188.391566265, 2572598.686746988], [697188.391566265, 2572608.686746988], [697188.391566265, 2572618.686746988], [697188.391566265, 2572628.686746988], [697188.391566265, 2572638.686746988], [697188.391566265, 2572648.686746988], [697188.391566265, 2572658.686746988], [697188.391566265, 2572668.686746988], [697188.391566265, 2572678.686746988], [697188.391566265, 2572688.686746988], [697198.391566265, 2572698.686746988], [697208.391566265, 2572698.686746988], [697218.391566265, 2572698.686746988], [697228.391566265, 2572698.686746988], [697238.391566265, 2572698.686746988], [697238.391566265, 2572698.686746988], [697238.391566265, 2572708.686746988], [697238.391566265, 2572718.686746988], [697238.391566265, 2572728.686746988], [697238.391566265, 2572738.686746988], [697248.391566265, 2572748.686746988], [697258.391566265, 2572748.686746988], [697268.391566265, 2572748.686746988], [697278.391566265, 2572748.686746988], [697288.391566265, 2572748.686746988], [697298.391566265, 2572748.686746988], [697308.391566265, 2572748.686746988], [697318.391566265, 2572748.686746988], [697328.391566265, 2572748.686746988], [697338.391566265, 2572748.686746988], [697348.391566265, 2572748.686746988], [697358.391566265, 2572748.686746988], [697358.391566265, 2572748.686746988], [697368.391566265, 2572758.686746988], [697378.391566265, 2572758.686746988], [697378.391566265, 2572758.686746988], [697388.391566265, 2572768.686746988], [697388.391566265, 2572768.686746988], [697388.391566265, 2572778.686746988], [697388.391566265, 2572788.686746988], [697388.391566265, 2572798.686746988], [697388.391566265, 2572808.686746988], [697388.391566265, 2572818.686746988], [697388.391566265, 2572828.686746988], [697388.391566265, 2572838.686746988], [697388.391566265, 2572848.686746988], [697388.391566265, 2572858.686746988], [697388.391566265, 2572868.686746988], [697388.391566265, 2572878.686746988], [697388.391566265, 2572888.686746988], [697398.391566265, 2572898.686746988], [697398.391566265, 2572898.686746988], [697408.391566265, 2572908.686746988], [697408.391566265, 2572908.686746988], [697418.391566265, 2572918.686746988], [697418.391566265, 2572918.686746988], [697428.391566265, 2572928.686746988], [697428.391566265, 2572928.686746988], [697438.391566265, 2572938.686746988], [697438.391566265, 2572938.686746988], [697448.391566265, 2572948.686746988], [697448.391566265, 2572948.686746988], [697458.391566265, 2572958.686746988], [697458.391566265, 2572958.686746988], [697468.391566265, 2572968.686746988], [697468.391566265, 2572968.686746988], [697478.391566265, 2572978.686746988], [697478.391566265, 2572978.686746988], [697488.391566265, 2572988.686746988], [697488.391566265, 2572988.686746988], [697488.5105299177, 2572998.686746988], [697490.133034204, 2573008.686746988], [697488.9229654932, 2573018.686746988], [697488.6378020451, 2573028.686746988], [697488.391566265, 2573030.300251605], [697481.1124951746, 2573038.686746988], [697478.3918267457, 2573048.686746988], [697478.391566265, 2573048.6870074687], [697468.391566265, 2573058.686746988], [697468.391566265, 2573058.686746988], [697458.3920795587, 2573068.686746988], [697458.3925851465, 2573078.686746988], [697458.3925851465, 2573088.686746988], [697458.3925851465, 2573098.686746988], [697458.3925851465, 2573108.686746988], [697458.391566265, 2573108.6877658693], [697448.3927115354, 2573118.686746988], [697448.391566265, 2573118.6878922586], [697438.3923323591, 2573128.686746988], [697438.3920795587, 2573138.686746988], [697438.391566265, 2573138.6872602818], [697428.391566265, 2573148.686746988], [697428.391566265, 2573148.686746988], [697418.391566265, 2573158.686746988], [697418.391566265, 2573158.686746988], [697408.391566265, 2573168.686746988], [697408.391566265, 2573178.686746988], [697408.391566265, 2573178.686746988], [697398.391566265, 2573188.686746988], [697398.391566265, 2573188.686746988], [697388.391566265, 2573198.686746988], [697388.391566265, 2573198.686746988], [697378.391566265, 2573208.686746988], [697378.391566265, 2573218.686746988], [697378.391566265, 2573228.686746988], [697378.391566265, 2573238.686746988], [697378.391566265, 2573238.686746988], [697368.391566265, 2573248.686746988], [697368.391566265, 2573258.686746988], [697368.391566265, 2573258.686746988], [697358.391566265, 2573268.686746988], [697358.391566265, 2573278.686746988], [697358.391566265, 2573278.686746988], [697348.391566265, 2573288.686746988], [697348.391566265, 2573298.686746988], [697348.391566265, 2573308.686746988], [697348.391566265, 2573318.686746988], [697348.391566265, 2573328.686746988], [697348.391566265, 2573328.686746988], [697338.391566265, 2573338.686746988], [697338.391566265, 2573348.686746988], [697338.391566265, 2573358.686746988], [697338.391566265, 2573358.686746988], [697328.391566265, 2573368.686746988], [697328.391566265, 2573368.686746988], [697318.391566265, 2573378.686746988], [697318.391566265, 2573388.686746988], [697318.391566265, 2573388.686746988], [697308.391566265, 2573398.686746988], [697308.391566265, 2573408.686746988], [697308.3928525039, 2573418.686746988], [697318.391566265, 2573428.681472231], [697318.3968410217, 2573428.686746988], [697328.391566265, 2573438.6844383283], [697328.3938749247, 2573438.686746988], [697328.3938749247, 2573448.686746988], [697328.3938749247, 2573458.686746988], [697328.391566265, 2573458.6890556477], [697318.3953024702, 2573468.686746988], [697318.391566265, 2573468.690483193], [697308.391566265, 2573468.6921875887], [697298.3948374231, 2573478.686746988], [697298.391566265, 2573478.690018146], [697288.391566265, 2573478.690018146], [697278.393527808, 2573488.686746988], [697278.391566265, 2573488.688708531], [697268.391566265, 2573488.6900077746], [697258.396033192, 2573498.686746988], [697258.3959404209, 2573508.686746988], [697258.3958500273, 2573518.686746988], [697258.391566265, 2573518.6910307505], [697248.3970545424, 2573528.686746988], [697248.396967675, 2573538.686746988], [697248.3968808057, 2573548.686746988], [697248.3968019659, 2573558.686746988], [697248.3967238741, 2573568.686746988], [697248.391566265, 2573568.6919045975], [697238.3979218631, 2573578.686746988], [697238.3978437891, 2573588.686746988], [697238.3977673758, 2573598.686746988], [697238.3976921277, 2573608.686746988], [697238.391566265, 2573608.6928728507], [697228.3988865432, 2573618.686746988], [697228.3988113122, 2573628.686746988], [697228.3987360798, 2573638.686746988], [697228.3993006132, 2573648.686746988], [697228.3995318064, 2573658.686746988], [697228.3995318064, 2573668.686746988], [697228.3995318064, 2573678.686746988], [697228.3981008214, 2573688.686746988], [697228.3981008214, 2573698.686746988], [697228.391566265, 2573698.6932815444], [697218.3995271602, 2573708.686746988], [697218.3987996833, 2573718.686746988], [697218.391566265, 2573718.6939804065], [697208.4000193514, 2573728.686746988], [697208.391566265, 2573728.6952000745], [697198.4000193514, 2573738.686746988], [697198.4000193514, 2573748.686746988], [697198.391566265, 2573748.695200074], [697188.4000193514, 2573758.686746988], [697188.4000193514, 2573768.686746988], [697188.4000193514, 2573778.686746988], [697188.4000193514, 2573788.686746988], [697188.3994410244, 2573798.686746988], [697188.391566265, 2573798.6946217474], [697178.4000193514, 2573808.686746988], [697178.4000193514, 2573818.686746988], [697178.391566265, 2573818.6952000745], [697168.4000193514, 2573828.686746988], [697168.391566265, 2573828.6952000745], [697158.4000193514, 2573838.686746988], [697158.4000193514, 2573848.686746988], [697158.4000193514, 2573858.686746988], [697158.4012127911, 2573868.686746988], [697168.391566265, 2573878.6777805663], [697168.4005326867, 2573878.686746988], [697168.4005326867, 2573888.686746988], [697168.4005326867, 2573898.686746988], [697168.3996458764, 2573908.686746988], [697168.3915662651, 2573908.694826599], [697158.4026013021, 2573918.686746988], [697158.391566265, 2573918.697782025], [697148.4032951911, 2573928.686746988], [697148.391566265, 2573928.698475914], [697138.4010532111, 2573938.686746988], [697138.391566265, 2573938.6962339343], [697128.4000193514, 2573948.686746988], [697128.391566265, 2573948.6952000745], [697118.4003776307, 2573958.686746988], [697118.4003776307, 2573968.686746988], [697118.391566265, 2573968.6955583533], [697108.4030794043, 2573978.686746988], [697108.4047672739, 2573988.686746988], [697108.4065577463, 2573998.686746988], [697108.4074575688, 2574008.686746988], [697108.4074575688, 2574018.686746988], [697118.391566265, 2574028.6774849975], [697118.4008282552, 2574028.686746988], [697118.4008282552, 2574038.686746988], [697118.4008282552, 2574048.686746988], [697118.3996458764, 2574058.686746988], [697118.391566265, 2574058.6948265997], [697108.402601302, 2574068.686746988], [697108.391566265, 2574068.6977820247], [697098.40555498, 2574078.686746988], [697098.391566265, 2574078.700735703], [697088.4084581558, 2574088.686746988], [697088.391566265, 2574088.703638879], [697078.4084581559, 2574098.686746988], [697078.391566265, 2574098.7036388787], [697068.4084581559, 2574108.686746988], [697068.4084581559, 2574118.686746988], [697068.391566265, 2574118.7036388787], [697058.4084581559, 2574128.686746988], [697058.4084581559, 2574138.686746988], [697058.4084581559, 2574148.686746988], [697058.4084581559, 2574158.686746988], [697058.4084581559, 2574168.686746988], [697068.391566265, 2574178.677484998], [697068.4008282553, 2574178.686746988], [697068.4008282553, 2574188.686746988], [697068.4008282553, 2574198.686746988], [697068.3996458764, 2574208.686746988], [697068.391566265, 2574208.694826599], [697058.4026013021, 2574218.686746988], [697058.391566265, 2574218.6977820247], [697048.40555498, 2574228.686746988], [697048.391566265, 2574228.700735703], [697038.4084581559, 2574238.686746988], [697038.391566265, 2574238.703638879], [697028.4084581558, 2574248.686746988], [697028.391566265, 2574248.7036388787], [697018.4084581559, 2574258.686746988], [697018.4084581559, 2574268.686746988], [697018.391566265, 2574268.7036388787], [697008.4084581559, 2574278.686746988], [697008.4084581559, 2574288.686746988], [697008.4084581559, 2574298.686746988], [697008.4084581559, 2574308.686746988], [697008.4084581559, 2574318.686746988], [697018.391566265, 2574328.6774849975], [697018.4008282552, 2574328.686746988], [697018.4008282552, 2574338.686746988], [697018.4008282552, 2574348.686746988], [697018.400194764, 2574358.686746988], [697018.391566265, 2574358.695375487], [697008.402601302, 2574368.686746988], [697008.391566265, 2574368.697782025], [696998.40555498, 2574378.686746988], [696998.391566265, 2574378.700735703], [696988.4084581559, 2574388.686746988], [696988.391566265, 2574388.703638879], [696978.4084581559, 2574398.686746988], [696978.391566265, 2574398.7036388787], [696968.4084581559, 2574408.686746988], [696968.4084581559, 2574418.686746988], [696968.391566265, 2574418.703638879], [696958.4084581558, 2574428.686746988], [696958.4084581558, 2574438.686746988], [696958.4084581558, 2574448.686746988], [696958.4084581558, 2574458.686746988], [696958.4084581558, 2574468.686746988], [696968.391566265, 2574478.6709448444], [696968.4073684089, 2574478.686746988], [696968.4073684089, 2574488.686746988], [696968.4073684089, 2574498.686746988], [696968.3995967258, 2574508.686746988], [696968.391566265, 2574508.6947774487], [696958.4061032188, 2574518.686746988], [696958.391566265, 2574518.701283942], [696948.40555498, 2574528.686746988], [696948.391566265, 2574528.7007357026], [696938.4084581559, 2574538.686746988], [696938.391566265, 2574538.7036388787], [696928.4084581559, 2574548.686746988], [696928.391566265, 2574548.703638879], [696918.4084581559, 2574558.686746988], [696918.4084581559, 2574568.686746988], [696918.391566265, 2574568.703638879], [696908.4084581559, 2574578.686746988], [696908.4084581559, 2574588.686746988], [696908.4084581559, 2574598.686746988], [696908.409644941, 2574608.686746988], [696908.4117519128, 2574618.686746988], [696918.391566265, 2574628.6698550973], [696918.4084581559, 2574628.686746988], [696918.4084581559, 2574638.686746988], [696918.4084581559, 2574648.686746988], [696918.391566265, 2574648.703638879], [696908.4097224389, 2574658.686746988], [696908.391566265, 2574667.702866492], [696907.5275487789, 2574668.686746988], [696898.4124259589, 2574678.686746988], [696898.391566265, 2574678.7076066816], [696888.4104035532, 2574688.686746988], [696888.391566265, 2574688.7055842765], [696878.4112316618, 2574698.686746988], [696878.391566265, 2574698.7064123848], [696868.4129167777, 2574708.686746988], [696868.4129167777, 2574718.686746988], [696868.391566265, 2574718.7080975007], [696858.4146013214, 2574728.686746988], [696858.4146013214, 2574738.686746988], [696858.4150370162, 2574748.686746988], [696858.4157948123, 2574758.686746988], [696858.4168827207, 2574768.686746988], [696868.391566265, 2574778.661430532], [696868.4168827208, 2574778.686746988], [696868.4168827208, 2574788.686746988], [696868.4168827208, 2574798.686746988], [696868.391566265, 2574798.712063444], [696858.4168827207, 2574808.686746988], [696858.391566265, 2574808.7120634434], [696848.4168827208, 2574818.686746988], [696848.391566265, 2574818.712063444], [696838.4168827207, 2574828.686746988], [696838.391566265, 2574828.712063444], [696828.4168827208, 2574838.686746988], [696828.391566265, 2574838.7120634434], [696818.4168827207, 2574848.686746988], [696818.4168827207, 2574858.686746988], [696818.391566265, 2574858.712063444], [696808.4168827208, 2574868.686746988], [696818.391566265, 2574878.6614305326], [696818.4168827207, 2574878.686746988], [696818.4168827207, 2574888.686746988], [696818.4168827207, 2574898.686746988], [696818.4168827207, 2574908.686746988], [696818.391566265, 2574908.712063444], [696808.4097224389, 2574918.686746988], [696808.391566265, 2574918.7049031616], [696798.4168827207, 2574928.686746988], [696798.391566265, 2574928.712063444], [696788.4168827208, 2574938.686746988], [696788.4168827208, 2574948.686746988], [696788.391566265, 2574948.7120634434], [696778.391566265, 2574948.7120634434], [696768.4168827208, 2574958.686746988], [696768.4168827208, 2574968.686746988], [696768.4168827208, 2574978.686746988], [696768.391566265, 2574978.7120634434], [696758.4168827207, 2574988.686746988], [696758.4168827207, 2574998.686746988], [696758.4168827207, 2575008.686746988], [696758.4168827207, 2575018.686746988], [696768.391566265, 2575028.661430532], [696768.4168827208, 2575028.686746988], [696768.4168827208, 2575038.686746988], [696768.4168827208, 2575048.686746988], [696768.391566265, 2575048.712063444], [696758.4168827207, 2575058.686746988], [696758.391566265, 2575058.7120634434], [696748.4168827208, 2575068.686746988], [696748.4001493008, 2575078.686746988], [696748.391566265, 2575078.695330024], [696738.4168827207, 2575088.686746988], [696738.391566265, 2575088.7120634434], [696728.4168827208, 2575098.686746988], [696728.391566265, 2575098.712063444], [696718.4168827208, 2575108.686746988], [696718.4168827208, 2575118.686746988], [696718.4168827208, 2575128.686746988], [696718.4168827208, 2575138.686746988], [696718.4168827208, 2575148.686746988], [696718.4168827208, 2575158.686746988], [696718.391566265, 2575158.712063444], [696708.4168827207, 2575168.686746988], [696708.391566265, 2575168.7120634434], [696698.4168827208, 2575178.686746988], [696698.4168827208, 2575188.686746988], [696698.391566265, 2575188.7120634434], [696688.4168827207, 2575198.686746988], [696688.391566265, 2575198.712063444], [696678.391566265, 2575198.712063444], [696668.4168827207, 2575208.686746988], [696668.4168827207, 2575218.686746988], [696668.4168827207, 2575228.686746988], [696668.4168827207, 2575238.686746988], [696668.391566265, 2575238.712063444], [696658.4168827208, 2575248.686746988], [696658.4168827208, 2575258.686746988], [696658.4168827208, 2575268.686746988], [696668.391566265, 2575278.661430532], [696668.4168827207, 2575278.686746988], [696668.4168827207, 2575288.686746988], [696668.4168827207, 2575298.686746988], [696668.391566265, 2575298.7120634434], [696658.4168827208, 2575308.686746988], [696658.4168827208, 2575318.686746988], [696658.391566265, 2575318.712063444], [696648.4168827207, 2575328.686746988], [696648.391566265, 2575328.7120634434], [696638.4168827208, 2575338.686746988], [696638.391566265, 2575338.712063444], [696628.4168827207, 2575348.686746988], [696628.391566265, 2575348.712063444], [696618.4168827208, 2575358.686746988], [696618.4168827208, 2575368.686746988], [696618.391566265, 2575368.712063444], [696608.4168827207, 2575378.686746988], [696608.4168827207, 2575388.686746988], [696608.4168827207, 2575398.686746988], [696608.4168827207, 2575408.686746988], [696608.4168827207, 2575418.686746988], [696618.391566265, 2575428.661430532], [696618.4168827208, 2575428.686746988], [696618.4168827208, 2575438.686746988], [696618.4168827208, 2575448.686746988], [696618.391566265, 2575448.712063444], [696608.4168827207, 2575458.686746988], [696608.391566265, 2575458.712063444], [696598.4168827208, 2575468.686746988], [696598.391566265, 2575468.7120634434], [696588.4168827207, 2575478.686746988], [696588.391566265, 2575478.712063444], [696578.4168827208, 2575488.686746988], [696578.391566265, 2575488.7120634434], [696568.4168827207, 2575498.686746988], [696568.4168827207, 2575508.686746988], [696568.391566265, 2575508.712063444], [696558.4168827208, 2575518.686746988], [696568.391566265, 2575528.6614305326], [696568.4168827207, 2575528.686746988], [696568.4168827207, 2575538.686746988], [696568.4168827207, 2575548.686746988], [696568.4168827207, 2575558.686746988], [696568.391566265, 2575558.712063444], [696558.4168827208, 2575568.686746988], [696558.391566265, 2575568.712063444], [696548.4168827208, 2575578.686746988], [696548.391566265, 2575578.7120634434], [696538.4168827207, 2575588.686746988], [696538.4168827207, 2575598.686746988], [696538.391566265, 2575598.7120634434], [696528.391566265, 2575598.7120634434], [696518.4168827207, 2575608.686746988], [696518.4168827207, 2575618.686746988], [696518.4168827207, 2575628.686746988], [696518.391566265, 2575628.7120634434], [696508.4168827208, 2575638.686746988], [696508.4168827208, 2575648.686746988], [696508.4168827208, 2575658.686746988], [696508.4168827208, 2575668.686746988], [696518.391566265, 2575678.661430532], [696518.4168827207, 2575678.686746988], [696518.4168827207, 2575688.686746988], [696518.4168827207, 2575698.686746988], [696518.391566265, 2575698.712063444], [696508.4168827208, 2575708.686746988], [696508.391566265, 2575708.7120634434], [696498.4168827207, 2575718.686746988], [696498.4168827207, 2575728.686746988], [696498.391566265, 2575728.712063444], [696488.4159077706, 2575738.686746988], [696488.391566265, 2575738.7110884935], [696478.4168827207, 2575748.686746988], [696478.391566265, 2575748.712063444], [696468.4168827208, 2575758.686746988], [696468.4168827208, 2575768.686746988], [696468.4168827208, 2575778.686746988], [696468.4168827208, 2575788.686746988], [696468.4168827208, 2575798.686746988], [696468.4168827208, 2575808.686746988], [696468.391566265, 2575808.712063444], [696458.4168827207, 2575818.686746988], [696458.391566265, 2575818.7120634434], [696448.4168827208, 2575828.686746988], [696448.4159077706, 2575838.686746988], [696448.391566265, 2575838.7110884935], [696438.4168827207, 2575848.686746988], [696438.391566265, 2575848.7120634434], [696428.391566265, 2575848.7120634434], [696418.4168827207, 2575858.686746988], [696418.4168827207, 2575868.686746988], [696418.4168827207, 2575878.686746988], [696418.4168827207, 2575888.686746988], [696418.391566265, 2575888.712063444], [696408.4168827208, 2575898.686746988], [696408.4168827208, 2575908.686746988], [696408.4168827208, 2575918.686746988], [696418.391566265, 2575928.661430532], [696418.4168827207, 2575928.686746988], [696418.4168827207, 2575938.686746988], [696418.4168827207, 2575948.686746988], [696418.391566265, 2575948.712063444], [696408.4168827208, 2575958.686746988], [696408.4168827208, 2575968.686746988], [696408.391566265, 2575968.712063444], [696398.4168827208, 2575978.686746988], [696398.391566265, 2575978.7120634434], [696388.4157408583, 2575988.686746988], [696388.391566265, 2575988.710921581], [696378.415067263, 2575998.686746988], [696378.391566265, 2575998.710247986], [696368.391566265, 2575998.710247986], [696358.391566265, 2575998.710247986], [696358.3680652671, 2575998.686746988], [696358.3671160699, 2575988.686746988], [696348.391566265, 2575978.7111496595], [696338.391566265, 2575978.7067698603], [696328.391566265, 2575978.7067698603], [696318.391566265, 2575978.7059107996], [696318.3724024531, 2575978.686746988], [696308.391566265, 2575968.706913919], [696298.391566265, 2575968.706913919], [696298.3713993337, 2575968.686746988], [696298.3710622995, 2575958.686746988], [696288.391566265, 2575948.712063444], [696278.4168827208, 2575958.686746988], [696278.391566265, 2575958.7120634434], [696268.4168827207, 2575968.686746988], [696268.391566265, 2575968.712063444], [696258.4168827208, 2575978.686746988], [696258.4168827208, 2575988.686746988], [696258.391566265, 2575988.712063444], [696248.4168827208, 2575998.686746988], [696248.391566265, 2575998.712063444], [696238.4168827207, 2576008.686746988], [696238.391566265, 2576008.7120634434], [696228.391566265, 2576008.7120634434], [696218.4168827207, 2576018.686746988], [696218.391566265, 2576018.712063444], [696208.391566265, 2576018.712063444], [696198.4168827207, 2576028.686746988], [696198.391566265, 2576028.712063444], [696188.4168827208, 2576038.686746988], [696188.391566265, 2576038.7120634434], [696178.4168827207, 2576048.686746988], [696178.4168827207, 2576058.686746988], [696178.391566265, 2576058.712063444], [696168.391566265, 2576058.712063444], [696158.391566265, 2576058.712063444], [696148.4168827208, 2576068.686746988], [696148.4168827208, 2576078.686746988], [696148.4168827208, 2576088.686746988], [696158.391566265, 2576098.6614305326], [696158.4168827207, 2576098.686746988], [696168.391566265, 2576108.661430532], [696178.391566265, 2576108.661430532], [696178.4168827207, 2576108.686746988], [696188.391566265, 2576118.661430532], [696198.391566265, 2576118.662027953], [696208.391566265, 2576118.665733455], [696218.3742609855, 2576108.686746988], [696218.391566265, 2576108.6694417084], [696228.391566265, 2576108.6694417084], [696238.3746743741, 2576098.686746988], [696238.391566265, 2576098.6698550973], [696248.391566265, 2576098.6698550973], [696258.391566265, 2576098.6698550973], [696268.3744234627, 2576088.686746988], [696268.391566265, 2576088.669604186], [696278.391566265, 2576088.669604186], [696288.391566265, 2576088.669604186], [696298.391566265, 2576088.670356961], [696308.3768630266, 2576078.686746988], [696308.391566265, 2576078.6720437496], [696318.3775051719, 2576068.686746988], [696318.391566265, 2576068.672685895], [696328.372782989, 2576058.686746988], [696328.391566265, 2576058.6679637115], [696338.3726158963, 2576048.686746988], [696338.391566265, 2576048.6677966192], [696348.391566265, 2576048.6677966192], [696358.391566265, 2576048.6677966192], [696358.4105166338, 2576048.686746988], [696358.4106866687, 2576058.686746988], [696358.4106866687, 2576068.686746988], [696368.391566265, 2576078.6698550973], [696368.4084581559, 2576078.686746988], [696368.4084581559, 2576088.686746988], [696368.4084581559, 2576098.686746988], [696368.391566265, 2576098.703638879], [696358.4084581559, 2576108.686746988], [696358.391566265, 2576108.7036388787], [696348.4084581558, 2576118.686746988], [696348.391566265, 2576118.703638879], [696338.4084581559, 2576128.686746988], [696338.391566265, 2576128.7036388787], [696328.4084581559, 2576138.686746988], [696328.391566265, 2576138.703638879], [696318.4084581559, 2576148.686746988], [696318.4084581559, 2576158.686746988], [696318.391566265, 2576158.703638879], [696308.4084581559, 2576168.686746988], [696308.4084581559, 2576178.686746988], [696308.4084581559, 2576188.686746988], [696308.391566265, 2576188.703638879], [696298.391566265, 2576188.703638879], [696288.391566265, 2576188.703638879], [696278.4084581558, 2576198.686746988], [696278.391566265, 2576198.7036388787], [696268.391566265, 2576198.7036388787], [696258.4084581559, 2576208.686746988], [696258.391566265, 2576208.703638879], [696248.391566265, 2576208.703638879], [696238.4095459769, 2576218.686746988], [696238.391566265, 2576218.7047266997], [696228.391566265, 2576218.7064123848], [696218.391566265, 2576218.7080975007], [696208.391566265, 2576218.7097820444], [696198.391566265, 2576218.7114660228], [696188.391566265, 2576218.712063444], [696178.391566265, 2576218.712063444], [696168.391566265, 2576218.712063444], [696158.391566265, 2576218.712063444], [696158.3662498093, 2576218.686746988], [696148.391566265, 2576208.712063444], [696138.391566265, 2576208.712063444], [696138.3662498093, 2576208.686746988], [696128.391566265, 2576198.7120634434], [696118.391566265, 2576198.7120634434], [696118.3662498093, 2576198.686746988], [696108.391566265, 2576188.712063444], [696108.3662498094, 2576188.686746988], [696098.391566265, 2576178.7120634434], [696098.3662498093, 2576178.686746988], [696088.391566265, 2576168.712063444], [696088.3662498093, 2576168.686746988], [696078.391566265, 2576158.712063444], [696078.3662498094, 2576158.686746988], [696068.391566265, 2576148.7120634434], [696058.391566265, 2576148.7120634434], [696048.391566265, 2576148.7120634434], [696038.391566265, 2576148.7095457865], [696038.3687674664, 2576148.686746988], [696038.3662498094, 2576138.686746988], [696038.3662498094, 2576128.686746988], [696028.391566265, 2576118.7120634434], [696018.415363291, 2576128.686746988], [696018.4136790015, 2576138.686746988], [696018.391566265, 2576138.7088597245], [696008.391566265, 2576138.7088597245], [695998.391566265, 2576138.7088597245], [695988.4119941462, 2576148.686746988], [695988.391566265, 2576148.7071748693], [695978.391566265, 2576148.7071748693], [695968.4103087187, 2576158.686746988], [695968.391566265, 2576158.7054894413], [695958.391566265, 2576158.7054894413], [695948.391566265, 2576158.7054894413], [695938.391566265, 2576158.7054894413], [695928.391566265, 2576158.7054894413], [695918.391566265, 2576158.7054894413], [695908.4086227218, 2576168.686746988], [695908.391566265, 2576168.7038034447], [695898.4069361584, 2576178.686746988], [695898.391566265, 2576178.7021168815], [695888.4052490249, 2576188.686746988], [695888.4035613181, 2576198.686746988], [695888.391566265, 2576198.698742041], [695878.4018730439, 2576208.686746988], [695878.391566265, 2576208.697053767], [695868.391566265, 2576208.697053767], [695858.391566265, 2576208.697053767], [695858.3812594863, 2576208.686746988], [695848.391566265, 2576198.698742041], [695848.379571212, 2576198.686746988], [695838.391566265, 2576188.700429748], [695828.391566265, 2576188.69916814], [695828.3791451128, 2576188.686746988], [695818.391566265, 2576178.7008557], [695808.391566265, 2576178.700594419], [695798.391566265, 2576178.700594419], [695788.402037827, 2576188.686746988], [695788.391566265, 2576188.69721855], [695778.391566265, 2576188.69721855], [695768.391566265, 2576188.69721855], [695768.3810947031, 2576188.686746988], [695758.391566265, 2576178.700594419], [695748.391566265, 2576178.700594419], [695738.402037827, 2576188.686746988], [695738.391566265, 2576188.69721855], [695728.391566265, 2576188.69721855], [695718.398659674, 2576198.686746988], [695718.391566265, 2576198.693840397], [695708.391566265, 2576198.693840397], [695698.391566265, 2576198.702441946], [695688.391566265, 2576198.7035627393], [695678.391566265, 2576198.7035627393], [695668.4046706423, 2576208.686746988], [695668.391566265, 2576208.6998513653], [695658.391566265, 2576208.6998513653], [695648.4006187223, 2576218.686746988], [695648.391566265, 2576218.6957994453], [695638.391566265, 2576218.6957994453], [695628.4000193514, 2576228.686746988], [695628.4000193514, 2576238.686746988], [695628.4000193514, 2576248.686746988], [695628.4000193514, 2576258.686746988], [695628.391566265, 2576258.6952000745], [695618.4000193514, 2576268.686746988], [695618.391566265, 2576268.6952000745], [695608.391566265, 2576268.6952000745], [695598.3984947795, 2576278.686746988], [695598.391566265, 2576278.693675502], [695588.391566265, 2576278.693675502], [695578.3968047887, 2576288.686746988], [695578.3951142294, 2576298.686746988], [695578.391566265, 2576298.6902949526], [695568.391566265, 2576298.6902949526], [695558.391566265, 2576298.6902949526], [695548.391566265, 2576298.6902949526], [695538.393423095, 2576308.686746988], [695538.391566265, 2576308.688603818], [695528.3917313883, 2576318.686746988], [695528.391566265, 2576318.6869121115], [695518.391566265, 2576318.6869121115], [695508.391566265, 2576319.662642847], [695498.391566265, 2576319.662642847], [695488.391566265, 2576319.662642847], [695478.391566265, 2576319.662642847], [695468.3915662651, 2576319.662642847], [695458.391566265, 2576318.686746988], [695448.391566265, 2576318.686746988], [695438.391566265, 2576318.686746988], [695428.391566265, 2576318.686746988], [695418.391566265, 2576318.686746988]]}}, {"type": "Feature", "properties": {"hours": 0.5, "label": "30 min"}, "geometry": {"type": "LineString", "coordinates": [[694678.391566265, 2575398.6530201756], [694688.3578394527, 2575388.686746988], [694688.3578394527, 2575378.686746988], [694688.3578394527, 2575368.686746988], [694688.3578394527, 2575358.686746988], [694688.3578394527, 2575348.686746988], [694678.391566265, 2575338.7204738003], [694678.3578394527, 2575338.686746988], [694678.3578394527, 2575328.686746988], [694668.391566265, 2575318.7204738003], [694668.3578394528, 2575318.686746988], [694658.391566265, 2575308.7204738003], [694658.3578394527, 2575308.686746988], [694648.391566265, 2575298.7204738003], [694648.3578394527, 2575298.686746988], [694638.391566265, 2575288.7204738003], [694638.3578394527, 2575288.686746988], [694628.391566265, 2575278.7208505906], [694618.391566265, 2575278.7215937176], [694608.391566265, 2575278.7223367332], [694598.4270056598, 2575288.686746988], [694598.4260851046, 2575298.686746988], [694608.391566265, 2575308.6530201756], [694608.4252930772, 2575308.686746988], [694618.391566265, 2575318.6530201756], [694618.4252930774, 2575318.686746988], [694628.391566265, 2575328.6530201756], [694628.4252930774, 2575328.686746988], [694638.391566265, 2575338.6530201756], [694638.4252930774, 2575338.686746988], [694638.4252930774, 2575348.686746988], [694648.391566265, 2575358.6549180006], [694648.4233952528, 2575358.686746988], [694658.391566265, 2575368.6545021143], [694658.423811139, 2575368.686746988], [694658.4252930772, 2575378.686746988], [694668.391566265, 2575388.6530201756], [694668.4252930774, 2575388.686746988], [694678.391566265, 2575398.6530201756]]}}, {"type": "Feature", "properties": {"hours": 0.5, "label": "30 min"}, "geometry": {"type": "LineString", "coordinates": [[696808.391566265, 2574408.6698550973], [696818.391566265, 2574408.6698550973], [696828.3746743742, 2574398.686746988], [696828.3746743742, 2574388.686746988], [696828.3746743742, 2574378.686746988], [696828.3746743742, 2574368.686746988], [696828.3746743742, 2574358.686746988], [696828.3746743742, 2574348.686746988], [696828.3746743742, 2574338.686746988], [696828.3746743742, 2574328.686746988], [696828.3746743742, 2574318.686746988], [696828.3746743742, 2574308.686746988], [696828.391566265, 2574308.6698550973], [696838.3746743741, 2574298.686746988], [696838.3746743741, 2574288.686746988], [696838.391566265, 2574288.6698550973], [696848.391566265, 2574288.6698550973], [696858.3746743741, 2574278.686746988], [696848.391566265, 2574268.7036388787], [696838.391566265, 2574268.7036388787], [696828.391566265, 2574268.7036388787], [696818.4084581558, 2574278.686746988], [696818.391566265, 2574278.7036388787], [696808.4084581559, 2574288.686746988], [696808.391566265, 2574288.703638879], [696798.4084581559, 2574298.686746988], [696798.4084581559, 2574308.686746988], [696798.4084581559, 2574318.686746988], [696798.4084581559, 2574328.686746988], [696798.4084581559, 2574338.686746988], [696798.4084581559, 2574348.686746988], [696798.4084581559, 2574358.686746988], [696798.4084581559, 2574368.686746988], [696798.4084581559, 2574378.686746988], [696798.4084581559, 2574388.686746988], [696798.4084581559, 2574398.686746988], [696808.391566265, 2574408.6698550973]]}}, {"type": "Feature", "properties": {"hours": 0.5, "label": "30 min"}, "geometry": {"type": "LineString", "coordinates": [[692508.391566265, 2573958.644623989], [692518.391566265, 2573958.644623989], [692528.391566265, 2573958.644623989], [692538.391566265, 2573958.644623989], [692548.3494432662, 2573948.686746988], [692548.391566265, 2573948.6446239892], [692558.391566265, 2573948.6446239892], [692568.391566265, 2573948.6446239892], [692578.3494432662, 2573938.686746988], [692578.391566265, 2573938.6446239892], [692588.391566265, 2573938.6446239892], [692598.391566265, 2573938.6446239892], [692608.349443266, 2573928.686746988], [692608.391566265, 2573928.644623989], [692618.3494432662, 2573918.686746988], [692618.391566265, 2573918.6446239892], [692628.391566265, 2573918.6446239892], [692638.349443266, 2573908.686746988], [692638.349443266, 2573898.686746988], [692628.391566265, 2573888.728869987], [692618.391566265, 2573888.728869987], [692618.3494432662, 2573888.686746988], [692618.3494432662, 2573878.686746988], [692608.391566265, 2573868.728869987], [692598.391566265, 2573868.728869987], [692598.3494432662, 2573868.686746988], [692588.391566265, 2573858.7288699867], [692588.349443266, 2573858.686746988], [692588.349443266, 2573848.686746988], [692588.349443266, 2573838.686746988], [692578.391566265, 2573828.7288699867], [692578.3494432662, 2573828.686746988], [692568.391566265, 2573818.7288699867], [692568.349443266, 2573818.686746988], [692568.349443266, 2573808.686746988], [692558.391566265, 2573798.7288699867], [692558.3494432662, 2573798.686746988], [692548.391566265, 2573788.7288699867], [692548.3494432662, 2573788.686746988], [692548.3494432662, 2573778.686746988], [692538.391566265, 2573768.7288699867], [692538.349443266, 2573768.686746988], [692528.391566265, 2573758.7288699867], [692528.3494432662, 2573758.686746988], [692518.391566265, 2573748.728869987], [692518.349443266, 2573748.686746988], [692508.391566265, 2573738.7288699867], [692498.391566265, 2573738.7288699867], [692488.391566265, 2573738.7288699867], [692478.391566265, 2573738.7288699867], [692478.349443266, 2573738.686746988], [692468.391566265, 2573728.728869987], [692458.391566265, 2573728.728869987], [692448.391566265, 2573728.728869987], [692438.391566265, 2573728.728869987], [692438.3494432662, 2573728.686746988], [692428.391566265, 2573718.7288699867], [692418.433689264, 2573728.686746988], [692418.433689264, 2573738.686746988], [692418.433689264, 2573748.686746988], [692418.391566265, 2573748.728869987], [692408.4336892639, 2573758.686746988], [692418.391566265, 2573768.6446239892], [692418.433689264, 2573768.686746988], [692418.433689264, 2573778.686746988], [692428.391566265, 2573788.644623989], [692428.4336892639, 2573788.686746988], [692428.4336892639, 2573798.686746988], [692438.391566265, 2573808.6446239892], [692438.433689264, 2573808.686746988], [692448.391566265, 2573818.644623989], [692448.4336892639, 2573818.686746988], [692448.4336892639, 2573828.686746988], [692448.4336892639, 2573838.686746988], [692448.4336892639, 2573848.686746988], [692458.391566265, 2573858.6446239892], [692458.4336892639, 2573858.686746988], [692458.4336892639, 2573868.686746988], [692458.4336892639, 2573878.686746988], [692458.4336892639, 2573888.686746988], [692458.4336892639, 2573898.686746988], [692458.4336892639, 2573908.686746988], [692468.391566265, 2573918.6446239892], [692468.433689264, 2573918.686746988], [692468.433689264, 2573928.686746988], [692478.391566265, 2573938.6446239892], [692488.391566265, 2573938.6446239892], [692488.433689264, 2573938.686746988], [692498.391566265, 2573948.6446239892], [692498.4336892639, 2573948.686746988], [692508.391566265, 2573958.644623989]]}}, {"type": "Feature", "properties": {"hours": 0.5, "label": "30 min"}, "geometry": {"type": "LineString", "coordinates": [[696778.391566265, 2573818.673731108], [696788.391566265, 2573818.673731108], [696798.391566265, 2573818.673731108], [696808.391566265, 2573818.673731108], [696818.391566265, 2573818.673731108], [696828.391566265, 2573818.673731108], [696838.391566265, 2573818.673731108], [696848.3802383177, 2573808.686746988], [696848.391566265, 2573808.675419041], [696858.3819268175, 2573798.686746988], [696858.391566265, 2573798.6771075404], [696868.3831131787, 2573788.686746988], [696868.3831131787, 2573778.686746988], [696868.3831131787, 2573768.686746988], [696858.391566265, 2573758.6952000745], [696858.3831131787, 2573758.686746988], [696858.3831131787, 2573748.686746988], [696848.391566265, 2573738.6952000745], [696848.3831131787, 2573738.686746988], [696848.3831131787, 2573728.686746988], [696838.391566265, 2573718.6952000745], [696828.391566265, 2573718.6953649186], [696818.391566265, 2573718.6953649186], [696808.391566265, 2573718.6953649186], [696798.391566265, 2573718.6953649186], [696798.3829483343, 2573718.686746988], [696798.3812594862, 2573708.686746988], [696798.379571212, 2573698.686746988], [696788.391566265, 2573688.701518268], [696778.391566265, 2573688.7032050337], [696768.408024311, 2573698.686746988], [696768.391566265, 2573698.703205034], [696758.391566265, 2573698.703638879], [696748.4084581559, 2573708.686746988], [696748.391566265, 2573708.7036388787], [696738.4084581559, 2573718.686746988], [696738.408024311, 2573728.686746988], [696748.391566265, 2573738.67771498], [696758.391566265, 2573738.6787284804], [696758.3995847726, 2573738.686746988], [696758.3995847726, 2573748.686746988], [696758.4006064122, 2573758.686746988], [696768.391566265, 2573768.677706841], [696768.4006064121, 2573768.686746988], [696768.4022951146, 2573778.686746988], [696768.4039832462, 2573788.686746988], [696768.4044855095, 2573798.686746988], [696768.4044855095, 2573808.686746988], [696778.391566265, 2573818.673731108]]}}, {"type": "Feature", "properties": {"hours": 1.0, "label": "1 h"}, "geometry": {"type": "LineString", "coordinates": [[695398.3915662649, 2576368.729083992], [695398.3492292605, 2576368.686746988], [695398.3485675299, 2576358.686746988], [695398.3478118097, 2576348.686746988], [695398.3478118097, 2576338.686746988], [695398.3478118097, 2576328.686746988], [695398.391566265, 2576328.642992533], [695408.3420634895, 2576318.686746988], [695398.391566265, 2576308.735576165], [695398.3427370881, 2576308.686746988], [695398.3427370881, 2576298.686746988], [695398.3408048437, 2576288.686746988], [695388.391566265, 2576278.737508409], [695388.3408048437, 2576278.686746988], [695378.391566265, 2576268.737508409], [695378.3408048437, 2576268.686746988], [695368.391566265, 2576258.7375084097], [695368.3408048437, 2576258.686746988], [695368.3407288353, 2576248.686746988], [695368.3403921605, 2576238.686746988], [695368.3400555084, 2576228.686746988], [695368.3400555084, 2576218.686746988], [695368.3397188792, 2576208.686746988], [695358.391566265, 2576198.73893098], [695358.3393822728, 2576198.686746988], [695358.3390456861, 2576188.686746988], [695358.3390456861, 2576178.686746988], [695358.3390456861, 2576168.686746988], [695358.3390456861, 2576158.686746988], [695358.3390456861, 2576148.686746988], [695358.391566265, 2576148.6342264093], [695368.391566265, 2576148.6342264093], [695378.3388610815, 2576138.686746988], [695378.3388610815, 2576128.686746988], [695378.3388610815, 2576118.686746988], [695378.3388610815, 2576108.686746988], [695378.391566265, 2576108.6340418044], [695388.3371785672, 2576098.686746988], [695388.391566265, 2576098.63235929], [695398.391566265, 2576098.6306773415], [695408.391566265, 2576098.628995962], [695418.3326345629, 2576088.686746988], [695418.391566265, 2576088.6278152857], [695428.332634563, 2576078.686746988], [695428.391566265, 2576078.627815286], [695438.391566265, 2576078.627575389], [695448.3323946664, 2576068.686746988], [695448.391566265, 2576068.6275753896], [695458.391566265, 2576068.6275753896], [695468.3323946664, 2576058.686746988], [695468.391566265, 2576058.627575389], [695478.391566265, 2576058.627575389], [695488.3323946664, 2576048.686746988], [695488.391566265, 2576048.6275753896], [695498.3323946664, 2576038.686746988], [695498.391566265, 2576038.627575389], [695508.3323946664, 2576028.686746988], [695508.391566265, 2576028.6275753896], [695518.3321344313, 2576018.686746988], [695518.391566265, 2576018.6273151543], [695528.3304541917, 2576008.686746988], [695528.391566265, 2576008.6256349147], [695538.3287745168, 2575998.686746988], [695538.391566265, 2575998.6239552395], [695548.391566265, 2575998.6222761353], [695558.3259163315, 2575988.686746988], [695558.391566265, 2575988.6210970543], [695568.3259163315, 2575978.686746988], [695568.391566265, 2575978.6210970543], [695578.3259163315, 2575968.686746988], [695578.391566265, 2575968.6210970543], [695588.391566265, 2575968.619418913], [695598.32423819, 2575958.686746988], [695598.391566265, 2575958.619418913], [695608.391566265, 2575958.6191794216], [695618.391566265, 2575958.6191794216], [695628.391566265, 2575958.6191794216], [695638.3239986985, 2575948.686746988], [695638.391566265, 2575948.619179421], [695648.391566265, 2575948.619179421], [695658.391566265, 2575948.619179421], [695668.391566265, 2575948.619179421], [695678.391566265, 2575948.619179421], [695688.391566265, 2575948.619179421], [695698.391566265, 2575948.619179421], [695698.4591338317, 2575948.686746988], [695708.391566265, 2575958.6191794216], [695718.391566265, 2575958.6191794216], [695728.391566265, 2575958.6191794216], [695738.391566265, 2575958.6191794216], [695748.391566265, 2575958.6191794216], [695758.391566265, 2575958.6191794216], [695768.391566265, 2575958.6191794216], [695778.391566265, 2575958.6191794216], [695788.391566265, 2575958.6191794216], [695798.391566265, 2575958.6191794216], [695808.391566265, 2575958.6191794216], [695818.391566265, 2575958.6191794216], [695828.3239986985, 2575948.686746988], [695828.391566265, 2575948.619179421], [695838.391566265, 2575948.619179421], [695848.391566265, 2575948.619179421], [695858.391566265, 2575948.619179421], [695858.4591338317, 2575948.686746988], [695868.391566265, 2575958.618919626], [695878.391566265, 2575958.61724222], [695888.391566265, 2575958.6163239796], [695898.3228203523, 2575948.686746988], [695898.391566265, 2575948.618001075], [695908.391566265, 2575948.618001075], [695918.391566265, 2575948.618001075], [695928.391566265, 2575948.618001075], [695938.391566265, 2575948.618001075], [695948.391566265, 2575948.618001075], [695958.391566265, 2575948.618001075], [695968.391566265, 2575948.618001075], [695978.391566265, 2575948.618001075], [695988.391566265, 2575948.618001075], [695998.391566265, 2575948.618001075], [696008.391566265, 2575948.618001075], [696018.391566265, 2575948.618001075], [696028.391566265, 2575948.618001075], [696038.391566265, 2575948.618001075], [696038.4603121778, 2575948.686746988], [696048.391566265, 2575958.6163239796], [696058.391566265, 2575958.6163239796], [696068.391566265, 2575958.6163239796], [696078.391566265, 2575958.6163239796], [696078.4619892735, 2575958.686746988], [696088.391566265, 2575968.6113717277], [696098.391566265, 2575968.6113717277], [696108.391566265, 2575968.610797621], [696118.391566265, 2575968.610797621], [696128.315616898, 2575958.686746988], [696128.391566265, 2575958.610797621], [696138.3156168979, 2575948.686746988], [696138.391566265, 2575948.610797621], [696148.3156168979, 2575938.686746988], [696148.391566265, 2575938.610797621], [696158.315616898, 2575928.686746988], [696158.315616898, 2575918.686746988], [696158.391566265, 2575918.610797621], [696168.3156168979, 2575908.686746988], [696168.3156168979, 2575898.686746988], [696168.391566265, 2575898.6107976213], [696178.315616898, 2575888.6867469884], [696178.315616898, 2575878.686746988], [696178.391566265, 2575878.610797621], [696188.3156168979, 2575868.686746988], [696188.3156168979, 2575858.686746988], [696188.391566265, 2575858.610797621], [696198.315616898, 2575848.686746988], [696198.391566265, 2575848.610797621], [696208.3156168979, 2575838.686746988], [696208.3156168979, 2575828.686746988], [696208.3156168979, 2575818.686746988], [696198.391566265, 2575808.762696355], [696198.315616898, 2575808.686746988], [696198.315616898, 2575798.686746988], [696198.315616898, 2575788.686746988], [696198.315616898, 2575778.686746988], [696188.391566265, 2575768.762859811], [696188.3154534422, 2575768.686746988], [696178.391566265, 2575758.7645344185], [696178.3137788347, 2575758.686746988], [696168.391566265, 2575748.762955712], [696168.3153575406, 2575748.686746988], [696158.391566265, 2575738.763906482], [696158.3144067711, 2575738.686746988], [696148.391566265, 2575728.7645762507], [696148.3137370023, 2575728.686746988], [696148.3137370023, 2575718.686746988], [696148.3137370023, 2575708.686746988], [696148.3137370023, 2575698.686746988], [696148.391566265, 2575698.6089177253], [696158.3142393205, 2575688.686746988], [696158.391566265, 2575688.6094200434], [696168.3153575406, 2575678.686746988], [696168.391566265, 2575678.6105382633], [696178.3136829656, 2575668.686746988], [696178.391566265, 2575668.6088636885], [696188.3120089557, 2575658.686746988], [696188.391566265, 2575658.6071896786], [696198.3103355105, 2575648.686746988], [696198.391566265, 2575648.6055162335], [696208.3072492335, 2575638.686746988], [696208.3072492335, 2575628.686746988], [696198.391566265, 2575618.7710640193], [696188.391566265, 2575618.7710640193], [696178.391566265, 2575618.7710640193], [696168.391566265, 2575618.7710640193], [696158.391566265, 2575618.7710640193], [696148.4751287698, 2575628.686746988], [696148.391566265, 2575628.770309493], [696138.391566265, 2575628.770309493], [696128.391566265, 2575628.770309493], [696118.391566265, 2575628.770309493], [696108.391566265, 2575628.770309493], [696098.391566265, 2575628.770309493], [696098.3080037603, 2575628.686746988], [696088.391566265, 2575618.7710640193], [696088.3072492335, 2575618.686746988], [696078.391566265, 2575608.7710640198], [696078.3072492335, 2575608.686746988], [696078.3072492335, 2575598.686746988], [696068.391566265, 2575588.7710640198], [696058.391566265, 2575588.7710640198], [696048.391566265, 2575588.7710640198], [696038.391566265, 2575588.7710640198], [696028.391566265, 2575588.7710640198], [696028.3072492335, 2575588.686746988], [696018.391566265, 2575578.7710640193], [696008.391566265, 2575578.7710640193], [696008.3072492335, 2575578.686746988], [695998.391566265, 2575568.7710640198], [695998.3072492335, 2575568.686746988], [695988.391566265, 2575558.7710640193], [695978.391566265, 2575558.7710640193], [695978.3072492335, 2575558.686746988], [695968.391566265, 2575548.7710640198], [695958.391566265, 2575548.769936569], [695958.308376684, 2575548.686746988], [695948.391566265, 2575538.768602215], [695938.391566265, 2575538.7672675033], [695938.3110457499, 2575538.686746988], [695928.391566265, 2575528.7671034425], [695918.391566265, 2575528.7665626863], [695918.3117505666, 2575528.686746988], [695908.391566265, 2575518.7682921863], [695898.391566265, 2575518.7680423497], [695898.3102709034, 2575518.686746988], [695888.391566265, 2575508.7701008404], [695888.3082124123, 2575508.686746988], [695878.391566265, 2575498.7710640193], [695878.3072492335, 2575498.686746988], [695868.391566265, 2575488.768689762], [695858.4738168807, 2575498.686746988], [695858.391566265, 2575498.768997604], [695848.4758832966, 2575508.686746988], [695848.391566265, 2575508.7710640198], [695838.4754675215, 2575518.686746988], [695838.391566265, 2575518.7706482443], [695828.4742643295, 2575528.686746988], [695828.4722119096, 2575538.686746988], [695828.391566265, 2575538.7673926326], [695818.4710108576, 2575548.686746988], [695818.391566265, 2575548.7661915803], [695808.471573207, 2575558.686746988], [695808.391566265, 2575558.76675393], [695798.4732963549, 2575568.686746988], [695798.391566265, 2575568.7684770776], [695788.391566265, 2575568.7701800913], [695778.391566265, 2575568.7710640198], [695768.4758832966, 2575578.686746988], [695768.391566265, 2575578.7710640193], [695758.391566265, 2575578.7710640193], [695748.4758832966, 2575588.686746988], [695748.391566265, 2575588.7710640198], [695738.391566265, 2575588.7710640198], [695728.4756533537, 2575598.686746988], [695728.391566265, 2575598.7708340767], [695718.4750757774, 2575608.686746988], [695718.391566265, 2575608.7702565], [695708.4744981352, 2575618.686746988], [695708.391566265, 2575618.769678858], [695698.4739204256, 2575628.686746988], [695698.4732117128, 2575638.686746988], [695698.391566265, 2575638.7683924357], [695688.4726338533, 2575648.686746988], [695688.391566265, 2575648.767814576], [695678.4723382551, 2575658.686746988], [695678.4717253956, 2575668.686746988], [695678.391566265, 2575668.7669061185], [695668.4722221758, 2575678.686746988], [695668.4722476319, 2575688.686746988], [695668.4722476319, 2575698.686746988], [695668.4722476319, 2575708.686746988], [695668.4722476319, 2575718.6867469875], [695668.4722476319, 2575728.686746988], [695668.4720848321, 2575738.686746988], [695668.4712894867, 2575748.686746988], [695668.4704940136, 2575758.686746988], [695668.469698413, 2575768.686746988], [695668.391566265, 2575768.764879136], [695658.469698413, 2575778.686746988], [695658.391566265, 2575778.764879136], [695648.4696984129, 2575788.686746988], [695648.391566265, 2575788.7648791363], [695638.391566265, 2575788.7656343803], [695628.4704005055, 2575798.686746988], [695628.391566265, 2575798.7655812283], [695618.471199495, 2575808.686746988], [695618.391566265, 2575808.766380218], [695608.4735601994, 2575818.686746988], [695608.4731140705, 2575828.686746988], [695608.4725563539, 2575838.686746988], [695608.391566265, 2575838.767737077], [695598.391566265, 2575838.768810222], [695588.391566265, 2575838.768810222], [695578.391566265, 2575838.768810222], [695568.391566265, 2575838.768222737], [695558.391566265, 2575838.7686815397], [695548.391566265, 2575838.7691403], [695538.4725340529, 2575848.686746988], [695538.391566265, 2575848.767714776], [695528.4723306791, 2575858.686746988], [695528.391566265, 2575858.767511402], [695518.391566265, 2575858.76918444], [695508.4738004019, 2575868.686746988], [695508.391566265, 2575868.7689811247], [695498.4743063285, 2575878.686746988], [695498.391566265, 2575878.7694870513], [695488.391566265, 2575878.769554851], [695478.391566265, 2575878.769554851], [695468.391566265, 2575878.769554851], [695458.391566265, 2575878.769554851], [695458.3087584019, 2575878.686746988], [695448.391566265, 2575868.7710640193], [695438.391566265, 2575868.7710640193], [695428.391566265, 2575868.7710640193], [695418.47329561, 2575878.686746988], [695418.391566265, 2575878.7684763325], [695408.391566265, 2575878.7684763325], [695398.391566265, 2575878.7684763325], [695388.391566265, 2575878.7673320533], [695378.391566265, 2575878.7661875105], [695378.3121257429, 2575878.686746988], [695368.391566265, 2575868.7663778076], [695368.3119354456, 2575868.686746988], [695358.391566265, 2575858.767011438], [695358.3113018147, 2575858.686746988], [695348.391566265, 2575848.7676449884], [695348.3106682646, 2575848.686746988], [695338.391566265, 2575838.7683607293], [695338.3099525238, 2575838.686746988], [695328.391566265, 2575828.7693359903], [695328.3089772627, 2575828.686746988], [695318.391566265, 2575818.7709306064], [695308.4758832966, 2575828.686746988], [695308.475658706, 2575838.686746988], [695308.391566265, 2575838.770839429], [695298.391566265, 2575838.7710640198], [695288.475576966, 2575848.686746988], [695288.4739044588, 2575858.686746988], [695288.391566265, 2575858.7690851814], [695278.4731077028, 2575868.686746988], [695278.4718019356, 2575878.686746988], [695278.391566265, 2575878.7669826583], [695268.4707562219, 2575888.686746988], [695268.391566265, 2575888.765936945], [695258.391566265, 2575888.7666945285], [695248.4707166651, 2575898.686746988], [695248.391566265, 2575898.765897388], [695238.391566265, 2575898.765897388], [695228.391566265, 2575898.765897388], [695228.3124158649, 2575898.686746988], [695218.391566265, 2575888.7677698857], [695208.391566265, 2575888.76578405], [695208.3125292031, 2575888.686746988], [695208.3108555825, 2575878.686746988], [695208.3091825263, 2575868.686746988], [695208.3082192861, 2575858.686746988], [695198.391566265, 2575848.7689252244], [695198.3093880288, 2575848.686746988], [695198.3093186871, 2575838.686746988], [695188.391566265, 2575828.7678255644], [695188.3104876888, 2575828.686746988], [695188.3092719326, 2575818.686746988], [695178.391566265, 2575808.769061583], [695178.3092516703, 2575808.686746988], [695168.391566265, 2575798.7690861793], [695158.391566265, 2575798.767433383], [695148.391566265, 2575798.766546864], [695138.391566265, 2575798.768869725], [695128.391566265, 2575798.769714914], [695118.391566265, 2575798.770559958], [695108.391566265, 2575798.7710640198], [695098.4756607722, 2575808.686746988], [695098.391566265, 2575808.770841495], [695088.391566265, 2575808.770841495], [695078.391566265, 2575808.770841495], [695068.391566265, 2575808.770788217], [695068.307525036, 2575808.686746988], [695068.3072492335, 2575798.686746988], [695068.3072492335, 2575788.686746988], [695068.3072492335, 2575778.686746988], [695058.391566265, 2575768.7710640193], [695058.3072492335, 2575768.686746988], [695048.391566265, 2575758.7710640198], [695038.391566265, 2575758.7710640198], [695038.3072492335, 2575758.686746988], [695028.391566265, 2575748.7710640193], [695018.3915662651, 2575748.7700678394], [695008.391566265, 2575748.766091827], [694998.391566265, 2575748.766359889], [694988.391566265, 2575748.7693175687], [694978.4757757097, 2575758.686746988], [694978.475849236, 2575768.6867469884], [694978.475849236, 2575778.6867469875], [694978.475849236, 2575788.6867469875], [694978.391566265, 2575788.771029959], [694968.474981741, 2575798.686746988], [694968.4718213221, 2575808.686746988], [694968.391566265, 2575808.767002045], [694958.391566265, 2575808.767002045], [694948.391566265, 2575808.767002045], [694938.391566265, 2575808.7665288793], [694938.3117843737, 2575808.686746988], [694928.391566265, 2575798.766989636], [694918.391566265, 2575798.7646233505], [694908.391566265, 2575798.7622559364], [694908.3160573165, 2575798.686746988], [694908.3132289693, 2575788.686746988], [694898.391566265, 2575778.765545176], [694898.3127680775, 2575778.686746988], [694898.3113427453, 2575768.686746988], [694898.3110539548, 2575758.686746988], [694898.3099123675, 2575748.686746988], [694898.3079323551, 2575738.686746988], [694898.3072492335, 2575728.686746988], [694888.391566265, 2575718.7710640198], [694878.391566265, 2575718.7710640198], [694868.391566265, 2575718.7710640198], [694868.3072492335, 2575718.686746988], [694858.391566265, 2575708.7710640193], [694848.391566265, 2575708.7710640193], [694838.391566265, 2575708.7705765036], [694838.3077367494, 2575708.686746988], [694828.391566265, 2575698.7710640198], [694828.3072492335, 2575698.686746988], [694818.391566265, 2575688.7710640193], [694818.3072492335, 2575688.686746988], [694808.391566265, 2575678.7710640193], [694798.391566265, 2575678.7710640193], [694788.391566265, 2575678.7710640193], [694778.391566265, 2575678.7710640193], [694768.391566265, 2575678.7710640193], [694768.3072492336, 2575678.686746988], [694758.391566265, 2575668.7710640198], [694758.3072492335, 2575668.686746988], [694748.391566265, 2575658.7710640193], [694738.391566265, 2575658.7710640193], [694728.391566265, 2575658.7710640193], [694728.3072492335, 2575658.686746988], [694718.391566265, 2575648.7710640198], [694718.3072492335, 2575648.686746988], [694708.391566265, 2575638.7710640193], [694708.3072492335, 2575638.686746988], [694698.391566265, 2575628.7710640198], [694688.391566265, 2575628.7710640198], [694678.391566265, 2575628.7710640198], [694678.3072492335, 2575628.686746988], [694668.391566265, 2575618.7710640193], [694668.3072492335, 2575618.686746988], [694668.3072492335, 2575608.686746988], [694658.391566265, 2575598.7710640193], [694648.391566265, 2575598.770065241], [694648.3082480122, 2575598.686746988], [694648.307253134, 2575588.686746988], [694648.3072492335, 2575578.686746988], [694648.3072492335, 2575568.686746988], [694648.3072492335, 2575558.686746988], [694648.3072492335, 2575548.686746988], [694648.391566265, 2575548.6024299567], [694658.3072492335, 2575538.686746988], [694648.391566265, 2575528.7710640198], [694638.391566265, 2575528.7710640198], [694628.391566265, 2575528.7710640198], [694618.4721647133, 2575538.686746988], [694618.391566265, 2575538.7673454364], [694608.391566265, 2575538.768049313], [694598.391566265, 2575538.768753091], [694588.4755471882, 2575548.686746988], [694588.4758690268, 2575558.686746988], [694588.4758832965, 2575568.686746988], [694588.4758832965, 2575578.686746988], [694588.4758832965, 2575588.686746988], [694588.391566265, 2575588.7710640198], [694578.391566265, 2575588.7710640198], [694568.391566265, 2575588.7710640198], [694558.391566265, 2575588.7710640198], [694548.391566265, 2575588.7710640198], [694538.391566265, 2575588.7710640198], [694528.391566265, 2575588.7710640198], [694518.391566265, 2575588.7710640198], [694518.3072492335, 2575588.686746988], [694508.391566265, 2575578.7710640193], [694498.391566265, 2575578.7710640193], [694488.391566265, 2575578.7710640193], [694488.3072492335, 2575578.686746988], [694478.391566265, 2575568.7710640198], [694478.3072492335, 2575568.686746988], [694468.391566265, 2575558.7710640193], [694468.3072492335, 2575558.686746988], [694458.391566265, 2575548.7710640198], [694458.3072492335, 2575548.686746988], [694448.391566265, 2575538.7710640193], [694448.3072492335, 2575538.686746988], [694448.3072492335, 2575528.686746988], [694438.391566265, 2575518.7710640193], [694438.3072492336, 2575518.686746988], [694428.391566265, 2575508.7710640198], [694428.3072492335, 2575508.686746988], [694418.391566265, 2575498.7710640193], [694408.391566265, 2575498.7710640193], [694398.391566265, 2575498.7710640193], [694398.3072492335, 2575498.686746988], [694388.391566265, 2575488.7710640198], [694378.391566265, 2575488.7710640198], [694368.4758832966, 2575498.686746988], [694368.391566265, 2575498.7710640193], [694358.391566265, 2575498.7710640193], [694348.391566265, 2575498.7710640193], [694338.4758832966, 2575508.686746988], [694338.391566265, 2575508.7710640198], [694328.391566265, 2575508.7710640198], [694318.4758832966, 2575518.686746988], [694318.391566265, 2575518.7710640193], [694308.391566265, 2575518.7710640193], [694298.391566265, 2575518.7710640193], [694288.391566265, 2575518.7710640193], [694278.391566265, 2575518.7710640193], [694268.391566265, 2575518.7710640193], [694268.3072492335, 2575518.686746988], [694258.391566265, 2575508.7710640198], [694248.391566265, 2575508.7710640198], [694248.3072492335, 2575508.686746988], [694238.391566265, 2575498.7710640193], [694238.3072492335, 2575498.686746988], [694228.391566265, 2575488.7710640198], [694218.391566265, 2575488.7710640198], [694208.391566265, 2575488.7710640198], [694198.391566265, 2575488.7710835217], [694188.391566265, 2575488.7728127083], [694178.391566265, 2575488.774541291], [694168.391566265, 2575488.77494946], [694158.391566265, 2575488.77494946], [694148.391566265, 2575488.77494946], [694138.391566265, 2575488.774948373], [694138.3033648805, 2575488.686746988], [694128.391566265, 2575478.776201604], [694128.3021116495, 2575478.686746988], [694128.300857376, 2575468.686746988], [694118.391566265, 2575458.7782145594], [694118.3000986933, 2575458.686746988], [694108.391566265, 2575448.7781932605], [694108.3001199925, 2575448.686746988], [694108.2988956672, 2575438.686746988], [694108.2988956672, 2575428.686746988], [694098.391566265, 2575418.779417586], [694088.391566265, 2575418.779417586], [694078.391566265, 2575418.779417586], [694068.391566265, 2575418.7793001286], [694058.391566265, 2575418.778311141], [694048.4796672951, 2575428.686746988], [694048.391566265, 2575428.7748480183], [694038.480130612, 2575438.686746988], [694038.391566265, 2575438.775311335], [694028.391566265, 2575438.7775099277], [694018.4842368629, 2575448.686746988], [694018.4842368629, 2575458.686746988], [694018.4842368629, 2575468.686746988], [694028.391566265, 2575478.6000950066], [694028.4782182464, 2575478.686746988], [694038.391566265, 2575488.6024299567], [694048.391566265, 2575488.6024299567], [694058.391566265, 2575488.6024299567], [694058.4758832966, 2575488.686746988], [694068.391566265, 2575498.602429956], [694078.391566265, 2575498.602429956], [694088.391566265, 2575498.602429956], [694098.391566265, 2575498.602429956], [694098.4758832965, 2575498.686746988], [694108.3915662651, 2575508.6024299567], [694118.391566265, 2575508.6024299567], [694118.4758832966, 2575508.686746988], [694128.391566265, 2575518.602429956], [694138.391566265, 2575518.602429956], [694138.4758832966, 2575518.686746988], [694148.391566265, 2575528.6024299567], [694158.391566265, 2575528.6024299567], [694168.391566265, 2575528.6024299567], [694168.4758832966, 2575528.686746988], [694178.391566265, 2575538.602429956], [694188.391566265, 2575538.602429956], [694198.391566265, 2575538.602429956], [694198.4758832966, 2575538.686746988], [694208.391566265, 2575548.6024299567], [694218.391566265, 2575548.6024299567], [694218.4758832966, 2575548.686746988], [694228.391566265, 2575558.602429956], [694238.391566265, 2575558.602429956], [694238.4758832966, 2575558.686746988], [694248.391566265, 2575568.6024299567], [694248.4758832966, 2575568.686746988], [694248.4758832966, 2575578.686746988], [694258.391566265, 2575588.6024299567], [694258.4758832966, 2575588.686746988], [694268.391566265, 2575598.602429956], [694268.4758832965, 2575598.686746988], [694278.391566265, 2575608.6024299567], [694278.4758832966, 2575608.686746988], [694288.391566265, 2575618.602429956], [694298.391566265, 2575618.602429956], [694308.391566265, 2575618.602429956], [694308.4758832966, 2575618.686746988], [694318.391566265, 2575628.6024299567], [694318.4758832966, 2575628.686746988], [694328.391566265, 2575638.602429956], [694338.391566265, 2575638.602429956], [694348.391566265, 2575638.602429956], [694358.391566265, 2575638.602429956], [694368.391566265, 2575638.602429956], [694378.391566265, 2575638.602429956], [694378.4758832966, 2575638.686746988], [694378.4758832966, 2575648.686746988], [694378.4758832966, 2575658.686746988], [694378.4758832966, 2575668.686746988], [694378.4758832966, 2575678.686746988], [694378.391566265, 2575678.7710640193], [694368.4748004606, 2575688.686746988], [694368.4721044225, 2575698.686746988], [694368.4719085704, 2575708.686746988], [694368.4719085704, 2575718.686746988], [694368.4719085704, 2575728.686746988], [694368.4716855863, 2575738.686746988], [694368.4714068403, 2575748.686746988], [694368.4696455286, 2575758.686746988], [694368.467515632, 2575768.686746988], [694368.4674809525, 2575778.686746988], [694368.391566265, 2575778.762661675], [694358.391566265, 2575778.762672251], [694348.391566265, 2575778.762672251], [694338.391566265, 2575778.762672251], [694338.315641002, 2575778.686746988], [694328.391566265, 2575768.766055535], [694328.3122577178, 2575768.686746988], [694318.391566265, 2575758.7693184777], [694318.3089947752, 2575758.686746988], [694318.3072492335, 2575748.686746988], [694308.391566265, 2575738.7710640198], [694308.3072492335, 2575738.686746988], [694298.391566265, 2575728.7710640193], [694288.4731021217, 2575738.686746988], [694288.391566265, 2575738.7682828447], [694278.391566265, 2575738.768292505], [694268.391566265, 2575738.768292505], [694258.391566265, 2575738.768292505], [694258.3100207482, 2575738.686746988], [694248.391566265, 2575728.7696781685], [694248.3086350843, 2575728.686746988], [694238.391566265, 2575718.7710640198], [694228.391566265, 2575718.7710640198], [694218.391566265, 2575718.7710640198], [694208.391566265, 2575718.7710640198], [694198.4750344518, 2575728.686746988], [694198.391566265, 2575728.7702151746], [694188.391566265, 2575728.770312073], [694178.391566265, 2575728.770312073], [694168.391566265, 2575728.770312073], [694168.3080011796, 2575728.686746988], [694158.391566265, 2575718.7710640198], [694148.391566265, 2575718.7710640198], [694138.391566265, 2575718.7710640198], [694128.391566265, 2575718.7710640198], [694118.391566265, 2575718.7710640198], [694108.3915662651, 2575718.7710640198], [694108.3072492336, 2575718.686746988], [694098.391566265, 2575708.7710640193], [694088.4714471995, 2575718.686746988], [694088.391566265, 2575718.7666279227], [694078.391566265, 2575718.7666279227], [694068.391566265, 2575718.7666279227], [694058.391566265, 2575718.7660296145], [694058.3122836389, 2575718.686746988], [694058.3090292829, 2575708.686746988], [694048.391566265, 2575698.7710640198], [694048.3072492335, 2575698.686746988], [694048.3072492335, 2575688.686746988], [694038.391566265, 2575678.7710640193], [694028.391566265, 2575678.7710640193], [694018.391566265, 2575678.7710640193], [694008.391566265, 2575678.7710640193], [693998.391566265, 2575678.7710640193], [693988.4758832966, 2575688.686746988], [693988.4758832966, 2575698.686746988], [693988.4758832966, 2575708.686746988], [693988.4758832966, 2575718.686746988], [693988.4745441726, 2575728.686746988], [693988.391566265, 2575728.7697248957], [693978.4731349687, 2575738.686746988], [693978.4714616375, 2575748.686746988], [693978.391566265, 2575748.7666423605], [693968.391566265, 2575748.766800598], [693958.391566265, 2575748.766800598], [693948.391566265, 2575748.766800598], [693948.3115126553, 2575748.686746988], [693948.3097866505, 2575738.686746988], [693948.3081139548, 2575728.686746988], [693938.391566265, 2575718.7710640198], [693928.391566265, 2575718.7710640198], [693918.4758832966, 2575728.686746988], [693918.391566265, 2575728.7710640193], [693908.391566265, 2575728.7710640193], [693898.4758832966, 2575738.686746988], [693898.391566265, 2575738.7710640198], [693888.4753674103, 2575748.686746988], [693888.391566265, 2575748.770548133], [693878.391566265, 2575748.77102247], [693868.391566265, 2575748.77102247], [693858.391566265, 2575748.77102247], [693858.3072907826, 2575748.686746988], [693848.391566265, 2575738.7710640198], [693838.391566265, 2575738.7710640198], [693828.391566265, 2575738.7710640198], [693818.391566265, 2575738.7710640198], [693808.391566265, 2575738.7710640198], [693798.391566265, 2575738.7710640198], [693798.3072492335, 2575738.686746988], [693798.3072492335, 2575728.686746988], [693798.3072492335, 2575718.686746988], [693798.3072492335, 2575708.686746988], [693798.3072492335, 2575698.686746988], [693798.3072492335, 2575688.686746988], [693798.391566265, 2575688.6024299567], [693808.3072492335, 2575678.686746988], [693808.3072492335, 2575668.686746988], [693808.391566265, 2575668.6024299567], [693818.3072492335, 2575658.686746988], [693818.391566265, 2575658.602429956], [693828.3072492335, 2575648.686746988], [693828.3072492335, 2575638.686746988], [693818.391566265, 2575628.7710640198], [693818.3072492335, 2575628.686746988], [693808.391566265, 2575618.7710640193], [693808.3072492335, 2575618.686746988], [693798.391566265, 2575608.7710640198], [693798.3072492335, 2575608.686746988], [693788.391566265, 2575598.7710640193], [693788.3072492336, 2575598.686746988], [693788.3072492336, 2575588.686746988], [693788.3072492336, 2575578.686746988], [693788.3072492336, 2575568.686746988], [693788.3072492336, 2575558.686746988], [693788.3072492336, 2575548.686746988], [693788.3072492336, 2575538.686746988], [693788.3072492336, 2575528.686746988], [693788.3072492336, 2575518.686746988], [693788.3072492336, 2575508.686746988], [693788.3072492336, 2575498.686746988], [693788.3066006744, 2575488.686746988], [693778.391566265, 2575478.774052691], [693778.3042605617, 2575478.686746988], [693768.391566265, 2575468.779417586], [693758.391566265, 2575468.779417586], [693748.391566265, 2575468.779417586], [693738.391566265, 2575468.779417586], [693728.391566265, 2575468.779417586], [693718.391566265, 2575468.779417586], [693708.391566265, 2575468.779417586], [693698.391566265, 2575468.779417586], [693688.391566265, 2575468.779417586], [693678.391566265, 2575468.779417586], [693678.2988956671, 2575468.686746988], [693668.391566265, 2575458.7794175856], [693658.391566265, 2575458.77800657], [693658.3003066829, 2575458.686746988], [693648.391566265, 2575448.7763365074], [693638.391566265, 2575448.774665881], [693638.3036473718, 2575448.686746988], [693628.391566265, 2575438.776240865], [693628.3020723885, 2575438.686746988], [693618.391566265, 2575428.7779109594], [693618.3004022937, 2575428.686746988], [693608.391566265, 2575418.779417586], [693608.2988956672, 2575418.686746988], [693598.391566265, 2575408.7794175856], [693588.391566265, 2575408.7794175856], [693578.4832548696, 2575418.686746988], [693578.391566265, 2575418.7784355925], [693568.391566265, 2575418.7784355925], [693558.391566265, 2575418.7784355925], [693548.391566265, 2575418.7780772303], [693538.391566265, 2575418.7771812105], [693538.3011320429, 2575418.686746988], [693528.391566265, 2575408.7794175856], [693518.391566265, 2575408.7769798315], [693508.391566265, 2575408.7769798315], [693498.4778521035, 2575418.686746988], [693498.391566265, 2575418.7730328264], [693488.4758832966, 2575428.686746988], [693488.391566265, 2575428.7710640198], [693478.391566265, 2575428.7710640198], [693468.4758832966, 2575438.686746988], [693468.4758832966, 2575448.686746988], [693468.4758832966, 2575458.686746988], [693468.4758832966, 2575468.686746988], [693468.391566265, 2575468.7710640198], [693458.391566265, 2575468.7710640198], [693448.391566265, 2575468.7710640198], [693438.391566265, 2575468.7710640198], [693428.391566265, 2575468.7710640198], [693418.391566265, 2575468.7710640198], [693418.3072492335, 2575468.686746988], [693418.3072492335, 2575458.686746988], [693408.391566265, 2575448.7710640198], [693408.3072492335, 2575448.686746988], [693398.391566265, 2575438.7710640193], [693388.4758832966, 2575448.686746988], [693388.4758832966, 2575458.686746988], [693388.391566265, 2575458.7710640193], [693378.391566265, 2575458.7710640193], [693368.391566265, 2575458.7710640193], [693358.391566265, 2575458.7710640193], [693348.391566265, 2575458.7710640193], [693348.3072492335, 2575458.686746988], [693338.391566265, 2575448.7710640198], [693328.391566265, 2575448.7710640198], [693318.391566265, 2575448.7710640198], [693308.391566265, 2575448.7710640198], [693298.391566265, 2575448.7710640198], [693288.391566265, 2575448.7710640198], [693288.3072492335, 2575448.686746988], [693278.391566265, 2575438.7710640193], [693268.391566265, 2575438.7710640193], [693258.391566265, 2575438.7710640193], [693248.391566265, 2575438.7710640193], [693238.391566265, 2575438.7710640193], [693228.391566265, 2575438.7710640193], [693228.3072492335, 2575438.686746988], [693228.3072492335, 2575428.686746988], [693228.3072492335, 2575418.686746988], [693218.391566265, 2575408.7710640198], [693208.391566265, 2575408.7710640198], [693198.391566265, 2575408.7710640198], [693188.391566265, 2575408.7710640198], [693188.3072492335, 2575408.686746988], [693188.3072492335, 2575398.686746988], [693178.391566265, 2575388.7710640198], [693168.391566265, 2575388.7710640198], [693158.391566265, 2575388.7710640198], [693158.3072492335, 2575388.686746988], [693148.391566265, 2575378.7710640193], [693148.3072492335, 2575378.686746988], [693138.391566265, 2575368.7710640198], [693128.391566265, 2575368.7710640198], [693118.391566265, 2575368.7710640198], [693108.391566265, 2575368.7710640198], [693098.391566265, 2575368.7710640198], [693098.3072492335, 2575368.6867469884], [693088.391566265, 2575358.7710640198], [693078.391566265, 2575358.7710640198], [693068.391566265, 2575358.7710640198], [693058.391566265, 2575358.7710640198], [693048.391566265, 2575358.7710640198], [693048.3072492335, 2575358.686746988], [693038.391566265, 2575348.7710640193], [693028.391566265, 2575348.7710640193], [693028.3072492335, 2575348.686746988], [693018.391566265, 2575338.7710640198], [693018.3072492335, 2575338.686746988], [693008.391566265, 2575328.7710640193], [693008.3072492335, 2575328.686746988], [692998.391566265, 2575318.7710640198], [692998.3072492335, 2575318.686746988], [692998.3072492335, 2575308.686746988], [692998.3072492335, 2575298.686746988], [692998.3072492335, 2575288.686746988], [692998.3072492335, 2575278.686746988], [692988.391566265, 2575268.7710640193], [692988.3072492335, 2575268.686746988], [692988.3072492335, 2575258.686746988], [692988.3072492335, 2575248.686746988], [692988.3072492335, 2575238.686746988], [692988.3072492335, 2575228.686746988], [692988.3072492335, 2575218.686746988], [692988.391566265, 2575218.6024299567], [692998.391566265, 2575218.6024299567], [693008.3072492335, 2575208.686746988], [693008.3072492335, 2575198.686746988], [693008.3072492335, 2575188.686746988], [693008.391566265, 2575188.602429956], [693018.3072492335, 2575178.686746988], [693018.3072492335, 2575168.686746988], [693018.391566265, 2575168.602429956], [693028.3070591622, 2575158.686746988], [693028.391566265, 2575158.602239885], [693038.3042288556, 2575148.686746988], [693038.3042288556, 2575138.686746988], [693038.3038062605, 2575128.686746988], [693028.391566265, 2575118.7729946924], [693028.3053185607, 2575118.686746988], [693028.3053185607, 2575108.686746988], [693028.3053185607, 2575098.686746988], [693028.3053185607, 2575088.686746988], [693018.391566265, 2575078.7713229395], [693008.391566265, 2575078.7710640198], [693008.3072492335, 2575078.686746988], [692998.391566265, 2575068.7712272], [692998.3070860532, 2575068.686746988], [692998.3064172721, 2575058.686746988], [692998.3064172721, 2575048.686746988], [692998.3064172721, 2575038.686746988], [692988.391566265, 2575028.774665881], [692988.3036473718, 2575028.686746988], [692978.391566265, 2575018.772994692], [692978.3053185608, 2575018.686746988], [692978.3053185608, 2575008.686746988], [692978.3053185608, 2574998.686746988], [692968.391566265, 2574988.7713229395], [692968.3069903133, 2574988.686746988], [692968.3067098781, 2574978.686746988], [692958.391566265, 2574968.7731894506], [692948.391566265, 2574968.7731894506], [692948.3051238024, 2574968.686746988], [692948.3046224067, 2574958.686746988], [692948.304455286, 2574948.686746988], [692948.304455286, 2574938.686746988], [692948.304455286, 2574928.686746988], [692938.391566265, 2574918.779417586], [692928.484236863, 2574928.686746988], [692928.391566265, 2574928.779417586], [692918.391566265, 2574928.779417586], [692908.391566265, 2574928.779417586], [692898.391566265, 2574928.779417586], [692888.484236863, 2574938.686746988], [692888.391566265, 2574938.7794175856], [692878.484236863, 2574948.686746988], [692878.391566265, 2574948.779417586], [692868.391566265, 2574948.779417586], [692858.391566265, 2574948.779417586], [692848.4842368629, 2574958.686746988], [692848.391566265, 2574958.779417586], [692838.391566265, 2574958.779417586], [692828.4842368629, 2574968.686746988], [692828.391566265, 2574968.7794175856], [692818.484236863, 2574978.686746988], [692818.391566265, 2574978.779417586], [692808.4842368629, 2574988.686746988], [692808.391566265, 2574988.779417586], [692798.391566265, 2574988.779417586], [692788.4842368629, 2574998.686746988], [692788.391566265, 2574998.7794175856], [692778.391566265, 2574998.7794175856], [692768.4828495148, 2575008.686746988], [692768.391566265, 2575008.7780302376], [692758.391566265, 2575008.778144806], [692748.4806847164, 2575018.686746988], [692748.391566265, 2575018.7758654393], [692738.4764155694, 2575028.686746988], [692738.391566265, 2575028.7715962925], [692728.4758832966, 2575038.686746988], [692728.391566265, 2575038.7710640193], [692718.4758832966, 2575048.686746988], [692718.391566265, 2575048.7710640193], [692708.4758832966, 2575058.686746988], [692708.391566265, 2575058.7710640198], [692698.4758832966, 2575068.686746988], [692698.391566265, 2575068.7710640193], [692688.391566265, 2575068.7710640193], [692678.391566265, 2575068.7710640193], [692668.4758832966, 2575078.686746988], [692668.391566265, 2575078.7710640198], [692658.391566265, 2575078.7710640198], [692648.4758832966, 2575088.686746988], [692648.391566265, 2575088.7710640193], [692638.4758832965, 2575098.686746988], [692638.391566265, 2575098.7710640198], [692628.4758832966, 2575108.686746988], [692628.391566265, 2575108.7710640193], [692618.391566265, 2575108.7710640193], [692608.391566265, 2575108.7710640193], [692598.391566265, 2575108.7710640193], [692598.3072492335, 2575108.686746988], [692588.391566265, 2575098.7710640198], [692588.3072492335, 2575098.686746988], [692588.3072492335, 2575088.686746988], [692588.3072492335, 2575078.686746988], [692588.3072492335, 2575068.686746988], [692588.391566265, 2575068.602429956], [692598.3072492335, 2575058.686746988], [692598.3072492335, 2575048.686746988], [692598.391566265, 2575048.6024299567], [692608.3072492335, 2575038.686746988], [692608.391566265, 2575038.602429956], [692618.3072492335, 2575028.686746988], [692618.391566265, 2575028.6024299567], [692628.3072492335, 2575018.686746988], [692628.391566265, 2575018.602429956], [692638.3072492335, 2575008.686746988], [692638.3072492335, 2574998.686746988], [692628.391566265, 2574988.7710640198], [692618.391566265, 2574988.7710640198], [692608.4758832966, 2574998.686746988], [692608.391566265, 2574998.7710640193], [692598.4758832966, 2575008.686746988], [692598.391566265, 2575008.7710640198], [692588.391566265, 2575008.7710640198], [692578.391566265, 2575008.7710640198], [692568.391566265, 2575008.7710640198], [692568.3072492335, 2575008.686746988], [692558.391566265, 2574998.7710640193], [692548.391566265, 2574998.7710640193], [692548.3072492335, 2574998.686746988], [692538.391566265, 2574988.7710640198], [692528.391566265, 2574988.7710640198], [692528.3072492335, 2574988.686746988], [692528.3072492335, 2574978.686746988], [692528.3072492335, 2574968.686746988], [692528.3072492335, 2574958.686746988], [692528.391566265, 2574958.602429956], [692538.391566265, 2574958.602429956], [692548.3072492335, 2574948.686746988], [692548.391566265, 2574948.6024299567], [692558.3072492335, 2574938.686746988], [692558.391566265, 2574938.602429956], [692568.391566265, 2574938.602429956], [692578.391566265, 2574938.602429956], [692588.3072492335, 2574928.686746988], [692588.391566265, 2574928.6024299567], [692598.391566265, 2574928.6024299567], [692608.3072492335, 2574918.686746988], [692608.391566265, 2574918.602429956], [692618.391566265, 2574918.602429956], [692628.3062891997, 2574908.686746988], [692628.391566265, 2574908.601469923], [692638.391566265, 2574908.5998122874], [692648.3044636982, 2574898.686746988], [692648.391566265, 2574898.599644421], [692658.391566265, 2574898.597987397], [692668.3026388694, 2574888.686746988], [692668.391566265, 2574888.5978195923], [692678.3024710696, 2574878.686746988], [692678.391566265, 2574878.5976517927], [692688.3003557629, 2574868.686746988], [692688.3003557629, 2574858.686746988], [692688.391566265, 2574858.5955364862], [692698.2988956671, 2574848.686746988], [692698.2988956671, 2574838.686746988], [692698.391566265, 2574838.5940763904], [692708.2988956672, 2574828.686746988], [692708.391566265, 2574828.59407639], [692718.2988956671, 2574818.686746988], [692718.2988956671, 2574808.686746988], [692718.391566265, 2574808.5940763904], [692728.2988956672, 2574798.686746988], [692728.391566265, 2574798.59407639], [692738.2988956671, 2574788.686746988], [692738.2988956671, 2574778.686746988], [692738.391566265, 2574778.59407639], [692748.2988956672, 2574768.686746988], [692748.391566265, 2574768.59407639], [692758.2988956671, 2574758.686746988], [692758.2988956671, 2574748.686746988], [692758.2988956671, 2574738.686746988], [692758.2988956671, 2574728.686746988], [692758.2988956671, 2574718.686746988], [692748.391566265, 2574708.779417586], [692738.4842368629, 2574718.686746988], [692738.391566265, 2574718.7794175856], [692728.391566265, 2574718.7794175856], [692718.391566265, 2574718.7794175856], [692708.479433391, 2574728.686746988], [692708.391566265, 2574728.7746141143], [692698.4772270448, 2574738.686746988], [692698.391566265, 2574738.772407768], [692688.391566265, 2574738.772407768], [692678.391566265, 2574738.772407768], [692668.391566265, 2574738.7719198596], [692658.391566265, 2574738.771259725], [692658.3070535278, 2574738.686746988], [692648.391566265, 2574728.771648236], [692648.3066650169, 2574728.686746988], [692648.3063542318, 2574718.686746988], [692648.3062454605, 2574708.686746988], [692648.3062454605, 2574698.686746988], [692648.3056550344, 2574688.686746988], [692648.3052666333, 2574678.686746988], [692648.3052666333, 2574668.686746988], [692648.3052666333, 2574658.686746988], [692648.3052977048, 2574648.686746988], [692648.391566265, 2574648.600478428], [692658.391566265, 2574648.5981702185], [692668.2988956672, 2574638.686746988], [692668.2988956672, 2574628.686746988], [692658.391566265, 2574618.779417586], [692658.2988956671, 2574618.686746988], [692658.2988956671, 2574608.686746988], [692658.2988956671, 2574598.686746988], [692658.2988956671, 2574588.686746988], [692658.391566265, 2574588.5940763904], [692668.2988956672, 2574578.686746988], [692668.391566265, 2574578.59407639], [692678.2988956671, 2574568.686746988], [692678.391566265, 2574568.5940763904], [692688.391566265, 2574568.5940763904], [692698.2988956671, 2574558.686746988], [692698.391566265, 2574558.59407639], [692708.391566265, 2574558.59407639], [692718.2988956671, 2574548.686746988], [692718.391566265, 2574548.59407639], [692728.391566265, 2574548.59407639], [692738.2988956671, 2574538.686746988], [692738.391566265, 2574538.5940763904], [692748.2988956672, 2574528.686746988], [692738.391566265, 2574518.779417586], [692728.391566265, 2574518.779417586], [692718.4842368629, 2574528.686746988], [692718.391566265, 2574528.7794175856], [692708.391566265, 2574528.7794175856], [692698.391566265, 2574528.7794175856], [692698.2988956671, 2574528.686746988], [692698.2988956671, 2574518.686746988], [692698.2988956671, 2574508.686746988], [692688.391566265, 2574498.7794175856], [692688.2988956672, 2574498.686746988], [692678.391566265, 2574488.779417586], [692678.2988956671, 2574488.686746988], [692668.391566265, 2574478.779417586], [692658.391566265, 2574478.779417586], [692648.484236863, 2574488.686746988], [692648.391566265, 2574488.779417586], [692638.391566265, 2574488.779417586], [692628.4842368629, 2574498.686746988], [692628.391566265, 2574498.7794175856], [692618.391566265, 2574498.7794175856], [692608.391566265, 2574498.7794175856], [692608.2988956671, 2574498.686746988], [692598.391566265, 2574488.779417586], [692588.391566265, 2574488.779417586], [692588.2988956671, 2574488.686746988], [692578.391566265, 2574478.779417586], [692578.2988956672, 2574478.686746988], [692578.2988956672, 2574468.686746988], [692578.2988956672, 2574458.686746988], [692578.2988956672, 2574448.686746988], [692578.2988956672, 2574438.686746988], [692578.391566265, 2574438.59407639], [692588.2988956671, 2574428.686746988], [692588.391566265, 2574428.5940763904], [692598.391566265, 2574428.5940763904], [692608.2988956671, 2574418.686746988], [692608.391566265, 2574418.59407639], [692618.391566265, 2574418.59407639], [692628.391566265, 2574418.59407639], [692638.2988956672, 2574408.686746988], [692638.2988956672, 2574398.686746988], [692638.391566265, 2574398.5940763904], [692648.2988956671, 2574388.686746988], [692648.2988956671, 2574378.686746988], [692648.2988956671, 2574368.686746988], [692638.391566265, 2574358.7794175856], [692638.2988956672, 2574358.686746988], [692628.391566265, 2574348.779417586], [692618.391566265, 2574348.779417586], [692618.2988956672, 2574348.686746988], [692608.391566265, 2574338.7794175856], [692608.2988956671, 2574338.686746988], [692598.391566265, 2574328.779417586], [692598.2988956672, 2574328.686746988], [692598.2988956672, 2574318.686746988], [692588.391566265, 2574308.7794175856], [692588.2988956671, 2574308.686746988], [692588.2988956671, 2574298.686746988], [692588.2988956671, 2574288.686746988], [692588.391566265, 2574288.5940763904], [692598.2988956672, 2574278.686746988], [692598.391566265, 2574278.59407639], [692608.2988956671, 2574268.686746988], [692608.391566265, 2574268.59407639], [692618.2988956672, 2574258.686746988], [692618.391566265, 2574258.5940763904], [692628.2988956671, 2574248.686746988], [692628.391566265, 2574248.59407639], [692638.2988956672, 2574238.686746988], [692638.391566265, 2574238.5940763904], [692648.2988956671, 2574228.686746988], [692648.391566265, 2574228.59407639], [692658.391566265, 2574228.59407639], [692668.2988956672, 2574218.686746988], [692668.391566265, 2574218.59407639], [692678.2988956671, 2574208.686746988], [692678.2988956671, 2574198.686746988], [692678.391566265, 2574198.59407639], [692688.2988956672, 2574188.686746988], [692678.391566265, 2574178.779417586], [692668.391566265, 2574178.779417586], [692658.391566265, 2574178.779417586], [692648.391566265, 2574178.779417586], [692638.484236863, 2574188.686746988], [692638.391566265, 2574188.779417586], [692628.391566265, 2574188.779417586], [692618.391566265, 2574188.779417586], [692608.391566265, 2574188.779417586], [692598.391566265, 2574188.779417586], [692588.4842368629, 2574198.686746988], [692588.4842368629, 2574208.686746988], [692588.4842368629, 2574218.686746988], [692588.4842368629, 2574228.686746988], [692588.4842368629, 2574238.686746988], [692588.391566265, 2574238.779417586], [692578.391566265, 2574238.779417586], [692568.391566265, 2574238.779417586], [692558.391566265, 2574238.779417586], [692548.391566265, 2574238.779417586], [692538.391566265, 2574238.779417586], [692528.391566265, 2574238.779417586], [692528.2988956672, 2574238.686746988], [692518.391566265, 2574228.7794175856], [692508.391566265, 2574228.7794175856], [692498.391566265, 2574228.7794175856], [692488.391566265, 2574228.7794175856], [692488.2988956672, 2574228.686746988], [692478.391566265, 2574218.779417586], [692478.2988956671, 2574218.686746988], [692468.391566265, 2574208.779417586], [692468.2988956672, 2574208.686746988], [692458.391566265, 2574198.7794175856], [692458.2988956671, 2574198.686746988], [692448.391566265, 2574188.779417586], [692438.391566265, 2574188.779417586], [692438.2988956671, 2574188.686746988], [692428.391566265, 2574178.779417586], [692418.391566265, 2574178.779417586], [692418.2988956672, 2574178.686746988], [692408.391566265, 2574168.7794175856], [692408.2988956671, 2574168.686746988], [692398.391566265, 2574158.779417586], [692398.2988956672, 2574158.686746988], [692388.391566265, 2574148.779417586], [692388.2988956671, 2574148.686746988], [692378.391566265, 2574138.7794175856], [692378.2988956672, 2574138.686746988], [692378.2988956672, 2574128.686746988], [692368.391566265, 2574118.7794175856], [692368.2988956671, 2574118.686746988], [692368.2988956671, 2574108.686746988], [692368.2988956671, 2574098.686746988], [692368.2988956671, 2574088.686746988], [692368.2988956671, 2574078.686746988], [692358.391566265, 2574068.779417586], [692358.2988956672, 2574068.686746988], [692358.2988956672, 2574058.686746988], [692348.391566265, 2574048.779417586], [692348.2988956671, 2574048.686746988], [692338.391566265, 2574038.779417586], [692338.2988956672, 2574038.686746988], [692338.2988956672, 2574028.686746988], [692338.2988956672, 2574018.686746988], [692338.2988956672, 2574008.686746988], [692338.2988956672, 2573998.686746988], [692328.391566265, 2573988.779417586], [692318.391566265, 2573988.779417586], [692318.2988956671, 2573988.686746988], [692308.391566265, 2573978.7794175856], [692298.391566265, 2573978.7794175856], [692288.484236863, 2573988.686746988], [692288.391566265, 2573988.779417586], [692278.391566265, 2573988.779417586], [692268.391566265, 2573988.779417586], [692258.391566265, 2573988.779417586], [692248.391566265, 2573988.779417586], [692238.391566265, 2573988.779417586], [692228.391566265, 2573988.779417586], [692218.391566265, 2573988.779417586], [692218.2988956671, 2573988.686746988], [692218.2988956671, 2573978.686746988], [692218.2988956671, 2573968.686746988], [692218.2988956671, 2573958.686746988], [692218.391566265, 2573958.5940763904], [692228.2988956672, 2573948.686746988], [692228.2988956672, 2573938.686746988], [692228.2988956672, 2573928.686746988], [692218.391566265, 2573918.7794175856], [692218.2988956671, 2573918.686746988], [692208.391566265, 2573908.779417586], [692208.2988956671, 2573908.686746988], [692198.3915662649, 2573898.7794175856], [692198.2988956671, 2573898.686746988], [692188.391566265, 2573888.779417586], [692188.2988956671, 2573888.686746988], [692178.391566265, 2573878.779417586], [692178.2988956672, 2573878.686746988], [692168.391566265, 2573868.7794175856], [692158.391566265, 2573868.7794175856], [692158.2988956672, 2573868.686746988], [692148.391566265, 2573858.779417586], [692148.2988956671, 2573858.686746988], [692138.391566265, 2573848.779417586], [692128.391566265, 2573848.779417586], [692128.2988956671, 2573848.686746988], [692118.391566265, 2573838.7794175856], [692108.391566265, 2573838.7794175856], [692108.2988956671, 2573838.686746988], [692098.391566265, 2573828.779417586], [692098.2988956672, 2573828.686746988], [692088.391566265, 2573818.779417586], [692078.391566265, 2573818.779417586], [692078.2988956671, 2573818.686746988], [692068.391566265, 2573808.7794175856], [692058.4842368629, 2573818.686746988], [692058.391566265, 2573818.779417586], [692048.391566265, 2573818.779417586], [692038.391566265, 2573818.779417586], [692028.391566265, 2573818.779417586], [692018.391566265, 2573818.779417586], [692008.391566265, 2573818.779417586], [691998.391566265, 2573818.779417586], [691998.2988956671, 2573818.686746988], [691988.391566265, 2573808.7794175856], [691988.2988956672, 2573808.686746988], [691988.2988956672, 2573798.686746988], [691988.2988956672, 2573788.686746988], [691988.2988956672, 2573778.686746988], [691988.391566265, 2573778.59407639], [691998.391566265, 2573778.59407639], [692008.2988956672, 2573768.686746988], [692008.2988956672, 2573758.686746988], [691998.391566265, 2573748.779417586], [691998.2988956671, 2573748.686746988], [691998.2988956671, 2573738.686746988], [691998.2988956671, 2573728.686746988], [691998.2988956671, 2573718.686746988], [691998.2988956671, 2573708.686746988], [691998.391566265, 2573708.5940763904], [692008.391566265, 2573708.5940763904], [692018.391566265, 2573708.5940763904], [692028.391566265, 2573708.5940763904], [692038.391566265, 2573708.5940763904], [692038.4842368629, 2573708.686746988], [692048.391566265, 2573718.59407639], [692058.2988956671, 2573708.686746988], [692058.2988956671, 2573698.686746988], [692058.2988956671, 2573688.686746988], [692058.2988956671, 2573678.686746988], [692058.2988956671, 2573668.686746988], [692058.2988956671, 2573658.686746988], [692058.391566265, 2573658.5940763904], [692068.2988956672, 2573648.686746988], [692068.391566265, 2573648.59407639], [692078.2988956671, 2573638.686746988], [692078.2988956671, 2573628.686746988], [692078.2988956671, 2573618.686746988], [692078.2988956671, 2573608.686746988], [692078.2988956671, 2573598.6867469884], [692078.2988956671, 2573588.686746988], [692078.2988956671, 2573578.686746988], [692068.391566265, 2573568.7794175856], [692068.2988956672, 2573568.686746988], [692068.2988956672, 2573558.686746988], [692068.2988956672, 2573548.686746988], [692068.2988956672, 2573538.686746988], [692058.391566265, 2573528.779417586], [692058.2988956671, 2573528.686746988], [692048.391566265, 2573518.779417586], [692038.391566265, 2573518.779417586], [692038.2988956671, 2573518.686746988], [692038.2988956671, 2573508.686746988], [692028.391566265, 2573498.779417586], [692018.391566265, 2573498.779417586], [692008.391566265, 2573498.779417586], [692008.2988956672, 2573498.686746988], [691998.391566265, 2573488.7794175856], [691998.2988956671, 2573488.6867469875], [691998.2988956671, 2573478.686746988], [691988.391566265, 2573468.779417586], [691988.2988956672, 2573468.686746988], [691978.391566265, 2573458.7794175856], [691978.2988956671, 2573458.686746988], [691968.391566265, 2573448.779417586], [691968.2988956671, 2573448.686746988], [691958.391566265, 2573438.779417586], [691958.2988956672, 2573438.686746988], [691958.2988956672, 2573428.686746988], [691948.391566265, 2573418.779417586], [691948.2988956671, 2573418.686746988], [691948.2988956671, 2573408.686746988], [691948.2988956671, 2573398.686746988], [691948.391566265, 2573398.59407639], [691958.391566265, 2573398.59407639], [691968.391566265, 2573398.59407639], [691978.391566265, 2573398.59407639], [691988.391566265, 2573398.59407639], [691998.391566265, 2573398.59407639], [692008.391566265, 2573398.59407639], [692008.484236863, 2573398.686746988], [692018.391566265, 2573408.5940763904], [692028.391566265, 2573408.5940763904], [692028.484236863, 2573408.686746988], [692038.391566265, 2573418.59407639], [692048.391566265, 2573418.59407639], [692058.391566265, 2573418.59407639], [692068.391566265, 2573418.59407639], [692078.391566265, 2573418.59407639], [692088.391566265, 2573418.59407639], [692098.391566265, 2573418.59407639], [692108.2988956671, 2573408.686746988], [692108.2988956671, 2573398.686746988], [692108.2988956671, 2573388.686746988], [692098.391566265, 2573378.7794175856], [692098.2988956672, 2573378.686746988], [692098.2988956672, 2573368.686746988], [692088.391566265, 2573358.779417586], [692088.2988956671, 2573358.686746988], [692088.2988956671, 2573348.686746988], [692088.2988956671, 2573338.686746988], [692078.391566265, 2573328.779417586], [692078.2988956671, 2573328.686746988], [692068.391566265, 2573318.7794175856], [692068.2988956672, 2573318.686746988], [692058.391566265, 2573308.779417586], [692048.391566265, 2573308.779417586], [692048.2988956672, 2573308.686746988], [692038.391566265, 2573298.779417586], [692028.391566265, 2573298.779417586], [692028.2988956672, 2573298.686746988], [692018.391566265, 2573288.7794175856], [692008.391566265, 2573288.7794175856], [691998.391566265, 2573288.7794175856], [691988.391566265, 2573288.7794175856], [691988.2988956672, 2573288.686746988], [691978.391566265, 2573278.779417586], [691968.391566265, 2573278.779417586], [691968.2988956671, 2573278.686746988], [691958.391566265, 2573268.7794175856], [691948.391566265, 2573268.7794175856], [691948.2988956671, 2573268.686746988], [691938.391566265, 2573258.779417586], [691928.391566265, 2573258.779417586], [691928.2988956671, 2573258.686746988], [691918.391566265, 2573248.779417586], [691908.391566265, 2573248.779417586], [691898.391566265, 2573248.779417586], [691898.2988956672, 2573248.686746988], [691888.391566265, 2573238.7794175856], [691878.391566265, 2573238.7794175856], [691868.391566265, 2573238.7794175856], [691868.2988956671, 2573238.686746988], [691858.391566265, 2573228.779417586], [691858.2988956671, 2573228.686746988], [691848.391566265, 2573218.779417586], [691838.391566265, 2573218.779417586], [691838.2988956671, 2573218.686746988], [691828.391566265, 2573208.7794175856], [691818.391566265, 2573208.7794175856], [691808.391566265, 2573208.7794175856], [691798.391566265, 2573208.7794175856], [691788.391566265, 2573208.7794175856], [691778.391566265, 2573208.7794175856], [691768.391566265, 2573208.7794175856], [691758.391566265, 2573208.7794175856], [691758.2988956671, 2573208.686746988], [691748.391566265, 2573198.779417586], [691748.2988956671, 2573198.686746988], [691748.2988956671, 2573188.686746988], [691748.2988956671, 2573178.686746988], [691738.391566265, 2573168.779417586], [691738.2988956672, 2573168.686746988], [691728.391566265, 2573158.7794175856], [691728.2988956671, 2573158.686746988], [691718.391566265, 2573148.779417586], [691708.391566265, 2573148.779417586], [691698.391566265, 2573148.779417586], [691698.2988956672, 2573148.686746988], [691688.391566265, 2573138.779417586], [691678.391566265, 2573138.779417586], [691668.391566265, 2573138.779417586], [691668.2988956671, 2573138.686746988], [691658.391566265, 2573128.7794175856], [691648.391566265, 2573128.7794175856], [691638.391566265, 2573128.7794175856], [691638.2988956671, 2573128.686746988], [691628.391566265, 2573118.779417586], [691618.391566265, 2573118.779417586], [691608.391566265, 2573118.779417586], [691598.391566265, 2573118.779417586], [691588.391566265, 2573118.779417586], [691578.391566265, 2573118.779417586], [691578.2988956671, 2573118.686746988], [691578.2988956671, 2573108.686746988], [691578.2988956671, 2573098.686746988], [691578.2988956671, 2573088.686746988], [691578.391566265, 2573088.59407639], [691588.2988956672, 2573078.686746988], [691588.2988956672, 2573068.686746988], [691588.2988956672, 2573058.686746988], [691588.2988956672, 2573048.686746988], [691588.2988956672, 2573038.686746988], [691588.391566265, 2573038.59407639], [691598.2988956671, 2573028.686746988], [691598.2988956671, 2573018.686746988], [691598.2988956671, 2573008.686746988], [691598.2988956671, 2572998.686746988], [691598.391566265, 2572998.5940763904], [691608.2988956672, 2572988.686746988], [691608.2988956672, 2572978.686746988], [691608.391566265, 2572978.59407639], [691618.2988956671, 2572968.686746988], [691618.2988956671, 2572958.686746988], [691618.2988956671, 2572948.686746988], [691618.2988956671, 2572938.686746988], [691618.2988956671, 2572928.686746988], [691618.2988956671, 2572918.686746988], [691618.2988956671, 2572908.686746988], [691618.391566265, 2572908.59407639], [691628.2988956672, 2572898.686746988], [691628.2988956672, 2572888.686746988], [691628.2988956672, 2572878.686746988], [691628.2988956672, 2572868.686746988], [691628.391566265, 2572868.59407639], [691638.391566265, 2572868.59407639], [691648.391566265, 2572868.59407639], [691658.391566265, 2572868.59407639], [691658.484236863, 2572868.686746988], [691668.391566265, 2572878.59407639], [691668.4842368629, 2572878.686746988], [691678.391566265, 2572888.5940763904], [691688.391566265, 2572888.5940763904], [691688.4842368629, 2572888.686746988], [691698.391566265, 2572898.59407639], [691708.391566265, 2572898.59407639], [691708.4842368629, 2572898.686746988], [691718.391566265, 2572908.59407639], [691728.391566265, 2572908.59407639], [691738.391566265, 2572908.59407639], [691738.484236863, 2572908.686746988], [691748.391566265, 2572918.5940763904], [691758.391566265, 2572918.5940763904], [691768.2988956672, 2572908.686746988], [691768.391566265, 2572908.59407639], [691778.391566265, 2572908.59407639], [691788.391566265, 2572908.59407639], [691798.391566265, 2572908.59407639], [691808.391566265, 2572908.59407639], [691808.484236863, 2572908.686746988], [691818.391566265, 2572918.5940763904], [691828.391566265, 2572918.5940763904], [691838.391566265, 2572918.5940763904], [691838.4842368629, 2572918.686746988], [691848.391566265, 2572928.59407639], [691858.391566265, 2572928.59407639], [691868.391566265, 2572928.59407639], [691878.391566265, 2572928.59407639], [691878.484236863, 2572928.686746988], [691888.391566265, 2572938.59407639], [691898.391566265, 2572938.59407639], [691898.484236863, 2572938.686746988], [691908.391566265, 2572948.5940763904], [691918.391566265, 2572948.5940763904], [691918.484236863, 2572948.686746988], [691928.391566265, 2572958.59407639], [691928.4842368629, 2572958.686746988], [691938.391566265, 2572968.5940763904], [691948.391566265, 2572968.5940763904], [691948.4842368629, 2572968.686746988], [691958.391566265, 2572978.59407639], [691968.391566265, 2572978.59407639], [691968.484236863, 2572978.686746988], [691978.391566265, 2572988.59407639], [691988.391566265, 2572988.59407639], [691998.391566265, 2572988.59407639], [692008.391566265, 2572988.59407639], [692008.484236863, 2572988.686746988], [692018.391566265, 2572998.5940763904], [692028.391566265, 2572998.5940763904], [692028.484236863, 2572998.686746988], [692038.391566265, 2573008.59407639], [692048.391566265, 2573008.59407639], [692058.391566265, 2573008.59407639], [692058.4842368629, 2573008.686746988], [692068.391566265, 2573018.59407639], [692078.391566265, 2573018.59407639], [692078.484236863, 2573018.686746988], [692088.391566265, 2573028.5940763904], [692098.391566265, 2573028.5940763904], [692108.391566265, 2573028.5940763904], [692108.4842368629, 2573028.686746988], [692118.391566265, 2573038.59407639], [692128.391566265, 2573038.59407639], [692138.391566265, 2573038.59407639], [692138.484236863, 2573038.686746988], [692148.391566265, 2573048.59407639], [692158.391566265, 2573048.59407639], [692158.484236863, 2573048.686746988], [692168.391566265, 2573058.5940763904], [692178.391566265, 2573058.5940763904], [692178.484236863, 2573058.686746988], [692188.391566265, 2573068.59407639], [692198.2988956671, 2573058.686746988], [692198.3915662649, 2573058.5940763904], [692208.2988956671, 2573048.686746988], [692208.391566265, 2573048.59407639], [692218.2988956671, 2573038.686746988], [692218.391566265, 2573038.59407639], [692228.2988956672, 2573028.686746988], [692228.2988956672, 2573018.686746988], [692228.391566265, 2573018.59407639], [692238.2988956671, 2573008.686746988], [692238.2988956671, 2572998.686746988], [692238.2988956671, 2572988.686746988], [692238.2988956671, 2572978.686746988], [692238.391566265, 2572978.59407639], [692248.2988956672, 2572968.686746988], [692248.2988956672, 2572958.686746988], [692248.391566265, 2572958.59407639], [692258.2988956671, 2572948.686746988], [692258.2989435437, 2572938.686746988], [692258.391566265, 2572938.5941242664], [692268.391566265, 2572938.5941242664], [692278.391566265, 2572938.5941242664], [692288.391566265, 2572938.5941300234], [692298.391566265, 2572938.594207431], [692298.4841058218, 2572938.686746988], [692308.391566265, 2572948.5940763904], [692308.484236863, 2572948.686746988], [692308.484236863, 2572958.686746988], [692308.484236863, 2572968.686746988], [692308.484236863, 2572978.686746988], [692308.484236863, 2572988.686746988], [692308.484236863, 2572998.686746988], [692318.391566265, 2573008.59407639], [692318.484236863, 2573008.686746988], [692318.484236863, 2573018.686746988], [692318.484236863, 2573028.686746988], [692318.484236863, 2573038.686746988], [692328.391566265, 2573048.59407639], [692328.4842368629, 2573048.686746988], [692328.4842368629, 2573058.686746988], [692328.4842368629, 2573068.686746988], [692338.391566265, 2573078.5940763904], [692338.484236863, 2573078.686746988], [692348.391566265, 2573088.59407639], [692358.391566265, 2573088.59407639], [692358.484236863, 2573088.686746988], [692368.391566265, 2573098.59407639], [692378.391566265, 2573098.59407639], [692378.484236863, 2573098.686746988], [692388.391566265, 2573108.5940763904], [692388.4842368629, 2573108.686746988], [692398.391566265, 2573118.59407639], [692408.391566265, 2573118.59407639], [692408.4842368629, 2573118.686746988], [692418.391566265, 2573128.59407639], [692428.391566265, 2573128.59407639], [692428.484236863, 2573128.686746988], [692438.391566265, 2573138.5940763904], [692448.391566265, 2573138.5940763904], [692448.484236863, 2573138.686746988], [692458.391566265, 2573148.59407639], [692468.391566265, 2573148.59407639], [692468.484236863, 2573148.686746988], [692478.391566265, 2573158.59407639], [692488.391566265, 2573158.59407639], [692488.484236863, 2573158.686746988], [692498.391566265, 2573168.5940763904], [692498.4842368629, 2573168.686746988], [692508.391566265, 2573178.59407639], [692518.391566265, 2573178.59407639], [692518.4842368629, 2573178.686746988], [692528.391566265, 2573188.5940763904], [692538.391566265, 2573188.5940763904], [692538.484236863, 2573188.686746988], [692548.391566265, 2573198.59407639], [692558.391566265, 2573198.59407639], [692558.484236863, 2573198.686746988], [692568.391566265, 2573208.59407639], [692578.391566265, 2573208.59407639], [692578.484236863, 2573208.686746988], [692588.391566265, 2573218.5940763904], [692598.391566265, 2573218.5940763904], [692598.484236863, 2573218.686746988], [692608.391566265, 2573228.59407639], [692618.391566265, 2573228.59407639], [692618.484236863, 2573228.686746988], [692628.391566265, 2573238.59407639], [692638.391566265, 2573238.59407639], [692638.484236863, 2573238.686746988], [692648.391566265, 2573248.5940763904], [692648.484236863, 2573248.686746988], [692658.391566265, 2573258.59407639], [692658.4842368629, 2573258.686746988], [692668.391566265, 2573268.59407639], [692678.391566265, 2573268.59407639], [692678.4842368629, 2573268.686746988], [692688.391566265, 2573278.5940763904], [692688.484236863, 2573278.686746988], [692698.391566265, 2573288.59407639], [692698.4842368629, 2573288.686746988], [692708.391566265, 2573298.5940763904], [692718.391566265, 2573298.5940763904], [692718.4842368629, 2573298.686746988], [692728.391566265, 2573308.59407639], [692728.484236863, 2573308.686746988], [692738.391566265, 2573318.59407639], [692738.4842368629, 2573318.686746988], [692748.391566265, 2573328.5940763904], [692748.484236863, 2573328.686746988], [692758.391566265, 2573338.59407639], [692768.391566265, 2573338.59407639], [692768.4842368629, 2573338.686746988], [692778.391566265, 2573348.59407639], [692778.484236863, 2573348.686746988], [692788.391566265, 2573358.5940763904], [692788.4842368629, 2573358.686746988], [692798.391566265, 2573368.59407639], [692808.391566265, 2573368.59407639], [692808.4842368629, 2573368.686746988], [692818.391566265, 2573378.59407639], [692818.484236863, 2573378.686746988], [692828.391566265, 2573388.5940763904], [692828.4842368629, 2573388.686746988], [692838.391566265, 2573398.59407639], [692838.484236863, 2573398.686746988], [692848.391566265, 2573408.5940763904], [692848.4842368629, 2573408.686746988], [692858.391566265, 2573418.59407639], [692858.484236863, 2573418.686746988], [692868.391566265, 2573428.59407639], [692868.4842368629, 2573428.686746988], [692878.391566265, 2573438.5940763904], [692878.484236863, 2573438.686746988], [692888.391566265, 2573448.59407639], [692888.484236863, 2573448.686746988], [692898.391566265, 2573458.59407639], [692898.4842368629, 2573458.686746988], [692908.391566265, 2573468.5940763904], [692908.484236863, 2573468.686746988], [692918.391566265, 2573478.59407639], [692918.4842368629, 2573478.686746988], [692928.391566265, 2573488.59407639], [692928.484236863, 2573488.6867469875], [692928.484236863, 2573498.686746988], [692938.391566265, 2573508.59407639], [692938.4842368629, 2573508.686746988], [692948.391566265, 2573518.5940763904], [692948.484236863, 2573518.686746988], [692948.484236863, 2573528.686746988], [692958.391566265, 2573538.59407639], [692958.4842368629, 2573538.686746988], [692968.391566265, 2573548.5940763904], [692968.484236863, 2573548.686746988], [692978.391566265, 2573558.59407639], [692978.4842368629, 2573558.686746988], [692988.391566265, 2573568.59407639], [692988.484236863, 2573568.686746988], [692998.391566265, 2573578.5940763904], [692998.484236863, 2573578.686746988], [693008.391566265, 2573588.59407639], [693008.4842368629, 2573588.686746988], [693018.391566265, 2573598.5940763904], [693018.484236863, 2573598.6867469884], [693028.391566265, 2573608.5940763904], [693028.4842368629, 2573608.686746988], [693028.4842368629, 2573618.686746988], [693038.391566265, 2573628.5940763904], [693038.484236863, 2573628.686746988], [693038.484236863, 2573638.686746988], [693048.391566265, 2573648.59407639], [693048.4842368629, 2573648.686746988], [693058.391566265, 2573658.5940763904], [693068.391566265, 2573658.5940763904], [693078.391566265, 2573658.5940763904], [693088.2988956671, 2573648.686746988], [693088.391566265, 2573648.59407639], [693098.2988956672, 2573638.686746988], [693098.2988956672, 2573628.686746988], [693098.2988956672, 2573618.686746988], [693098.2988956672, 2573608.686746988], [693098.391566265, 2573608.5940763904], [693108.391566265, 2573608.5940763904], [693118.391566265, 2573608.5940763904], [693128.391566265, 2573608.5940763904], [693138.2988956671, 2573598.6867469884], [693128.391566265, 2573588.7794175856], [693128.2988956672, 2573588.686746988], [693128.2988956672, 2573578.686746988], [693128.2988956672, 2573568.686746988], [693118.391566265, 2573558.779417586], [693118.2988956671, 2573558.686746988], [693118.2988956671, 2573548.686746988], [693108.391566265, 2573538.7794175856], [693108.2988956671, 2573538.686746988], [693108.2988956671, 2573528.686746988], [693108.2988956671, 2573518.686746988], [693108.2988956671, 2573508.686746988], [693108.391566265, 2573508.59407639], [693118.391566265, 2573508.59407639], [693128.391566265, 2573508.59407639], [693138.391566265, 2573508.59407639], [693148.391566265, 2573508.59407639], [693158.391566265, 2573508.59407639], [693168.391566265, 2573508.59407639], [693178.391566265, 2573508.59407639], [693188.391566265, 2573508.59407639], [693198.2988956671, 2573498.686746988], [693198.391566265, 2573498.5940763904], [693208.2988956672, 2573488.6867469875], [693208.2988956672, 2573478.686746988], [693208.2988956672, 2573468.686746988], [693208.391566265, 2573468.5940763904], [693218.391566265, 2573468.5940763904], [693228.2988956671, 2573458.686746988], [693228.391566265, 2573458.59407639], [693238.391566265, 2573458.59407639], [693248.391566265, 2573458.59407639], [693258.391566265, 2573458.59407639], [693268.2988956671, 2573448.686746988], [693268.391566265, 2573448.59407639], [693278.391566265, 2573448.59407639], [693288.2988956671, 2573438.686746988], [693288.2988956671, 2573428.686746988], [693288.3024461699, 2573418.686746988], [693288.391566265, 2573418.597626893], [693298.3040391571, 2573408.686746988], [693298.391566265, 2573408.59921988], [693308.303878056, 2573398.686746988], [693298.391566265, 2573388.773823187], [693288.391566265, 2573388.7719226675], [693278.391566265, 2573388.7737782057], [693268.391566265, 2573388.7737782057], [693258.391566265, 2573388.7737782057], [693248.391566265, 2573388.773328389], [693248.304984864, 2573388.686746988], [693238.391566265, 2573378.775815828], [693228.391566265, 2573378.7750381147], [693218.391566265, 2573378.773966665], [693218.3043465879, 2573378.686746988], [693208.391566265, 2573368.7748056836], [693198.391566265, 2573368.772670838], [693188.391566265, 2573368.7711273665], [693178.391566265, 2573368.771093414], [693178.3072198391, 2573368.686746988], [693178.3072198391, 2573358.686746988], [693168.391566265, 2573348.7710640193], [693158.391566265, 2573348.7710640193], [693158.3072492335, 2573348.686746988], [693148.391566265, 2573338.771022267], [693138.391566265, 2573338.7676298474], [693138.3106834058, 2573338.686746988], [693128.391566265, 2573328.7706685285], [693118.391566265, 2573328.7710640193], [693108.391566265, 2573328.7710640193], [693098.391566265, 2573328.7710640193], [693088.4758832966, 2573338.686746988], [693088.391566265, 2573338.7710640198], [693078.391566265, 2573338.7710640198], [693068.391566265, 2573338.7710640198], [693058.391566265, 2573338.7710640198], [693048.391566265, 2573338.7710640198], [693038.391566265, 2573338.770391838], [693028.391566265, 2573338.76922135], [693028.3090919027, 2573338.686746988], [693028.3072492335, 2573328.686746988], [693028.3072492335, 2573318.686746988], [693018.391566265, 2573308.7710640193], [693018.3072492335, 2573308.686746988], [693018.3072492335, 2573298.686746988], [693008.391566265, 2573288.771237358], [693008.307075895, 2573288.686746988], [693008.307075895, 2573278.686746988], [693008.307075895, 2573268.686746988], [693008.391566265, 2573268.602256618], [693018.3071204206, 2573258.686746988], [693018.3072492335, 2573248.686746988], [693018.3071003673, 2573238.686746988], [693018.3070334836, 2573228.686746988], [693018.3070334836, 2573218.686746988], [693018.3070334836, 2573208.686746988], [693018.3070334836, 2573198.686746988], [693018.391566265, 2573198.6022142065], [693028.391566265, 2573198.6022142065], [693038.391566265, 2573198.6022142065], [693048.391566265, 2573198.6024299567], [693058.391566265, 2573198.6024299567], [693058.4758832966, 2573198.686746988], [693068.391566265, 2573208.602429956], [693068.4758832966, 2573208.686746988], [693068.4758832966, 2573218.686746988], [693078.391566265, 2573228.602429956], [693078.4758832966, 2573228.686746988], [693088.391566265, 2573238.6024299567], [693088.4758832966, 2573238.686746988], [693098.391566265, 2573248.602429956], [693108.391566265, 2573248.602429956], [693118.391566265, 2573248.602429956], [693128.391566265, 2573248.602429956], [693138.391566265, 2573248.602429956], [693148.391566265, 2573248.602429956], [693158.391566265, 2573248.602429956], [693168.391566265, 2573248.602429956], [693178.391566265, 2573248.602429956], [693188.3072492335, 2573238.686746988], [693188.391566265, 2573238.6024299567], [693198.391566265, 2573238.6024299567], [693208.391566265, 2573238.6024299567], [693218.3072492335, 2573228.686746988], [693218.391566265, 2573228.602429956], [693228.391566265, 2573228.602429956], [693238.391566265, 2573228.602429956], [693248.391566265, 2573228.602429956], [693258.391566265, 2573228.601693975], [693268.391566265, 2573228.5990127795], [693278.2992118753, 2573218.686746988], [693278.391566265, 2573218.5943925986], [693288.391566265, 2573218.5940763904], [693298.391566265, 2573218.5940763904], [693308.2988956671, 2573208.686746988], [693298.391566265, 2573198.7766704685], [693298.3016427845, 2573198.686746988], [693288.391566265, 2573188.7740420788], [693278.391566265, 2573188.7710640193], [693278.3072492335, 2573188.686746988], [693268.391566265, 2573178.7710640198], [693258.391566265, 2573178.7710640198], [693258.3072492335, 2573178.686746988], [693258.3072492335, 2573168.686746988], [693258.3072492335, 2573158.686746988], [693258.3072492335, 2573148.686746988], [693258.3072492335, 2573138.686746988], [693258.391566265, 2573138.6024299567], [693268.3072492335, 2573128.686746988], [693268.3072492335, 2573118.686746988], [693268.3072492335, 2573108.686746988], [693268.3072492335, 2573098.686746988], [693258.391566265, 2573088.7710640193], [693258.3072492335, 2573088.686746988], [693258.3072492335, 2573078.686746988], [693248.391566265, 2573068.7710640198], [693248.3072492335, 2573068.686746988], [693248.3072492335, 2573058.686746988], [693238.391566265, 2573048.7710640198], [693238.3072492335, 2573048.686746988], [693238.3072492335, 2573038.686746988], [693238.3072492335, 2573028.686746988], [693228.391566265, 2573018.7710640193], [693228.3072492335, 2573018.686746988], [693228.3072492335, 2573008.686746988], [693218.391566265, 2572998.7710640193], [693218.3072492335, 2572998.686746988], [693208.391566265, 2572988.7710640198], [693198.391566265, 2572988.7710640198], [693198.3072492335, 2572988.686746988], [693188.391566265, 2572978.7710640193], [693188.3072492335, 2572978.686746988], [693188.3072492335, 2572968.686746988], [693188.3072492335, 2572958.686746988], [693188.3072492335, 2572948.686746988], [693188.3072492335, 2572938.686746988], [693178.391566265, 2572928.7710640198], [693178.3072492335, 2572928.686746988], [693178.3072492335, 2572918.686746988], [693178.3072492335, 2572908.686746988], [693178.3072492335, 2572898.686746988], [693168.391566265, 2572888.7710640198], [693168.3072492335, 2572888.686746988], [693168.3072492335, 2572878.686746988], [693158.391566265, 2572868.7710640198], [693158.3072492335, 2572868.686746988], [693148.391566265, 2572858.7710640193], [693148.3072492335, 2572858.686746988], [693138.391566265, 2572848.7710640198], [693138.3072492336, 2572848.686746988], [693138.3072492336, 2572838.686746988], [693128.391566265, 2572828.7710640198], [693128.3072492335, 2572828.686746988], [693128.3072492335, 2572818.686746988], [693118.391566265, 2572808.7710640198], [693118.3072492335, 2572808.686746988], [693108.391566265, 2572798.7710640193], [693108.3072492335, 2572798.686746988], [693108.3072492335, 2572788.686746988], [693098.391566265, 2572778.7710640193], [693098.3072492335, 2572778.686746988], [693088.391566265, 2572768.7710640198], [693088.3072492335, 2572768.686746988], [693078.391566265, 2572758.7710640193], [693078.3072492335, 2572758.686746988], [693068.391566265, 2572748.768615457], [693068.3096977957, 2572748.686746988], [693068.3096977957, 2572738.686746988], [693058.391566265, 2572728.762714388], [693058.3155988648, 2572728.686746988], [693058.3155363306, 2572718.686746988], [693048.391566265, 2572708.7627918255], [693048.3155214275, 2572708.686746988], [693048.3155214275, 2572698.686746988], [693048.3155214275, 2572688.686746988], [693048.391566265, 2572688.6107021505], [693058.3160607012, 2572678.686746988], [693058.391566265, 2572678.6112414245], [693068.391566265, 2572678.611090924], [693078.391566265, 2572678.6109705274], [693088.391566265, 2572678.6109705274], [693098.391566265, 2572678.6109705274], [693098.4673427257, 2572678.686746988], [693108.391566265, 2572688.610797621], [693108.467515632, 2572688.686746988], [693118.391566265, 2572698.6099535655], [693118.468359687, 2572698.686746988], [693128.391566265, 2572708.605557898], [693128.4727553548, 2572708.686746988], [693138.391566265, 2572718.6024299567], [693148.391566265, 2572718.6024299567], [693148.4758832966, 2572718.686746988], [693148.4758832966, 2572728.686746988], [693158.391566265, 2572738.6024299567], [693168.391566265, 2572738.603161382], [693168.4751518709, 2572738.686746988], [693178.391566265, 2572748.602429956], [693178.4758832966, 2572748.686746988], [693188.391566265, 2572758.6024299567], [693188.4758832966, 2572758.686746988], [693188.4758832966, 2572768.686746988], [693198.391566265, 2572778.602429956], [693198.4758832966, 2572778.686746988], [693198.4758832966, 2572788.686746988], [693208.391566265, 2572798.602429956], [693218.391566265, 2572798.602429956], [693218.4758832966, 2572798.686746988], [693228.391566265, 2572808.6024299567], [693228.4758832966, 2572808.686746988], [693238.391566265, 2572818.602429956], [693238.4758832966, 2572818.686746988], [693248.391566265, 2572828.6024299567], [693248.4758832966, 2572828.686746988], [693258.391566265, 2572838.602429956], [693258.4758832966, 2572838.686746988], [693268.391566265, 2572848.6024299567], [693268.4758832966, 2572848.686746988], [693278.391566265, 2572858.602429956], [693278.4758832966, 2572858.686746988], [693288.391566265, 2572868.6024299567], [693288.4758832965, 2572868.686746988], [693288.4758832965, 2572878.686746988], [693298.391566265, 2572888.6024299567], [693298.4758832966, 2572888.686746988], [693298.4758832966, 2572898.686746988], [693308.391566265, 2572908.6024299567], [693318.391566265, 2572908.6024299567], [693318.4758832966, 2572908.686746988], [693318.4758832966, 2572918.686746988], [693328.391566265, 2572928.6024299567], [693328.4758832966, 2572928.686746988], [693338.391566265, 2572938.602429956], [693348.391566265, 2572938.602429956], [693348.4758832966, 2572938.686746988], [693358.391566265, 2572948.6024299567], [693368.391566265, 2572948.6024299567], [693368.4758832966, 2572948.686746988], [693378.391566265, 2572958.60431241], [693378.4740008425, 2572958.686746988], [693378.4747936226, 2572968.686746988], [693378.4754277556, 2572978.686746988], [693378.4754277556, 2572988.686746988], [693378.4758832966, 2572998.686746988], [693378.4758832966, 2573008.686746988], [693388.391566265, 2573018.602429956], [693388.4758832966, 2573018.686746988], [693388.4758832966, 2573028.686746988], [693398.391566265, 2573038.602429956], [693398.4758832966, 2573038.686746988], [693398.4758832966, 2573048.686746988], [693408.391566265, 2573058.602429956], [693408.4758832966, 2573058.686746988], [693418.391566265, 2573068.6024299567], [693418.4758832966, 2573068.686746988], [693418.4758832966, 2573078.686746988], [693428.391566265, 2573088.6024299567], [693428.4758832966, 2573088.686746988], [693438.391566265, 2573098.601205173], [693438.4771080802, 2573098.686746988], [693438.4788138778, 2573108.686746988], [693448.391566265, 2573118.5975199398], [693448.4807933132, 2573118.686746988], [693458.391566265, 2573128.5948308134], [693458.4834824397, 2573128.686746988], [693468.391566265, 2573138.5940763904], [693468.4842368629, 2573138.686746988], [693478.391566265, 2573148.59407639], [693478.484236863, 2573148.686746988], [693478.484236863, 2573158.686746988], [693488.391566265, 2573168.5940763904], [693488.4842368629, 2573168.686746988], [693498.391566265, 2573178.59407639], [693508.391566265, 2573178.59407639], [693508.4842368629, 2573178.686746988], [693508.4842368629, 2573188.686746988], [693518.391566265, 2573198.59407639], [693518.484236863, 2573198.686746988], [693528.391566265, 2573208.59407639], [693528.4842368629, 2573208.686746988], [693528.4842368629, 2573218.686746988], [693528.4842368629, 2573228.686746988], [693538.391566265, 2573238.59407639], [693538.484236863, 2573238.686746988], [693538.484236863, 2573248.686746988], [693548.391566265, 2573258.59407639], [693548.4842368629, 2573258.686746988], [693548.4842368629, 2573268.686746988], [693558.391566265, 2573278.5940763904], [693558.484236863, 2573278.686746988], [693558.484236863, 2573288.686746988], [693568.391566265, 2573298.5940763904], [693568.484236863, 2573298.686746988], [693578.391566265, 2573308.59407639], [693578.4842368629, 2573308.686746988], [693588.391566265, 2573318.59407639], [693588.484236863, 2573318.686746988], [693588.484236863, 2573328.686746988], [693598.391566265, 2573338.59407639], [693598.4842368629, 2573338.686746988], [693608.391566265, 2573348.594617143], [693608.4836961102, 2573348.686746988], [693618.391566265, 2573358.597957244], [693618.480356009, 2573358.686746988], [693628.391566265, 2573368.5988440732], [693628.4794691794, 2573368.686746988], [693638.391566265, 2573378.599434992], [693638.4788782615, 2573378.686746988], [693648.391566265, 2573388.6000259784], [693648.4782872746, 2573388.686746988], [693658.391566265, 2573398.596399156], [693668.391566265, 2573398.596399156], [693668.4819140973, 2573398.686746988], [693668.484236863, 2573408.686746988], [693678.391566265, 2573418.59407639], [693678.484236863, 2573418.686746988], [693678.484236863, 2573428.686746988], [693678.484236863, 2573438.686746988], [693688.391566265, 2573448.5965621616], [693688.4817510914, 2573448.686746988], [693688.4817510914, 2573458.686746988], [693688.4817510914, 2573468.686746988], [693688.4816048479, 2573478.686746988], [693688.4813828052, 2573488.686746988], [693688.4811793094, 2573498.686746988], [693688.391566265, 2573498.7763600326], [693678.4834969898, 2573508.686746988], [693678.4832935808, 2573518.686746988], [693678.4830901634, 2573528.686746988], [693678.391566265, 2573528.7782708867], [693668.484236863, 2573538.686746988], [693678.391566265, 2573548.5993193532], [693688.391566265, 2573548.600135568], [693688.4781776852, 2573548.686746988], [693698.391566265, 2573558.59407639], [693698.484236863, 2573558.686746988], [693708.391566265, 2573568.59407639], [693708.4842368629, 2573568.686746988], [693708.4842368629, 2573578.686746988], [693718.391566265, 2573588.59407639], [693718.484236863, 2573588.686746988], [693718.484236863, 2573598.6867469884], [693718.484236863, 2573608.686746988], [693728.391566265, 2573618.600054384], [693728.4782588684, 2573618.686746988], [693738.391566265, 2573628.6002258407], [693738.4780874121, 2573628.686746988], [693738.4827284949, 2573638.686746988], [693748.391566265, 2573648.5962067773], [693748.4821064757, 2573648.686746988], [693748.4842368629, 2573658.686746988], [693748.4842368629, 2573668.686746988], [693758.391566265, 2573678.59407639], [693758.484236863, 2573678.686746988], [693768.391566265, 2573688.5940763904], [693768.4842368629, 2573688.686746988], [693778.391566265, 2573698.59407639], [693778.484236863, 2573698.686746988], [693788.391566265, 2573708.5940763904], [693788.484236863, 2573708.686746988], [693788.484236863, 2573718.686746988], [693798.391566265, 2573728.594589325], [693798.4837239278, 2573728.686746988], [693798.4842368629, 2573738.686746988], [693798.4842368629, 2573748.686746988], [693808.391566265, 2573758.5944883483], [693808.4838249047, 2573758.686746988], [693808.484236863, 2573768.686746988], [693808.484236863, 2573778.686746988], [693808.484236863, 2573788.686746988], [693818.391566265, 2573798.5940763904], [693818.4842368629, 2573798.686746988], [693818.4842368629, 2573808.686746988], [693818.4842368629, 2573818.686746988], [693818.4842368629, 2573828.686746988], [693828.391566265, 2573838.59407639], [693828.484236863, 2573838.686746988], [693838.391566265, 2573848.5940763904], [693838.4842368629, 2573848.686746988], [693838.4842368629, 2573858.686746988], [693848.391566265, 2573868.59407639], [693848.484236863, 2573868.686746988], [693858.391566265, 2573878.5940763904], [693858.4842368629, 2573878.686746988], [693858.4842368629, 2573888.686746988], [693868.391566265, 2573898.59407639], [693868.484236863, 2573898.686746988], [693878.391566265, 2573908.5940763904], [693888.391566265, 2573908.5940763904], [693888.484236863, 2573908.686746988], [693898.391566265, 2573918.59407639], [693908.391566265, 2573918.59407639], [693918.391566265, 2573918.59407639], [693928.391566265, 2573918.59407639], [693938.391566265, 2573918.59407639], [693948.391566265, 2573918.59407639], [693958.391566265, 2573918.59407639], [693968.391566265, 2573918.59407639], [693978.391566265, 2573918.59407639], [693988.391566265, 2573918.594111167], [693988.4842020859, 2573918.686746988], [693998.391566265, 2573928.5940763904], [694008.391566265, 2573928.5940763904], [694018.391566265, 2573928.5940763904], [694028.391566265, 2573928.5940763904], [694028.484236863, 2573928.686746988], [694038.391566265, 2573938.59407639], [694048.391566265, 2573938.59407639], [694058.391566265, 2573938.59407639], [694068.391566265, 2573938.59407639], [694078.391566265, 2573938.59407639], [694088.391566265, 2573938.5941139185], [694098.391566265, 2573938.5941757453], [694108.391566265, 2573938.5941757453], [694118.391566265, 2573938.5941757453], [694128.391566265, 2573938.5941757453], [694138.391566265, 2573938.5941757453], [694148.391566265, 2573938.5941757453], [694158.391566265, 2573938.5941757453], [694158.4841375079, 2573938.686746988], [694168.391566265, 2573948.59407639], [694178.391566265, 2573948.59407639], [694188.391566265, 2573948.59407639], [694198.391566265, 2573948.59407639], [694198.484236863, 2573948.686746988], [694208.391566265, 2573958.5940763904], [694218.391566265, 2573958.5940763904], [694228.391566265, 2573958.5940763904], [694238.391566265, 2573958.5940763904], [694238.484236863, 2573958.686746988], [694248.391566265, 2573968.59407639], [694258.391566265, 2573968.59407639], [694268.391566265, 2573968.59407639], [694278.391566265, 2573968.5951656313], [694288.391566265, 2573968.5968355853], [694288.4814776677, 2573968.686746988], [694298.391566265, 2573978.596242939], [694308.391566265, 2573978.596242939], [694318.391566265, 2573978.596242939], [694318.4820703138, 2573978.686746988], [694328.391566265, 2573988.594573184], [694338.391566265, 2573988.594573184], [694348.391566265, 2573988.594573184], [694358.391566265, 2573988.594573184], [694358.4837400691, 2573988.686746988], [694368.391566265, 2573998.59407639], [694378.391566265, 2573998.59407639], [694388.391566265, 2573998.59407639], [694398.391566265, 2573998.59407639], [694408.391566265, 2573998.59407639], [694418.391566265, 2573998.59407639], [694428.391566265, 2573998.59407639], [694438.391566265, 2573998.59407639], [694448.391566265, 2573998.59407639], [694458.391566265, 2573998.59407639], [694468.391566265, 2573998.59407639], [694478.391566265, 2573998.59407639], [694488.391566265, 2573998.59407639], [694498.3019767454, 2573988.686746988], [694498.3019767454, 2573978.686746988], [694498.3019767454, 2573968.686746988], [694498.3019767454, 2573958.686746988], [694498.391566265, 2573958.597157468], [694508.3003066828, 2573948.686746988], [694508.3003066828, 2573938.686746988], [694498.391566265, 2573928.7763365074], [694498.3019767454, 2573928.686746988], [694498.3019767454, 2573918.686746988], [694488.391566265, 2573908.773500136], [694488.3048131168, 2573908.686746988], [694478.391566265, 2573898.7710640198], [694478.3072492335, 2573898.686746988], [694468.391566265, 2573888.7710640193], [694458.391566265, 2573888.7710640193], [694448.391566265, 2573888.7710640193], [694438.391566265, 2573888.7710640193], [694428.391566265, 2573888.7710640193], [694428.3072492335, 2573888.686746988], [694418.391566265, 2573878.7710640198], [694418.3072492335, 2573878.686746988], [694418.3072492335, 2573868.686746988], [694418.3072492335, 2573858.686746988], [694408.391566265, 2573848.7710640193], [694408.3072492335, 2573848.686746988], [694398.391566265, 2573838.7710640198], [694398.3072492335, 2573838.686746988], [694388.391566265, 2573828.7710640193], [694388.3072492335, 2573828.686746988], [694388.3072492335, 2573818.686746988], [694388.3072492335, 2573808.686746988], [694378.391566265, 2573798.7710640198], [694378.3072492335, 2573798.686746988], [694378.3072492335, 2573788.686746988], [694378.3072492335, 2573778.686746988], [694368.391566265, 2573768.7710640193], [694358.391566265, 2573768.7710640193], [694348.391566265, 2573768.7710640193], [694338.391566265, 2573768.7710640193], [694328.4758832966, 2573778.686746988], [694328.391566265, 2573778.7710640198], [694318.391566265, 2573778.7710640198], [694308.391566265, 2573778.7710640198], [694298.391566265, 2573778.7710640198], [694298.3072492335, 2573778.686746988], [694298.3072492335, 2573768.686746988], [694288.391566265, 2573758.7710640198], [694288.3072492335, 2573758.686746988], [694288.3072492335, 2573748.686746988], [694278.391566265, 2573738.7710640193], [694278.3072492336, 2573738.6867469875], [694268.391566265, 2573728.7710640198], [694258.391566265, 2573728.7710640198], [694258.3072492335, 2573728.686746988], [694248.391566265, 2573718.7710640193], [694238.391566265, 2573718.7710640193], [694238.3072492335, 2573718.686746988], [694228.391566265, 2573708.7710640198], [694228.3072492335, 2573708.686746988], [694218.391566265, 2573698.7710640193], [694218.3072492335, 2573698.686746988], [694208.391566265, 2573688.7710640198], [694208.3072492335, 2573688.686746988], [694198.391566265, 2573678.7710640193], [694198.3072492335, 2573678.686746988], [694188.391566265, 2573668.7710640198], [694188.3072492335, 2573668.686746988], [694188.3072492335, 2573658.686746988], [694178.391566265, 2573648.7710640198], [694178.3072492335, 2573648.686746988], [694168.391566265, 2573638.7710640193], [694168.3072492335, 2573638.686746988], [694158.391566265, 2573628.7710640198], [694148.391566265, 2573628.7710640198], [694148.3072492335, 2573628.686746988], [694138.391566265, 2573618.7710640193], [694128.391566265, 2573618.7710640193], [694118.4699477924, 2573628.686746988], [694118.391566265, 2573628.7651285157], [694108.391566265, 2573628.7651285157], [694098.4693719613, 2573638.686746988], [694098.391566265, 2573638.7645526845], [694088.391566265, 2573638.7645526845], [694078.391566265, 2573638.7645526845], [694068.391566265, 2573638.764241141], [694058.391566265, 2573638.76318109], [694058.3151321631, 2573638.686746988], [694058.3151321631, 2573628.686746988], [694048.391566265, 2573618.7583038094], [694048.3200094434, 2573618.686746988], [694048.3174954373, 2573608.686746988], [694048.3159876432, 2573598.686746988], [694048.3159876432, 2573588.686746988], [694048.3159876432, 2573578.686746988], [694048.3156168979, 2573568.686746988], [694038.391566265, 2573558.762696355], [694028.4659958412, 2573568.686746988], [694028.4629790995, 2573578.686746988], [694028.391566265, 2573578.758159823], [694018.391566265, 2573578.758159823], [694008.4579471186, 2573588.686746988], [694008.391566265, 2573588.7531278413], [693998.4529100375, 2573598.686746988], [693998.391566265, 2573598.7480907603], [693988.4489525978, 2573608.686746988], [693988.4447526828, 2573618.686746988], [693988.4447526828, 2573628.686746988], [693988.391566265, 2573628.7399334055], [693978.4458524548, 2573638.686746988], [693978.391566265, 2573638.741033178], [693968.391566265, 2573638.741033178], [693958.391566265, 2573638.741033178], [693958.3372800753, 2573638.686746988], [693948.391566265, 2573628.746256744], [693938.391566265, 2573628.746256744], [693928.391566265, 2573628.746256744], [693928.332056509, 2573628.686746988], [693928.332056509, 2573618.686746988], [693918.391566265, 2573608.749606468], [693918.3287067849, 2573608.686746988], [693908.391566265, 2573598.748707168], [693908.3296060853, 2573598.686746988], [693908.3262478793, 2573588.686746988], [693908.325576511, 2573578.686746988], [693908.325576511, 2573568.686746988], [693908.3170326794, 2573558.686746988], [693898.391566265, 2573548.759604866], [693898.3187083869, 2573548.686746988], [693888.391566265, 2573538.7579285926], [693888.3203846603, 2573538.686746988], [693878.391566265, 2573528.756251756], [693868.391566265, 2573528.7490798174], [693868.3292334358, 2573528.686746988], [693868.3237389028, 2573518.686746988], [693858.391566265, 2573508.7561557237], [693858.3221575294, 2573508.686746988], [693858.3204806574, 2573498.686746988], [693858.3188043546, 2573488.686746988], [693848.3915662651, 2573478.760514411], [693848.3177988416, 2573478.686746988], [693848.3177988416, 2573468.686746988], [693838.391566265, 2573458.7645344185], [693828.391566265, 2573458.7645344185], [693818.391566265, 2573458.7645344185], [693818.3137788347, 2573458.686746988], [693808.391566265, 2573448.7662084606], [693808.3121047925, 2573448.686746988], [693798.391566265, 2573438.767881938], [693798.310431315, 2573438.686746988], [693788.391566265, 2573428.769554851], [693788.3087584019, 2573428.686746988], [693778.391566265, 2573418.773814149], [693768.391566265, 2573418.774474529], [693758.391566265, 2573418.774474529], [693748.391566265, 2573418.774474529], [693748.303838724, 2573418.686746988], [693748.3038306717, 2573408.686746988], [693748.3028281911, 2573398.686746988], [693738.391566265, 2573388.7764873393], [693738.301825914, 2573388.686746988], [693728.391566265, 2573378.7774894135], [693728.3008238395, 2573378.686746988], [693728.3004898592, 2573368.686746988], [693728.3004898592, 2573358.6867469884], [693728.3004898592, 2573348.686746988], [693728.2998219669, 2573338.686746988], [693718.391566265, 2573328.779417586], [693718.2988956672, 2573328.686746988], [693718.2988956672, 2573318.686746988], [693708.391566265, 2573308.778920792], [693708.299392461, 2573308.686746988], [693698.391566265, 2573298.777251037], [693688.391566265, 2573298.7764873393], [693688.301825914, 2573298.686746988], [693678.391566265, 2573288.7778233937], [693678.3004898592, 2573288.686746988], [693668.391566265, 2573278.7791590886], [693668.2991541646, 2573278.686746988], [693658.391566265, 2573268.7794175856], [693658.2988956671, 2573268.686746988], [693648.391566265, 2573258.779417586], [693648.2988956672, 2573258.686746988], [693648.2988956672, 2573248.686746988], [693648.2988956672, 2573238.686746988], [693648.3077641764, 2573228.686746988], [693648.3261936163, 2573218.686746988], [693648.3446916835, 2573208.686746988], [693648.391566265, 2573208.6398724066], [693658.391566265, 2573208.6398724066], [693668.391566265, 2573208.6398724066], [693678.391566265, 2573208.6448168685], [693678.4334963846, 2573208.686746988], [693688.391566265, 2573218.6324649192], [693698.3381987003, 2573208.686746988], [693698.3381987003, 2573198.686746988], [693698.3381987003, 2573188.686746988], [693698.391566265, 2573188.633379423], [693708.391566265, 2573188.633379423], [693718.391566265, 2573188.602429956], [693728.3072492335, 2573178.686746988], [693728.3072492335, 2573168.686746988], [693728.3072492335, 2573158.686746988], [693728.3072492335, 2573148.686746988], [693728.3072492335, 2573138.686746988], [693728.3072492335, 2573128.686746988], [693728.3072492335, 2573118.686746988], [693728.3072492335, 2573108.686746988], [693728.3072492335, 2573098.686746988], [693728.3077468656, 2573088.686746988], [693728.3094194373, 2573078.686746988], [693718.391566265, 2573068.7628678824], [693718.3154453706, 2573068.686746988], [693718.3154453706, 2573058.686746988], [693718.3154453706, 2573048.686746988], [693708.391566265, 2573038.758447795], [693708.3198654577, 2573038.686746988], [693708.3198654577, 2573028.686746988], [693698.391566265, 2573018.7537436243], [693698.3245696287, 2573018.686746988], [693688.391566265, 2573008.752065371], [693688.3262478822, 2573008.686746988], [693678.391566265, 2572998.7503865534], [693678.3279267, 2572998.686746988], [693678.3245696287, 2572988.686746988], [693668.391566265, 2572978.752065371], [693668.3262478822, 2572978.686746988], [693658.391566265, 2572968.750058814], [693658.3282544394, 2572968.686746988], [693648.391566265, 2572958.745018616], [693648.3332946373, 2572958.686746988], [693638.391566265, 2572948.7399733053], [693638.3383399479, 2572948.686746988], [693628.391566265, 2572938.7381940177], [693628.3401192355, 2572938.686746988], [693628.3401192355, 2572928.686746988], [693628.3401192355, 2572918.686746988], [693628.391566265, 2572918.6352999588], [693638.3317102197, 2572908.686746988], [693628.391566265, 2572898.744922369], [693628.3333908842, 2572898.686746988], [693628.3317102197, 2572888.686746988], [693628.3305422877, 2572878.686746988], [693618.391566265, 2572868.7460906957], [693618.3322225572, 2572868.686746988], [693608.391566265, 2572858.7351280325], [693598.391566265, 2572858.7223111405], [693598.3560021124, 2572858.686746988], [693598.3560021124, 2572848.686746988], [693598.3560021124, 2572838.686746988], [693598.3563398506, 2572828.686746988], [693598.3578844499, 2572818.686746988], [693598.3578844499, 2572808.686746988], [693598.3408048437, 2572798.686746988], [693588.391566265, 2572788.7375084097], [693578.391566265, 2572788.7312119943], [693568.391566265, 2572788.722776907], [693568.3555363461, 2572788.686746988], [693558.391566265, 2572778.734696148], [693558.343617105, 2572778.686746988], [693558.3398894422, 2572768.686746988], [693558.3398894422, 2572758.686746988], [693558.3398894422, 2572748.686746988], [693558.3399111544, 2572738.686746988], [693558.3399111544, 2572728.686746988], [693558.391566265, 2572728.6350918775], [693568.340545598, 2572718.686746988], [693568.3408048437, 2572708.686746988], [693568.3408048437, 2572698.686746988], [693568.391566265, 2572698.635985567], [693578.3408048437, 2572688.686746988], [693578.3408048437, 2572678.686746988], [693578.3408048437, 2572668.686746988], [693578.391566265, 2572668.6359855663], [693588.3408048437, 2572658.686746988], [693578.391566265, 2572648.737508409], [693578.3408048437, 2572648.686746988], [693578.3408048437, 2572638.686746988], [693578.3408048437, 2572628.686746988], [693568.391566265, 2572618.7375084097], [693568.3408048437, 2572618.686746988], [693568.3408048437, 2572608.686746988], [693558.391566265, 2572598.7338998844], [693558.3444133683, 2572598.686746988], [693558.3444133683, 2572588.686746988], [693558.3444133683, 2572578.686746988], [693548.391566265, 2572568.726144321], [693548.3521689322, 2572568.686746988], [693548.3521689322, 2572558.686746988], [693538.391566265, 2572548.7242838712], [693538.3540293818, 2572548.686746988], [693528.391566265, 2572538.722595644], [693528.3557176088, 2572538.686746988], [693528.3557176088, 2572528.6867469884], [693518.391566265, 2572518.720906851], [693518.357406402, 2572518.686746988], [693518.357406402, 2572508.686746988], [693508.391566265, 2572498.7192174853], [693508.359095768, 2572498.686746988], [693498.391566265, 2572488.7175275465], [693498.3607857066, 2572488.686746988], [693488.391566265, 2572478.715837029], [693478.391566265, 2572478.7141459435], [693478.3641673097, 2572478.686746988], [693478.3640022521, 2572468.686746988], [693478.3623112169, 2572458.686746988], [693478.3623112169, 2572448.686746988], [693478.3623112169, 2572438.686746988], [693478.391566265, 2572438.65749194], [693488.3589308781, 2572428.686746988], [693488.3595576913, 2572418.686746988], [693488.391566265, 2572418.654738414], [693498.3561792191, 2572408.686746988], [693498.3612477926, 2572398.686746988], [693498.391566265, 2572398.6564285154], [693508.3568628661, 2572388.686746988], [693508.3585520537, 2572378.686746988], [693508.360241808, 2572368.686746988], [693508.391566265, 2572368.6554225306], [693518.3545317189, 2572358.686746988], [693518.3562201163, 2572348.686746988], [693518.391566265, 2572348.651400839], [693528.3504900387, 2572338.686746988], [693528.3492292606, 2572328.686746988], [693528.3492292606, 2572318.686746988], [693528.3492292606, 2572308.686746988], [693518.391566265, 2572298.724705789], [693518.3536074641, 2572298.686746988], [693518.3536074641, 2572288.686746988], [693518.3536074641, 2572278.686746988], [693518.3569841984, 2572268.686746988], [693518.3603632165, 2572258.686746988], [693518.391566265, 2572258.6555439397], [693528.3622144061, 2572248.686746988], [693528.391566265, 2572248.657395129], [693538.391566265, 2572248.654014856], [693548.3554561452, 2572238.686746988], [693548.391566265, 2572238.650636868], [693558.3520804463, 2572228.686746988], [693558.391566265, 2572228.6472611693], [693568.3492292605, 2572218.686746988], [693568.3492292605, 2572208.686746988], [693568.391566265, 2572208.6444099834], [693578.3492292605, 2572198.686746988], [693578.3497311136, 2572188.686746988], [693578.3514178842, 2572178.686746988], [693578.391566265, 2572178.6465986073], [693588.3531052202, 2572168.686746988], [693588.3540293818, 2572158.686746988], [693588.3540293818, 2572148.686746988], [693588.3540293818, 2572138.686746988], [693578.391566265, 2572128.722595644], [693568.391566265, 2572128.720906851], [693568.357406402, 2572128.686746988], [693568.357406402, 2572118.686746988], [693558.391566265, 2572108.7206452913], [693548.391566265, 2572108.7193823745], [693548.3589308782, 2572108.686746988], [693548.357667962, 2572098.686746988], [693538.391566265, 2572088.7206452913], [693528.391566265, 2572088.7193823745], [693528.3589308782, 2572088.686746988], [693518.391566265, 2572078.719382375], [693518.3589308781, 2572078.686746988], [693518.357667962, 2572068.686746988], [693508.391566265, 2572058.720645291], [693508.3576679619, 2572058.686746988], [693498.391566265, 2572048.7206452913], [693498.357667962, 2572048.686746988], [693498.357667962, 2572038.686746988], [693488.391566265, 2572028.7206452913], [693488.357667962, 2572028.686746988], [693488.357667962, 2572018.686746988], [693488.357667962, 2572008.686746988], [693478.391566265, 2571998.7206452913], [693468.391566265, 2571998.7206452913], [693468.357667962, 2571998.686746988], [693468.357667962, 2571988.686746988], [693458.391566265, 2571978.71778927], [693458.360523983, 2571978.686746988], [693448.391566265, 2571968.7145728995], [693448.3637403536, 2571968.686746988], [693438.391566265, 2571958.7128813793], [693438.3654318737, 2571958.686746988], [693438.3637403536, 2571948.686746988], [693428.391566265, 2571938.7128813793], [693428.3654318738, 2571938.686746988], [693418.391566265, 2571928.711189291], [693418.3671239618, 2571928.686746988], [693418.3658589687, 2571918.686746988], [693408.391566265, 2571908.7068965035], [693408.3714167497, 2571908.686746988], [693408.3697231992, 2571898.686746988], [693408.3689818411, 2571888.686746988], [693408.3689818411, 2571878.686746988], [693408.3689818411, 2571868.686746988], [693408.3689818411, 2571858.686746988], [693408.3689818411, 2571848.686746988], [693408.3689818411, 2571838.686746988], [693408.3689818411, 2571828.686746988], [693398.391566265, 2571818.705944245], [693398.3723690077, 2571818.686746988], [693398.3723690077, 2571808.686746988], [693398.3723690077, 2571798.686746988], [693398.3723690077, 2571788.686746988], [693398.3723690077, 2571778.686746988], [693388.391566265, 2571768.7025547777], [693388.3757584749, 2571768.686746988], [693388.3757584749, 2571758.686746988], [693378.391566265, 2571748.7007620772], [693378.3775511758, 2571748.686746988], [693378.3758555427, 2571738.686746988], [693378.3748384429, 2571728.686746988], [693378.3748384429, 2571718.686746988], [693378.3748384429, 2571708.686746988], [693378.391566265, 2571708.6700191656], [693388.3709373969, 2571698.686746988], [693388.3709373969, 2571688.686746988], [693378.391566265, 2571678.7056818996], [693378.3726313536, 2571678.686746988], [693378.3726313536, 2571668.686746988], [693368.391566265, 2571658.703724919], [693358.391566265, 2571658.70085919], [693358.3774540629, 2571658.686746988], [693348.391566265, 2571648.6974662673], [693338.391566265, 2571648.6940710386], [693328.391566265, 2571648.6906735073], [693328.3876397457, 2571648.686746988], [693328.3876397457, 2571638.686746988], [693328.3876397457, 2571628.686746988], [693328.3876397457, 2571618.686746988], [693328.3876397457, 2571608.686746988], [693328.3876397457, 2571598.686746988], [693328.3881454843, 2571588.686746988], [693328.389602623, 2571578.686746988], [693328.391566265, 2571578.6847833456], [693338.3879029012, 2571568.686746988], [693338.391566265, 2571568.683083624], [693348.3862037511, 2571558.686746988], [693348.3862037511, 2571548.686746988], [693348.3862037511, 2571538.686746988], [693348.3862037511, 2571528.686746988], [693348.3878823223, 2571518.686746988], [693348.391566265, 2571518.683063045], [693358.3845051846, 2571508.686746988], [693358.3861831853, 2571498.686746988], [693358.3878823222, 2571488.686746988], [693358.391566265, 2571488.683063045], [693368.3850106, 2571478.686746988], [693368.3867093443, 2571468.686746988], [693368.391566265, 2571468.681890067], [693378.3867093443, 2571458.686746988], [693368.391566265, 2571448.687923123], [693358.391566265, 2571448.687923123], [693348.391566265, 2571448.687923123], [693348.39039013, 2571448.686746988], [693348.3896365783, 2571438.686746988], [693348.3860830793, 2571428.686746988], [693348.3832421007, 2571418.686746988], [693348.3832421007, 2571408.686746988], [693348.3832421007, 2571398.686746988], [693348.3832421007, 2571388.686746988], [693348.391566265, 2571378.686746988], [693348.391566265, 2571368.686746988], [693348.391566265, 2571368.686746988], [693358.391566265, 2571368.686746988], [693368.391566265, 2571368.6800072435], [693378.391566265, 2571368.679843111], [693388.391566265, 2571368.679843111], [693398.391566265, 2571368.679843111], [693408.3860830793, 2571358.686746988], [693408.3860830793, 2571348.686746988], [693408.3860830793, 2571338.686746988], [693408.391566265, 2571338.681263802], [693418.391566265, 2571338.681263802], [693428.391566265, 2571338.681263802], [693438.391566265, 2571338.6826848974], [693448.391566265, 2571338.6832494736], [693458.391566265, 2571338.6832494736], [693468.391566265, 2571338.6832494736], [693468.3950637793, 2571338.686746988], [693478.391566265, 2571348.676290506], [693488.3799178419, 2571338.686746988], [693488.381614855, 2571328.686746988], [693478.391566265, 2571318.6892247046], [693468.391566265, 2571318.688676675], [693468.3896365783, 2571318.686746988], [693468.3890601348, 2571308.686746988], [693468.3890601348, 2571298.686746988], [693468.3890601348, 2571288.686746988], [693468.391566265, 2571288.6842408576], [693478.3896365783, 2571278.686746988], [693478.391566265, 2571268.686746988], [693478.391566265, 2571268.686746988], [693488.391566265, 2571268.686746988], [693498.391566265, 2571258.686746988], [693498.391566265, 2571248.686746988], [693498.391566265, 2571238.686746988], [693498.391566265, 2571238.686746988], [693508.391566265, 2571238.686746988], [693518.391566265, 2571228.686746988], [693518.391566265, 2571228.686746988], [693528.391566265, 2571228.686746988], [693538.391566265, 2571218.686746988], [693538.391566265, 2571218.686746988], [693548.391566265, 2571218.686746988], [693558.391566265, 2571218.686746988], [693568.391566265, 2571218.6860585716], [693578.391566265, 2571218.6860585716], [693588.391566265, 2571218.6860585716], [693598.391566265, 2571218.684601061], [693608.391566265, 2571218.6832412807], [693618.391566265, 2571218.6832412807], [693628.391566265, 2571218.6832412807], [693628.3950719722, 2571218.686746988], [693638.391566265, 2571228.676371321], [693648.391566265, 2571228.676371321], [693658.391566265, 2571228.676371321], [693668.391566265, 2571228.676371321], [693678.391566265, 2571228.676371321], [693688.391566265, 2571228.676371321], [693698.391566265, 2571228.676371321], [693708.391566265, 2571228.6764685004], [693718.3908010729, 2571218.686746988], [693718.391566265, 2571218.6859817957], [693728.391566265, 2571218.6859817957], [693738.391566265, 2571218.6859817957], [693748.391566265, 2571218.6852892768], [693758.391566265, 2571218.683589383], [693768.391566265, 2571218.6822298844], [693778.3896150134, 2571208.686746988], [693778.391566265, 2571208.6847957363], [693788.391566265, 2571208.6847957363], [693798.391566265, 2571208.6847957363], [693808.391566265, 2571207.7721137023], [693818.391566265, 2571208.4798233057], [693828.391566265, 2571208.4798233057], [693838.391566265, 2571208.4798233057], [693841.4223666561, 2571208.686746988], [693848.391566265, 2571209.1797954664], [693849.8189983964, 2571208.6867469884], [693858.3915662651, 2571200.1141791195], [693859.8189983964, 2571198.686746988], [693868.391566265, 2571198.6852892768], [693878.391120576, 2571188.686746988], [693878.391566265, 2571188.686301299], [693888.391566265, 2571184.4798164], [693898.391566265, 2571181.1464870404], [693905.7707952186, 2571178.686746988], [693908.391566265, 2571177.813156639], [693918.391566265, 2571175.146482272], [693928.391566265, 2571175.146482272], [693938.391566265, 2571175.146482272], [693948.391566265, 2571176.178819563], [693955.915348541, 2571178.686746988], [693958.391566265, 2571179.5121519123], [693968.391566265, 2571182.845481272], [693978.391566265, 2571186.178819563], [693981.0817581513, 2571188.686746988], [693983.7367376761, 2571198.686746988], [693988.391566265, 2571203.341575577], [693988.3955571186, 2571208.686746988], [693988.3958969712, 2571218.686746988], [693988.3958969712, 2571228.686746988], [693988.3958969712, 2571238.686746988], [693998.391566265, 2571248.677660763], [694008.3835753604, 2571238.686746988], [694008.391566265, 2571238.6787560834], [694018.3852736108, 2571228.686746988], [694018.3886718501, 2571218.686746988], [694009.8795141943, 2571208.686746988], [694011.3674621237, 2571198.686746988], [694018.391566265, 2571191.662642847], [694022.9192973392, 2571188.6867469884], [694028.391566265, 2571186.516476187], [694038.391566265, 2571180.8884095987], [694042.79489936, 2571178.686746988], [694048.391566265, 2571175.8884135354], [694058.391566265, 2571170.8884095987], [694063.6016830129, 2571168.686746988], [694068.3915662649, 2571166.6626643473], [694078.391566265, 2571166.6626643473], [694088.391566265, 2571166.070906589], [694098.391566265, 2571160.1141791195], [694099.8189983964, 2571158.686746988], [694108.391566265, 2571150.1141791195], [694110.1758548339, 2571148.686746988], [694118.391566265, 2571146.284433338], [694128.391566265, 2571146.284433338], [694138.391566265, 2571146.284433338], [694148.391566265, 2571148.6861559334], [694148.3921573197, 2571148.686746988], [694158.391566265, 2571158.6861559334], [694158.3921573196, 2571158.686746988], [694158.3938575081, 2571168.686746988], [694168.391566265, 2571178.684455745], [694168.3938575081, 2571178.686746988], [694178.391566265, 2571188.684455745], [694178.3938575082, 2571188.686746988], [694188.391566265, 2571198.684455745], [694188.3938575081, 2571198.686746988], [694198.391566265, 2571208.684455745], [694208.391566265, 2571207.6645099], [694211.8671635914, 2571208.686746988], [694218.391566265, 2571214.8578183576], [694228.3915662649, 2571216.6626643473], [694238.391566265, 2571216.070906589], [694248.391566265, 2571210.1141791195], [694249.8189983964, 2571208.6867469884], [694258.391566265, 2571200.1141791195], [694259.8189983964, 2571198.686746988], [694266.8430774176, 2571188.686746988], [694266.8430774176, 2571178.686746988], [694267.7463612326, 2571168.6867469884], [694268.3913029227, 2571158.686746988], [694268.3913029227, 2571148.686746988], [694268.391566265, 2571146.625900641], [694278.391566265, 2571143.2792163994], [694288.391566265, 2571143.2792163994], [694298.391566265, 2571143.2792163994], [694308.391566265, 2571143.2792163994], [694318.391566265, 2571143.2792163994], [694328.391566265, 2571143.2792163994], [694338.391566265, 2571143.2792163994], [694348.391566265, 2571148.6856449284], [694358.391566265, 2571148.6859052586], [694368.391566265, 2571148.6861655964], [694378.391566265, 2571147.8816913883], [694382.5612280946, 2571148.686746988], [694388.391566265, 2571151.0521529894], [694398.3915662649, 2571149.9421135066], [694399.6904988901, 2571148.686746988], [694408.3915662649, 2571142.3107578903], [694413.9294094362, 2571138.686746988], [694418.391566265, 2571138.6858517393], [694428.391566265, 2571138.6855386375], [694438.391566265, 2571138.6855386375], [694448.391566265, 2571138.6855386375], [694452.03688113, 2571138.686746988], [694458.391566265, 2571143.0261542904], [694458.3943136308, 2571148.686746988], [694458.399406663, 2571158.686746988], [694458.4000624397, 2571168.686746988], [694468.391566265, 2571178.6782508134], [694478.3904952053, 2571168.686746988], [694478.3904952053, 2571158.686746988], [694478.3904952053, 2571148.686746988], [694478.391566265, 2571138.686746988], [694478.391566265, 2571128.686746988], [694478.391566265, 2571128.686746988], [694488.391566265, 2571128.686746988], [694498.391566265, 2571128.686746988], [694508.391566265, 2571128.686746988], [694518.391566265, 2571128.686746988], [694528.391566265, 2571128.686746988], [694538.391566265, 2571128.686746988], [694548.391566265, 2571128.686746988], [694548.391566265, 2571128.686746988], [694558.391566265, 2571138.686746988], [694568.391566265, 2571138.686746988], [694578.391566265, 2571138.686746988], [694578.391566265, 2571138.686746988], [694588.391566265, 2571140.0113609405], [694598.391566265, 2571143.696234029], [694608.391566265, 2571148.393234842], [694608.8912443996, 2571148.686746988], [694618.3915662649, 2571153.4368994264], [694628.391566265, 2571158.4369079205], [694628.8912443997, 2571158.686746988], [694638.3915662649, 2571163.4369079205], [694648.391566265, 2571160.1141791195], [694649.8189983964, 2571158.686746988], [694658.391566265, 2571150.1141791195], [694660.0805330138, 2571148.686746988], [694668.391566265, 2571138.686746988], [694668.391566265, 2571128.686746988], [694668.391566265, 2571118.686746988], [694668.391566265, 2571108.686746988], [694668.391566265, 2571098.686746988], [694668.391566265, 2571098.686746988], [694678.391566265, 2571098.686746988], [694688.391566265, 2571098.686746988], [694698.391566265, 2571098.686746988], [694708.391566265, 2571098.686746988], [694718.391566265, 2571098.686746988], [694728.391566265, 2571098.686746988], [694738.391566265, 2571098.686746988], [694738.391566265, 2571098.686746988], [694738.391566265, 2571108.686746988], [694738.391566265, 2571118.686746988], [694738.391566265, 2571128.686746988], [694738.391566265, 2571138.686746988], [694742.9222030336, 2571148.686746988], [694742.9222030336, 2571158.686746988], [694742.9222030336, 2571168.686746988], [694740.3310198092, 2571178.686746988], [694738.391566265, 2571182.565654076], [694735.3310198091, 2571188.686746988], [694733.391566265, 2571198.686746988], [694736.5294042327, 2571208.686746988], [694737.4415552288, 2571218.686746988], [694738.391566265, 2571219.4707503184], [694739.2731353412, 2571218.686746988], [694739.5324212909, 2571208.6867469875], [694740.0077775518, 2571198.686746988], [694744.3399430927, 2571188.686746988], [694748.391566265, 2571186.631945707], [694758.3915662651, 2571180.6303132568], [694761.8410692716, 2571178.686746988], [694768.391566265, 2571174.9959849794], [694778.391566265, 2571174.9959849794], [694788.391566265, 2571174.9959849794], [694798.391566265, 2571174.340512693], [694808.3915662649, 2571172.8884060225], [694818.3915662649, 2571172.8884060225], [694828.3915662649, 2571172.8884060225], [694828.3935381026, 2571178.686746988], [694838.391566265, 2571188.679261411], [694848.3874781096, 2571178.686746988], [694848.3893393842, 2571168.686746988], [694848.3893393842, 2571158.686746988], [694848.391566265, 2571150.971696849], [694849.4690404562, 2571148.686746988], [694849.532421291, 2571138.686746988], [694850.0077775518, 2571128.686746988], [694853.2888653167, 2571118.686746988], [694858.2684389923, 2571108.686746988], [694858.391566265, 2571108.4362846757], [694861.9393481611, 2571098.686746988], [694866.2592933475, 2571088.686746988], [694866.8430774177, 2571078.686746988], [694868.3913029227, 2571068.686746988], [694866.8430774177, 2571058.686746988], [694866.8430774177, 2571048.6867469875], [694868.3915662651, 2571040.9444135055], [694878.391566265, 2571039.4393114652], [694888.3915662651, 2571039.4393114652], [694898.391566265, 2571045.2604842815], [694901.4574398533, 2571048.686746988], [694908.391566265, 2571053.1530016894], [694916.9830354032, 2571058.686746988], [694918.3915662649, 2571059.5939772865], [694918.3959093619, 2571068.686746988], [694928.391566265, 2571078.6810447145], [694928.3972685385, 2571078.686746988], [694938.391566265, 2571088.6802722067], [694948.391566265, 2571088.6802722067], [694958.391566265, 2571088.6802722067], [694958.3980410462, 2571088.686746988], [694968.391566265, 2571098.678250813], [694978.391566265, 2571098.678250813], [694988.3855829802, 2571088.686746988], [694988.3855829802, 2571078.686746988], [694988.3855829802, 2571068.686746988], [694988.391566265, 2571068.6807637033], [694998.391566265, 2571068.6807637033], [695008.391566265, 2571068.6807637033], [695015.9921444501, 2571068.6867469875], [695018.391566265, 2571072.695353832], [695024.8746087729, 2571078.686746988], [695024.8746087729, 2571088.686746988], [695025.0717865558, 2571098.6867469884], [695028.391566265, 2571102.445177778], [695034.9680429895, 2571108.686746988], [695038.391566265, 2571111.3681146954], [695048.391566265, 2571109.147499016], [695058.391566265, 2571109.147499016], [695068.3915662651, 2571109.147499016], [695078.391566265, 2571109.833603222], [695088.391566265, 2571109.5931679457], [695088.9622702192, 2571108.686746988], [695088.391566265, 2571107.596172344], [695084.7158162987, 2571098.686746988], [695078.391566265, 2571088.7858584286], [695078.3358848967, 2571088.686746988], [695071.9136449154, 2571078.6867469884], [695068.391566265, 2571074.7680298616], [695058.3915662649, 2571070.3816775708], [695055.9535481303, 2571068.686746988], [695058.3858548484, 2571058.686746988], [695058.383653956, 2571048.686746988], [695058.3828232362, 2571038.686746988], [695048.391566265, 2571028.689424131], [695048.3888891217, 2571028.686746988], [695048.3888891217, 2571018.686746988], [695048.3870401923, 2571008.686746988], [695048.3850127199, 2570998.686746988], [695038.391566265, 2570988.6926035928], [695038.3857096602, 2570988.686746988], [695038.3836824908, 2570978.686746988], [695038.3830700903, 2570968.6867469884], [695038.3830700903, 2570958.686746988], [695028.391566265, 2570948.6885322602], [695028.3897809929, 2570948.686746988], [695028.3897809929, 2570938.686746988], [695028.3897809929, 2570928.686746988], [695028.3908748928, 2570918.686746988], [695028.391566265, 2570914.547579256], [695038.391566265, 2570908.701356127], [695038.4906225128, 2570908.686746988], [695048.391566265, 2570903.2826046003], [695058.391566265, 2570898.686746988], [695058.391566265, 2570898.686746988], [695068.391566265, 2570893.9981739167], [695078.3915662651, 2570892.735946617], [695088.3915662651, 2570892.735946617], [695098.391566265, 2570898.6861690995], [695098.3921441535, 2570898.686746988], [695108.391566265, 2570908.686127235], [695108.3921860176, 2570908.686746988], [695118.391566265, 2570918.6861234284], [695118.3921898245, 2570918.686746988], [695128.391566265, 2570928.686121525], [695128.392191728, 2570928.686746988], [695128.3933314186, 2570938.686746988], [695138.391566265, 2570948.681042084], [695138.3972711691, 2570948.686746988], [695148.391566265, 2570958.6782508134], [695148.4000624397, 2570958.686746988], [695158.391566265, 2570968.6782508134], [695168.391566265, 2570968.6782508134], [695178.391566265, 2570968.6782508134], [695178.4000624397, 2570968.6867469884], [695188.391566265, 2570978.678250813], [695198.3828118765, 2570968.686746988], [695198.391566265, 2570968.6779925996], [695208.391566265, 2570968.6764782965], [695218.3807648047, 2570958.686746988], [695218.3824621057, 2570948.686746988], [695218.391566265, 2570948.677642829], [695228.3822872265, 2570938.686746988], [695228.391566265, 2570938.6774679497], [695238.3821123533, 2570928.686746988], [695238.391566265, 2570928.677293076], [695248.3819374924, 2570918.686746988], [695248.3832531092, 2570908.686746988], [695248.3838030561, 2570898.686746988], [695248.3845106873, 2570888.686746988], [695248.3867368392, 2570878.686746988], [695248.3889639893, 2570868.686746988], [695248.391566265, 2570868.684144712], [695258.391566265, 2570868.6837224504], [695268.391566265, 2570868.683300224], [695278.391566265, 2570868.6828780393], [695288.391566265, 2570868.6824558848], [695298.391566265, 2570868.6820593043], [695308.391566265, 2570868.6807002216], [695318.391566265, 2570868.6802472784], [695328.391566265, 2570868.6802472784], [695338.391566265, 2570868.6802472784], [695338.3980659748, 2570868.686746988], [695338.3981458924, 2570878.686746988], [695338.3995571695, 2570888.686746988], [695338.4012548428, 2570898.686746988], [695338.4029519393, 2570908.686746988], [695348.391566265, 2570918.673664788], [695358.391566265, 2570918.673664788], [695368.3801805908, 2570908.686746988], [695368.391566265, 2570908.6753613134], [695378.3830700903, 2570898.686746988], [695378.391566265, 2570898.6782508134], [695388.3835753605, 2570888.686746988], [695388.391566265, 2570888.6787560834], [695398.3852736108, 2570878.686746988], [695398.391566265, 2570878.680454334], [695408.391566265, 2570878.680454334], [695418.391566265, 2570878.6801913227], [695428.3850106, 2570868.686746988], [695428.391566265, 2570868.680191323], [695438.3850106, 2570858.686746988], [695438.391566265, 2570858.6801913227], [695448.3850106, 2570848.686746988], [695448.391566265, 2570848.680191323], [695458.3850106, 2570838.686746988], [695458.391566265, 2570838.6801913227], [695468.3853503014, 2570828.686746988], [695468.3872355588, 2570818.686746988], [695468.391566265, 2570818.6824162817], [695478.389955028, 2570808.686746988], [695478.391566265, 2570808.685135751], [695488.391566265, 2570798.686746988], [695488.391566265, 2570798.686746988], [695498.391566265, 2570798.686746988], [695508.391566265, 2570798.686746988], [695518.391566265, 2570798.686746988], [695528.391566265, 2570798.686746988], [695538.391566265, 2570798.686746988], [695548.391566265, 2570798.686746988], [695558.391566265, 2570798.686746988], [695568.391566265, 2570798.686746988], [695578.391566265, 2570798.686746988], [695588.391566265, 2570798.686746988], [695588.391566265, 2570798.686746988], [695588.391566265, 2570808.686746988], [695588.391566265, 2570818.686746988], [695588.391566265, 2570818.686746988], [695578.391566265, 2570828.686746988], [695578.391566265, 2570828.686746988], [695568.391566265, 2570838.686746988], [695568.391566265, 2570838.686746988], [695558.391566265, 2570848.686746988], [695558.391566265, 2570848.686746988], [695556.2563355821, 2570858.686746988], [695553.1293626712, 2570868.686746988], [695548.3931775021, 2570878.686746988], [695548.391566265, 2570878.688358225], [695538.3958202505, 2570888.686746988], [695538.391566265, 2570888.6910009733], [695528.3971794514, 2570898.686746988], [695528.391566265, 2570898.6923601744], [695518.3988779387, 2570908.686746988], [695518.391566265, 2570908.694058662], [695508.4000624397, 2570918.686746988], [695508.391566265, 2570918.695243163], [695498.391566265, 2570918.695243163], [695488.4000624396, 2570928.686746988], [695488.391566265, 2570928.6952431626], [695478.391566265, 2570928.6952431626], [695468.391566265, 2570928.6952431626], [695458.391566265, 2570928.6952431626], [695448.4000624397, 2570938.686746988], [695448.391566265, 2570938.6952431626], [695438.391566265, 2570938.6952431626], [695428.4000624397, 2570948.686746988], [695428.391566265, 2570948.6952431626], [695418.391566265, 2570948.6968516633], [695408.4060818308, 2570958.686746988], [695408.4060818308, 2570968.686746988], [695408.4031859625, 2570978.686746988], [695408.391566265, 2570978.698366686], [695398.391566265, 2570978.7000631317], [695388.4020911971, 2570988.686746988], [695388.391566265, 2570988.69727192], [695378.391566265, 2570988.69727192], [695368.4005552918, 2570998.686746988], [695368.4005552918, 2571008.686746988], [695368.391566265, 2571008.6957360147], [695358.4039493834, 2571018.686746988], [695358.4039493834, 2571028.686746988], [695358.391566265, 2571028.6991301067], [695348.4073970275, 2571038.686746988], [695348.4075921145, 2571048.686746988], [695348.4075921145, 2571058.686746988], [695348.4106704162, 2571068.686746988], [695348.411835841, 2571078.686746988], [695348.4130009935, 2571088.686746988], [695348.413954514, 2571098.686746988], [695348.4147698127, 2571108.686746988], [695348.4159182836, 2571118.686746988], [695358.391566265, 2571128.6635370534], [695358.4147761996, 2571128.686746988], [695358.4156117504, 2571138.686746988], [695358.4160655998, 2571148.686746988], [695368.391566265, 2571158.6642391137], [695368.4140741393, 2571158.686746988], [695368.4145281226, 2571168.686746988], [695368.4159144282, 2571178.686746988], [695378.391566265, 2571188.6616014745], [695388.391566265, 2571188.6627477105], [695388.4155655423, 2571188.686746988], [695398.391566265, 2571198.6619502986], [695398.4163629545, 2571198.686746988], [695398.4170115576, 2571208.686746988], [695398.4170115576, 2571218.686746988], [695408.391566265, 2571228.6685288525], [695418.391566265, 2571228.673720306], [695418.4045929471, 2571228.686746988], [695418.4095438323, 2571238.686746988], [695418.4170115577, 2571248.686746988], [695428.391566265, 2571258.6613016953], [695428.4170115576, 2571258.686746988], [695438.391566265, 2571268.6566234194], [695448.391566265, 2571268.6566234194], [695448.4216898337, 2571268.686746988], [695458.391566265, 2571278.6528486847], [695458.4254645681, 2571278.686746988], [695468.391566265, 2571288.652848685], [695478.391566265, 2571288.6541377227], [695478.4241755302, 2571288.686746988], [695488.391566265, 2571298.654333685], [695488.423979568, 2571298.686746988], [695498.391566265, 2571308.6547568277], [695498.423556425, 2571308.686746988], [695498.4246109945, 2571318.686746988], [695498.4254645681, 2571328.686746988], [695498.4254645681, 2571338.686746988], [695508.391566265, 2571348.6530971127], [695508.4252161402, 2571348.686746988], [695508.4254645681, 2571358.686746988], [695518.391566265, 2571368.6535404995], [695518.4247727537, 2571368.686746988], [695518.4250827901, 2571378.686746988], [695518.4254645681, 2571388.686746988], [695518.4254645681, 2571398.686746988], [695528.391566265, 2571408.652871387], [695528.4254418662, 2571408.686746988], [695528.4254645681, 2571418.686746988], [695538.391566265, 2571428.6623340757], [695548.391566265, 2571428.6623340757], [695558.391566265, 2571428.6671179766], [695568.391566265, 2571428.671405517], [695578.391566265, 2571428.6756967423], [695578.4026165107, 2571428.686746988], [695578.403103686, 2571438.686746988], [695588.391566265, 2571448.6774940053], [695588.4008192475, 2571448.686746988], [695598.391566265, 2571458.6716875844], [695598.4066256683, 2571458.686746988], [695608.391566265, 2571468.665887909], [695608.4124253438, 2571468.686746988], [695618.391566265, 2571478.660198691], [695628.391566265, 2571478.660198691], [695628.4181145623, 2571478.686746988], [695628.4183290673, 2571488.686746988], [695628.4183290673, 2571498.686746988], [695638.391566265, 2571508.6600802117], [695638.4182330412, 2571508.686746988], [695648.391566265, 2571518.656814189], [695658.391566265, 2571518.6560842544], [695668.391566265, 2571518.654989553], [695678.391566265, 2571518.6538950917], [695688.3576679619, 2571508.686746988], [695688.3598602911, 2571498.686746988], [695678.391566265, 2571488.716762758], [695678.3615504951, 2571488.686746988], [695678.3615504951, 2571478.686746988], [695668.391566265, 2571468.713042304], [695668.365270949, 2571468.686746988], [695668.365270949, 2571458.686746988], [695668.365270949, 2571448.686746988], [695668.3661209723, 2571438.686746988], [695668.391566265, 2571438.6613016953], [695678.3661209724, 2571428.686746988], [695678.391566265, 2571428.6613016953], [695688.3661209724, 2571418.686746988], [695678.391566265, 2571408.7121922807], [695678.3661209724, 2571408.686746988], [695678.3661209724, 2571398.686746988], [695668.391566265, 2571388.71219228], [695668.3661209723, 2571388.686746988], [695658.391566265, 2571378.709824225], [695658.3684890277, 2571378.686746988], [695658.3684890277, 2571368.686746988], [695648.391566265, 2571358.706388231], [695648.3719250221, 2571358.686746988], [695648.3719250221, 2571348.686746988], [695648.3719250221, 2571338.686746988], [695638.391566265, 2571328.7017876967], [695638.3765255564, 2571328.686746988], [695638.3765255564, 2571318.686746988], [695638.3765255564, 2571308.686746988], [695638.3782214111, 2571298.686746988], [695638.3799178418, 2571288.686746988], [695638.3812411812, 2571278.686746988], [695638.3814930012, 2571268.686746988], [695638.391566265, 2571268.676673724], [695648.391566265, 2571268.676673724], [695658.391566265, 2571268.676673724], [695658.4016395288, 2571268.686746988], [695668.391566265, 2571278.67625219], [695668.4020610629, 2571278.686746988], [695678.391566265, 2571288.668316291], [695688.391566265, 2571288.6666221633], [695698.391566265, 2571288.665267275], [695708.391566265, 2571288.665267275], [695718.391566265, 2571288.665267275], [695728.391566265, 2571288.6618052525], [695738.3683170226, 2571278.686746988], [695728.391566265, 2571268.7042374504], [695728.3740758025, 2571268.686746988], [695728.3740758025, 2571258.686746988], [695718.391566265, 2571248.703724919], [695718.3745883342, 2571248.686746988], [695708.391566265, 2571238.7030086378], [695708.3753046154, 2571238.686746988], [695708.3753046154, 2571228.686746988], [695708.3753046154, 2571218.686746988], [695708.3753046154, 2571208.686746988], [695708.391566265, 2571208.670485338], [695718.391566265, 2571208.669769057], [695728.391566265, 2571208.669769057], [695738.391566265, 2571208.669769057], [695748.391566265, 2571208.669769057], [695748.4085441957, 2571208.686746988], [695758.391566265, 2571218.669769057], [695758.4085441957, 2571218.686746988], [695768.391566265, 2571228.6697690575], [695768.4085441958, 2571228.686746988], [695778.391566265, 2571238.66853833], [695788.391566265, 2571238.66853833], [695798.391566265, 2571238.66853833], [695798.4097749228, 2571238.686746988], [695798.4097749228, 2571248.686746988], [695798.4114287923, 2571258.686746988], [695808.391566265, 2571268.6651908187], [695808.4131224343, 2571268.686746988], [695808.4148155075, 2571278.686746988], [695818.391566265, 2571288.6618052525], [695818.4165080002, 2571288.686746988], [695818.4170115576, 2571298.686746988], [695818.4170115576, 2571308.686746988], [695818.4170115576, 2571318.686746988], [695818.4170115576, 2571328.686746988], [695818.4170115576, 2571338.686746988], [695828.391566265, 2571348.660113334], [695828.4181999189, 2571348.686746988], [695838.391566265, 2571358.658421989], [695838.4198912637, 2571358.686746988], [695838.4215820349, 2571368.686746988], [695848.391566265, 2571378.6556407204], [695848.4226725327, 2571378.686746988], [695848.4243623669, 2571388.686746988], [695858.391566265, 2571398.653950886], [695858.424362367, 2571398.686746988], [695858.4254645682, 2571408.686746988], [695858.4254645682, 2571418.686746988], [695858.4254645682, 2571428.686746988], [695868.391566265, 2571438.652848685], [695878.391566265, 2571438.652848685], [695888.391566265, 2571438.652848685], [695898.357667962, 2571428.686746988], [695898.357667962, 2571418.686746988], [695888.391566265, 2571408.7158370283], [695888.3624762244, 2571408.686746988], [695878.391566265, 2571398.7141459435], [695878.3641673097, 2571398.686746988], [695868.391566265, 2571388.7124542845], [695868.3658589686, 2571388.686746988], [695868.3658589686, 2571378.686746988], [695868.3658589686, 2571368.686746988], [695868.3658589686, 2571358.686746988], [695868.3658589686, 2571348.686746988], [695868.3658589686, 2571338.686746988], [695868.391566265, 2571338.661039692], [695878.3641673097, 2571328.686746988], [695878.3641673097, 2571318.686746988], [695878.3641673097, 2571308.686746988], [695878.3649326111, 2571298.686746988], [695878.391566265, 2571298.6601133337], [695888.391566265, 2571298.6601133337], [695898.3666245298, 2571288.686746988], [695898.391566265, 2571288.6618052525], [695908.391566265, 2571288.66176496], [695918.391566265, 2571288.6615419276], [695928.391566265, 2571288.6615419276], [695938.391566265, 2571288.6615419276], [695938.4167713255, 2571288.686746988], [695948.391566265, 2571298.6601133337], [695958.391566265, 2571298.6601133337], [695958.4181999189, 2571298.686746988], [695958.4198912637, 2571308.686746988], [695968.391566265, 2571318.656731218], [695968.4215820349, 2571318.686746988], [695968.4232722389, 2571328.686746988], [695978.391566265, 2571338.653351389], [695988.391566265, 2571338.653351389], [695998.391566265, 2571338.653351389], [696008.391566265, 2571338.653351389], [696018.391566265, 2571338.653351389], [696018.4249618639, 2571338.686746988], [696018.4254645681, 2571348.686746988], [696028.391566265, 2571358.6528486847], [696028.4254645681, 2571358.686746988], [696038.391566265, 2571368.652848685], [696038.4254645681, 2571368.686746988], [696048.391566265, 2571378.6528486847], [696058.3587258672, 2571368.686746988], [696058.391566265, 2571368.6539065903], [696068.391566265, 2571368.6539065903], [696078.391566265, 2571368.6539065903], [696088.391566265, 2571368.654244507], [696098.391566265, 2571368.6550893993], [696098.4232238537, 2571368.686746988], [696108.391566265, 2571378.6550410143], [696108.4232722389, 2571378.686746988], [696108.4249618638, 2571388.686746988], [696118.391566265, 2571398.651662337], [696118.4266509162, 2571398.686746988], [696128.391566265, 2571408.649973857], [696128.428339396, 2571408.686746988], [696138.391566265, 2571418.648285943], [696138.4300273098, 2571418.686746988], [696148.391566265, 2571428.650191796], [696158.391566265, 2571428.6598474183], [696158.4184658347, 2571428.686746988], [696168.391566265, 2571438.6513968715], [696178.391566265, 2571438.653423695], [696188.391566265, 2571438.6547753685], [696198.3708364391, 2571428.686746988], [696198.391566265, 2571428.666017162], [696208.391566265, 2571428.662953031], [696218.391566265, 2571428.65889245], [696228.37067514, 2571418.686746988], [696218.391566265, 2571408.7039873675], [696218.3743258856, 2571408.686746988], [696218.3743258856, 2571398.686746988], [696218.3743258856, 2571388.686746988], [696218.3743258856, 2571378.686746988], [696218.3743258856, 2571368.686746988], [696218.3743258856, 2571358.686746988], [696218.3743258856, 2571348.686746988], [696218.391566265, 2571348.6695066085], [696228.391566265, 2571348.6678120764], [696238.3729538836, 2571338.686746988], [696238.391566265, 2571338.668134607], [696248.3780395411, 2571328.686746988], [696248.3848284825, 2571318.686746988], [696248.391566265, 2571318.680009206], [696258.391566265, 2571318.6783111063], [696268.391566265, 2571318.6776320282], [696278.391566265, 2571318.6776320282], [696288.391566265, 2571318.6776320282], [696288.4006812247, 2571318.686746988], [696288.4081450076, 2571328.686746988], [696288.4149205893, 2571338.686746988], [696298.391566265, 2571348.6607136447], [696298.4175996083, 2571348.686746988], [696298.4192911566, 2571358.686746988], [696298.4209821314, 2571368.686746988], [696298.4226725326, 2571378.686746988], [696308.391566265, 2571388.65564072], [696308.4226725327, 2571388.686746988], [696308.4231754739, 2571398.686746988], [696308.4231754739, 2571408.686746988], [696318.391566265, 2571418.656731218], [696318.4215820349, 2571418.686746988], [696318.4232722389, 2571428.686746988], [696318.4249618639, 2571438.686746988], [696318.4254645681, 2571448.686746988], [696318.4254645681, 2571458.686746988], [696318.4254645681, 2571468.686746988], [696328.391566265, 2571478.652848685], [696338.357667962, 2571468.686746988], [696338.357667962, 2571458.686746988], [696338.391566265, 2571458.652848685], [696348.357667962, 2571448.686746988], [696348.3581706661, 2571438.686746988], [696348.3598602911, 2571428.686746988], [696348.3607857066, 2571418.686746988], [696348.3607857066, 2571408.686746988], [696348.3610331413, 2571398.686746988], [696348.3615402599, 2571388.686746988], [696348.391566265, 2571388.656720983], [696358.391566265, 2571388.6550307884], [696368.391566265, 2571388.654692818], [696378.391566265, 2571388.654692818], [696388.391566265, 2571388.654692818], [696388.4236204347, 2571388.686746988], [696398.391566265, 2571398.6534317], [696398.4248815529, 2571398.686746988], [696398.4248815529, 2571408.686746988], [696398.4248815529, 2571418.686746988], [696398.4248651316, 2571428.686746988], [696398.4248651316, 2571438.686746988], [696398.4248651316, 2571448.686746988], [696398.4248651316, 2571458.686746988], [696398.4248651316, 2571468.686746988], [696398.4248651316, 2571478.686746988], [696398.4248651316, 2571488.686746988], [696398.4248651316, 2571498.686746988], [696398.4248651316, 2571508.686746988], [696398.4248651316, 2571518.686746988], [696398.391566265, 2571518.7200458543], [696388.4250299941, 2571528.686746988], [696388.4233403921, 2571538.686746988], [696388.4216502173, 2571548.686746988], [696388.4238595515, 2571558.686746988], [696388.4272378307, 2571568.686746988], [696388.4306138268, 2571578.686746988], [696388.4334014163, 2571588.686746988], [696398.391566265, 2571598.645008405], [696398.4333048478, 2571598.686746988], [696398.4333048478, 2571608.686746988], [696398.4333048478, 2571618.686746988], [696398.4333048478, 2571628.686746988], [696408.391566265, 2571638.6466952083], [696408.4316180447, 2571638.686746988], [696408.4316180447, 2571648.686746988], [696418.391566265, 2571658.6483825766], [696428.3564816138, 2571648.686746988], [696428.391566265, 2571648.6516623367], [696438.3586734271, 2571638.686746988], [696438.391566265, 2571638.6538541503], [696448.3620535912, 2571628.686746988], [696448.391566265, 2571628.657234314], [696458.3708527626, 2571618.686746988], [696448.391566265, 2571608.703051092], [696438.391566265, 2571608.699659665], [696438.3786535877, 2571608.686746988], [696438.373567305, 2571598.686746988], [696438.3725506713, 2571588.686746988], [696438.3725506713, 2571578.686746988], [696438.3725506713, 2571568.686746988], [696438.391566265, 2571568.667731394], [696448.391566265, 2571568.6670537535], [696458.391566265, 2571568.6670537535], [696468.391566265, 2571568.6670537535], [696468.4112594995, 2571568.686746988], [696478.391566265, 2571578.6669649896], [696488.391566265, 2571578.6669649896], [696488.4113482632, 2571578.686746988], [696498.391566265, 2571588.666739132], [696498.4115741209, 2571588.686746988], [696498.4115741209, 2571598.686746988], [696508.391566265, 2571608.664001531], [696508.4143117224, 2571608.686746988], [696508.4143117224, 2571618.686746988], [696508.4143117224, 2571628.686746988], [696508.391566265, 2571628.709492445], [696498.4176964816, 2571638.686746988], [696498.391566265, 2571638.7128772046], [696488.4266509161, 2571648.686746988], [696498.391566265, 2571658.649973857], [696498.4283393961, 2571658.686746988], [696508.391566265, 2571668.648285943], [696518.391566265, 2571668.648285943], [696528.354793134, 2571658.686746988], [696528.391566265, 2571658.649973857], [696538.391566265, 2571658.649973857], [696548.391566265, 2571658.649973857], [696558.391566265, 2571658.649973857], [696568.391566265, 2571658.649973857], [696578.391566265, 2571658.650070518], [696578.4282427353, 2571658.686746988], [696578.4282427353, 2571668.686746988], [696588.391566265, 2571678.6517590364], [696588.4265542168, 2571678.686746988], [696588.4265542168, 2571688.686746988], [696588.4277403054, 2571698.686746988], [696598.391566265, 2571708.6511721103], [696598.4271411428, 2571708.686746988], [696598.4288294625, 2571718.686746988], [696608.391566265, 2571728.6511721103], [696608.4271411427, 2571728.686746988], [696608.4288294625, 2571738.686746988], [696618.391566265, 2571748.649986155], [696618.4283270977, 2571748.6867469875], [696618.4317023498, 2571758.686746988], [696618.4339032695, 2571768.686746988], [696618.4339032695, 2571778.686746988], [696628.391566265, 2571788.6444099834], [696628.4339032696, 2571788.686746988], [696628.4339032696, 2571798.686746988], [696628.4339032696, 2571808.686746988], [696628.4339032696, 2571818.686746988], [696628.4339032696, 2571828.686746988], [696628.4339032696, 2571838.686746988], [696638.391566265, 2571848.6444099834], [696638.4339032696, 2571848.686746988], [696638.4339032696, 2571858.686746988], [696638.4339032696, 2571868.686746988], [696638.4339032696, 2571878.686746988], [696638.4339032696, 2571888.686746988], [696638.4339032696, 2571898.686746988], [696648.391566265, 2571908.6444099834], [696648.4339032696, 2571908.686746988], [696648.4339032696, 2571918.686746988], [696648.4339032696, 2571928.686746988], [696658.391566265, 2571938.6444099834], [696668.391566265, 2571938.6444099834], [696678.391566265, 2571938.6444099834], [696688.391566265, 2571938.6444099834], [696698.391566265, 2571938.6581063517], [696708.391566265, 2571938.6581063517], [696718.391566265, 2571938.6581063517], [696728.391566265, 2571938.6621662863], [696728.4161469667, 2571938.686746988], [696728.4169023385, 2571948.686746988], [696738.391566265, 2571958.666489721], [696738.4118235322, 2571958.686746988], [696738.4118235322, 2571968.686746988], [696738.4118235322, 2571978.686746988], [696738.4118235322, 2571988.686746988], [696738.391566265, 2571988.707004255], [696728.391566265, 2571988.710052162], [696718.391566265, 2571988.710052162], [696708.391566265, 2571988.7222251818], [696698.4321077886, 2571998.686746988], [696708.391566265, 2572008.651268794], [696708.4270444588, 2572008.686746988], [696718.391566265, 2572018.6560469153], [696728.391566265, 2572018.6560469153], [696738.391566265, 2572018.6560469153], [696748.391566265, 2572018.657846602], [696758.391566265, 2572018.6629279465], [696758.4153853065, 2572018.686746988], [696758.420466651, 2572028.686746988], [696758.4255366662, 2572038.686746988], [696758.4306015281, 2572048.686746988], [696768.391566265, 2572058.647711725], [696768.430601528, 2572058.686746988], [696768.4339032696, 2572068.686746988], [696768.4339032696, 2572078.686746988], [696768.4339032696, 2572088.686746988], [696768.4350876096, 2572098.686746988], [696778.391566265, 2572108.641540021], [696778.4367732318, 2572108.686746988], [696788.391566265, 2572118.6398549695], [696788.4384582834, 2572118.686746988], [696798.391566265, 2572128.6405616067], [696798.437751646, 2572128.686746988], [696798.439339915, 2572138.686746988], [696808.391566265, 2572148.6474028174], [696808.4309104356, 2572148.686746988], [696808.4309104356, 2572158.686746988], [696808.4309104356, 2572168.686746988], [696818.391566265, 2572178.651067282], [696828.391566265, 2572178.651067282], [696838.391566265, 2572178.6520805233], [696848.391566265, 2572178.653469974], [696848.4248432788, 2572178.686746988], [696858.391566265, 2572188.647560648], [696858.430752605, 2572188.686746988], [696858.4333531293, 2572198.686746988], [696868.391566265, 2572208.6449601236], [696868.4333531293, 2572208.686746988], [696878.391566265, 2572218.646984329], [696888.391566265, 2572218.646984329], [696898.3543350268, 2572208.686746988], [696898.3553479529, 2572198.686746988], [696898.3577824633, 2572188.686746988], [696898.3623453135, 2572178.686746988], [696898.391566265, 2572178.6575260367], [696908.391566265, 2572178.656063678], [696918.391566265, 2572178.656063678], [696928.391566265, 2572178.656063678], [696928.422249575, 2572178.686746988], [696938.391566265, 2572188.654314741], [696948.391566265, 2572188.6480246224], [696958.391566265, 2572188.6463373755], [696968.3511566523, 2572178.686746988], [696968.391566265, 2572178.646337375], [696978.391566265, 2572178.644650693], [696988.391566265, 2572178.6444099834], [696998.391566265, 2572178.6444099834], [697008.3492292605, 2572168.686746988], [697008.3492292605, 2572158.686746988], [697008.3494699703, 2572148.686746988], [697008.3504799649, 2572138.686746988], [697008.391566265, 2572138.6456606877], [697018.391566265, 2572138.644784288], [697028.391566265, 2572138.644784288], [697038.391566265, 2572138.644784288], [697048.391566265, 2572138.6454294715], [697048.4328837813, 2572138.686746988], [697048.4339032696, 2572148.686746988], [697058.391566265, 2572158.6444099834], [697058.4339032695, 2572158.686746988], [697058.4339032695, 2572168.686746988], [697068.3915662651, 2572178.6444099834], [697068.4339032696, 2572178.686746988], [697068.4339032696, 2572188.686746988], [697078.391566265, 2572198.6444099834], [697078.4339032696, 2572198.686746988], [697078.4339032696, 2572208.686746988], [697078.4339032696, 2572218.686746988], [697078.4339032696, 2572228.686746988], [697078.4339032696, 2572238.686746988], [697078.391566265, 2572238.7290839925], [697068.3915662651, 2572238.7290839925], [697058.4339032695, 2572248.686746988], [697058.391566265, 2572248.7290839925], [697048.4339032696, 2572258.686746988], [697048.391566265, 2572258.7290839925], [697038.391566265, 2572258.7290839925], [697028.391566265, 2572258.7290839925], [697018.391566265, 2572258.7290839925], [697008.4339032696, 2572268.686746988], [697008.4339032696, 2572278.686746988], [697018.391566265, 2572288.6444099834], [697028.391566265, 2572288.6444099834], [697038.391566265, 2572288.6444099834], [697038.4339032696, 2572288.686746988], [697048.391566265, 2572298.6444099834], [697048.4339032696, 2572298.686746988], [697048.4339032696, 2572308.686746988], [697058.391566265, 2572318.6444099834], [697068.3915662651, 2572318.6444099834], [697078.3492292606, 2572308.686746988], [697078.3492292606, 2572298.686746988], [697078.3497311138, 2572288.686746988], [697078.391566265, 2572288.644911837], [697088.391566265, 2572288.644911837], [697098.391566265, 2572288.644911837], [697108.3514178842, 2572278.686746988], [697108.391566265, 2572278.6465986073], [697118.3531052202, 2572268.686746988], [697118.391566265, 2572268.648285943], [697128.391566265, 2572268.648285943], [697138.391566265, 2572268.648285943], [697148.357667962, 2572258.686746988], [697138.391566265, 2572248.720645291], [697138.357667962, 2572248.686746988], [697138.357667962, 2572238.686746988], [697128.391566265, 2572228.720645291], [697128.357667962, 2572228.686746988], [697128.3575031195, 2572218.686746988], [697128.3561520068, 2572208.686746988], [697128.3561520068, 2572198.686746988], [697128.3561520068, 2572188.686746988], [697128.391566265, 2572188.6513327295], [697138.391566265, 2572188.6513327295], [697148.391566265, 2572188.6513327295], [697158.391566265, 2572188.6513327295], [697168.391566265, 2572188.652008243], [697168.4263050098, 2572188.686746988], [697178.391566265, 2572198.652848685], [697178.4254645681, 2572198.686746988], [697178.4254645681, 2572208.686746988], [697188.391566265, 2572218.652848685], [697188.4254645681, 2572218.686746988], [697188.4254645681, 2572228.686746988], [697188.4254645681, 2572238.686746988], [697198.391566265, 2572248.6516623367], [697198.4266509162, 2572248.686746988], [697198.428339396, 2572258.686746988], [697208.391566265, 2572268.648285943], [697218.357667962, 2572258.686746988], [697218.391566265, 2572258.652848685], [697228.357667962, 2572248.686746988], [697228.3586734271, 2572238.686746988], [697228.391566265, 2572238.6538541503], [697238.391566265, 2572238.6538541503], [697248.391566265, 2572238.6538541503], [697258.391566265, 2572238.6538541503], [697258.4244591029, 2572238.686746988], [697268.391566265, 2572248.6528486847], [697278.391566265, 2572248.6528486847], [697288.391566265, 2572248.6528486847], [697288.4254645681, 2572248.686746988], [697288.4254645681, 2572258.686746988], [697298.391566265, 2572268.6534481216], [697308.368164165, 2572258.686746988], [697308.391566265, 2572258.663344888], [697318.391566265, 2572258.663344888], [697328.391566265, 2572258.663344888], [697338.391566265, 2572258.66469926], [697348.391566265, 2572258.667227953], [697348.4110852997, 2572258.686746988], [697348.4127790582, 2572268.686746988], [697348.4144722479, 2572278.686746988], [697348.4161648572, 2572288.686746988], [697348.4171585754, 2572298.686746988], [697348.4174969608, 2572308.686746988], [697348.4174969608, 2572318.686746988], [697348.4174969608, 2572328.686746988], [697348.391566265, 2572328.712677684], [697338.391566265, 2572328.712762276], [697328.391566265, 2572328.714975156], [697318.391566265, 2572328.716665966], [697308.391566265, 2572328.7183561972], [697298.4248651316, 2572338.686746988], [697298.391566265, 2572338.7200458543], [697288.4254645681, 2572348.686746988], [697288.391566265, 2572348.7206452913], [697278.391566265, 2572348.7206452913], [697268.391566265, 2572348.7206452913], [697258.4254645681, 2572358.686746988], [697258.4254645681, 2572368.686746988], [697258.4193635436, 2572378.686746988], [697258.4163018715, 2572388.686746988], [697258.391566265, 2572388.7114825943], [697248.4232394523, 2572398.686746988], [697248.4232394523, 2572408.686746988], [697248.4232394523, 2572418.686746988], [697248.391566265, 2572418.7184201754], [697238.391566265, 2572418.7210593745], [697228.391566265, 2572418.7210593745], [697218.391566265, 2572418.7210593745], [697218.3572538786, 2572418.686746988], [697208.391566265, 2572408.722072688], [697208.356240565, 2572408.686746988], [697198.391566265, 2572398.728485571], [697188.4339032696, 2572408.686746988], [697188.4339032696, 2572418.686746988], [697188.391566265, 2572418.7290839925], [697178.4339032695, 2572428.686746988], [697178.4339032695, 2572438.686746988], [697188.391566265, 2572448.6439761827], [697188.4343370702, 2572448.686746988], [697198.391566265, 2572458.641540021], [697198.4367732318, 2572458.686746988], [697208.391566265, 2572468.6398549695], [697208.4384582835, 2572468.686746988], [697208.440046333, 2572478.686746988], [697208.440046333, 2572488.686746988], [697208.440046333, 2572498.686746988], [697208.440046333, 2572508.686746988], [697208.440046333, 2572518.686746988], [697208.440046333, 2572528.686746988], [697218.391566265, 2572538.639951434], [697218.4383618191, 2572538.686746988], [697218.4383618191, 2572548.686746988], [697218.4383618191, 2572558.686746988], [697218.4383618191, 2572568.686746988], [697218.4383618191, 2572578.686746988], [697218.4383618191, 2572588.686746988], [697228.391566265, 2572598.6444099834], [697238.391566265, 2572598.6444099834], [697248.3492292605, 2572588.686746988], [697248.391566265, 2572588.6444099834], [697258.391566265, 2572588.6444099834], [697268.391566265, 2572588.6444099834], [697278.391566265, 2572588.6444099834], [697288.3492292605, 2572578.686746988], [697288.3492292605, 2572568.686746988], [697288.391566265, 2572568.6444099834], [697298.3492292606, 2572558.686746988], [697298.3492292606, 2572548.686746988], [697298.391566265, 2572548.6444099834], [697308.3497311138, 2572538.686746988], [697308.3527677072, 2572528.686746988], [697308.3531052201, 2572518.686746988], [697298.391566265, 2572508.7229210283], [697298.3553922246, 2572508.686746988], [697298.3553922246, 2572498.686746988], [697298.3553922246, 2572488.686746988], [697298.3567431252, 2572478.686746988], [697298.391566265, 2572478.651923848], [697308.391566265, 2572478.651923848], [697318.3587037167, 2572468.686746988], [697318.391566265, 2572468.6538844397], [697328.391566265, 2572468.6538844397], [697338.391566265, 2572468.6538844397], [697348.391566265, 2572468.6539689163], [697348.4243443367, 2572468.686746988], [697348.424766706, 2572478.686746988], [697348.4251890391, 2572488.686746988], [697348.4252735014, 2572498.686746988], [697348.4268415374, 2572508.686746988], [697358.391566265, 2572518.654005418], [697358.424307835, 2572518.686746988], [697358.4259971151, 2572528.686746988], [697358.4263349012, 2572538.686746988], [697358.4263349012, 2572548.686746988], [697358.4263349012, 2572558.686746988], [697358.391566265, 2572558.721515624], [697348.4333048479, 2572568.686746988], [697348.4333048479, 2572578.686746988], [697348.4333048479, 2572588.686746988], [697348.4339032696, 2572598.686746988], [697358.391566265, 2572608.645847672], [697368.3560676292, 2572598.686746988], [697368.391566265, 2572598.651248352], [697378.391566265, 2572598.651248352], [697388.391566265, 2572598.651248352], [697398.391566265, 2572598.65226163], [697398.4260516225, 2572598.686746988], [697398.4260516225, 2572608.686746988], [697398.4294284222, 2572618.686746988], [697398.4311159612, 2572628.686746988], [697398.43212821, 2572638.686746988], [697408.391566265, 2572648.6510835625], [697418.391566265, 2572648.6510835625], [697428.391566265, 2572648.6510835625], [697438.3601820023, 2572638.686746988], [697438.3686392799, 2572628.686746988], [697438.391566265, 2572628.6638200027], [697448.391566265, 2572628.6638200027], [697458.391566265, 2572628.6638200027], [697468.391566265, 2572628.6638200027], [697468.4144932503, 2572628.686746988], [697478.391566265, 2572638.6553627257], [697478.4229505277, 2572638.686746988], [697478.4266509162, 2572648.686746988], [697488.391566265, 2572658.649973857], [697498.391566265, 2572658.649973857], [697508.3564816138, 2572648.686746988], [697508.3601820023, 2572638.686746988], [697508.391566265, 2572638.6553627257], [697518.3686392799, 2572628.686746988], [697518.391566265, 2572628.6638200027], [697528.3760426084, 2572618.686746988], [697528.391566265, 2572618.6712233312], [697538.391566265, 2572618.6712233312], [697548.391566265, 2572618.6712233312], [697548.4070899216, 2572618.686746988], [697548.4144932502, 2572628.686746988], [697558.391566265, 2572638.6553627257], [697568.391566265, 2572638.6553627257], [697568.4229505277, 2572638.686746988], [697578.391566265, 2572648.6528486847], [697588.357667962, 2572638.686746988], [697588.391566265, 2572638.6528486847], [697598.357667962, 2572628.686746988], [697598.357667962, 2572618.686746988], [697598.3579090799, 2572608.686746988], [697598.391566265, 2572608.6530898027], [697608.35790908, 2572598.686746988], [697608.3595986163, 2572588.686746988], [697608.391566265, 2572588.654779339], [697618.3599365922, 2572578.686746988], [697618.361626822, 2572568.686746988], [697618.391566265, 2572568.656807545], [697628.3651181847, 2572558.686746988], [697628.391566265, 2572558.6602989077], [697638.3661209724, 2572548.686746988], [697638.3661209724, 2572538.686746988], [697638.391566265, 2572538.6613016953], [697648.3661209723, 2572528.686746988], [697648.391566265, 2572528.6613016953], [697658.3661209724, 2572518.686746988], [697658.3661209724, 2572508.686746988], [697658.391566265, 2572508.6613016953], [697668.3661209724, 2572498.686746988], [697668.3666245297, 2572488.686746988], [697668.391566265, 2572488.661805253], [697678.3683170226, 2572478.686746988], [697678.391566265, 2572478.6634977455], [697688.3700100959, 2572468.686746988], [697688.3717037378, 2572458.686746988], [697688.391566265, 2572458.6668844605], [697698.3733979547, 2572448.686746988], [697698.3745883342, 2572438.686746988], [697698.391566265, 2572438.669769057], [697708.3745883344, 2572428.686746988], [697708.391566265, 2572428.6697690575], [697718.3745883344, 2572418.686746988], [697718.391566265, 2572418.669769057], [697728.391566265, 2572418.669769057], [697738.391566265, 2572418.669769057], [697748.391566265, 2572418.669769057], [697758.391566265, 2572418.669769057], [697758.4085441957, 2572418.686746988], [697758.4085441957, 2572428.686746988], [697768.391566265, 2572438.669769057], [697768.4085441957, 2572438.686746988], [697768.4085441957, 2572448.686746988], [697768.4085441957, 2572458.686746988], [697768.4085441957, 2572468.686746988], [697768.4085441957, 2572478.686746988], [697768.4085441957, 2572488.686746988], [697768.4000624396, 2572498.686746988], [697768.4000624396, 2572508.686746988], [697768.391566265, 2572508.6952431626], [697758.4000624397, 2572518.686746988], [697758.4000624397, 2572528.686746988], [697758.4000624397, 2572538.686746988], [697758.391566265, 2572538.6952431626], [697748.391566265, 2572538.6952431626], [697738.391566265, 2572538.6952431626], [697728.391566265, 2572538.7003899836], [697718.4086001973, 2572548.686746988], [697718.4069050199, 2572558.686746988], [697718.4170115576, 2572568.686746988], [697728.391566265, 2572578.669769057], [697728.4085441957, 2572578.686746988], [697728.4085441957, 2572588.686746988], [697728.4085441957, 2572598.686746988], [697728.4085441957, 2572608.686746988], [697728.391566265, 2572608.7037249184], [697718.4085441958, 2572618.686746988], [697718.391566265, 2572618.703724919], [697708.4085441957, 2572628.686746988], [697708.391566265, 2572628.7037249184], [697698.4085441957, 2572638.686746988], [697698.391566265, 2572638.703724919], [697688.4063583324, 2572648.686746988], [697688.391566265, 2572648.7015390554], [697678.391566265, 2572648.7092985716], [697668.4175027331, 2572658.686746988], [697668.4175027331, 2572668.686746988], [697668.4137731541, 2572678.686746988], [697668.4097484892, 2572688.686746988], [697668.407714669, 2572698.686746988], [697668.4060502046, 2572708.686746988], [697668.391566265, 2572708.701230928], [697658.4094095716, 2572718.686746988], [697658.391566265, 2572718.7045902945], [697648.4144503617, 2572728.686746988], [697648.411103905, 2572738.686746988], [697648.391566265, 2572738.706284628], [697638.4178350208, 2572748.686746988], [697638.391566265, 2572748.7130157435], [697628.391566265, 2572748.723423458], [697618.4299306759, 2572758.686746988], [697618.4299306759, 2572768.686746988], [697618.428122544, 2572778.686746988], [697618.417293632, 2572788.686746988], [697618.417293632, 2572798.686746988], [697618.391566265, 2572798.712474355], [697608.4276148727, 2572808.686746988], [697608.4218935877, 2572818.686746988], [697608.391566265, 2572818.7170743104], [697598.4285445929, 2572828.686746988], [697598.4252731994, 2572838.686746988], [697598.391566265, 2572838.7204539226], [697588.4302324372, 2572848.686746988], [697588.391566265, 2572848.7254131604], [697578.3915662651, 2572848.7296031737], [697568.4341704955, 2572858.686746988], [697568.4341704955, 2572868.686746988], [697568.4294729808, 2572878.686746988], [697568.4294729808, 2572888.686746988], [697568.4294729808, 2572898.686746988], [697568.391566265, 2572898.7246537036], [697558.4352748273, 2572908.686746988], [697558.432341431, 2572918.686746988], [697558.391566265, 2572918.727522154], [697548.435933916, 2572928.686746988], [697548.391566265, 2572928.731114639], [697538.4362394369, 2572938.686746988], [697538.4362394369, 2572948.686746988], [697538.391566265, 2572948.73142016], [697528.391566265, 2572948.731485128], [697518.4373712369, 2572958.686746988], [697518.391566265, 2572958.73255196], [697508.4400111147, 2572968.686746988], [697508.4400111147, 2572978.686746988], [697508.4400111147, 2572988.686746988], [697508.4382657866, 2572998.686746988], [697508.4371931199, 2573008.686746988], [697508.391566265, 2573008.732373843], [697498.4399503331, 2573018.686746988], [697498.4370410813, 2573028.686746988], [697498.391566265, 2573028.732221804], [697488.4416343154, 2573038.686746988], [697488.391566265, 2573038.7368150386], [697478.4425868447, 2573048.686746988], [697478.391566265, 2573048.7377675674], [697468.4423276864, 2573058.686746988], [697468.391566265, 2573058.737508409], [697458.4428383745, 2573068.686746988], [697458.4433413958, 2573078.686746988], [697458.4433413958, 2573088.686746988], [697458.4433413958, 2573098.686746988], [697458.4433413958, 2573108.686746988], [697458.391566265, 2573108.738522119], [697448.4434671432, 2573118.686746988], [697448.391566265, 2573118.738647866], [697438.4430898915, 2573128.686746988], [697438.4428383745, 2573138.686746988], [697438.391566265, 2573138.738019097], [697428.4423276864, 2573148.686746988], [697428.391566265, 2573148.737508409], [697418.4423276864, 2573158.686746988], [697418.391566265, 2573158.737508409], [697408.4423276864, 2573168.686746988], [697408.4423276864, 2573178.686746988], [697408.391566265, 2573178.7375084097], [697398.4423276864, 2573188.686746988], [697398.391566265, 2573188.737508409], [697388.4423276862, 2573198.686746988], [697388.391566265, 2573198.737508409], [697378.4423276864, 2573208.686746988], [697378.4423276864, 2573218.686746988], [697378.4423276864, 2573228.686746988], [697378.4423276864, 2573238.686746988], [697378.391566265, 2573238.737508409], [697368.4423276864, 2573248.686746988], [697368.4423276864, 2573258.686746988], [697368.391566265, 2573258.7375084097], [697358.4423276864, 2573268.686746988], [697358.4423276864, 2573278.686746988], [697358.391566265, 2573278.737508409], [697348.4423276864, 2573288.686746988], [697348.4423276864, 2573298.686746988], [697348.4423276864, 2573308.686746988], [697348.4423276864, 2573318.686746988], [697348.4423276864, 2573328.686746988], [697348.391566265, 2573328.737508409], [697338.4423276864, 2573338.686746988], [697338.4423276864, 2573348.686746988], [697338.4423276864, 2573358.686746988], [697338.391566265, 2573358.737508409], [697328.4423276864, 2573368.686746988], [697328.391566265, 2573368.737508409], [697318.4423276864, 2573378.686746988], [697318.4423276864, 2573388.686746988], [697318.391566265, 2573388.7375084097], [697308.4423276864, 2573398.686746988], [697308.4423276864, 2573408.686746988], [697308.4436073961, 2573418.686746988], [697318.391566265, 2573428.6307375855], [697318.4475756676, 2573428.686746988], [697328.391566265, 2573438.633688626], [697328.444624627, 2573438.686746988], [697328.444624627, 2573448.686746988], [697328.444624627, 2573458.686746988], [697328.391566265, 2573458.73980535], [697318.4460449258, 2573468.686746988], [697318.391566265, 2573468.741225649], [697308.391566265, 2573468.742921393], [697298.4455822394, 2573478.686746988], [697298.391566265, 2573478.7407629625], [697288.391566265, 2573478.7407629625], [697278.4442792722, 2573488.686746988], [697278.391566265, 2573488.739459995], [697268.391566265, 2573488.740752644], [697258.4467719386, 2573498.686746988], [697258.4466796386, 2573508.686746988], [697258.4465897037, 2573518.686746988], [697258.391566265, 2573518.7417704267], [697248.4477881044, 2573528.686746988], [697248.4477016779, 2573538.686746988], [697248.4476152497, 2573548.686746988], [697248.44753681, 2573558.686746988], [697248.4474591147, 2573568.686746988], [697248.391566265, 2573568.742639838], [697238.4486510226, 2573578.686746988], [697238.4485733449, 2573588.686746988], [697238.4484973194, 2573598.686746988], [697238.4484224532, 2573608.686746988], [697238.391566265, 2573608.7436031764], [697228.4496108058, 2573618.686746988], [697228.4495359565, 2573628.686746988], [697228.4494611061, 2573638.686746988], [697228.4500227738, 2573648.686746988], [697228.4502527934, 2573658.686746988], [697228.4502527934, 2573668.686746988], [697228.4502527934, 2573678.686746988], [697228.4488290724, 2573688.686746988], [697228.4488290724, 2573698.686746988], [697228.391566265, 2573698.7440097956], [697218.4502481709, 2573708.686746988], [697218.4495243868, 2573718.686746988], [697218.391566265, 2573718.74470511], [697208.4507378637, 2573728.686746988], [697208.391566265, 2573728.7459185864], [697198.4507378637, 2573738.686746988], [697198.4507378637, 2573748.686746988], [697198.391566265, 2573748.7459185864], [697188.4507378637, 2573758.686746988], [697188.4507378637, 2573768.686746988], [697188.4507378637, 2573778.686746988], [697188.4507378637, 2573788.686746988], [697188.4501624723, 2573798.686746988], [697188.391566265, 2573798.7453431953], [697178.4507378637, 2573808.686746988], [697178.4507378637, 2573818.686746988], [697178.391566265, 2573818.745918587], [697168.4507378637, 2573828.686746988], [697168.391566265, 2573828.7459185864], [697158.4507378637, 2573838.686746988], [697158.4507378637, 2573848.686746988], [697158.4507378637, 2573858.686746988], [697158.4519252451, 2573868.686746988], [697168.391566265, 2573878.6270646597], [697168.4512485933, 2573878.686746988], [697168.4512485933, 2573888.686746988], [697168.4512485933, 2573898.686746988], [697168.4503662845, 2573908.686746988], [697168.391566265, 2573908.745547008], [697158.453306708, 2573918.686746988], [697158.391566265, 2573918.748487431], [697148.4539970746, 2573928.686746988], [697148.391566265, 2573928.7491777977], [697138.4517664753, 2573938.686746988], [697138.391566265, 2573938.746947198], [697128.4507378637, 2573948.686746988], [697128.391566265, 2573948.7459185864], [697118.4510943244, 2573958.686746988], [697118.4510943244, 2573968.686746988], [697118.391566265, 2573968.746275047], [697108.4537823832, 2573978.686746988], [697108.455461685, 2573988.686746988], [697108.4572430687, 2573998.686746988], [697108.4581383237, 2574008.686746988], [697108.4581383237, 2574018.686746988], [697118.391566265, 2574028.6267705914], [697118.4515426614, 2574028.686746988], [697118.4515426614, 2574038.686746988], [697118.4515426614, 2574048.686746988], [697118.4503662845, 2574058.686746988], [697118.391566265, 2574058.7455470073], [697108.453306708, 2574068.686746988], [697108.391566265, 2574068.748487431], [697098.4562453927, 2574078.686746988], [697098.391566265, 2574078.7514261156], [697088.4591338316, 2574088.686746988], [697088.391566265, 2574088.754314555], [697078.4591338316, 2574098.686746988], [697078.391566265, 2574098.7543145544], [697068.4591338317, 2574108.686746988], [697068.4591338317, 2574118.686746988], [697068.391566265, 2574118.754314555], [697058.4591338316, 2574128.686746988], [697058.4591338316, 2574138.686746988], [697058.4591338316, 2574148.686746988], [697058.4591338316, 2574158.686746988], [697058.4591338316, 2574168.686746988], [697068.391566265, 2574178.626770592], [697068.4515426615, 2574178.686746988], [697068.4515426615, 2574188.686746988], [697068.4515426615, 2574198.686746988], [697068.4503662845, 2574208.686746988], [697068.391566265, 2574208.7455470073], [697058.453306708, 2574218.686746988], [697058.391566265, 2574218.748487431], [697048.4562453927, 2574228.686746988], [697048.391566265, 2574228.7514261156], [697038.4591338317, 2574238.686746988], [697038.391566265, 2574238.7543145544], [697028.4591338316, 2574248.686746988], [697028.391566265, 2574248.7543145544], [697018.4591338317, 2574258.686746988], [697018.4591338317, 2574268.686746988], [697018.391566265, 2574268.7543145544], [697008.4591338316, 2574278.686746988], [697008.4591338316, 2574288.686746988], [697008.4591338316, 2574298.686746988], [697008.4591338316, 2574308.686746988], [697008.4591338316, 2574318.686746988], [697018.391566265, 2574328.626770592], [697018.4515426614, 2574328.686746988], [697018.4515426614, 2574338.686746988], [697018.4515426614, 2574348.686746988], [697018.4509123858, 2574358.686746988], [697018.391566265, 2574358.746093109], [697008.453306708, 2574368.686746988], [697008.391566265, 2574368.7484874306], [696998.4562453926, 2574378.686746988], [696998.391566265, 2574378.7514261156], [696988.4591338317, 2574388.686746988], [696988.391566265, 2574388.7543145544], [696978.4591338316, 2574398.686746988], [696978.391566265, 2574398.7543145544], [696968.4591338316, 2574408.686746988], [696968.4591338316, 2574418.686746988], [696968.391566265, 2574418.7543145544], [696958.4591338317, 2574428.686746988], [696958.4591338317, 2574438.686746988], [696958.4591338317, 2574448.686746988], [696958.4591338317, 2574458.686746988], [696958.4591338317, 2574468.686746988], [696968.391566265, 2574478.6202636366], [696968.4580496163, 2574478.686746988], [696968.4580496163, 2574488.686746988], [696968.4580496163, 2574498.686746988], [696968.4503173834, 2574508.686746988], [696968.391566265, 2574508.7454981063], [696958.4567908484, 2574518.686746988], [696958.391566265, 2574518.7519715717], [696948.4562453927, 2574528.686746988], [696948.391566265, 2574528.7514261156], [696938.4591338316, 2574538.686746988], [696938.391566265, 2574538.7543145544], [696928.4591338317, 2574548.686746988], [696928.391566265, 2574548.7543145544], [696918.4591338316, 2574558.686746988], [696918.4591338316, 2574568.686746988], [696918.391566265, 2574568.7543145544], [696908.4591338316, 2574578.686746988], [696908.4591338316, 2574588.686746988], [696908.4591338316, 2574598.686746988], [696908.4603145923, 2574608.686746988], [696908.4624108688, 2574618.686746988], [696918.391566265, 2574628.619179421], [696918.4591338316, 2574628.686746988], [696918.4591338316, 2574638.686746988], [696918.4591338316, 2574648.686746988], [696918.391566265, 2574648.754314555], [696908.4603916969, 2574658.686746988], [696908.4403524807, 2574668.686746988], [696908.391566265, 2574668.7355332035], [696898.4630814935, 2574678.686746988], [696898.391566265, 2574678.7582622166], [696888.4610693539, 2574688.686746988], [696888.391566265, 2574688.7562500765], [696878.4618932588, 2574698.686746988], [696878.391566265, 2574698.7570739817], [696868.4635698207, 2574708.686746988], [696868.4635698207, 2574718.686746988], [696868.391566265, 2574718.7587505435], [696858.4652458137, 2574728.686746988], [696858.4652458137, 2574738.686746988], [696858.4656792968, 2574748.686746988], [696858.466433246, 2574758.686746988], [696858.467515632, 2574768.686746988], [696868.391566265, 2574778.610797621], [696868.4675156322, 2574778.686746988], [696868.4675156322, 2574788.686746988], [696868.4675156322, 2574798.686746988], [696868.391566265, 2574798.7626963546], [696858.467515632, 2574808.686746988], [696858.391566265, 2574808.762696355], [696848.4675156322, 2574818.686746988], [696848.391566265, 2574818.762696355], [696838.467515632, 2574828.686746988], [696838.391566265, 2574828.762696355], [696828.4675156322, 2574838.686746988], [696828.391566265, 2574838.762696355], [696818.4675156322, 2574848.686746988], [696818.4675156322, 2574858.686746988], [696818.391566265, 2574858.762696355], [696808.467515632, 2574868.686746988], [696818.391566265, 2574878.610797621], [696818.4675156322, 2574878.686746988], [696818.4675156322, 2574888.686746988], [696818.4675156322, 2574898.686746988], [696818.4675156322, 2574908.686746988], [696818.391566265, 2574908.762696355], [696808.4603916968, 2574918.686746988], [696808.391566265, 2574918.75557242], [696798.4675156322, 2574928.686746988], [696798.391566265, 2574928.762696355], [696788.467515632, 2574938.686746988], [696788.467515632, 2574948.686746988], [696788.391566265, 2574948.762696355], [696778.391566265, 2574948.762696355], [696768.4675156322, 2574958.686746988], [696768.4675156322, 2574968.686746988], [696768.4675156322, 2574978.686746988], [696768.391566265, 2574978.762696355], [696758.467515632, 2574988.686746988], [696758.467515632, 2574998.686746988], [696758.467515632, 2575008.686746988], [696758.467515632, 2575018.686746988], [696768.391566265, 2575028.610797621], [696768.4675156322, 2575028.686746988], [696768.4675156322, 2575038.686746988], [696768.4675156322, 2575048.686746988], [696768.391566265, 2575048.762696355], [696758.467515632, 2575058.686746988], [696758.391566265, 2575058.762696355], [696748.4675156322, 2575068.686746988], [696748.4508671535, 2575078.686746988], [696748.391566265, 2575078.7460478763], [696738.467515632, 2575088.686746988], [696738.391566265, 2575088.7626963546], [696728.4675156322, 2575098.6867469884], [696728.391566265, 2575098.762696355], [696718.4675156322, 2575108.686746988], [696718.4675156322, 2575118.686746988], [696718.4675156322, 2575128.686746988], [696718.4675156322, 2575138.686746988], [696718.4675156322, 2575148.686746988], [696718.4675156322, 2575158.686746988], [696718.391566265, 2575158.762696355], [696708.467515632, 2575168.686746988], [696708.391566265, 2575168.762696355], [696698.4675156322, 2575178.686746988], [696698.4675156322, 2575188.686746988], [696698.391566265, 2575188.7626963546], [696688.467515632, 2575198.686746988], [696688.391566265, 2575198.762696355], [696678.391566265, 2575198.762696355], [696668.4675156322, 2575208.686746988], [696668.4675156322, 2575218.686746988], [696668.4675156322, 2575228.686746988], [696668.4675156322, 2575238.686746988], [696668.391566265, 2575238.762696355], [696658.467515632, 2575248.686746988], [696658.467515632, 2575258.686746988], [696658.467515632, 2575268.686746988], [696668.391566265, 2575278.610797621], [696668.4675156322, 2575278.686746988], [696668.4675156322, 2575288.686746988], [696668.4675156322, 2575298.686746988], [696668.391566265, 2575298.762696355], [696658.467515632, 2575308.686746988], [696658.467515632, 2575318.686746988], [696658.391566265, 2575318.762696355], [696648.4675156322, 2575328.686746988], [696648.391566265, 2575328.762696355], [696638.467515632, 2575338.686746988], [696638.391566265, 2575338.762696355], [696628.4675156322, 2575348.686746988], [696628.391566265, 2575348.762696355], [696618.4675156322, 2575358.686746988], [696618.4675156322, 2575368.686746988], [696618.391566265, 2575368.762696355], [696608.467515632, 2575378.686746988], [696608.467515632, 2575388.686746988], [696608.467515632, 2575398.686746988], [696608.467515632, 2575408.686746988], [696608.467515632, 2575418.686746988], [696618.391566265, 2575428.610797621], [696618.4675156322, 2575428.686746988], [696618.4675156322, 2575438.686746988], [696618.4675156322, 2575448.686746988], [696618.391566265, 2575448.762696355], [696608.467515632, 2575458.686746988], [696608.391566265, 2575458.762696355], [696598.4675156322, 2575468.686746988], [696598.391566265, 2575468.762696355], [696588.467515632, 2575478.686746988], [696588.391566265, 2575478.762696355], [696578.4675156322, 2575488.686746988], [696578.391566265, 2575488.7626963546], [696568.467515632, 2575498.686746988], [696568.467515632, 2575508.686746988], [696568.3915662649, 2575508.762696355], [696558.467515632, 2575518.686746988], [696568.3915662649, 2575528.610797621], [696568.467515632, 2575528.686746988], [696568.467515632, 2575538.686746988], [696568.467515632, 2575548.686746988], [696568.467515632, 2575558.686746988], [696568.3915662649, 2575558.762696355], [696558.467515632, 2575568.686746988], [696558.391566265, 2575568.762696355], [696548.4675156322, 2575578.686746988], [696548.391566265, 2575578.762696355], [696538.467515632, 2575588.686746988], [696538.467515632, 2575598.686746988], [696538.391566265, 2575598.762696355], [696528.391566265, 2575598.762696355], [696518.467515632, 2575608.686746988], [696518.467515632, 2575618.686746988], [696518.467515632, 2575628.686746988], [696518.391566265, 2575628.762696355], [696508.4675156322, 2575638.686746988], [696508.4675156322, 2575648.686746988], [696508.4675156322, 2575658.686746988], [696508.4675156322, 2575668.686746988], [696518.391566265, 2575678.610797621], [696518.467515632, 2575678.686746988], [696518.467515632, 2575688.686746988], [696518.467515632, 2575698.686746988], [696518.391566265, 2575698.762696355], [696508.4675156322, 2575708.686746988], [696508.391566265, 2575708.762696355], [696498.4675156322, 2575718.686746988], [696498.4675156322, 2575728.686746988], [696498.391566265, 2575728.762696355], [696488.4665456311, 2575738.686746988], [696488.391566265, 2575738.761726354], [696478.4675156322, 2575748.686746988], [696478.391566265, 2575748.762696355], [696468.467515632, 2575758.686746988], [696468.467515632, 2575768.686746988], [696468.467515632, 2575778.686746988], [696468.467515632, 2575788.686746988], [696468.467515632, 2575798.686746988], [696468.467515632, 2575808.686746988], [696468.391566265, 2575808.762696355], [696458.4675156322, 2575818.686746988], [696458.391566265, 2575818.762696355], [696448.4675156322, 2575828.686746988], [696448.4665456311, 2575838.686746988], [696448.391566265, 2575838.7617263542], [696438.467515632, 2575848.686746988], [696438.391566265, 2575848.762696355], [696428.391566265, 2575848.762696355], [696418.467515632, 2575858.686746988], [696418.467515632, 2575868.686746988], [696418.467515632, 2575878.686746988], [696418.467515632, 2575888.6867469884], [696418.391566265, 2575888.762696355], [696408.4675156322, 2575898.686746988], [696408.4675156322, 2575908.686746988], [696408.4675156322, 2575918.686746988], [696418.391566265, 2575928.610797621], [696418.467515632, 2575928.686746988], [696418.467515632, 2575938.686746988], [696418.467515632, 2575948.686746988], [696418.391566265, 2575948.762696355], [696408.4675156322, 2575958.686746988], [696408.4675156322, 2575968.686746988], [696408.391566265, 2575968.762696355], [696398.4675156322, 2575978.686746988], [696398.391566265, 2575978.7626963546], [696388.4663795659, 2575988.686746988], [696388.391566265, 2575988.7615602887], [696378.4657093898, 2575998.686746988], [696378.391566265, 2575998.7608901127], [696368.391566265, 2575998.7608901127], [696358.391566265, 2575998.7608901127], [696358.3174231402, 2575998.686746988], [696358.3164787613, 2575988.686746988], [696348.391566265, 2575978.761787209], [696338.391566265, 2575978.7574296426], [696328.391566265, 2575978.7574296426], [696318.391566265, 2575978.7565749427], [696318.32173831, 2575978.686746988], [696308.391566265, 2575968.7575729704], [696298.391566265, 2575968.7575729704], [696298.3207402825, 2575968.686746988], [696298.3204049591, 2575958.686746988], [696288.391566265, 2575948.762696355], [696278.4675156322, 2575958.686746988], [696278.391566265, 2575958.762696355], [696268.467515632, 2575968.686746988], [696268.391566265, 2575968.762696355], [696258.4675156322, 2575978.686746988], [696258.4675156322, 2575988.686746988], [696258.391566265, 2575988.762696355], [696248.4675156322, 2575998.686746988], [696248.391566265, 2575998.762696355], [696238.467515632, 2576008.686746988], [696238.391566265, 2576008.762696355], [696228.391566265, 2576008.762696355], [696218.467515632, 2576018.686746988], [696218.391566265, 2576018.762696355], [696208.391566265, 2576018.762696355], [696198.4675156322, 2576028.686746988], [696198.391566265, 2576028.762696355], [696188.467515632, 2576038.686746988], [696188.391566265, 2576038.762696355], [696178.4675156322, 2576048.686746988], [696178.4675156322, 2576058.686746988], [696178.391566265, 2576058.762696355], [696168.391566265, 2576058.762696355], [696158.391566265, 2576058.762696355], [696148.467515632, 2576068.686746988], [696148.467515632, 2576078.686746988], [696148.467515632, 2576088.686746988], [696158.391566265, 2576098.610797621], [696158.4675156322, 2576098.686746988], [696168.391566265, 2576108.610797621], [696178.391566265, 2576108.610797621], [696178.4675156322, 2576108.686746988], [696188.391566265, 2576118.610797621], [696198.391566265, 2576118.611392009], [696208.391566265, 2576118.615078702], [696218.3235874083, 2576108.686746988], [696218.391566265, 2576108.6187681314], [696228.391566265, 2576108.6187681314], [696238.3239986984, 2576098.686746988], [696238.391566265, 2576098.619179421], [696248.391566265, 2576098.619179421], [696258.391566265, 2576098.619179421], [696268.3237490606, 2576088.686746988], [696268.391566265, 2576088.6189297833], [696278.391566265, 2576088.6189297833], [696288.391566265, 2576088.6189297833], [696298.391566265, 2576088.6196787376], [696308.326176241, 2576078.686746988], [696308.391566265, 2576078.621356964], [696318.3268151267, 2576068.686746988], [696318.391566265, 2576068.6219958495], [696328.3221169143, 2576058.686746988], [696328.391566265, 2576058.6172976373], [696338.3219506697, 2576048.686746988], [696338.391566265, 2576048.6171313925], [696348.391566265, 2576048.6171313925], [696358.391566265, 2576048.6171313925], [696358.4611818603, 2576048.686746988], [696358.4613510321, 2576058.686746988], [696358.4613510321, 2576068.686746988], [696368.391566265, 2576078.6191794216], [696368.4591338317, 2576078.686746988], [696368.4591338317, 2576088.686746988], [696368.4591338317, 2576098.686746988], [696368.391566265, 2576098.7543145544], [696358.4591338316, 2576108.686746988], [696358.391566265, 2576108.7543145544], [696348.4591338316, 2576118.686746988], [696348.391566265, 2576118.754314555], [696338.4591338317, 2576128.686746988], [696338.391566265, 2576128.7543145544], [696328.4591338316, 2576138.686746988], [696328.391566265, 2576138.7543145544], [696318.4591338316, 2576148.686746988], [696318.4591338316, 2576158.686746988], [696318.391566265, 2576158.7543145544], [696308.4591338317, 2576168.686746988], [696308.4591338317, 2576178.686746988], [696308.4591338317, 2576188.686746988], [696308.391566265, 2576188.7543145544], [696298.391566265, 2576188.7543145544], [696288.391566265, 2576188.7543145544], [696278.4591338316, 2576198.686746988], [696278.391566265, 2576198.7543145544], [696268.391566265, 2576198.7543145544], [696258.4591338317, 2576208.686746988], [696258.391566265, 2576208.754314555], [696248.391566265, 2576208.754314555], [696238.4602161306, 2576218.686746988], [696238.391566265, 2576218.7553968537], [696228.391566265, 2576218.757073982], [696218.391566265, 2576218.758750544], [696208.391566265, 2576218.7604265367], [696198.391566265, 2576218.7621019664], [696188.391566265, 2576218.762696355], [696178.391566265, 2576218.762696355], [696168.391566265, 2576218.762696355], [696158.391566265, 2576218.762696355], [696158.315616898, 2576218.686746988], [696148.391566265, 2576208.762696355], [696138.391566265, 2576208.762696355], [696138.3156168979, 2576208.686746988], [696128.391566265, 2576198.762696355], [696118.391566265, 2576198.762696355], [696118.3156168979, 2576198.686746988], [696108.391566265, 2576188.762696355], [696108.315616898, 2576188.686746988], [696098.391566265, 2576178.7626963546], [696098.3156168979, 2576178.686746988], [696088.391566265, 2576168.762696355], [696088.3156168979, 2576168.686746988], [696078.391566265, 2576158.762696355], [696078.315616898, 2576158.686746988], [696068.391566265, 2576148.762696355], [696058.391566265, 2576148.762696355], [696048.391566265, 2576148.762696355], [696038.391566265, 2576148.7601914783], [696038.318121775, 2576148.686746988], [696038.3156168979, 2576138.686746988], [696038.3156168979, 2576128.686746988], [696028.391566265, 2576118.762696355], [696018.4660039153, 2576128.686746988], [696018.4643281754, 2576138.686746988], [696018.391566265, 2576138.7595088985], [696008.391566265, 2576138.7595088985], [695998.391566265, 2576138.7595088985], [695988.4626518727, 2576148.686746988], [695988.391566265, 2576148.7578325956], [695978.391566265, 2576148.7578325956], [695968.4609750008, 2576158.686746988], [695968.391566265, 2576158.7561557237], [695958.391566265, 2576158.7561557237], [695948.391566265, 2576158.7561557237], [695938.391566265, 2576158.7561557237], [695928.391566265, 2576158.7561557237], [695918.391566265, 2576158.7561557237], [695908.4592975621, 2576168.686746988], [695908.391566265, 2576168.754478285], [695898.4576195598, 2576178.686746988], [695898.391566265, 2576178.7528002826], [695888.4559409905, 2576188.686746988], [695888.4542618509, 2576198.686746988], [695888.391566265, 2576198.749442574], [695878.4525821465, 2576208.686746988], [695878.391566265, 2576208.7477628696], [695868.391566265, 2576208.7477628696], [695858.391566265, 2576208.7477628696], [695858.3305503837, 2576208.686746988], [695848.391566265, 2576198.749442574], [695848.3288706793, 2576198.686746988], [695838.391566265, 2576188.7511217133], [695828.391566265, 2576188.7498665103], [695828.328446743, 2576188.686746988], [695818.391566265, 2576178.7515455033], [695808.391566265, 2576178.7512855493], [695798.391566265, 2576178.7512855493], [695788.452746093, 2576188.686746988], [695788.391566265, 2576188.747926816], [695778.391566265, 2576188.747926816], [695768.391566265, 2576188.747926816], [695768.3303864369, 2576188.686746988], [695758.391566265, 2576178.7512855493], [695748.391566265, 2576178.7512855493], [695738.4527460932, 2576188.686746988], [695738.391566265, 2576188.747926816], [695728.391566265, 2576188.747926816], [695718.4493850882, 2576198.686746988], [695718.391566265, 2576198.744565811], [695708.391566265, 2576198.744565811], [695698.391566265, 2576198.7531236974], [695688.391566265, 2576198.7542388015], [695678.391566265, 2576198.7542388015], [695668.455365544, 2576208.686746988], [695668.391566265, 2576208.750546267], [695658.391566265, 2576208.750546267], [695648.4513341921, 2576218.686746988], [695648.391566265, 2576218.746514915], [695638.391566265, 2576218.746514915], [695628.4507378637, 2576228.686746988], [695628.4507378637, 2576238.686746988], [695628.4507378637, 2576248.686746988], [695628.4507378637, 2576258.686746988], [695628.391566265, 2576258.7459185864], [695618.4507378637, 2576268.686746988], [695618.391566265, 2576268.745918587], [695608.391566265, 2576268.745918587], [695598.4492210307, 2576278.686746988], [695598.391566265, 2576278.7444017534], [695588.391566265, 2576278.7444017534], [695578.4475396186, 2576288.686746988], [695578.4458576407, 2576298.686746988], [695578.391566265, 2576298.741038364], [695568.391566265, 2576298.741038364], [695558.391566265, 2576298.741038364], [695548.391566265, 2576298.741038364], [695538.4441750908, 2576308.686746988], [695538.391566265, 2576308.7393558137], [695528.4424919715, 2576318.686746988], [695528.391566265, 2576318.7376726945], [695518.391566265, 2576318.7376726945], [695508.4408082855, 2576328.686746988], [695508.391566265, 2576328.7359890086], [695498.391566265, 2576328.7359890086], [695488.4391240295, 2576338.686746988], [695488.391566265, 2576338.7343047527], [695478.4374392034, 2576348.686746988], [695478.391566265, 2576348.7326199263], [695468.391566265, 2576348.7326199263], [695458.391566265, 2576348.7326199263], [695448.391566265, 2576348.7326199263], [695438.4356776905, 2576358.686746988], [695438.391566265, 2576358.7308584135], [695428.4339032696, 2576368.686746988], [695428.391566265, 2576368.7290839925], [695418.391566265, 2576368.7290839925], [695408.391566265, 2576368.7290839925], [695398.391566265, 2576368.7290839925]]}}, {"type": "Feature", "properties": {"hours": 1.0, "label": "1 h"}, "geometry": {"type": "LineString", "coordinates": [[694678.391566265, 2575398.602429956], [694688.3072492335, 2575388.686746988], [694688.3072492335, 2575378.686746988], [694688.3072492335, 2575368.6867469884], [694688.3072492335, 2575358.686746988], [694688.3072492335, 2575348.686746988], [694678.391566265, 2575338.7710640198], [694678.3072492335, 2575338.686746988], [694678.3072492335, 2575328.686746988], [694668.391566265, 2575318.7710640198], [694668.3072492335, 2575318.686746988], [694658.391566265, 2575308.7710640193], [694658.3072492335, 2575308.686746988], [694648.391566265, 2575298.7710640198], [694648.3072492335, 2575298.686746988], [694638.391566265, 2575288.7710640193], [694638.3072492335, 2575288.686746988], [694628.391566265, 2575278.771438897], [694618.391566265, 2575278.772178252], [694608.391566265, 2575278.7729174965], [694598.4775871857, 2575288.686746988], [694598.4766713033, 2575298.686746988], [694608.391566265, 2575308.602429956], [694608.4758832966, 2575308.686746988], [694618.391566265, 2575318.6024299567], [694618.4758832966, 2575318.686746988], [694628.391566265, 2575328.602429956], [694628.4758832966, 2575328.686746988], [694638.391566265, 2575338.6024299567], [694638.4758832966, 2575338.686746988], [694638.4758832966, 2575348.686746988], [694648.391566265, 2575358.6043181475], [694648.4739951056, 2575358.686746988], [694658.391566265, 2575368.6039043725], [694658.4744088807, 2575368.686746988], [694658.4758832966, 2575378.686746988], [694668.391566265, 2575388.6024299567], [694668.4758832966, 2575388.686746988], [694678.391566265, 2575398.602429956]]}}, {"type": "Feature", "properties": {"hours": 1.0, "label": "1 h"}, "geometry": {"type": "LineString", "coordinates": [[696808.391566265, 2574408.6191794216], [696818.391566265, 2574408.6191794216], [696828.3239986984, 2574398.686746988], [696828.3239986984, 2574388.686746988], [696828.3239986984, 2574378.686746988], [696828.3239986984, 2574368.686746988], [696828.3239986984, 2574358.686746988], [696828.3239986984, 2574348.686746988], [696828.3239986984, 2574338.686746988], [696828.3239986984, 2574328.686746988], [696828.3239986984, 2574318.686746988], [696828.3239986984, 2574308.686746988], [696828.391566265, 2574308.6191794216], [696838.3239986985, 2574298.686746988], [696838.3239986985, 2574288.686746988], [696838.391566265, 2574288.6191794216], [696848.391566265, 2574288.6191794216], [696858.3239986984, 2574278.686746988], [696848.391566265, 2574268.7543145544], [696838.391566265, 2574268.7543145544], [696828.391566265, 2574268.7543145544], [696818.4591338317, 2574278.686746988], [696818.391566265, 2574278.7543145544], [696808.4591338316, 2574288.686746988], [696808.391566265, 2574288.754314555], [696798.4591338316, 2574298.686746988], [696798.4591338316, 2574308.686746988], [696798.4591338316, 2574318.686746988], [696798.4591338316, 2574328.686746988], [696798.4591338316, 2574338.686746988], [696798.4591338316, 2574348.686746988], [696798.4591338316, 2574358.686746988], [696798.4591338316, 2574368.686746988], [696798.4591338316, 2574378.686746988], [696798.4591338316, 2574388.686746988], [696798.4591338316, 2574398.686746988], [696808.391566265, 2574408.6191794216]]}}, {"type": "Feature", "properties": {"hours": 1.0, "label": "1 h"}, "geometry": {"type": "LineString", "coordinates": [[692508.391566265, 2573958.5940763904], [692518.391566265, 2573958.5940763904], [692528.391566265, 2573958.5940763904], [692538.391566265, 2573958.5940763904], [692548.2988956671, 2573948.686746988], [692548.391566265, 2573948.59407639], [692558.391566265, 2573948.59407639], [692568.391566265, 2573948.59407639], [692578.2988956672, 2573938.686746988], [692578.391566265, 2573938.59407639], [692588.391566265, 2573938.59407639], [692598.391566265, 2573938.59407639], [692608.2988956671, 2573928.686746988], [692608.391566265, 2573928.5940763904], [692618.2988956672, 2573918.686746988], [692618.391566265, 2573918.59407639], [692628.391566265, 2573918.59407639], [692638.2988956672, 2573908.686746988], [692638.2988956672, 2573898.686746988], [692628.391566265, 2573888.779417586], [692618.391566265, 2573888.779417586], [692618.2988956672, 2573888.686746988], [692618.2988956672, 2573878.686746988], [692608.391566265, 2573868.7794175856], [692598.391566265, 2573868.7794175856], [692598.2988956672, 2573868.686746988], [692588.391566265, 2573858.779417586], [692588.2988956671, 2573858.686746988], [692588.2988956671, 2573848.686746988], [692588.2988956671, 2573838.686746988], [692578.391566265, 2573828.779417586], [692578.2988956672, 2573828.686746988], [692568.391566265, 2573818.779417586], [692568.2988956671, 2573818.686746988], [692568.2988956671, 2573808.686746988], [692558.391566265, 2573798.779417586], [692558.2988956672, 2573798.686746988], [692548.391566265, 2573788.7794175856], [692548.2988956671, 2573788.686746988], [692548.2988956671, 2573778.686746988], [692538.391566265, 2573768.779417586], [692538.2988956671, 2573768.686746988], [692528.391566265, 2573758.7794175856], [692528.2988956672, 2573758.686746988], [692518.391566265, 2573748.779417586], [692518.2988956671, 2573748.686746988], [692508.391566265, 2573738.779417586], [692498.391566265, 2573738.779417586], [692488.391566265, 2573738.779417586], [692478.391566265, 2573738.779417586], [692478.2988956671, 2573738.686746988], [692468.391566265, 2573728.7794175856], [692458.391566265, 2573728.7794175856], [692448.391566265, 2573728.7794175856], [692438.391566265, 2573728.7794175856], [692438.2988956671, 2573728.686746988], [692428.391566265, 2573718.779417586], [692418.484236863, 2573728.686746988], [692418.484236863, 2573738.686746988], [692418.484236863, 2573748.686746988], [692418.391566265, 2573748.779417586], [692408.4842368629, 2573758.686746988], [692418.391566265, 2573768.5940763904], [692418.484236863, 2573768.686746988], [692418.484236863, 2573778.686746988], [692428.391566265, 2573788.59407639], [692428.484236863, 2573788.686746988], [692428.484236863, 2573798.686746988], [692438.391566265, 2573808.59407639], [692438.4842368629, 2573808.686746988], [692448.391566265, 2573818.5940763904], [692448.484236863, 2573818.686746988], [692448.484236863, 2573828.686746988], [692448.484236863, 2573838.686746988], [692448.484236863, 2573848.686746988], [692458.391566265, 2573858.59407639], [692458.4842368629, 2573858.686746988], [692458.4842368629, 2573868.686746988], [692458.4842368629, 2573878.686746988], [692458.4842368629, 2573888.686746988], [692458.4842368629, 2573898.686746988], [692458.4842368629, 2573908.686746988], [692468.391566265, 2573918.59407639], [692468.484236863, 2573918.686746988], [692468.484236863, 2573928.686746988], [692478.391566265, 2573938.59407639], [692488.391566265, 2573938.59407639], [692488.484236863, 2573938.686746988], [692498.391566265, 2573948.59407639], [692498.4842368629, 2573948.686746988], [692508.391566265, 2573958.5940763904]]}}, {"type": "Feature", "properties": {"hours": 1.0, "label": "1 h"}, "geometry": {"type": "LineString", "coordinates": [[696778.391566265, 2573818.623035758], [696788.391566265, 2573818.623035758], [696798.391566265, 2573818.623035758], [696808.391566265, 2573818.623035758], [696818.391566265, 2573818.623035758], [696828.391566265, 2573818.623035758], [696838.391566265, 2573818.623035758], [696848.3295343986, 2573808.686746988], [696848.391566265, 2573808.6247151215], [696858.3312143274, 2573798.686746988], [696858.391566265, 2573798.6263950504], [696868.3323946664, 2573788.686746988], [696868.3323946664, 2573778.686746988], [696868.3323946664, 2573768.686746988], [696858.391566265, 2573758.745918587], [696858.3323946664, 2573758.686746988], [696858.3323946664, 2573748.686746988], [696848.391566265, 2573738.745918587], [696848.3323946664, 2573738.686746988], [696848.3323946664, 2573728.686746988], [696838.391566265, 2573718.745918587], [696828.391566265, 2573718.746082594], [696818.391566265, 2573718.746082594], [696808.391566265, 2573718.746082594], [696798.391566265, 2573718.746082594], [696798.332230659, 2573718.686746988], [696798.3305503835, 2573708.686746988], [696798.3288706791, 2573698.686746988], [696788.391566265, 2573688.7522047083], [696778.391566265, 2573688.753882912], [696768.4587021888, 2573698.686746988], [696768.391566265, 2573698.753882912], [696758.391566265, 2573698.754314555], [696748.4591338316, 2573708.686746988], [696748.391566265, 2573708.7543145544], [696738.4591338317, 2573718.686746988], [696738.4587021889, 2573728.686746988], [696748.391566265, 2573738.6269994066], [696758.391566265, 2573738.628007762], [696758.4503054909, 2573738.686746988], [696758.4503054909, 2573748.686746988], [696758.4513219445, 2573758.686746988], [696768.391566265, 2573768.6269913088], [696768.4513219444, 2573768.686746988], [696768.4530020747, 2573778.686746988], [696768.4546816372, 2573788.686746988], [696768.4551813508, 2573798.686746988], [696768.4551813508, 2573808.686746988], [696778.391566265, 2573818.623035758]]}}, {"type": "Feature", "properties": {"hours": 2.0, "label": "2 h"}, "geometry": {"type": "LineString", "coordinates": [[695398.391566265, 2576368.8306927984], [695398.2476204544, 2576368.686746988], [695398.2469654761, 2576358.686746988], [695398.2462174675, 2576348.686746988], [695398.2462174675, 2576338.686746988], [695398.2462174675, 2576328.686746988], [695398.391566265, 2576328.5413981904], [695408.2405278034, 2576318.686746988], [695398.391566265, 2576308.8371187244], [695398.2411945286, 2576308.686746988], [695398.2411945286, 2576298.686746988], [695398.239282001, 2576288.686746988], [695388.391566265, 2576278.839031252], [695388.239282001, 2576278.686746988], [695378.391566265, 2576268.8390312516], [695378.239282001, 2576268.686746988], [695368.3915662651, 2576258.839031252], [695368.2392820012, 2576258.686746988], [695368.2392067682, 2576248.686746988], [695368.2388735289, 2576238.686746988], [695368.238540312, 2576228.686746988], [695368.238540312, 2576218.686746988], [695368.2382071179, 2576208.686746988], [695358.391566265, 2576198.8404393066], [695358.2378739462, 2576198.686746988], [695358.237540794, 2576188.686746988], [695358.237540794, 2576178.686746988], [695358.237540794, 2576168.686746988], [695358.237540794, 2576158.686746988], [695358.237540794, 2576148.686746988], [695358.391566265, 2576148.532721517], [695368.391566265, 2576148.532721517], [695378.2373580731, 2576138.686746988], [695378.2373580731, 2576128.686746988], [695378.2373580731, 2576118.686746988], [695378.2373580731, 2576108.686746988], [695378.391566265, 2576108.532538796], [695388.2356927274, 2576098.686746988], [695388.391566265, 2576098.5308734505], [695398.391566265, 2576098.529208665], [695408.391566265, 2576098.527544442], [695418.2311950906, 2576088.686746988], [695418.391566265, 2576088.5263758134], [695428.2311950905, 2576078.686746988], [695428.391566265, 2576078.5263758134], [695438.391566265, 2576078.526138365], [695448.2309576418, 2576068.686746988], [695448.391566265, 2576068.5261383653], [695458.391566265, 2576068.5261383653], [695468.230957642, 2576058.6867469875], [695468.391566265, 2576058.526138365], [695478.391566265, 2576058.526138365], [695488.2309576418, 2576048.686746988], [695488.391566265, 2576048.526138365], [695498.230957642, 2576038.686746988], [695498.391566265, 2576038.526138365], [695508.2309576418, 2576028.686746988], [695508.391566265, 2576028.526138365], [695518.2307000624, 2576018.686746988], [695518.391566265, 2576018.525880785], [695528.2290369679, 2576008.686746988], [695528.391566265, 2576008.524217691], [695538.2273744326, 2575998.686746988], [695538.391566265, 2575998.5225551557], [695548.391566265, 2575998.520893185], [695558.2245454125, 2575988.686746988], [695558.391566265, 2575988.5197261353], [695568.2245454125, 2575978.686746988], [695568.391566265, 2575978.519726136], [695578.2245454125, 2575968.686746988], [695578.391566265, 2575968.5197261353], [695588.391566265, 2575968.5180651178], [695598.2228843948, 2575958.686746988], [695598.391566265, 2575958.5180651178], [695608.391566265, 2575958.51782807], [695618.391566265, 2575958.51782807], [695628.391566265, 2575958.51782807], [695638.2226473471, 2575948.686746988], [695638.391566265, 2575948.51782807], [695648.391566265, 2575948.51782807], [695658.391566265, 2575948.51782807], [695668.391566265, 2575948.51782807], [695678.391566265, 2575948.51782807], [695688.391566265, 2575948.51782807], [695698.3915662649, 2575948.51782807], [695698.5604851829, 2575948.686746988], [695708.391566265, 2575958.51782807], [695718.391566265, 2575958.51782807], [695728.391566265, 2575958.51782807], [695738.391566265, 2575958.51782807], [695748.391566265, 2575958.51782807], [695758.391566265, 2575958.51782807], [695768.391566265, 2575958.51782807], [695778.391566265, 2575958.51782807], [695788.391566265, 2575958.51782807], [695798.391566265, 2575958.51782807], [695808.391566265, 2575958.51782807], [695818.391566265, 2575958.51782807], [695828.2226473471, 2575948.686746988], [695828.391566265, 2575948.51782807], [695838.391566265, 2575948.51782807], [695848.391566265, 2575948.51782807], [695858.391566265, 2575948.51782807], [695858.560485183, 2575948.686746988], [695868.391566265, 2575958.5175709254], [695878.391566265, 2575958.5159106357], [695888.391566265, 2575958.5150017655], [695898.2214810249, 2575948.686746988], [695898.391566265, 2575948.516661748], [695908.391566265, 2575948.516661748], [695918.391566265, 2575948.516661748], [695928.391566265, 2575948.516661748], [695938.391566265, 2575948.516661748], [695948.391566265, 2575948.516661748], [695958.391566265, 2575948.516661748], [695968.391566265, 2575948.516661748], [695978.391566265, 2575948.516661748], [695988.391566265, 2575948.516661748], [695998.391566265, 2575948.516661748], [696008.391566265, 2575948.516661748], [696018.391566265, 2575948.516661748], [696028.391566265, 2575948.516661748], [696038.391566265, 2575948.516661748], [696038.5616515052, 2575948.686746988], [696048.391566265, 2575958.5150017655], [696058.391566265, 2575958.5150017655], [696068.391566265, 2575958.5150017655], [696078.391566265, 2575958.5150017655], [696078.5633114879, 2575958.686746988], [696088.391566265, 2575968.5101000466], [696098.391566265, 2575968.5101000466], [696108.391566265, 2575968.5095317983], [696118.391566265, 2575968.5095317983], [696128.2143510751, 2575958.686746988], [696128.391566265, 2575958.509531798], [696138.2143510751, 2575948.686746988], [696138.391566265, 2575948.5095317983], [696148.2143510751, 2575938.686746988], [696148.391566265, 2575938.509531798], [696158.2143510752, 2575928.686746988], [696158.2143510752, 2575918.686746988], [696158.391566265, 2575918.509531798], [696168.2143510751, 2575908.686746988], [696168.2143510751, 2575898.686746988], [696168.391566265, 2575898.5095317983], [696178.2143510751, 2575888.686746988], [696178.2143510751, 2575878.686746988], [696178.391566265, 2575878.5095317983], [696188.2143510752, 2575868.686746988], [696188.2143510752, 2575858.686746988], [696188.391566265, 2575858.5095317983], [696198.2143510751, 2575848.686746988], [696198.391566265, 2575848.509531798], [696208.2143510751, 2575838.686746988], [696208.2143510751, 2575828.686746988], [696208.2143510751, 2575818.686746988], [696198.391566265, 2575808.863962178], [696198.2143510751, 2575808.686746988], [696198.2143510751, 2575798.686746988], [696198.2143510751, 2575788.686746988], [696198.2143510751, 2575778.686746988], [696188.391566265, 2575768.8641239656], [696188.2141892873, 2575768.686746988], [696178.391566265, 2575758.865781485], [696178.2125317677, 2575758.686746988], [696168.391566265, 2575748.8642188883], [696168.2140943643, 2575748.6867469875], [696158.391566265, 2575738.8651599563], [696158.2131532966, 2575738.686746988], [696148.391566265, 2575728.865822891], [696148.2124903621, 2575728.686746988], [696148.2124903621, 2575718.686746988], [696148.2124903621, 2575708.686746988], [696148.2124903621, 2575698.686746988], [696148.391566265, 2575698.5076710847], [696158.2129875546, 2575688.686746988], [696158.391566265, 2575688.5081682773], [696168.2140943643, 2575678.686746988], [696168.391566265, 2575678.509275087], [696178.2124368768, 2575668.686746988], [696178.391566265, 2575668.5076176], [696188.2107799486, 2575658.686746988], [696188.391566265, 2575658.505960671], [696198.2091235794, 2575648.686746988], [696198.391566265, 2575648.5043043024], [696208.2060687949, 2575638.686746988], [696208.2060687949, 2575628.686746988], [696198.391566265, 2575618.872244458], [696188.391566265, 2575618.872244458], [696178.391566265, 2575618.872244458], [696168.391566265, 2575618.872244458], [696158.391566265, 2575618.872244458], [696148.5763169074, 2575628.686746988], [696148.391566265, 2575628.8714976306], [696138.391566265, 2575628.8714976306], [696128.391566265, 2575628.8714976306], [696118.391566265, 2575628.8714976306], [696108.391566265, 2575628.8714976306], [696098.391566265, 2575628.8714976306], [696098.2068156225, 2575628.686746988], [696088.391566265, 2575618.872244458], [696088.2060687949, 2575618.686746988], [696078.391566265, 2575608.8722444577], [696078.206068795, 2575608.686746988], [696078.206068795, 2575598.686746988], [696068.391566265, 2575588.872244458], [696058.391566265, 2575588.872244458], [696048.391566265, 2575588.872244458], [696038.391566265, 2575588.872244458], [696028.391566265, 2575588.872244458], [696028.206068795, 2575588.6867469884], [696018.391566265, 2575578.8722444577], [696008.391566265, 2575578.8722444577], [696008.2060687949, 2575578.686746988], [695998.391566265, 2575568.872244458], [695998.206068795, 2575568.686746988], [695988.391566265, 2575558.8722444577], [695978.391566265, 2575558.8722444577], [695978.206068795, 2575558.686746988], [695968.391566265, 2575548.872244458], [695958.391566265, 2575548.871128512], [695958.2071847408, 2575548.686746988], [695948.391566265, 2575538.869807774], [695938.391566265, 2575538.8684866815], [695938.2098265715, 2575538.686746988], [695928.391566265, 2575528.868324295], [695918.391566265, 2575528.867789057], [695918.2105241962, 2575528.686746988], [695908.391566265, 2575518.8695009085], [695898.391566265, 2575518.8692536214], [695898.2090596317, 2575518.686746988], [695888.391566265, 2575508.8712911075], [695888.2070221455, 2575508.686746988], [695878.391566265, 2575498.872244458], [695878.206068795, 2575498.686746988], [695868.391566265, 2575488.8698944272], [695858.5750184051, 2575498.686746988], [695858.391566265, 2575498.870199128], [695848.577063735, 2575508.686746988], [695848.391566265, 2575508.872244458], [695838.5766522025, 2575518.686746988], [695838.391566265, 2575518.871832926], [695828.5754612881, 2575528.686746988], [695828.5734298112, 2575538.686746988], [695828.391566265, 2575538.8686105344], [695818.5722410148, 2575548.686746988], [695818.391566265, 2575548.8674217374], [695808.5727976259, 2575558.686746988], [695808.391566265, 2575558.867978349], [695798.5745031907, 2575568.686746988], [695798.391566265, 2575568.869683914], [695788.391566265, 2575568.8713695495], [695778.391566265, 2575568.872244458], [695768.577063735, 2575578.686746988], [695768.391566265, 2575578.8722444577], [695758.391566265, 2575578.8722444577], [695748.577063735, 2575588.6867469884], [695748.391566265, 2575588.872244458], [695738.391566265, 2575588.872244458], [695728.5768361385, 2575598.686746988], [695728.391566265, 2575598.8720168616], [695718.5762644558, 2575608.686746988], [695718.391566265, 2575608.871445179], [695708.5756927079, 2575618.686746988], [695708.391566265, 2575618.8708734307], [695698.5751208934, 2575628.686746988], [695698.5744194123, 2575638.686746988], [695698.391566265, 2575638.869600135], [695688.5738474494, 2575648.686746988], [695688.391566265, 2575648.8690281725], [695678.5735548675, 2575658.686746988], [695678.5729482616, 2575668.686746988], [695678.391566265, 2575668.8681289847], [695668.5734399726, 2575678.686746988], [695668.5734651689, 2575688.686746988], [695668.5734651689, 2575698.686746988], [695668.5734651689, 2575708.686746988], [695668.5734651689, 2575718.686746988], [695668.5734651689, 2575728.686746988], [695668.5733040305, 2575738.686746988], [695668.5725168007, 2575748.686746988], [695668.5717294447, 2575758.6867469875], [695668.5709419624, 2575768.686746988], [695668.391566265, 2575768.8661226854], [695658.5709419625, 2575778.686746988], [695658.391566265, 2575778.866122686], [695648.5709419625, 2575788.686746988], [695648.391566265, 2575788.8661226854], [695638.391566265, 2575788.866870223], [695628.5716368908, 2575798.686746988], [695628.391566265, 2575798.866817614], [695618.5724277274, 2575808.686746988], [695618.391566265, 2575808.867608451], [695608.5747643427, 2575818.686746988], [695608.5743227664, 2575828.686746988], [695608.5737707408, 2575838.686746988], [695608.391566265, 2575838.8689514636], [695598.391566265, 2575838.870013658], [695588.391566265, 2575838.870013658], [695578.391566265, 2575838.870013658], [695568.391566265, 2575838.8694321685], [695558.391566265, 2575838.8698862894], [695548.391566265, 2575838.8703403682], [695538.5737486674, 2575848.686746988], [695538.391566265, 2575848.8689293903], [695528.5735473688, 2575858.686746988], [695528.391566265, 2575858.8687280915], [695518.391566265, 2575858.870384058], [695508.5750020944, 2575868.686746988], [695508.391566265, 2575868.8701828173], [695498.5755028584, 2575878.686746988], [695498.391566265, 2575878.870683581], [695488.391566265, 2575878.8707506894], [695478.391566265, 2575878.8707506894], [695468.391566265, 2575878.8707506894], [695458.391566265, 2575878.8707506894], [695458.2075625637, 2575878.686746988], [695448.391566265, 2575868.872244458], [695438.391566265, 2575868.872244458], [695428.391566265, 2575868.872244458], [695418.5745024534, 2575878.686746988], [695418.391566265, 2575878.8696831763], [695408.391566265, 2575878.8696831763], [695398.391566265, 2575878.8696831763], [695388.391566265, 2575878.8685505735], [695378.391566265, 2575878.8674177085], [695378.2108955442, 2575878.686746988], [695368.391566265, 2575868.8676060643], [695368.2107071887, 2575868.686746988], [695358.391566265, 2575858.8682332295], [695358.2100800234, 2575858.686746988], [695348.391566265, 2575848.868860315], [695348.209452938, 2575848.686746988], [695338.391566265, 2575838.869568752], [695338.2087445009, 2575838.686746988], [695328.391566265, 2575828.8705340615], [695328.2077791912, 2575828.686746988], [695318.391566265, 2575818.8721124055], [695308.5770637351, 2575828.686746988], [695308.5768414363, 2575838.686746988], [695308.391566265, 2575838.872022159], [695298.391566265, 2575838.8722444577], [695288.5767605302, 2575848.686746988], [695288.5751050895, 2575858.686746988], [695288.391566265, 2575858.8702858123], [695278.5743164635, 2575868.686746988], [695278.5730240206, 2575878.686746988], [695278.391566265, 2575878.8682047436], [695268.5719889774, 2575888.686746988], [695268.391566265, 2575888.8671697], [695258.391566265, 2575888.8679195535], [695248.5719498243, 2575898.686746988], [695248.391566265, 2575898.8671305473], [695238.391566265, 2575898.8671305473], [695228.391566265, 2575898.8671305473], [695228.2111827057, 2575898.686746988], [695218.391566265, 2575888.8689839374], [695208.391566265, 2575888.8670183658], [695208.2112948874, 2575888.686746988], [695208.2096383445, 2575878.686746988], [695208.2079823604, 2575868.686746988], [695208.2070289492, 2575858.686746988], [695198.391566265, 2575848.870127487], [695198.2081857659, 2575848.686746988], [695198.2081171316, 2575838.686746988], [695188.391566265, 2575828.869039048], [695188.2092742049, 2575828.686746988], [695188.2080708544, 2575818.686746988], [695178.391566265, 2575808.8702624543], [695178.2080507989, 2575808.686746988], [695168.391566265, 2575798.8702867995], [695158.391566265, 2575798.868650869], [695148.391566265, 2575798.867773396], [695138.391566265, 2575798.870072555], [695128.391566265, 2575798.870909119], [695118.391566265, 2575798.8717455403], [695108.391566265, 2575798.872244458], [695098.5768434814, 2575808.686746988], [695098.391566265, 2575808.872024204], [695088.391566265, 2575808.872024204], [695078.391566265, 2575808.872024204], [695068.391566265, 2575808.87197147], [695068.2063417833, 2575808.686746988], [695068.2060687949, 2575798.686746988], [695068.2060687949, 2575788.686746988], [695068.2060687949, 2575778.686746988], [695058.391566265, 2575768.8722444577], [695058.206068795, 2575768.686746988], [695048.391566265, 2575758.872244458], [695038.391566265, 2575758.872244458], [695038.206068795, 2575758.686746988], [695028.391566265, 2575748.872244458], [695018.391566265, 2575748.871258443], [695008.391566265, 2575748.867323002], [694998.391566265, 2575748.867588329], [694988.391566265, 2575748.870515828], [694978.576957246, 2575758.686746988], [694978.5770300219, 2575768.686746988], [694978.5770300219, 2575778.686746988], [694978.5770300219, 2575788.686746988], [694978.391566265, 2575788.8722107452], [694968.576171379, 2575798.686746988], [694968.5730432093, 2575808.686746988], [694968.391566265, 2575808.8682239326], [694958.391566265, 2575808.8682239326], [694948.391566265, 2575808.8682239326], [694938.391566265, 2575808.8677555947], [694938.2105576583, 2575808.686746988], [694928.391566265, 2575798.868211649], [694918.391566265, 2575798.86586951], [694908.391566265, 2575798.8635262535], [694908.2147869996, 2575798.686746988], [694908.2119875131, 2575788.686746988], [694898.391566265, 2575778.8667819286], [694898.2115313243, 2575778.686746988], [694898.2101205363, 2575768.686746988], [694898.2098346927, 2575758.686746988], [694898.2087047542, 2575748.686746988], [694898.206744946, 2575738.686746988], [694898.206068795, 2575728.686746988], [694888.391566265, 2575718.8722444577], [694878.391566265, 2575718.8722444577], [694868.391566265, 2575718.8722444577], [694868.2060687949, 2575718.686746988], [694858.391566265, 2575708.872244458], [694848.391566265, 2575708.872244458], [694838.391566265, 2575708.8717619167], [694838.2065513363, 2575708.686746988], [694828.391566265, 2575698.8722444577], [694828.2060687949, 2575698.686746988], [694818.391566265, 2575688.872244458], [694818.206068795, 2575688.686746988], [694808.391566265, 2575678.8722444577], [694798.391566265, 2575678.8722444577], [694788.391566265, 2575678.8722444577], [694778.391566265, 2575678.8722444577], [694768.391566265, 2575678.8722444577], [694768.206068795, 2575678.686746988], [694758.391566265, 2575668.872244458], [694758.206068795, 2575668.686746988], [694748.391566265, 2575658.872244458], [694738.391566265, 2575658.872244458], [694728.391566265, 2575658.872244458], [694728.206068795, 2575658.686746988], [694718.391566265, 2575648.8722444577], [694718.206068795, 2575648.686746988], [694708.391566265, 2575638.872244458], [694708.2060687949, 2575638.686746988], [694698.391566265, 2575628.8722444577], [694688.391566265, 2575628.8722444577], [694678.391566265, 2575628.8722444577], [694678.206068795, 2575628.686746988], [694668.391566265, 2575618.872244458], [694668.2060687949, 2575618.686746988], [694668.2060687949, 2575608.686746988], [694658.391566265, 2575598.872244458], [694648.391566265, 2575598.871255871], [694648.2070573821, 2575598.686746988], [694648.2060726556, 2575588.686746988], [694648.206068795, 2575578.686746988], [694648.206068795, 2575568.686746988], [694648.206068795, 2575558.686746988], [694648.206068795, 2575548.686746988], [694648.391566265, 2575548.5012495182], [694658.206068795, 2575538.686746988], [694648.391566265, 2575528.872244458], [694638.391566265, 2575528.872244458], [694628.391566265, 2575528.872244458], [694618.5733830966, 2575538.686746988], [694618.391566265, 2575538.868563819], [694608.391566265, 2575538.8692605137], [694598.391566265, 2575538.869957111], [694588.5767310563, 2575548.686746988], [694588.5770496109, 2575558.686746988], [694588.577063735, 2575568.686746988], [694588.577063735, 2575578.686746988], [694588.577063735, 2575588.6867469884], [694588.391566265, 2575588.872244458], [694578.391566265, 2575588.872244458], [694568.391566265, 2575588.872244458], [694558.391566265, 2575588.872244458], [694548.391566265, 2575588.872244458], [694538.391566265, 2575588.872244458], [694528.391566265, 2575588.872244458], [694518.391566265, 2575588.872244458], [694518.206068795, 2575588.6867469884], [694508.391566265, 2575578.8722444577], [694498.391566265, 2575578.8722444577], [694488.391566265, 2575578.8722444577], [694488.206068795, 2575578.686746988], [694478.391566265, 2575568.872244458], [694478.206068795, 2575568.686746988], [694468.391566265, 2575558.8722444577], [694468.206068795, 2575558.686746988], [694458.391566265, 2575548.872244458], [694458.2060687949, 2575548.686746988], [694448.391566265, 2575538.8722444577], [694448.206068795, 2575538.686746988], [694448.206068795, 2575528.686746988], [694438.391566265, 2575518.8722444577], [694438.206068795, 2575518.686746988], [694428.391566265, 2575508.872244458], [694428.206068795, 2575508.686746988], [694418.391566265, 2575498.872244458], [694408.391566265, 2575498.872244458], [694398.391566265, 2575498.872244458], [694398.206068795, 2575498.686746988], [694388.391566265, 2575488.8722444577], [694378.391566265, 2575488.8722444577], [694368.5770637351, 2575498.686746988], [694368.391566265, 2575498.872244458], [694358.391566265, 2575498.872244458], [694348.391566265, 2575498.872244458], [694338.577063735, 2575508.686746988], [694338.391566265, 2575508.872244458], [694328.391566265, 2575508.872244458], [694318.577063735, 2575518.686746988], [694318.391566265, 2575518.8722444577], [694308.391566265, 2575518.8722444577], [694298.391566265, 2575518.8722444577], [694288.391566265, 2575518.8722444577], [694278.391566265, 2575518.8722444577], [694268.391566265, 2575518.8722444577], [694268.206068795, 2575518.686746988], [694258.391566265, 2575508.872244458], [694248.391566265, 2575508.872244458], [694248.206068795, 2575508.686746988], [694238.391566265, 2575498.872244458], [694238.206068795, 2575498.686746988], [694228.391566265, 2575488.8722444577], [694218.391566265, 2575488.8722444577], [694208.391566265, 2575488.8722444577], [694198.391566265, 2575488.8722637612], [694188.391566265, 2575488.8739753035], [694178.391566265, 2575488.875686247], [694168.391566265, 2575488.8760902514], [694158.391566265, 2575488.8760902514], [694148.391566265, 2575488.8760902514], [694138.391566265, 2575488.8760891748], [694138.2022240782, 2575488.686746988], [694128.391566265, 2575478.8773296177], [694128.2009836353, 2575478.686746988], [694128.1997421605, 2575468.686746988], [694118.391566265, 2575458.8793220334], [694118.1989912195, 2575458.686746988], [694108.391566265, 2575448.8793009515], [694108.1990123013, 2575448.686746988], [694108.1978004692, 2575438.686746988], [694108.1978004692, 2575428.686746988], [694098.391566265, 2575418.8805127842], [694088.391566265, 2575418.8805127842], [694078.391566265, 2575418.8805127842], [694068.391566265, 2575418.8803965254], [694058.391566265, 2575418.879417629], [694048.5808091213, 2575428.686746988], [694048.391566265, 2575428.8759898446], [694038.5812677105, 2575438.686746988], [694038.391566265, 2575438.8764484334], [694028.391566265, 2575438.8786245915], [694018.5853320608, 2575448.686746988], [694018.5853320608, 2575458.686746988], [694018.5853320608, 2575468.686746988], [694028.391566265, 2575478.4989383942], [694028.5793748588, 2575478.686746988], [694038.391566265, 2575488.501249518], [694048.391566265, 2575488.501249518], [694058.391566265, 2575488.501249518], [694058.577063735, 2575488.686746988], [694068.391566265, 2575498.5012495182], [694078.391566265, 2575498.5012495182], [694088.3915662651, 2575498.5012495182], [694098.391566265, 2575498.5012495182], [694098.577063735, 2575498.686746988], [694108.391566265, 2575508.501249518], [694118.391566265, 2575508.501249518], [694118.577063735, 2575508.686746988], [694128.391566265, 2575518.501249518], [694138.391566265, 2575518.501249518], [694138.577063735, 2575518.686746988], [694148.391566265, 2575528.5012495182], [694158.391566265, 2575528.5012495182], [694168.391566265, 2575528.5012495182], [694168.5770637351, 2575528.686746988], [694178.391566265, 2575538.501249518], [694188.391566265, 2575538.501249518], [694198.391566265, 2575538.501249518], [694198.577063735, 2575538.686746988], [694208.391566265, 2575548.5012495182], [694218.391566265, 2575548.5012495182], [694218.577063735, 2575548.686746988], [694228.391566265, 2575558.501249518], [694238.391566265, 2575558.501249518], [694238.577063735, 2575558.686746988], [694248.391566265, 2575568.5012495182], [694248.5770637351, 2575568.686746988], [694248.5770637351, 2575578.686746988], [694258.391566265, 2575588.5012495182], [694258.577063735, 2575588.6867469884], [694268.391566265, 2575598.5012495182], [694268.577063735, 2575598.686746988], [694278.391566265, 2575608.501249518], [694278.577063735, 2575608.686746988], [694288.391566265, 2575618.5012495182], [694298.391566265, 2575618.5012495182], [694308.391566265, 2575618.5012495182], [694308.577063735, 2575618.686746988], [694318.391566265, 2575628.501249518], [694318.577063735, 2575628.686746988], [694328.391566265, 2575638.5012495182], [694338.391566265, 2575638.5012495182], [694348.391566265, 2575638.5012495182], [694358.391566265, 2575638.5012495182], [694368.391566265, 2575638.5012495182], [694378.391566265, 2575638.5012495182], [694378.577063735, 2575638.686746988], [694378.577063735, 2575648.686746988], [694378.577063735, 2575658.686746988], [694378.577063735, 2575668.686746988], [694378.577063735, 2575678.686746988], [694378.391566265, 2575678.8722444577], [694368.5759919485, 2575688.686746988], [694368.573323421, 2575698.686746988], [694368.5731295673, 2575708.686746988], [694368.5731295673, 2575718.686746988], [694368.5731295673, 2575728.686746988], [694368.5729088585, 2575738.686746988], [694368.5726329569, 2575748.686746988], [694368.5708896178, 2575758.686746988], [694368.5687814549, 2575768.686746988], [694368.5687471292, 2575778.686746988], [694368.391566265, 2575778.863927852], [694358.391566265, 2575778.86393832], [694348.391566265, 2575778.86393832], [694338.391566265, 2575778.86393832], [694338.2143749333, 2575778.686746988], [694328.391566265, 2575768.8672870807], [694328.2110261724, 2575768.686746988], [694318.391566265, 2575758.870516728], [694318.2077965251, 2575758.686746988], [694318.206068795, 2575748.686746988], [694308.391566265, 2575738.8722444577], [694308.206068795, 2575738.686746988], [694298.391566265, 2575728.872244458], [694288.5743109395, 2575738.686746988], [694288.391566265, 2575738.8694916624], [694278.391566265, 2575738.8695012243], [694268.391566265, 2575738.8695012243], [694258.391566265, 2575738.8695012243], [694258.2088120289, 2575738.686746988], [694248.391566265, 2575728.8708727486], [694248.2074405046, 2575728.686746988], [694238.391566265, 2575718.8722444577], [694228.391566265, 2575718.8722444577], [694218.391566265, 2575718.8722444577], [694208.391566265, 2575718.8722444577], [694198.576223552, 2575728.686746988], [694198.391566265, 2575728.871404275], [694188.391566265, 2575728.8715001848], [694178.391566265, 2575728.8715001848], [694168.391566265, 2575728.8715001848], [694168.2068130681, 2575728.686746988], [694158.391566265, 2575718.8722444577], [694148.391566265, 2575718.8722444577], [694138.391566265, 2575718.8722444577], [694128.391566265, 2575718.8722444577], [694118.391566265, 2575718.8722444577], [694108.391566265, 2575718.8722444577], [694108.206068795, 2575718.686746988], [694098.391566265, 2575708.872244458], [694088.5726729042, 2575718.686746988], [694088.391566265, 2575718.867853627], [694078.391566265, 2575718.867853627], [694068.391566265, 2575718.867853627], [694058.391566265, 2575718.867261424], [694058.2110518289, 2575718.686746988], [694058.2078306808, 2575708.686746988], [694048.391566265, 2575698.8722444577], [694048.2060687949, 2575698.686746988], [694048.2060687949, 2575688.686746988], [694038.391566265, 2575678.8722444577], [694028.391566265, 2575678.8722444577], [694018.391566265, 2575678.8722444577], [694008.391566265, 2575678.8722444577], [693998.391566265, 2575678.8722444577], [693988.577063735, 2575688.686746988], [693988.577063735, 2575698.686746988], [693988.577063735, 2575708.686746988], [693988.577063735, 2575718.686746988], [693988.5757382755, 2575728.686746988], [693988.391566265, 2575728.8709189985], [693978.5743434513, 2575738.686746988], [693978.572687195, 2575748.686746988], [693978.391566265, 2575748.867867918], [693968.391566265, 2575748.86802454], [693958.391566265, 2575748.86802454], [693948.391566265, 2575748.86802454], [693948.2102887126, 2575748.686746988], [693948.2085803199, 2575738.686746988], [693948.2069246926, 2575728.686746988], [693938.391566265, 2575718.8722444577], [693928.391566265, 2575718.8722444577], [693918.5770637351, 2575728.686746988], [693918.391566265, 2575728.872244458], [693908.391566265, 2575728.872244458], [693898.577063735, 2575738.686746988], [693898.391566265, 2575738.8722444577], [693888.5765531128, 2575748.686746988], [693888.391566265, 2575748.871733836], [693878.391566265, 2575748.872203333], [693868.391566265, 2575748.872203333], [693858.391566265, 2575748.872203333], [693858.20610992, 2575748.686746988], [693848.391566265, 2575738.8722444577], [693838.391566265, 2575738.8722444577], [693828.391566265, 2575738.8722444577], [693818.391566265, 2575738.8722444577], [693808.391566265, 2575738.8722444577], [693798.391566265, 2575738.8722444577], [693798.206068795, 2575738.686746988], [693798.206068795, 2575728.686746988], [693798.206068795, 2575718.686746988], [693798.206068795, 2575708.686746988], [693798.206068795, 2575698.686746988], [693798.206068795, 2575688.686746988], [693798.391566265, 2575688.5012495182], [693808.2060687949, 2575678.686746988], [693808.2060687949, 2575668.686746988], [693808.391566265, 2575668.501249518], [693818.206068795, 2575658.686746988], [693818.391566265, 2575658.5012495182], [693828.206068795, 2575648.686746988], [693828.206068795, 2575638.686746988], [693818.391566265, 2575628.8722444577], [693818.206068795, 2575628.686746988], [693808.391566265, 2575618.872244458], [693808.2060687949, 2575618.686746988], [693798.391566265, 2575608.8722444577], [693798.206068795, 2575608.686746988], [693788.391566265, 2575598.872244458], [693788.206068795, 2575598.686746988], [693788.206068795, 2575588.6867469884], [693788.206068795, 2575578.686746988], [693788.206068795, 2575568.686746988], [693788.206068795, 2575558.686746988], [693788.206068795, 2575548.686746988], [693788.206068795, 2575538.686746988], [693788.206068795, 2575528.686746988], [693788.206068795, 2575518.686746988], [693788.206068795, 2575508.686746988], [693788.206068795, 2575498.686746988], [693788.205426854, 2575488.686746988], [693778.391566265, 2575478.875202633], [693778.2031106199, 2575478.686746988], [693768.391566265, 2575468.8805127842], [693758.391566265, 2575468.8805127842], [693748.391566265, 2575468.8805127842], [693738.391566265, 2575468.8805127842], [693728.391566265, 2575468.8805127842], [693718.391566265, 2575468.8805127842], [693708.391566265, 2575468.8805127842], [693698.391566265, 2575468.8805127842], [693688.391566265, 2575468.8805127842], [693678.391566265, 2575468.8805127842], [693678.1978004691, 2575468.686746988], [693668.391566265, 2575458.880512784], [693658.391566265, 2575458.8791161664], [693658.1991970867, 2575458.686746988], [693648.391566265, 2575448.877463145], [693638.391566265, 2575448.875809566], [693638.202503687, 2575448.686746988], [693628.391566265, 2575438.877368478], [693628.2009447749, 2575438.686746988], [693618.391566265, 2575428.8790215314], [693618.1992917219, 2575428.686746988], [693608.391566265, 2575418.8805127842], [693608.1978004691, 2575418.686746988], [693598.3915662649, 2575408.880512784], [693588.391566265, 2575408.880512784], [693578.584360088, 2575418.686746988], [693578.391566265, 2575418.879540811], [693568.391566265, 2575418.879540811], [693558.391566265, 2575418.879540811], [693548.391566265, 2575418.879186105], [693538.391566265, 2575418.878299228], [693538.2000140246, 2575418.686746988], [693528.391566265, 2575408.880512784], [693518.3915662651, 2575408.878099905], [693508.391566265, 2575408.878099905], [693498.5790124522, 2575418.686746988], [693498.391566265, 2575418.874193175], [693488.577063735, 2575428.686746988], [693488.391566265, 2575428.8722444577], [693478.391566265, 2575428.8722444577], [693468.5770637351, 2575438.686746988], [693468.5770637351, 2575448.686746988], [693468.5770637351, 2575458.686746988], [693468.5770637351, 2575468.686746988], [693468.391566265, 2575468.8722444577], [693458.391566265, 2575468.8722444577], [693448.391566265, 2575468.8722444577], [693438.391566265, 2575468.8722444577], [693428.391566265, 2575468.8722444577], [693418.391566265, 2575468.8722444577], [693418.206068795, 2575468.686746988], [693418.206068795, 2575458.686746988], [693408.391566265, 2575448.8722444577], [693408.206068795, 2575448.686746988], [693398.391566265, 2575438.872244458], [693388.5770637351, 2575448.686746988], [693388.5770637351, 2575458.686746988], [693388.391566265, 2575458.872244458], [693378.391566265, 2575458.872244458], [693368.391566265, 2575458.872244458], [693358.391566265, 2575458.872244458], [693348.391566265, 2575458.872244458], [693348.206068795, 2575458.686746988], [693338.391566265, 2575448.8722444577], [693328.391566265, 2575448.8722444577], [693318.391566265, 2575448.8722444577], [693308.391566265, 2575448.8722444577], [693298.391566265, 2575448.8722444577], [693288.391566265, 2575448.8722444577], [693288.206068795, 2575448.686746988], [693278.391566265, 2575438.872244458], [693268.391566265, 2575438.872244458], [693258.391566265, 2575438.872244458], [693248.391566265, 2575438.872244458], [693238.391566265, 2575438.872244458], [693228.391566265, 2575438.872244458], [693228.206068795, 2575438.686746988], [693228.206068795, 2575428.686746988], [693228.206068795, 2575418.686746988], [693218.391566265, 2575408.872244458], [693208.391566265, 2575408.872244458], [693198.391566265, 2575408.872244458], [693188.391566265, 2575408.872244458], [693188.206068795, 2575408.686746988], [693188.206068795, 2575398.686746988], [693178.391566265, 2575388.872244458], [693168.391566265, 2575388.872244458], [693158.391566265, 2575388.872244458], [693158.2060687949, 2575388.686746988], [693148.391566265, 2575378.8722444577], [693148.206068795, 2575378.686746988], [693138.391566265, 2575368.872244458], [693128.391566265, 2575368.872244458], [693118.391566265, 2575368.872244458], [693108.391566265, 2575368.872244458], [693098.391566265, 2575368.872244458], [693098.206068795, 2575368.686746988], [693088.391566265, 2575358.8722444577], [693078.391566265, 2575358.8722444577], [693068.391566265, 2575358.8722444577], [693058.391566265, 2575358.8722444577], [693048.391566265, 2575358.8722444577], [693048.206068795, 2575358.686746988], [693038.391566265, 2575348.872244458], [693028.391566265, 2575348.872244458], [693028.206068795, 2575348.686746988], [693018.391566265, 2575338.872244458], [693018.206068795, 2575338.686746988], [693008.391566265, 2575328.8722444577], [693008.206068795, 2575328.686746988], [692998.391566265, 2575318.872244458], [692998.206068795, 2575318.686746988], [692998.206068795, 2575308.686746988], [692998.206068795, 2575298.686746988], [692998.206068795, 2575288.686746988], [692998.206068795, 2575278.686746988], [692988.391566265, 2575268.8722444577], [692988.2060687949, 2575268.686746988], [692988.2060687949, 2575258.686746988], [692988.2060687949, 2575248.686746988], [692988.2060687949, 2575238.686746988], [692988.2060687949, 2575228.686746988], [692988.2060687949, 2575218.686746988], [692988.391566265, 2575218.501249518], [692998.391566265, 2575218.501249518], [693008.206068795, 2575208.686746988], [693008.206068795, 2575198.686746988], [693008.206068795, 2575188.686746988], [693008.391566265, 2575188.501249518], [693018.206068795, 2575178.686746988], [693018.206068795, 2575168.686746988], [693018.391566265, 2575168.501249518], [693028.2058806632, 2575158.686746988], [693028.391566265, 2575158.5010613864], [693038.2030792374, 2575148.686746988], [693038.2030792374, 2575138.686746988], [693038.2026609543, 2575128.686746988], [693028.391566265, 2575118.87415543], [693028.2041578231, 2575118.686746988], [693028.2041578231, 2575108.686746988], [693028.2041578231, 2575098.686746988], [693028.2041578231, 2575088.686746988], [693018.391566265, 2575078.872500736], [693008.391566265, 2575078.8722444577], [693008.206068795, 2575078.686746988], [692998.391566265, 2575068.872405973], [692998.2059072797, 2575068.686746988], [692998.205245323, 2575058.686746988], [692998.205245323, 2575048.686746988], [692998.205245323, 2575038.686746988], [692988.391566265, 2575028.875809566], [692988.2025036871, 2575028.686746988], [692978.391566265, 2575018.87415543], [692978.204157823, 2575018.686746988], [692978.204157823, 2575008.686746988], [692978.204157823, 2574998.686746988], [692968.391566265, 2574988.872500736], [692968.205812517, 2574988.686746988], [692968.2055349434, 2574978.686746988], [692958.391566265, 2574968.874348201], [692948.391566265, 2574968.874348201], [692948.203965052, 2574968.686746988], [692948.2034687726, 2574958.686746988], [692948.2033033574, 2574948.686746988], [692948.2033033574, 2574938.686746988], [692948.2033033574, 2574928.686746988], [692938.391566265, 2574918.880512784], [692928.5853320609, 2574928.686746988], [692928.391566265, 2574928.880512784], [692918.391566265, 2574928.880512784], [692908.391566265, 2574928.880512784], [692898.391566265, 2574928.880512784], [692888.5853320609, 2574938.686746988], [692888.391566265, 2574938.880512784], [692878.5853320608, 2574948.686746988], [692878.391566265, 2574948.8805127842], [692868.391566265, 2574948.8805127842], [692858.391566265, 2574948.8805127842], [692848.5853320609, 2574958.686746988], [692848.391566265, 2574958.880512784], [692838.391566265, 2574958.880512784], [692828.5853320609, 2574968.686746988], [692828.391566265, 2574968.880512784], [692818.5853320609, 2574978.686746988], [692818.391566265, 2574978.880512784], [692808.5853320609, 2574988.686746988], [692808.391566265, 2574988.880512784], [692798.391566265, 2574988.880512784], [692788.5853320608, 2574998.686746988], [692788.391566265, 2574998.8805127842], [692778.391566265, 2574998.8805127842], [692768.5839588695, 2575008.686746988], [692768.391566265, 2575008.8791395924], [692758.391566265, 2575008.8792529916], [692748.5818161608, 2575018.686746988], [692748.391566265, 2575018.8769968837], [692738.5775905765, 2575028.686746988], [692738.391566265, 2575028.8727712994], [692728.577063735, 2575038.686746988], [692728.391566265, 2575038.8722444577], [692718.577063735, 2575048.686746988], [692718.391566265, 2575048.872244458], [692708.577063735, 2575058.686746988], [692708.391566265, 2575058.8722444577], [692698.5770637351, 2575068.686746988], [692698.391566265, 2575068.872244458], [692688.391566265, 2575068.872244458], [692678.391566265, 2575068.872244458], [692668.577063735, 2575078.686746988], [692668.391566265, 2575078.8722444577], [692658.391566265, 2575078.8722444577], [692648.577063735, 2575088.686746988], [692648.391566265, 2575088.872244458], [692638.577063735, 2575098.686746988], [692638.391566265, 2575098.872244458], [692628.577063735, 2575108.686746988], [692628.391566265, 2575108.8722444577], [692618.391566265, 2575108.8722444577], [692608.391566265, 2575108.8722444577], [692598.391566265, 2575108.8722444577], [692598.206068795, 2575108.686746988], [692588.391566265, 2575098.872244458], [692588.2060687949, 2575098.686746988], [692588.2060687949, 2575088.686746988], [692588.2060687949, 2575078.686746988], [692588.2060687949, 2575068.686746988], [692588.391566265, 2575068.5012495182], [692598.206068795, 2575058.686746988], [692598.206068795, 2575048.686746988], [692598.391566265, 2575048.5012495182], [692608.206068795, 2575038.686746988], [692608.391566265, 2575038.501249518], [692618.206068795, 2575028.686746988], [692618.391566265, 2575028.5012495182], [692628.2060687949, 2575018.6867469884], [692628.391566265, 2575018.5012495182], [692638.206068795, 2575008.686746988], [692638.206068795, 2574998.686746988], [692628.391566265, 2574988.8722444577], [692618.391566265, 2574988.8722444577], [692608.577063735, 2574998.686746988], [692608.391566265, 2574998.872244458], [692598.577063735, 2575008.686746988], [692598.391566265, 2575008.8722444577], [692588.391566265, 2575008.8722444577], [692578.391566265, 2575008.8722444577], [692568.391566265, 2575008.8722444577], [692568.206068795, 2575008.686746988], [692558.391566265, 2574998.872244458], [692548.391566265, 2574998.872244458], [692548.2060687949, 2574998.686746988], [692538.391566265, 2574988.8722444577], [692528.391566265, 2574988.8722444577], [692528.206068795, 2574988.686746988], [692528.206068795, 2574978.686746988], [692528.206068795, 2574968.686746988], [692528.206068795, 2574958.686746988], [692528.391566265, 2574958.5012495182], [692538.391566265, 2574958.5012495182], [692548.2060687949, 2574948.686746988], [692548.391566265, 2574948.501249518], [692558.206068795, 2574938.686746988], [692558.391566265, 2574938.501249518], [692568.391566265, 2574938.501249518], [692578.391566265, 2574938.501249518], [692588.2060687949, 2574928.686746988], [692588.391566265, 2574928.5012495182], [692598.391566265, 2574928.5012495182], [692608.206068795, 2574918.686746988], [692608.391566265, 2574918.501249518], [692618.391566265, 2574918.501249518], [692628.2051185577, 2574908.686746988], [692628.391566265, 2574908.5002992805], [692638.391566265, 2574908.4986585598], [692648.2033116835, 2574898.686746988], [692648.391566265, 2574898.4984924067], [692658.391566265, 2574898.496852291], [692668.2015054756, 2574888.686746988], [692668.391566265, 2574888.4966861983], [692678.2013393879, 2574878.686746988], [692678.391566265, 2574878.496520111], [692688.199245666, 2574868.686746988], [692688.199245666, 2574858.686746988], [692688.391566265, 2574858.4944263888], [692698.1978004691, 2574848.686746988], [692698.1978004691, 2574838.686746988], [692698.391566265, 2574838.492981192], [692708.1978004691, 2574828.686746988], [692708.391566265, 2574828.492981192], [692718.1978004692, 2574818.686746988], [692718.1978004692, 2574808.686746988], [692718.391566265, 2574808.492981192], [692728.1978004691, 2574798.686746988], [692728.391566265, 2574798.4929811917], [692738.1978004691, 2574788.686746988], [692738.1978004691, 2574778.686746988], [692738.391566265, 2574778.492981192], [692748.1978004691, 2574768.686746988], [692748.391566265, 2574768.492981192], [692758.1978004692, 2574758.686746988], [692758.1978004692, 2574748.686746988], [692758.1978004692, 2574738.686746988], [692758.1978004692, 2574728.686746988], [692758.1978004692, 2574718.686746988], [692748.391566265, 2574708.880512784], [692738.5853320609, 2574718.686746988], [692738.391566265, 2574718.880512784], [692728.391566265, 2574718.880512784], [692718.391566265, 2574718.880512784], [692708.5805776041, 2574728.686746988], [692708.391566265, 2574728.875758327], [692698.5783937715, 2574738.686746988], [692698.391566265, 2574738.873574495], [692688.391566265, 2574738.873574495], [692678.391566265, 2574738.873574495], [692668.391566265, 2574738.8730915645], [692658.391566265, 2574738.8724381668], [692658.2058750864, 2574738.686746988], [692648.391566265, 2574728.872822713], [692648.2054905399, 2574728.686746988], [692648.2051829259, 2574718.686746988], [692648.2050752646, 2574708.6867469884], [692648.2050752646, 2574698.686746988], [692648.2044908634, 2574688.686746988], [692648.2041064253, 2574678.686746988], [692648.2041064253, 2574668.686746988], [692648.2041064253, 2574658.686746988], [692648.2041371799, 2574648.686746988], [692648.391566265, 2574648.499317903], [692658.391566265, 2574648.497033247], [692668.1978004691, 2574638.686746988], [692668.1978004691, 2574628.686746988], [692658.391566265, 2574618.880512784], [692658.1978004691, 2574618.686746988], [692658.1978004691, 2574608.686746988], [692658.1978004691, 2574598.686746988], [692658.1978004691, 2574588.686746988], [692658.391566265, 2574588.4929811917], [692668.1978004691, 2574578.686746988], [692668.391566265, 2574578.492981192], [692678.1978004692, 2574568.686746988], [692678.391566265, 2574568.492981192], [692688.391566265, 2574568.492981192], [692698.1978004691, 2574558.686746988], [692698.391566265, 2574558.492981192], [692708.391566265, 2574558.492981192], [692718.1978004692, 2574548.686746988], [692718.391566265, 2574548.492981192], [692728.391566265, 2574548.492981192], [692738.1978004691, 2574538.686746988], [692738.391566265, 2574538.4929811917], [692748.1978004691, 2574528.686746988], [692738.391566265, 2574518.880512784], [692728.391566265, 2574518.880512784], [692718.5853320609, 2574528.686746988], [692718.391566265, 2574528.8805127842], [692708.391566265, 2574528.8805127842], [692698.391566265, 2574528.8805127842], [692698.1978004691, 2574528.686746988], [692698.1978004691, 2574518.686746988], [692698.1978004691, 2574508.686746988], [692688.391566265, 2574498.880512784], [692688.1978004691, 2574498.686746988], [692678.391566265, 2574488.880512784], [692678.1978004692, 2574488.686746988], [692668.391566265, 2574478.8805127842], [692658.391566265, 2574478.8805127842], [692648.5853320609, 2574488.686746988], [692648.391566265, 2574488.880512784], [692638.391566265, 2574488.880512784], [692628.5853320608, 2574498.686746988], [692628.3915662649, 2574498.880512784], [692618.391566265, 2574498.880512784], [692608.391566265, 2574498.880512784], [692608.1978004691, 2574498.686746988], [692598.391566265, 2574488.880512784], [692588.391566265, 2574488.880512784], [692588.1978004692, 2574488.686746988], [692578.391566265, 2574478.8805127842], [692578.1978004691, 2574478.686746988], [692578.1978004691, 2574468.686746988], [692578.1978004691, 2574458.686746988], [692578.1978004691, 2574448.686746988], [692578.1978004691, 2574438.686746988], [692578.391566265, 2574438.4929811917], [692588.1978004692, 2574428.686746988], [692588.391566265, 2574428.492981192], [692598.391566265, 2574428.492981192], [692608.1978004691, 2574418.686746988], [692608.391566265, 2574418.492981192], [692618.391566265, 2574418.492981192], [692628.3915662649, 2574418.492981192], [692638.1978004691, 2574408.686746988], [692638.1978004691, 2574398.686746988], [692638.391566265, 2574398.492981192], [692648.1978004691, 2574388.686746988], [692648.1978004691, 2574378.686746988], [692648.1978004691, 2574368.686746988], [692638.391566265, 2574358.880512784], [692638.1978004691, 2574358.686746988], [692628.3915662649, 2574348.880512784], [692618.391566265, 2574348.880512784], [692618.1978004691, 2574348.686746988], [692608.391566265, 2574338.880512784], [692608.1978004691, 2574338.686746988], [692598.391566265, 2574328.880512784], [692598.1978004691, 2574328.686746988], [692598.1978004691, 2574318.686746988], [692588.391566265, 2574308.880512784], [692588.1978004692, 2574308.686746988], [692588.1978004692, 2574298.686746988], [692588.1978004692, 2574288.686746988], [692588.391566265, 2574288.492981192], [692598.1978004691, 2574278.686746988], [692598.391566265, 2574278.4929811917], [692608.1978004691, 2574268.686746988], [692608.391566265, 2574268.492981192], [692618.1978004691, 2574258.686746988], [692618.391566265, 2574258.492981192], [692628.1978004691, 2574248.686746988], [692628.3915662649, 2574248.492981192], [692638.1978004691, 2574238.686746988], [692638.391566265, 2574238.492981192], [692648.1978004691, 2574228.686746988], [692648.391566265, 2574228.4929811917], [692658.391566265, 2574228.4929811917], [692668.1978004691, 2574218.686746988], [692668.391566265, 2574218.492981192], [692678.1978004692, 2574208.686746988], [692678.1978004692, 2574198.686746988], [692678.391566265, 2574198.492981192], [692688.1978004691, 2574188.686746988], [692678.391566265, 2574178.880512784], [692668.391566265, 2574178.880512784], [692658.391566265, 2574178.880512784], [692648.391566265, 2574178.880512784], [692638.5853320609, 2574188.686746988], [692638.391566265, 2574188.880512784], [692628.3915662649, 2574188.880512784], [692618.391566265, 2574188.880512784], [692608.391566265, 2574188.880512784], [692598.391566265, 2574188.880512784], [692588.5853320609, 2574198.686746988], [692588.5853320609, 2574208.686746988], [692588.5853320609, 2574218.686746988], [692588.5853320609, 2574228.686746988], [692588.5853320609, 2574238.686746988], [692588.391566265, 2574238.880512784], [692578.391566265, 2574238.880512784], [692568.391566265, 2574238.880512784], [692558.391566265, 2574238.880512784], [692548.391566265, 2574238.880512784], [692538.391566265, 2574238.880512784], [692528.391566265, 2574238.880512784], [692528.1978004691, 2574238.686746988], [692518.391566265, 2574228.880512784], [692508.391566265, 2574228.880512784], [692498.391566265, 2574228.880512784], [692488.391566265, 2574228.880512784], [692488.1978004691, 2574228.686746988], [692478.391566265, 2574218.8805127842], [692478.1978004691, 2574218.686746988], [692468.391566265, 2574208.880512784], [692468.1978004692, 2574208.686746988], [692458.391566265, 2574198.880512784], [692458.1978004691, 2574198.686746988], [692448.391566265, 2574188.880512784], [692438.391566265, 2574188.880512784], [692438.1978004691, 2574188.686746988], [692428.391566265, 2574178.880512784], [692418.391566265, 2574178.880512784], [692418.1978004692, 2574178.686746988], [692408.391566265, 2574168.880512784], [692408.1978004691, 2574168.686746988], [692398.391566265, 2574158.8805127842], [692398.1978004691, 2574158.686746988], [692388.391566265, 2574148.880512784], [692388.1978004691, 2574148.686746988], [692378.391566265, 2574138.880512784], [692378.1978004692, 2574138.686746988], [692378.1978004692, 2574128.686746988], [692368.391566265, 2574118.880512784], [692368.1978004691, 2574118.686746988], [692368.1978004691, 2574108.686746988], [692368.1978004691, 2574098.686746988], [692368.1978004691, 2574088.686746988], [692368.1978004691, 2574078.686746988], [692358.391566265, 2574068.880512784], [692358.1978004691, 2574068.686746988], [692358.1978004691, 2574058.686746988], [692348.391566265, 2574048.880512784], [692348.1978004691, 2574048.686746988], [692338.391566265, 2574038.880512784], [692338.1978004692, 2574038.686746988], [692338.1978004692, 2574028.686746988], [692338.1978004692, 2574018.686746988], [692338.1978004692, 2574008.686746988], [692338.1978004692, 2573998.686746988], [692328.391566265, 2573988.880512784], [692318.391566265, 2573988.880512784], [692318.1978004691, 2573988.686746988], [692308.391566265, 2573978.880512784], [692298.391566265, 2573978.880512784], [692288.5853320608, 2573988.686746988], [692288.391566265, 2573988.880512784], [692278.391566265, 2573988.880512784], [692268.391566265, 2573988.880512784], [692258.391566265, 2573988.880512784], [692248.391566265, 2573988.880512784], [692238.391566265, 2573988.880512784], [692228.391566265, 2573988.880512784], [692218.391566265, 2573988.880512784], [692218.1978004691, 2573988.686746988], [692218.1978004691, 2573978.686746988], [692218.1978004691, 2573968.686746988], [692218.1978004691, 2573958.6867469875], [692218.391566265, 2573958.4929811917], [692228.1978004691, 2573948.686746988], [692228.1978004691, 2573938.686746988], [692228.1978004691, 2573928.686746988], [692218.391566265, 2573918.880512784], [692218.1978004691, 2573918.686746988], [692208.391566265, 2573908.880512784], [692208.1978004692, 2573908.686746988], [692198.391566265, 2573898.8805127842], [692198.1978004691, 2573898.686746988], [692188.391566265, 2573888.880512784], [692188.1978004691, 2573888.686746988], [692178.391566265, 2573878.880512784], [692178.1978004691, 2573878.686746988], [692168.391566265, 2573868.880512784], [692158.391566265, 2573868.880512784], [692158.1978004691, 2573868.686746988], [692148.391566265, 2573858.880512784], [692148.1978004691, 2573858.686746988], [692138.391566265, 2573848.8805127842], [692128.391566265, 2573848.8805127842], [692128.1978004692, 2573848.686746988], [692118.391566265, 2573838.880512784], [692108.391566265, 2573838.880512784], [692108.1978004691, 2573838.686746988], [692098.391566265, 2573828.880512784], [692098.1978004691, 2573828.686746988], [692088.391566265, 2573818.880512784], [692078.391566265, 2573818.880512784], [692078.1978004691, 2573818.686746988], [692068.391566265, 2573808.880512784], [692058.5853320609, 2573818.686746988], [692058.391566265, 2573818.880512784], [692048.391566265, 2573818.880512784], [692038.391566265, 2573818.880512784], [692028.391566265, 2573818.880512784], [692018.391566265, 2573818.880512784], [692008.391566265, 2573818.880512784], [691998.391566265, 2573818.880512784], [691998.1978004692, 2573818.686746988], [691988.391566265, 2573808.880512784], [691988.1978004691, 2573808.686746988], [691988.1978004691, 2573798.686746988], [691988.1978004691, 2573788.686746988], [691988.1978004691, 2573778.686746988], [691988.391566265, 2573778.492981192], [691998.391566265, 2573778.492981192], [692008.1978004691, 2573768.686746988], [692008.1978004691, 2573758.686746988], [691998.391566265, 2573748.880512784], [691998.1978004692, 2573748.6867469875], [691998.1978004692, 2573738.686746988], [691998.1978004692, 2573728.686746988], [691998.1978004692, 2573718.686746988], [691998.1978004692, 2573708.686746988], [691998.391566265, 2573708.492981192], [692008.391566265, 2573708.492981192], [692018.391566265, 2573708.492981192], [692028.391566265, 2573708.492981192], [692038.391566265, 2573708.492981192], [692038.5853320609, 2573708.686746988], [692048.391566265, 2573718.492981192], [692058.1978004691, 2573708.686746988], [692058.1978004691, 2573698.686746988], [692058.1978004691, 2573688.686746988], [692058.1978004691, 2573678.686746988], [692058.1978004691, 2573668.686746988], [692058.1978004691, 2573658.686746988], [692058.391566265, 2573658.492981192], [692068.1978004691, 2573648.686746988], [692068.391566265, 2573648.4929811917], [692078.1978004691, 2573638.686746988], [692078.1978004691, 2573628.686746988], [692078.1978004691, 2573618.686746988], [692078.1978004691, 2573608.686746988], [692078.1978004691, 2573598.686746988], [692078.1978004691, 2573588.686746988], [692078.1978004691, 2573578.686746988], [692068.391566265, 2573568.880512784], [692068.1978004691, 2573568.686746988], [692068.1978004691, 2573558.686746988], [692068.1978004691, 2573548.686746988], [692068.1978004691, 2573538.6867469884], [692058.391566265, 2573528.8805127842], [692058.1978004691, 2573528.686746988], [692048.391566265, 2573518.880512784], [692038.391566265, 2573518.880512784], [692038.1978004692, 2573518.686746988], [692038.1978004692, 2573508.686746988], [692028.391566265, 2573498.880512784], [692018.391566265, 2573498.880512784], [692008.391566265, 2573498.880512784], [692008.1978004691, 2573498.686746988], [691998.391566265, 2573488.880512784], [691998.1978004692, 2573488.686746988], [691998.1978004692, 2573478.686746988], [691988.391566265, 2573468.880512784], [691988.1978004691, 2573468.686746988], [691978.391566265, 2573458.880512784], [691978.1978004691, 2573458.686746988], [691968.391566265, 2573448.880512784], [691968.1978004691, 2573448.686746988], [691958.391566265, 2573438.880512784], [691958.1978004692, 2573438.686746988], [691958.1978004692, 2573428.686746988], [691948.391566265, 2573418.880512784], [691948.1978004691, 2573418.686746988], [691948.1978004691, 2573408.686746988], [691948.1978004691, 2573398.686746988], [691948.391566265, 2573398.492981192], [691958.391566265, 2573398.492981192], [691968.391566265, 2573398.492981192], [691978.391566265, 2573398.492981192], [691988.391566265, 2573398.492981192], [691998.391566265, 2573398.492981192], [692008.391566265, 2573398.492981192], [692008.5853320609, 2573398.686746988], [692018.391566265, 2573408.492981192], [692028.391566265, 2573408.492981192], [692028.5853320608, 2573408.686746988], [692038.391566265, 2573418.492981192], [692048.391566265, 2573418.492981192], [692058.391566265, 2573418.492981192], [692068.391566265, 2573418.492981192], [692078.391566265, 2573418.492981192], [692088.391566265, 2573418.492981192], [692098.391566265, 2573418.492981192], [692108.1978004691, 2573408.686746988], [692108.1978004691, 2573398.686746988], [692108.1978004691, 2573388.686746988], [692098.391566265, 2573378.8805127842], [692098.1978004691, 2573378.686746988], [692098.1978004691, 2573368.686746988], [692088.391566265, 2573358.880512784], [692088.1978004692, 2573358.686746988], [692088.1978004692, 2573348.686746988], [692088.1978004692, 2573338.686746988], [692078.391566265, 2573328.8805127842], [692078.1978004691, 2573328.686746988], [692068.391566265, 2573318.880512784], [692068.1978004691, 2573318.686746988], [692058.391566265, 2573308.880512784], [692048.391566265, 2573308.880512784], [692048.1978004691, 2573308.686746988], [692038.391566265, 2573298.880512784], [692028.391566265, 2573298.880512784], [692028.1978004691, 2573298.686746988], [692018.391566265, 2573288.880512784], [692008.391566265, 2573288.880512784], [691998.391566265, 2573288.880512784], [691988.391566265, 2573288.880512784], [691988.1978004691, 2573288.686746988], [691978.391566265, 2573278.880512784], [691968.391566265, 2573278.880512784], [691968.1978004691, 2573278.686746988], [691958.391566265, 2573268.8805127842], [691948.391566265, 2573268.8805127842], [691948.1978004691, 2573268.686746988], [691938.391566265, 2573258.880512784], [691928.391566265, 2573258.880512784], [691928.1978004691, 2573258.686746988], [691918.391566265, 2573248.880512784], [691908.391566265, 2573248.880512784], [691898.391566265, 2573248.880512784], [691898.1978004691, 2573248.686746988], [691888.391566265, 2573238.880512784], [691878.391566265, 2573238.880512784], [691868.391566265, 2573238.880512784], [691868.1978004691, 2573238.686746988], [691858.391566265, 2573228.880512784], [691858.1978004691, 2573228.686746988], [691848.391566265, 2573218.8805127842], [691838.391566265, 2573218.8805127842], [691838.1978004691, 2573218.686746988], [691828.391566265, 2573208.880512784], [691818.391566265, 2573208.880512784], [691808.391566265, 2573208.880512784], [691798.391566265, 2573208.880512784], [691788.391566265, 2573208.880512784], [691778.391566265, 2573208.880512784], [691768.391566265, 2573208.880512784], [691758.391566265, 2573208.880512784], [691758.1978004691, 2573208.686746988], [691748.391566265, 2573198.880512784], [691748.1978004692, 2573198.686746988], [691748.1978004692, 2573188.686746988], [691748.1978004692, 2573178.686746988], [691738.391566265, 2573168.8805127842], [691738.1978004691, 2573168.686746988], [691728.391566265, 2573158.880512784], [691728.1978004691, 2573158.686746988], [691718.391566265, 2573148.880512784], [691708.391566265, 2573148.880512784], [691698.391566265, 2573148.880512784], [691698.1978004691, 2573148.686746988], [691688.391566265, 2573138.880512784], [691678.391566265, 2573138.880512784], [691668.391566265, 2573138.880512784], [691668.1978004691, 2573138.686746988], [691658.3915662651, 2573128.880512784], [691648.391566265, 2573128.880512784], [691638.391566265, 2573128.880512784], [691638.1978004691, 2573128.686746988], [691628.391566265, 2573118.8805127842], [691618.391566265, 2573118.8805127842], [691608.391566265, 2573118.8805127842], [691598.391566265, 2573118.8805127842], [691588.391566265, 2573118.8805127842], [691578.391566265, 2573118.8805127842], [691578.1978004692, 2573118.686746988], [691578.1978004692, 2573108.686746988], [691578.1978004692, 2573098.686746988], [691578.1978004692, 2573088.686746988], [691578.391566265, 2573088.492981192], [691588.1978004691, 2573078.686746988], [691588.1978004691, 2573068.686746988], [691588.1978004691, 2573058.686746988], [691588.1978004691, 2573048.686746988], [691588.1978004691, 2573038.686746988], [691588.391566265, 2573038.492981192], [691598.1978004691, 2573028.686746988], [691598.1978004691, 2573018.686746988], [691598.1978004691, 2573008.686746988], [691598.1978004691, 2572998.686746988], [691598.391566265, 2572998.492981192], [691608.1978004691, 2572988.686746988], [691608.1978004691, 2572978.686746988], [691608.391566265, 2572978.492981192], [691618.1978004692, 2572968.686746988], [691618.1978004692, 2572958.686746988], [691618.1978004692, 2572948.686746988], [691618.1978004692, 2572938.686746988], [691618.1978004692, 2572928.686746988], [691618.1978004692, 2572918.686746988], [691618.1978004692, 2572908.686746988], [691618.391566265, 2572908.492981192], [691628.1978004691, 2572898.686746988], [691628.1978004691, 2572888.686746988], [691628.1978004691, 2572878.686746988], [691628.1978004691, 2572868.686746988], [691628.391566265, 2572868.492981192], [691638.391566265, 2572868.492981192], [691648.391566265, 2572868.492981192], [691658.3915662651, 2572868.492981192], [691658.5853320609, 2572868.686746988], [691668.391566265, 2572878.492981192], [691668.5853320609, 2572878.686746988], [691678.391566265, 2572888.492981192], [691688.391566265, 2572888.492981192], [691688.5853320609, 2572888.686746988], [691698.391566265, 2572898.492981192], [691708.391566265, 2572898.492981192], [691708.5853320609, 2572898.686746988], [691718.391566265, 2572908.492981192], [691728.391566265, 2572908.492981192], [691738.391566265, 2572908.492981192], [691738.5853320608, 2572908.686746988], [691748.391566265, 2572918.4929811917], [691758.391566265, 2572918.4929811917], [691768.1978004691, 2572908.686746988], [691768.391566265, 2572908.492981192], [691778.391566265, 2572908.492981192], [691788.391566265, 2572908.492981192], [691798.391566265, 2572908.492981192], [691808.391566265, 2572908.492981192], [691808.5853320609, 2572908.686746988], [691818.391566265, 2572918.4929811917], [691828.391566265, 2572918.4929811917], [691838.391566265, 2572918.4929811917], [691838.5853320609, 2572918.686746988], [691848.391566265, 2572928.492981192], [691858.391566265, 2572928.492981192], [691868.391566265, 2572928.492981192], [691878.391566265, 2572928.492981192], [691878.5853320609, 2572928.686746988], [691888.391566265, 2572938.492981192], [691898.391566265, 2572938.492981192], [691898.5853320609, 2572938.686746988], [691908.391566265, 2572948.492981192], [691918.391566265, 2572948.492981192], [691918.5853320609, 2572948.686746988], [691928.391566265, 2572958.492981192], [691928.5853320609, 2572958.686746988], [691938.391566265, 2572968.4929811917], [691948.391566265, 2572968.4929811917], [691948.5853320608, 2572968.686746988], [691958.391566265, 2572978.492981192], [691968.391566265, 2572978.492981192], [691968.5853320609, 2572978.686746988], [691978.391566265, 2572988.492981192], [691988.391566265, 2572988.492981192], [691998.391566265, 2572988.492981192], [692008.391566265, 2572988.492981192], [692008.5853320609, 2572988.686746988], [692018.391566265, 2572998.492981192], [692028.391566265, 2572998.492981192], [692028.5853320608, 2572998.686746988], [692038.391566265, 2573008.492981192], [692048.391566265, 2573008.492981192], [692058.391566265, 2573008.492981192], [692058.5853320609, 2573008.686746988], [692068.391566265, 2573018.4929811917], [692078.391566265, 2573018.4929811917], [692078.5853320608, 2573018.686746988], [692088.391566265, 2573028.492981192], [692098.391566265, 2573028.492981192], [692108.391566265, 2573028.492981192], [692108.5853320609, 2573028.686746988], [692118.391566265, 2573038.492981192], [692128.391566265, 2573038.492981192], [692138.391566265, 2573038.492981192], [692138.5853320609, 2573038.686746988], [692148.391566265, 2573048.492981192], [692158.391566265, 2573048.492981192], [692158.5853320608, 2573048.686746988], [692168.391566265, 2573058.492981192], [692178.391566265, 2573058.492981192], [692178.5853320609, 2573058.686746988], [692188.391566265, 2573068.4929811917], [692198.1978004691, 2573058.686746988], [692198.391566265, 2573058.492981192], [692208.1978004692, 2573048.686746988], [692208.391566265, 2573048.492981192], [692218.1978004691, 2573038.686746988], [692218.391566265, 2573038.492981192], [692228.1978004691, 2573028.686746988], [692228.1978004691, 2573018.686746988], [692228.391566265, 2573018.4929811917], [692238.1978004691, 2573008.686746988], [692238.1978004691, 2572998.686746988], [692238.1978004691, 2572988.686746988], [692238.1978004691, 2572978.686746988], [692238.391566265, 2572978.492981192], [692248.1978004691, 2572968.686746988], [692248.1978004691, 2572958.686746988], [692248.391566265, 2572958.492981192], [692258.1978004692, 2572948.686746988], [692258.1978478573, 2572938.686746988], [692258.391566265, 2572938.49302858], [692268.391566265, 2572938.49302858], [692278.391566265, 2572938.49302858], [692288.391566265, 2572938.4930342776], [692298.391566265, 2572938.493110896], [692298.5852023569, 2572938.686746988], [692308.391566265, 2572948.492981192], [692308.5853320609, 2572948.686746988], [692308.5853320609, 2572958.686746988], [692308.5853320609, 2572968.686746988], [692308.5853320609, 2572978.686746988], [692308.5853320609, 2572988.686746988], [692308.5853320609, 2572998.686746988], [692318.391566265, 2573008.492981192], [692318.5853320609, 2573008.686746988], [692318.5853320609, 2573018.686746988], [692318.5853320609, 2573028.686746988], [692318.5853320609, 2573038.686746988], [692328.391566265, 2573048.492981192], [692328.5853320608, 2573048.686746988], [692328.5853320608, 2573058.686746988], [692328.5853320608, 2573068.686746988], [692338.391566265, 2573078.492981192], [692338.5853320609, 2573078.686746988], [692348.391566265, 2573088.492981192], [692358.391566265, 2573088.492981192], [692358.5853320609, 2573088.686746988], [692368.391566265, 2573098.492981192], [692378.391566265, 2573098.492981192], [692378.5853320609, 2573098.686746988], [692388.391566265, 2573108.492981192], [692388.5853320609, 2573108.686746988], [692398.391566265, 2573118.492981192], [692408.391566265, 2573118.492981192], [692408.5853320608, 2573118.686746988], [692418.391566265, 2573128.4929811917], [692428.391566265, 2573128.4929811917], [692428.5853320609, 2573128.686746988], [692438.391566265, 2573138.492981192], [692448.391566265, 2573138.492981192], [692448.5853320609, 2573138.686746988], [692458.391566265, 2573148.492981192], [692468.391566265, 2573148.492981192], [692468.5853320609, 2573148.686746988], [692478.391566265, 2573158.492981192], [692488.391566265, 2573158.492981192], [692488.5853320609, 2573158.686746988], [692498.391566265, 2573168.492981192], [692498.5853320608, 2573168.686746988], [692508.391566265, 2573178.4929811917], [692518.391566265, 2573178.4929811917], [692518.5853320609, 2573178.686746988], [692528.391566265, 2573188.492981192], [692538.391566265, 2573188.492981192], [692538.5853320608, 2573188.686746988], [692548.391566265, 2573198.492981192], [692558.391566265, 2573198.492981192], [692558.5853320609, 2573198.686746988], [692568.391566265, 2573208.492981192], [692578.391566265, 2573208.492981192], [692578.5853320608, 2573208.686746988], [692588.391566265, 2573218.492981192], [692598.391566265, 2573218.492981192], [692598.5853320609, 2573218.686746988], [692608.391566265, 2573228.4929811917], [692618.391566265, 2573228.4929811917], [692618.5853320609, 2573228.686746988], [692628.3915662649, 2573238.492981192], [692638.391566265, 2573238.492981192], [692638.5853320609, 2573238.686746988], [692648.391566265, 2573248.492981192], [692648.5853320609, 2573248.686746988], [692658.391566265, 2573258.492981192], [692658.5853320609, 2573258.686746988], [692668.391566265, 2573268.492981192], [692678.391566265, 2573268.492981192], [692678.5853320609, 2573268.686746988], [692688.391566265, 2573278.4929811917], [692688.5853320609, 2573278.686746988], [692698.391566265, 2573288.492981192], [692698.5853320609, 2573288.686746988], [692708.391566265, 2573298.492981192], [692718.391566265, 2573298.492981192], [692718.5853320609, 2573298.686746988], [692728.391566265, 2573308.492981192], [692728.5853320609, 2573308.686746988], [692738.391566265, 2573318.492981192], [692738.5853320609, 2573318.686746988], [692748.391566265, 2573328.492981192], [692748.5853320608, 2573328.686746988], [692758.391566265, 2573338.4929811917], [692768.391566265, 2573338.4929811917], [692768.5853320609, 2573338.686746988], [692778.391566265, 2573348.492981192], [692778.5853320609, 2573348.686746988], [692788.391566265, 2573358.492981192], [692788.5853320608, 2573358.686746988], [692798.391566265, 2573368.492981192], [692808.391566265, 2573368.492981192], [692808.5853320609, 2573368.686746988], [692818.391566265, 2573378.492981192], [692818.5853320609, 2573378.686746988], [692828.391566265, 2573388.4929811917], [692828.5853320609, 2573388.686746988], [692838.391566265, 2573398.492981192], [692838.5853320608, 2573398.686746988], [692848.391566265, 2573408.492981192], [692848.5853320609, 2573408.686746988], [692858.391566265, 2573418.492981192], [692858.5853320609, 2573418.686746988], [692868.391566265, 2573428.492981192], [692868.5853320609, 2573428.686746988], [692878.391566265, 2573438.4929811917], [692878.5853320608, 2573438.686746988], [692888.391566265, 2573448.492981192], [692888.5853320609, 2573448.686746988], [692898.391566265, 2573458.492981192], [692898.5853320609, 2573458.686746988], [692908.391566265, 2573468.492981192], [692908.5853320609, 2573468.686746988], [692918.391566265, 2573478.492981192], [692918.5853320608, 2573478.686746988], [692928.391566265, 2573488.4929811917], [692928.5853320609, 2573488.686746988], [692928.5853320609, 2573498.686746988], [692938.391566265, 2573508.492981192], [692938.5853320609, 2573508.686746988], [692948.391566265, 2573518.492981192], [692948.5853320609, 2573518.686746988], [692948.5853320609, 2573528.686746988], [692958.391566265, 2573538.492981192], [692958.5853320608, 2573538.6867469884], [692968.391566265, 2573548.4929811917], [692968.5853320609, 2573548.686746988], [692978.391566265, 2573558.492981192], [692978.5853320609, 2573558.686746988], [692988.391566265, 2573568.492981192], [692988.5853320609, 2573568.686746988], [692998.391566265, 2573578.492981192], [692998.5853320609, 2573578.686746988], [693008.3915662651, 2573588.492981192], [693008.5853320609, 2573588.686746988], [693018.391566265, 2573598.4929811917], [693018.5853320609, 2573598.686746988], [693028.391566265, 2573608.492981192], [693028.5853320609, 2573608.686746988], [693028.5853320609, 2573618.686746988], [693038.391566265, 2573628.492981192], [693038.5853320609, 2573628.686746988], [693038.5853320609, 2573638.686746988], [693048.391566265, 2573648.4929811917], [693048.5853320608, 2573648.686746988], [693058.391566265, 2573658.492981192], [693068.391566265, 2573658.492981192], [693078.391566265, 2573658.492981192], [693088.1978004691, 2573648.686746988], [693088.391566265, 2573648.4929811917], [693098.1978004692, 2573638.686746988], [693098.1978004692, 2573628.686746988], [693098.1978004692, 2573618.686746988], [693098.1978004692, 2573608.686746988], [693098.391566265, 2573608.492981192], [693108.391566265, 2573608.492981192], [693118.391566265, 2573608.492981192], [693128.391566265, 2573608.492981192], [693138.1978004692, 2573598.686746988], [693128.391566265, 2573588.8805127842], [693128.1978004691, 2573588.686746988], [693128.1978004691, 2573578.686746988], [693128.1978004691, 2573568.686746988], [693118.391566265, 2573558.880512784], [693118.1978004691, 2573558.686746988], [693118.1978004691, 2573548.686746988], [693108.391566265, 2573538.8805127842], [693108.1978004691, 2573538.6867469884], [693108.1978004691, 2573528.686746988], [693108.1978004691, 2573518.686746988], [693108.1978004691, 2573508.686746988], [693108.391566265, 2573508.492981192], [693118.391566265, 2573508.492981192], [693128.391566265, 2573508.492981192], [693138.391566265, 2573508.492981192], [693148.391566265, 2573508.492981192], [693158.391566265, 2573508.492981192], [693168.391566265, 2573508.492981192], [693178.391566265, 2573508.492981192], [693188.391566265, 2573508.492981192], [693198.1978004691, 2573498.686746988], [693198.391566265, 2573498.492981192], [693208.1978004691, 2573488.686746988], [693208.1978004691, 2573478.686746988], [693208.1978004691, 2573468.686746988], [693208.391566265, 2573468.492981192], [693218.391566265, 2573468.492981192], [693228.1978004692, 2573458.686746988], [693228.391566265, 2573458.492981192], [693238.391566265, 2573458.492981192], [693248.391566265, 2573458.492981192], [693258.391566265, 2573458.492981192], [693268.1978004692, 2573448.686746988], [693268.391566265, 2573448.492981192], [693278.391566265, 2573448.492981192], [693288.1978004691, 2573438.686746988], [693288.1978004691, 2573428.686746988], [693288.2013147423, 2573418.686746988], [693288.391566265, 2573418.4964954653], [693298.2028914745, 2573408.686746988], [693298.391566265, 2573408.498072197], [693308.2027320173, 2573398.686746988], [693298.391566265, 2573388.874975471], [693288.391566265, 2573388.873094345], [693278.391566265, 2573388.874930948], [693268.391566265, 2573388.874930948], [693258.391566265, 2573388.874930948], [693248.391566265, 2573388.874485722], [693248.2038275313, 2573388.686746988], [693238.391566265, 2573378.8769477787], [693228.391566265, 2573378.876178001], [693218.391566265, 2573378.875117485], [693218.2031957682, 2573378.686746988], [693208.391566265, 2573368.8759479416], [693198.391566265, 2573368.8738348805], [693188.391566265, 2573368.8723071585], [693178.391566265, 2573368.872273552], [693178.2060397004, 2573368.686746988], [693178.2060397004, 2573358.686746988], [693168.391566265, 2573348.8722444577], [693158.391566265, 2573348.8722444577], [693158.2060687949, 2573348.686746988], [693148.391566265, 2573338.8722031317], [693138.391566265, 2573338.868845328], [693138.2094679248, 2573338.686746988], [693128.391566265, 2573328.871853003], [693118.391566265, 2573328.8722444577], [693108.391566265, 2573328.8722444577], [693098.391566265, 2573328.8722444577], [693088.577063735, 2573338.686746988], [693088.391566265, 2573338.872244458], [693078.391566265, 2573338.872244458], [693068.391566265, 2573338.872244458], [693058.391566265, 2573338.872244458], [693048.391566265, 2573338.872244458], [693038.391566265, 2573338.871579136], [693028.391566265, 2573338.8704205914], [693028.2078926616, 2573338.686746988], [693028.206068795, 2573328.686746988], [693028.206068795, 2573318.686746988], [693018.391566265, 2573308.8722444577], [693018.206068795, 2573308.686746988], [693018.206068795, 2573298.686746988], [693008.391566265, 2573288.8724160274], [693008.2058972253, 2573288.686746988], [693008.2058972253, 2573278.686746988], [693008.2058972253, 2573268.686746988], [693008.391566265, 2573268.5010779486], [693018.2059412965, 2573258.686746988], [693018.206068795, 2573248.686746988], [693018.2059214478, 2573238.686746988], [693018.2058552467, 2573228.686746988], [693018.2058552467, 2573218.686746988], [693018.2058552467, 2573208.686746988], [693018.2058552467, 2573198.686746988], [693018.391566265, 2573198.5010359697], [693028.391566265, 2573198.5010359697], [693038.391566265, 2573198.5010359697], [693048.391566265, 2573198.5012495182], [693058.391566265, 2573198.5012495182], [693058.577063735, 2573198.686746988], [693068.391566265, 2573208.501249518], [693068.5770637351, 2573208.686746988], [693068.5770637351, 2573218.686746988], [693078.391566265, 2573228.501249518], [693078.577063735, 2573228.686746988], [693088.391566265, 2573238.501249518], [693088.577063735, 2573238.686746988], [693098.391566265, 2573248.5012495182], [693108.391566265, 2573248.5012495182], [693118.391566265, 2573248.5012495182], [693128.391566265, 2573248.5012495182], [693138.391566265, 2573248.5012495182], [693148.391566265, 2573248.5012495182], [693158.391566265, 2573248.5012495182], [693168.391566265, 2573248.5012495182], [693178.391566265, 2573248.5012495182], [693188.206068795, 2573238.686746988], [693188.391566265, 2573238.501249518], [693198.391566265, 2573238.501249518], [693208.391566265, 2573238.501249518], [693218.206068795, 2573228.686746988], [693218.391566265, 2573228.501249518], [693228.391566265, 2573228.501249518], [693238.391566265, 2573228.501249518], [693248.391566265, 2573228.501249518], [693258.391566265, 2573228.5005210466], [693268.391566265, 2573228.4978672103], [693278.1981134507, 2573218.686746988], [693278.391566265, 2573218.493294174], [693288.391566265, 2573218.492981192], [693298.391566265, 2573218.492981192], [693308.1978004692, 2573208.686746988], [693298.391566265, 2573198.8777936986], [693298.2005195547, 2573198.686746988], [693288.391566265, 2573188.8751921286], [693278.391566265, 2573188.8722444577], [693278.2060687949, 2573188.686746988], [693268.391566265, 2573178.872244458], [693258.391566265, 2573178.872244458], [693258.206068795, 2573178.686746988], [693258.206068795, 2573168.686746988], [693258.206068795, 2573158.686746988], [693258.206068795, 2573148.686746988], [693258.206068795, 2573138.686746988], [693258.391566265, 2573138.501249518], [693268.206068795, 2573128.686746988], [693268.206068795, 2573118.686746988], [693268.206068795, 2573108.686746988], [693268.206068795, 2573098.686746988], [693258.391566265, 2573088.872244458], [693258.206068795, 2573088.686746988], [693258.206068795, 2573078.686746988], [693248.391566265, 2573068.872244458], [693248.206068795, 2573068.686746988], [693248.206068795, 2573058.686746988], [693238.391566265, 2573048.8722444577], [693238.2060687949, 2573048.686746988], [693238.2060687949, 2573038.686746988], [693238.2060687949, 2573028.686746988], [693228.391566265, 2573018.872244458], [693228.206068795, 2573018.686746988], [693228.206068795, 2573008.686746988], [693218.391566265, 2572998.872244458], [693218.206068795, 2572998.686746988], [693208.391566265, 2572988.8722444577], [693198.391566265, 2572988.8722444577], [693198.2060687949, 2572988.686746988], [693188.391566265, 2572978.872244458], [693188.206068795, 2572978.686746988], [693188.206068795, 2572968.686746988], [693188.206068795, 2572958.686746988], [693188.206068795, 2572948.686746988], [693188.206068795, 2572938.686746988], [693178.391566265, 2572928.872244458], [693178.206068795, 2572928.686746988], [693178.206068795, 2572918.686746988], [693178.206068795, 2572908.686746988], [693178.206068795, 2572898.6867469884], [693168.391566265, 2572888.8722444577], [693168.206068795, 2572888.686746988], [693168.206068795, 2572878.686746988], [693158.391566265, 2572868.8722444577], [693158.2060687949, 2572868.686746988], [693148.391566265, 2572858.872244458], [693148.206068795, 2572858.686746988], [693138.391566265, 2572848.8722444577], [693138.206068795, 2572848.686746988], [693138.206068795, 2572838.686746988], [693128.391566265, 2572828.8722444577], [693128.206068795, 2572828.686746988], [693128.206068795, 2572818.686746988], [693118.391566265, 2572808.872244458], [693118.2060687949, 2572808.686746988], [693108.391566265, 2572798.8722444577], [693108.206068795, 2572798.686746988], [693108.206068795, 2572788.686746988], [693098.391566265, 2572778.8722444577], [693098.206068795, 2572778.686746988], [693088.391566265, 2572768.872244458], [693088.206068795, 2572768.686746988], [693078.391566265, 2572758.8722444577], [693078.2060687949, 2572758.686746988], [693068.391566265, 2572748.869820881], [693068.2084923718, 2572748.686746988], [693068.2084923718, 2572738.686746988], [693058.391566265, 2572728.863980027], [693058.2143332261, 2572728.686746988], [693058.2142713299, 2572718.686746988], [693048.391566265, 2572708.8640566743], [693048.2142565789, 2572708.686746988], [693048.2142565789, 2572698.686746988], [693048.2142565789, 2572688.686746988], [693048.391566265, 2572688.5094373017], [693058.2147903498, 2572678.686746988], [693058.391566265, 2572678.509971073], [693068.391566265, 2572678.509822109], [693078.391566265, 2572678.50970294], [693088.391566265, 2572678.50970294], [693098.391566265, 2572678.50970294], [693098.5686103128, 2572678.686746988], [693108.391566265, 2572688.509531798], [693108.5687814549, 2572688.686746988], [693118.391566265, 2572698.508696356], [693118.5696168971, 2572698.686746988], [693128.391566265, 2572708.504345542], [693128.5739677111, 2572708.686746988], [693138.391566265, 2572718.5012495182], [693148.391566265, 2572718.5012495182], [693148.5770637351, 2572718.686746988], [693148.5770637351, 2572728.686746988], [693158.391566265, 2572738.501249518], [693168.391566265, 2572738.50197348], [693168.5763397728, 2572738.686746988], [693178.391566265, 2572748.5012495182], [693178.577063735, 2572748.686746988], [693188.391566265, 2572758.501249518], [693188.5770637351, 2572758.686746988], [693188.5770637351, 2572768.686746988], [693198.391566265, 2572778.501249518], [693198.577063735, 2572778.686746988], [693198.577063735, 2572788.686746988], [693208.391566265, 2572798.501249518], [693218.391566265, 2572798.501249518], [693218.577063735, 2572798.686746988], [693228.391566265, 2572808.5012495182], [693228.5770637351, 2572808.686746988], [693238.391566265, 2572818.501249518], [693238.577063735, 2572818.686746988], [693248.391566265, 2572828.501249518], [693248.577063735, 2572828.686746988], [693258.391566265, 2572838.5012495182], [693258.577063735, 2572838.686746988], [693268.391566265, 2572848.501249518], [693268.5770637351, 2572848.686746988], [693278.391566265, 2572858.5012495182], [693278.577063735, 2572858.686746988], [693288.391566265, 2572868.501249518], [693288.577063735, 2572868.686746988], [693288.577063735, 2572878.686746988], [693298.391566265, 2572888.501249518], [693298.577063735, 2572888.686746988], [693298.577063735, 2572898.6867469884], [693308.391566265, 2572908.5012495182], [693318.391566265, 2572908.5012495182], [693318.577063735, 2572908.686746988], [693318.577063735, 2572918.686746988], [693328.391566265, 2572928.5012495182], [693328.577063735, 2572928.686746988], [693338.391566265, 2572938.501249518], [693348.391566265, 2572938.501249518], [693348.5770637351, 2572938.686746988], [693358.391566265, 2572948.5012495182], [693368.391566265, 2572948.5012495182], [693368.577063735, 2572948.686746988], [693378.391566265, 2572958.503112763], [693378.5752004898, 2572958.686746988], [693378.5759851802, 2572968.686746988], [693378.5766128424, 2572978.686746988], [693378.5766128424, 2572988.686746988], [693378.577063735, 2572998.686746988], [693378.577063735, 2573008.686746988], [693388.391566265, 2573018.5012495182], [693388.5770637351, 2573018.686746988], [693388.5770637351, 2573028.686746988], [693398.391566265, 2573038.5012495182], [693398.577063735, 2573038.686746988], [693398.577063735, 2573048.686746988], [693408.391566265, 2573058.5012495182], [693408.577063735, 2573058.686746988], [693418.391566265, 2573068.501249518], [693418.577063735, 2573068.686746988], [693418.577063735, 2573078.686746988], [693428.391566265, 2573088.5012495182], [693428.5770637351, 2573088.686746988], [693438.391566265, 2573098.5000372324], [693438.5782760208, 2573098.686746988], [693438.5799644123, 2573108.686746988], [693448.391566265, 2573118.4963896037], [693448.5819236495, 2573118.686746988], [693458.391566265, 2573128.4937279173], [693458.5845853358, 2573128.686746988], [693468.391566265, 2573138.492981192], [693468.5853320608, 2573138.686746988], [693478.391566265, 2573148.492981192], [693478.5853320609, 2573148.686746988], [693478.5853320609, 2573158.686746988], [693488.391566265, 2573168.492981192], [693488.5853320609, 2573168.686746988], [693498.391566265, 2573178.4929811917], [693508.391566265, 2573178.4929811917], [693508.5853320608, 2573178.686746988], [693508.5853320608, 2573188.686746988], [693518.391566265, 2573198.492981192], [693518.5853320609, 2573198.686746988], [693528.391566265, 2573208.492981192], [693528.5853320609, 2573208.686746988], [693528.5853320609, 2573218.686746988], [693528.5853320609, 2573228.686746988], [693538.391566265, 2573238.492981192], [693538.5853320609, 2573238.686746988], [693538.5853320609, 2573248.686746988], [693548.391566265, 2573258.492981192], [693548.5853320608, 2573258.686746988], [693548.5853320608, 2573268.686746988], [693558.391566265, 2573278.4929811917], [693558.5853320609, 2573278.686746988], [693558.5853320609, 2573288.686746988], [693568.391566265, 2573298.492981192], [693568.5853320609, 2573298.686746988], [693578.391566265, 2573308.492981192], [693578.5853320609, 2573308.686746988], [693588.391566265, 2573318.492981192], [693588.5853320609, 2573318.686746988], [693588.5853320609, 2573328.686746988], [693598.3915662649, 2573338.4929811917], [693598.5853320608, 2573338.686746988], [693608.391566265, 2573348.493516427], [693608.5847968261, 2573348.686746988], [693618.391566265, 2573358.4968224457], [693618.5814908075, 2573358.686746988], [693628.391566265, 2573368.497700226], [693628.5806130272, 2573368.686746988], [693638.391566265, 2573378.498285114], [693638.580028139, 2573378.686746988], [693648.391566265, 2573388.49887007], [693648.5794431826, 2573388.686746988], [693658.391566265, 2573398.4952802556], [693668.391566265, 2573398.4952802556], [693668.583032997, 2573398.686746988], [693668.5853320609, 2573408.686746988], [693678.391566265, 2573418.492981192], [693678.5853320608, 2573418.686746988], [693678.5853320608, 2573428.686746988], [693678.5853320608, 2573438.686746988], [693688.391566265, 2573448.495441599], [693688.5828716544, 2573448.686746988], [693688.5828716544, 2573458.686746988], [693688.5828716544, 2573468.686746988], [693688.5827269033, 2573478.686746988], [693688.5825071263, 2573488.686746988], [693688.5823057069, 2573498.686746988], [693688.391566265, 2573498.8774864296], [693678.5845997374, 2573508.686746988], [693678.5843984041, 2573518.686746988], [693678.5841970624, 2573528.686746988], [693678.391566265, 2573528.8793777856], [693668.5853320609, 2573538.6867469884], [693678.391566265, 2573548.4981706557], [693688.391566265, 2573548.498978541], [693688.5793347115, 2573548.686746988], [693698.391566265, 2573558.492981192], [693698.5853320609, 2573558.686746988], [693708.391566265, 2573568.492981192], [693708.5853320609, 2573568.686746988], [693708.5853320609, 2573578.686746988], [693718.391566265, 2573588.492981192], [693718.5853320608, 2573588.686746988], [693718.5853320608, 2573598.686746988], [693718.5853320608, 2573608.686746988], [693728.391566265, 2573618.4988981867], [693728.5794150664, 2573618.686746988], [693738.391566265, 2573628.4990678937], [693738.5792453596, 2573628.686746988], [693738.5838390845, 2573638.686746988], [693748.391566265, 2573648.49508984], [693748.5832234125, 2573648.686746988], [693748.5853320609, 2573658.686746988], [693748.5853320609, 2573668.686746988], [693758.391566265, 2573678.492981192], [693758.5853320608, 2573678.686746988], [693768.391566265, 2573688.492981192], [693768.5853320609, 2573688.686746988], [693778.391566265, 2573698.4929811917], [693778.5853320609, 2573698.686746988], [693788.391566265, 2573708.492981192], [693788.5853320609, 2573708.686746988], [693788.5853320609, 2573718.686746988], [693798.391566265, 2573728.4934888934], [693798.5848243597, 2573728.686746988], [693798.5853320609, 2573738.686746988], [693798.5853320609, 2573748.6867469875], [693808.391566265, 2573758.4933889466], [693808.5849243063, 2573758.686746988], [693808.5853320608, 2573768.686746988], [693808.5853320608, 2573778.686746988], [693808.5853320608, 2573788.686746988], [693818.391566265, 2573798.492981192], [693818.5853320609, 2573798.686746988], [693818.5853320609, 2573808.686746988], [693818.5853320609, 2573818.686746988], [693818.5853320609, 2573828.686746988], [693828.391566265, 2573838.492981192], [693828.5853320609, 2573838.686746988], [693838.391566265, 2573848.492981192], [693838.5853320609, 2573848.686746988], [693838.5853320609, 2573858.686746988], [693848.391566265, 2573868.492981192], [693848.5853320608, 2573868.686746988], [693858.391566265, 2573878.492981192], [693858.5853320609, 2573878.686746988], [693858.5853320609, 2573888.686746988], [693868.391566265, 2573898.492981192], [693868.5853320609, 2573898.686746988], [693878.391566265, 2573908.4929811917], [693888.391566265, 2573908.4929811917], [693888.5853320608, 2573908.686746988], [693898.391566265, 2573918.492981192], [693908.391566265, 2573918.492981192], [693918.391566265, 2573918.492981192], [693928.391566265, 2573918.492981192], [693938.391566265, 2573918.492981192], [693948.391566265, 2573918.492981192], [693958.391566265, 2573918.492981192], [693968.391566265, 2573918.492981192], [693978.3915662651, 2573918.492981192], [693988.391566265, 2573918.4930156143], [693988.5852976387, 2573918.686746988], [693998.391566265, 2573928.492981192], [694008.391566265, 2573928.492981192], [694018.391566265, 2573928.492981192], [694028.391566265, 2573928.492981192], [694028.5853320609, 2573928.686746988], [694038.391566265, 2573938.492981192], [694048.391566265, 2573938.492981192], [694058.391566265, 2573938.492981192], [694068.391566265, 2573938.492981192], [694078.391566265, 2573938.492981192], [694088.391566265, 2573938.4930183375], [694098.391566265, 2573938.4930795333], [694108.391566265, 2573938.4930795333], [694118.391566265, 2573938.4930795333], [694128.391566265, 2573938.4930795333], [694138.391566265, 2573938.4930795333], [694148.391566265, 2573938.4930795333], [694158.391566265, 2573938.4930795333], [694158.5852337197, 2573938.686746988], [694168.391566265, 2573948.492981192], [694178.391566265, 2573948.492981192], [694188.391566265, 2573948.492981192], [694198.391566265, 2573948.492981192], [694198.5853320609, 2573948.686746988], [694208.391566265, 2573958.4929811917], [694218.391566265, 2573958.4929811917], [694228.391566265, 2573958.4929811917], [694238.391566265, 2573958.4929811917], [694238.5853320609, 2573958.6867469875], [694248.391566265, 2573968.4929811917], [694258.391566265, 2573968.4929811917], [694268.391566265, 2573968.4929811917], [694278.391566265, 2573968.4940593187], [694288.391566265, 2573968.4957122323], [694288.5826010208, 2573968.6867469884], [694298.391566265, 2573978.495125633], [694308.391566265, 2573978.495125633], [694318.391566265, 2573978.495125633], [694318.5831876195, 2573978.686746988], [694328.391566265, 2573988.4934729165], [694338.391566265, 2573988.4934729165], [694348.391566265, 2573988.4934729165], [694358.391566265, 2573988.4934729165], [694358.5848403363, 2573988.686746988], [694368.391566265, 2573998.492981192], [694378.391566265, 2573998.492981192], [694388.391566265, 2573998.492981192], [694398.391566265, 2573998.492981192], [694408.391566265, 2573998.492981192], [694418.391566265, 2573998.492981192], [694428.391566265, 2573998.492981192], [694438.391566265, 2573998.492981192], [694448.391566265, 2573998.492981192], [694458.391566265, 2573998.492981192], [694468.391566265, 2573998.492981192], [694478.391566265, 2573998.492981192], [694488.391566265, 2573998.492981192], [694498.2008501078, 2573988.686746988], [694498.2008501078, 2573978.686746988], [694498.2008501078, 2573968.686746988], [694498.2008501078, 2573958.686746988], [694498.391566265, 2573958.496030831], [694508.1991970867, 2573948.686746988], [694508.1991970867, 2573938.686746988], [694498.391566265, 2573928.877463145], [694498.2008501078, 2573928.686746988], [694498.2008501078, 2573918.686746988], [694488.391566265, 2573908.8746557166], [694488.2036575368, 2573908.686746988], [694478.391566265, 2573898.8722444577], [694478.206068795, 2573898.686746988], [694468.391566265, 2573888.872244458], [694458.391566265, 2573888.872244458], [694448.391566265, 2573888.872244458], [694438.391566265, 2573888.872244458], [694428.391566265, 2573888.872244458], [694428.206068795, 2573888.686746988], [694418.391566265, 2573878.8722444577], [694418.2060687949, 2573878.6867469875], [694418.2060687949, 2573868.686746988], [694418.2060687949, 2573858.686746988], [694408.391566265, 2573848.8722444577], [694408.206068795, 2573848.686746988], [694398.391566265, 2573838.872244458], [694398.206068795, 2573838.686746988], [694388.391566265, 2573828.8722444577], [694388.206068795, 2573828.686746988], [694388.206068795, 2573818.686746988], [694388.206068795, 2573808.686746988], [694378.391566265, 2573798.872244458], [694378.2060687949, 2573798.686746988], [694378.2060687949, 2573788.686746988], [694378.2060687949, 2573778.686746988], [694368.391566265, 2573768.872244458], [694358.391566265, 2573768.872244458], [694348.391566265, 2573768.872244458], [694338.391566265, 2573768.872244458], [694328.5770637351, 2573778.686746988], [694328.391566265, 2573778.8722444577], [694318.391566265, 2573778.8722444577], [694308.391566265, 2573778.8722444577], [694298.391566265, 2573778.8722444577], [694298.2060687949, 2573778.686746988], [694298.2060687949, 2573768.686746988], [694288.391566265, 2573758.8722444577], [694288.206068795, 2573758.686746988], [694288.206068795, 2573748.686746988], [694278.391566265, 2573738.8722444577], [694278.206068795, 2573738.686746988], [694268.391566265, 2573728.872244458], [694258.391566265, 2573728.872244458], [694258.2060687949, 2573728.686746988], [694248.391566265, 2573718.8722444577], [694238.391566265, 2573718.8722444577], [694238.206068795, 2573718.686746988], [694228.391566265, 2573708.872244458], [694228.206068795, 2573708.686746988], [694218.391566265, 2573698.872244458], [694218.2060687949, 2573698.686746988], [694208.391566265, 2573688.8722444577], [694208.206068795, 2573688.686746988], [694198.391566265, 2573678.872244458], [694198.206068795, 2573678.686746988], [694188.391566265, 2573668.8722444577], [694188.206068795, 2573668.686746988], [694188.206068795, 2573658.686746988], [694178.391566265, 2573648.8722444577], [694178.2060687949, 2573648.686746988], [694168.391566265, 2573638.872244458], [694168.206068795, 2573638.686746988], [694158.391566265, 2573628.872244458], [694148.391566265, 2573628.872244458], [694148.206068795, 2573628.686746988], [694138.391566265, 2573618.8722444577], [694128.391566265, 2573618.8722444577], [694118.5711887972, 2573628.686746988], [694118.391566265, 2573628.8663695203], [694108.3915662649, 2573628.8663695203], [694098.5706188419, 2573638.686746988], [694098.391566265, 2573638.865799565], [694088.391566265, 2573638.865799565], [694078.391566265, 2573638.865799565], [694068.391566265, 2573638.8654912007], [694058.391566265, 2573638.8644419666], [694058.2138712866, 2573638.686746988], [694058.2138712866, 2573628.686746988], [694048.391566265, 2573618.859614454], [694048.2186987988, 2573618.686746988], [694048.2162104456, 2573608.686746988], [694048.2147180374, 2573598.686746988], [694048.2147180374, 2573588.686746988], [694048.2147180374, 2573578.686746988], [694048.2143510751, 2573568.686746988], [694038.391566265, 2573558.863962178], [694028.5672771721, 2573568.686746988], [694028.5642912135, 2573578.686746988], [694028.391566265, 2573578.8594719362], [694018.391566265, 2573578.8594719362], [694008.5593105792, 2573588.686746988], [694008.391566265, 2573588.8544913023], [693998.5543248969, 2573598.686746988], [693998.391566265, 2573598.84950562], [693988.5504078392, 2573608.686746988], [693988.5462507806, 2573618.686746988], [693988.5462507806, 2573628.6867469884], [693988.391566265, 2573628.8414315036], [693978.5473393303, 2573638.686746988], [693978.391566265, 2573638.8425200535], [693968.391566265, 2573638.8425200535], [693958.391566265, 2573638.8425200535], [693958.2357931996, 2573638.686746988], [693948.391566265, 2573628.847690318], [693938.391566265, 2573628.847690318], [693928.391566265, 2573628.847690318], [693928.2306229351, 2573628.686746988], [693928.2306229351, 2573618.686746988], [693918.391566265, 2573608.851005861], [693918.2273073919, 2573608.686746988], [693908.391566265, 2573598.8501157374], [693908.2281975157, 2573598.686746988], [693908.2248735771, 2573588.686746988], [693908.2242090595, 2573578.686746988], [693908.2242090595, 2573568.686746988], [693908.2157524099, 2573558.686746988], [693898.391566265, 2573548.8609022344], [693898.2174110183, 2573548.686746988], [693888.391566265, 2573538.8592430665], [693888.2190701868, 2573538.686746988], [693878.391566265, 2573528.85758334], [693868.391566265, 2573528.850484584], [693868.2278286687, 2573528.686746988], [693868.2223902026, 2573518.686746988], [693858.391566265, 2573508.8574882876], [693858.2208249655, 2573508.686746988], [693858.2191652044, 2573498.686746988], [693858.2175060067, 2573488.686746988], [693848.391566265, 2573478.861802499], [693848.2165107541, 2573478.686746988], [693848.2165107541, 2573468.686746988], [693838.391566265, 2573458.865781485], [693828.391566265, 2573458.865781485], [693818.391566265, 2573458.865781485], [693818.2125317678, 2573458.686746988], [693808.391566265, 2573448.8674384453], [693808.2108748074, 2573448.686746988], [693798.391566265, 2573438.869094847], [693798.2092184064, 2573438.686746988], [693788.391566265, 2573428.8707506894], [693788.2075625638, 2573428.686746988], [693778.391566265, 2573418.8749665255], [693768.391566265, 2573418.8756201663], [693758.3915662649, 2573418.8756201663], [693748.391566265, 2573418.8756201663], [693748.2026930868, 2573418.686746988], [693748.2026851166, 2573408.686746988], [693748.2016928652, 2573398.686746988], [693738.391566265, 2573388.8776124376], [693738.2007008154, 2573388.686746988], [693728.391566265, 2573378.878604287], [693728.1997089662, 2573378.686746988], [693728.1993783939, 2573368.686746988], [693728.1993783939, 2573358.686746988], [693728.1993783939, 2573348.686746988], [693728.198717317, 2573338.686746988], [693718.391566265, 2573328.8805127842], [693718.1978004691, 2573328.686746988], [693718.1978004691, 2573318.686746988], [693708.391566265, 2573308.8800210594], [693708.1982921938, 2573308.686746988], [693698.391566265, 2573298.8783683428], [693688.391566265, 2573298.8776124376], [693688.2007008155, 2573298.686746988], [693678.391566265, 2573288.878934859], [693678.1993783939, 2573288.686746988], [693668.391566265, 2573278.880256924], [693668.198056329, 2573278.686746988], [693658.391566265, 2573268.8805127842], [693658.1978004691, 2573268.686746988], [693648.391566265, 2573258.880512784], [693648.1978004692, 2573258.686746988], [693648.1978004692, 2573248.686746988], [693648.1978004692, 2573238.686746988], [693648.2065784833, 2573228.686746988], [693648.2248198678, 2573218.686746988], [693648.2431291792, 2573208.686746988], [693648.391566265, 2573208.538309902], [693658.391566265, 2573208.538309902], [693668.391566265, 2573208.538309902], [693678.391566265, 2573208.543203911], [693678.5351093427, 2573208.686746988], [693688.391566265, 2573218.530978002], [693698.236702451, 2573208.686746988], [693698.236702451, 2573198.686746988], [693698.236702451, 2573188.686746988], [693698.391566265, 2573188.531883174], [693708.391566265, 2573188.531883174], [693718.391566265, 2573188.501249518], [693728.2060687949, 2573178.686746988], [693728.2060687949, 2573168.686746988], [693728.2060687949, 2573158.686746988], [693728.2060687949, 2573148.686746988], [693728.2060687949, 2573138.686746988], [693728.2060687949, 2573128.686746988], [693728.2060687949, 2573118.686746988], [693728.2060687949, 2573108.686746988], [693728.2060687949, 2573098.686746988], [693728.2065613492, 2573088.686746988], [693728.2082168538, 2573078.686746988], [693718.391566265, 2573068.864131955], [693718.2141812983, 2573068.686746988], [693718.2141812983, 2573058.686746988], [693718.2141812983, 2573048.686746988], [693708.391566265, 2573038.859756971], [693708.2185562823, 2573038.686746988], [693708.2185562823, 2573028.686746988], [693698.391566265, 2573018.8551008017], [693698.2232124516, 2573018.686746988], [693688.391566265, 2573008.853439673], [693688.22487358, 2573008.686746988], [693678.391566265, 2572998.851777986], [693678.226535267, 2572998.686746988], [693678.2232124516, 2572988.6867469875], [693668.3915662649, 2572978.853439673], [693668.2248735799, 2572978.686746988], [693658.391566265, 2572968.851453591], [693658.2268596621, 2572968.686746988], [693648.391566265, 2572958.8464648235], [693648.2318484294, 2572958.686746988], [693638.391566265, 2572948.841470996], [693638.2368422572, 2572948.686746988], [693628.391566265, 2572938.839709864], [693628.2386033889, 2572938.686746988], [693628.2386033889, 2572928.686746988], [693628.2386033889, 2572918.686746988], [693628.391566265, 2572918.533784112], [693638.2302801794, 2572908.686746988], [693628.391566265, 2572898.846369559], [693628.2319436943, 2572898.686746988], [693628.2302801793, 2572888.686746988], [693628.229124165, 2572878.686746988], [693618.391566265, 2572868.847525964], [693618.2307872889, 2572868.686746988], [693608.391566265, 2572858.8366751643], [693598.391566265, 2572858.8239890574], [693598.2543241957, 2572858.686746988], [693598.2543241957, 2572848.686746988], [693598.2543241957, 2572838.686746988], [693598.2546584875, 2572828.686746988], [693598.2561873256, 2572818.686746988], [693598.2561873256, 2572808.686746988], [693598.239282001, 2572798.686746988], [693588.391566265, 2572788.839031252], [693578.391566265, 2572788.8327990863], [693568.391566265, 2572788.824450071], [693568.253863182, 2572788.686746988], [693558.391566265, 2572778.836247687], [693558.2420655658, 2572778.686746988], [693558.2383759405, 2572768.686746988], [693558.2383759405, 2572758.686746988], [693558.2383759405, 2572748.686746988], [693558.238397431, 2572738.686746988], [693558.238397431, 2572728.686746988], [693558.391566265, 2572728.533578154], [693568.2390254007, 2572718.686746988], [693568.239282001, 2572708.686746988], [693568.239282001, 2572698.686746988], [693568.391566265, 2572698.534462724], [693578.239282001, 2572688.686746988], [693578.239282001, 2572678.686746988], [693578.239282001, 2572668.686746988], [693578.391566265, 2572668.534462724], [693588.239282001, 2572658.686746988], [693578.391566265, 2572648.839031252], [693578.239282001, 2572648.686746988], [693578.239282001, 2572638.686746988], [693578.239282001, 2572628.686746988], [693568.391566265, 2572618.839031252], [693568.239282001, 2572618.686746988], [693568.239282001, 2572608.686746988], [693558.391566265, 2572598.835459549], [693558.242853704, 2572598.686746988], [693558.242853704, 2572588.686746988], [693558.242853704, 2572578.686746988], [693548.391566265, 2572568.8277831236], [693548.2505301294, 2572568.686746988], [693548.2505301294, 2572558.686746988], [693538.391566265, 2572548.8259416586], [693538.2523715948, 2572548.686746988], [693528.391566265, 2572538.824270658], [693528.2540425952, 2572538.686746988], [693528.2540425952, 2572528.686746988], [693518.391566265, 2572518.822599097], [693518.2557141557, 2572518.686746988], [693518.2557141557, 2572508.686746988], [693508.391566265, 2572498.82092697], [693508.2573862831, 2572498.686746988], [693498.391566265, 2572488.8192542754], [693498.2590589776, 2572488.686746988], [693488.391566265, 2572478.8175810077], [693478.391566265, 2572478.8159071784], [693478.2624060746, 2572478.686746988], [693478.2622427013, 2572468.686746988], [693478.2605689213, 2572458.686746988], [693478.2605689213, 2572448.686746988], [693478.2605689213, 2572438.686746988], [693478.391566265, 2572438.555749644], [693488.257223076, 2572428.686746988], [693488.257843493, 2572418.686746988], [693488.391566265, 2572418.553024216], [693498.254499495, 2572408.686746988], [693498.2595163485, 2572398.686746988], [693498.391566265, 2572398.554697071], [693508.2551761661, 2572388.686746988], [693508.256848117, 2572378.686746988], [693508.258520629, 2572368.686746988], [693508.391566265, 2572368.5537013523], [693518.2528688061, 2572358.686746988], [693518.254539975, 2572348.686746988], [693518.391566265, 2572348.549720698], [693528.2488683676, 2572338.686746988], [693528.2476204544, 2572328.686746988], [693528.2476204544, 2572318.686746988], [693528.2476204544, 2572308.686746988], [693518.391566265, 2572298.8263592706], [693518.2519539825, 2572298.686746988], [693518.2519539825, 2572288.686746988], [693518.2519539825, 2572278.686746988], [693518.2552962604, 2572268.686746988], [693518.2586407986, 2572258.686746988], [693518.391566265, 2572258.553821522], [693528.2604730986, 2572248.686746988], [693528.391566265, 2572248.555653821], [693538.391566265, 2572248.552308041], [693548.2537837996, 2572238.686746988], [693548.391566265, 2572238.5489645223], [693558.2504425464, 2572228.686746988], [693558.391566265, 2572228.5456232694], [693568.2476204543, 2572218.686746988], [693568.2476204543, 2572208.686746988], [693568.391566265, 2572208.542801177], [693578.2476204544, 2572198.6867469884], [693578.2481171867, 2572188.686746988], [693578.2497867452, 2572178.686746988], [693578.391566265, 2572178.544967468], [693588.2514568635, 2572168.686746988], [693588.2523715948, 2572158.686746988], [693588.2523715948, 2572148.686746988], [693588.2523715948, 2572138.686746988], [693578.391566265, 2572128.8242706577], [693568.391566265, 2572128.822599097], [693568.2557141557, 2572128.686746988], [693568.2557141557, 2572118.686746988], [693558.391566265, 2572108.8223402062], [693548.391566265, 2572108.821090177], [693548.2572230761, 2572108.686746988], [693548.2559730468, 2572098.686746988], [693538.391566265, 2572088.8223402067], [693528.391566265, 2572088.8210901767], [693528.2572230761, 2572088.686746988], [693518.391566265, 2572078.821090177], [693518.257223076, 2572078.686746988], [693518.2559730466, 2572068.686746988], [693508.391566265, 2572058.8223402062], [693508.2559730468, 2572058.686746988], [693498.391566265, 2572048.8223402062], [693498.2559730466, 2572048.686746988], [693498.2559730466, 2572038.686746988], [693488.391566265, 2572028.8223402067], [693488.2559730466, 2572028.686746988], [693488.2559730466, 2572018.686746988], [693488.2559730466, 2572008.686746988], [693478.391566265, 2571998.8223402062], [693468.391566265, 2571998.8223402062], [693468.2559730466, 2571998.686746988], [693468.2559730466, 2571988.686746988], [693458.391566265, 2571978.8195133284], [693458.2587999247, 2571978.686746988], [693448.391566265, 2571968.8163297777], [693448.2619834752, 2571968.686746988], [693438.391566265, 2571958.814655518], [693438.2636577348, 2571958.686746988], [693438.2619834751, 2571948.686746988], [693428.391566265, 2571938.814655518], [693428.2636577348, 2571938.686746988], [693418.391566265, 2571928.812980696], [693418.2653325568, 2571928.686746988], [693418.2640804717, 2571918.686746988], [693408.391566265, 2571908.8087317124], [693408.2695815407, 2571908.686746988], [693408.2679052711, 2571898.686746988], [693408.267171478, 2571888.686746988], [693408.267171478, 2571878.686746988], [693408.267171478, 2571868.686746988], [693408.267171478, 2571858.686746988], [693408.267171478, 2571848.686746988], [693408.267171478, 2571838.686746988], [693408.267171478, 2571828.686746988], [693398.391566265, 2571818.807789171], [693398.2705240818, 2571818.686746988], [693398.2705240818, 2571808.686746988], [693398.2705240818, 2571798.686746988], [693398.2705240818, 2571788.686746988], [693398.2705240818, 2571778.686746988], [693388.391566265, 2571768.8044342906], [693388.2738789626, 2571768.686746988], [693388.2738789626, 2571758.686746988], [693378.391566265, 2571748.8026598827], [693378.2756533705, 2571748.686746988], [693378.27397504, 2571738.686746988], [693378.2729683188, 2571728.686746988], [693378.2729683188, 2571718.686746988], [693378.2729683188, 2571708.686746988], [693378.391566265, 2571708.568149042], [693388.2691070791, 2571698.686746988], [693388.2691070791, 2571688.686746988], [693378.391566265, 2571678.807529502], [693378.2707837507, 2571678.686746988], [693378.2707837507, 2571668.686746988], [693368.391566265, 2571658.805592491], [693358.391566265, 2571658.802756004], [693358.2755572486, 2571658.686746988], [693348.391566265, 2571648.7993977037], [693338.391566265, 2571648.79603712], [693328.391566265, 2571648.792674257], [693328.2856389959, 2571648.686746988], [693328.2856389959, 2571638.686746988], [693328.2856389959, 2571628.686746988], [693328.2856389959, 2571618.686746988], [693328.2856389959, 2571608.686746988], [693328.2856389959, 2571598.686746988], [693328.2861395739, 2571588.686746988], [693328.2875818437, 2571578.686746988], [693328.391566265, 2571578.5827625664], [693338.285899466, 2571568.686746988], [693338.391566265, 2571568.581080189], [693348.2842176543, 2571558.686746988], [693348.2842176543, 2571548.686746988], [693348.2842176543, 2571538.686746988], [693348.2842176543, 2571528.686746988], [693348.2858790972, 2571518.686746988], [693348.391566265, 2571518.58105982], [693358.2825364202, 2571508.686746988], [693358.2841972983, 2571498.686746988], [693358.2858790972, 2571488.686746988], [693358.391566265, 2571488.58105982], [693368.2830366781, 2571478.686746988], [693368.2847180885, 2571468.686746988], [693368.391566265, 2571468.5798988114], [693378.2847180883, 2571458.686746988], [693368.391566265, 2571448.7899519377], [693358.391566265, 2571448.7899519377], [693348.391566265, 2571448.7899519377], [693348.288361315, 2571448.686746988], [693348.2876154527, 2571438.686746988], [693348.2840982138, 2571428.686746988], [693348.2812862247, 2571418.686746988], [693348.2812862247, 2571408.686746988], [693348.2812862247, 2571398.686746988], [693348.2812862247, 2571388.686746988], [693348.2895254487, 2571378.686746988], [693348.2895254487, 2571368.686746988], [693348.391566265, 2571368.584706172], [693358.391566265, 2571368.584706172], [693368.391566265, 2571368.5780352005], [693378.391566265, 2571368.5778727424], [693388.391566265, 2571368.5778727424], [693398.391566265, 2571368.5778727424], [693408.2840982139, 2571358.686746988], [693408.2840982139, 2571348.686746988], [693408.2840982139, 2571338.686746988], [693408.391566265, 2571338.5792789366], [693418.391566265, 2571338.5792789366], [693428.391566265, 2571338.5792789366], [693438.391566265, 2571338.580685531], [693448.391566265, 2571338.5812443467], [693458.391566265, 2571338.5812443467], [693468.391566265, 2571338.5812443467], [693468.4970689067, 2571338.686746988], [693478.391566265, 2571348.5743563883], [693488.277995887, 2571338.686746988], [693488.2796755837, 2571328.686746988], [693478.391566265, 2571318.791240238], [693468.391566265, 2571318.7906978005], [693468.2876154527, 2571318.686746988], [693468.2870448913, 2571308.686746988], [693468.2870448913, 2571298.686746988], [693468.2870448913, 2571288.686746988], [693468.391566265, 2571288.582225614], [693478.2876154525, 2571278.686746988], [693478.2895254487, 2571268.686746988], [693478.391566265, 2571268.584706172], [693488.391566265, 2571268.584706172], [693498.2895254487, 2571258.686746988], [693498.2895254487, 2571248.686746988], [693498.2895254487, 2571238.686746988], [693498.391566265, 2571238.5847061714], [693508.391566265, 2571238.5847061714], [693518.2895254487, 2571228.686746988], [693518.391566265, 2571228.584706172], [693528.391566265, 2571228.584706172], [693538.2895254487, 2571218.686746988], [693538.391566265, 2571218.5847061714], [693548.391566265, 2571218.5847061714], [693558.391566265, 2571218.5847061714], [693568.391566265, 2571218.5840247795], [693578.391566265, 2571218.5840247795], [693588.391566265, 2571218.5840247795], [693598.391566265, 2571218.5825821417], [693608.391566265, 2571218.5812362367], [693618.391566265, 2571218.5812362367], [693628.3915662651, 2571218.5812362367], [693628.497077016, 2571218.686746988], [693638.391566265, 2571228.574436378], [693648.391566265, 2571228.574436378], [693658.391566265, 2571228.574436378], [693668.391566265, 2571228.574436378], [693678.391566265, 2571228.574436378], [693688.391566265, 2571228.574436378], [693698.391566265, 2571228.574436378], [693708.391566265, 2571228.5745325666], [693718.2887680647, 2571218.686746988], [693718.391566265, 2571218.5839487873], [693728.391566265, 2571218.5839487873], [693738.391566265, 2571218.5839487873], [693748.391566265, 2571218.5832633353], [693758.391566265, 2571218.581580787], [693768.391566265, 2571218.580235161], [693778.2875941078, 2571208.686746988], [693778.391566265, 2571208.582774831], [693788.391566265, 2571208.582774831], [693798.391566265, 2571208.582774831], [693808.2953404451, 2571198.686746988], [693808.391566265, 2571198.590521168], [693818.391566265, 2571198.5896541225], [693828.391566265, 2571198.5896541225], [693838.391566265, 2571198.5896541225], [693848.391566265, 2571198.5866301544], [693858.391566265, 2571198.5849464615], [693868.391566265, 2571198.5832633353], [693878.2890843075, 2571188.686746988], [693878.391566265, 2571188.5842650305], [693888.2924518023, 2571178.686746988], [693888.2975073433, 2571168.686746988], [693888.391566265, 2571168.5926880664], [693898.3008805853, 2571158.686746988], [693898.391566265, 2571158.596061308], [693908.391566265, 2571158.5943743945], [693918.3029056261, 2571148.686746988], [693918.391566265, 2571148.598086349], [693928.3067424871, 2571138.686746988], [693928.309696162, 2571128.686746988], [693928.391566265, 2571128.604876885], [693938.391566265, 2571128.6047360357], [693948.391566265, 2571128.6046266565], [693958.391566265, 2571128.6046266565], [693968.391566265, 2571128.6046266565], [693968.4736865963, 2571128.686746988], [693968.4770656714, 2571138.686746988], [693968.4800472353, 2571148.686746988], [693968.4828596746, 2571158.686746988], [693978.391566265, 2571168.591294098], [693988.391566265, 2571168.591294098], [693988.4870191548, 2571168.686746988], [693988.4897153269, 2571178.686746988], [693988.4901645501, 2571188.686746988], [693988.4901645501, 2571198.686746988], [693988.4975572118, 2571208.6867469875], [693988.4978935968, 2571218.686746988], [693988.4978935968, 2571228.686746988], [693988.4978935968, 2571238.686746988], [693998.391566265, 2571248.5757126627], [694008.281616084, 2571238.686746988], [694008.391566265, 2571238.576796807], [694018.2832970052, 2571228.686746988], [694018.2866605686, 2571218.686746988], [694008.391566265, 2571208.788286839], [694008.290026414, 2571208.686746988], [694008.290026414, 2571198.686746988], [694008.290026414, 2571188.686746988], [694008.2917101956, 2571178.686746988], [694008.2936418242, 2571168.686746988], [694008.391566265, 2571168.5888225473], [694018.391566265, 2571168.5885752854], [694028.391566265, 2571168.5885752854], [694038.391566265, 2571168.5885752854], [694048.2950794898, 2571158.686746988], [694048.2970124335, 2571148.686746988], [694048.2999903443, 2571138.686746988], [694048.391566265, 2571138.595171067], [694058.391566265, 2571138.595171067], [694068.391566265, 2571138.595171067], [694068.4831421857, 2571138.686746988], [694078.391566265, 2571148.5907617407], [694088.391566265, 2571148.58831442], [694098.391566265, 2571148.5866301544], [694108.2936996408, 2571138.686746988], [694108.391566265, 2571138.588880364], [694118.391566265, 2571138.588206512], [694128.391566265, 2571138.588206512], [694138.391566265, 2571138.588206512], [694138.4901067413, 2571138.686746988], [694148.391566265, 2571148.584121148], [694148.4941921048, 2571148.686746988], [694158.391566265, 2571158.584121148], [694158.4941921048, 2571158.686746988], [694158.4958749445, 2571168.686746988], [694168.391566265, 2571178.5824383087], [694168.4958749444, 2571178.686746988], [694178.391566265, 2571188.5824383083], [694178.4958749444, 2571188.686746988], [694188.391566265, 2571198.5824383087], [694188.4958749444, 2571198.686746988], [694198.391566265, 2571208.5824383087], [694208.2946663698, 2571198.686746988], [694208.2954246688, 2571188.686746988], [694208.2954246688, 2571178.686746988], [694208.391566265, 2571178.590605392], [694218.2937396116, 2571168.686746988], [694218.391566265, 2571168.5889203344], [694228.391566265, 2571168.5889203344], [694238.391566265, 2571168.5889203344], [694248.391566265, 2571168.588486939], [694258.391566265, 2571168.588486939], [694268.2892647936, 2571158.686746988], [694268.2892647936, 2571148.686746988], [694268.290529718, 2571138.686746988], [694268.293905873, 2571128.686746988], [694268.391566265, 2571128.5890865964], [694278.391566265, 2571128.5890865964], [694288.391566265, 2571128.5890865964], [694298.391566265, 2571128.5890865964], [694308.391566265, 2571128.5890865964], [694318.391566265, 2571128.5890865964], [694328.391566265, 2571128.5890865964], [694328.489226657, 2571128.686746988], [694338.391566265, 2571138.585710441], [694338.492602812, 2571138.686746988], [694348.391566265, 2571148.5836153575], [694358.391566265, 2571148.5838730317], [694368.391566265, 2571148.584130713], [694378.2931561684, 2571138.686746988], [694378.391566265, 2571138.5883368915], [694388.391566265, 2571138.5883368915], [694398.391566265, 2571138.587591878], [694408.391566265, 2571138.5858061197], [694418.391566265, 2571138.5838200585], [694428.391566265, 2571138.583510151], [694438.391566265, 2571138.583510151], [694448.391566265, 2571138.583510151], [694458.391566265, 2571138.586791822], [694458.4915214311, 2571138.686746988], [694458.4963264129, 2571148.686746988], [694458.5013674754, 2571158.686746988], [694458.5020165604, 2571168.686746988], [694468.391566265, 2571178.5762966927], [694478.288465318, 2571168.686746988], [694478.288465318, 2571158.686746988], [694478.288465318, 2571148.686746988], [694478.2895254487, 2571138.686746988], [694478.2895254487, 2571128.686746988], [694478.2914007588, 2571118.686746988], [694478.2958760199, 2571108.686746988], [694478.2995524441, 2571098.686746988], [694478.391566265, 2571098.5947331674], [694488.391566265, 2571098.594284195], [694498.391566265, 2571098.594284195], [694508.391566265, 2571098.594284195], [694508.4840290578, 2571098.686746988], [694518.391566265, 2571108.5895334217], [694528.391566265, 2571108.5890804743], [694538.2968484191, 2571098.686746988], [694538.391566265, 2571098.592029142], [694548.391566265, 2571098.591847867], [694558.391566265, 2571098.591847867], [694568.391566265, 2571098.591847867], [694578.391566265, 2571098.592748533], [694588.391566265, 2571098.591737], [694598.391566265, 2571098.591568431], [694608.391566265, 2571098.591568431], [694618.391566265, 2571098.591568431], [694618.4867448224, 2571098.686746988], [694618.4867448224, 2571108.686746988], [694628.391566265, 2571118.5922427406], [694628.4860705126, 2571118.686746988], [694638.391566265, 2571128.592411332], [694648.391566265, 2571128.5878131404], [694658.2903230365, 2571118.686746988], [694658.2903230365, 2571108.686746988], [694648.391566265, 2571098.785049125], [694648.2932641279, 2571098.686746988], [694648.2932641279, 2571088.686746988], [694648.2932641279, 2571078.686746988], [694648.2949490113, 2571068.686746988], [694648.2966344681, 2571058.686746988], [694648.2990630963, 2571048.686746988], [694648.3091928774, 2571038.686746988], [694648.3096999096, 2571028.686746988], [694648.3147730847, 2571018.686746988], [694648.391566265, 2571018.609953808], [694658.391566265, 2571018.609953808], [694668.391566265, 2571018.609953808], [694668.4683594453, 2571018.686746988], [694678.391566265, 2571028.6058948524], [694678.4724184005, 2571028.686746988], [694688.391566265, 2571038.5931299706], [694698.391566265, 2571038.5931299706], [694698.4851832823, 2571038.686746988], [694708.391566265, 2571048.591945714], [694708.4863675389, 2571048.686746988], [694718.391566265, 2571058.590260213], [694728.391566265, 2571058.590260213], [694738.3915662651, 2571058.590260213], [694748.391566265, 2571058.590260213], [694758.2967649911, 2571048.686746988], [694758.391566265, 2571048.591945714], [694768.391566265, 2571048.591945714], [694778.2979492478, 2571038.686746988], [694778.391566265, 2571038.5931299706], [694788.2979492478, 2571028.686746988], [694788.2979492478, 2571018.686746988], [694788.2979492478, 2571008.686746988], [694788.2979492478, 2570998.686746988], [694788.2984510661, 2570988.686746988], [694788.391566265, 2570988.593631789], [694798.3001377153, 2570978.686746988], [694798.3018249389, 2570968.686746988], [694798.3035528959, 2570958.686746988], [694798.3055227407, 2570948.686746988], [694798.3074933684, 2570938.686746988], [694798.3094647799, 2570928.686746988], [694798.3114369633, 2570918.686746988], [694798.391566265, 2570918.606617686], [694808.391566265, 2570918.605954042], [694818.391566265, 2570918.6044038204], [694828.391566265, 2570918.6037278543], [694838.391566265, 2570918.6037278543], [694848.391566265, 2570918.6037278543], [694848.474585399, 2570918.686746988], [694848.4762713598, 2570928.686746988], [694848.4782944545, 2570938.686746988], [694858.391566265, 2570948.5970818605], [694858.4812313925, 2570948.686746988], [694868.391566265, 2570958.594382537], [694868.483930716, 2570958.686746988], [694878.391566265, 2570968.5906733554], [694878.4876398977, 2570968.686746988], [694878.4896619109, 2570978.686746988], [694888.391566265, 2570988.5859566084], [694888.4923566445, 2570988.686746988], [694888.4935310717, 2570998.686746988], [694898.391566265, 2571008.586498483], [694898.4918147703, 2571008.686746988], [694908.391566265, 2571018.591552865], [694908.4867603877, 2571018.686746988], [694908.4867603877, 2571028.686746988], [694908.4867603877, 2571038.686746988], [694918.391566265, 2571048.5918737664], [694918.4864394868, 2571048.686746988], [694918.493177966, 2571058.686746988], [694918.497905861, 2571068.686746988], [694928.391566265, 2571078.5790620847], [694928.4992511683, 2571078.686746988], [694938.391566265, 2571088.5782974595], [694948.391566265, 2571088.5782974595], [694958.391566265, 2571088.5782974595], [694958.5000157935, 2571088.686746988], [694968.391566265, 2571098.5762966927], [694978.391566265, 2571098.5762966927], [694988.2836032178, 2571088.686746988], [694988.2836032178, 2571078.686746988], [694988.2836032178, 2571068.686746988], [694988.391566265, 2571068.578783941], [694998.391566265, 2571068.578783941], [695008.391566265, 2571068.578783941], [695018.391566265, 2571068.58657723], [695028.391566265, 2571068.58657723], [695038.391566265, 2571068.58926624], [695048.391566265, 2571068.595496184], [695058.2838723118, 2571058.686746988], [695058.2816938775, 2571048.686746988], [695058.2808716345, 2571038.686746988], [695048.391566265, 2571028.7914376296], [695048.286875623, 2571028.686746988], [695048.286875623, 2571018.686746988], [695048.2850455603, 2571008.686746988], [695048.2830387764, 2570998.686746988], [695038.391566265, 2570988.7945846478], [695038.2837286053, 2570988.686746988], [695038.2817221212, 2570978.686746988], [695038.2811159696, 2570968.686746988], [695038.2811159696, 2570958.686746988], [695028.391566265, 2570948.790554859], [695028.2877583937, 2570948.686746988], [695028.2877583937, 2570938.686746988], [695028.2877583937, 2570928.686746988], [695028.2888411314, 2570918.686746988], [695028.2904945661, 2570908.686746988], [695028.391566265, 2570908.585675289], [695038.391566265, 2570908.5847101207], [695048.2898611499, 2570898.686746988], [695048.2911660983, 2570888.686746988], [695048.391566265, 2570888.5863468214], [695058.391566265, 2570888.585584791], [695068.391566265, 2570888.585095419], [695078.391566265, 2570888.585095419], [695088.391566265, 2570888.585095419], [695088.493217834, 2570888.686746988], [695098.391566265, 2570898.58413418], [695098.4941790729, 2570898.686746988], [695108.391566265, 2570908.584092743], [695108.4942205099, 2570908.686746988], [695118.391566265, 2570918.584088975], [695118.494224278, 2570918.686746988], [695128.391566265, 2570928.5840870906], [695128.4942261621, 2570928.686746988], [695128.4953542232, 2570938.686746988], [695138.391566265, 2570948.5790594807], [695138.4992537721, 2570948.686746988], [695148.391566265, 2570958.5762966927], [695148.5020165604, 2570958.686746988], [695158.391566265, 2570968.5762966927], [695168.391566265, 2570968.5762966927], [695178.391566265, 2570968.5762966927], [695178.5020165604, 2570968.686746988], [695188.391566265, 2570978.5762966922], [695198.2808603906, 2570968.686746988], [695198.391566265, 2570968.5760411136], [695208.391566265, 2570968.574542263], [695218.2788342073, 2570958.686746988], [695218.2805141889, 2570948.686746988], [695218.391566265, 2570948.5756949116], [695228.2803410942, 2570938.686746988], [695228.391566265, 2570938.5755218174], [695238.2801680056, 2570928.686746988], [695238.391566265, 2570928.575348729], [695248.2799949289, 2570918.686746988], [695248.281297121, 2570908.686746988], [695248.2818414561, 2570898.686746988], [695248.2825418665, 2570888.686746988], [695248.2847453026, 2570878.686746988], [695248.2869497268, 2570868.686746988], [695248.391566265, 2570868.58213045], [695258.391566265, 2570868.581712497], [695268.391566265, 2570868.5812945785], [695278.391566265, 2570868.580876702], [695288.391566265, 2570868.580458855], [695298.391566265, 2570868.5800663214], [695308.391566265, 2570868.578721107], [695318.391566265, 2570868.578272785], [695328.391566265, 2570868.578272785], [695338.391566265, 2570868.578272785], [695338.5000404676, 2570868.686746988], [695338.5001195698, 2570878.686746988], [695338.501516446, 2570888.686746988], [695338.503196796, 2570898.686746988], [695338.5048765753, 2570908.686746988], [695348.391566265, 2570918.5717574633], [695358.391566265, 2570918.5717574633], [695368.2782559549, 2570908.686746988], [695368.391566265, 2570908.5734366775], [695378.2811159696, 2570898.686746988], [695378.391566265, 2570898.5762966927], [695388.281616084, 2570888.686746988], [695388.391566265, 2570888.576796807], [695398.2832970053, 2570878.686746988], [695398.391566265, 2570878.578477728], [695408.391566265, 2570878.578477728], [695418.391566265, 2570878.578217401], [695428.2830366782, 2570868.686746988], [695428.391566265, 2570868.578217401], [695438.2830366782, 2570858.686746988], [695438.391566265, 2570858.578217401], [695448.2830366781, 2570848.686746988], [695448.391566265, 2570848.5782174007], [695458.2830366782, 2570838.686746988], [695458.391566265, 2570838.578217401], [695468.2833729134, 2570828.686746988], [695468.2852389334, 2570818.686746988], [695468.391566265, 2570818.5804196564], [695478.2879306528, 2570808.686746988], [695478.391566265, 2570808.5831113756], [695488.2895254487, 2570798.686746988], [695488.391566265, 2570798.584706172], [695498.290026414, 2570788.686746988], [695498.2923838686, 2570778.686746988], [695498.293394562, 2570768.686746988], [695498.3915662649, 2570768.588575285], [695508.2950794898, 2570758.686746988], [695508.391566265, 2570758.590260213], [695518.391566265, 2570758.590260213], [695528.2960023273, 2570748.686746988], [695528.391566265, 2570748.5911830505], [695538.2948185361, 2570738.686746988], [695538.3031547036, 2570728.686746988], [695538.3031547036, 2570718.686746988], [695538.3031547036, 2570708.686746988], [695538.3051806741, 2570698.686746988], [695538.391566265, 2570698.600361397], [695548.3046781617, 2570688.686746988], [695548.306366932, 2570678.686746988], [695548.3095049507, 2570668.686746988], [695548.3095049507, 2570658.686746988], [695548.3095049507, 2570648.686746988], [695548.3095049507, 2570638.686746988], [695548.3095049507, 2570628.686746988], [695548.391566265, 2570628.6046856735], [695558.3078151111, 2570618.686746988], [695558.391566265, 2570618.602995834], [695568.3063687079, 2570608.686746988], [695568.3063687079, 2570598.686746988], [695558.391566265, 2570588.763755802], [695558.3145574512, 2570588.686746988], [695558.3145574512, 2570578.686746988], [695558.3145574512, 2570568.686746988], [695558.391566265, 2570568.609738174], [695568.391566265, 2570568.6056793835], [695578.391566265, 2570568.6056793835], [695588.391566265, 2570568.6056793835], [695598.391566265, 2570568.6060074274], [695608.391566265, 2570568.6075775037], [695618.391566265, 2570568.6091480767], [695618.4691651763, 2570568.686746988], [695618.4708565365, 2570578.686746988], [695618.4725473204, 2570588.686746988], [695618.4742375399, 2570598.686746988], [695618.475251388, 2570608.686746988], [695618.4770292488, 2570618.686746988], [695618.4770292488, 2570628.686746988], [695618.4770292488, 2570638.686746988], [695618.4770292488, 2570648.686746988], [695618.4770292488, 2570658.686746988], [695618.4770292488, 2570668.686746988], [695618.391566265, 2570668.772209972], [695608.4810353925, 2570678.686746988], [695608.4813729017, 2570688.686746988], [695608.4844094504, 2570698.686746988], [695608.48542122, 2570708.686746988], [695608.48542122, 2570718.686746988], [695608.4894662321, 2570728.686746988], [695618.391566265, 2570738.5886063487], [695618.4897069043, 2570738.686746988], [695618.4907175921, 2570748.686746988], [695618.4907175921, 2570758.686746988], [695618.4907175921, 2570768.686746988], [695618.391566265, 2570768.785898315], [695608.391566265, 2570768.787341795], [695598.4935644112, 2570778.686746988], [695598.4935644112, 2570788.686746988], [695598.4935644112, 2570798.686746988], [695598.4935644112, 2570808.686746988], [695598.4935644112, 2570818.686746988], [695598.391566265, 2570818.788745134], [695588.391566265, 2570818.7887878045], [695578.4936070814, 2570828.686746988], [695578.4931740166, 2570838.686746988], [695578.391566265, 2570838.7883547395], [695568.4931740166, 2570848.686746988], [695568.391566265, 2570848.7883547395], [695558.4931740165, 2570858.686746988], [695558.4918351616, 2570868.686746988], [695558.391566265, 2570868.787015884], [695548.4952018773, 2570878.686746988], [695548.391566265, 2570878.7903826], [695538.4978176589, 2570888.686746988], [695538.391566265, 2570888.792998382], [695528.4991629903, 2570898.686746988], [695528.391566265, 2570898.794343713], [695518.500844146, 2570908.686746988], [695518.391566265, 2570908.796024869], [695508.5020165604, 2570918.686746988], [695508.391566265, 2570918.7971972837], [695498.391566265, 2570918.7971972837], [695488.5020165604, 2570928.686746988], [695488.391566265, 2570928.7971972832], [695478.391566265, 2570928.7971972832], [695468.391566265, 2570928.7971972832], [695458.391566265, 2570928.7971972832], [695448.5020165604, 2570938.686746988], [695448.391566265, 2570938.7971972832], [695438.391566265, 2570938.7971972832], [695428.5020165604, 2570948.686746988], [695428.391566265, 2570948.7971972832], [695418.391566265, 2570948.7987893703], [695408.5079745292, 2570958.686746988], [695408.5079745292, 2570968.686746988], [695408.5051082105, 2570978.686746988], [695408.391566265, 2570978.800288934], [695398.391566265, 2570978.8019680693], [695388.5040246161, 2570988.686746988], [695388.391566265, 2570988.799205339], [695378.391566265, 2570988.799205339], [695368.5025043833, 2570998.686746988], [695368.5025043833, 2571008.686746988], [695368.391566265, 2571008.7976851063], [695358.5058638415, 2571018.686746988], [695358.5058638415, 2571028.686746988], [695358.391566265, 2571028.8010445647], [695348.5092763053, 2571038.686746988], [695348.5094694017, 2571048.686746988], [695348.5094694017, 2571058.686746988], [695348.5125162923, 2571068.686746988], [695348.5136698249, 2571078.686746988], [695348.5148230881, 2571088.686746988], [695348.5157668787, 2571098.686746988], [695348.5165738582, 2571108.686746988], [695348.51771061, 2571118.686746988], [695358.391566265, 2571128.561733073], [695358.5165801799, 2571128.686746988], [695358.5174072046, 2571138.686746988], [695358.5178564229, 2571148.686746988], [695368.391566265, 2571158.5624279696], [695368.5158852834, 2571158.686746988], [695368.5163346343, 2571168.686746988], [695368.5177067938, 2571178.686746988], [695378.391566265, 2571188.559817245], [695388.391566265, 2571188.5609517847], [695388.517361468, 2571188.686746988], [695398.391566265, 2571198.56016251], [695398.5181507436, 2571198.6867469884], [695398.5187927281, 2571208.686746988], [695398.5187927281, 2571218.686746988], [695408.391566265, 2571228.5666739354], [695418.391566265, 2571228.5718124146], [695418.5065008381, 2571228.686746988], [695418.5114012042, 2571238.686746988], [695418.5187927281, 2571248.686746988], [695428.391566265, 2571258.559520525], [695428.5187927282, 2571258.686746988], [695438.391566265, 2571268.5548899863], [695448.391566265, 2571268.5548899863], [695448.5234232667, 2571268.686746988], [695458.391566265, 2571278.5511537697], [695458.5271594834, 2571278.686746988], [695468.391566265, 2571288.5511537697], [695478.391566265, 2571288.552429654], [695478.525883599, 2571288.686746988], [695488.391566265, 2571298.5526236165], [695488.5256896362, 2571298.686746988], [695498.391566265, 2571308.553042442], [695498.5252708112, 2571308.686746988], [695498.5263146197, 2571318.686746988], [695498.5271594833, 2571328.686746988], [695498.5271594833, 2571338.686746988], [695508.391566265, 2571348.5513996626], [695508.5269135905, 2571348.686746988], [695508.5271594834, 2571358.686746988], [695518.391566265, 2571368.5518385246], [695518.5264747282, 2571368.686746988], [695518.526781601, 2571378.6867469875], [695518.5271594834, 2571388.686746988], [695518.5271594834, 2571398.686746988], [695528.391566265, 2571408.5511762397], [695528.5271370132, 2571408.686746988], [695528.5271594834, 2571418.686746988], [695538.391566265, 2571428.56054237], [695548.391566265, 2571428.56054237], [695558.391566265, 2571428.5652774563], [695568.391566265, 2571428.569521246], [695578.391566265, 2571428.5737686837], [695578.5045445694, 2571428.686746988], [695578.5050267735, 2571438.686746988], [695588.391566265, 2571448.575547607], [695588.5027656456, 2571448.686746988], [695598.391566265, 2571458.5698004356], [695598.5085128172, 2571458.686746988], [695608.391566265, 2571468.5640599406], [695608.5142533125, 2571468.686746988], [695618.391566265, 2571478.5584287755], [695628.391566265, 2571478.5584287755], [695628.5198844775, 2571478.686746988], [695628.5200967939, 2571488.686746988], [695628.5200967939, 2571498.686746988], [695638.391566265, 2571508.5583115052], [695638.5200017475, 2571508.686746988], [695648.391566265, 2571518.5550788096], [695658.391566265, 2571518.554356323], [695668.391566265, 2571518.5532727926], [695678.391566265, 2571518.552189499], [695688.2559730466, 2571508.686746988], [695688.2581430051, 2571498.686746988], [695678.391566265, 2571488.818497291], [695678.2598159622, 2571488.686746988], [695678.2598159622, 2571478.686746988], [695668.391566265, 2571468.814814801], [695668.2634984521, 2571468.686746988], [695668.2634984521, 2571458.686746988], [695668.2634984521, 2571448.686746988], [695668.2643398019, 2571438.686746988], [695668.391566265, 2571438.559520525], [695678.264339802, 2571428.686746988], [695678.391566265, 2571428.559520525], [695688.2643398019, 2571418.686746988], [695678.391566265, 2571408.813973451], [695678.264339802, 2571408.686746988], [695678.264339802, 2571398.686746988], [695668.391566265, 2571388.813973451], [695668.2643398019, 2571388.686746988], [695658.391566265, 2571378.81162956], [695658.2666836935, 2571378.686746988], [695658.2666836935, 2571368.686746988], [695648.391566265, 2571358.8082286264], [695648.2700846266, 2571358.686746988], [695648.2700846266, 2571348.686746988], [695648.2700846266, 2571338.686746988], [695638.391566265, 2571328.803675036], [695638.2746382168, 2571328.686746988], [695638.2746382168, 2571318.686746988], [695638.2746382168, 2571308.686746988], [695638.2763167667, 2571298.686746988], [695638.277995887, 2571288.686746988], [695638.2793057229, 2571278.686746988], [695638.2795549732, 2571268.686746988], [695638.391566265, 2571268.574735696], [695648.391566265, 2571268.574735696], [695658.391566265, 2571268.574735696], [695658.5035775568, 2571268.686746988], [695668.391566265, 2571278.5743184634], [695668.5039947894, 2571278.686746988], [695678.391566265, 2571288.5664635436], [695688.391566265, 2571288.5647867024], [695698.391566265, 2571288.56344564], [695708.391566265, 2571288.56344564], [695718.391566265, 2571288.56344564], [695728.391566265, 2571288.560018944], [695738.2665134433, 2571278.686746988], [695728.391566265, 2571268.806099793], [695728.2722134604, 2571268.686746988], [695728.2722134604, 2571258.686746988], [695718.391566265, 2571248.805592491], [695718.2727207622, 2571248.686746988], [695708.391566265, 2571238.8048835187], [695708.2734297342, 2571238.686746988], [695708.2734297342, 2571228.686746988], [695708.2734297342, 2571218.686746988], [695708.2734297342, 2571208.686746988], [695708.391566265, 2571208.5686104572], [695718.391566265, 2571208.567901485], [695728.391566265, 2571208.567901485], [695738.391566265, 2571208.567901485], [695748.391566265, 2571208.567901485], [695748.5104117679, 2571208.686746988], [695758.391566265, 2571218.567901485], [695758.5104117679, 2571218.686746988], [695768.391566265, 2571228.567901485], [695768.5104117679, 2571228.686746988], [695778.3915662651, 2571238.5666833166], [695788.391566265, 2571238.5666833166], [695798.391566265, 2571238.5666833166], [695798.5116299365, 2571238.686746988], [695798.5116299365, 2571248.686746988], [695798.5132669298, 2571258.686746988], [695808.391566265, 2571268.5633699633], [695808.5149432897, 2571268.686746988], [695808.5166190867, 2571278.686746988], [695818.391566265, 2571288.560018944], [695818.518294309, 2571288.686746988], [695818.5187927282, 2571298.686746988], [695818.5187927282, 2571308.686746988], [695818.5187927282, 2571318.686746988], [695818.5187927282, 2571328.686746988], [695818.5187927282, 2571338.686746988], [695828.391566265, 2571348.5583442897], [695828.5199689632, 2571348.686746988], [695838.391566265, 2571358.556670204], [695838.5216430494, 2571358.686746988], [695838.5233165679, 2571368.686746988], [695848.391566265, 2571378.5539173153], [695848.524395938, 2571378.686746988], [695848.5260685292, 2571388.686746988], [695858.391566265, 2571398.552244724], [695858.5260685292, 2571398.686746988], [695858.5271594834, 2571408.686746988], [695858.5271594834, 2571418.686746988], [695858.5271594834, 2571428.686746988], [695868.391566265, 2571438.5511537697], [695878.391566265, 2571438.5511537697], [695888.391566265, 2571438.5511537697], [695898.2559730466, 2571428.686746988], [695898.2559730466, 2571418.686746988], [695888.391566265, 2571408.8175810077], [695888.2607322453, 2571408.686746988], [695878.391566265, 2571398.8159071784], [695878.2624060744, 2571398.686746988], [695868.391566265, 2571388.814232781], [695868.2640804717, 2571388.686746988], [695868.2640804717, 2571378.686746988], [695868.2640804717, 2571368.686746988], [695868.2640804717, 2571358.686746988], [695868.2640804717, 2571348.686746988], [695868.2640804717, 2571338.686746988], [695868.391566265, 2571338.5592611944], [695878.2624060744, 2571328.686746988], [695878.2624060744, 2571318.686746988], [695878.2624060744, 2571308.686746988], [695878.2631635668, 2571298.686746988], [695878.391566265, 2571298.5583442897], [695888.391566265, 2571298.5583442897], [695898.2648382209, 2571288.686746988], [695898.391566265, 2571288.560018944], [695908.391566265, 2571288.5599790625], [695918.391566265, 2571288.559758306], [695928.391566265, 2571288.559758306], [695938.391566265, 2571288.559758306], [695938.5185549473, 2571288.686746988], [695948.391566265, 2571298.5583442897], [695958.391566265, 2571298.5583442897], [695958.5199689632, 2571298.686746988], [695958.5216430494, 2571308.686746988], [695968.391566265, 2571318.554996685], [695968.5233165679, 2571318.686746988], [695968.5249895249, 2571328.686746988], [695978.391566265, 2571338.551651344], [695988.391566265, 2571338.551651344], [695998.391566265, 2571338.551651344], [696008.391566265, 2571338.551651344], [696018.391566265, 2571338.551651344], [696018.5266619088, 2571338.686746988], [696018.5271594833, 2571348.686746988], [696028.391566265, 2571358.5511537693], [696028.5271594834, 2571358.686746988], [696038.391566265, 2571368.5511537697], [696038.5271594834, 2571368.686746988], [696048.391566265, 2571378.5511537697], [696058.2570201571, 2571368.686746988], [696058.391566265, 2571368.55220088], [696068.391566265, 2571368.55220088], [696078.391566265, 2571368.55220088], [696088.391566265, 2571368.5525353486], [696098.391566265, 2571368.55337162], [696098.5249416333, 2571368.686746988], [696108.391566265, 2571378.553323728], [696108.5249895249, 2571378.686746988], [696108.5266619088, 2571388.686746988], [696118.391566265, 2571398.549979527], [696118.5283337259, 2571398.686746988], [696128.391566265, 2571408.5483082766], [696128.5300049764, 2571408.686746988], [696138.391566265, 2571418.546637587], [696138.5316756666, 2571418.686746988], [696148.391566265, 2571428.548523992], [696158.391566265, 2571428.558081087], [696158.5202321656, 2571428.686746988], [696168.391566265, 2571438.5497167706], [696178.391566265, 2571438.5517229126], [696188.391566265, 2571438.5530607933], [696198.2690071517, 2571428.686746988], [696198.391566265, 2571428.5641878746], [696208.391566265, 2571428.56115501], [696218.391566265, 2571428.5571358637], [696228.2688474983, 2571418.686746988], [696218.391566265, 2571408.8058522614], [696218.2724609914, 2571408.686746988], [696218.2724609914, 2571398.686746988], [696218.2724609914, 2571388.686746988], [696218.2724609914, 2571378.686746988], [696218.2724609914, 2571368.686746988], [696218.2724609914, 2571358.686746988], [696218.2724609914, 2571348.686746988], [696218.391566265, 2571348.567641714], [696228.391566265, 2571348.565964474], [696238.2711029896, 2571338.686746988], [696238.391566265, 2571338.5662837126], [696248.2761367525, 2571328.686746988], [696248.2828564191, 2571318.686746988], [696248.391566265, 2571318.578037142], [696258.391566265, 2571318.5763563705], [696268.391566265, 2571318.575684222], [696278.391566265, 2571318.575684222], [696288.391566265, 2571318.575684222], [696288.5026290313, 2571318.686746988], [696288.5100166531, 2571328.686746988], [696288.5167230963, 2571338.686746988], [696298.391566265, 2571348.558938475], [696298.5193747783, 2571348.686746988], [696298.5210490659, 2571358.686746988], [696298.5227227858, 2571368.686746988], [696298.5243959381, 2571378.686746988], [696308.391566265, 2571388.553917315], [696308.5243959381, 2571388.686746988], [696308.5248937473, 2571398.686746988], [696308.5248937473, 2571408.686746988], [696318.391566265, 2571418.554996685], [696318.5233165679, 2571418.686746988], [696318.5249895249, 2571428.686746988], [696318.5266619087, 2571438.686746988], [696318.5271594834, 2571448.686746988], [696318.5271594834, 2571458.686746988], [696318.5271594834, 2571468.686746988], [696328.391566265, 2571478.5511537693], [696338.2559730468, 2571468.686746988], [696338.2559730468, 2571458.686746988], [696338.391566265, 2571458.5511537697], [696348.2559730466, 2571448.686746988], [696348.2564706212, 2571438.686746988], [696348.2581430051, 2571428.686746988], [696348.2590589776, 2571418.686746988], [696348.2590589776, 2571408.686746988], [696348.2593038875, 2571398.686746988], [696348.2598058314, 2571388.686746988], [696348.391566265, 2571388.5549865547], [696358.391566265, 2571388.553313607], [696368.391566265, 2571388.552979085], [696378.391566265, 2571388.552979085], [696388.391566265, 2571388.552979085], [696388.5253341678, 2571388.686746988], [696398.391566265, 2571398.5517308353], [696398.5265824173, 2571398.686746988], [696398.5265824173, 2571408.686746988], [696398.5265824173, 2571418.686746988], [696398.5265661636, 2571428.686746988], [696398.5265661636, 2571438.686746988], [696398.5265661636, 2571448.686746988], [696398.5265661636, 2571458.686746988], [696398.5265661636, 2571468.686746988], [696398.5265661636, 2571478.686746988], [696398.5265661636, 2571488.686746988], [696398.5265661636, 2571498.686746988], [696398.5265661636, 2571508.686746988], [696398.5265661636, 2571518.686746988], [696398.391566265, 2571518.8217468867], [696388.5267293437, 2571528.686746988], [696388.5250569826, 2571538.686746988], [696388.5233840545, 2571548.686746988], [696388.5255708446, 2571558.686746988], [696388.5289146516, 2571568.686746988], [696388.5322561987, 2571578.6867469875], [696388.5350153433, 2571588.6867469884], [696398.391566265, 2571598.5433934927], [696398.5349197603, 2571598.686746988], [696398.5349197603, 2571608.686746988], [696398.5349197603, 2571618.6867469875], [696398.5349197603, 2571628.6867469884], [696408.391566265, 2571638.5450630835], [696408.5332501694, 2571638.686746988], [696408.5332501694, 2571648.686746988], [696418.391566265, 2571658.5467332345], [696428.2547988043, 2571648.686746988], [696428.3915662651, 2571648.549979527], [696438.256968252, 2571638.686746988], [696438.391566265, 2571638.552148975], [696448.2603139245, 2571628.686746988], [696448.391566265, 2571628.5554946475], [696458.2690233085, 2571618.686746988], [696448.391566265, 2571608.80492554], [696438.391566265, 2571608.8015687196], [696438.2767445333, 2571608.686746988], [696438.2717101516, 2571598.686746988], [696438.2707038916, 2571588.686746988], [696438.2707038916, 2571578.686746988], [696438.2707038916, 2571568.686746988], [696438.391566265, 2571568.5658846144], [696448.391566265, 2571568.565213889], [696458.391566265, 2571568.565213889], [696468.391566265, 2571568.565213889], [696468.5130993645, 2571568.686746988], [696478.391566265, 2571578.5651260307], [696488.391566265, 2571578.5651260307], [696488.5131872223, 2571578.686746988], [696498.391566265, 2571588.5649024774], [696498.5134107753, 2571588.686746988], [696498.5134107753, 2571598.686746988], [696508.391566265, 2571608.5621928107], [696508.5161204422, 2571608.686746988], [696508.5161204422, 2571618.686746988], [696508.5161204422, 2571628.686746988], [696508.391566265, 2571628.8113011653], [696498.519470663, 2571638.686746988], [696498.391566265, 2571638.814651386], [696488.5283337259, 2571648.686746988], [696498.391566265, 2571658.5483082766], [696498.5300049763, 2571658.686746988], [696508.391566265, 2571668.5466375863], [696518.391566265, 2571668.5466375863], [696528.2531275536, 2571658.686746988], [696528.391566265, 2571658.5483082766], [696538.391566265, 2571658.5483082766], [696548.391566265, 2571658.5483082766], [696558.391566265, 2571658.5483082766], [696568.391566265, 2571658.5483082766], [696578.391566265, 2571658.548403951], [696578.529909302, 2571658.686746988], [696578.529909302, 2571668.686746988], [696588.391566265, 2571678.55007524], [696588.5282380132, 2571678.686746988], [696588.5282380132, 2571688.686746988], [696588.5294119988, 2571698.686746988], [696598.391566265, 2571708.5494943033], [696598.52881895, 2571708.686746988], [696598.5304900422, 2571718.686746988], [696608.391566265, 2571728.549494303], [696608.5288189502, 2571728.686746988], [696608.5304900422, 2571738.686746988], [696618.391566265, 2571748.5483204494], [696618.5299928036, 2571748.686746988], [696618.5333336142, 2571758.686746988], [696618.5355120756, 2571768.686746988], [696618.5355120756, 2571778.686746988], [696628.391566265, 2571788.5428011776], [696628.5355120756, 2571788.686746988], [696628.5355120756, 2571798.686746988], [696628.5355120756, 2571808.686746988], [696628.5355120756, 2571818.686746988], [696628.5355120756, 2571828.686746988], [696628.5355120756, 2571838.686746988], [696638.391566265, 2571848.5428011776], [696638.5355120756, 2571848.686746988], [696638.5355120756, 2571858.686746988], [696638.5355120756, 2571868.686746988], [696638.5355120756, 2571878.686746988], [696638.5355120756, 2571888.686746988], [696638.5355120756, 2571898.686746988], [696648.391566265, 2571908.5428011776], [696648.5355120756, 2571908.686746988], [696648.5355120756, 2571918.686746988], [696648.5355120756, 2571928.6867469875], [696658.391566265, 2571938.542801177], [696668.391566265, 2571938.542801177], [696678.391566265, 2571938.542801177], [696688.391566265, 2571938.542801177], [696698.391566265, 2571938.5563577865], [696708.391566265, 2571938.5563577865], [696718.391566265, 2571938.5563577865], [696728.391566265, 2571938.560376293], [696728.5179369596, 2571938.686746988], [696728.5186846234, 2571948.686746988], [696738.391566265, 2571958.5646556113], [696738.5136576417, 2571958.686746988], [696738.5136576417, 2571968.686746988], [696738.5136576417, 2571978.686746988], [696738.5136576417, 2571988.686746988], [696738.391566265, 2571988.8088383647], [696728.391566265, 2571988.81185517], [696718.391566265, 2571988.81185517], [696708.391566265, 2571988.823903976], [696698.533734916, 2571998.686746988], [696708.391566265, 2572008.5495900004], [696708.5287232527, 2572008.686746988], [696718.391566265, 2572018.554319365], [696728.391566265, 2572018.554319365], [696738.391566265, 2572018.554319365], [696748.391566265, 2572018.5561006875], [696758.391566265, 2572018.5611301814], [696758.5171830714, 2572018.686746988], [696758.5222125654, 2572028.686746988], [696758.5272308458, 2572038.686746988], [696758.5322440254, 2572048.686746988], [696768.391566265, 2572058.5460692276], [696768.5322440254, 2572058.686746988], [696768.5355120756, 2572068.686746988], [696768.5355120756, 2572078.686746988], [696768.5355120756, 2572088.686746988], [696768.5366843304, 2572098.686746988], [696778.391566265, 2572108.539960501], [696778.5383527526, 2572108.686746988], [696788.391566265, 2572118.538292643], [696788.5400206099, 2572118.686746988], [696798.391566265, 2572128.53899207], [696798.539321183, 2572128.686746988], [696798.5408932451, 2572138.686746988], [696808.391566265, 2572148.545763472], [696808.5325497808, 2572148.686746988], [696808.5325497808, 2572158.686746988], [696808.5325497808, 2572168.686746988], [696818.391566265, 2572178.549390544], [696828.391566265, 2572178.549390544], [696838.391566265, 2572178.550393447], [696848.391566265, 2572178.551768719], [696848.5265445339, 2572178.686746988], [696858.391566265, 2572188.5459196926], [696858.5323935606, 2572188.686746988], [696858.5349675491, 2572198.686746988], [696868.391566265, 2572208.5433457037], [696868.534967549, 2572208.686746988], [696878.391566265, 2572218.5453492543], [696888.391566265, 2572218.5453492543], [696898.2526741211, 2572208.686746988], [696898.2536767112, 2572198.686746988], [696898.2560863796, 2572188.686746988], [696898.2606026703, 2572178.686746988], [696898.391566265, 2572178.5557833933], [696908.3915662649, 2572178.554335957], [696918.391566265, 2572178.554335957], [696928.391566265, 2572178.554335957], [696928.5239772964, 2572178.686746988], [696938.391566265, 2572188.552604866], [696948.391566265, 2572188.5463789324], [696958.391566265, 2572188.544708902], [696968.2495281788, 2572178.686746988], [696968.391566265, 2572178.5447089016], [696978.3915662649, 2572178.543039431], [696988.391566265, 2572178.5428011776], [696998.391566265, 2572178.5428011776], [697008.2476204544, 2572168.686746988], [697008.2476204544, 2572158.686746988], [697008.247858708, 2572148.686746988], [697008.2488583964, 2572138.686746988], [697008.3915662649, 2572138.5440391195], [697018.391566265, 2572138.5431716624], [697028.391566265, 2572138.5431716624], [697038.391566265, 2572138.5431716624], [697048.391566265, 2572138.543810263], [697048.5345029902, 2572138.686746988], [697048.5355120756, 2572148.686746988], [697058.391566265, 2572158.5428011776], [697058.5355120756, 2572158.686746988], [697058.5355120756, 2572168.686746988], [697068.391566265, 2572178.5428011776], [697068.5355120756, 2572178.686746988], [697068.5355120756, 2572188.686746988], [697078.391566265, 2572198.5428011776], [697078.5355120758, 2572198.6867469884], [697078.5355120758, 2572208.686746988], [697078.5355120758, 2572218.686746988], [697078.5355120758, 2572228.686746988], [697078.5355120758, 2572238.686746988], [697078.391566265, 2572238.8306927984], [697068.391566265, 2572238.8306927984], [697058.5355120756, 2572248.686746988], [697058.391566265, 2572248.830692799], [697048.5355120756, 2572258.686746988], [697048.391566265, 2572258.8306927984], [697038.391566265, 2572258.8306927984], [697028.391566265, 2572258.8306927984], [697018.391566265, 2572258.8306927984], [697008.5355120756, 2572268.686746988], [697008.5355120756, 2572278.686746988], [697018.391566265, 2572288.5428011776], [697028.391566265, 2572288.5428011776], [697038.391566265, 2572288.5428011776], [697038.5355120756, 2572288.686746988], [697048.391566265, 2572298.542801177], [697048.5355120756, 2572298.686746988], [697048.5355120756, 2572308.686746988], [697058.391566265, 2572318.542801177], [697068.391566265, 2572318.542801177], [697078.2476204544, 2572308.686746988], [697078.2476204544, 2572298.686746988], [697078.2481171867, 2572288.6867469884], [697078.391566265, 2572288.5432979097], [697088.391566265, 2572288.5432979097], [697098.391566265, 2572288.5432979097], [697108.2497867452, 2572278.686746988], [697108.391566265, 2572278.5449674684], [697118.2514568635, 2572268.686746988], [697118.391566265, 2572268.5466375863], [697128.391566265, 2572268.5466375863], [697138.391566265, 2572268.5466375863], [697148.2559730466, 2572258.6867469875], [697138.391566265, 2572248.8223402062], [697138.2559730466, 2572248.686746988], [697138.2559730466, 2572238.686746988], [697128.391566265, 2572228.8223402062], [697128.2559730468, 2572228.686746988], [697128.2558098863, 2572218.686746988], [697128.2544725605, 2572208.686746988], [697128.2544725605, 2572198.686746988], [697128.2544725605, 2572188.686746988], [697128.391566265, 2572188.5496532833], [697138.391566265, 2572188.5496532833], [697148.391566265, 2572188.5496532833], [697158.391566265, 2572188.5496532833], [697168.391566265, 2572188.550321904], [697168.5279913491, 2572188.686746988], [697178.391566265, 2572198.5511537697], [697178.5271594834, 2572198.686746988], [697178.5271594834, 2572208.686746988], [697188.391566265, 2572218.5511537697], [697188.5271594833, 2572218.686746988], [697188.5271594833, 2572228.686746988], [697188.5271594833, 2572238.686746988], [697198.391566265, 2572248.549979527], [697198.5283337259, 2572248.686746988], [697198.5300049763, 2572258.686746988], [697208.391566265, 2572268.5466375863], [697218.2559730466, 2572258.6867469875], [697218.391566265, 2572258.5511537693], [697228.2559730466, 2572248.686746988], [697228.256968252, 2572238.686746988], [697228.391566265, 2572238.552148975], [697238.391566265, 2572238.552148975], [697248.391566265, 2572238.552148975], [697258.391566265, 2572238.552148975], [697258.526164278, 2572238.686746988], [697268.391566265, 2572248.5511537697], [697278.391566265, 2572248.5511537697], [697288.391566265, 2572248.5511537697], [697288.5271594834, 2572248.686746988], [697288.5271594834, 2572258.6867469875], [697298.391566265, 2572268.5517470897], [697308.2663621455, 2572258.686746988], [697308.391566265, 2572258.5615428686], [697318.391566265, 2572258.5615428686], [697328.391566265, 2572258.5615428686], [697338.391566265, 2572258.5628834204], [697348.391566265, 2572258.565386311], [697348.5129269422, 2572258.686746988], [697348.5146034175, 2572268.686746988], [697348.5162793298, 2572278.686746988], [697348.5179546676, 2572288.686746988], [697348.5189382456, 2572298.686746988], [697348.5192731782, 2572308.686746988], [697348.5192731782, 2572318.686746988], [697348.5192731782, 2572328.686746988], [697348.391566265, 2572328.8144539013], [697338.391566265, 2572328.814537631], [697328.391566265, 2572328.8167279297], [697318.391566265, 2572328.8184014866], [697308.391566265, 2572328.8200744702], [697298.5265661636, 2572338.686746988], [697298.391566265, 2572338.8217468862], [697288.5271594834, 2572348.686746988], [697288.391566265, 2572348.8223402062], [697278.391566265, 2572348.8223402062], [697268.391566265, 2572348.8223402062], [697258.5271594833, 2572358.686746988], [697258.5271594833, 2572368.686746988], [697258.5211207143, 2572378.686746988], [697258.5180902837, 2572388.686746988], [697258.391566265, 2572388.8132710066], [697248.5249570728, 2572398.686746988], [697248.5249570728, 2572408.686746988], [697248.5249570728, 2572418.686746988], [697248.391566265, 2572418.820137796], [697238.391566265, 2572418.822750064], [697228.391566265, 2572418.822750064], [697218.391566265, 2572418.822750064], [697218.2555631887, 2572418.686746988], [697208.391566265, 2572408.823753038], [697208.2545602149, 2572408.686746988], [697198.391566265, 2572398.8301004833], [697188.5355120756, 2572408.686746988], [697188.5355120756, 2572418.686746988], [697188.391566265, 2572418.8306927984], [697178.5355120756, 2572428.686746988], [697178.5355120756, 2572438.686746988], [697188.391566265, 2572448.542371803], [697188.5359414498, 2572448.686746988], [697198.391566265, 2572458.5399605003], [697198.5383527526, 2572458.686746988], [697208.391566265, 2572468.538292643], [697208.5400206099, 2572468.686746988], [697208.5415924548, 2572478.686746988], [697208.5415924548, 2572488.686746988], [697208.5415924548, 2572498.686746988], [697208.5415924548, 2572508.686746988], [697208.5415924548, 2572518.686746988], [697208.5415924548, 2572528.686746988], [697218.391566265, 2572538.5383881233], [697218.5399251297, 2572538.686746988], [697218.5399251297, 2572548.686746988], [697218.5399251297, 2572558.686746988], [697218.5399251297, 2572568.686746988], [697218.5399251297, 2572578.686746988], [697218.5399251297, 2572588.686746988], [697228.391566265, 2572598.5428011776], [697238.391566265, 2572598.5428011776], [697248.2476204544, 2572588.686746988], [697248.391566265, 2572588.542801177], [697258.391566265, 2572588.542801177], [697268.391566265, 2572588.542801177], [697278.391566265, 2572588.542801177], [697288.2476204544, 2572578.686746988], [697288.2476204544, 2572568.686746988], [697288.391566265, 2572568.542801177], [697298.2476204544, 2572558.686746988], [697298.2476204544, 2572548.686746988], [697298.391566265, 2572548.542801177], [697308.2481171866, 2572538.686746988], [697308.2511227946, 2572528.686746988], [697308.2514568635, 2572518.686746988], [697298.391566265, 2572508.8245927216], [697298.2537205311, 2572508.686746988], [697298.2537205311, 2572498.686746988], [697298.2537205311, 2572488.686746988], [697298.2550576471, 2572478.686746988], [697298.391566265, 2572478.55023837], [697308.391566265, 2572478.55023837], [697318.2569982323, 2572468.686746988], [697318.391566265, 2572468.5521789556], [697328.391566265, 2572468.5521789556], [697338.391566265, 2572468.5521789556], [697348.391566265, 2572468.5522625702], [697348.526050683, 2572468.686746988], [697348.5264687422, 2572478.686746988], [697348.526886766, 2572488.686746988], [697348.5269703665, 2572498.686746988], [697348.5285224019, 2572508.686746988], [697358.391566265, 2572518.552298699], [697358.5260145538, 2572518.686746988], [697358.5276865963, 2572528.686746988], [697358.5280209355, 2572538.686746988], [697358.5280209355, 2572548.686746988], [697358.5280209355, 2572558.686746988], [697358.391566265, 2572558.8232016587], [697348.5349197603, 2572568.686746988], [697348.5349197603, 2572578.686746988], [697348.5349197603, 2572588.686746988], [697348.5355120758, 2572598.686746988], [697358.391566265, 2572608.544224196], [697368.2543890438, 2572598.686746988], [697368.391566265, 2572598.549569767], [697378.391566265, 2572598.549569767], [697388.391566265, 2572598.549569767], [697398.391566265, 2572598.550572706], [697398.5277405473, 2572598.686746988], [697398.5277405473, 2572608.686746988], [697398.5310828901, 2572618.686746988], [697398.532753209, 2572628.686746988], [697398.5337551289, 2572638.686746988], [697408.391566265, 2572648.5494066584], [697418.391566265, 2572648.5494066584], [697428.391566265, 2572648.5494066584], [697438.2584614336, 2572638.686746988], [697438.2668324123, 2572628.686746988], [697438.391566265, 2572628.5620131353], [697448.391566265, 2572628.5620131353], [697458.391566265, 2572628.5620131353], [697468.391566265, 2572628.5620131353], [697468.5163001177, 2572628.686746988], [697478.391566265, 2572638.5536421565], [697478.5246710964, 2572638.686746988], [697478.5283337258, 2572648.686746988], [697488.391566265, 2572658.5483082766], [697498.391566265, 2572658.5483082766], [697508.2547988042, 2572648.686746988], [697508.2584614336, 2572638.686746988], [697508.391566265, 2572638.5536421565], [697518.2668324123, 2572628.686746988], [697518.391566265, 2572628.5620131353], [697528.2741601968, 2572618.686746988], [697528.391566265, 2572618.5693409196], [697538.391566265, 2572618.5693409196], [697548.391566265, 2572618.5693409196], [697548.5089723333, 2572618.686746988], [697548.5163001177, 2572628.686746988], [697558.391566265, 2572638.5536421565], [697568.391566265, 2572638.5536421565], [697568.5246710965, 2572638.686746988], [697578.391566265, 2572648.5511537697], [697588.2559730466, 2572638.686746988], [697588.391566265, 2572638.5511537697], [697598.2559730466, 2572628.686746988], [697598.2559730466, 2572618.686746988], [697598.2562117043, 2572608.686746988], [697598.391566265, 2572608.551392427], [697608.2562117042, 2572598.686746988], [697608.2578840003, 2572588.686746988], [697608.391566265, 2572588.553064723], [697618.2582185277, 2572578.686746988], [697618.2598915102, 2572568.686746988], [697618.391566265, 2572568.555072233], [697628.2633472467, 2572558.686746988], [697628.391566265, 2572558.5585279698], [697638.264339802, 2572548.686746988], [697638.264339802, 2572538.686746988], [697638.391566265, 2572538.559520525], [697648.264339802, 2572528.686746988], [697648.391566265, 2572528.559520525], [697658.2643398019, 2572518.686746988], [697658.2643398019, 2572508.686746988], [697658.391566265, 2572508.559520525], [697668.264339802, 2572498.686746988], [697668.264838221, 2572488.686746988], [697668.391566265, 2572488.560018944], [697678.2665134433, 2572478.686746988], [697678.391566265, 2572478.561694166], [697688.2681892405, 2572468.686746988], [697688.2698656003, 2572458.686746988], [697688.391566265, 2572458.565046323], [697698.2715425292, 2572448.686746988], [697698.2727207622, 2572438.686746988], [697698.391566265, 2572438.567901485], [697708.2727207622, 2572428.686746988], [697708.391566265, 2572428.567901485], [697718.2727207622, 2572418.686746988], [697718.391566265, 2572418.567901485], [697728.391566265, 2572418.567901485], [697738.391566265, 2572418.567901485], [697748.391566265, 2572418.567901485], [697758.391566265, 2572418.567901485], [697758.5104117679, 2572418.686746988], [697758.5104117679, 2572428.686746988], [697768.391566265, 2572438.567901485], [697768.5104117679, 2572438.686746988], [697768.5104117679, 2572448.686746988], [697768.5104117679, 2572458.686746988], [697768.5104117679, 2572468.686746988], [697768.5104117679, 2572478.686746988], [697768.5104117679, 2572488.686746988], [697768.5020165603, 2572498.686746988], [697768.5020165603, 2572508.686746988], [697768.391566265, 2572508.7971972832], [697758.5020165604, 2572518.686746988], [697758.5020165604, 2572528.686746988], [697758.5020165604, 2572538.686746988], [697758.391566265, 2572538.7971972832], [697748.391566265, 2572538.7971972832], [697738.391566265, 2572538.7971972832], [697728.391566265, 2572538.802291585], [697718.510467198, 2572548.686746988], [697718.5087893183, 2572558.686746988], [697718.5187927281, 2572568.686746988], [697728.391566265, 2572578.567901485], [697728.5104117679, 2572578.686746988], [697728.5104117679, 2572588.686746988], [697728.5104117679, 2572598.686746988], [697728.5104117679, 2572608.686746988], [697728.391566265, 2572608.805592491], [697718.5104117679, 2572618.686746988], [697718.391566265, 2572618.8055924913], [697708.5104117679, 2572628.6867469884], [697708.391566265, 2572628.8055924913], [697698.5104117679, 2572638.686746988], [697698.391566265, 2572638.805592491], [697688.5082482093, 2572648.686746988], [697688.391566265, 2572648.803428932], [697678.391566265, 2572648.8111092695], [697668.5192788915, 2572658.686746988], [697668.5192788915, 2572668.686746988], [697668.5155873697, 2572678.686746988], [697668.5116037725, 2572688.686746988], [697668.5095907056, 2572698.686746988], [697668.5079432256, 2572708.686746988], [697668.391566265, 2572708.8031239486], [697658.5112683134, 2572718.686746988], [697658.391566265, 2572718.806449036], [697648.5162576669, 2572728.686746988], [697648.5129453576, 2572738.686746988], [697648.391566265, 2572738.8081260803], [697638.5196077887, 2572748.686746988], [697638.391566265, 2572748.8147885115], [697628.391566265, 2572748.825090025], [697618.5315800188, 2572758.686746988], [697618.5315800188, 2572768.686746988], [697618.5297903371, 2572778.686746988], [697618.5190719243, 2572788.686746988], [697618.5190719243, 2572798.686746988], [697618.391566265, 2572798.814252647], [697608.5292878461, 2572808.686746988], [697608.5236249416, 2572818.686746988], [697608.391566265, 2572818.818805665], [697598.5302080794, 2572828.6867469875], [697598.5269700674, 2572838.686746988], [697598.391566265, 2572838.82215079], [697588.5318787008, 2572848.686746988], [697588.391566265, 2572848.827059424], [697578.391566265, 2572848.831206682], [697568.5357765747, 2572858.686746988], [697568.5357765747, 2572868.686746988], [697568.5311269939, 2572878.686746988], [697568.5311269939, 2572888.686746988], [697568.5311269939, 2572898.686746988], [697568.391566265, 2572898.826307717], [697558.5368696378, 2572908.686746988], [697558.5339661743, 2572918.686746988], [697558.391566265, 2572918.8291468974], [697548.5375220012, 2572928.686746988], [697548.3915662649, 2572928.8327027243], [697538.5378244044, 2572938.686746988], [697538.5378244044, 2572948.686746988], [697538.391566265, 2572948.833005127], [697528.391566265, 2572948.8330694325], [697518.5389446553, 2572958.686746988], [697518.3915662649, 2572958.834125378], [697508.5415575958, 2572968.686746988], [697508.5415575958, 2572978.686746988], [697508.5415575958, 2572988.686746988], [697508.5398300773, 2572998.686746988], [697508.5387683561, 2573008.686746988], [697508.391566265, 2573008.833949079], [697498.5414974344, 2573018.686746988], [697498.5386178688, 2573028.686746988], [697498.391566265, 2573028.833798592], [697488.5431642332, 2573038.686746988], [697488.391566265, 2573038.8383449563], [697478.544107043, 2573048.686746988], [697478.3915662651, 2573048.8392877663], [697468.543850529, 2573058.686746988], [697468.391566265, 2573058.839031252], [697458.544356006, 2573068.686746988], [697458.5448538945, 2573078.686746988], [697458.5448538945, 2573088.686746988], [697458.5448538945, 2573098.686746988], [697458.5448538945, 2573108.686746988], [697458.391566265, 2573108.840034617], [697448.5449783588, 2573118.686746988], [697448.391566265, 2573118.840159082], [697438.5446049565, 2573128.686746988], [697438.544356006, 2573138.686746988], [697438.391566265, 2573138.839536729], [697428.543850529, 2573148.686746988], [697428.391566265, 2573148.839031252], [697418.543850529, 2573158.686746988], [697418.391566265, 2573158.839031252], [697408.543850529, 2573168.686746988], [697408.543850529, 2573178.686746988], [697408.391566265, 2573178.839031252], [697398.543850529, 2573188.686746988], [697398.391566265, 2573188.839031252], [697388.5438505289, 2573198.686746988], [697388.3915662649, 2573198.8390312516], [697378.543850529, 2573208.686746988], [697378.543850529, 2573218.686746988], [697378.543850529, 2573228.686746988], [697378.543850529, 2573238.686746988], [697378.391566265, 2573238.839031252], [697368.543850529, 2573248.686746988], [697368.543850529, 2573258.686746988], [697368.391566265, 2573258.839031252], [697358.543850529, 2573268.686746988], [697358.543850529, 2573278.686746988], [697358.391566265, 2573278.839031252], [697348.543850529, 2573288.686746988], [697348.543850529, 2573298.686746988], [697348.543850529, 2573308.686746988], [697348.543850529, 2573318.686746988], [697348.543850529, 2573328.686746988], [697348.391566265, 2573328.8390312516], [697338.543850529, 2573338.686746988], [697338.543850529, 2573348.686746988], [697338.543850529, 2573358.686746988], [697338.3915662651, 2573358.839031252], [697328.543850529, 2573368.686746988], [697328.391566265, 2573368.8390312516], [697318.543850529, 2573378.686746988], [697318.543850529, 2573388.686746988], [697318.391566265, 2573388.839031252], [697308.543850529, 2573398.686746988], [697308.543850529, 2573408.686746988], [697308.5451171804, 2573418.686746988], [697318.391566265, 2573428.5292682936], [697318.5490449595, 2573428.686746988], [697328.391566265, 2573438.5321892216], [697328.5461240314, 2573438.686746988], [697328.5461240314, 2573448.686746988], [697328.5461240314, 2573458.6867469875], [697328.391566265, 2573458.8413047544], [697318.5475298376, 2573468.686746988], [697318.391566265, 2573468.8427105607], [697308.391566265, 2573468.8443890004], [697298.5470718724, 2573478.686746988], [697298.391566265, 2573478.8422525954], [697288.391566265, 2573478.8422525954], [697278.5457822006, 2573488.686746988], [697278.391566265, 2573488.8409629236], [697268.391566265, 2573488.8422423825], [697258.5482494318, 2573498.686746988], [697258.5481580734, 2573508.686746988], [697258.5480690564, 2573518.686746988], [697258.391566265, 2573518.843249779], [697248.5492552286, 2573528.686746988], [697248.5491696838, 2573538.686746988], [697248.5490841377, 2573548.686746988], [697248.5490064983, 2573558.686746988], [697248.5489295959, 2573568.686746988], [697248.391566265, 2573568.844110319], [697238.5501093414, 2573578.686746988], [697238.5500324562, 2573588.686746988], [697238.5499572066, 2573598.686746988], [697238.5498831045, 2573608.686746988], [697238.391566265, 2573608.8450638275], [697228.5510593308, 2573618.686746988], [697228.5509852454, 2573628.686746988], [697228.5509111588, 2573638.686746988], [697228.5514670953, 2573648.686746988], [697228.5516947675, 2573658.686746988], [697228.5516947675, 2573668.686746988], [697228.5516947675, 2573678.686746988], [697228.5502855743, 2573688.686746988], [697228.5502855743, 2573698.686746988], [697228.391566265, 2573698.845466297], [697218.5516901923, 2573708.686746988], [697218.5509737937, 2573718.686746988], [697218.391566265, 2573718.846154517], [697208.5521748882, 2573728.686746988], [697208.391566265, 2573728.847355611], [697198.5521748881, 2573738.686746988], [697198.5521748881, 2573748.686746988], [697198.391566265, 2573748.847355611], [697188.5521748882, 2573758.686746988], [697188.5521748882, 2573768.686746988], [697188.5521748882, 2573778.686746988], [697188.5521748882, 2573788.686746988], [697188.5516053683, 2573798.686746988], [697188.391566265, 2573798.846786091], [697178.5521748882, 2573808.686746988], [697178.5521748882, 2573818.686746988], [697178.391566265, 2573818.847355611], [697168.5521748881, 2573828.686746988], [697168.3915662649, 2573828.847355611], [697158.5521748881, 2573838.686746988], [697158.5521748881, 2573848.686746988], [697158.5521748881, 2573858.686746988], [697158.5533501535, 2573868.686746988], [697168.391566265, 2573878.5256328466], [697168.5526804063, 2573878.686746988], [697168.5526804063, 2573888.6867469884], [697168.5526804063, 2573898.686746988], [697168.5518071005, 2573908.686746988], [697168.391566265, 2573908.8469878235], [697158.5547175198, 2573918.686746988], [697158.391566265, 2573918.849898243], [697148.555400842, 2573928.686746988], [697148.391566265, 2573928.850581565], [697138.5531930038, 2573938.686746988], [697138.391566265, 2573938.848373727], [697128.5521748881, 2573948.686746988], [697128.391566265, 2573948.847355611], [697118.5525277115, 2573958.686746988], [697118.5525277115, 2573968.686746988], [697118.391566265, 2573968.8477084343], [697108.5551883412, 2573978.686746988], [697108.5568505072, 2573988.686746988], [697108.5586137136, 2573998.686746988], [697108.5594998333, 2574008.686746988], [697108.5594998333, 2574018.686746988], [697118.391566265, 2574028.5253417795], [697118.5529714738, 2574028.686746988], [697118.5529714738, 2574038.686746988], [697118.5529714738, 2574048.686746988], [697118.5518071005, 2574058.686746988], [697118.391566265, 2574058.8469878235], [697108.5547175198, 2574068.686746988], [697108.391566265, 2574068.849898243], [697098.557626218, 2574078.686746988], [697098.391566265, 2574078.852806941], [697088.5604851829, 2574088.686746988], [697088.391566265, 2574088.8556659063], [697078.5604851829, 2574098.686746988], [697078.3915662649, 2574098.855665906], [697068.560485183, 2574108.686746988], [697068.560485183, 2574118.686746988], [697068.391566265, 2574118.855665906], [697058.5604851829, 2574128.686746988], [697058.5604851829, 2574138.686746988], [697058.5604851829, 2574148.686746988], [697058.5604851829, 2574158.686746988], [697058.5604851829, 2574168.686746988], [697068.391566265, 2574178.525341779], [697068.5529714738, 2574178.686746988], [697068.5529714738, 2574188.686746988], [697068.5529714738, 2574198.686746988], [697068.5518071005, 2574208.686746988], [697068.391566265, 2574208.8469878235], [697058.5547175198, 2574218.686746988], [697058.391566265, 2574218.849898243], [697048.5576262178, 2574228.686746988], [697048.391566265, 2574228.8528069407], [697038.5604851829, 2574238.686746988], [697038.391566265, 2574238.855665906], [697028.5604851829, 2574248.686746988], [697028.391566265, 2574248.855665906], [697018.560485183, 2574258.686746988], [697018.560485183, 2574268.686746988], [697018.391566265, 2574268.855665906], [697008.5604851829, 2574278.686746988], [697008.5604851829, 2574288.686746988], [697008.5604851829, 2574298.686746988], [697008.5604851829, 2574308.686746988], [697008.5604851829, 2574318.686746988], [697018.391566265, 2574328.525341779], [697018.5529714737, 2574328.686746988], [697018.5529714737, 2574338.686746988], [697018.5529714737, 2574348.686746988], [697018.5523476296, 2574358.686746988], [697018.391566265, 2574358.8475283524], [697008.5547175198, 2574368.686746988], [697008.391566265, 2574368.849898243], [696998.5576262178, 2574378.686746988], [696998.391566265, 2574378.8528069407], [696988.560485183, 2574388.686746988], [696988.391566265, 2574388.855665906], [696978.5604851829, 2574398.686746988], [696978.391566265, 2574398.855665906], [696968.5604851829, 2574408.686746988], [696968.5604851829, 2574418.686746988], [696968.391566265, 2574418.8556659063], [696958.560485183, 2574428.686746988], [696958.560485183, 2574438.686746988], [696958.560485183, 2574448.686746988], [696958.560485183, 2574458.686746988], [696958.560485183, 2574468.686746988], [696968.391566265, 2574478.518901222], [696968.559412031, 2574478.686746988], [696968.559412031, 2574488.686746988], [696968.559412031, 2574498.686746988], [696968.5517586984, 2574508.686746988], [696968.391566265, 2574508.8469394213], [696958.5581661077, 2574518.6867469875], [696958.391566265, 2574518.8533468307], [696948.5576262178, 2574528.686746988], [696948.391566265, 2574528.852806941], [696938.560485183, 2574538.686746988], [696938.391566265, 2574538.855665906], [696928.5604851829, 2574548.686746988], [696928.391566265, 2574548.855665906], [696918.5604851829, 2574558.686746988], [696918.5604851829, 2574568.686746988], [696918.391566265, 2574568.855665906], [696908.560485183, 2574578.686746988], [696908.560485183, 2574588.686746988], [696908.560485183, 2574598.686746988], [696908.5616538951, 2574608.686746988], [696908.5637287811, 2574618.686746988], [696918.391566265, 2574628.51782807], [696918.5604851829, 2574628.686746988], [696918.5604851829, 2574638.686746988], [696918.5604851829, 2574648.686746988], [696918.391566265, 2574648.855665906], [696908.5617302129, 2574658.686746988], [696908.5418954785, 2574668.686746988], [696908.391566265, 2574668.8370762016], [696898.5643925625, 2574678.686746988], [696898.391566265, 2574678.8595732856], [696888.5624009549, 2574688.686746988], [696888.391566265, 2574688.857581678], [696878.5632164528, 2574698.686746988], [696878.391566265, 2574698.8583971756], [696868.5648759069, 2574708.686746988], [696868.5648759069, 2574718.686746988], [696868.391566265, 2574718.86005663], [696858.5665347978, 2574728.686746988], [696858.5665347978, 2574738.686746988], [696858.5669638575, 2574748.686746988], [696858.5677101136, 2574758.686746988], [696858.5687814548, 2574768.686746988], [696868.391566265, 2574778.509531798], [696868.5687814549, 2574778.686746988], [696868.5687814549, 2574788.686746988], [696868.5687814549, 2574798.686746988], [696868.391566265, 2574798.8639621777], [696858.5687814548, 2574808.686746988], [696858.391566265, 2574808.863962178], [696848.5687814549, 2574818.6867469884], [696848.391566265, 2574818.863962178], [696838.5687814549, 2574828.686746988], [696838.391566265, 2574828.8639621777], [696828.5687814548, 2574838.686746988], [696828.391566265, 2574838.863962178], [696818.5687814549, 2574848.686746988], [696818.5687814549, 2574858.686746988], [696818.391566265, 2574858.863962178], [696808.5687814549, 2574868.686746988], [696818.391566265, 2574878.5095317983], [696818.5687814549, 2574878.686746988], [696818.5687814549, 2574888.686746988], [696818.5687814549, 2574898.686746988], [696818.5687814549, 2574908.686746988], [696818.391566265, 2574908.863962178], [696808.5617302129, 2574918.686746988], [696808.391566265, 2574918.8569109356], [696798.5687814549, 2574928.686746988], [696798.391566265, 2574928.863962178], [696788.5687814548, 2574938.686746988], [696788.5687814548, 2574948.686746988], [696788.391566265, 2574948.863962178], [696778.391566265, 2574948.863962178], [696768.5687814549, 2574958.686746988], [696768.5687814549, 2574968.686746988], [696768.5687814549, 2574978.686746988], [696768.391566265, 2574978.863962178], [696758.5687814548, 2574988.686746988], [696758.5687814548, 2574998.686746988], [696758.5687814548, 2575008.686746988], [696758.5687814548, 2575018.686746988], [696768.391566265, 2575028.509531798], [696768.5687814549, 2575028.686746988], [696768.5687814549, 2575038.686746988], [696768.5687814549, 2575048.686746988], [696768.391566265, 2575048.863962178], [696758.5687814548, 2575058.686746988], [696758.391566265, 2575058.8639621777], [696748.5687814549, 2575068.686746988], [696748.5523028587, 2575078.686746988], [696748.391566265, 2575078.847483582], [696738.5687814549, 2575088.686746988], [696738.391566265, 2575088.863962178], [696728.5687814549, 2575098.686746988], [696728.391566265, 2575098.8639621777], [696718.5687814548, 2575108.686746988], [696718.5687814548, 2575118.686746988], [696718.5687814548, 2575128.686746988], [696718.5687814548, 2575138.686746988], [696718.5687814548, 2575148.686746988], [696718.5687814548, 2575158.686746988], [696718.391566265, 2575158.863962178], [696708.5687814549, 2575168.686746988], [696708.391566265, 2575168.8639621777], [696698.5687814549, 2575178.686746988], [696698.5687814549, 2575188.686746988], [696698.391566265, 2575188.863962178], [696688.5687814548, 2575198.686746988], [696688.3915662649, 2575198.8639621777], [696678.391566265, 2575198.8639621777], [696668.5687814549, 2575208.686746988], [696668.5687814549, 2575218.686746988], [696668.5687814549, 2575228.686746988], [696668.5687814549, 2575238.686746988], [696668.391566265, 2575238.8639621777], [696658.5687814549, 2575248.686746988], [696658.5687814549, 2575258.686746988], [696658.5687814549, 2575268.686746988], [696668.391566265, 2575278.5095317983], [696668.5687814549, 2575278.686746988], [696668.5687814549, 2575288.686746988], [696668.5687814549, 2575298.686746988], [696668.391566265, 2575298.863962178], [696658.5687814549, 2575308.686746988], [696658.5687814549, 2575318.686746988], [696658.391566265, 2575318.8639621777], [696648.5687814548, 2575328.686746988], [696648.391566265, 2575328.863962178], [696638.5687814549, 2575338.686746988], [696638.391566265, 2575338.8639621777], [696628.5687814549, 2575348.686746988], [696628.391566265, 2575348.863962178], [696618.5687814549, 2575358.686746988], [696618.5687814549, 2575368.686746988], [696618.391566265, 2575368.863962178], [696608.5687814548, 2575378.686746988], [696608.5687814548, 2575388.686746988], [696608.5687814548, 2575398.686746988], [696608.5687814548, 2575408.686746988], [696608.5687814548, 2575418.686746988], [696618.391566265, 2575428.509531798], [696618.5687814549, 2575428.686746988], [696618.5687814549, 2575438.686746988], [696618.5687814549, 2575448.686746988], [696618.391566265, 2575448.8639621777], [696608.5687814548, 2575458.686746988], [696608.391566265, 2575458.8639621777], [696598.5687814549, 2575468.686746988], [696598.391566265, 2575468.863962178], [696588.5687814549, 2575478.686746988], [696588.391566265, 2575478.8639621777], [696578.5687814548, 2575488.686746988], [696578.391566265, 2575488.863962178], [696568.5687814549, 2575498.686746988], [696568.5687814549, 2575508.686746988], [696568.391566265, 2575508.863962178], [696558.5687814549, 2575518.686746988], [696568.391566265, 2575528.5095317983], [696568.5687814549, 2575528.686746988], [696568.5687814549, 2575538.686746988], [696568.5687814549, 2575548.686746988], [696568.5687814549, 2575558.686746988], [696568.391566265, 2575558.863962178], [696558.5687814549, 2575568.686746988], [696558.391566265, 2575568.8639621777], [696548.5687814549, 2575578.686746988], [696548.391566265, 2575578.863962178], [696538.5687814548, 2575588.686746988], [696538.5687814548, 2575598.686746988], [696538.391566265, 2575598.863962178], [696528.391566265, 2575598.863962178], [696518.5687814549, 2575608.6867469884], [696518.5687814549, 2575618.686746988], [696518.5687814549, 2575628.686746988], [696518.391566265, 2575628.863962178], [696508.5687814548, 2575638.686746988], [696508.5687814548, 2575648.686746988], [696508.5687814548, 2575658.686746988], [696508.5687814548, 2575668.686746988], [696518.391566265, 2575678.509531798], [696518.5687814549, 2575678.686746988], [696518.5687814549, 2575688.686746988], [696518.5687814549, 2575698.686746988], [696518.391566265, 2575698.863962178], [696508.5687814548, 2575708.686746988], [696508.391566265, 2575708.8639621777], [696498.5687814549, 2575718.686746988], [696498.5687814549, 2575728.686746988], [696498.391566265, 2575728.8639621777], [696488.5678213518, 2575738.686746988], [696488.391566265, 2575738.863002075], [696478.5687814549, 2575748.686746988], [696478.391566265, 2575748.8639621777], [696468.5687814548, 2575758.686746988], [696468.5687814548, 2575768.686746988], [696468.5687814548, 2575778.686746988], [696468.5687814548, 2575788.686746988], [696468.5687814548, 2575798.686746988], [696468.5687814548, 2575808.686746988], [696468.391566265, 2575808.863962178], [696458.5687814549, 2575818.686746988], [696458.391566265, 2575818.8639621777], [696448.5687814549, 2575828.686746988], [696448.5678213518, 2575838.686746988], [696448.391566265, 2575838.8630020744], [696438.5687814549, 2575848.686746988], [696438.391566265, 2575848.8639621777], [696428.391566265, 2575848.8639621777], [696418.5687814549, 2575858.686746988], [696418.5687814549, 2575868.686746988], [696418.5687814549, 2575878.686746988], [696418.5687814549, 2575888.686746988], [696418.391566265, 2575888.8639621777], [696408.5687814549, 2575898.686746988], [696408.5687814549, 2575908.686746988], [696408.5687814549, 2575918.686746988], [696418.391566265, 2575928.5095317983], [696418.5687814549, 2575928.686746988], [696418.5687814549, 2575938.686746988], [696418.5687814549, 2575948.686746988], [696418.391566265, 2575948.863962178], [696408.5687814549, 2575958.686746988], [696408.5687814549, 2575968.686746988], [696408.391566265, 2575968.8639621777], [696398.5687814548, 2575978.686746988], [696398.391566265, 2575978.863962178], [696388.5676569813, 2575988.686746988], [696388.391566265, 2575988.8628377044], [696378.5669936436, 2575998.686746988], [696378.391566265, 2575998.8621743666], [696368.391566265, 2575998.8621743666], [696358.391566265, 2575998.8621743666], [696358.2161388864, 2575998.686746988], [696358.215204144, 2575988.686746988], [696348.391566265, 2575978.8630623096], [696338.391566265, 2575978.8587492076], [696328.391566265, 2575978.8587492076], [696318.391566265, 2575978.857903229], [696318.2204100238, 2575978.686746988], [696308.391566265, 2575968.858891072], [696298.391566265, 2575968.858891072], [696298.2194221803, 2575968.686746988], [696298.2190902786, 2575958.686746988], [696288.391566265, 2575948.863962178], [696278.5687814549, 2575958.686746988], [696278.391566265, 2575958.8639621777], [696268.5687814549, 2575968.686746988], [696268.391566265, 2575968.8639621777], [696258.5687814549, 2575978.686746988], [696258.5687814549, 2575988.686746988], [696258.391566265, 2575988.8639621777], [696248.5687814548, 2575998.686746988], [696248.391566265, 2575998.863962178], [696238.5687814549, 2576008.686746988], [696238.391566265, 2576008.8639621777], [696228.391566265, 2576008.8639621777], [696218.5687814548, 2576018.686746988], [696218.391566265, 2576018.863962178], [696208.391566265, 2576018.863962178], [696198.5687814549, 2576028.686746988], [696198.391566265, 2576028.8639621777], [696188.5687814549, 2576038.686746988], [696188.391566265, 2576038.8639621777], [696178.5687814548, 2576048.686746988], [696178.5687814548, 2576058.686746988], [696178.391566265, 2576058.8639621777], [696168.391566265, 2576058.8639621777], [696158.391566265, 2576058.8639621777], [696148.5687814548, 2576068.686746988], [696148.5687814548, 2576078.686746988], [696148.5687814548, 2576088.686746988], [696158.391566265, 2576098.509531798], [696158.5687814549, 2576098.686746988], [696168.391566265, 2576108.5095317983], [696178.391566265, 2576108.5095317983], [696178.5687814548, 2576108.686746988], [696188.391566265, 2576118.5095317983], [696198.391566265, 2576118.5101201213], [696208.391566265, 2576118.5137691945], [696218.2222402537, 2576108.686746988], [696218.391566265, 2576108.517420977], [696228.391566265, 2576108.517420977], [696238.2226473471, 2576098.686746988], [696238.391566265, 2576098.51782807], [696248.391566265, 2576098.51782807], [696258.391566265, 2576098.51782807], [696268.2224002567, 2576088.686746988], [696268.391566265, 2576088.5175809795], [696278.391566265, 2576088.5175809795], [696288.391566265, 2576088.5175809795], [696298.391566265, 2576088.518322291], [696308.2248026698, 2576078.686746988], [696308.391566265, 2576078.5199833927], [696318.2254350362, 2576068.686746988], [696318.391566265, 2576068.5206157593], [696328.2207847649, 2576058.686746988], [696328.391566265, 2576058.515965488], [696338.2206202166, 2576048.686746988], [696338.391566265, 2576048.5158009394], [696348.391566265, 2576048.5158009394], [696358.391566265, 2576048.5158009394], [696358.5625123134, 2576048.686746988], [696358.562679759, 2576058.686746988], [696358.562679759, 2576068.686746988], [696368.391566265, 2576078.51782807], [696368.5604851829, 2576078.686746988], [696368.5604851829, 2576088.686746988], [696368.5604851829, 2576098.686746988], [696368.391566265, 2576098.855665906], [696358.560485183, 2576108.686746988], [696358.391566265, 2576108.855665906], [696348.5604851829, 2576118.686746988], [696348.391566265, 2576118.855665906], [696338.5604851829, 2576128.686746988], [696338.391566265, 2576128.855665906], [696328.560485183, 2576138.686746988], [696328.391566265, 2576138.855665906], [696318.5604851829, 2576148.686746988], [696318.5604851829, 2576158.686746988], [696318.391566265, 2576158.855665906], [696308.5604851829, 2576168.686746988], [696308.5604851829, 2576178.686746988], [696308.5604851829, 2576188.686746988], [696308.391566265, 2576188.8556659063], [696298.391566265, 2576188.8556659063], [696288.391566265, 2576188.8556659063], [696278.5604851829, 2576198.686746988], [696278.391566265, 2576198.855665906], [696268.391566265, 2576198.855665906], [696258.5604851829, 2576208.686746988], [696258.391566265, 2576208.855665906], [696248.391566265, 2576208.855665906], [696238.561556438, 2576218.686746988], [696238.391566265, 2576218.856737161], [696228.391566265, 2576218.858397176], [696218.391566265, 2576218.86005663], [696208.391566265, 2576218.8617155207], [696198.391566265, 2576218.863373854], [696188.391566265, 2576218.8639621777], [696178.391566265, 2576218.8639621777], [696168.391566265, 2576218.8639621777], [696158.391566265, 2576218.8639621777], [696158.2143510752, 2576218.686746988], [696148.391566265, 2576208.863962178], [696138.391566265, 2576208.863962178], [696138.2143510751, 2576208.686746988], [696128.391566265, 2576198.8639621777], [696118.391566265, 2576198.8639621777], [696118.2143510752, 2576198.686746988], [696108.391566265, 2576188.863962178], [696108.2143510751, 2576188.686746988], [696098.391566265, 2576178.8639621777], [696098.2143510751, 2576178.686746988], [696088.391566265, 2576168.8639621777], [696088.2143510751, 2576168.686746988], [696078.391566265, 2576158.863962178], [696078.2143510752, 2576158.686746988], [696068.391566265, 2576148.8639621777], [696058.391566265, 2576148.8639621777], [696048.391566265, 2576148.8639621777], [696038.391566265, 2576148.8614828605], [696038.2168303924, 2576148.686746988], [696038.2143510751, 2576138.686746988], [696038.2143510751, 2576128.686746988], [696028.391566265, 2576118.863962178], [696018.5672851637, 2576128.686746988], [696018.5656265232, 2576138.686746988], [696018.391566265, 2576138.8608072465], [696008.391566265, 2576138.8608072465], [695998.391566265, 2576138.8608072465], [695988.5639673256, 2576148.686746988], [695988.391566265, 2576148.859148049], [695978.391566265, 2576148.859148049], [695968.5623075645, 2576158.686746988], [695968.391566265, 2576158.8574882876], [695958.391566265, 2576158.8574882876], [695948.391566265, 2576158.8574882876], [695938.391566265, 2576158.8574882876], [695928.391566265, 2576158.8574882876], [695918.391566265, 2576158.8574882876], [695908.5606472428, 2576168.686746988], [695908.391566265, 2576168.855827966], [695898.558986363, 2576178.686746988], [695898.391566265, 2576178.854167086], [695888.557324922, 2576188.686746988], [695888.5556629163, 2576198.686746988], [695888.391566265, 2576198.850843639], [695878.5540003518, 2576208.686746988], [695878.391566265, 2576208.8491810746], [695868.391566265, 2576208.8491810746], [695858.391566265, 2576208.8491810746], [695858.2291321784, 2576208.686746988], [695848.391566265, 2576198.850843639], [695848.2274696138, 2576198.686746988], [695838.391566265, 2576188.852505645], [695828.391566265, 2576188.8512632493], [695828.2270500035, 2576188.686746988], [695818.391566265, 2576178.8529251106], [695808.391566265, 2576178.852667809], [695798.391566265, 2576178.852667809], [695788.5541626256, 2576188.686746988], [695788.391566265, 2576188.8493433488], [695778.391566265, 2576188.8493433488], [695768.391566265, 2576188.8493433488], [695768.2289699045, 2576188.686746988], [695758.391566265, 2576178.852667809], [695748.391566265, 2576178.852667809], [695738.5541626255, 2576188.686746988], [695738.391566265, 2576188.8493433488], [695728.391566265, 2576188.8493433488], [695718.5508359165, 2576198.686746988], [695718.391566265, 2576198.8460166394], [695708.391566265, 2576198.8460166394], [695698.391566265, 2576198.8544872003], [695688.391566265, 2576198.855590926], [695678.391566265, 2576198.855590926], [695668.5567553472, 2576208.686746988], [695668.391566265, 2576208.85193607], [695658.391566265, 2576208.85193607], [695648.5527651316, 2576218.686746988], [695648.391566265, 2576218.8479458545], [695638.391566265, 2576218.8479458545], [695628.5521748882, 2576228.686746988], [695628.5521748882, 2576238.686746988], [695628.5521748882, 2576248.686746988], [695628.5521748882, 2576258.686746988], [695628.391566265, 2576258.847355611], [695618.5521748882, 2576268.686746988], [695618.391566265, 2576268.847355611], [695608.391566265, 2576268.847355611], [695598.550673533, 2576278.686746988], [695598.391566265, 2576278.845854256], [695588.391566265, 2576278.845854256], [695578.5490092782, 2576288.686746988], [695578.5473444635, 2576298.686746988], [695578.391566265, 2576298.8425251865], [695568.391566265, 2576298.8425251865], [695558.391566265, 2576298.8425251865], [695548.391566265, 2576298.8425251865], [695538.5456790824, 2576308.686746988], [695538.391566265, 2576308.8408598052], [695528.5440131377, 2576318.686746988], [695528.391566265, 2576318.8391938605], [695518.391566265, 2576318.8391938605], [695508.5423466322, 2576328.686746988], [695508.391566265, 2576328.837527355], [695498.391566265, 2576328.837527355], [695488.5406795625, 2576338.686746988], [695488.391566265, 2576338.8358602854], [695478.5390119285, 2576348.6867469875], [695478.391566265, 2576348.8341926513], [695468.391566265, 2576348.8341926513], [695458.391566265, 2576348.8341926513], [695448.391566265, 2576348.8341926513], [695438.5372683903, 2576358.686746988], [695438.391566265, 2576358.832449113], [695428.5355120756, 2576368.686746988], [695428.391566265, 2576368.8306927984], [695418.391566265, 2576368.8306927984], [695408.391566265, 2576368.8306927984], [695398.391566265, 2576368.8306927984]]}}, {"type": "Feature", "properties": {"hours": 2.0, "label": "2 h"}, "geometry": {"type": "LineString", "coordinates": [[694678.391566265, 2575398.501249518], [694688.206068795, 2575388.686746988], [694688.206068795, 2575378.686746988], [694688.206068795, 2575368.686746988], [694688.206068795, 2575358.686746988], [694688.206068795, 2575348.686746988], [694678.391566265, 2575338.872244458], [694678.206068795, 2575338.686746988], [694678.206068795, 2575328.686746988], [694668.391566265, 2575318.872244458], [694668.2060687949, 2575318.686746988], [694658.391566265, 2575308.8722444577], [694658.206068795, 2575308.686746988], [694648.391566265, 2575298.872244458], [694648.206068795, 2575298.686746988], [694638.391566265, 2575288.8722444577], [694638.206068795, 2575288.686746988], [694628.391566265, 2575278.8726155106], [694618.391566265, 2575278.873347321], [694608.391566265, 2575278.8740790216], [694598.5787502375, 2575288.686746988], [694598.5778437009, 2575298.686746988], [694608.391566265, 2575308.501249518], [694608.5770637351, 2575308.686746988], [694618.3915662651, 2575318.5012495182], [694618.5770637351, 2575318.686746988], [694628.391566265, 2575328.501249518], [694628.577063735, 2575328.686746988], [694638.391566265, 2575338.5012495182], [694638.577063735, 2575338.686746988], [694638.577063735, 2575348.686746988], [694648.391566265, 2575358.5031184414], [694648.5751948114, 2575358.686746988], [694658.391566265, 2575368.502708889], [694658.5756043642, 2575368.686746988], [694658.5770637351, 2575378.686746988], [694668.391566265, 2575388.5012495182], [694668.577063735, 2575388.686746988], [694678.391566265, 2575398.501249518]]}}, {"type": "Feature", "properties": {"hours": 2.0, "label": "2 h"}, "geometry": {"type": "LineString", "coordinates": [[696808.391566265, 2574408.51782807], [696818.391566265, 2574408.51782807], [696828.2226473471, 2574398.686746988], [696828.2226473471, 2574388.686746988], [696828.2226473471, 2574378.686746988], [696828.2226473471, 2574368.686746988], [696828.2226473471, 2574358.686746988], [696828.2226473471, 2574348.686746988], [696828.2226473471, 2574338.686746988], [696828.2226473471, 2574328.686746988], [696828.2226473471, 2574318.686746988], [696828.2226473471, 2574308.686746988], [696828.391566265, 2574308.51782807], [696838.222647347, 2574298.686746988], [696838.222647347, 2574288.686746988], [696838.391566265, 2574288.51782807], [696848.391566265, 2574288.51782807], [696858.222647347, 2574278.686746988], [696848.391566265, 2574268.855665906], [696838.391566265, 2574268.855665906], [696828.391566265, 2574268.855665906], [696818.5604851829, 2574278.686746988], [696818.391566265, 2574278.855665906], [696808.5604851829, 2574288.686746988], [696808.391566265, 2574288.855665906], [696798.560485183, 2574298.686746988], [696798.560485183, 2574308.686746988], [696798.560485183, 2574318.686746988], [696798.560485183, 2574328.686746988], [696798.560485183, 2574338.686746988], [696798.560485183, 2574348.686746988], [696798.560485183, 2574358.686746988], [696798.560485183, 2574368.686746988], [696798.560485183, 2574378.686746988], [696798.560485183, 2574388.686746988], [696798.560485183, 2574398.686746988], [696808.391566265, 2574408.51782807]]}}, {"type": "Feature", "properties": {"hours": 2.0, "label": "2 h"}, "geometry": {"type": "LineString", "coordinates": [[692508.391566265, 2573958.4929811917], [692518.391566265, 2573958.4929811917], [692528.391566265, 2573958.4929811917], [692538.391566265, 2573958.4929811917], [692548.1978004692, 2573948.686746988], [692548.391566265, 2573948.492981192], [692558.391566265, 2573948.492981192], [692568.391566265, 2573948.492981192], [692578.1978004691, 2573938.686746988], [692578.391566265, 2573938.492981192], [692588.391566265, 2573938.492981192], [692598.391566265, 2573938.492981192], [692608.1978004691, 2573928.686746988], [692608.391566265, 2573928.492981192], [692618.1978004691, 2573918.686746988], [692618.391566265, 2573918.492981192], [692628.3915662649, 2573918.492981192], [692638.1978004691, 2573908.686746988], [692638.1978004691, 2573898.686746988], [692628.3915662649, 2573888.880512784], [692618.391566265, 2573888.880512784], [692618.1978004691, 2573888.686746988], [692618.1978004691, 2573878.686746988], [692608.391566265, 2573868.880512784], [692598.391566265, 2573868.880512784], [692598.1978004691, 2573868.686746988], [692588.391566265, 2573858.880512784], [692588.1978004692, 2573858.686746988], [692588.1978004692, 2573848.686746988], [692588.1978004692, 2573838.686746988], [692578.391566265, 2573828.880512784], [692578.1978004691, 2573828.686746988], [692568.391566265, 2573818.880512784], [692568.1978004691, 2573818.686746988], [692568.1978004691, 2573808.686746988], [692558.391566265, 2573798.8805127842], [692558.1978004691, 2573798.686746988], [692548.391566265, 2573788.880512784], [692548.1978004692, 2573788.686746988], [692548.1978004692, 2573778.686746988], [692538.391566265, 2573768.880512784], [692538.1978004691, 2573768.686746988], [692528.391566265, 2573758.880512784], [692528.1978004691, 2573758.686746988], [692518.391566265, 2573748.880512784], [692518.1978004691, 2573748.6867469875], [692508.391566265, 2573738.8805127842], [692498.391566265, 2573738.8805127842], [692488.391566265, 2573738.8805127842], [692478.391566265, 2573738.8805127842], [692478.1978004691, 2573738.686746988], [692468.391566265, 2573728.880512784], [692458.391566265, 2573728.880512784], [692448.391566265, 2573728.880512784], [692438.391566265, 2573728.880512784], [692438.1978004691, 2573728.686746988], [692428.391566265, 2573718.880512784], [692418.5853320609, 2573728.686746988], [692418.5853320609, 2573738.686746988], [692418.5853320609, 2573748.6867469875], [692418.391566265, 2573748.880512784], [692408.5853320608, 2573758.686746988], [692418.391566265, 2573768.492981192], [692418.5853320609, 2573768.686746988], [692418.5853320609, 2573778.686746988], [692428.391566265, 2573788.492981192], [692428.5853320609, 2573788.686746988], [692428.5853320609, 2573798.686746988], [692438.391566265, 2573808.4929811917], [692438.5853320609, 2573808.686746988], [692448.391566265, 2573818.492981192], [692448.5853320609, 2573818.686746988], [692448.5853320609, 2573828.686746988], [692448.5853320609, 2573838.686746988], [692448.5853320609, 2573848.686746988], [692458.391566265, 2573858.4929811917], [692458.5853320608, 2573858.686746988], [692458.5853320608, 2573868.686746988], [692458.5853320608, 2573878.686746988], [692458.5853320608, 2573888.686746988], [692458.5853320608, 2573898.686746988], [692458.5853320608, 2573908.686746988], [692468.391566265, 2573918.492981192], [692468.5853320609, 2573918.686746988], [692468.5853320609, 2573928.686746988], [692478.391566265, 2573938.492981192], [692488.391566265, 2573938.492981192], [692488.5853320609, 2573938.686746988], [692498.391566265, 2573948.492981192], [692498.5853320608, 2573948.686746988], [692508.391566265, 2573958.4929811917]]}}, {"type": "Feature", "properties": {"hours": 2.0, "label": "2 h"}, "geometry": {"type": "LineString", "coordinates": [[696778.391566265, 2573818.521645056], [696788.391566265, 2573818.521645056], [696798.391566265, 2573818.521645056], [696808.391566265, 2573818.521645056], [696818.391566265, 2573818.521645056], [696828.391566265, 2573818.521645056], [696838.391566265, 2573818.521645056], [696848.2281265605, 2573808.686746988], [696848.391566265, 2573808.5233072834], [696858.229789347, 2573798.686746988], [696858.391566265, 2573798.52497007], [696868.230957642, 2573788.686746988], [696868.230957642, 2573778.686746988], [696868.230957642, 2573768.686746988], [696858.391566265, 2573758.847355611], [696858.2309576418, 2573758.686746988], [696858.2309576418, 2573748.686746988], [696848.391566265, 2573738.8473556107], [696848.2309576418, 2573738.686746988], [696848.2309576418, 2573728.686746988], [696838.391566265, 2573718.847355611], [696828.391566265, 2573718.847517945], [696818.391566265, 2573718.847517945], [696808.391566265, 2573718.847517945], [696798.391566265, 2573718.847517945], [696798.2307953079, 2573718.686746988], [696798.2291321784, 2573708.686746988], [696798.2274696138, 2573698.686746988], [696788.391566265, 2573688.8535775887], [696778.391566265, 2573688.8552386677], [696768.5600579449, 2573698.686746988], [696768.391566265, 2573698.8552386677], [696758.391566265, 2573698.855665906], [696748.5604851829, 2573708.686746988], [696748.391566265, 2573708.855665906], [696738.560485183, 2573718.686746988], [696738.5600579449, 2573728.686746988], [696748.391566265, 2573738.5255682594], [696758.391566265, 2573738.5265663257], [696758.5517469273, 2573738.686746988], [696758.5517469273, 2573748.686746988], [696758.552753009, 2573758.686746988], [696768.391566265, 2573768.525560244], [696768.5527530089, 2573768.686746988], [696768.5544159951, 2573778.686746988], [696768.5560784191, 2573788.686746988], [696768.5565730337, 2573798.686746988], [696768.5565730337, 2573808.686746988], [696778.391566265, 2573818.521645056]]}}, {"type": "Feature", "properties": {"hours": 2.0, "label": "2 h"}, "geometry": {"type": "LineString", "coordinates": [[694838.391566265, 2571188.577296978], [694848.285479009, 2571178.686746988], [694848.287321291, 2571168.686746988], [694848.287321291, 2571158.686746988], [694848.2901784378, 2571148.686746988], [694848.2901784378, 2571138.686746988], [694848.2901784378, 2571128.686746988], [694848.2911608472, 2571118.686746988], [694848.2911608472, 2571108.686746988], [694848.2911608472, 2571098.686746988], [694848.2913292502, 2571088.686746988], [694848.292171291, 2571078.686746988], [694848.391566265, 2571078.5873520137], [694858.391566265, 2571078.586129045], [694868.2892647936, 2571068.686746988], [694858.391566265, 2571058.787364931], [694858.290948322, 2571058.686746988], [694858.290948322, 2571048.686746988], [694848.391566265, 2571038.785680836], [694838.4851832823, 2571048.686746988], [694838.4851832823, 2571058.686746988], [694838.4851832823, 2571068.686746988], [694838.391566265, 2571068.7803640054], [694828.4859059846, 2571078.686746988], [694828.4859059846, 2571088.686746988], [694828.391566265, 2571088.7810867075], [694818.4864117424, 2571098.686746988], [694818.4864117424, 2571108.686746988], [694818.391566265, 2571108.7815924655], [694808.4864117423, 2571118.686746988], [694808.4855647199, 2571128.686746988], [694808.4842599097, 2571138.686746988], [694808.4824166063, 2571148.686746988], [694818.391566265, 2571158.590163713], [694828.391566265, 2571158.590163713], [694828.4881495405, 2571158.686746988], [694828.4921923253, 2571168.686746988], [694828.4955587982, 2571178.686746988], [694838.391566265, 2571188.577296978]]}}]}