{"type": "FeatureCollection", "crs": {"type": "name", "properties": {"name": "urn:ogc:def:crs:EPSG::32640"}}, "features": [{"type": "Feature", "properties": {"level": 1.5, "label": "H2"}, "geometry": {"type": "LineString", "coordinates": [[695438.391566265, 2576341.186746988], [695443.391566265, 2576338.686746988], [695448.391566265, 2576333.686746988], [695458.391566265, 2576333.686746988], [695468.391566265, 2576331.186746988], [695473.391566265, 2576328.686746988], [695478.391566265, 2576326.186746988], [695488.391566265, 2576323.686746988], [695498.391566265, 2576321.186746988], [695500.891566265, 2576318.686746988], [695508.391566265, 2576313.686746988], [695518.391566265, 2576311.186746988], [695520.891566265, 2576308.686746988], [695528.391566265, 2576303.686746988], [695533.391566265, 2576298.686746988], [695538.391566265, 2576293.686746988], [695548.391566265, 2576293.686746988], [695558.391566265, 2576291.186746988], [695560.891566265, 2576288.686746988], [695568.391566265, 2576283.686746988], [695575.891566265, 2576278.686746988], [695578.391566265, 2576276.186746988], [695585.891566265, 2576268.686746988], [695588.391566265, 2576267.0200803215], [695598.391566265, 2576263.686746988], [695605.891566265, 2576258.686746988], [695608.391566265, 2576256.186746988], [695615.891566265, 2576248.686746988], [695618.391566265, 2576246.186746988], [695623.391566265, 2576238.686746988], [695623.391566265, 2576228.686746988], [695628.391566265, 2576221.186746988], [695630.891566265, 2576218.686746988], [695638.391566265, 2576211.186746988], [695640.891566265, 2576208.686746988], [695648.391566265, 2576204.936746988], [695658.391566265, 2576203.686746988], [695663.391566265, 2576198.686746988], [695668.391566265, 2576194.936746988], [695678.391566265, 2576194.936746988], [695688.391566265, 2576191.186746988], [695690.891566265, 2576188.686746988], [695698.391566265, 2576185.686746988], [695708.391566265, 2576184.936746988], [695718.391566265, 2576184.936746988], [695728.391566265, 2576183.686746988], [695733.391566265, 2576178.686746988], [695738.391566265, 2576174.936746988], [695748.391566265, 2576174.936746988], [695758.391566265, 2576174.936746988], [695768.391566265, 2576174.936746988], [695778.391566265, 2576174.936746988], [695788.391566265, 2576175.686746988], [695798.391566265, 2576175.686746988], [695808.391566265, 2576175.686746988], [695818.391566265, 2576175.686746988], [695828.391566265, 2576175.686746988], [695835.891566265, 2576178.686746988], [695838.391566265, 2576181.186746988], [695848.391566265, 2576184.936746988], [695853.391566265, 2576188.686746988], [695858.391566265, 2576193.686746988], [695868.391566265, 2576193.686746988], [695875.891566265, 2576188.686746988], [695878.391566265, 2576186.186746988], [695883.391566265, 2576178.686746988], [695888.391566265, 2576174.936746988], [695894.641566265, 2576168.686746988], [695898.391566265, 2576164.936746988], [695904.641566265, 2576158.686746988], [695908.391566265, 2576154.936746988], [695914.641566265, 2576148.686746988], [695918.391566265, 2576145.686746988], [695928.391566265, 2576145.686746988], [695932.141566265, 2576148.686746988], [695938.391566265, 2576154.936746988], [695948.391566265, 2576154.936746988], [695958.391566265, 2576154.936746988], [695964.641566265, 2576148.686746988], [695968.391566265, 2576145.686746988], [695978.391566265, 2576145.686746988], [695985.391566265, 2576138.686746988], [695988.391566265, 2576135.686746988], [695998.391566265, 2576135.686746988], [696005.391566265, 2576128.686746988], [696008.391566265, 2576125.686746988], [696018.391566265, 2576125.686746988], [696025.391566265, 2576118.686746988], [696028.391566265, 2576115.686746988], [696031.391566265, 2576118.686746988], [696038.391566265, 2576125.686746988], [696041.391566265, 2576128.686746988], [696048.391566265, 2576135.686746988], [696051.391566265, 2576138.686746988], [696058.391566265, 2576145.686746988], [696068.391566265, 2576145.686746988], [696078.391566265, 2576145.686746988], [696081.391566265, 2576148.686746988], [696088.391566265, 2576155.686746988], [696091.391566265, 2576158.686746988], [696098.391566265, 2576165.686746988], [696101.391566265, 2576168.686746988], [696108.391566265, 2576175.686746988], [696111.391566265, 2576178.686746988], [696118.391566265, 2576185.686746988], [696121.391566265, 2576188.686746988], [696128.391566265, 2576195.686746988], [696138.391566265, 2576195.686746988], [696141.391566265, 2576198.686746988], [696148.391566265, 2576205.686746988], [696158.391566265, 2576205.686746988], [696161.391566265, 2576208.686746988], [696168.391566265, 2576215.686746988], [696178.391566265, 2576215.686746988], [696188.391566265, 2576215.686746988], [696198.391566265, 2576215.686746988], [696208.391566265, 2576215.686746988], [696218.391566265, 2576215.686746988], [696228.391566265, 2576215.686746988], [696235.391566265, 2576208.686746988], [696238.391566265, 2576205.686746988], [696248.391566265, 2576205.686746988], [696255.391566265, 2576198.686746988], [696258.391566265, 2576195.686746988], [696268.391566265, 2576195.686746988], [696275.391566265, 2576188.686746988], [696278.391566265, 2576185.686746988], [696288.391566265, 2576185.686746988], [696295.391566265, 2576178.686746988], [696298.391566265, 2576175.686746988], [696305.391566265, 2576168.686746988], [696305.391566265, 2576158.686746988], [696308.391566265, 2576155.686746988], [696315.391566265, 2576148.686746988], [696315.391566265, 2576138.686746988], [696318.391566265, 2576135.686746988], [696325.391566265, 2576128.686746988], [696328.391566265, 2576125.686746988], [696335.391566265, 2576118.686746988], [696338.391566265, 2576115.686746988], [696345.391566265, 2576108.686746988], [696348.391566265, 2576105.686746988], [696355.391566265, 2576098.686746988], [696355.391566265, 2576088.686746988], [696355.391566265, 2576078.686746988], [696355.391566265, 2576068.686746988], [696348.391566265, 2576061.686746988], [696338.391566265, 2576061.686746988], [696331.391566265, 2576068.686746988], [696328.391566265, 2576071.686746988], [696321.391566265, 2576078.686746988], [696318.391566265, 2576081.686746988], [696311.391566265, 2576088.686746988], [696308.391566265, 2576091.686746988], [696298.391566265, 2576091.686746988], [696288.391566265, 2576091.686746988], [696278.391566265, 2576091.686746988], [696271.391566265, 2576098.686746988], [696268.391566265, 2576101.686746988], [696258.391566265, 2576101.686746988], [696248.391566265, 2576101.686746988], [696241.391566265, 2576108.686746988], [696238.391566265, 2576111.686746988], [696228.391566265, 2576111.686746988], [696221.391566265, 2576118.686746988], [696218.391566265, 2576121.686746988], [696208.391566265, 2576121.686746988], [696201.391566265, 2576128.686746988], [696198.391566265, 2576131.686746988], [696188.391566265, 2576131.686746988], [696185.391566265, 2576128.686746988], [696178.391566265, 2576121.686746988], [696175.391566265, 2576118.686746988], [696168.391566265, 2576111.686746988], [696158.391566265, 2576111.686746988], [696155.391566265, 2576108.686746988], [696148.391566265, 2576101.686746988], [696145.891566265, 2576098.686746988], [696145.891566265, 2576088.686746988], [696145.891566265, 2576078.686746988], [696145.891566265, 2576068.686746988], [696148.391566265, 2576066.186746988], [696155.891566265, 2576058.686746988], [696158.391566265, 2576056.186746988], [696165.891566265, 2576048.686746988], [696168.391566265, 2576046.186746988], [696175.891566265, 2576038.686746988], [696178.391566265, 2576036.186746988], [696185.891566265, 2576028.686746988], [696188.391566265, 2576026.186746988], [696195.891566265, 2576018.686746988], [696198.391566265, 2576016.186746988], [696208.391566265, 2576016.186746988], [696215.891566265, 2576008.686746988], [696218.391566265, 2576006.186746988], [696228.391566265, 2576006.186746988], [696235.891566265, 2575998.686746988], [696238.391566265, 2575996.186746988], [696245.891566265, 2575988.686746988], [696248.391566265, 2575986.186746988], [696255.891566265, 2575978.686746988], [696255.891566265, 2575968.686746988], [696258.391566265, 2575966.186746988], [696265.891566265, 2575958.686746988], [696268.391566265, 2575956.186746988], [696275.891566265, 2575948.686746988], [696278.391566265, 2575946.186746988], [696285.891566265, 2575938.686746988], [696288.391566265, 2575936.186746988], [696298.391566265, 2575935.686746988], [696301.391566265, 2575938.686746988], [696308.391566265, 2575945.686746988], [696311.391566265, 2575948.686746988], [696311.391566265, 2575958.686746988], [696318.391566265, 2575965.686746988], [696321.391566265, 2575968.686746988], [696328.391566265, 2575975.686746988], [696338.391566265, 2575975.686746988], [696348.391566265, 2575975.686746988], [696358.391566265, 2575975.686746988], [696360.891566265, 2575978.686746988], [696368.391566265, 2575986.186746988], [696378.391566265, 2575986.186746988], [696385.891566265, 2575978.686746988], [696388.391566265, 2575976.186746988], [696395.891566265, 2575968.686746988], [696398.391566265, 2575966.186746988], [696405.891566265, 2575958.686746988], [696405.891566265, 2575948.686746988], [696405.891566265, 2575938.686746988], [696405.891566265, 2575928.686746988], [696405.891566265, 2575918.686746988], [696405.891566265, 2575908.686746988], [696405.891566265, 2575898.686746988], [696405.891566265, 2575888.686746988], [696408.391566265, 2575886.186746988], [696415.891566265, 2575878.686746988], [696415.891566265, 2575868.686746988], [696415.891566265, 2575858.686746988], [696418.391566265, 2575856.186746988], [696425.891566265, 2575848.686746988], [696428.391566265, 2575846.186746988], [696435.891566265, 2575838.686746988], [696438.391566265, 2575836.186746988], [696445.891566265, 2575828.686746988], [696445.891566265, 2575818.686746988], [696448.391566265, 2575816.186746988], [696455.891566265, 2575808.686746988], [696458.391566265, 2575806.186746988], [696465.891566265, 2575798.686746988], [696465.891566265, 2575788.686746988], [696458.391566265, 2575781.186746988], [696455.891566265, 2575778.686746988], [696455.891566265, 2575768.686746988], [696458.391566265, 2575766.186746988], [696465.891566265, 2575758.686746988], [696465.891566265, 2575748.686746988], [696468.391566265, 2575746.186746988], [696475.891566265, 2575738.686746988], [696478.391566265, 2575736.186746988], [696485.891566265, 2575728.686746988], [696488.391566265, 2575726.186746988], [696495.891566265, 2575718.686746988], [696495.891566265, 2575708.686746988], [696498.391566265, 2575706.186746988], [696505.891566265, 2575698.686746988], [696505.891566265, 2575688.686746988], [696505.891566265, 2575678.686746988], [696505.891566265, 2575668.686746988], [696505.891566265, 2575658.686746988], [696505.891566265, 2575648.686746988], [696505.891566265, 2575638.686746988], [696505.891566265, 2575628.686746988], [696508.391566265, 2575626.186746988], [696515.891566265, 2575618.686746988], [696515.891566265, 2575608.686746988], [696518.391566265, 2575606.186746988], [696525.891566265, 2575598.686746988], [696525.891566265, 2575588.686746988], [696528.391566265, 2575586.186746988], [696535.891566265, 2575578.686746988], [696538.391566265, 2575576.186746988], [696545.891566265, 2575568.686746988], [696548.391566265, 2575566.186746988], [696555.891566265, 2575558.686746988], [696558.391566265, 2575555.686746988], [696565.391566265, 2575548.686746988], [696565.391566265, 2575538.686746988], [696558.391566265, 2575531.686746988], [696555.891566265, 2575528.686746988], [696555.891566265, 2575518.686746988], [696555.891566265, 2575508.686746988], [696558.391566265, 2575506.186746988], [696565.891566265, 2575498.686746988], [696565.891566265, 2575488.686746988], [696568.391566265, 2575486.186746988], [696575.891566265, 2575478.686746988], [696578.391566265, 2575476.186746988], [696585.891566265, 2575468.686746988], [696588.391566265, 2575466.186746988], [696595.891566265, 2575458.686746988], [696598.391566265, 2575456.186746988], [696605.891566265, 2575448.686746988], [696605.891566265, 2575438.686746988], [696605.891566265, 2575428.686746988], [696605.891566265, 2575418.686746988], [696605.891566265, 2575408.686746988], [696605.891566265, 2575398.686746988], [696605.891566265, 2575388.686746988], [696605.891566265, 2575378.686746988], [696605.891566265, 2575368.686746988], [696608.391566265, 2575366.186746988], [696615.891566265, 2575358.686746988], [696615.891566265, 2575348.686746988], [696618.391566265, 2575346.186746988], [696625.891566265, 2575338.686746988], [696628.391566265, 2575336.186746988], [696635.891566265, 2575328.686746988], [696638.391566265, 2575326.186746988], [696645.891566265, 2575318.686746988], [696648.391566265, 2575316.186746988], [696655.891566265, 2575308.686746988], [696655.891566265, 2575298.686746988], [696655.891566265, 2575288.686746988], [696655.891566265, 2575278.686746988], [696655.891566265, 2575268.686746988], [696655.891566265, 2575258.686746988], [696655.891566265, 2575248.686746988], [696655.891566265, 2575238.686746988], [696658.391566265, 2575236.186746988], [696665.891566265, 2575228.686746988], [696665.891566265, 2575218.686746988], [696665.891566265, 2575208.686746988], [696668.391566265, 2575206.186746988], [696675.891566265, 2575198.686746988], [696678.391566265, 2575196.186746988], [696685.891566265, 2575188.686746988], [696688.391566265, 2575186.186746988], [696695.891566265, 2575178.686746988], [696695.891566265, 2575168.686746988], [696698.391566265, 2575166.186746988], [696705.891566265, 2575158.686746988], [696708.391566265, 2575156.186746988], [696715.891566265, 2575148.686746988], [696715.891566265, 2575138.686746988], [696708.391566265, 2575131.186746988], [696705.891566265, 2575128.686746988], [696705.891566265, 2575118.686746988], [696708.391566265, 2575116.186746988], [696715.891566265, 2575108.686746988], [696715.891566265, 2575098.686746988], [696718.391566265, 2575096.186746988], [696725.891566265, 2575088.686746988], [696728.391566265, 2575086.186746988], [696735.891566265, 2575078.686746988], [696738.391566265, 2575076.186746988], [696745.891566265, 2575068.686746988], [696745.891566265, 2575058.686746988], [696748.391566265, 2575056.186746988], [696755.891566265, 2575048.686746988], [696755.891566265, 2575038.686746988], [696755.891566265, 2575028.686746988], [696755.891566265, 2575018.686746988], [696755.891566265, 2575008.686746988], [696755.891566265, 2574998.686746988], [696755.891566265, 2574988.686746988], [696755.891566265, 2574978.686746988], [696758.391566265, 2574976.186746988], [696765.891566265, 2574968.686746988], [696765.891566265, 2574958.686746988], [696768.391566265, 2574956.186746988], [696775.891566265, 2574948.686746988], [696775.891566265, 2574938.686746988], [696778.391566265, 2574936.186746988], [696785.891566265, 2574928.686746988], [696788.391566265, 2574926.186746988], [696795.891566265, 2574918.686746988], [696798.391566265, 2574916.186746988], [696805.891566265, 2574908.686746988], [696808.391566265, 2574906.186746988], [696815.891566265, 2574898.686746988], [696815.891566265, 2574888.686746988], [696808.391566265, 2574881.186746988], [696805.891566265, 2574878.686746988], [696805.891566265, 2574868.686746988], [696805.891566265, 2574858.686746988], [696808.391566265, 2574856.186746988], [696815.891566265, 2574848.686746988], [696815.891566265, 2574838.686746988], [696818.391566265, 2574836.186746988], [696825.891566265, 2574828.686746988], [696828.391566265, 2574826.186746988], [696835.891566265, 2574818.686746988], [696838.391566265, 2574816.186746988], [696845.891566265, 2574808.686746988], [696848.391566265, 2574806.186746988], [696855.891566265, 2574798.686746988], [696855.891566265, 2574788.686746988], [696855.891566265, 2574778.686746988], [696855.891566265, 2574768.686746988], [696855.891566265, 2574758.686746988], [696855.891566265, 2574748.686746988], [696855.891566265, 2574738.686746988], [696855.891566265, 2574728.686746988], [696855.891566265, 2574718.686746988], [696858.391566265, 2574716.186746988], [696865.891566265, 2574708.686746988], [696865.891566265, 2574698.686746988], [696868.391566265, 2574696.186746988], [696875.891566265, 2574688.686746988], [696878.391566265, 2574686.186746988], [696885.891566265, 2574678.686746988], [696888.391566265, 2574676.186746988], [696895.891566265, 2574668.686746988], [696898.391566265, 2574666.186746988], [696905.891566265, 2574658.686746988], [696905.891566265, 2574648.686746988], [696905.891566265, 2574638.686746988], [696905.891566265, 2574628.686746988], [696905.891566265, 2574618.686746988], [696905.891566265, 2574608.686746988], [696905.891566265, 2574598.686746988], [696905.891566265, 2574588.686746988], [696905.891566265, 2574578.686746988], [696905.891566265, 2574568.686746988], [696908.391566265, 2574566.186746988], [696915.891566265, 2574558.686746988], [696915.891566265, 2574548.686746988], [696918.391566265, 2574546.186746988], [696925.891566265, 2574538.686746988], [696928.391566265, 2574536.186746988], [696935.891566265, 2574528.686746988], [696938.391566265, 2574526.186746988], [696945.891566265, 2574518.686746988], [696948.391566265, 2574516.186746988], [696955.891566265, 2574508.686746988], [696958.391566265, 2574506.186746988], [696965.891566265, 2574498.686746988], [696965.891566265, 2574488.686746988], [696958.391566265, 2574481.186746988], [696955.891566265, 2574478.686746988], [696955.891566265, 2574468.686746988], [696955.891566265, 2574458.686746988], [696955.891566265, 2574448.686746988], [696955.891566265, 2574438.686746988], [696955.891566265, 2574428.686746988], [696955.891566265, 2574418.686746988], [696958.391566265, 2574416.186746988], [696965.891566265, 2574408.686746988], [696965.891566265, 2574398.686746988], [696968.391566265, 2574395.686746988], [696975.391566265, 2574388.686746988], [696978.391566265, 2574385.686746988], [696985.391566265, 2574378.686746988], [696988.391566265, 2574376.186746988], [696995.891566265, 2574368.686746988], [696998.391566265, 2574366.186746988], [697005.891566265, 2574358.686746988], [697008.391566265, 2574356.186746988], [697015.891566265, 2574348.686746988], [697015.891566265, 2574338.686746988], [697008.391566265, 2574331.186746988], [697005.891566265, 2574328.686746988], [697005.391566265, 2574318.686746988], [697005.391566265, 2574308.686746988], [697005.391566265, 2574298.686746988], [697005.391566265, 2574288.686746988], [697005.391566265, 2574278.686746988], [697005.391566265, 2574268.686746988], [697008.391566265, 2574265.686746988], [697015.391566265, 2574258.686746988], [697015.391566265, 2574248.686746988], [697018.391566265, 2574245.686746988], [697025.391566265, 2574238.686746988], [697028.391566265, 2574235.686746988], [697035.391566265, 2574228.686746988], [697038.391566265, 2574225.686746988], [697045.391566265, 2574218.686746988], [697048.391566265, 2574215.686746988], [697055.391566265, 2574208.686746988], [697058.391566265, 2574205.686746988], [697065.391566265, 2574198.686746988], [697065.391566265, 2574188.686746988], [697058.391566265, 2574181.686746988], [697055.391566265, 2574178.686746988], [697055.391566265, 2574168.686746988], [697055.391566265, 2574158.686746988], [697055.391566265, 2574148.686746988], [697055.391566265, 2574138.686746988], [697055.391566265, 2574128.686746988], [697055.391566265, 2574118.686746988], [697058.391566265, 2574115.686746988], [697065.391566265, 2574108.686746988], [697065.391566265, 2574098.686746988], [697068.391566265, 2574095.686746988], [697075.391566265, 2574088.686746988], [697078.391566265, 2574085.686746988], [697085.391566265, 2574078.686746988], [697088.391566265, 2574075.686746988], [697095.391566265, 2574068.686746988], [697098.391566265, 2574065.686746988], [697105.391566265, 2574058.686746988], [697108.391566265, 2574055.686746988], [697115.391566265, 2574048.686746988], [697115.391566265, 2574038.686746988], [697108.391566265, 2574031.686746988], [697105.391566265, 2574028.686746988], [697105.391566265, 2574018.686746988], [697105.391566265, 2574008.686746988], [697105.391566265, 2573998.686746988], [697105.391566265, 2573988.686746988], [697105.391566265, 2573978.686746988], [697105.391566265, 2573968.686746988], [697108.391566265, 2573965.686746988], [697115.391566265, 2573958.686746988], [697115.391566265, 2573948.686746988], [697118.391566265, 2573945.686746988], [697125.391566265, 2573938.686746988], [697128.391566265, 2573935.686746988], [697135.391566265, 2573928.686746988], [697138.391566265, 2573925.686746988], [697145.391566265, 2573918.686746988], [697148.391566265, 2573915.686746988], [697155.391566265, 2573908.686746988], [697158.391566265, 2573905.686746988], [697165.391566265, 2573898.686746988], [697165.391566265, 2573888.686746988], [697158.391566265, 2573881.686746988], [697155.391566265, 2573878.686746988], [697155.391566265, 2573868.686746988], [697155.391566265, 2573858.686746988], [697155.391566265, 2573848.686746988], [697155.391566265, 2573838.686746988], [697155.391566265, 2573828.686746988], [697158.391566265, 2573825.686746988], [697165.391566265, 2573818.686746988], [697168.391566265, 2573815.686746988], [697175.391566265, 2573808.686746988], [697175.391566265, 2573798.686746988], [697178.391566265, 2573795.686746988], [697185.391566265, 2573788.686746988], [697185.391566265, 2573778.686746988], [697185.391566265, 2573768.686746988], [697185.391566265, 2573758.686746988], [697185.391566265, 2573748.686746988], [697188.391566265, 2573745.686746988], [697195.391566265, 2573738.686746988], [697195.391566265, 2573728.686746988], [697198.391566265, 2573725.686746988], [697205.391566265, 2573718.686746988], [697208.391566265, 2573715.686746988], [697215.391566265, 2573708.686746988], [697215.391566265, 2573698.686746988], [697215.391566265, 2573688.686746988], [697218.391566265, 2573685.686746988], [697225.391566265, 2573678.686746988], [697225.391566265, 2573668.686746988], [697225.391566265, 2573658.686746988], [697225.391566265, 2573648.686746988], [697225.391566265, 2573638.686746988], [697225.391566265, 2573628.686746988], [697225.391566265, 2573618.686746988], [697225.391566265, 2573608.686746988], [697228.391566265, 2573605.686746988], [697235.391566265, 2573598.686746988], [697235.391566265, 2573588.686746988], [697235.391566265, 2573578.686746988], [697235.391566265, 2573568.686746988], [697238.391566265, 2573565.686746988], [697245.391566265, 2573558.686746988], [697245.391566265, 2573548.686746988], [697245.391566265, 2573538.686746988], [697245.391566265, 2573528.686746988], [697245.391566265, 2573518.686746988], [697248.391566265, 2573515.686746988], [697255.391566265, 2573508.686746988], [697255.391566265, 2573498.686746988], [697258.391566265, 2573495.686746988], [697265.391566265, 2573488.686746988], [697268.391566265, 2573485.686746988], [697275.391566265, 2573478.686746988], [697278.391566265, 2573475.686746988], [697288.391566265, 2573475.686746988], [697295.391566265, 2573468.686746988], [697298.391566265, 2573465.686746988], [697308.391566265, 2573465.686746988], [697315.391566265, 2573458.686746988], [697315.391566265, 2573448.686746988], [697315.391566265, 2573438.686746988], [697308.391566265, 2573431.686746988], [697305.391566265, 2573428.686746988], [697305.391566265, 2573418.686746988], [697305.391566265, 2573408.686746988], [697305.391566265, 2573398.686746988], [697305.391566265, 2573388.686746988], [697308.391566265, 2573385.686746988], [697315.391566265, 2573378.686746988], [697315.391566265, 2573368.686746988], [697318.391566265, 2573365.686746988], [697325.391566265, 2573358.686746988], [697328.391566265, 2573355.686746988], [697335.391566265, 2573348.686746988], [697335.391566265, 2573338.686746988], [697335.391566265, 2573328.686746988], [697338.391566265, 2573325.686746988], [697345.391566265, 2573318.686746988], [697345.391566265, 2573308.686746988], [697345.391566265, 2573298.686746988], [697345.391566265, 2573288.686746988], [697345.391566265, 2573278.686746988], [697348.391566265, 2573275.686746988], [697355.391566265, 2573268.686746988], [697355.391566265, 2573258.686746988], [697358.391566265, 2573255.686746988], [697365.391566265, 2573248.686746988], [697365.391566265, 2573238.686746988], [697368.391566265, 2573235.686746988], [697375.391566265, 2573228.686746988], [697375.391566265, 2573218.686746988], [697375.391566265, 2573208.686746988], [697375.391566265, 2573198.686746988], [697378.391566265, 2573195.686746988], [697385.391566265, 2573188.686746988], [697388.391566265, 2573185.686746988], [697395.391566265, 2573178.686746988], [697398.391566265, 2573175.686746988], [697405.391566265, 2573168.686746988], [697405.391566265, 2573158.686746988], [697408.391566265, 2573155.686746988], [697415.391566265, 2573148.686746988], [697418.391566265, 2573145.686746988], [697425.391566265, 2573138.686746988], [697428.391566265, 2573135.686746988], [697435.391566265, 2573128.686746988], [697435.391566265, 2573118.686746988], [697438.391566265, 2573115.686746988], [697445.391566265, 2573108.686746988], [697448.391566265, 2573105.686746988], [697455.391566265, 2573098.686746988], [697455.391566265, 2573088.686746988], [697455.391566265, 2573078.686746988], [697455.391566265, 2573068.686746988], [697455.391566265, 2573058.686746988], [697458.391566265, 2573055.686746988], [697465.391566265, 2573048.686746988], [697468.391566265, 2573045.686746988], [697475.391566265, 2573038.686746988], [697478.391566265, 2573035.686746988], [697485.391566265, 2573028.686746988], [697488.391566265, 2573025.686746988], [697495.391566265, 2573018.686746988], [697495.391566265, 2573008.686746988], [697498.391566265, 2573005.686746988], [697505.391566265, 2572998.686746988], [697505.391566265, 2572988.686746988], [697505.391566265, 2572978.686746988], [697505.391566265, 2572968.686746988], [697505.391566265, 2572958.686746988], [697508.391566265, 2572955.686746988], [697515.391566265, 2572948.686746988], [697518.391566265, 2572945.686746988], [697525.391566265, 2572938.686746988], [697528.391566265, 2572935.686746988], [697535.391566265, 2572928.686746988], [697538.391566265, 2572925.686746988], [697545.391566265, 2572918.686746988], [697548.391566265, 2572915.686746988], [697555.391566265, 2572908.686746988], [697555.391566265, 2572898.686746988], [697555.391566265, 2572888.686746988], [697554.641566265, 2572878.686746988], [697554.641566265, 2572868.686746988], [697558.391566265, 2572864.936746988], [697564.641566265, 2572858.686746988], [697568.391566265, 2572854.936746988], [697574.641566265, 2572848.686746988], [697578.391566265, 2572844.936746988], [697584.641566265, 2572838.686746988], [697588.391566265, 2572834.936746988], [697594.641566265, 2572828.686746988], [697594.641566265, 2572818.686746988], [697598.391566265, 2572814.936746988], [697604.641566265, 2572808.686746988], [697604.641566265, 2572798.686746988], [697604.641566265, 2572788.686746988], [697608.391566265, 2572783.686746988], [697613.391566265, 2572778.686746988], [697613.391566265, 2572768.686746988], [697613.391566265, 2572758.686746988], [697618.391566265, 2572753.686746988], [697623.391566265, 2572748.686746988], [697628.391566265, 2572743.686746988], [697633.391566265, 2572738.686746988], [697638.391566265, 2572733.686746988], [697643.391566265, 2572728.686746988], [697643.391566265, 2572718.686746988], [697648.391566265, 2572713.686746988], [697653.391566265, 2572708.686746988], [697658.391566265, 2572703.686746988], [697663.391566265, 2572698.686746988], [697663.391566265, 2572688.686746988], [697663.391566265, 2572678.686746988], [697663.391566265, 2572668.686746988], [697663.391566265, 2572658.686746988], [697668.391566265, 2572651.186746988], [697670.891566265, 2572648.686746988], [697678.391566265, 2572641.186746988], [697680.891566265, 2572638.686746988], [697688.391566265, 2572631.186746988], [697690.891566265, 2572628.686746988], [697698.391566265, 2572621.186746988], [697700.891566265, 2572618.686746988], [697708.391566265, 2572611.186746988], [697710.891566265, 2572608.686746988], [697713.391566265, 2572598.686746988], [697713.391566265, 2572588.686746988], [697708.391566265, 2572583.686746988], [697703.391566265, 2572578.686746988], [697698.391566265, 2572573.686746988], [697693.391566265, 2572568.686746988], [697688.391566265, 2572563.686746988], [697678.391566265, 2572563.686746988], [697673.391566265, 2572558.686746988], [697673.391566265, 2572548.686746988], [697673.391566265, 2572538.686746988], [697678.391566265, 2572533.686746988], [697683.391566265, 2572528.686746988], [697688.391566265, 2572523.686746988], [697693.391566265, 2572518.686746988], [697688.391566265, 2572513.686746988], [697678.391566265, 2572513.686746988], [697673.391566265, 2572518.686746988], [697668.391566265, 2572523.686746988], [697665.891566265, 2572528.686746988], [697658.391566265, 2572536.186746988], [697655.891566265, 2572538.686746988], [697653.391566265, 2572548.686746988], [697648.391566265, 2572553.686746988], [697645.891566265, 2572558.686746988], [697638.391566265, 2572566.186746988], [697635.891566265, 2572568.686746988], [697633.391566265, 2572578.686746988], [697628.391566265, 2572583.686746988], [697625.891566265, 2572588.686746988], [697623.391566265, 2572598.686746988], [697618.391566265, 2572603.686746988], [697613.391566265, 2572608.686746988], [697613.391566265, 2572618.686746988], [697613.391566265, 2572628.686746988], [697608.391566265, 2572633.686746988], [697605.891566265, 2572638.686746988], [697603.391566265, 2572648.686746988], [697598.391566265, 2572653.686746988], [697593.391566265, 2572658.686746988], [697588.391566265, 2572663.686746988], [697583.391566265, 2572668.686746988], [697578.391566265, 2572671.186746988], [697568.391566265, 2572673.686746988], [697563.391566265, 2572668.686746988], [697558.391566265, 2572663.686746988], [697553.391566265, 2572658.686746988], [697548.391566265, 2572653.686746988], [697543.391566265, 2572648.686746988], [697538.391566265, 2572643.686746988], [697528.391566265, 2572643.686746988], [697523.391566265, 2572648.686746988], [697518.391566265, 2572653.686746988], [697515.891566265, 2572658.686746988], [697508.391566265, 2572666.186746988], [697505.891566265, 2572668.686746988], [697498.391566265, 2572676.186746988], [697488.391566265, 2572676.186746988], [697480.891566265, 2572668.686746988], [697480.891566265, 2572658.686746988], [697478.391566265, 2572656.186746988], [697470.891566265, 2572648.686746988], [697468.391566265, 2572646.186746988], [697460.891566265, 2572638.686746988], [697458.391566265, 2572636.186746988], [697448.391566265, 2572636.186746988], [697445.891566265, 2572638.686746988], [697438.391566265, 2572646.186746988], [697435.891566265, 2572648.686746988], [697428.391566265, 2572656.186746988], [697418.391566265, 2572656.186746988], [697415.891566265, 2572658.686746988], [697408.391566265, 2572662.436746988], [697398.391566265, 2572662.436746988], [697390.891566265, 2572658.686746988], [697390.891566265, 2572648.686746988], [697390.891566265, 2572638.686746988], [697390.891566265, 2572628.686746988], [697388.391566265, 2572623.686746988], [697383.391566265, 2572618.686746988], [697378.391566265, 2572613.686746988], [697368.391566265, 2572613.686746988], [697365.891566265, 2572618.686746988], [697358.391566265, 2572626.186746988], [697355.891566265, 2572628.686746988], [697355.891566265, 2572638.686746988], [697355.891566265, 2572648.686746988], [697352.141566265, 2572658.686746988], [697348.391566265, 2572662.436746988], [697342.141566265, 2572668.686746988], [697342.141566265, 2572678.686746988], [697338.391566265, 2572682.436746988], [697332.141566265, 2572688.686746988], [697328.391566265, 2572692.436746988], [697324.641566265, 2572688.686746988], [697318.391566265, 2572682.436746988], [697314.641566265, 2572678.686746988], [697318.391566265, 2572674.936746988], [697324.641566265, 2572668.686746988], [697324.641566265, 2572658.686746988], [697328.391566265, 2572654.936746988], [697334.641566265, 2572648.686746988], [697334.641566265, 2572638.686746988], [697333.391566265, 2572628.686746988], [697333.391566265, 2572618.686746988], [697338.391566265, 2572611.186746988], [697340.891566265, 2572608.686746988], [697343.391566265, 2572598.686746988], [697343.391566265, 2572588.686746988], [697343.391566265, 2572578.686746988], [697343.391566265, 2572568.686746988], [697343.391566265, 2572558.686746988], [697345.891566265, 2572548.686746988], [697348.391566265, 2572543.686746988], [697350.891566265, 2572538.686746988], [697350.891566265, 2572528.686746988], [697348.391566265, 2572523.686746988], [697345.891566265, 2572518.686746988], [697343.391566265, 2572508.686746988], [697343.391566265, 2572498.686746988], [697338.391566265, 2572491.186746988], [697335.891566265, 2572488.686746988], [697328.391566265, 2572481.186746988], [697320.891566265, 2572488.686746988], [697318.391566265, 2572491.186746988], [697310.891566265, 2572498.686746988], [697313.391566265, 2572508.686746988], [697313.391566265, 2572518.686746988], [697313.391566265, 2572528.686746988], [697315.891566265, 2572538.686746988], [697313.391566265, 2572548.686746988], [697308.391566265, 2572556.186746988], [697305.891566265, 2572558.686746988], [697303.391566265, 2572568.686746988], [697298.391566265, 2572576.186746988], [697295.891566265, 2572578.686746988], [697295.891566265, 2572588.686746988], [697298.391566265, 2572591.186746988], [697302.141566265, 2572598.686746988], [697303.391566265, 2572608.686746988], [697303.391566265, 2572618.686746988], [697298.391566265, 2572622.436746988], [697294.641566265, 2572618.686746988], [697288.391566265, 2572612.436746988], [697284.641566265, 2572608.686746988], [697278.391566265, 2572602.436746988], [697274.641566265, 2572598.686746988], [697268.391566265, 2572592.436746988], [697258.391566265, 2572592.436746988], [697248.391566265, 2572592.436746988], [697242.141566265, 2572598.686746988], [697238.391566265, 2572602.436746988], [697232.141566265, 2572608.686746988], [697228.391566265, 2572612.436746988], [697218.391566265, 2572612.436746988], [697214.641566265, 2572608.686746988], [697214.641566265, 2572598.686746988], [697214.641566265, 2572588.686746988], [697214.641566265, 2572578.686746988], [697213.391566265, 2572568.686746988], [697213.391566265, 2572558.686746988], [697210.891566265, 2572548.686746988], [697208.391566265, 2572546.186746988], [697204.641566265, 2572538.686746988], [697203.391566265, 2572528.686746988], [697203.391566265, 2572518.686746988], [697203.391566265, 2572508.686746988], [697208.391566265, 2572501.186746988], [697210.891566265, 2572498.686746988], [697210.891566265, 2572488.686746988], [697218.391566265, 2572481.186746988], [697220.891566265, 2572478.686746988], [697223.391566265, 2572468.686746988], [697228.391566265, 2572463.686746988], [697233.391566265, 2572458.686746988], [697234.641566265, 2572448.686746988], [697233.391566265, 2572438.686746988], [697228.391566265, 2572433.686746988], [697223.391566265, 2572428.686746988], [697218.391566265, 2572423.686746988], [697208.391566265, 2572423.686746988], [697198.391566265, 2572426.186746988], [697195.891566265, 2572428.686746988], [697188.391566265, 2572436.186746988], [697178.391566265, 2572436.186746988], [697173.391566265, 2572428.686746988], [697173.391566265, 2572418.686746988], [697178.391566265, 2572411.186746988], [697180.891566265, 2572408.686746988], [697183.391566265, 2572398.686746988], [697188.391566265, 2572391.186746988], [697190.891566265, 2572388.686746988], [697198.391566265, 2572381.186746988], [697200.891566265, 2572378.686746988], [697203.391566265, 2572368.686746988], [697208.391566265, 2572363.686746988], [697215.891566265, 2572358.686746988], [697218.391566265, 2572356.186746988], [697223.391566265, 2572358.686746988], [697228.391566265, 2572363.686746988], [697233.391566265, 2572368.686746988], [697233.391566265, 2572378.686746988], [697228.391566265, 2572383.686746988], [697223.391566265, 2572388.686746988], [697228.391566265, 2572393.686746988], [697238.391566265, 2572393.686746988], [697243.391566265, 2572388.686746988], [697248.391566265, 2572383.686746988], [697250.891566265, 2572378.686746988], [697250.891566265, 2572368.686746988], [697250.891566265, 2572358.686746988], [697253.391566265, 2572348.686746988], [697248.391566265, 2572343.686746988], [697243.391566265, 2572338.686746988], [697238.391566265, 2572333.686746988], [697233.391566265, 2572328.686746988], [697233.391566265, 2572318.686746988], [697228.391566265, 2572316.186746988], [697220.891566265, 2572308.686746988], [697228.391566265, 2572301.186746988], [697235.891566265, 2572308.686746988], [697238.391566265, 2572313.686746988], [697243.391566265, 2572318.686746988], [697248.391566265, 2572323.686746988], [697250.891566265, 2572328.686746988], [697253.391566265, 2572338.686746988], [697258.391566265, 2572343.686746988], [697268.391566265, 2572343.686746988], [697275.891566265, 2572338.686746988], [697278.391566265, 2572336.186746988], [697285.891566265, 2572328.686746988], [697288.391566265, 2572326.186746988], [697298.391566265, 2572321.186746988], [697308.391566265, 2572321.186746988], [697318.391566265, 2572323.686746988], [697328.391566265, 2572323.686746988], [697333.391566265, 2572318.686746988], [697338.391566265, 2572313.686746988], [697343.391566265, 2572308.686746988], [697344.641566265, 2572298.686746988], [697343.391566265, 2572288.686746988], [697340.891566265, 2572278.686746988], [697338.391566265, 2572276.186746988], [697328.391566265, 2572271.186746988], [697318.391566265, 2572273.686746988], [697313.391566265, 2572278.686746988], [697308.391566265, 2572281.186746988], [697298.391566265, 2572281.186746988], [697295.891566265, 2572278.686746988], [697288.391566265, 2572273.686746988], [697280.891566265, 2572268.686746988], [697278.391566265, 2572266.186746988], [697268.391566265, 2572260.353413655], [697266.7248995984, 2572258.686746988], [697258.391566265, 2572252.436746988], [697253.391566265, 2572248.686746988], [697248.391566265, 2572243.686746988], [697243.391566265, 2572248.686746988], [697238.391566265, 2572253.686746988], [697233.391566265, 2572258.686746988], [697230.0582329317, 2572268.686746988], [697228.391566265, 2572273.686746988], [697225.891566265, 2572278.686746988], [697225.891566265, 2572288.686746988], [697218.391566265, 2572296.186746988], [697210.891566265, 2572288.686746988], [697208.391566265, 2572286.186746988], [697203.391566265, 2572278.686746988], [697198.391566265, 2572273.686746988], [697193.391566265, 2572268.686746988], [697190.891566265, 2572258.686746988], [697188.391566265, 2572256.186746988], [697183.391566265, 2572248.686746988], [697183.391566265, 2572238.686746988], [697180.891566265, 2572228.686746988], [697178.391566265, 2572226.186746988], [697173.391566265, 2572218.686746988], [697170.891566265, 2572208.686746988], [697168.391566265, 2572206.186746988], [697160.891566265, 2572198.686746988], [697158.391566265, 2572196.186746988], [697148.391566265, 2572193.686746988], [697143.391566265, 2572198.686746988], [697138.391566265, 2572203.686746988], [697133.391566265, 2572208.686746988], [697135.891566265, 2572218.686746988], [697138.391566265, 2572221.186746988], [697143.391566265, 2572228.686746988], [697143.391566265, 2572238.686746988], [697148.391566265, 2572243.686746988], [697153.391566265, 2572248.686746988], [697158.391566265, 2572256.186746988], [697160.891566265, 2572258.686746988], [697168.391566265, 2572266.186746988], [697170.891566265, 2572268.686746988], [697173.391566265, 2572278.686746988], [697173.391566265, 2572288.686746988], [697168.391566265, 2572296.186746988], [697158.391566265, 2572296.186746988], [697150.891566265, 2572288.686746988], [697148.391566265, 2572286.186746988], [697140.891566265, 2572278.686746988], [697138.391566265, 2572276.186746988], [697128.391566265, 2572276.186746988], [697125.891566265, 2572278.686746988], [697118.391566265, 2572286.186746988], [697115.891566265, 2572288.686746988], [697108.391566265, 2572293.686746988], [697098.391566265, 2572296.186746988], [697093.391566265, 2572298.686746988], [697093.391566265, 2572308.686746988], [697093.391566265, 2572318.686746988], [697095.891566265, 2572328.686746988], [697088.391566265, 2572336.186746988], [697078.391566265, 2572336.186746988], [697070.891566265, 2572328.686746988], [697073.391566265, 2572318.686746988], [697073.391566265, 2572308.686746988], [697075.891566265, 2572298.686746988], [697073.391566265, 2572288.686746988], [697070.891566265, 2572278.686746988], [697068.391566265, 2572276.186746988], [697060.891566265, 2572268.686746988], [697058.391566265, 2572266.186746988], [697050.891566265, 2572258.686746988], [697050.891566265, 2572248.686746988], [697050.891566265, 2572238.686746988], [697058.391566265, 2572231.186746988], [697060.891566265, 2572228.686746988], [697068.391566265, 2572221.186746988], [697070.891566265, 2572218.686746988], [697068.391566265, 2572213.686746988], [697065.891566265, 2572208.686746988], [697063.391566265, 2572198.686746988], [697058.391566265, 2572191.186746988], [697055.891566265, 2572188.686746988], [697053.391566265, 2572178.686746988], [697048.391566265, 2572171.186746988], [697045.891566265, 2572168.686746988], [697038.391566265, 2572161.186746988], [697035.891566265, 2572158.686746988], [697028.391566265, 2572151.186746988], [697020.891566265, 2572158.686746988], [697018.391566265, 2572161.186746988], [697013.391566265, 2572168.686746988], [697013.391566265, 2572178.686746988], [697008.391566265, 2572183.686746988], [696998.391566265, 2572186.186746988], [696988.391566265, 2572186.186746988], [696978.391566265, 2572186.186746988], [696973.391566265, 2572188.686746988], [696968.391566265, 2572191.186746988], [696960.891566265, 2572198.686746988], [696958.391566265, 2572201.186746988], [696953.391566265, 2572208.686746988], [696948.391566265, 2572216.186746988], [696938.391566265, 2572216.186746988], [696930.891566265, 2572208.686746988], [696928.391566265, 2572203.686746988], [696923.391566265, 2572198.686746988], [696918.391566265, 2572193.686746988], [696908.391566265, 2572196.186746988], [696905.891566265, 2572198.686746988], [696903.391566265, 2572208.686746988], [696900.891566265, 2572218.686746988], [696898.391566265, 2572221.186746988], [696893.391566265, 2572228.686746988], [696888.391566265, 2572236.186746988], [696885.891566265, 2572238.686746988], [696883.391566265, 2572248.686746988], [696888.391566265, 2572253.686746988], [696893.391566265, 2572258.686746988], [696895.891566265, 2572268.686746988], [696898.391566265, 2572271.186746988], [696902.141566265, 2572278.686746988], [696902.141566265, 2572288.686746988], [696898.391566265, 2572292.436746988], [696888.391566265, 2572296.186746988], [696880.891566265, 2572288.686746988], [696878.391566265, 2572286.186746988], [696873.391566265, 2572278.686746988], [696870.891566265, 2572268.686746988], [696868.391566265, 2572266.186746988], [696864.641566265, 2572258.686746988], [696863.391566265, 2572248.686746988], [696860.891566265, 2572238.686746988], [696860.891566265, 2572228.686746988], [696858.391566265, 2572223.686746988], [696856.7248995983, 2572218.686746988], [696853.391566265, 2572208.686746988], [696853.391566265, 2572198.686746988], [696848.391566265, 2572193.686746988], [696843.391566265, 2572188.686746988], [696838.391566265, 2572183.686746988], [696828.391566265, 2572183.686746988], [696818.391566265, 2572186.186746988], [696808.391566265, 2572186.186746988], [696803.391566265, 2572178.686746988], [696803.391566265, 2572168.686746988], [696800.891566265, 2572158.686746988], [696798.391566265, 2572156.186746988], [696793.391566265, 2572148.686746988], [696788.391566265, 2572141.186746988], [696785.891566265, 2572138.686746988], [696778.391566265, 2572131.186746988], [696775.891566265, 2572128.686746988], [696768.391566265, 2572121.186746988], [696765.891566265, 2572118.686746988], [696758.391566265, 2572111.186746988], [696755.891566265, 2572108.686746988], [696755.891566265, 2572098.686746988], [696755.891566265, 2572088.686746988], [696755.891566265, 2572078.686746988], [696755.891566265, 2572068.686746988], [696753.391566265, 2572058.686746988], [696753.391566265, 2572048.686746988], [696750.891566265, 2572038.686746988], [696748.391566265, 2572036.186746988], [696740.891566265, 2572028.686746988], [696738.391566265, 2572026.186746988], [696728.391566265, 2572026.186746988], [696723.391566265, 2572028.686746988], [696718.391566265, 2572033.686746988], [696708.391566265, 2572033.686746988], [696705.891566265, 2572028.686746988], [696700.891566265, 2572018.686746988], [696698.391566265, 2572016.186746988], [696690.891566265, 2572008.686746988], [696688.391566265, 2572003.686746988], [696685.891566265, 2571998.686746988], [696683.391566265, 2571988.686746988], [696688.391566265, 2571983.686746988], [696698.391566265, 2571981.186746988], [696708.391566265, 2571981.186746988], [696718.391566265, 2571981.186746988], [696720.891566265, 2571978.686746988], [696728.391566265, 2571971.186746988], [696730.891566265, 2571968.686746988], [696728.391566265, 2571963.686746988], [696723.391566265, 2571958.686746988], [696718.391566265, 2571953.686746988], [696713.391566265, 2571948.686746988], [696708.391566265, 2571946.186746988], [696703.391566265, 2571948.686746988], [696698.391566265, 2571953.686746988], [696688.391566265, 2571953.686746988], [696678.391566265, 2571953.686746988], [696668.391566265, 2571953.686746988], [696658.391566265, 2571956.186746988], [696653.391566265, 2571958.686746988], [696648.391566265, 2571963.686746988], [696645.891566265, 2571958.686746988], [696645.891566265, 2571948.686746988], [696643.391566265, 2571938.686746988], [696643.391566265, 2571928.686746988], [696643.391566265, 2571918.686746988], [696638.391566265, 2571913.686746988], [696634.641566265, 2571908.686746988], [696633.391566265, 2571898.686746988], [696633.391566265, 2571888.686746988], [696633.391566265, 2571878.686746988], [696633.391566265, 2571868.686746988], [696628.391566265, 2571861.186746988], [696626.7248995984, 2571858.686746988], [696624.641566265, 2571848.686746988], [696624.641566265, 2571838.686746988], [696623.391566265, 2571828.686746988], [696623.391566265, 2571818.686746988], [696623.391566265, 2571808.686746988], [696620.891566265, 2571798.686746988], [696618.391566265, 2571796.186746988], [696613.391566265, 2571788.686746988], [696613.391566265, 2571778.686746988], [696613.391566265, 2571768.686746988], [696608.391566265, 2571761.186746988], [696605.891566265, 2571758.686746988], [696603.391566265, 2571748.686746988], [696603.391566265, 2571738.686746988], [696598.391566265, 2571733.686746988], [696594.641566265, 2571728.686746988], [696593.391566265, 2571718.686746988], [696588.391566265, 2571711.186746988], [696586.7248995983, 2571708.686746988], [696584.641566265, 2571698.686746988], [696583.391566265, 2571688.686746988], [696578.391566265, 2571683.686746988], [696573.391566265, 2571678.686746988], [696568.391566265, 2571673.686746988], [696560.891566265, 2571668.686746988], [696558.391566265, 2571666.186746988], [696548.391566265, 2571666.186746988], [696545.891566265, 2571668.686746988], [696538.391566265, 2571676.186746988], [696533.391566265, 2571678.686746988], [696528.391566265, 2571683.686746988], [696518.391566265, 2571680.3534136545], [696515.891566265, 2571678.686746988], [696508.391566265, 2571673.686746988], [696498.391566265, 2571673.686746988], [696493.391566265, 2571668.686746988], [696488.391566265, 2571663.686746988], [696483.391566265, 2571658.686746988], [696483.391566265, 2571648.686746988], [696485.891566265, 2571638.686746988], [696488.391566265, 2571636.186746988], [696495.891566265, 2571628.686746988], [696495.891566265, 2571618.686746988], [696495.891566265, 2571608.686746988], [696490.891566265, 2571598.686746988], [696488.391566265, 2571596.186746988], [696480.891566265, 2571588.686746988], [696478.391566265, 2571586.186746988], [696468.391566265, 2571586.186746988], [696458.391566265, 2571583.686746988], [696453.391566265, 2571588.686746988], [696453.391566265, 2571598.686746988], [696455.891566265, 2571608.686746988], [696458.391566265, 2571611.186746988], [696465.891566265, 2571618.686746988], [696465.891566265, 2571628.686746988], [696460.891566265, 2571638.686746988], [696458.391566265, 2571641.186746988], [696448.391566265, 2571643.686746988], [696443.391566265, 2571648.686746988], [696438.391566265, 2571653.686746988], [696435.891566265, 2571658.686746988], [696433.391566265, 2571668.686746988], [696428.391566265, 2571676.186746988], [696418.391566265, 2571676.186746988], [696410.891566265, 2571668.686746988], [696408.391566265, 2571666.186746988], [696403.391566265, 2571658.686746988], [696400.891566265, 2571648.686746988], [696398.391566265, 2571646.186746988], [696393.391566265, 2571638.686746988], [696393.391566265, 2571628.686746988], [696393.391566265, 2571618.686746988], [696390.891566265, 2571608.686746988], [696388.391566265, 2571606.186746988], [696383.391566265, 2571598.686746988], [696383.391566265, 2571588.686746988], [696383.391566265, 2571578.686746988], [696383.391566265, 2571568.686746988], [696383.391566265, 2571558.686746988], [696383.391566265, 2571548.686746988], [696383.391566265, 2571538.686746988], [696383.391566265, 2571528.686746988], [696384.641566265, 2571518.686746988], [696388.391566265, 2571511.186746988], [696390.891566265, 2571508.686746988], [696393.391566265, 2571498.686746988], [696394.641566265, 2571488.686746988], [696394.641566265, 2571478.686746988], [696394.641566265, 2571468.686746988], [696395.391566265, 2571458.686746988], [696395.391566265, 2571448.686746988], [696395.391566265, 2571438.686746988], [696394.641566265, 2571428.686746988], [696394.641566265, 2571418.686746988], [696388.391566265, 2571410.3534136545], [696385.891566265, 2571408.686746988], [696378.391566265, 2571401.186746988], [696368.391566265, 2571401.186746988], [696360.891566265, 2571408.686746988], [696358.391566265, 2571413.686746988], [696355.891566265, 2571418.686746988], [696350.891566265, 2571428.686746988], [696350.891566265, 2571438.686746988], [696353.391566265, 2571448.686746988], [696352.141566265, 2571458.686746988], [696348.391566265, 2571466.186746988], [696345.891566265, 2571468.686746988], [696342.141566265, 2571478.686746988], [696338.391566265, 2571482.436746988], [696328.391566265, 2571482.436746988], [696324.641566265, 2571478.686746988], [696318.391566265, 2571472.436746988], [696314.641566265, 2571468.686746988], [696314.641566265, 2571458.686746988], [696314.641566265, 2571448.686746988], [696313.391566265, 2571438.686746988], [696313.391566265, 2571428.686746988], [696310.891566265, 2571418.686746988], [696308.391566265, 2571416.186746988], [696304.641566265, 2571408.686746988], [696303.391566265, 2571398.686746988], [696298.391566265, 2571393.686746988], [696293.391566265, 2571388.686746988], [696293.391566265, 2571378.686746988], [696290.891566265, 2571368.686746988], [696290.891566265, 2571358.686746988], [696288.391566265, 2571353.686746988], [696285.891566265, 2571348.686746988], [696283.391566265, 2571338.686746988], [696278.391566265, 2571333.686746988], [696270.891566265, 2571328.686746988], [696268.391566265, 2571326.186746988], [696265.891566265, 2571328.686746988], [696258.391566265, 2571333.686746988], [696253.391566265, 2571338.686746988], [696248.391566265, 2571346.186746988], [696245.891566265, 2571348.686746988], [696238.391566265, 2571356.186746988], [696233.391566265, 2571358.686746988], [696230.891566265, 2571368.686746988], [696228.391566265, 2571371.186746988], [696220.891566265, 2571378.686746988], [696223.391566265, 2571388.686746988], [696228.391566265, 2571396.186746988], [696233.391566265, 2571398.686746988], [696238.391566265, 2571403.686746988], [696248.391566265, 2571403.686746988], [696253.391566265, 2571408.686746988], [696248.391566265, 2571413.686746988], [696243.391566265, 2571418.686746988], [696243.391566265, 2571428.686746988], [696243.391566265, 2571438.686746988], [696248.391566265, 2571441.186746988], [696253.391566265, 2571448.686746988], [696255.891566265, 2571458.686746988], [696258.391566265, 2571461.186746988], [696263.391566265, 2571468.686746988], [696263.391566265, 2571478.686746988], [696258.391566265, 2571486.186746988], [696248.391566265, 2571486.186746988], [696240.891566265, 2571478.686746988], [696238.391566265, 2571476.186746988], [696233.391566265, 2571468.686746988], [696233.391566265, 2571458.686746988], [696233.391566265, 2571448.686746988], [696228.391566265, 2571441.186746988], [696225.891566265, 2571438.686746988], [696218.391566265, 2571431.186746988], [696210.891566265, 2571438.686746988], [696208.391566265, 2571441.186746988], [696198.391566265, 2571443.686746988], [696188.391566265, 2571446.186746988], [696178.391566265, 2571446.186746988], [696168.391566265, 2571446.186746988], [696158.391566265, 2571446.186746988], [696148.391566265, 2571441.186746988], [696145.891566265, 2571438.686746988], [696138.391566265, 2571433.686746988], [696130.891566265, 2571428.686746988], [696128.391566265, 2571426.186746988], [696120.891566265, 2571418.686746988], [696118.391566265, 2571416.186746988], [696110.891566265, 2571408.686746988], [696108.391566265, 2571406.186746988], [696103.391566265, 2571398.686746988], [696100.891566265, 2571388.686746988], [696098.391566265, 2571386.186746988], [696090.891566265, 2571378.686746988], [696088.391566265, 2571376.186746988], [696078.391566265, 2571376.186746988], [696068.391566265, 2571376.186746988], [696063.391566265, 2571378.686746988], [696058.391566265, 2571381.186746988], [696048.391566265, 2571381.186746988], [696038.391566265, 2571381.186746988], [696028.391566265, 2571381.186746988], [696025.891566265, 2571378.686746988], [696018.391566265, 2571371.186746988], [696015.891566265, 2571368.686746988], [696010.891566265, 2571358.686746988], [696008.391566265, 2571356.186746988], [696000.891566265, 2571348.686746988], [695998.391566265, 2571346.186746988], [695988.391566265, 2571346.186746988], [695978.391566265, 2571346.186746988], [695968.391566265, 2571341.186746988], [695965.891566265, 2571338.686746988], [695958.391566265, 2571331.186746988], [695955.891566265, 2571328.686746988], [695955.891566265, 2571318.686746988], [695948.391566265, 2571311.186746988], [695945.891566265, 2571308.686746988], [695938.391566265, 2571303.686746988], [695928.391566265, 2571301.186746988], [695918.391566265, 2571301.186746988], [695908.391566265, 2571301.186746988], [695898.391566265, 2571303.686746988], [695893.391566265, 2571308.686746988], [695888.391566265, 2571313.686746988], [695883.391566265, 2571318.686746988], [695883.391566265, 2571328.686746988], [695883.391566265, 2571338.686746988], [695880.891566265, 2571348.686746988], [695878.391566265, 2571353.686746988], [695875.891566265, 2571358.686746988], [695875.891566265, 2571368.686746988], [695878.391566265, 2571373.686746988], [695880.891566265, 2571378.686746988], [695885.891566265, 2571388.686746988], [695888.391566265, 2571391.186746988], [695895.891566265, 2571398.686746988], [695898.391566265, 2571401.186746988], [695903.391566265, 2571408.686746988], [695905.891566265, 2571418.686746988], [695905.891566265, 2571428.686746988], [695903.391566265, 2571438.686746988], [695898.391566265, 2571443.686746988], [695893.391566265, 2571448.686746988], [695888.391566265, 2571451.186746988], [695878.391566265, 2571453.686746988], [695873.391566265, 2571448.686746988], [695868.391566265, 2571446.186746988], [695858.391566265, 2571446.186746988], [695850.891566265, 2571438.686746988], [695850.891566265, 2571428.686746988], [695850.891566265, 2571418.686746988], [695848.391566265, 2571413.686746988], [695845.891566265, 2571408.686746988], [695838.391566265, 2571401.186746988], [695835.891566265, 2571398.686746988], [695833.391566265, 2571388.686746988], [695833.391566265, 2571378.686746988], [695838.391566265, 2571373.686746988], [695840.891566265, 2571368.686746988], [695843.391566265, 2571358.686746988], [695838.391566265, 2571353.686746988], [695828.391566265, 2571353.686746988], [695823.391566265, 2571348.686746988], [695818.391566265, 2571343.686746988], [695813.391566265, 2571338.686746988], [695810.891566265, 2571328.686746988], [695810.891566265, 2571318.686746988], [695810.891566265, 2571308.686746988], [695808.391566265, 2571303.686746988], [695803.391566265, 2571298.686746988], [695798.391566265, 2571293.686746988], [695793.391566265, 2571288.686746988], [695788.391566265, 2571283.686746988], [695783.391566265, 2571278.686746988], [695778.391566265, 2571273.686746988], [695773.391566265, 2571268.686746988], [695773.391566265, 2571258.686746988], [695773.391566265, 2571248.686746988], [695768.391566265, 2571243.686746988], [695763.391566265, 2571238.686746988], [695758.391566265, 2571233.686746988], [695755.891566265, 2571228.686746988], [695748.391566265, 2571223.686746988], [695743.391566265, 2571218.686746988], [695738.391566265, 2571213.686746988], [695730.891566265, 2571218.686746988], [695728.391566265, 2571221.186746988], [695720.891566265, 2571228.686746988], [695723.391566265, 2571238.686746988], [695728.391566265, 2571243.686746988], [695733.391566265, 2571248.686746988], [695735.891566265, 2571258.686746988], [695738.391566265, 2571263.686746988], [695740.891566265, 2571268.686746988], [695740.891566265, 2571278.686746988], [695740.891566265, 2571288.686746988], [695738.391566265, 2571291.186746988], [695730.891566265, 2571298.686746988], [695728.391566265, 2571301.186746988], [695718.391566265, 2571303.686746988], [695708.391566265, 2571301.186746988], [695698.391566265, 2571303.686746988], [695688.391566265, 2571303.686746988], [695678.391566265, 2571303.686746988], [695668.391566265, 2571303.686746988], [695658.391566265, 2571303.686746988], [695653.391566265, 2571308.686746988], [695648.391566265, 2571313.686746988], [695645.891566265, 2571318.686746988], [695648.391566265, 2571323.686746988], [695650.891566265, 2571328.686746988], [695653.391566265, 2571338.686746988], [695655.891566265, 2571348.686746988], [695658.391566265, 2571353.686746988], [695660.891566265, 2571358.686746988], [695668.391566265, 2571366.186746988], [695670.891566265, 2571368.686746988], [695678.391566265, 2571376.186746988], [695680.891566265, 2571378.686746988], [695680.891566265, 2571388.686746988], [695683.391566265, 2571398.686746988], [695688.391566265, 2571403.686746988], [695693.391566265, 2571408.686746988], [695695.891566265, 2571418.686746988], [695695.891566265, 2571428.686746988], [695688.391566265, 2571436.186746988], [695685.891566265, 2571438.686746988], [695678.391566265, 2571446.186746988], [695675.891566265, 2571448.686746988], [695675.891566265, 2571458.686746988], [695678.391566265, 2571463.686746988], [695683.391566265, 2571468.686746988], [695685.891566265, 2571478.686746988], [695688.391566265, 2571483.686746988], [695690.891566265, 2571488.686746988], [695698.391566265, 2571496.186746988], [695700.891566265, 2571498.686746988], [695700.891566265, 2571508.686746988], [695698.391566265, 2571511.186746988], [695693.391566265, 2571518.686746988], [695688.391566265, 2571523.686746988], [695678.391566265, 2571526.186746988], [695668.391566265, 2571526.186746988], [695658.391566265, 2571523.686746988], [695648.391566265, 2571523.686746988], [695643.391566265, 2571528.686746988], [695638.391566265, 2571533.686746988], [695628.391566265, 2571533.686746988], [695623.391566265, 2571528.686746988], [695623.391566265, 2571518.686746988], [695623.391566265, 2571508.686746988], [695623.391566265, 2571498.686746988], [695618.391566265, 2571493.686746988], [695613.391566265, 2571488.686746988], [695608.391566265, 2571486.186746988], [695600.891566265, 2571478.686746988], [695598.391566265, 2571476.186746988], [695590.891566265, 2571468.686746988], [695588.391566265, 2571466.186746988], [695580.891566265, 2571458.686746988], [695578.391566265, 2571453.686746988], [695575.891566265, 2571448.686746988], [695568.391566265, 2571441.186746988], [695563.391566265, 2571438.686746988], [695558.391566265, 2571436.186746988], [695548.391566265, 2571436.186746988], [695538.391566265, 2571436.186746988], [695530.891566265, 2571428.686746988], [695528.391566265, 2571426.186746988], [695524.641566265, 2571418.686746988], [695518.391566265, 2571412.436746988], [695514.641566265, 2571408.686746988], [695514.641566265, 2571398.686746988], [695514.641566265, 2571388.686746988], [695514.641566265, 2571378.686746988], [695508.391566265, 2571372.436746988], [695504.641566265, 2571368.686746988], [695504.641566265, 2571358.686746988], [695504.641566265, 2571348.686746988], [695498.391566265, 2571342.436746988], [695494.641566265, 2571338.686746988], [695494.641566265, 2571328.686746988], [695490.891566265, 2571318.686746988], [695488.391566265, 2571316.186746988], [695483.391566265, 2571308.686746988], [695478.391566265, 2571303.686746988], [695474.641566265, 2571298.686746988], [695468.391566265, 2571292.436746988], [695464.641566265, 2571288.686746988], [695458.391566265, 2571282.436746988], [695448.391566265, 2571281.686746988], [695444.641566265, 2571278.686746988], [695438.391566265, 2571272.436746988], [695428.391566265, 2571271.686746988], [695424.641566265, 2571268.686746988], [695418.391566265, 2571262.436746988], [695414.641566265, 2571258.686746988], [695414.641566265, 2571248.686746988], [695410.891566265, 2571238.686746988], [695408.391566265, 2571236.186746988], [695400.891566265, 2571228.686746988], [695398.391566265, 2571226.186746988], [695390.891566265, 2571218.686746988], [695388.391566265, 2571213.686746988], [695386.7248995983, 2571208.686746988], [695380.891566265, 2571198.686746988], [695378.391566265, 2571196.186746988], [695370.891566265, 2571188.686746988], [695368.391566265, 2571186.186746988], [695363.391566265, 2571178.686746988], [695358.391566265, 2571171.186746988], [695356.7248995983, 2571168.686746988], [695354.641566265, 2571158.686746988], [695353.391566265, 2571148.686746988], [695353.391566265, 2571138.686746988], [695348.391566265, 2571131.186746988], [695345.891566265, 2571128.686746988], [695345.891566265, 2571118.686746988], [695343.391566265, 2571108.686746988], [695340.891566265, 2571098.686746988], [695338.391566265, 2571093.686746988], [695335.891566265, 2571088.686746988], [695335.891566265, 2571078.686746988], [695335.891566265, 2571068.686746988], [695335.891566265, 2571058.686746988], [695338.391566265, 2571053.686746988], [695340.891566265, 2571048.686746988], [695340.891566265, 2571038.686746988], [695343.391566265, 2571028.686746988], [695348.391566265, 2571021.186746988], [695350.891566265, 2571018.686746988], [695355.891566265, 2571008.686746988], [695358.391566265, 2571003.686746988], [695360.891566265, 2570998.686746988], [695365.891566265, 2570988.686746988], [695368.391566265, 2570983.686746988], [695373.391566265, 2570978.686746988], [695378.391566265, 2570973.686746988], [695388.391566265, 2570973.686746988], [695393.391566265, 2570968.686746988], [695398.391566265, 2570963.686746988], [695400.891566265, 2570958.686746988], [695403.391566265, 2570948.686746988], [695408.391566265, 2570946.186746988], [695415.891566265, 2570938.686746988], [695418.391566265, 2570936.186746988], [695428.391566265, 2570936.186746988], [695435.891566265, 2570928.686746988], [695438.391566265, 2570926.186746988], [695448.391566265, 2570926.186746988], [695458.391566265, 2570923.686746988], [695468.391566265, 2570923.686746988], [695478.391566265, 2570923.686746988], [695483.391566265, 2570918.686746988], [695488.391566265, 2570913.686746988], [695498.391566265, 2570911.186746988], [695500.891566265, 2570908.686746988], [695508.391566265, 2570903.686746988], [695513.391566265, 2570898.686746988], [695518.391566265, 2570893.686746988], [695523.391566265, 2570888.686746988], [695528.391566265, 2570883.686746988], [695533.391566265, 2570878.686746988], [695538.391566265, 2570873.686746988], [695543.391566265, 2570868.686746988], [695548.391566265, 2570863.686746988], [695553.391566265, 2570858.686746988], [695553.391566265, 2570848.686746988], [695558.391566265, 2570843.686746988], [695563.391566265, 2570838.686746988], [695568.391566265, 2570831.186746988], [695570.891566265, 2570828.686746988], [695575.891566265, 2570818.686746988], [695578.391566265, 2570813.686746988], [695583.391566265, 2570808.686746988], [695585.891566265, 2570798.686746988], [695585.891566265, 2570788.686746988], [695585.891566265, 2570778.686746988], [695588.391566265, 2570773.686746988], [695593.391566265, 2570768.686746988], [695598.391566265, 2570763.686746988], [695600.891566265, 2570758.686746988], [695603.391566265, 2570748.686746988], [695600.891566265, 2570738.686746988], [695600.891566265, 2570728.686746988], [695600.891566265, 2570718.686746988], [695600.891566265, 2570708.686746988], [695600.891566265, 2570698.686746988], [695603.391566265, 2570688.686746988], [695603.391566265, 2570678.686746988], [695605.891566265, 2570668.686746988], [695605.891566265, 2570658.686746988], [695605.891566265, 2570648.686746988], [695605.891566265, 2570638.686746988], [695605.891566265, 2570628.686746988], [695603.391566265, 2570618.686746988], [695608.391566265, 2570613.686746988], [695610.891566265, 2570608.686746988], [695610.891566265, 2570598.686746988], [695610.891566265, 2570588.686746988], [695608.391566265, 2570583.686746988], [695598.391566265, 2570583.686746988], [695593.391566265, 2570588.686746988], [695593.391566265, 2570598.686746988], [695588.391566265, 2570603.686746988], [695583.391566265, 2570608.686746988], [695578.391566265, 2570613.686746988], [695573.391566265, 2570618.686746988], [695570.891566265, 2570628.686746988], [695568.391566265, 2570633.686746988], [695563.391566265, 2570638.686746988], [695563.391566265, 2570648.686746988], [695560.891566265, 2570658.686746988], [695560.891566265, 2570668.686746988], [695560.891566265, 2570678.686746988], [695558.391566265, 2570683.686746988], [695555.891566265, 2570688.686746988], [695553.391566265, 2570698.686746988], [695550.891566265, 2570708.686746988], [695550.891566265, 2570718.686746988], [695550.891566265, 2570728.686746988], [695550.891566265, 2570738.686746988], [695548.391566265, 2570741.186746988], [695540.891566265, 2570748.686746988], [695538.391566265, 2570753.686746988], [695533.391566265, 2570758.686746988], [695528.391566265, 2570763.686746988], [695523.391566265, 2570768.686746988], [695518.391566265, 2570773.686746988], [695513.391566265, 2570778.686746988], [695513.391566265, 2570788.686746988], [695508.391566265, 2570793.686746988], [695503.391566265, 2570798.686746988], [695498.391566265, 2570803.686746988], [695493.391566265, 2570808.686746988], [695488.391566265, 2570813.686746988], [695485.891566265, 2570818.686746988], [695480.891566265, 2570828.686746988], [695478.391566265, 2570831.186746988], [695473.391566265, 2570838.686746988], [695470.891566265, 2570848.686746988], [695468.391566265, 2570851.186746988], [695460.891566265, 2570858.686746988], [695458.391566265, 2570861.186746988], [695448.391566265, 2570866.186746988], [695445.891566265, 2570868.686746988], [695438.391566265, 2570873.686746988], [695433.391566265, 2570878.686746988], [695428.391566265, 2570883.686746988], [695418.391566265, 2570886.186746988], [695413.391566265, 2570888.686746988], [695408.391566265, 2570891.186746988], [695398.391566265, 2570893.686746988], [695395.891566265, 2570898.686746988], [695388.391566265, 2570906.186746988], [695385.891566265, 2570908.686746988], [695378.391566265, 2570916.186746988], [695373.391566265, 2570918.686746988], [695368.391566265, 2570921.186746988], [695360.891566265, 2570928.686746988], [695358.391566265, 2570931.186746988], [695348.391566265, 2570933.686746988], [695343.391566265, 2570928.686746988], [695338.391566265, 2570923.686746988], [695333.391566265, 2570918.686746988], [695330.891566265, 2570908.686746988], [695328.391566265, 2570903.686746988], [695323.391566265, 2570898.686746988], [695323.391566265, 2570888.686746988], [695318.391566265, 2570883.686746988], [695308.391566265, 2570883.686746988], [695303.391566265, 2570878.686746988], [695298.391566265, 2570873.686746988], [695288.391566265, 2570873.686746988], [695283.391566265, 2570878.686746988], [695278.391566265, 2570883.686746988], [695268.391566265, 2570883.686746988], [695263.391566265, 2570878.686746988], [695258.391566265, 2570873.686746988], [695253.391566265, 2570868.686746988], [695248.391566265, 2570863.686746988], [695243.391566265, 2570858.686746988], [695238.391566265, 2570853.686746988], [695228.391566265, 2570853.686746988], [695218.391566265, 2570853.686746988], [695213.391566265, 2570858.686746988], [695213.391566265, 2570868.686746988], [695208.391566265, 2570873.686746988], [695205.891566265, 2570878.686746988], [695208.391566265, 2570883.686746988], [695213.391566265, 2570888.686746988], [695218.391566265, 2570893.686746988], [695228.391566265, 2570893.686746988], [695238.391566265, 2570893.686746988], [695243.391566265, 2570898.686746988], [695243.391566265, 2570908.686746988], [695243.391566265, 2570918.686746988], [695238.391566265, 2570923.686746988], [695233.391566265, 2570928.686746988], [695233.391566265, 2570938.686746988], [695233.391566265, 2570948.686746988], [695233.391566265, 2570958.686746988], [695228.391566265, 2570963.686746988], [695223.391566265, 2570968.686746988], [695218.391566265, 2570973.686746988], [695213.391566265, 2570978.686746988], [695208.391566265, 2570983.686746988], [695203.391566265, 2570988.686746988], [695203.391566265, 2570998.686746988], [695203.391566265, 2571008.686746988], [695198.391566265, 2571013.686746988], [695193.391566265, 2571018.686746988], [695188.391566265, 2571023.686746988], [695183.391566265, 2571018.686746988], [695183.391566265, 2571008.686746988], [695178.391566265, 2571003.686746988], [695173.391566265, 2570998.686746988], [695168.391566265, 2570993.686746988], [695163.391566265, 2570988.686746988], [695158.391566265, 2570983.686746988], [695153.391566265, 2570978.686746988], [695148.391566265, 2570973.686746988], [695138.391566265, 2570973.686746988], [695133.391566265, 2570968.686746988], [695133.391566265, 2570958.686746988], [695128.391566265, 2570953.686746988], [695123.391566265, 2570948.686746988], [695123.391566265, 2570938.686746988], [695118.391566265, 2570933.686746988], [695113.391566265, 2570928.686746988], [695108.391566265, 2570923.686746988], [695103.391566265, 2570918.686746988], [695098.391566265, 2570913.686746988], [695093.391566265, 2570908.686746988], [695088.391566265, 2570903.686746988], [695083.391566265, 2570898.686746988], [695078.391566265, 2570893.686746988], [695073.391566265, 2570888.686746988], [695068.391566265, 2570883.686746988], [695063.391566265, 2570878.686746988], [695058.391566265, 2570873.686746988], [695048.391566265, 2570873.686746988], [695043.391566265, 2570878.686746988], [695043.391566265, 2570888.686746988], [695043.391566265, 2570898.686746988], [695043.391566265, 2570908.686746988], [695038.391566265, 2570913.686746988], [695033.391566265, 2570918.686746988], [695035.891566265, 2570928.686746988], [695038.391566265, 2570933.686746988], [695043.391566265, 2570938.686746988], [695043.391566265, 2570948.686746988], [695045.891566265, 2570958.686746988], [695045.891566265, 2570968.686746988], [695048.391566265, 2570973.686746988], [695050.891566265, 2570978.686746988], [695053.391566265, 2570988.686746988], [695053.391566265, 2570998.686746988], [695058.391566265, 2571003.686746988], [695060.891566265, 2571008.686746988], [695063.391566265, 2571018.686746988], [695063.391566265, 2571028.686746988], [695063.391566265, 2571038.686746988], [695063.391566265, 2571048.686746988], [695068.391566265, 2571053.686746988], [695073.391566265, 2571058.686746988], [695078.391566265, 2571063.686746988], [695083.391566265, 2571068.686746988], [695083.391566265, 2571078.686746988], [695078.391566265, 2571083.686746988], [695068.391566265, 2571083.686746988], [695063.391566265, 2571088.686746988], [695058.391566265, 2571093.686746988], [695048.391566265, 2571093.686746988], [695043.391566265, 2571088.686746988], [695038.391566265, 2571083.686746988], [695033.391566265, 2571078.686746988], [695028.391566265, 2571076.186746988], [695018.391566265, 2571076.186746988], [695013.391566265, 2571078.686746988], [695008.391566265, 2571083.686746988], [695003.391566265, 2571088.686746988], [694998.391566265, 2571093.686746988], [694993.391566265, 2571098.686746988], [694988.391566265, 2571103.686746988], [694978.391566265, 2571103.686746988], [694973.391566265, 2571108.686746988], [694968.391566265, 2571113.686746988], [694963.391566265, 2571118.686746988], [694963.391566265, 2571128.686746988], [694958.391566265, 2571133.686746988], [694953.391566265, 2571138.686746988], [694948.391566265, 2571143.686746988], [694943.391566265, 2571148.686746988], [694938.391566265, 2571153.686746988], [694928.391566265, 2571153.686746988], [694925.891566265, 2571148.686746988], [694925.891566265, 2571138.686746988], [694925.891566265, 2571128.686746988], [694925.891566265, 2571118.686746988], [694923.391566265, 2571108.686746988], [694918.391566265, 2571103.686746988], [694915.891566265, 2571098.686746988], [694915.891566265, 2571088.686746988], [694915.891566265, 2571078.686746988], [694910.891566265, 2571068.686746988], [694910.891566265, 2571058.686746988], [694908.391566265, 2571056.186746988], [694903.391566265, 2571048.686746988], [694903.391566265, 2571038.686746988], [694898.391566265, 2571031.186746988], [694895.891566265, 2571028.686746988], [694893.391566265, 2571018.686746988], [694888.391566265, 2571013.686746988], [694883.391566265, 2571008.686746988], [694880.891566265, 2570998.686746988], [694878.391566265, 2570996.186746988], [694873.391566265, 2570988.686746988], [694870.891566265, 2570978.686746988], [694868.391566265, 2570976.186746988], [694860.891566265, 2570968.686746988], [694858.391566265, 2570966.186746988], [694850.891566265, 2570958.686746988], [694848.391566265, 2570953.686746988], [694843.391566265, 2570948.686746988], [694838.391566265, 2570943.686746988], [694833.391566265, 2570938.686746988], [694828.391566265, 2570933.686746988], [694823.391566265, 2570928.686746988], [694818.391566265, 2570923.686746988], [694813.391566265, 2570928.686746988], [694808.391566265, 2570933.686746988], [694805.891566265, 2570938.686746988], [694805.891566265, 2570948.686746988], [694805.891566265, 2570958.686746988], [694805.891566265, 2570968.686746988], [694805.891566265, 2570978.686746988], [694803.391566265, 2570988.686746988], [694800.891566265, 2570998.686746988], [694800.891566265, 2571008.686746988], [694798.391566265, 2571013.686746988], [694795.891566265, 2571018.686746988], [694795.891566265, 2571028.686746988], [694793.391566265, 2571038.686746988], [694790.891566265, 2571048.686746988], [694788.391566265, 2571053.686746988], [694783.391566265, 2571058.686746988], [694778.391566265, 2571063.686746988], [694773.391566265, 2571068.686746988], [694768.391566265, 2571073.686746988], [694758.391566265, 2571071.186746988], [694753.391566265, 2571068.686746988], [694748.391566265, 2571066.186746988], [694745.891566265, 2571068.686746988], [694738.391566265, 2571076.186746988], [694733.391566265, 2571078.686746988], [694730.891566265, 2571088.686746988], [694728.391566265, 2571093.686746988], [694718.391566265, 2571093.686746988], [694713.391566265, 2571088.686746988], [694713.391566265, 2571078.686746988], [694708.391566265, 2571073.686746988], [694703.391566265, 2571068.686746988], [694698.391566265, 2571063.686746988], [694693.391566265, 2571058.686746988], [694688.391566265, 2571053.686746988], [694683.391566265, 2571048.686746988], [694678.391566265, 2571043.686746988], [694668.391566265, 2571043.686746988], [694658.391566265, 2571043.686746988], [694648.391566265, 2571043.686746988], [694638.391566265, 2571043.686746988], [694633.391566265, 2571048.686746988], [694638.391566265, 2571053.686746988], [694648.391566265, 2571053.686746988], [694653.391566265, 2571058.686746988], [694653.391566265, 2571068.686746988], [694658.391566265, 2571073.686746988], [694663.391566265, 2571078.686746988], [694663.391566265, 2571088.686746988], [694668.391566265, 2571093.686746988], [694673.391566265, 2571098.686746988], [694673.391566265, 2571108.686746988], [694670.891566265, 2571118.686746988], [694668.391566265, 2571123.686746988], [694663.391566265, 2571128.686746988], [694663.391566265, 2571138.686746988], [694658.391566265, 2571143.686746988], [694653.391566265, 2571148.686746988], [694653.391566265, 2571158.686746988], [694648.391566265, 2571163.686746988], [694638.391566265, 2571163.686746988], [694628.391566265, 2571163.686746988], [694623.391566265, 2571158.686746988], [694618.391566265, 2571153.686746988], [694613.391566265, 2571148.686746988], [694608.391566265, 2571143.686746988], [694603.391566265, 2571138.686746988], [694598.391566265, 2571133.686746988], [694593.391566265, 2571128.686746988], [694588.391566265, 2571123.686746988], [694578.391566265, 2571121.186746988], [694568.391566265, 2571121.186746988], [694563.391566265, 2571118.686746988], [694558.391566265, 2571113.686746988], [694548.391566265, 2571113.686746988], [694543.391566265, 2571108.686746988], [694538.391566265, 2571103.686746988], [694528.391566265, 2571103.686746988], [694518.391566265, 2571103.686746988], [694508.391566265, 2571103.686746988], [694503.391566265, 2571098.686746988], [694498.391566265, 2571093.686746988], [694493.391566265, 2571098.686746988], [694488.391566265, 2571103.686746988], [694485.891566265, 2571108.686746988], [694485.891566265, 2571118.686746988], [694485.891566265, 2571128.686746988], [694485.891566265, 2571138.686746988], [694485.891566265, 2571148.686746988], [694488.391566265, 2571153.686746988], [694490.891566265, 2571158.686746988], [694493.391566265, 2571168.686746988], [694493.391566265, 2571178.686746988], [694493.391566265, 2571188.686746988], [694498.391566265, 2571196.186746988], [694500.891566265, 2571198.686746988], [694503.391566265, 2571208.686746988], [694503.391566265, 2571218.686746988], [694508.391566265, 2571226.186746988], [694510.891566265, 2571228.686746988], [694515.891566265, 2571238.686746988], [694515.891566265, 2571248.686746988], [694518.391566265, 2571253.686746988], [694523.391566265, 2571258.686746988], [694528.391566265, 2571263.686746988], [694530.891566265, 2571268.686746988], [694533.391566265, 2571278.686746988], [694533.391566265, 2571288.686746988], [694538.391566265, 2571296.186746988], [694540.891566265, 2571298.686746988], [694543.391566265, 2571308.686746988], [694543.391566265, 2571318.686746988], [694540.891566265, 2571328.686746988], [694540.891566265, 2571338.686746988], [694538.391566265, 2571341.186746988], [694528.391566265, 2571341.186746988], [694518.391566265, 2571343.686746988], [694513.391566265, 2571338.686746988], [694508.391566265, 2571333.686746988], [694503.391566265, 2571328.686746988], [694498.391566265, 2571323.686746988], [694495.891566265, 2571318.686746988], [694495.891566265, 2571308.686746988], [694498.391566265, 2571303.686746988], [694503.391566265, 2571298.686746988], [694505.891566265, 2571288.686746988], [694505.891566265, 2571278.686746988], [694498.391566265, 2571271.186746988], [694495.891566265, 2571268.686746988], [694490.891566265, 2571258.686746988], [694490.891566265, 2571248.686746988], [694488.391566265, 2571243.686746988], [694485.891566265, 2571238.686746988], [694483.391566265, 2571228.686746988], [694480.891566265, 2571218.686746988], [694478.391566265, 2571216.186746988], [694473.391566265, 2571208.686746988], [694473.391566265, 2571198.686746988], [694468.391566265, 2571193.686746988], [694463.391566265, 2571188.686746988], [694458.391566265, 2571181.186746988], [694455.891566265, 2571178.686746988], [694453.391566265, 2571168.686746988], [694450.891566265, 2571158.686746988], [694448.391566265, 2571156.186746988], [694440.891566265, 2571148.686746988], [694438.391566265, 2571146.186746988], [694428.391566265, 2571146.186746988], [694418.391566265, 2571141.186746988], [694408.391566265, 2571141.186746988], [694398.391566265, 2571143.686746988], [694393.391566265, 2571148.686746988], [694388.391566265, 2571153.686746988], [694383.391566265, 2571158.686746988], [694378.391566265, 2571163.686746988], [694373.391566265, 2571168.686746988], [694368.391566265, 2571173.686746988], [694358.391566265, 2571173.686746988], [694348.391566265, 2571173.686746988], [694343.391566265, 2571168.686746988], [694338.391566265, 2571163.686746988], [694333.391566265, 2571158.686746988], [694328.391566265, 2571153.686746988], [694323.391566265, 2571148.686746988], [694318.391566265, 2571143.686746988], [694308.391566265, 2571143.686746988], [694298.391566265, 2571143.686746988], [694293.391566265, 2571148.686746988], [694288.391566265, 2571153.686746988], [694283.391566265, 2571158.686746988], [694283.391566265, 2571168.686746988], [694283.391566265, 2571178.686746988], [694283.391566265, 2571188.686746988], [694283.391566265, 2571198.686746988], [694278.391566265, 2571203.686746988], [694268.391566265, 2571203.686746988], [694263.391566265, 2571208.686746988], [694258.391566265, 2571213.686746988], [694253.391566265, 2571208.686746988], [694248.391566265, 2571203.686746988], [694243.391566265, 2571198.686746988], [694238.391566265, 2571193.686746988], [694233.391566265, 2571188.686746988], [694228.391566265, 2571183.686746988], [694223.391566265, 2571188.686746988], [694218.391566265, 2571193.686746988], [694215.891566265, 2571198.686746988], [694208.391566265, 2571206.186746988], [694203.391566265, 2571208.686746988], [694198.391566265, 2571213.686746988], [694188.391566265, 2571213.686746988], [694183.391566265, 2571208.686746988], [694178.391566265, 2571206.186746988], [694170.891566265, 2571198.686746988], [694168.391566265, 2571193.686746988], [694163.391566265, 2571188.686746988], [694158.391566265, 2571183.686746988], [694153.391566265, 2571178.686746988], [694148.391566265, 2571173.686746988], [694143.391566265, 2571168.686746988], [694138.391566265, 2571163.686746988], [694133.391566265, 2571158.686746988], [694128.391566265, 2571153.686746988], [694118.391566265, 2571151.186746988], [694108.391566265, 2571156.186746988], [694103.391566265, 2571158.686746988], [694098.391566265, 2571163.686746988], [694088.391566265, 2571163.686746988], [694083.391566265, 2571158.686746988], [694078.391566265, 2571156.186746988], [694068.391566265, 2571153.686746988], [694058.391566265, 2571153.686746988], [694053.391566265, 2571158.686746988], [694048.391566265, 2571163.686746988], [694043.391566265, 2571168.686746988], [694043.391566265, 2571178.686746988], [694038.391566265, 2571183.686746988], [694033.391566265, 2571188.686746988], [694033.391566265, 2571198.686746988], [694028.391566265, 2571203.686746988], [694023.391566265, 2571208.686746988], [694025.891566265, 2571218.686746988], [694028.391566265, 2571223.686746988], [694033.391566265, 2571228.686746988], [694028.391566265, 2571233.686746988], [694023.391566265, 2571238.686746988], [694018.391566265, 2571243.686746988], [694013.391566265, 2571248.686746988], [694008.391566265, 2571253.686746988], [694003.391566265, 2571258.686746988], [693998.391566265, 2571261.186746988], [693988.391566265, 2571261.186746988], [693978.391566265, 2571261.186746988], [693973.391566265, 2571258.686746988], [693968.391566265, 2571253.686746988], [693965.891566265, 2571248.686746988], [693965.891566265, 2571238.686746988], [693965.891566265, 2571228.686746988], [693968.391566265, 2571223.686746988], [693973.391566265, 2571218.686746988], [693973.391566265, 2571208.686746988], [693973.391566265, 2571198.686746988], [693973.391566265, 2571188.686746988], [693968.391566265, 2571183.686746988], [693963.391566265, 2571178.686746988], [693963.391566265, 2571168.686746988], [693963.391566265, 2571158.686746988], [693963.391566265, 2571148.686746988], [693958.391566265, 2571143.686746988], [693953.391566265, 2571148.686746988], [693948.391566265, 2571153.686746988], [693943.391566265, 2571158.686746988], [693938.391566265, 2571163.686746988], [693928.391566265, 2571163.686746988], [693923.391566265, 2571168.686746988], [693918.391566265, 2571173.686746988], [693908.391566265, 2571173.686746988], [693903.391566265, 2571178.686746988], [693898.391566265, 2571183.686746988], [693893.391566265, 2571188.686746988], [693888.391566265, 2571193.686746988], [693883.391566265, 2571198.686746988], [693878.391566265, 2571203.686746988], [693873.391566265, 2571208.686746988], [693868.391566265, 2571211.186746988], [693858.391566265, 2571213.686746988], [693848.391566265, 2571213.686746988], [693838.391566265, 2571213.686746988], [693828.391566265, 2571213.686746988], [693818.391566265, 2571213.686746988], [693808.391566265, 2571216.186746988], [693803.391566265, 2571218.686746988], [693798.391566265, 2571223.686746988], [693788.391566265, 2571223.686746988], [693778.391566265, 2571221.186746988], [693768.391566265, 2571223.686746988], [693758.391566265, 2571223.686746988], [693748.391566265, 2571223.686746988], [693740.891566265, 2571228.686746988], [693738.391566265, 2571231.186746988], [693728.391566265, 2571231.186746988], [693718.391566265, 2571233.686746988], [693708.391566265, 2571236.186746988], [693698.391566265, 2571236.186746988], [693693.391566265, 2571238.686746988], [693688.391566265, 2571241.186746988], [693678.391566265, 2571241.186746988], [693668.391566265, 2571241.186746988], [693665.891566265, 2571238.686746988], [693658.391566265, 2571233.686746988], [693648.391566265, 2571233.686746988], [693638.391566265, 2571233.686746988], [693628.391566265, 2571231.186746988], [693623.391566265, 2571228.686746988], [693618.391566265, 2571226.186746988], [693608.391566265, 2571223.686746988], [693598.391566265, 2571223.686746988], [693588.391566265, 2571226.186746988], [693578.391566265, 2571226.186746988], [693568.391566265, 2571226.186746988], [693563.391566265, 2571228.686746988], [693558.391566265, 2571233.686746988], [693553.391566265, 2571238.686746988], [693548.391566265, 2571243.686746988], [693538.391566265, 2571243.686746988], [693528.391566265, 2571243.686746988], [693523.391566265, 2571248.686746988], [693523.391566265, 2571258.686746988], [693523.391566265, 2571268.686746988], [693523.391566265, 2571278.686746988], [693518.391566265, 2571283.686746988], [693508.391566265, 2571283.686746988], [693498.391566265, 2571283.686746988], [693493.391566265, 2571288.686746988], [693493.391566265, 2571298.686746988], [693493.391566265, 2571308.686746988], [693493.391566265, 2571318.686746988], [693490.891566265, 2571328.686746988], [693490.891566265, 2571338.686746988], [693490.891566265, 2571348.686746988], [693488.391566265, 2571353.686746988], [693478.391566265, 2571353.686746988], [693468.391566265, 2571353.686746988], [693458.391566265, 2571353.686746988], [693448.391566265, 2571353.686746988], [693438.391566265, 2571353.686746988], [693433.391566265, 2571358.686746988], [693428.391566265, 2571363.686746988], [693423.391566265, 2571368.686746988], [693418.391566265, 2571373.686746988], [693413.391566265, 2571378.686746988], [693408.391566265, 2571383.686746988], [693398.391566265, 2571386.186746988], [693388.391566265, 2571381.186746988], [693383.391566265, 2571378.686746988], [693378.391566265, 2571376.186746988], [693368.391566265, 2571373.686746988], [693363.391566265, 2571378.686746988], [693358.391566265, 2571383.686746988], [693353.391566265, 2571388.686746988], [693353.391566265, 2571398.686746988], [693353.391566265, 2571408.686746988], [693353.391566265, 2571418.686746988], [693358.391566265, 2571426.186746988], [693368.391566265, 2571426.186746988], [693373.391566265, 2571428.686746988], [693378.391566265, 2571433.686746988], [693383.391566265, 2571438.686746988], [693385.891566265, 2571448.686746988], [693385.891566265, 2571458.686746988], [693383.391566265, 2571468.686746988], [693383.391566265, 2571478.686746988], [693383.391566265, 2571488.686746988], [693383.391566265, 2571498.686746988], [693378.391566265, 2571503.686746988], [693373.391566265, 2571508.686746988], [693368.391566265, 2571513.686746988], [693363.391566265, 2571518.686746988], [693363.391566265, 2571528.686746988], [693363.391566265, 2571538.686746988], [693363.391566265, 2571548.686746988], [693363.391566265, 2571558.686746988], [693358.391566265, 2571563.686746988], [693353.391566265, 2571568.686746988], [693353.391566265, 2571578.686746988], [693348.391566265, 2571583.686746988], [693343.391566265, 2571588.686746988], [693338.391566265, 2571593.686746988], [693333.391566265, 2571598.686746988], [693333.391566265, 2571608.686746988], [693333.391566265, 2571618.686746988], [693333.391566265, 2571628.686746988], [693338.391566265, 2571633.686746988], [693343.391566265, 2571638.686746988], [693348.391566265, 2571641.186746988], [693358.391566265, 2571643.686746988], [693365.891566265, 2571648.686746988], [693368.391566265, 2571651.186746988], [693375.891566265, 2571658.686746988], [693378.391566265, 2571661.186746988], [693385.891566265, 2571668.686746988], [693388.391566265, 2571671.186746988], [693393.391566265, 2571678.686746988], [693393.391566265, 2571688.686746988], [693398.391566265, 2571696.186746988], [693400.0582329318, 2571698.686746988], [693398.391566265, 2571703.686746988], [693395.891566265, 2571708.686746988], [693390.891566265, 2571718.686746988], [693388.391566265, 2571723.686746988], [693385.891566265, 2571728.686746988], [693388.391566265, 2571733.686746988], [693390.891566265, 2571738.686746988], [693395.891566265, 2571748.686746988], [693398.391566265, 2571753.686746988], [693400.891566265, 2571758.686746988], [693400.891566265, 2571768.686746988], [693405.891566265, 2571778.686746988], [693408.391566265, 2571783.686746988], [693413.391566265, 2571788.686746988], [693418.391566265, 2571793.686746988], [693423.391566265, 2571788.686746988], [693428.391566265, 2571786.186746988], [693430.891566265, 2571788.686746988], [693438.391566265, 2571793.686746988], [693442.141566265, 2571798.686746988], [693438.391566265, 2571803.686746988], [693430.891566265, 2571808.686746988], [693428.391566265, 2571811.186746988], [693418.391566265, 2571813.686746988], [693413.391566265, 2571818.686746988], [693413.391566265, 2571828.686746988], [693413.391566265, 2571838.686746988], [693413.391566265, 2571848.686746988], [693413.391566265, 2571858.686746988], [693413.391566265, 2571868.686746988], [693413.391566265, 2571878.686746988], [693413.391566265, 2571888.686746988], [693415.891566265, 2571898.686746988], [693418.391566265, 2571901.186746988], [693423.391566265, 2571908.686746988], [693425.891566265, 2571918.686746988], [693428.391566265, 2571921.186746988], [693433.391566265, 2571928.686746988], [693438.391566265, 2571933.686746988], [693443.391566265, 2571938.686746988], [693448.391566265, 2571946.186746988], [693450.0582329317, 2571948.686746988], [693453.391566265, 2571958.686746988], [693458.391566265, 2571963.686746988], [693463.391566265, 2571968.686746988], [693468.391566265, 2571973.686746988], [693472.141566265, 2571978.686746988], [693478.391566265, 2571987.0200803215], [693480.0582329317, 2571988.686746988], [693488.391566265, 2571997.020080321], [693490.0582329318, 2571998.686746988], [693493.391566265, 2572008.686746988], [693495.891566265, 2572018.686746988], [693498.391566265, 2572021.186746988], [693502.141566265, 2572028.686746988], [693503.391566265, 2572038.686746988], [693508.391566265, 2572043.686746988], [693513.391566265, 2572048.686746988], [693518.391566265, 2572053.686746988], [693522.141566265, 2572058.686746988], [693523.391566265, 2572068.686746988], [693528.391566265, 2572073.686746988], [693533.391566265, 2572078.686746988], [693538.391566265, 2572083.686746988], [693543.391566265, 2572088.686746988], [693548.391566265, 2572093.686746988], [693558.391566265, 2572095.686746988], [693561.391566265, 2572098.686746988], [693563.391566265, 2572108.686746988], [693568.391566265, 2572113.686746988], [693578.391566265, 2572115.686746988], [693581.391566265, 2572118.686746988], [693582.141566265, 2572128.686746988], [693588.391566265, 2572134.936746988], [693591.391566265, 2572138.686746988], [693592.141566265, 2572148.686746988], [693592.141566265, 2572158.686746988], [693592.141566265, 2572168.686746988], [693591.391566265, 2572178.686746988], [693588.391566265, 2572182.436746988], [693582.141566265, 2572188.686746988], [693582.141566265, 2572198.686746988], [693582.141566265, 2572208.686746988], [693578.391566265, 2572213.686746988], [693573.391566265, 2572218.686746988], [693568.391566265, 2572226.186746988], [693565.891566265, 2572228.686746988], [693560.0582329317, 2572238.686746988], [693558.391566265, 2572240.3534136545], [693550.0582329318, 2572248.686746988], [693548.391566265, 2572250.3534136545], [693538.391566265, 2572253.686746988], [693533.391566265, 2572258.686746988], [693528.391566265, 2572263.686746988], [693523.391566265, 2572268.686746988], [693520.891566265, 2572278.686746988], [693523.391566265, 2572288.686746988], [693528.391566265, 2572293.686746988], [693532.141566265, 2572298.686746988], [693532.141566265, 2572308.686746988], [693532.141566265, 2572318.686746988], [693532.141566265, 2572328.686746988], [693530.0582329317, 2572338.686746988], [693530.0582329317, 2572348.686746988], [693528.391566265, 2572351.186746988], [693523.391566265, 2572358.686746988], [693522.141566265, 2572368.686746988], [693518.391566265, 2572373.686746988], [693513.391566265, 2572378.686746988], [693512.141566265, 2572388.686746988], [693510.0582329317, 2572398.686746988], [693508.391566265, 2572401.186746988], [693503.391566265, 2572408.686746988], [693503.391566265, 2572418.686746988], [693498.391566265, 2572423.686746988], [693493.391566265, 2572428.686746988], [693490.0582329318, 2572438.686746988], [693488.391566265, 2572441.186746988], [693483.391566265, 2572448.686746988], [693480.891566265, 2572458.686746988], [693488.391566265, 2572466.186746988], [693490.891566265, 2572468.686746988], [693498.391566265, 2572476.186746988], [693500.891566265, 2572478.686746988], [693508.391566265, 2572483.686746988], [693513.391566265, 2572488.686746988], [693518.391566265, 2572493.686746988], [693523.391566265, 2572498.686746988], [693523.391566265, 2572508.686746988], [693528.391566265, 2572513.686746988], [693533.391566265, 2572518.686746988], [693533.391566265, 2572528.686746988], [693538.391566265, 2572533.686746988], [693543.391566265, 2572538.686746988], [693548.391566265, 2572543.686746988], [693552.141566265, 2572548.686746988], [693555.891566265, 2572558.686746988], [693558.391566265, 2572561.186746988], [693562.141566265, 2572568.686746988], [693562.141566265, 2572578.686746988], [693563.391566265, 2572588.686746988], [693568.391566265, 2572593.686746988], [693572.141566265, 2572598.686746988], [693572.141566265, 2572608.686746988], [693578.391566265, 2572614.936746988], [693581.391566265, 2572618.686746988], [693582.141566265, 2572628.686746988], [693583.391566265, 2572638.686746988], [693588.391566265, 2572643.686746988], [693591.391566265, 2572648.686746988], [693591.391566265, 2572658.686746988], [693591.391566265, 2572668.686746988], [693588.391566265, 2572673.686746988], [693583.391566265, 2572678.686746988], [693583.391566265, 2572688.686746988], [693582.141566265, 2572698.686746988], [693580.0582329318, 2572708.686746988], [693578.391566265, 2572711.186746988], [693573.391566265, 2572718.686746988], [693573.391566265, 2572728.686746988], [693570.0582329317, 2572738.686746988], [693568.391566265, 2572743.686746988], [693565.891566265, 2572748.686746988], [693565.891566265, 2572758.686746988], [693565.891566265, 2572768.686746988], [693568.391566265, 2572771.186746988], [693575.891566265, 2572778.686746988], [693578.391566265, 2572781.186746988], [693588.391566265, 2572783.686746988], [693598.391566265, 2572784.936746988], [693602.141566265, 2572788.686746988], [693608.391566265, 2572794.936746988], [693612.141566265, 2572798.686746988], [693611.391566265, 2572808.686746988], [693608.391566265, 2572812.436746988], [693602.141566265, 2572818.686746988], [693602.141566265, 2572828.686746988], [693602.141566265, 2572838.686746988], [693608.391566265, 2572844.936746988], [693612.141566265, 2572848.686746988], [693618.391566265, 2572854.936746988], [693622.141566265, 2572858.686746988], [693628.391566265, 2572864.936746988], [693632.141566265, 2572868.686746988], [693633.391566265, 2572878.686746988], [693633.391566265, 2572888.686746988], [693638.391566265, 2572896.186746988], [693639.641566265, 2572898.686746988], [693642.141566265, 2572908.686746988], [693642.141566265, 2572918.686746988], [693640.0582329318, 2572928.686746988], [693645.891566265, 2572938.686746988], [693648.391566265, 2572941.186746988], [693653.391566265, 2572948.686746988], [693658.391566265, 2572953.686746988], [693663.391566265, 2572958.686746988], [693668.391566265, 2572963.686746988], [693673.391566265, 2572968.686746988], [693678.391566265, 2572973.686746988], [693683.391566265, 2572978.686746988], [693685.891566265, 2572988.686746988], [693688.391566265, 2572991.186746988], [693693.391566265, 2572998.686746988], [693698.391566265, 2573003.686746988], [693702.141566265, 2573008.686746988], [693705.891566265, 2573018.686746988], [693708.391566265, 2573021.186746988], [693715.891566265, 2573028.686746988], [693718.391566265, 2573031.186746988], [693721.391566265, 2573038.686746988], [693722.141566265, 2573048.686746988], [693725.891566265, 2573058.686746988], [693728.391566265, 2573061.186746988], [693732.141566265, 2573068.686746988], [693733.391566265, 2573078.686746988], [693733.391566265, 2573088.686746988], [693733.391566265, 2573098.686746988], [693733.391566265, 2573108.686746988], [693733.391566265, 2573118.686746988], [693733.391566265, 2573128.686746988], [693733.391566265, 2573138.686746988], [693733.391566265, 2573148.686746988], [693733.391566265, 2573158.686746988], [693733.391566265, 2573168.686746988], [693733.391566265, 2573178.686746988], [693728.391566265, 2573186.186746988], [693725.891566265, 2573188.686746988], [693718.391566265, 2573196.186746988], [693708.391566265, 2573196.186746988], [693705.891566265, 2573198.686746988], [693703.391566265, 2573208.686746988], [693698.391566265, 2573210.3534136545], [693692.141566265, 2573218.686746988], [693688.391566265, 2573221.686746988], [693678.391566265, 2573221.686746988], [693674.641566265, 2573218.686746988], [693668.391566265, 2573212.436746988], [693662.141566265, 2573218.686746988], [693658.391566265, 2573222.436746988], [693652.141566265, 2573228.686746988], [693651.391566265, 2573238.686746988], [693651.391566265, 2573248.686746988], [693658.391566265, 2573255.686746988], [693661.391566265, 2573258.686746988], [693668.391566265, 2573265.686746988], [693671.391566265, 2573268.686746988], [693678.391566265, 2573275.686746988], [693681.391566265, 2573278.686746988], [693688.391566265, 2573285.686746988], [693691.391566265, 2573288.686746988], [693698.391566265, 2573295.686746988], [693708.391566265, 2573295.686746988], [693711.391566265, 2573298.686746988], [693718.391566265, 2573305.686746988], [693721.391566265, 2573308.686746988], [693721.391566265, 2573318.686746988], [693728.391566265, 2573325.686746988], [693731.391566265, 2573328.686746988], [693731.391566265, 2573338.686746988], [693730.891566265, 2573348.686746988], [693730.891566265, 2573358.686746988], [693738.391566265, 2573366.186746988], [693740.891566265, 2573368.686746988], [693741.391566265, 2573378.686746988], [693748.391566265, 2573385.686746988], [693751.391566265, 2573388.686746988], [693751.391566265, 2573398.686746988], [693758.391566265, 2573405.686746988], [693761.391566265, 2573408.686746988], [693768.391566265, 2573415.686746988], [693778.391566265, 2573415.686746988], [693788.391566265, 2573415.686746988], [693791.391566265, 2573418.686746988], [693798.391566265, 2573425.686746988], [693802.141566265, 2573428.686746988], [693808.391566265, 2573434.936746988], [693812.141566265, 2573438.686746988], [693818.391566265, 2573444.936746988], [693823.391566265, 2573448.686746988], [693828.391566265, 2573453.686746988], [693838.391566265, 2573454.936746988], [693848.391566265, 2573454.936746988], [693853.391566265, 2573458.686746988], [693858.391566265, 2573463.686746988], [693862.141566265, 2573468.686746988], [693861.391566265, 2573478.686746988], [693861.391566265, 2573488.686746988], [693862.141566265, 2573498.686746988], [693868.391566265, 2573507.0200803215], [693870.0582329317, 2573508.686746988], [693878.391566265, 2573517.0200803215], [693880.0582329318, 2573518.686746988], [693888.391566265, 2573527.020080321], [693893.391566265, 2573528.686746988], [693898.391566265, 2573531.186746988], [693908.391566265, 2573537.436746988], [693910.0582329318, 2573538.686746988], [693918.391566265, 2573547.0200803215], [693920.0582329317, 2573548.686746988], [693920.0582329317, 2573558.686746988], [693920.0582329317, 2573568.686746988], [693918.391566265, 2573571.186746988], [693913.391566265, 2573578.686746988], [693913.391566265, 2573588.686746988], [693918.391566265, 2573593.686746988], [693923.391566265, 2573598.686746988], [693928.391566265, 2573603.686746988], [693935.891566265, 2573608.686746988], [693938.391566265, 2573611.186746988], [693948.391566265, 2573613.686746988], [693958.391566265, 2573616.186746988], [693963.391566265, 2573618.686746988], [693968.391566265, 2573621.186746988], [693970.891566265, 2573618.686746988], [693978.391566265, 2573611.186746988], [693980.891566265, 2573608.686746988], [693985.891566265, 2573598.686746988], [693988.391566265, 2573596.186746988], [693995.891566265, 2573588.686746988], [693998.391566265, 2573586.186746988], [694005.891566265, 2573578.686746988], [694008.391566265, 2573576.186746988], [694015.891566265, 2573568.686746988], [694016.7248995984, 2573558.686746988], [694018.391566265, 2573556.186746988], [694025.891566265, 2573548.686746988], [694028.391566265, 2573547.0200803215], [694030.891566265, 2573548.686746988], [694038.391566265, 2573553.686746988], [694048.391566265, 2573554.936746988], [694052.141566265, 2573558.686746988], [694058.391566265, 2573564.936746988], [694062.141566265, 2573568.686746988], [694062.141566265, 2573578.686746988], [694058.391566265, 2573583.686746988], [694053.391566265, 2573588.686746988], [694053.391566265, 2573598.686746988], [694058.391566265, 2573606.186746988], [694060.891566265, 2573608.686746988], [694060.891566265, 2573618.686746988], [694068.391566265, 2573626.186746988], [694070.891566265, 2573628.686746988], [694078.391566265, 2573633.686746988], [694088.391566265, 2573631.186746988], [694090.891566265, 2573628.686746988], [694098.391566265, 2573623.686746988], [694105.891566265, 2573618.686746988], [694108.391566265, 2573616.186746988], [694118.391566265, 2573613.686746988], [694128.391566265, 2573613.686746988], [694138.391566265, 2573613.686746988], [694148.391566265, 2573614.936746988], [694152.141566265, 2573618.686746988], [694158.391566265, 2573624.936746988], [694162.141566265, 2573628.686746988], [694168.391566265, 2573634.936746988], [694178.391566265, 2573634.936746988], [694182.141566265, 2573638.686746988], [694188.391566265, 2573644.936746988], [694191.391566265, 2573648.686746988], [694192.141566265, 2573658.686746988], [694198.391566265, 2573664.936746988], [694202.141566265, 2573668.686746988], [694208.391566265, 2573674.936746988], [694212.141566265, 2573678.686746988], [694218.391566265, 2573684.936746988], [694221.391566265, 2573688.686746988], [694228.391566265, 2573695.686746988], [694231.391566265, 2573698.686746988], [694238.391566265, 2573705.686746988], [694241.391566265, 2573708.686746988], [694248.391566265, 2573715.686746988], [694258.391566265, 2573715.686746988], [694261.391566265, 2573718.686746988], [694268.391566265, 2573725.686746988], [694278.391566265, 2573725.686746988], [694281.391566265, 2573728.686746988], [694288.391566265, 2573735.686746988], [694292.141566265, 2573738.686746988], [694292.141566265, 2573748.686746988], [694298.391566265, 2573754.936746988], [694302.141566265, 2573758.686746988], [694308.391566265, 2573764.936746988], [694312.141566265, 2573768.686746988], [694318.391566265, 2573774.936746988], [694324.641566265, 2573768.686746988], [694328.391566265, 2573764.936746988], [694338.391566265, 2573765.686746988], [694348.391566265, 2573765.686746988], [694358.391566265, 2573765.686746988], [694365.391566265, 2573758.686746988], [694368.391566265, 2573755.686746988], [694378.391566265, 2573755.686746988], [694381.391566265, 2573758.686746988], [694382.141566265, 2573768.686746988], [694382.141566265, 2573778.686746988], [694382.141566265, 2573788.686746988], [694388.391566265, 2573794.936746988], [694392.141566265, 2573798.686746988], [694392.141566265, 2573808.686746988], [694395.891566265, 2573818.686746988], [694398.391566265, 2573821.186746988], [694405.891566265, 2573828.686746988], [694408.391566265, 2573831.186746988], [694415.891566265, 2573838.686746988], [694418.391566265, 2573841.186746988], [694423.391566265, 2573848.686746988], [694425.891566265, 2573858.686746988], [694425.891566265, 2573868.686746988], [694428.391566265, 2573871.186746988], [694435.891566265, 2573878.686746988], [694438.391566265, 2573881.186746988], [694448.391566265, 2573881.186746988], [694458.391566265, 2573881.186746988], [694468.391566265, 2573884.936746988], [694478.391566265, 2573885.686746988], [694481.391566265, 2573888.686746988], [694488.391566265, 2573895.686746988], [694491.391566265, 2573898.686746988], [694498.391566265, 2573905.686746988], [694501.391566265, 2573908.686746988], [694501.391566265, 2573918.686746988], [694508.391566265, 2573925.686746988], [694511.391566265, 2573928.686746988], [694511.391566265, 2573938.686746988], [694511.391566265, 2573948.686746988], [694508.391566265, 2573951.686746988], [694501.391566265, 2573958.686746988], [694501.391566265, 2573968.686746988], [694500.891566265, 2573978.686746988], [694500.891566265, 2573988.686746988], [694500.891566265, 2573998.686746988], [694498.391566265, 2574001.186746988], [694488.391566265, 2574001.186746988], [694478.391566265, 2574001.186746988], [694468.391566265, 2574001.186746988], [694458.391566265, 2574001.186746988], [694448.391566265, 2574001.186746988], [694438.391566265, 2574001.186746988], [694428.391566265, 2574001.186746988], [694418.391566265, 2574001.186746988], [694408.391566265, 2574001.186746988], [694398.391566265, 2574001.186746988], [694388.391566265, 2574001.186746988], [694378.391566265, 2574001.186746988], [694368.391566265, 2574001.186746988], [694358.391566265, 2574001.186746988], [694355.891566265, 2573998.686746988], [694348.391566265, 2573991.186746988], [694338.391566265, 2573991.186746988], [694328.391566265, 2573991.186746988], [694318.391566265, 2573991.186746988], [694315.891566265, 2573988.686746988], [694308.391566265, 2573981.186746988], [694298.391566265, 2573981.186746988], [694288.391566265, 2573981.186746988], [694285.891566265, 2573978.686746988], [694278.391566265, 2573971.186746988], [694268.391566265, 2573971.186746988], [694258.391566265, 2573971.186746988], [694248.391566265, 2573971.186746988], [694238.391566265, 2573971.186746988], [694235.891566265, 2573968.686746988], [694228.391566265, 2573961.186746988], [694218.391566265, 2573961.186746988], [694208.391566265, 2573961.186746988], [694198.391566265, 2573961.186746988], [694195.891566265, 2573958.686746988], [694188.391566265, 2573951.186746988], [694178.391566265, 2573951.186746988], [694168.391566265, 2573951.186746988], [694158.391566265, 2573951.186746988], [694155.891566265, 2573948.686746988], [694148.391566265, 2573941.186746988], [694138.391566265, 2573941.186746988], [694128.391566265, 2573941.186746988], [694118.391566265, 2573941.186746988], [694108.391566265, 2573941.186746988], [694098.391566265, 2573941.186746988], [694088.391566265, 2573941.186746988], [694078.391566265, 2573941.186746988], [694068.391566265, 2573941.186746988], [694058.391566265, 2573941.186746988], [694048.391566265, 2573941.186746988], [694038.391566265, 2573941.186746988], [694028.391566265, 2573941.186746988], [694025.891566265, 2573938.686746988], [694018.391566265, 2573931.186746988], [694008.391566265, 2573931.186746988], [693998.391566265, 2573931.186746988], [693988.391566265, 2573931.186746988], [693985.891566265, 2573928.686746988], [693978.391566265, 2573921.186746988], [693968.391566265, 2573921.186746988], [693958.391566265, 2573921.186746988], [693948.391566265, 2573921.186746988], [693938.391566265, 2573921.186746988], [693928.391566265, 2573921.186746988], [693918.391566265, 2573921.186746988], [693910.891566265, 2573928.686746988], [693908.391566265, 2573931.186746988], [693898.391566265, 2573931.186746988], [693895.891566265, 2573928.686746988], [693888.391566265, 2573921.186746988], [693885.891566265, 2573918.686746988], [693878.391566265, 2573911.186746988], [693868.391566265, 2573911.186746988], [693865.891566265, 2573908.686746988], [693858.391566265, 2573901.186746988], [693855.891566265, 2573898.686746988], [693855.891566265, 2573888.686746988], [693848.391566265, 2573881.186746988], [693845.891566265, 2573878.686746988], [693838.391566265, 2573871.186746988], [693835.891566265, 2573868.686746988], [693835.891566265, 2573858.686746988], [693828.391566265, 2573851.186746988], [693825.891566265, 2573848.686746988], [693818.391566265, 2573841.186746988], [693815.891566265, 2573838.686746988], [693815.891566265, 2573828.686746988], [693815.891566265, 2573818.686746988], [693808.391566265, 2573811.186746988], [693805.891566265, 2573808.686746988], [693805.891566265, 2573798.686746988], [693805.891566265, 2573788.686746988], [693805.891566265, 2573778.686746988], [693805.891566265, 2573768.686746988], [693798.391566265, 2573761.186746988], [693795.891566265, 2573758.686746988], [693795.891566265, 2573748.686746988], [693795.891566265, 2573738.686746988], [693788.391566265, 2573731.186746988], [693785.891566265, 2573728.686746988], [693785.391566265, 2573718.686746988], [693778.391566265, 2573711.686746988], [693775.891566265, 2573708.686746988], [693768.391566265, 2573701.186746988], [693765.891566265, 2573698.686746988], [693758.391566265, 2573691.186746988], [693755.891566265, 2573688.686746988], [693748.391566265, 2573681.186746988], [693745.891566265, 2573678.686746988], [693745.891566265, 2573668.686746988], [693745.391566265, 2573658.686746988], [693738.391566265, 2573651.686746988], [693735.391566265, 2573648.686746988], [693735.391566265, 2573638.686746988], [693728.391566265, 2573631.686746988], [693725.391566265, 2573628.686746988], [693718.391566265, 2573621.686746988], [693715.391566265, 2573618.686746988], [693715.391566265, 2573608.686746988], [693714.641566265, 2573598.686746988], [693708.391566265, 2573592.436746988], [693705.391566265, 2573588.686746988], [693703.391566265, 2573578.686746988], [693698.391566265, 2573573.686746988], [693694.641566265, 2573568.686746988], [693688.391566265, 2573562.436746988], [693684.641566265, 2573558.686746988], [693678.391566265, 2573552.436746988], [693668.391566265, 2573551.686746988], [693665.391566265, 2573548.686746988], [693665.391566265, 2573538.686746988], [693665.391566265, 2573528.686746988], [693668.391566265, 2573524.936746988], [693674.641566265, 2573518.686746988], [693675.391566265, 2573508.686746988], [693675.391566265, 2573498.686746988], [693678.391566265, 2573495.686746988], [693685.391566265, 2573488.686746988], [693685.391566265, 2573478.686746988], [693685.391566265, 2573468.686746988], [693685.391566265, 2573458.686746988], [693678.391566265, 2573451.686746988], [693675.891566265, 2573448.686746988], [693675.891566265, 2573438.686746988], [693675.891566265, 2573428.686746988], [693668.391566265, 2573421.186746988], [693665.891566265, 2573418.686746988], [693658.391566265, 2573411.186746988], [693655.891566265, 2573408.686746988], [693648.391566265, 2573401.186746988], [693645.891566265, 2573398.686746988], [693638.391566265, 2573391.186746988], [693635.391566265, 2573388.686746988], [693628.391566265, 2573381.686746988], [693625.391566265, 2573378.686746988], [693618.391566265, 2573371.686746988], [693614.641566265, 2573368.686746988], [693608.391566265, 2573362.436746988], [693604.641566265, 2573358.686746988], [693598.391566265, 2573352.436746988], [693594.641566265, 2573348.686746988], [693588.391566265, 2573342.436746988], [693585.391566265, 2573338.686746988], [693584.641566265, 2573328.686746988], [693578.391566265, 2573322.436746988], [693574.641566265, 2573318.686746988], [693568.391566265, 2573312.436746988], [693565.391566265, 2573308.686746988], [693558.391566265, 2573301.686746988], [693555.391566265, 2573298.686746988], [693555.391566265, 2573288.686746988], [693548.391566265, 2573281.686746988], [693545.391566265, 2573278.686746988], [693545.391566265, 2573268.686746988], [693538.391566265, 2573261.686746988], [693535.391566265, 2573258.686746988], [693535.391566265, 2573248.686746988], [693528.391566265, 2573241.686746988], [693525.391566265, 2573238.686746988], [693525.391566265, 2573228.686746988], [693524.641566265, 2573218.686746988], [693518.391566265, 2573212.436746988], [693515.391566265, 2573208.686746988], [693508.391566265, 2573201.686746988], [693505.391566265, 2573198.686746988], [693498.391566265, 2573191.686746988], [693495.391566265, 2573188.686746988], [693488.391566265, 2573181.686746988], [693485.391566265, 2573178.686746988], [693478.391566265, 2573171.686746988], [693475.391566265, 2573168.686746988], [693474.641566265, 2573158.686746988], [693468.391566265, 2573152.436746988], [693464.641566265, 2573148.686746988], [693458.391566265, 2573142.436746988], [693454.641566265, 2573138.686746988], [693448.391566265, 2573132.436746988], [693445.391566265, 2573128.686746988], [693438.391566265, 2573121.686746988], [693435.391566265, 2573118.686746988], [693434.641566265, 2573108.686746988], [693428.391566265, 2573102.436746988], [693425.391566265, 2573098.686746988], [693418.391566265, 2573091.686746988], [693415.391566265, 2573088.686746988], [693414.641566265, 2573078.686746988], [693408.391566265, 2573072.436746988], [693405.391566265, 2573068.686746988], [693398.391566265, 2573061.686746988], [693395.391566265, 2573058.686746988], [693394.641566265, 2573048.686746988], [693388.391566265, 2573042.436746988], [693385.391566265, 2573038.686746988], [693384.641566265, 2573028.686746988], [693378.391566265, 2573022.436746988], [693374.641566265, 2573018.686746988], [693370.891566265, 2573008.686746988], [693370.891566265, 2572998.686746988], [693370.891566265, 2572988.686746988], [693370.891566265, 2572978.686746988], [693368.391566265, 2572973.686746988], [693367.141566265, 2572968.686746988], [693358.391566265, 2572959.936746988], [693357.141566265, 2572958.686746988], [693348.391566265, 2572951.686746988], [693344.641566265, 2572948.686746988], [693338.391566265, 2572942.436746988], [693328.391566265, 2572941.686746988], [693325.391566265, 2572938.686746988], [693318.391566265, 2572931.686746988], [693315.391566265, 2572928.686746988], [693308.391566265, 2572921.686746988], [693305.391566265, 2572918.686746988], [693304.641566265, 2572908.686746988], [693298.391566265, 2572902.436746988], [693294.641566265, 2572898.686746988], [693288.391566265, 2572892.436746988], [693285.391566265, 2572888.686746988], [693284.641566265, 2572878.686746988], [693278.391566265, 2572872.436746988], [693274.641566265, 2572868.686746988], [693268.391566265, 2572862.436746988], [693264.641566265, 2572858.686746988], [693258.391566265, 2572852.436746988], [693254.641566265, 2572848.686746988], [693248.391566265, 2572842.436746988], [693244.641566265, 2572838.686746988], [693238.391566265, 2572832.436746988], [693234.641566265, 2572828.686746988], [693228.391566265, 2572822.436746988], [693224.641566265, 2572818.686746988], [693218.391566265, 2572812.436746988], [693214.641566265, 2572808.686746988], [693208.391566265, 2572802.436746988], [693205.391566265, 2572798.686746988], [693198.391566265, 2572791.686746988], [693195.391566265, 2572788.686746988], [693188.391566265, 2572781.686746988], [693185.391566265, 2572778.686746988], [693184.641566265, 2572768.686746988], [693178.391566265, 2572762.436746988], [693174.641566265, 2572758.686746988], [693168.391566265, 2572752.436746988], [693164.641566265, 2572748.686746988], [693158.391566265, 2572742.436746988], [693150.891566265, 2572738.686746988], [693148.391566265, 2572736.186746988], [693138.391566265, 2572732.436746988], [693134.641566265, 2572728.686746988], [693128.391566265, 2572722.436746988], [693123.391566265, 2572718.686746988], [693118.391566265, 2572713.686746988], [693113.391566265, 2572708.686746988], [693108.391566265, 2572703.686746988], [693098.391566265, 2572701.186746988], [693095.891566265, 2572698.686746988], [693088.391566265, 2572691.186746988], [693083.391566265, 2572688.686746988], [693078.391566265, 2572686.186746988], [693073.391566265, 2572688.686746988], [693068.391566265, 2572693.686746988], [693065.891566265, 2572698.686746988], [693063.391566265, 2572708.686746988], [693063.391566265, 2572718.686746988], [693068.391566265, 2572723.686746988], [693073.391566265, 2572728.686746988], [693078.391566265, 2572736.186746988], [693080.891566265, 2572738.686746988], [693083.391566265, 2572748.686746988], [693088.391566265, 2572753.686746988], [693093.391566265, 2572758.686746988], [693098.391566265, 2572763.686746988], [693103.391566265, 2572768.686746988], [693108.391566265, 2572773.686746988], [693113.391566265, 2572778.686746988], [693113.391566265, 2572788.686746988], [693118.391566265, 2572793.686746988], [693122.141566265, 2572798.686746988], [693128.391566265, 2572804.936746988], [693132.141566265, 2572808.686746988], [693135.891566265, 2572818.686746988], [693138.391566265, 2572821.186746988], [693142.141566265, 2572828.686746988], [693142.141566265, 2572838.686746988], [693148.391566265, 2572844.936746988], [693152.141566265, 2572848.686746988], [693158.391566265, 2572854.936746988], [693161.391566265, 2572858.686746988], [693168.391566265, 2572865.686746988], [693171.391566265, 2572868.686746988], [693171.391566265, 2572878.686746988], [693178.391566265, 2572885.686746988], [693181.391566265, 2572888.686746988], [693181.391566265, 2572898.686746988], [693182.141566265, 2572908.686746988], [693182.141566265, 2572918.686746988], [693188.391566265, 2572924.936746988], [693192.141566265, 2572928.686746988], [693192.141566265, 2572938.686746988], [693192.141566265, 2572948.686746988], [693193.391566265, 2572958.686746988], [693198.391566265, 2572963.686746988], [693202.141566265, 2572968.686746988], [693208.391566265, 2572974.936746988], [693211.391566265, 2572978.686746988], [693218.391566265, 2572985.686746988], [693221.391566265, 2572988.686746988], [693228.391566265, 2572995.686746988], [693231.391566265, 2572998.686746988], [693231.391566265, 2573008.686746988], [693238.391566265, 2573015.686746988], [693241.391566265, 2573018.686746988], [693242.141566265, 2573028.686746988], [693242.141566265, 2573038.686746988], [693248.391566265, 2573044.936746988], [693251.391566265, 2573048.686746988], [693252.141566265, 2573058.686746988], [693258.391566265, 2573064.936746988], [693261.391566265, 2573068.686746988], [693261.391566265, 2573078.686746988], [693268.391566265, 2573085.686746988], [693271.391566265, 2573088.686746988], [693271.391566265, 2573098.686746988], [693278.391566265, 2573105.686746988], [693281.391566265, 2573108.686746988], [693281.391566265, 2573118.686746988], [693278.391566265, 2573126.186746988], [693275.891566265, 2573128.686746988], [693271.391566265, 2573138.686746988], [693268.391566265, 2573142.436746988], [693262.141566265, 2573148.686746988], [693262.141566265, 2573158.686746988], [693268.391566265, 2573164.936746988], [693272.141566265, 2573168.686746988], [693278.391566265, 2573174.936746988], [693283.391566265, 2573178.686746988], [693288.391566265, 2573183.686746988], [693298.391566265, 2573185.686746988], [693301.391566265, 2573188.686746988], [693308.391566265, 2573195.686746988], [693311.391566265, 2573198.686746988], [693311.391566265, 2573208.686746988], [693308.391566265, 2573211.686746988], [693301.391566265, 2573218.686746988], [693298.391566265, 2573221.686746988], [693288.391566265, 2573221.686746988], [693281.391566265, 2573228.686746988], [693278.391566265, 2573231.686746988], [693268.391566265, 2573231.686746988], [693258.391566265, 2573232.436746988], [693248.391566265, 2573232.436746988], [693238.391566265, 2573232.436746988], [693232.141566265, 2573238.686746988], [693228.391566265, 2573241.686746988], [693218.391566265, 2573241.686746988], [693208.391566265, 2573242.436746988], [693198.391566265, 2573246.186746988], [693195.891566265, 2573248.686746988], [693188.391566265, 2573251.686746988], [693178.391566265, 2573251.686746988], [693168.391566265, 2573252.436746988], [693158.391566265, 2573253.686746988], [693148.391566265, 2573253.686746988], [693138.391566265, 2573253.686746988], [693128.391566265, 2573253.686746988], [693118.391566265, 2573253.686746988], [693108.391566265, 2573253.686746988], [693098.391566265, 2573252.436746988], [693088.391566265, 2573251.686746988], [693085.391566265, 2573248.686746988], [693078.391566265, 2573241.686746988], [693075.391566265, 2573238.686746988], [693068.391566265, 2573231.686746988], [693065.391566265, 2573228.686746988], [693060.891566265, 2573218.686746988], [693058.391566265, 2573216.186746988], [693050.891566265, 2573208.686746988], [693048.391566265, 2573206.186746988], [693038.391566265, 2573203.686746988], [693033.391566265, 2573208.686746988], [693028.391566265, 2573213.686746988], [693023.391566265, 2573218.686746988], [693022.141566265, 2573228.686746988], [693028.391566265, 2573234.936746988], [693031.391566265, 2573238.686746988], [693031.391566265, 2573248.686746988], [693028.391566265, 2573251.686746988], [693021.391566265, 2573258.686746988], [693021.391566265, 2573268.686746988], [693021.391566265, 2573278.686746988], [693021.391566265, 2573288.686746988], [693023.391566265, 2573298.686746988], [693028.391566265, 2573303.686746988], [693031.391566265, 2573308.686746988], [693032.141566265, 2573318.686746988], [693038.391566265, 2573324.936746988], [693042.141566265, 2573328.686746988], [693048.391566265, 2573334.936746988], [693058.391566265, 2573335.686746988], [693068.391566265, 2573335.686746988], [693078.391566265, 2573334.936746988], [693084.641566265, 2573328.686746988], [693088.391566265, 2573325.686746988], [693098.391566265, 2573325.686746988], [693108.391566265, 2573324.936746988], [693118.391566265, 2573323.686746988], [693128.391566265, 2573323.686746988], [693138.391566265, 2573325.686746988], [693145.891566265, 2573328.686746988], [693148.391566265, 2573331.186746988], [693158.391566265, 2573335.686746988], [693163.391566265, 2573338.686746988], [693168.391566265, 2573343.686746988], [693173.391566265, 2573348.686746988], [693178.391566265, 2573353.686746988], [693188.391566265, 2573355.686746988], [693191.391566265, 2573358.686746988], [693198.391566265, 2573365.686746988], [693208.391566265, 2573365.686746988], [693218.391566265, 2573365.686746988], [693223.391566265, 2573368.686746988], [693228.391566265, 2573373.686746988], [693238.391566265, 2573375.686746988], [693248.391566265, 2573375.686746988], [693258.391566265, 2573375.686746988], [693268.391566265, 2573375.686746988], [693278.391566265, 2573375.686746988], [693288.391566265, 2573375.686746988], [693292.141566265, 2573378.686746988], [693298.391566265, 2573384.936746988], [693302.141566265, 2573388.686746988], [693308.391566265, 2573394.936746988], [693312.141566265, 2573398.686746988], [693311.391566265, 2573408.686746988], [693308.391566265, 2573412.436746988], [693302.141566265, 2573418.686746988], [693298.391566265, 2573422.436746988], [693292.141566265, 2573428.686746988], [693292.141566265, 2573438.686746988], [693288.391566265, 2573442.436746988], [693282.141566265, 2573448.686746988], [693278.391566265, 2573451.686746988], [693271.391566265, 2573458.686746988], [693268.391566265, 2573461.686746988], [693258.391566265, 2573461.686746988], [693248.391566265, 2573461.686746988], [693238.391566265, 2573462.436746988], [693232.141566265, 2573468.686746988], [693228.391566265, 2573471.686746988], [693221.391566265, 2573478.686746988], [693218.391566265, 2573481.686746988], [693211.391566265, 2573488.686746988], [693211.391566265, 2573498.686746988], [693208.391566265, 2573501.686746988], [693201.391566265, 2573508.686746988], [693198.391566265, 2573511.686746988], [693188.391566265, 2573511.686746988], [693178.391566265, 2573511.686746988], [693168.391566265, 2573512.436746988], [693158.391566265, 2573512.436746988], [693148.391566265, 2573512.436746988], [693138.391566265, 2573512.436746988], [693128.391566265, 2573512.436746988], [693122.141566265, 2573518.686746988], [693118.391566265, 2573522.436746988], [693112.141566265, 2573528.686746988], [693118.391566265, 2573534.936746988], [693122.141566265, 2573538.686746988], [693125.891566265, 2573548.686746988], [693128.391566265, 2573551.186746988], [693132.141566265, 2573558.686746988], [693131.391566265, 2573568.686746988], [693131.391566265, 2573578.686746988], [693138.391566265, 2573585.686746988], [693141.391566265, 2573588.686746988], [693141.391566265, 2573598.686746988], [693138.391566265, 2573601.686746988], [693131.391566265, 2573608.686746988], [693128.391566265, 2573611.686746988], [693118.391566265, 2573611.686746988], [693111.391566265, 2573618.686746988], [693108.391566265, 2573621.686746988], [693101.391566265, 2573628.686746988], [693101.391566265, 2573638.686746988], [693101.391566265, 2573648.686746988], [693098.391566265, 2573651.186746988], [693090.891566265, 2573658.686746988], [693088.391566265, 2573661.186746988], [693080.891566265, 2573668.686746988], [693078.391566265, 2573671.186746988], [693068.391566265, 2573671.186746988], [693058.391566265, 2573671.186746988], [693055.891566265, 2573668.686746988], [693048.391566265, 2573661.186746988], [693045.891566265, 2573658.686746988], [693038.391566265, 2573651.186746988], [693035.891566265, 2573648.686746988], [693035.891566265, 2573638.686746988], [693028.391566265, 2573631.186746988], [693025.891566265, 2573628.686746988], [693025.891566265, 2573618.686746988], [693018.391566265, 2573611.186746988], [693015.891566265, 2573608.686746988], [693008.391566265, 2573601.186746988], [693005.891566265, 2573598.686746988], [692998.391566265, 2573591.186746988], [692995.891566265, 2573588.686746988], [692988.391566265, 2573581.186746988], [692985.891566265, 2573578.686746988], [692978.391566265, 2573571.186746988], [692975.891566265, 2573568.686746988], [692968.391566265, 2573561.186746988], [692965.891566265, 2573558.686746988], [692958.391566265, 2573551.186746988], [692955.891566265, 2573548.686746988], [692955.891566265, 2573538.686746988], [692948.391566265, 2573531.186746988], [692945.891566265, 2573528.686746988], [692938.391566265, 2573521.186746988], [692935.891566265, 2573518.686746988], [692928.391566265, 2573511.186746988], [692925.891566265, 2573508.686746988], [692925.891566265, 2573498.686746988], [692918.391566265, 2573491.186746988], [692915.891566265, 2573488.686746988], [692908.391566265, 2573481.186746988], [692905.891566265, 2573478.686746988], [692898.391566265, 2573471.186746988], [692895.891566265, 2573468.686746988], [692888.391566265, 2573461.186746988], [692885.891566265, 2573458.686746988], [692878.391566265, 2573451.186746988], [692875.891566265, 2573448.686746988], [692868.391566265, 2573441.186746988], [692865.891566265, 2573438.686746988], [692858.391566265, 2573431.186746988], [692855.891566265, 2573428.686746988], [692848.391566265, 2573421.186746988], [692845.891566265, 2573418.686746988], [692838.391566265, 2573411.186746988], [692835.891566265, 2573408.686746988], [692828.391566265, 2573401.186746988], [692825.891566265, 2573398.686746988], [692818.391566265, 2573391.186746988], [692815.891566265, 2573388.686746988], [692808.391566265, 2573381.186746988], [692805.891566265, 2573378.686746988], [692798.391566265, 2573371.186746988], [692788.391566265, 2573371.186746988], [692785.891566265, 2573368.686746988], [692778.391566265, 2573361.186746988], [692775.891566265, 2573358.686746988], [692768.391566265, 2573351.186746988], [692765.891566265, 2573348.686746988], [692758.391566265, 2573341.186746988], [692748.391566265, 2573341.186746988], [692745.891566265, 2573338.686746988], [692738.391566265, 2573331.186746988], [692735.891566265, 2573328.686746988], [692728.391566265, 2573321.186746988], [692725.891566265, 2573318.686746988], [692718.391566265, 2573311.186746988], [692715.891566265, 2573308.686746988], [692708.391566265, 2573301.186746988], [692698.391566265, 2573301.186746988], [692695.891566265, 2573298.686746988], [692688.391566265, 2573291.186746988], [692685.891566265, 2573288.686746988], [692678.391566265, 2573281.186746988], [692675.891566265, 2573278.686746988], [692668.391566265, 2573271.186746988], [692665.891566265, 2573268.686746988], [692658.391566265, 2573261.186746988], [692648.391566265, 2573261.186746988], [692645.891566265, 2573258.686746988], [692638.391566265, 2573251.186746988], [692635.891566265, 2573248.686746988], [692628.391566265, 2573241.186746988], [692618.391566265, 2573241.186746988], [692615.891566265, 2573238.686746988], [692608.391566265, 2573231.186746988], [692598.391566265, 2573231.186746988], [692595.891566265, 2573228.686746988], [692588.391566265, 2573221.186746988], [692578.391566265, 2573221.186746988], [692575.891566265, 2573218.686746988], [692568.391566265, 2573211.186746988], [692558.391566265, 2573211.186746988], [692555.891566265, 2573208.686746988], [692548.391566265, 2573201.186746988], [692538.391566265, 2573201.186746988], [692535.891566265, 2573198.686746988], [692528.391566265, 2573191.186746988], [692518.391566265, 2573191.186746988], [692515.891566265, 2573188.686746988], [692508.391566265, 2573181.186746988], [692498.391566265, 2573181.186746988], [692495.891566265, 2573178.686746988], [692488.391566265, 2573171.186746988], [692485.891566265, 2573168.686746988], [692478.391566265, 2573161.186746988], [692468.391566265, 2573161.186746988], [692465.891566265, 2573158.686746988], [692458.391566265, 2573151.186746988], [692448.391566265, 2573151.186746988], [692445.891566265, 2573148.686746988], [692438.391566265, 2573141.186746988], [692428.391566265, 2573141.186746988], [692425.891566265, 2573138.686746988], [692418.391566265, 2573131.186746988], [692408.391566265, 2573131.186746988], [692405.891566265, 2573128.686746988], [692398.391566265, 2573121.186746988], [692388.391566265, 2573121.186746988], [692385.891566265, 2573118.686746988], [692378.391566265, 2573111.186746988], [692368.391566265, 2573111.186746988], [692365.891566265, 2573108.686746988], [692358.391566265, 2573101.186746988], [692348.391566265, 2573101.186746988], [692345.891566265, 2573098.686746988], [692338.391566265, 2573091.186746988], [692335.891566265, 2573088.686746988], [692328.391566265, 2573081.186746988], [692325.891566265, 2573078.686746988], [692325.891566265, 2573068.686746988], [692318.391566265, 2573061.186746988], [692315.891566265, 2573058.686746988], [692315.891566265, 2573048.686746988], [692315.891566265, 2573038.686746988], [692315.391566265, 2573028.686746988], [692315.391566265, 2573018.686746988], [692308.391566265, 2573011.686746988], [692305.891566265, 2573008.686746988], [692305.391566265, 2572998.686746988], [692305.391566265, 2572988.686746988], [692304.641566265, 2572978.686746988], [692298.391566265, 2572972.436746988], [692295.891566265, 2572968.686746988], [692295.391566265, 2572958.686746988], [692288.391566265, 2572951.686746988], [692284.641566265, 2572948.686746988], [692278.391566265, 2572942.436746988], [692272.141566265, 2572948.686746988], [692268.391566265, 2572951.686746988], [692261.391566265, 2572958.686746988], [692259.391566265, 2572968.686746988], [692258.391566265, 2572969.686746988], [692250.891566265, 2572978.686746988], [692248.391566265, 2572983.686746988], [692243.391566265, 2572988.686746988], [692241.391566265, 2572998.686746988], [692241.391566265, 2573008.686746988], [692240.891566265, 2573018.686746988], [692238.391566265, 2573021.686746988], [692231.391566265, 2573028.686746988], [692230.891566265, 2573038.686746988], [692228.391566265, 2573041.186746988], [692220.891566265, 2573048.686746988], [692218.391566265, 2573051.186746988], [692210.891566265, 2573058.686746988], [692208.391566265, 2573061.186746988], [692200.891566265, 2573068.686746988], [692198.391566265, 2573071.186746988], [692188.391566265, 2573071.186746988], [692178.391566265, 2573071.186746988], [692175.891566265, 2573068.686746988], [692168.391566265, 2573061.186746988], [692158.391566265, 2573061.186746988], [692155.891566265, 2573058.686746988], [692148.391566265, 2573051.186746988], [692138.391566265, 2573051.186746988], [692128.391566265, 2573051.186746988], [692125.891566265, 2573048.686746988], [692118.391566265, 2573041.186746988], [692108.391566265, 2573041.186746988], [692105.891566265, 2573038.686746988], [692098.391566265, 2573031.186746988], [692088.391566265, 2573031.186746988], [692078.391566265, 2573031.186746988], [692068.391566265, 2573031.186746988], [692065.891566265, 2573028.686746988], [692058.391566265, 2573021.186746988], [692055.891566265, 2573018.686746988], [692048.391566265, 2573011.186746988], [692038.391566265, 2573011.186746988], [692028.391566265, 2573011.186746988], [692025.891566265, 2573008.686746988], [692018.391566265, 2573001.186746988], [692008.391566265, 2573001.186746988], [692005.891566265, 2572998.686746988], [691998.391566265, 2572991.186746988], [691988.391566265, 2572991.186746988], [691978.391566265, 2572991.186746988], [691968.391566265, 2572991.186746988], [691965.891566265, 2572988.686746988], [691958.391566265, 2572981.186746988], [691948.391566265, 2572981.186746988], [691945.891566265, 2572978.686746988], [691938.391566265, 2572971.186746988], [691928.391566265, 2572971.186746988], [691925.891566265, 2572968.686746988], [691918.391566265, 2572961.186746988], [691915.891566265, 2572958.686746988], [691908.391566265, 2572951.186746988], [691898.391566265, 2572951.186746988], [691895.891566265, 2572948.686746988], [691888.391566265, 2572941.186746988], [691878.391566265, 2572941.186746988], [691875.891566265, 2572938.686746988], [691868.391566265, 2572931.186746988], [691858.391566265, 2572931.186746988], [691848.391566265, 2572931.186746988], [691838.391566265, 2572931.186746988], [691835.891566265, 2572928.686746988], [691828.391566265, 2572921.186746988], [691818.391566265, 2572921.186746988], [691808.391566265, 2572921.186746988], [691805.891566265, 2572918.686746988], [691798.391566265, 2572911.186746988], [691788.391566265, 2572911.186746988], [691778.391566265, 2572911.186746988], [691770.891566265, 2572918.686746988], [691768.391566265, 2572921.186746988], [691758.391566265, 2572921.186746988], [691748.391566265, 2572921.186746988], [691738.391566265, 2572921.186746988], [691735.891566265, 2572918.686746988], [691728.391566265, 2572911.186746988], [691718.391566265, 2572911.186746988], [691708.391566265, 2572911.186746988], [691705.891566265, 2572908.686746988], [691698.391566265, 2572901.186746988], [691688.391566265, 2572901.186746988], [691685.891566265, 2572898.686746988], [691678.391566265, 2572891.186746988], [691668.391566265, 2572891.186746988], [691665.891566265, 2572888.686746988], [691658.391566265, 2572881.186746988], [691655.891566265, 2572878.686746988], [691648.391566265, 2572871.186746988], [691640.891566265, 2572878.686746988], [691638.391566265, 2572881.186746988], [691630.891566265, 2572888.686746988], [691630.891566265, 2572898.686746988], [691630.891566265, 2572908.686746988], [691628.391566265, 2572911.186746988], [691620.891566265, 2572918.686746988], [691620.891566265, 2572928.686746988], [691620.891566265, 2572938.686746988], [691620.891566265, 2572948.686746988], [691620.891566265, 2572958.686746988], [691620.891566265, 2572968.686746988], [691620.891566265, 2572978.686746988], [691618.391566265, 2572981.186746988], [691610.891566265, 2572988.686746988], [691610.891566265, 2572998.686746988], [691608.391566265, 2573001.186746988], [691600.891566265, 2573008.686746988], [691600.891566265, 2573018.686746988], [691600.891566265, 2573028.686746988], [691600.891566265, 2573038.686746988], [691598.391566265, 2573041.186746988], [691590.891566265, 2573048.686746988], [691590.891566265, 2573058.686746988], [691590.891566265, 2573068.686746988], [691590.891566265, 2573078.686746988], [691590.891566265, 2573088.686746988], [691598.391566265, 2573096.186746988], [691600.891566265, 2573098.686746988], [691608.391566265, 2573106.186746988], [691610.891566265, 2573108.686746988], [691618.391566265, 2573116.186746988], [691628.391566265, 2573116.186746988], [691638.391566265, 2573116.186746988], [691640.891566265, 2573118.686746988], [691648.391566265, 2573126.186746988], [691658.391566265, 2573126.186746988], [691660.891566265, 2573128.686746988], [691668.391566265, 2573136.186746988], [691678.391566265, 2573136.186746988], [691680.891566265, 2573138.686746988], [691688.391566265, 2573146.186746988], [691698.391566265, 2573146.186746988], [691708.391566265, 2573146.186746988], [691718.391566265, 2573146.186746988], [691728.391566265, 2573146.186746988], [691730.891566265, 2573148.686746988], [691738.391566265, 2573156.186746988], [691740.891566265, 2573158.686746988], [691748.391566265, 2573166.186746988], [691750.891566265, 2573168.686746988], [691750.891566265, 2573178.686746988], [691750.891566265, 2573188.686746988], [691758.391566265, 2573196.186746988], [691760.891566265, 2573198.686746988], [691768.391566265, 2573206.186746988], [691778.391566265, 2573206.186746988], [691788.391566265, 2573206.186746988], [691798.391566265, 2573206.186746988], [691808.391566265, 2573206.186746988], [691818.391566265, 2573206.186746988], [691828.391566265, 2573206.186746988], [691838.391566265, 2573206.186746988], [691840.891566265, 2573208.686746988], [691848.391566265, 2573216.186746988], [691858.391566265, 2573216.186746988], [691860.891566265, 2573218.686746988], [691868.391566265, 2573226.186746988], [691878.391566265, 2573226.186746988], [691880.891566265, 2573228.686746988], [691888.391566265, 2573236.186746988], [691898.391566265, 2573236.186746988], [691900.891566265, 2573238.686746988], [691908.391566265, 2573246.186746988], [691918.391566265, 2573246.186746988], [691928.391566265, 2573246.186746988], [691930.891566265, 2573248.686746988], [691938.391566265, 2573256.186746988], [691948.391566265, 2573256.186746988], [691950.891566265, 2573258.686746988], [691958.391566265, 2573266.186746988], [691968.391566265, 2573266.186746988], [691970.891566265, 2573268.686746988], [691978.391566265, 2573276.186746988], [691980.891566265, 2573278.686746988], [691988.391566265, 2573286.186746988], [691998.391566265, 2573286.186746988], [692008.391566265, 2573286.186746988], [692018.391566265, 2573286.186746988], [692028.391566265, 2573286.186746988], [692030.891566265, 2573288.686746988], [692038.391566265, 2573296.186746988], [692048.391566265, 2573296.186746988], [692050.891566265, 2573298.686746988], [692058.391566265, 2573306.186746988], [692060.891566265, 2573308.686746988], [692068.391566265, 2573316.186746988], [692078.391566265, 2573316.186746988], [692080.891566265, 2573318.686746988], [692088.391566265, 2573326.186746988], [692090.891566265, 2573328.686746988], [692090.891566265, 2573338.686746988], [692090.891566265, 2573348.686746988], [692098.391566265, 2573356.186746988], [692100.891566265, 2573358.686746988], [692100.891566265, 2573368.686746988], [692108.391566265, 2573376.186746988], [692110.891566265, 2573378.686746988], [692110.891566265, 2573388.686746988], [692110.891566265, 2573398.686746988], [692118.391566265, 2573406.186746988], [692120.891566265, 2573408.686746988], [692120.891566265, 2573418.686746988], [692118.391566265, 2573421.186746988], [692110.891566265, 2573428.686746988], [692108.391566265, 2573431.186746988], [692098.391566265, 2573431.186746988], [692095.391566265, 2573428.686746988], [692088.391566265, 2573421.686746988], [692078.391566265, 2573421.686746988], [692068.391566265, 2573421.686746988], [692058.391566265, 2573421.686746988], [692048.391566265, 2573421.686746988], [692038.391566265, 2573421.186746988], [692028.391566265, 2573421.186746988], [692024.641566265, 2573418.686746988], [692018.391566265, 2573412.436746988], [692008.391566265, 2573411.686746988], [692000.891566265, 2573408.686746988], [691998.391566265, 2573406.186746988], [691988.391566265, 2573402.436746988], [691978.391566265, 2573402.436746988], [691968.391566265, 2573402.436746988], [691962.141566265, 2573408.686746988], [691962.141566265, 2573418.686746988], [691965.891566265, 2573428.686746988], [691968.391566265, 2573431.186746988], [691975.891566265, 2573438.686746988], [691978.391566265, 2573441.186746988], [691982.141566265, 2573448.686746988], [691988.391566265, 2573454.936746988], [691992.141566265, 2573458.686746988], [691998.391566265, 2573464.936746988], [692002.141566265, 2573468.686746988], [692005.891566265, 2573478.686746988], [692008.391566265, 2573481.186746988], [692015.891566265, 2573488.686746988], [692018.391566265, 2573491.186746988], [692028.391566265, 2573493.686746988], [692033.391566265, 2573498.686746988], [692038.391566265, 2573503.686746988], [692048.391566265, 2573505.686746988], [692051.391566265, 2573508.686746988], [692058.391566265, 2573515.686746988], [692061.391566265, 2573518.686746988], [692068.391566265, 2573525.686746988], [692071.391566265, 2573528.686746988], [692071.391566265, 2573538.686746988], [692071.391566265, 2573548.686746988], [692072.141566265, 2573558.686746988], [692078.391566265, 2573564.936746988], [692081.391566265, 2573568.686746988], [692081.391566265, 2573578.686746988], [692081.391566265, 2573588.686746988], [692081.391566265, 2573598.686746988], [692081.391566265, 2573608.686746988], [692081.391566265, 2573618.686746988], [692081.391566265, 2573628.686746988], [692081.391566265, 2573638.686746988], [692081.391566265, 2573648.686746988], [692078.391566265, 2573652.436746988], [692072.141566265, 2573658.686746988], [692069.641566265, 2573668.686746988], [692069.641566265, 2573678.686746988], [692072.141566265, 2573688.686746988], [692072.141566265, 2573698.686746988], [692068.391566265, 2573706.186746988], [692065.891566265, 2573708.686746988], [692063.391566265, 2573718.686746988], [692058.391566265, 2573723.686746988], [692053.391566265, 2573728.686746988], [692048.391566265, 2573732.436746988], [692038.391566265, 2573730.353413655], [692036.7248995984, 2573728.686746988], [692028.391566265, 2573722.436746988], [692023.391566265, 2573718.686746988], [692018.391566265, 2573713.686746988], [692013.391566265, 2573718.686746988], [692008.391566265, 2573723.686746988], [692003.391566265, 2573728.686746988], [692003.391566265, 2573738.686746988], [692008.391566265, 2573743.686746988], [692012.141566265, 2573748.686746988], [692013.391566265, 2573758.686746988], [692013.391566265, 2573768.686746988], [692008.391566265, 2573776.186746988], [692005.891566265, 2573778.686746988], [692002.141566265, 2573788.686746988], [692000.891566265, 2573798.686746988], [692008.391566265, 2573806.186746988], [692010.891566265, 2573808.686746988], [692018.391566265, 2573813.686746988], [692028.391566265, 2573813.686746988], [692038.391566265, 2573813.686746988], [692048.391566265, 2573813.686746988], [692053.391566265, 2573808.686746988], [692058.391566265, 2573804.936746988], [692068.391566265, 2573804.936746988], [692078.391566265, 2573803.686746988], [692085.891566265, 2573808.686746988], [692088.391566265, 2573811.186746988], [692098.391566265, 2573813.686746988], [692105.891566265, 2573818.686746988], [692108.391566265, 2573821.186746988], [692115.891566265, 2573828.686746988], [692118.391566265, 2573831.186746988], [692128.391566265, 2573833.686746988], [692135.891566265, 2573838.686746988], [692138.391566265, 2573841.186746988], [692148.391566265, 2573844.936746988], [692153.391566265, 2573848.686746988], [692158.391566265, 2573853.686746988], [692165.891566265, 2573858.686746988], [692168.391566265, 2573861.186746988], [692178.391566265, 2573864.936746988], [692182.141566265, 2573868.686746988], [692188.391566265, 2573874.936746988], [692193.391566265, 2573878.686746988], [692198.391566265, 2573883.686746988], [692203.391566265, 2573888.686746988], [692208.391566265, 2573893.686746988], [692215.891566265, 2573898.686746988], [692218.391566265, 2573901.186746988], [692225.891566265, 2573908.686746988], [692228.391566265, 2573911.186746988], [692232.141566265, 2573918.686746988], [692238.391566265, 2573924.936746988], [692242.141566265, 2573928.686746988], [692242.141566265, 2573938.686746988], [692238.391566265, 2573943.686746988], [692233.391566265, 2573948.686746988], [692233.391566265, 2573958.686746988], [692228.391566265, 2573963.686746988], [692223.391566265, 2573968.686746988], [692228.391566265, 2573976.186746988], [692230.891566265, 2573978.686746988], [692238.391566265, 2573986.186746988], [692248.391566265, 2573983.686746988], [692258.391566265, 2573983.686746988], [692265.891566265, 2573978.686746988], [692268.391566265, 2573976.186746988], [692278.391566265, 2573976.186746988], [692288.391566265, 2573973.686746988], [692298.391566265, 2573974.936746988], [692308.391566265, 2573975.686746988], [692318.391566265, 2573975.686746988], [692321.391566265, 2573978.686746988], [692328.391566265, 2573985.686746988], [692331.391566265, 2573988.686746988], [692338.391566265, 2573995.686746988], [692341.391566265, 2573998.686746988], [692341.391566265, 2574008.686746988], [692341.391566265, 2574018.686746988], [692341.391566265, 2574028.686746988], [692348.391566265, 2574035.686746988], [692351.391566265, 2574038.686746988], [692358.391566265, 2574045.686746988], [692361.391566265, 2574048.686746988], [692361.391566265, 2574058.686746988], [692368.391566265, 2574065.686746988], [692371.391566265, 2574068.686746988], [692372.141566265, 2574078.686746988], [692375.891566265, 2574088.686746988], [692378.391566265, 2574093.686746988], [692380.0582329318, 2574098.686746988], [692380.891566265, 2574108.686746988], [692383.391566265, 2574118.686746988], [692385.891566265, 2574128.686746988], [692388.391566265, 2574131.186746988], [692395.891566265, 2574138.686746988], [692398.391566265, 2574141.186746988], [692405.891566265, 2574148.686746988], [692408.391566265, 2574151.186746988], [692415.891566265, 2574158.686746988], [692418.391566265, 2574161.186746988], [692425.891566265, 2574168.686746988], [692428.391566265, 2574171.186746988], [692438.391566265, 2574173.686746988], [692445.891566265, 2574178.686746988], [692448.391566265, 2574181.186746988], [692458.391566265, 2574185.686746988], [692461.391566265, 2574188.686746988], [692468.391566265, 2574195.686746988], [692472.141566265, 2574198.686746988], [692478.391566265, 2574204.936746988], [692482.141566265, 2574208.686746988], [692488.391566265, 2574214.936746988], [692492.141566265, 2574218.686746988], [692498.391566265, 2574224.936746988], [692508.391566265, 2574225.686746988], [692518.391566265, 2574225.686746988], [692528.391566265, 2574225.686746988], [692531.391566265, 2574228.686746988], [692538.391566265, 2574235.686746988], [692548.391566265, 2574235.686746988], [692558.391566265, 2574235.686746988], [692568.391566265, 2574236.186746988], [692575.891566265, 2574228.686746988], [692578.391566265, 2574226.186746988], [692585.891566265, 2574218.686746988], [692585.891566265, 2574208.686746988], [692585.891566265, 2574198.686746988], [692585.891566265, 2574188.686746988], [692588.391566265, 2574186.186746988], [692598.391566265, 2574186.186746988], [692608.391566265, 2574186.186746988], [692618.391566265, 2574186.186746988], [692628.391566265, 2574186.186746988], [692635.891566265, 2574178.686746988], [692638.391566265, 2574176.186746988], [692648.391566265, 2574176.186746988], [692658.391566265, 2574176.186746988], [692668.391566265, 2574176.186746988], [692678.391566265, 2574176.186746988], [692680.891566265, 2574178.686746988], [692688.391566265, 2574186.186746988], [692690.891566265, 2574188.686746988], [692690.891566265, 2574198.686746988], [692688.391566265, 2574201.186746988], [692680.891566265, 2574208.686746988], [692680.891566265, 2574218.686746988], [692678.391566265, 2574221.686746988], [692671.391566265, 2574228.686746988], [692668.391566265, 2574231.686746988], [692658.391566265, 2574231.686746988], [692651.391566265, 2574238.686746988], [692648.391566265, 2574241.686746988], [692641.391566265, 2574248.686746988], [692638.391566265, 2574251.686746988], [692631.391566265, 2574258.686746988], [692628.391566265, 2574261.686746988], [692621.391566265, 2574268.686746988], [692618.391566265, 2574271.686746988], [692611.391566265, 2574278.686746988], [692608.391566265, 2574281.686746988], [692601.391566265, 2574288.686746988], [692601.391566265, 2574298.686746988], [692601.391566265, 2574308.686746988], [692601.391566265, 2574318.686746988], [692608.391566265, 2574325.686746988], [692611.391566265, 2574328.686746988], [692618.391566265, 2574335.686746988], [692621.391566265, 2574338.686746988], [692628.391566265, 2574345.686746988], [692638.391566265, 2574345.686746988], [692641.391566265, 2574348.686746988], [692648.391566265, 2574355.686746988], [692651.391566265, 2574358.686746988], [692651.391566265, 2574368.686746988], [692651.391566265, 2574378.686746988], [692652.141566265, 2574388.686746988], [692652.141566265, 2574398.686746988], [692648.391566265, 2574403.686746988], [692643.391566265, 2574408.686746988], [692638.391566265, 2574413.686746988], [692633.391566265, 2574418.686746988], [692628.391566265, 2574423.686746988], [692620.891566265, 2574428.686746988], [692618.391566265, 2574430.3534136545], [692608.391566265, 2574433.686746988], [692598.391566265, 2574433.686746988], [692593.391566265, 2574438.686746988], [692588.391566265, 2574443.686746988], [692583.391566265, 2574448.686746988], [692583.391566265, 2574458.686746988], [692588.391566265, 2574466.186746988], [692590.891566265, 2574468.686746988], [692598.391566265, 2574476.186746988], [692600.891566265, 2574478.686746988], [692608.391566265, 2574483.686746988], [692618.391566265, 2574483.686746988], [692628.391566265, 2574483.686746988], [692638.391566265, 2574483.686746988], [692643.391566265, 2574478.686746988], [692648.391566265, 2574474.936746988], [692658.391566265, 2574474.936746988], [692668.391566265, 2574474.936746988], [692678.391566265, 2574473.686746988], [692683.391566265, 2574478.686746988], [692688.391566265, 2574483.686746988], [692692.141566265, 2574488.686746988], [692698.391566265, 2574494.936746988], [692701.391566265, 2574498.686746988], [692708.391566265, 2574505.686746988], [692711.391566265, 2574508.686746988], [692718.391566265, 2574515.686746988], [692728.391566265, 2574515.686746988], [692738.391566265, 2574515.686746988], [692748.391566265, 2574515.686746988], [692751.391566265, 2574518.686746988], [692751.391566265, 2574528.686746988], [692751.391566265, 2574538.686746988], [692748.391566265, 2574542.436746988], [692742.141566265, 2574548.686746988], [692738.391566265, 2574552.436746988], [692728.391566265, 2574556.186746988], [692725.891566265, 2574558.686746988], [692718.391566265, 2574563.686746988], [692708.391566265, 2574563.686746988], [692703.391566265, 2574568.686746988], [692698.391566265, 2574573.686746988], [692690.891566265, 2574578.686746988], [692690.891566265, 2574588.686746988], [692688.391566265, 2574593.686746988], [692683.391566265, 2574598.686746988], [692683.391566265, 2574608.686746988], [692683.391566265, 2574618.686746988], [692685.891566265, 2574628.686746988], [692688.391566265, 2574633.686746988], [692690.891566265, 2574638.686746988], [692690.891566265, 2574648.686746988], [692688.391566265, 2574653.686746988], [692683.391566265, 2574658.686746988], [692688.391566265, 2574663.686746988], [692690.891566265, 2574668.686746988], [692698.391566265, 2574676.186746988], [692700.891566265, 2574678.686746988], [692708.391566265, 2574686.186746988], [692713.391566265, 2574688.686746988], [692718.391566265, 2574693.686746988], [692728.391566265, 2574693.686746988], [692738.391566265, 2574693.686746988], [692748.391566265, 2574693.686746988], [692758.391566265, 2574691.186746988], [692768.391566265, 2574691.186746988], [692778.391566265, 2574693.686746988], [692782.141566265, 2574698.686746988], [692781.391566265, 2574708.686746988], [692778.391566265, 2574712.436746988], [692772.141566265, 2574718.686746988], [692768.391566265, 2574726.186746988], [692765.891566265, 2574728.686746988], [692762.141566265, 2574738.686746988], [692762.141566265, 2574748.686746988], [692762.141566265, 2574758.686746988], [692761.391566265, 2574768.686746988], [692758.391566265, 2574772.436746988], [692752.141566265, 2574778.686746988], [692748.391566265, 2574782.436746988], [692742.141566265, 2574788.686746988], [692741.391566265, 2574798.686746988], [692738.391566265, 2574802.436746988], [692732.141566265, 2574808.686746988], [692728.391566265, 2574812.436746988], [692722.141566265, 2574818.686746988], [692722.141566265, 2574828.686746988], [692718.391566265, 2574832.436746988], [692712.141566265, 2574838.686746988], [692708.391566265, 2574846.186746988], [692705.891566265, 2574848.686746988], [692702.141566265, 2574858.686746988], [692698.391566265, 2574862.436746988], [692692.141566265, 2574868.686746988], [692692.141566265, 2574878.686746988], [692688.391566265, 2574883.686746988], [692683.391566265, 2574888.686746988], [692678.391566265, 2574893.686746988], [692673.391566265, 2574898.686746988], [692668.391566265, 2574903.686746988], [692658.391566265, 2574906.186746988], [692655.891566265, 2574908.686746988], [692648.391566265, 2574913.686746988], [692638.391566265, 2574916.186746988], [692635.891566265, 2574918.686746988], [692628.391566265, 2574923.686746988], [692623.391566265, 2574928.686746988], [692618.391566265, 2574933.686746988], [692608.391566265, 2574933.686746988], [692598.391566265, 2574933.686746988], [692593.391566265, 2574938.686746988], [692588.391566265, 2574943.686746988], [692578.391566265, 2574943.686746988], [692573.391566265, 2574948.686746988], [692568.391566265, 2574953.686746988], [692563.391566265, 2574958.686746988], [692560.891566265, 2574968.686746988], [692563.391566265, 2574978.686746988], [692568.391566265, 2574983.686746988], [692573.391566265, 2574988.686746988], [692578.391566265, 2574993.686746988], [692588.391566265, 2574993.686746988], [692593.391566265, 2574988.686746988], [692598.391566265, 2574986.186746988], [692605.891566265, 2574978.686746988], [692608.391566265, 2574976.186746988], [692618.391566265, 2574973.686746988], [692628.391566265, 2574971.186746988], [692633.391566265, 2574968.686746988], [692638.391566265, 2574963.686746988], [692643.391566265, 2574958.686746988], [692648.391566265, 2574956.186746988], [692653.391566265, 2574958.686746988], [692658.391566265, 2574963.686746988], [692663.391566265, 2574968.686746988], [692658.391566265, 2574973.686746988], [692653.391566265, 2574978.686746988], [692653.391566265, 2574988.686746988], [692653.391566265, 2574998.686746988], [692650.891566265, 2575008.686746988], [692648.391566265, 2575013.686746988], [692645.891566265, 2575018.686746988], [692638.391566265, 2575026.186746988], [692635.891566265, 2575028.686746988], [692630.891566265, 2575038.686746988], [692628.391566265, 2575041.186746988], [692620.891566265, 2575048.686746988], [692618.391566265, 2575051.186746988], [692610.891566265, 2575058.686746988], [692608.391566265, 2575063.686746988], [692605.891566265, 2575068.686746988], [692603.391566265, 2575078.686746988], [692603.391566265, 2575088.686746988], [692608.391566265, 2575091.186746988], [692618.391566265, 2575091.186746988], [692620.891566265, 2575088.686746988], [692628.391566265, 2575081.186746988], [692630.891566265, 2575078.686746988], [692638.391566265, 2575073.686746988], [692643.391566265, 2575068.686746988], [692648.391566265, 2575063.686746988], [692655.891566265, 2575058.686746988], [692658.391566265, 2575056.186746988], [692668.391566265, 2575053.686746988], [692673.391566265, 2575048.686746988], [692678.391566265, 2575043.686746988], [692688.391566265, 2575043.686746988], [692698.391566265, 2575043.686746988], [692708.391566265, 2575041.186746988], [692710.891566265, 2575038.686746988], [692718.391566265, 2575033.686746988], [692723.391566265, 2575028.686746988], [692728.391566265, 2575023.686746988], [692733.391566265, 2575018.686746988], [692738.391566265, 2575013.686746988], [692743.391566265, 2575008.686746988], [692748.391566265, 2575003.686746988], [692758.391566265, 2575001.186746988], [692760.891566265, 2574998.686746988], [692768.391566265, 2574994.936746988], [692778.391566265, 2574993.686746988], [692783.391566265, 2574988.686746988], [692788.391566265, 2574984.936746988], [692798.391566265, 2574984.936746988], [692804.641566265, 2574978.686746988], [692808.391566265, 2574974.936746988], [692814.641566265, 2574968.686746988], [692818.391566265, 2574964.936746988], [692824.641566265, 2574958.686746988], [692828.391566265, 2574955.686746988], [692838.391566265, 2574954.936746988], [692844.641566265, 2574948.686746988], [692848.391566265, 2574945.686746988], [692858.391566265, 2574944.936746988], [692868.391566265, 2574944.936746988], [692874.641566265, 2574938.686746988], [692878.391566265, 2574934.936746988], [692884.641566265, 2574928.686746988], [692888.391566265, 2574924.936746988], [692898.391566265, 2574924.936746988], [692908.391566265, 2574921.186746988], [692918.391566265, 2574921.186746988], [692920.891566265, 2574918.686746988], [692928.391566265, 2574911.186746988], [692930.891566265, 2574908.686746988], [692938.391566265, 2574904.936746988], [692948.391566265, 2574904.936746988], [692958.391566265, 2574904.936746988], [692965.891566265, 2574908.686746988], [692968.391566265, 2574911.186746988], [692975.891566265, 2574918.686746988], [692975.891566265, 2574928.686746988], [692973.391566265, 2574938.686746988], [692978.391566265, 2574943.686746988], [692983.391566265, 2574948.686746988], [692983.391566265, 2574958.686746988], [692988.391566265, 2574963.686746988], [692993.391566265, 2574968.686746988], [692993.391566265, 2574978.686746988], [692993.391566265, 2574988.686746988], [692998.391566265, 2574993.686746988], [693003.391566265, 2574998.686746988], [693008.391566265, 2575003.686746988], [693013.391566265, 2575008.686746988], [693018.391566265, 2575013.686746988], [693023.391566265, 2575018.686746988], [693028.391566265, 2575023.686746988], [693033.391566265, 2575028.686746988], [693033.391566265, 2575038.686746988], [693033.391566265, 2575048.686746988], [693033.391566265, 2575058.686746988], [693033.391566265, 2575068.686746988], [693038.391566265, 2575073.686746988], [693043.391566265, 2575078.686746988], [693043.391566265, 2575088.686746988], [693043.391566265, 2575098.686746988], [693043.391566265, 2575108.686746988], [693045.891566265, 2575118.686746988], [693045.891566265, 2575128.686746988], [693045.891566265, 2575138.686746988], [693045.891566265, 2575148.686746988], [693048.391566265, 2575153.686746988], [693053.391566265, 2575158.686746988], [693053.391566265, 2575168.686746988], [693048.391566265, 2575173.686746988], [693043.391566265, 2575178.686746988], [693038.391566265, 2575183.686746988], [693033.391566265, 2575188.686746988], [693028.391566265, 2575193.686746988], [693023.391566265, 2575198.686746988], [693023.391566265, 2575208.686746988], [693023.391566265, 2575218.686746988], [693018.391566265, 2575223.686746988], [693013.391566265, 2575228.686746988], [693008.391566265, 2575233.686746988], [693003.391566265, 2575238.686746988], [693003.391566265, 2575248.686746988], [693003.391566265, 2575258.686746988], [693005.891566265, 2575268.686746988], [693005.891566265, 2575278.686746988], [693003.391566265, 2575288.686746988], [693003.391566265, 2575298.686746988], [693005.891566265, 2575308.686746988], [693008.391566265, 2575311.186746988], [693015.891566265, 2575318.686746988], [693018.391566265, 2575321.186746988], [693028.391566265, 2575326.186746988], [693030.891566265, 2575328.686746988], [693038.391566265, 2575336.186746988], [693040.891566265, 2575338.686746988], [693048.391566265, 2575343.686746988], [693058.391566265, 2575346.186746988], [693063.391566265, 2575348.686746988], [693068.391566265, 2575351.186746988], [693078.391566265, 2575353.686746988], [693088.391566265, 2575353.686746988], [693098.391566265, 2575353.686746988], [693108.391566265, 2575354.936746988], [693118.391566265, 2575357.020080321], [693123.391566265, 2575358.686746988], [693128.391566265, 2575361.186746988], [693138.391566265, 2575361.186746988], [693148.391566265, 2575361.186746988], [693158.391566265, 2575366.186746988], [693160.891566265, 2575368.686746988], [693168.391566265, 2575373.686746988], [693178.391566265, 2575376.186746988], [693188.391566265, 2575377.0200803215], [693190.891566265, 2575378.686746988], [693195.891566265, 2575388.686746988], [693198.391566265, 2575391.186746988], [693208.391566265, 2575396.186746988], [693218.391566265, 2575391.186746988], [693228.391566265, 2575393.686746988], [693233.391566265, 2575398.686746988], [693238.391566265, 2575403.686746988], [693243.391566265, 2575408.686746988], [693243.391566265, 2575418.686746988], [693248.391566265, 2575426.186746988], [693250.891566265, 2575428.686746988], [693258.391566265, 2575433.686746988], [693268.391566265, 2575431.186746988], [693278.391566265, 2575431.186746988], [693288.391566265, 2575433.686746988], [693293.391566265, 2575438.686746988], [693298.391566265, 2575443.686746988], [693308.391566265, 2575443.686746988], [693318.391566265, 2575443.686746988], [693328.391566265, 2575443.686746988], [693338.391566265, 2575443.686746988], [693348.391566265, 2575443.686746988], [693355.891566265, 2575448.686746988], [693358.391566265, 2575451.186746988], [693368.391566265, 2575451.186746988], [693370.891566265, 2575448.686746988], [693378.391566265, 2575441.186746988], [693380.891566265, 2575438.686746988], [693388.391566265, 2575431.186746988], [693398.391566265, 2575434.936746988], [693408.391566265, 2575434.936746988], [693413.391566265, 2575438.686746988], [693418.391566265, 2575443.686746988], [693423.391566265, 2575448.686746988], [693428.391566265, 2575453.686746988], [693433.391566265, 2575458.686746988], [693438.391566265, 2575463.686746988], [693445.891566265, 2575458.686746988], [693448.391566265, 2575456.186746988], [693455.891566265, 2575448.686746988], [693458.391566265, 2575446.186746988], [693463.391566265, 2575438.686746988], [693468.391566265, 2575433.686746988], [693473.391566265, 2575428.686746988], [693478.391566265, 2575423.686746988], [693483.391566265, 2575418.686746988], [693488.391566265, 2575413.686746988], [693493.391566265, 2575408.686746988], [693498.391566265, 2575405.686746988], [693508.391566265, 2575405.686746988], [693518.391566265, 2575405.686746988], [693528.391566265, 2575405.686746988], [693538.391566265, 2575405.686746988], [693541.391566265, 2575408.686746988], [693548.391566265, 2575415.686746988], [693558.391566265, 2575415.686746988], [693565.391566265, 2575408.686746988], [693568.391566265, 2575405.686746988], [693578.391566265, 2575405.686746988], [693585.391566265, 2575398.686746988], [693588.391566265, 2575396.186746988], [693590.891566265, 2575398.686746988], [693598.391566265, 2575406.186746988], [693608.391566265, 2575406.186746988], [693610.891566265, 2575408.686746988], [693618.391566265, 2575416.186746988], [693620.891566265, 2575418.686746988], [693628.391566265, 2575426.186746988], [693630.891566265, 2575428.686746988], [693638.391566265, 2575436.186746988], [693640.891566265, 2575438.686746988], [693648.391566265, 2575446.186746988], [693658.391566265, 2575446.186746988], [693661.391566265, 2575448.686746988], [693668.391566265, 2575455.686746988], [693678.391566265, 2575456.186746988], [693681.391566265, 2575458.686746988], [693688.391566265, 2575465.686746988], [693698.391566265, 2575465.686746988], [693708.391566265, 2575466.186746988], [693718.391566265, 2575466.186746988], [693728.391566265, 2575466.186746988], [693738.391566265, 2575466.186746988], [693748.391566265, 2575466.186746988], [693758.391566265, 2575466.186746988], [693768.391566265, 2575466.186746988], [693778.391566265, 2575466.186746988], [693780.891566265, 2575468.686746988], [693788.391566265, 2575476.186746988], [693790.891566265, 2575478.686746988], [693791.391566265, 2575488.686746988], [693791.391566265, 2575498.686746988], [693791.391566265, 2575508.686746988], [693792.141566265, 2575518.686746988], [693793.391566265, 2575528.686746988], [693793.391566265, 2575538.686746988], [693793.391566265, 2575548.686746988], [693793.391566265, 2575558.686746988], [693793.391566265, 2575568.686746988], [693795.891566265, 2575578.686746988], [693798.391566265, 2575581.186746988], [693805.891566265, 2575588.686746988], [693808.391566265, 2575591.186746988], [693818.391566265, 2575593.686746988], [693828.391566265, 2575593.686746988], [693833.391566265, 2575598.686746988], [693838.391566265, 2575603.686746988], [693843.391566265, 2575608.686746988], [693848.391566265, 2575613.686746988], [693850.0582329318, 2575618.686746988], [693850.0582329318, 2575628.686746988], [693848.391566265, 2575633.686746988], [693845.891566265, 2575638.686746988], [693840.0582329317, 2575648.686746988], [693838.391566265, 2575650.353413655], [693832.141566265, 2575658.686746988], [693828.391566265, 2575663.686746988], [693823.391566265, 2575668.686746988], [693821.391566265, 2575678.686746988], [693818.391566265, 2575682.436746988], [693812.141566265, 2575688.686746988], [693811.391566265, 2575698.686746988], [693808.391566265, 2575706.186746988], [693805.891566265, 2575708.686746988], [693803.391566265, 2575718.686746988], [693808.391566265, 2575723.686746988], [693813.391566265, 2575728.686746988], [693818.391566265, 2575733.686746988], [693828.391566265, 2575733.686746988], [693838.391566265, 2575733.686746988], [693848.391566265, 2575733.686746988], [693858.391566265, 2575731.186746988], [693868.391566265, 2575731.186746988], [693878.391566265, 2575733.686746988], [693888.391566265, 2575733.686746988], [693893.391566265, 2575728.686746988], [693898.391566265, 2575723.686746988], [693905.891566265, 2575718.686746988], [693908.391566265, 2575717.020080321], [693918.391566265, 2575713.686746988], [693925.891566265, 2575708.686746988], [693928.391566265, 2575707.0200803215], [693938.391566265, 2575707.0200803215], [693940.891566265, 2575708.686746988], [693948.391566265, 2575713.686746988], [693953.391566265, 2575718.686746988], [693955.891566265, 2575728.686746988], [693958.391566265, 2575731.186746988], [693968.391566265, 2575731.186746988], [693970.891566265, 2575728.686746988], [693975.891566265, 2575718.686746988], [693976.7248995983, 2575708.686746988], [693978.391566265, 2575703.686746988], [693980.891566265, 2575698.686746988], [693983.391566265, 2575688.686746988], [693984.641566265, 2575678.686746988], [693988.391566265, 2575671.186746988], [693993.391566265, 2575668.686746988], [693998.391566265, 2575666.186746988], [694008.391566265, 2575666.186746988], [694018.391566265, 2575666.186746988], [694028.391566265, 2575666.186746988], [694038.391566265, 2575666.186746988], [694043.391566265, 2575668.686746988], [694048.391566265, 2575671.186746988], [694053.391566265, 2575678.686746988], [694058.391566265, 2575683.686746988], [694063.391566265, 2575688.686746988], [694068.391566265, 2575696.186746988], [694070.891566265, 2575698.686746988], [694078.391566265, 2575703.686746988], [694083.391566265, 2575698.686746988], [694088.391566265, 2575693.686746988], [694098.391566265, 2575693.686746988], [694108.391566265, 2575693.686746988], [694113.391566265, 2575698.686746988], [694118.391566265, 2575703.686746988], [694128.391566265, 2575706.186746988], [694138.391566265, 2575703.686746988], [694148.391566265, 2575701.186746988], [694158.391566265, 2575701.186746988], [694165.891566265, 2575708.686746988], [694168.391566265, 2575711.186746988], [694178.391566265, 2575714.936746988], [694188.391566265, 2575714.936746988], [694198.391566265, 2575713.686746988], [694208.391566265, 2575713.686746988], [694218.391566265, 2575713.686746988], [694228.391566265, 2575714.936746988], [694238.391566265, 2575714.936746988], [694248.391566265, 2575714.936746988], [694253.391566265, 2575718.686746988], [694258.391566265, 2575723.686746988], [694268.391566265, 2575726.186746988], [694278.391566265, 2575721.186746988], [694283.391566265, 2575718.686746988], [694288.391566265, 2575716.186746988], [694298.391566265, 2575713.686746988], [694305.891566265, 2575718.686746988], [694308.391566265, 2575721.186746988], [694315.891566265, 2575728.686746988], [694318.391566265, 2575731.186746988], [694323.391566265, 2575738.686746988], [694325.891566265, 2575748.686746988], [694328.391566265, 2575751.186746988], [694335.891566265, 2575758.686746988], [694338.391566265, 2575761.186746988], [694343.391566265, 2575758.686746988], [694348.391566265, 2575753.686746988], [694350.891566265, 2575748.686746988], [694355.891566265, 2575738.686746988], [694355.891566265, 2575728.686746988], [694355.891566265, 2575718.686746988], [694355.891566265, 2575708.686746988], [694355.891566265, 2575698.686746988], [694355.891566265, 2575688.686746988], [694355.891566265, 2575678.686746988], [694358.391566265, 2575673.686746988], [694360.891566265, 2575668.686746988], [694360.891566265, 2575658.686746988], [694358.391566265, 2575656.186746988], [694348.391566265, 2575651.186746988], [694338.391566265, 2575653.686746988], [694328.391566265, 2575653.686746988], [694320.891566265, 2575648.686746988], [694318.391566265, 2575646.186746988], [694308.391566265, 2575641.186746988], [694305.891566265, 2575638.686746988], [694298.391566265, 2575633.686746988], [694288.391566265, 2575631.186746988], [694278.391566265, 2575631.186746988], [694275.891566265, 2575628.686746988], [694268.391566265, 2575621.186746988], [694265.891566265, 2575618.686746988], [694258.391566265, 2575611.186746988], [694255.891566265, 2575608.686746988], [694248.391566265, 2575601.186746988], [694245.891566265, 2575598.686746988], [694238.391566265, 2575591.186746988], [694233.391566265, 2575588.686746988], [694228.391566265, 2575583.686746988], [694223.391566265, 2575578.686746988], [694218.391566265, 2575573.686746988], [694215.891566265, 2575568.686746988], [694208.391566265, 2575561.186746988], [694205.891566265, 2575558.686746988], [694198.391566265, 2575553.686746988], [694190.891566265, 2575548.686746988], [694188.391566265, 2575546.186746988], [694178.391566265, 2575542.436746988], [694168.391566265, 2575542.436746988], [694160.891566265, 2575538.686746988], [694158.391566265, 2575536.186746988], [694148.391566265, 2575533.686746988], [694138.391566265, 2575532.436746988], [694133.391566265, 2575528.686746988], [694128.391566265, 2575523.686746988], [694118.391566265, 2575521.686746988], [694114.641566265, 2575518.686746988], [694108.391566265, 2575512.436746988], [694098.391566265, 2575511.686746988], [694094.641566265, 2575508.686746988], [694088.391566265, 2575502.436746988], [694078.391566265, 2575501.686746988], [694068.391566265, 2575501.686746988], [694058.391566265, 2575501.686746988], [694055.391566265, 2575498.686746988], [694048.391566265, 2575491.686746988], [694038.391566265, 2575491.686746988], [694028.391566265, 2575491.686746988], [694025.391566265, 2575488.686746988], [694018.391566265, 2575481.686746988], [694015.391566265, 2575478.686746988], [694015.391566265, 2575468.686746988], [694015.391566265, 2575458.686746988], [694015.891566265, 2575448.686746988], [694015.891566265, 2575438.686746988], [694018.391566265, 2575436.186746988], [694028.391566265, 2575436.186746988], [694035.891566265, 2575428.686746988], [694038.391566265, 2575426.186746988], [694045.891566265, 2575418.686746988], [694048.391566265, 2575416.186746988], [694058.391566265, 2575416.186746988], [694068.391566265, 2575416.186746988], [694078.391566265, 2575416.186746988], [694088.391566265, 2575416.186746988], [694098.391566265, 2575416.186746988], [694101.391566265, 2575418.686746988], [694108.391566265, 2575425.686746988], [694111.391566265, 2575428.686746988], [694118.391566265, 2575435.686746988], [694121.391566265, 2575438.686746988], [694122.141566265, 2575448.686746988], [694128.391566265, 2575454.936746988], [694131.391566265, 2575458.686746988], [694135.891566265, 2575468.686746988], [694138.391566265, 2575471.186746988], [694145.891566265, 2575478.686746988], [694148.391566265, 2575481.186746988], [694158.391566265, 2575481.186746988], [694168.391566265, 2575484.936746988], [694178.391566265, 2575485.686746988], [694188.391566265, 2575485.686746988], [694198.391566265, 2575485.686746988], [694208.391566265, 2575485.686746988], [694218.391566265, 2575485.686746988], [694228.391566265, 2575485.686746988], [694238.391566265, 2575485.686746988], [694241.391566265, 2575488.686746988], [694248.391566265, 2575495.686746988], [694251.391566265, 2575498.686746988], [694258.391566265, 2575505.686746988], [694268.391566265, 2575505.686746988], [694271.391566265, 2575508.686746988], [694278.391566265, 2575515.686746988], [694288.391566265, 2575515.686746988], [694298.391566265, 2575515.686746988], [694308.391566265, 2575515.686746988], [694315.391566265, 2575508.686746988], [694318.391566265, 2575505.686746988], [694325.391566265, 2575498.686746988], [694328.391566265, 2575496.186746988], [694338.391566265, 2575495.686746988], [694345.391566265, 2575488.686746988], [694348.391566265, 2575486.186746988], [694358.391566265, 2575486.186746988], [694368.391566265, 2575486.186746988], [694378.391566265, 2575486.186746988], [694388.391566265, 2575486.186746988], [694398.391566265, 2575486.186746988], [694400.891566265, 2575488.686746988], [694408.391566265, 2575496.186746988], [694418.391566265, 2575496.186746988], [694428.391566265, 2575496.186746988], [694430.891566265, 2575498.686746988], [694438.391566265, 2575506.186746988], [694440.891566265, 2575508.686746988], [694448.391566265, 2575516.186746988], [694450.891566265, 2575518.686746988], [694458.391566265, 2575526.186746988], [694460.891566265, 2575528.686746988], [694460.891566265, 2575538.686746988], [694468.391566265, 2575546.186746988], [694470.891566265, 2575548.686746988], [694478.391566265, 2575556.186746988], [694481.391566265, 2575558.686746988], [694488.391566265, 2575565.686746988], [694491.391566265, 2575568.686746988], [694498.391566265, 2575575.686746988], [694508.391566265, 2575575.686746988], [694518.391566265, 2575575.686746988], [694528.391566265, 2575575.686746988], [694533.391566265, 2575578.686746988], [694538.391566265, 2575583.686746988], [694548.391566265, 2575584.936746988], [694558.391566265, 2575584.936746988], [694568.391566265, 2575585.686746988], [694575.391566265, 2575578.686746988], [694578.391566265, 2575575.686746988], [694585.391566265, 2575568.686746988], [694585.391566265, 2575558.686746988], [694585.391566265, 2575548.686746988], [694585.391566265, 2575538.686746988], [694588.391566265, 2575535.686746988], [694598.391566265, 2575536.186746988], [694608.391566265, 2575536.186746988], [694615.891566265, 2575528.686746988], [694618.391566265, 2575526.186746988], [694628.391566265, 2575526.186746988], [694638.391566265, 2575526.186746988], [694645.891566265, 2575518.686746988], [694648.391566265, 2575516.186746988], [694650.891566265, 2575518.686746988], [694658.391566265, 2575526.186746988], [694661.391566265, 2575528.686746988], [694661.391566265, 2575538.686746988], [694661.391566265, 2575548.686746988], [694658.391566265, 2575551.686746988], [694651.391566265, 2575558.686746988], [694651.391566265, 2575568.686746988], [694651.391566265, 2575578.686746988], [694658.391566265, 2575585.686746988], [694661.391566265, 2575588.686746988], [694668.391566265, 2575595.686746988], [694671.391566265, 2575598.686746988], [694678.391566265, 2575605.686746988], [694681.391566265, 2575608.686746988], [694688.391566265, 2575615.686746988], [694691.391566265, 2575618.686746988], [694698.391566265, 2575625.686746988], [694708.391566265, 2575625.686746988], [694711.391566265, 2575628.686746988], [694718.391566265, 2575635.686746988], [694721.391566265, 2575638.686746988], [694728.391566265, 2575645.686746988], [694731.391566265, 2575648.686746988], [694738.391566265, 2575655.686746988], [694748.391566265, 2575655.686746988], [694758.391566265, 2575655.686746988], [694761.391566265, 2575658.686746988], [694768.391566265, 2575665.686746988], [694771.391566265, 2575668.686746988], [694778.391566265, 2575675.686746988], [694788.391566265, 2575675.686746988], [694795.391566265, 2575668.686746988], [694798.391566265, 2575665.686746988], [694808.391566265, 2575665.686746988], [694811.391566265, 2575668.686746988], [694818.391566265, 2575675.686746988], [694822.141566265, 2575678.686746988], [694828.391566265, 2575684.936746988], [694832.141566265, 2575688.686746988], [694838.391566265, 2575694.936746988], [694842.141566265, 2575698.686746988], [694848.391566265, 2575704.936746988], [694858.391566265, 2575705.686746988], [694868.391566265, 2575705.686746988], [694872.141566265, 2575708.686746988], [694878.391566265, 2575714.936746988], [694888.391566265, 2575715.686746988], [694892.141566265, 2575718.686746988], [694898.391566265, 2575724.936746988], [694901.391566265, 2575728.686746988], [694901.391566265, 2575738.686746988], [694901.391566265, 2575748.686746988], [694902.141566265, 2575758.686746988], [694905.891566265, 2575768.686746988], [694908.391566265, 2575771.186746988], [694912.141566265, 2575778.686746988], [694918.391566265, 2575784.936746988], [694922.141566265, 2575788.686746988], [694928.391566265, 2575794.936746988], [694938.391566265, 2575795.686746988], [694948.391566265, 2575797.436746988], [694958.391566265, 2575793.686746988], [694963.391566265, 2575788.686746988], [694968.391566265, 2575781.186746988], [694970.891566265, 2575778.686746988], [694973.391566265, 2575768.686746988], [694973.391566265, 2575758.686746988], [694978.391566265, 2575753.686746988], [694983.391566265, 2575748.686746988], [694988.391566265, 2575745.686746988], [694998.391566265, 2575745.686746988], [695008.391566265, 2575745.686746988], [695018.391566265, 2575745.686746988], [695028.391566265, 2575745.686746988], [695038.391566265, 2575746.186746988], [695041.391566265, 2575748.686746988], [695048.391566265, 2575755.686746988], [695058.391566265, 2575755.686746988], [695061.391566265, 2575758.686746988], [695068.391566265, 2575765.686746988], [695071.391566265, 2575768.686746988], [695071.391566265, 2575778.686746988], [695073.391566265, 2575788.686746988], [695078.391566265, 2575793.686746988], [695083.391566265, 2575798.686746988], [695088.391566265, 2575803.686746988], [695093.391566265, 2575798.686746988], [695098.391566265, 2575795.686746988], [695108.391566265, 2575795.686746988], [695118.391566265, 2575795.686746988], [695128.391566265, 2575795.686746988], [695135.391566265, 2575788.686746988], [695138.391566265, 2575785.686746988], [695148.391566265, 2575785.686746988], [695151.391566265, 2575788.686746988], [695158.391566265, 2575795.686746988], [695168.391566265, 2575795.686746988], [695178.391566265, 2575795.686746988], [695181.391566265, 2575798.686746988], [695188.391566265, 2575805.686746988], [695191.391566265, 2575808.686746988], [695193.391566265, 2575818.686746988], [695198.391566265, 2575823.686746988], [695201.391566265, 2575828.686746988], [695202.141566265, 2575838.686746988], [695208.391566265, 2575844.936746988], [695211.391566265, 2575848.686746988], [695212.141566265, 2575858.686746988], [695213.391566265, 2575868.686746988], [695218.391566265, 2575873.686746988], [695223.391566265, 2575878.686746988], [695228.391566265, 2575883.686746988], [695238.391566265, 2575884.936746988], [695248.391566265, 2575884.936746988], [695258.391566265, 2575881.186746988], [695260.891566265, 2575878.686746988], [695268.391566265, 2575871.186746988], [695270.891566265, 2575868.686746988], [695275.391566265, 2575858.686746988], [695278.391566265, 2575853.686746988], [695283.391566265, 2575848.686746988], [695284.641566265, 2575838.686746988], [695288.391566265, 2575834.936746988], [695294.641566265, 2575828.686746988], [695298.391566265, 2575823.686746988], [695303.391566265, 2575818.686746988], [695308.391566265, 2575815.686746988], [695318.391566265, 2575815.686746988], [695328.391566265, 2575815.686746988], [695331.391566265, 2575818.686746988], [695338.391566265, 2575825.686746988], [695341.391566265, 2575828.686746988], [695348.391566265, 2575835.686746988], [695351.391566265, 2575838.686746988], [695358.391566265, 2575845.686746988], [695361.391566265, 2575848.686746988], [695368.391566265, 2575855.686746988], [695371.391566265, 2575858.686746988], [695378.391566265, 2575865.686746988], [695388.391566265, 2575865.686746988], [695391.391566265, 2575868.686746988], [695398.391566265, 2575875.686746988], [695408.391566265, 2575875.686746988], [695415.391566265, 2575868.686746988], [695418.391566265, 2575865.686746988], [695428.391566265, 2575864.936746988], [695438.391566265, 2575864.936746988], [695448.391566265, 2575864.936746988], [695458.391566265, 2575865.686746988], [695461.391566265, 2575868.686746988], [695468.391566265, 2575875.686746988], [695478.391566265, 2575875.686746988], [695488.391566265, 2575875.686746988], [695495.391566265, 2575868.686746988], [695498.391566265, 2575865.686746988], [695505.391566265, 2575858.686746988], [695508.391566265, 2575855.686746988], [695515.391566265, 2575848.686746988], [695518.391566265, 2575845.686746988], [695528.391566265, 2575845.686746988], [695535.391566265, 2575838.686746988], [695538.391566265, 2575835.686746988], [695548.391566265, 2575835.686746988], [695558.391566265, 2575835.686746988], [695568.391566265, 2575835.686746988], [695578.391566265, 2575835.686746988], [695588.391566265, 2575835.686746988], [695595.391566265, 2575828.686746988], [695598.391566265, 2575825.686746988], [695605.391566265, 2575818.686746988], [695605.391566265, 2575808.686746988], [695608.391566265, 2575805.686746988], [695615.391566265, 2575798.686746988], [695618.391566265, 2575795.686746988], [695625.391566265, 2575788.686746988], [695628.391566265, 2575785.686746988], [695638.391566265, 2575785.686746988], [695645.391566265, 2575778.686746988], [695648.391566265, 2575775.686746988], [695655.391566265, 2575768.686746988], [695658.391566265, 2575764.936746988], [695664.641566265, 2575758.686746988], [695665.391566265, 2575748.686746988], [695665.391566265, 2575738.686746988], [695665.391566265, 2575728.686746988], [695665.391566265, 2575718.686746988], [695665.391566265, 2575708.686746988], [695665.391566265, 2575698.686746988], [695665.391566265, 2575688.686746988], [695665.891566265, 2575678.686746988], [695665.891566265, 2575668.686746988], [695668.391566265, 2575666.186746988], [695675.891566265, 2575658.686746988], [695675.891566265, 2575648.686746988], [695678.391566265, 2575646.186746988], [695685.891566265, 2575638.686746988], [695685.891566265, 2575628.686746988], [695688.391566265, 2575626.186746988], [695695.891566265, 2575618.686746988], [695698.391566265, 2575616.186746988], [695705.891566265, 2575608.686746988], [695708.391566265, 2575606.186746988], [695715.891566265, 2575598.686746988], [695718.391566265, 2575596.186746988], [695725.891566265, 2575588.686746988], [695728.391566265, 2575586.186746988], [695735.891566265, 2575578.686746988], [695738.391566265, 2575576.186746988], [695748.391566265, 2575576.186746988], [695758.391566265, 2575575.686746988], [695765.391566265, 2575568.686746988], [695768.391566265, 2575566.186746988], [695778.391566265, 2575565.686746988], [695788.391566265, 2575565.686746988], [695795.391566265, 2575558.686746988], [695798.391566265, 2575555.686746988], [695805.391566265, 2575548.686746988], [695808.391566265, 2575545.686746988], [695815.391566265, 2575538.686746988], [695815.891566265, 2575528.686746988], [695818.391566265, 2575526.186746988], [695825.891566265, 2575518.686746988], [695828.391566265, 2575516.186746988], [695835.891566265, 2575508.686746988], [695838.391566265, 2575506.186746988], [695845.891566265, 2575498.686746988], [695848.391566265, 2575496.186746988], [695855.891566265, 2575488.686746988], [695858.391566265, 2575486.186746988], [695868.391566265, 2575486.186746988], [695878.391566265, 2575486.186746988], [695880.891566265, 2575488.686746988], [695888.391566265, 2575496.186746988], [695891.391566265, 2575498.686746988], [695898.391566265, 2575505.686746988], [695901.391566265, 2575508.686746988], [695908.391566265, 2575515.686746988], [695918.391566265, 2575516.186746988], [695921.391566265, 2575518.686746988], [695928.391566265, 2575525.686746988], [695938.391566265, 2575526.186746988], [695941.391566265, 2575528.686746988], [695948.391566265, 2575535.686746988], [695958.391566265, 2575536.186746988], [695961.391566265, 2575538.686746988], [695968.391566265, 2575545.686746988], [695978.391566265, 2575546.186746988], [695981.391566265, 2575548.686746988], [695988.391566265, 2575555.686746988], [695998.391566265, 2575556.186746988], [696001.391566265, 2575558.686746988], [696008.391566265, 2575565.686746988], [696011.391566265, 2575568.686746988], [696018.391566265, 2575575.686746988], [696028.391566265, 2575576.186746988], [696031.391566265, 2575578.686746988], [696038.391566265, 2575585.686746988], [696048.391566265, 2575585.686746988], [696058.391566265, 2575585.686746988], [696068.391566265, 2575586.186746988], [696071.391566265, 2575588.686746988], [696078.391566265, 2575595.686746988], [696081.391566265, 2575598.686746988], [696088.391566265, 2575605.686746988], [696091.391566265, 2575608.686746988], [696098.391566265, 2575615.686746988], [696101.391566265, 2575618.686746988], [696108.391566265, 2575625.686746988], [696118.391566265, 2575625.686746988], [696128.391566265, 2575625.686746988], [696138.391566265, 2575625.686746988], [696145.391566265, 2575618.686746988], [696148.391566265, 2575616.186746988], [696158.391566265, 2575616.186746988], [696168.391566265, 2575616.186746988], [696178.391566265, 2575616.186746988], [696188.391566265, 2575616.186746988], [696198.391566265, 2575616.186746988], [696208.391566265, 2575616.186746988], [696210.891566265, 2575618.686746988], [696210.891566265, 2575628.686746988], [696210.891566265, 2575638.686746988], [696210.891566265, 2575648.686746988], [696208.391566265, 2575651.686746988], [696201.391566265, 2575658.686746988], [696198.391566265, 2575661.686746988], [696191.391566265, 2575668.686746988], [696188.391566265, 2575671.686746988], [696181.391566265, 2575678.686746988], [696178.391566265, 2575681.686746988], [696171.391566265, 2575688.686746988], [696168.391566265, 2575691.686746988], [696161.391566265, 2575698.686746988], [696158.391566265, 2575702.436746988], [696152.141566265, 2575708.686746988], [696152.141566265, 2575718.686746988], [696158.391566265, 2575724.936746988], [696161.391566265, 2575728.686746988], [696168.391566265, 2575735.686746988], [696171.391566265, 2575738.686746988], [696178.391566265, 2575745.686746988], [696181.391566265, 2575748.686746988], [696188.391566265, 2575755.686746988], [696191.391566265, 2575758.686746988], [696198.391566265, 2575765.686746988], [696201.391566265, 2575768.686746988], [696201.391566265, 2575778.686746988], [696201.391566265, 2575788.686746988], [696201.391566265, 2575798.686746988], [696208.391566265, 2575805.686746988], [696211.391566265, 2575808.686746988], [696211.391566265, 2575818.686746988], [696211.391566265, 2575828.686746988], [696211.391566265, 2575838.686746988], [696211.391566265, 2575848.686746988], [696208.391566265, 2575851.686746988], [696201.391566265, 2575858.686746988], [696198.391566265, 2575861.686746988], [696191.391566265, 2575868.686746988], [696191.391566265, 2575878.686746988], [696188.391566265, 2575881.686746988], [696181.391566265, 2575888.686746988], [696180.891566265, 2575898.686746988], [696178.391566265, 2575901.186746988], [696170.891566265, 2575908.686746988], [696170.891566265, 2575918.686746988], [696168.391566265, 2575921.186746988], [696160.891566265, 2575928.686746988], [696160.891566265, 2575938.686746988], [696158.391566265, 2575941.186746988], [696150.891566265, 2575948.686746988], [696148.391566265, 2575951.186746988], [696140.891566265, 2575958.686746988], [696138.391566265, 2575961.186746988], [696130.891566265, 2575968.686746988], [696128.391566265, 2575971.186746988], [696118.391566265, 2575971.186746988], [696108.391566265, 2575971.686746988], [696098.391566265, 2575971.686746988], [696088.391566265, 2575971.686746988], [696078.391566265, 2575971.686746988], [696074.641566265, 2575968.686746988], [696068.391566265, 2575962.436746988], [696058.391566265, 2575962.436746988], [696048.391566265, 2575962.436746988], [696038.391566265, 2575962.436746988], [696033.391566265, 2575958.686746988], [696028.391566265, 2575953.686746988], [696018.391566265, 2575952.436746988], [696008.391566265, 2575952.436746988], [695998.391566265, 2575952.436746988], [695988.391566265, 2575952.436746988], [695978.391566265, 2575952.436746988], [695968.391566265, 2575952.436746988], [695958.391566265, 2575952.436746988], [695948.391566265, 2575952.436746988], [695938.391566265, 2575953.686746988], [695928.391566265, 2575953.686746988], [695918.391566265, 2575956.186746988], [695908.391566265, 2575956.186746988], [695905.891566265, 2575958.686746988], [695898.391566265, 2575961.686746988], [695888.391566265, 2575961.686746988], [695878.391566265, 2575962.436746988], [695868.391566265, 2575962.436746988], [695858.391566265, 2575962.436746988], [695850.891566265, 2575958.686746988], [695848.391566265, 2575956.186746988], [695838.391566265, 2575956.186746988], [695835.891566265, 2575958.686746988], [695828.391566265, 2575962.436746988], [695818.391566265, 2575962.436746988], [695808.391566265, 2575962.436746988], [695798.391566265, 2575963.686746988], [695788.391566265, 2575963.686746988], [695778.391566265, 2575963.686746988], [695768.391566265, 2575966.186746988], [695758.391566265, 2575966.186746988], [695748.391566265, 2575966.186746988], [695738.391566265, 2575963.686746988], [695728.391566265, 2575962.436746988], [695718.391566265, 2575962.436746988], [695708.391566265, 2575962.436746988], [695698.391566265, 2575962.436746988], [695688.391566265, 2575959.936746988], [695683.391566265, 2575958.686746988], [695678.391566265, 2575956.186746988], [695668.391566265, 2575953.686746988], [695658.391566265, 2575953.686746988], [695650.891566265, 2575958.686746988], [695648.391566265, 2575959.936746988], [695638.391566265, 2575962.436746988], [695628.391566265, 2575962.436746988], [695618.391566265, 2575963.686746988], [695608.391566265, 2575963.686746988], [695603.391566265, 2575968.686746988], [695598.391566265, 2575972.436746988], [695588.391566265, 2575973.686746988], [695583.391566265, 2575978.686746988], [695578.391566265, 2575983.686746988], [695573.391566265, 2575988.686746988], [695568.391566265, 2575993.686746988], [695563.391566265, 2575998.686746988], [695558.391566265, 2576002.436746988], [695550.0582329317, 2576008.686746988], [695548.391566265, 2576010.353413655], [695540.0582329317, 2576018.686746988], [695538.391566265, 2576020.3534136545], [695528.391566265, 2576026.186746988], [695525.891566265, 2576028.686746988], [695518.391566265, 2576036.186746988], [695515.891566265, 2576038.686746988], [695508.391566265, 2576046.186746988], [695505.891566265, 2576048.686746988], [695498.391566265, 2576053.686746988], [695493.391566265, 2576058.686746988], [695488.391566265, 2576062.436746988], [695478.391566265, 2576063.686746988], [695473.391566265, 2576068.686746988], [695468.391566265, 2576072.436746988], [695458.391566265, 2576076.186746988], [695455.891566265, 2576078.686746988], [695448.391566265, 2576083.686746988], [695440.891566265, 2576088.686746988], [695438.391566265, 2576091.186746988], [695428.391566265, 2576096.186746988], [695425.891566265, 2576098.686746988], [695418.391566265, 2576103.686746988], [695408.391566265, 2576106.186746988], [695403.391566265, 2576108.686746988], [695398.391566265, 2576113.686746988], [695393.391566265, 2576118.686746988], [695390.891566265, 2576128.686746988], [695390.891566265, 2576138.686746988], [695388.391566265, 2576143.686746988], [695383.391566265, 2576148.686746988], [695383.391566265, 2576158.686746988], [695378.391566265, 2576163.686746988], [695373.391566265, 2576168.686746988], [695370.891566265, 2576178.686746988], [695370.891566265, 2576188.686746988], [695373.391566265, 2576198.686746988], [695375.891566265, 2576208.686746988], [695375.891566265, 2576218.686746988], [695378.391566265, 2576223.686746988], [695383.391566265, 2576228.686746988], [695388.391566265, 2576233.686746988], [695393.391566265, 2576238.686746988], [695393.391566265, 2576248.686746988], [695398.391566265, 2576253.686746988], [695403.391566265, 2576258.686746988], [695408.391566265, 2576263.686746988], [695413.391566265, 2576268.686746988], [695418.391566265, 2576273.686746988], [695423.391566265, 2576278.686746988], [695428.391566265, 2576283.686746988], [695433.391566265, 2576288.686746988], [695433.391566265, 2576298.686746988], [695433.391566265, 2576308.686746988], [695433.391566265, 2576318.686746988], [695428.391566265, 2576323.686746988], [695423.391566265, 2576328.686746988], [695428.391566265, 2576333.686746988], [695433.391566265, 2576338.686746988], [695438.391566265, 2576341.186746988]]}}, {"type": "Feature", "properties": {"level": 1.5, "label": "H2"}, "geometry": {"type": "LineString", "coordinates": [[692518.391566265, 2573971.186746988], [692515.891566265, 2573968.686746988], [692508.391566265, 2573961.186746988], [692498.391566265, 2573961.186746988], [692495.891566265, 2573958.686746988], [692488.391566265, 2573951.186746988], [692478.391566265, 2573951.186746988], [692475.891566265, 2573948.686746988], [692468.391566265, 2573941.186746988], [692465.891566265, 2573938.686746988], [692465.891566265, 2573928.686746988], [692458.391566265, 2573921.186746988], [692455.891566265, 2573918.686746988], [692455.891566265, 2573908.686746988], [692448.391566265, 2573901.186746988], [692445.891566265, 2573898.686746988], [692445.891566265, 2573888.686746988], [692448.391566265, 2573885.686746988], [692455.391566265, 2573878.686746988], [692455.391566265, 2573868.686746988], [692448.391566265, 2573861.686746988], [692445.891566265, 2573858.686746988], [692445.891566265, 2573848.686746988], [692445.391566265, 2573838.686746988], [692444.641566265, 2573828.686746988], [692438.391566265, 2573822.436746988], [692435.391566265, 2573818.686746988], [692428.391566265, 2573811.686746988], [692425.391566265, 2573808.686746988], [692425.391566265, 2573798.686746988], [692418.391566265, 2573791.686746988], [692415.891566265, 2573788.686746988], [692415.891566265, 2573778.686746988], [692408.391566265, 2573771.186746988], [692405.891566265, 2573768.686746988], [692405.891566265, 2573758.686746988], [692405.891566265, 2573748.686746988], [692408.391566265, 2573746.186746988], [692415.891566265, 2573738.686746988], [692415.891566265, 2573728.686746988], [692415.891566265, 2573718.686746988], [692418.391566265, 2573716.186746988], [692425.891566265, 2573708.686746988], [692428.391566265, 2573706.186746988], [692430.891566265, 2573708.686746988], [692438.391566265, 2573716.186746988], [692440.891566265, 2573718.686746988], [692448.391566265, 2573726.186746988], [692458.391566265, 2573726.186746988], [692468.391566265, 2573726.186746988], [692478.391566265, 2573726.186746988], [692480.891566265, 2573728.686746988], [692488.391566265, 2573736.186746988], [692498.391566265, 2573736.186746988], [692508.391566265, 2573736.186746988], [692518.391566265, 2573736.186746988], [692520.891566265, 2573738.686746988], [692528.391566265, 2573746.186746988], [692530.891566265, 2573748.686746988], [692538.391566265, 2573756.186746988], [692540.891566265, 2573758.686746988], [692548.391566265, 2573766.186746988], [692550.891566265, 2573768.686746988], [692550.891566265, 2573778.686746988], [692558.391566265, 2573786.186746988], [692560.891566265, 2573788.686746988], [692568.391566265, 2573796.186746988], [692570.891566265, 2573798.686746988], [692570.891566265, 2573808.686746988], [692578.391566265, 2573816.186746988], [692580.891566265, 2573818.686746988], [692588.391566265, 2573826.186746988], [692590.891566265, 2573828.686746988], [692590.891566265, 2573838.686746988], [692590.891566265, 2573848.686746988], [692598.391566265, 2573856.186746988], [692600.891566265, 2573858.686746988], [692608.391566265, 2573866.186746988], [692610.891566265, 2573868.686746988], [692618.391566265, 2573876.186746988], [692628.391566265, 2573876.186746988], [692630.891566265, 2573878.686746988], [692638.391566265, 2573886.186746988], [692640.891566265, 2573888.686746988], [692648.391566265, 2573896.186746988], [692650.891566265, 2573898.686746988], [692650.891566265, 2573908.686746988], [692648.391566265, 2573911.186746988], [692640.891566265, 2573918.686746988], [692638.391566265, 2573921.686746988], [692628.391566265, 2573921.686746988], [692621.391566265, 2573928.686746988], [692618.391566265, 2573931.686746988], [692611.391566265, 2573938.686746988], [692608.391566265, 2573941.686746988], [692598.391566265, 2573941.686746988], [692588.391566265, 2573941.686746988], [692581.391566265, 2573948.686746988], [692578.391566265, 2573951.686746988], [692568.391566265, 2573952.436746988], [692562.141566265, 2573958.686746988], [692558.391566265, 2573961.686746988], [692548.391566265, 2573961.686746988], [692538.391566265, 2573961.686746988], [692531.391566265, 2573968.686746988], [692528.391566265, 2573971.686746988], [692518.391566265, 2573971.186746988]]}}, {"type": "Feature", "properties": {"level": 2.5, "label": "H3"}, "geometry": {"type": "LineString", "coordinates": [[695458.391566265, 2576323.686746988], [695468.391566265, 2576323.686746988], [695478.391566265, 2576321.186746988], [695488.391566265, 2576320.3534136545], [695493.391566265, 2576318.686746988], [695498.391566265, 2576313.686746988], [695508.391566265, 2576310.353413655], [695513.391566265, 2576308.686746988], [695518.391566265, 2576303.686746988], [695528.3915662651, 2576300.3534136545], [695530.0582329318, 2576298.686746988], [695538.391566265, 2576290.3534136545], [695548.391566265, 2576290.3534136545], [695553.391566265, 2576288.686746988], [695558.391566265, 2576283.686746988], [695568.391566265, 2576280.353413655], [695570.891566265, 2576278.686746988], [695578.391566265, 2576271.186746988], [695580.891566265, 2576268.686746988], [695588.391566265, 2576263.686746988], [695598.391566265, 2576260.3534136545], [695600.891566265, 2576258.686746988], [695608.391566265, 2576251.186746988], [695610.891566265, 2576248.686746988], [695618.391566265, 2576241.186746988], [695620.0582329318, 2576238.686746988], [695620.0582329318, 2576228.686746988], [695623.391566265, 2576218.686746988], [695628.391566265, 2576213.686746988], [695633.391566265, 2576208.686746988], [695638.391566265, 2576206.186746988], [695648.391566265, 2576202.436746988], [695658.391566265, 2576200.3534136545], [695660.0582329317, 2576198.686746988], [695668.391566265, 2576192.436746988], [695678.391566265, 2576192.436746988], [695685.891566265, 2576188.686746988], [695688.391566265, 2576187.0200803215], [695698.391566265, 2576183.686746988], [695708.391566265, 2576182.436746988], [695718.391566265, 2576182.436746988], [695728.391566265, 2576180.3534136545], [695730.0582329317, 2576178.686746988], [695738.391566265, 2576172.436746988], [695748.391566265, 2576172.436746988], [695758.391566265, 2576172.436746988], [695768.391566265, 2576172.436746988], [695778.391566265, 2576172.436746988], [695788.391566265, 2576173.686746988], [695798.391566265, 2576173.686746988], [695808.391566265, 2576173.686746988], [695818.391566265, 2576173.686746988], [695828.391566265, 2576173.686746988], [695838.391566265, 2576177.0200803215], [695840.891566265, 2576178.686746988], [695848.391566265, 2576182.436746988], [695856.7248995984, 2576188.6867469884], [695858.3915662651, 2576190.353413655], [695868.391566265, 2576190.353413655], [695870.891566265, 2576188.686746988], [695878.391566265, 2576181.186746988], [695880.0582329317, 2576178.686746988], [695888.391566265, 2576172.436746988], [695892.141566265, 2576168.686746988], [695898.391566265, 2576162.436746988], [695902.141566265, 2576158.686746988], [695908.391566265, 2576152.436746988], [695912.141566265, 2576148.686746988], [695918.391566265, 2576143.686746988], [695928.391566265, 2576143.686746988], [695934.641566265, 2576148.686746988], [695938.391566265, 2576152.436746988], [695948.391566265, 2576152.436746988], [695958.391566265, 2576152.436746988], [695962.141566265, 2576148.686746988], [695968.391566265, 2576143.686746988], [695978.391566265, 2576143.686746988], [695983.391566265, 2576138.686746988], [695988.391566265, 2576133.686746988], [695998.391566265, 2576133.686746988], [696003.391566265, 2576128.686746988], [696008.391566265, 2576123.686746988], [696018.391566265, 2576123.686746988], [696023.391566265, 2576118.686746988], [696028.391566265, 2576113.686746988], [696033.391566265, 2576118.686746988], [696038.391566265, 2576123.686746988], [696043.391566265, 2576128.686746988], [696048.391566265, 2576133.686746988], [696053.391566265, 2576138.686746988], [696058.391566265, 2576143.686746988], [696068.391566265, 2576143.686746988], [696078.391566265, 2576143.686746988], [696083.391566265, 2576148.686746988], [696088.391566265, 2576153.686746988], [696093.391566265, 2576158.686746988], [696098.391566265, 2576163.686746988], [696103.391566265, 2576168.686746988], [696108.391566265, 2576173.686746988], [696113.391566265, 2576178.686746988], [696118.391566265, 2576183.686746988], [696123.391566265, 2576188.686746988], [696128.391566265, 2576193.686746988], [696138.391566265, 2576193.686746988], [696143.391566265, 2576198.686746988], [696148.391566265, 2576203.686746988], [696158.391566265, 2576203.686746988], [696163.391566265, 2576208.686746988], [696168.391566265, 2576213.686746988], [696178.391566265, 2576213.686746988], [696188.391566265, 2576213.686746988], [696198.391566265, 2576213.686746988], [696208.391566265, 2576213.686746988], [696218.391566265, 2576213.686746988], [696228.391566265, 2576213.686746988], [696233.391566265, 2576208.686746988], [696238.391566265, 2576203.686746988], [696248.391566265, 2576203.686746988], [696253.391566265, 2576198.686746988], [696258.391566265, 2576193.686746988], [696268.391566265, 2576193.686746988], [696273.391566265, 2576188.686746988], [696278.391566265, 2576183.686746988], [696288.391566265, 2576183.686746988], [696293.391566265, 2576178.686746988], [696298.391566265, 2576173.686746988], [696303.391566265, 2576168.686746988], [696303.391566265, 2576158.686746988], [696308.391566265, 2576153.686746988], [696313.391566265, 2576148.686746988], [696313.391566265, 2576138.686746988], [696318.391566265, 2576133.686746988], [696323.391566265, 2576128.686746988], [696328.391566265, 2576123.686746988], [696333.391566265, 2576118.686746988], [696338.391566265, 2576113.686746988], [696343.391566265, 2576108.686746988], [696348.391566265, 2576103.686746988], [696353.391566265, 2576098.686746988], [696353.391566265, 2576088.686746988], [696353.391566265, 2576078.686746988], [696353.391566265, 2576068.686746988], [696348.391566265, 2576063.686746988], [696338.391566265, 2576063.686746988], [696333.391566265, 2576068.686746988], [696328.391566265, 2576073.686746988], [696323.391566265, 2576078.686746988], [696318.391566265, 2576083.686746988], [696313.391566265, 2576088.686746988], [696308.391566265, 2576093.686746988], [696298.391566265, 2576093.686746988], [696288.391566265, 2576093.686746988], [696278.391566265, 2576093.686746988], [696273.391566265, 2576098.686746988], [696268.391566265, 2576103.686746988], [696258.391566265, 2576103.686746988], [696248.391566265, 2576103.686746988], [696243.391566265, 2576108.686746988], [696238.391566265, 2576113.686746988], [696228.391566265, 2576113.686746988], [696223.391566265, 2576118.686746988], [696218.391566265, 2576123.686746988], [696208.391566265, 2576123.686746988], [696203.391566265, 2576128.686746988], [696198.391566265, 2576133.686746988], [696188.391566265, 2576133.686746988], [696183.391566265, 2576128.686746988], [696178.391566265, 2576123.686746988], [696173.391566265, 2576118.686746988], [696168.391566265, 2576113.686746988], [696158.391566265, 2576113.686746988], [696153.391566265, 2576108.686746988], [696148.391566265, 2576103.686746988], [696144.2248995984, 2576098.686746988], [696144.2248995984, 2576088.686746988], [696144.2248995984, 2576078.686746988], [696144.2248995984, 2576068.686746988], [696148.391566265, 2576064.5200803215], [696154.2248995984, 2576058.686746988], [696158.391566265, 2576054.5200803215], [696164.2248995984, 2576048.686746988], [696168.391566265, 2576044.5200803215], [696174.2248995984, 2576038.686746988], [696178.391566265, 2576034.5200803215], [696184.2248995984, 2576028.686746988], [696188.391566265, 2576024.5200803215], [696194.2248995984, 2576018.686746988], [696198.391566265, 2576014.5200803215], [696208.391566265, 2576014.5200803215], [696214.2248995984, 2576008.686746988], [696218.391566265, 2576004.5200803215], [696228.391566265, 2576004.5200803215], [696234.2248995984, 2575998.686746988], [696238.391566265, 2575994.5200803215], [696244.2248995984, 2575988.686746988], [696248.391566265, 2575984.5200803215], [696254.2248995984, 2575978.686746988], [696254.2248995984, 2575968.686746988], [696258.391566265, 2575964.5200803215], [696264.2248995984, 2575958.686746988], [696268.391566265, 2575954.5200803215], [696274.2248995984, 2575948.686746988], [696278.391566265, 2575944.5200803215], [696284.2248995984, 2575938.686746988], [696288.391566265, 2575934.5200803215], [696298.391566265, 2575933.686746988], [696303.391566265, 2575938.686746988], [696308.391566265, 2575943.686746988], [696313.391566265, 2575948.686746988], [696313.391566265, 2575958.686746988], [696318.391566265, 2575963.686746988], [696323.391566265, 2575968.686746988], [696328.391566265, 2575973.686746988], [696338.391566265, 2575973.686746988], [696348.391566265, 2575973.686746988], [696358.391566265, 2575973.686746988], [696362.5582329317, 2575978.686746988], [696368.391566265, 2575984.5200803215], [696378.391566265, 2575984.5200803215], [696384.2248995984, 2575978.686746988], [696388.391566265, 2575974.5200803215], [696394.2248995984, 2575968.686746988], [696398.391566265, 2575964.5200803215], [696404.2248995984, 2575958.686746988], [696404.2248995984, 2575948.686746988], [696404.2248995984, 2575938.686746988], [696404.2248995984, 2575928.686746988], [696404.2248995984, 2575918.686746988], [696404.2248995984, 2575908.686746988], [696404.2248995984, 2575898.686746988], [696404.2248995984, 2575888.686746988], [696408.391566265, 2575884.5200803215], [696414.2248995984, 2575878.686746988], [696414.2248995984, 2575868.686746988], [696414.2248995984, 2575858.686746988], [696418.391566265, 2575854.5200803215], [696424.2248995984, 2575848.686746988], [696428.391566265, 2575844.5200803215], [696434.2248995984, 2575838.686746988], [696438.391566265, 2575834.5200803215], [696444.2248995984, 2575828.686746988], [696444.2248995984, 2575818.686746988], [696448.391566265, 2575814.5200803215], [696454.2248995984, 2575808.686746988], [696458.391566265, 2575804.5200803215], [696464.2248995984, 2575798.686746988], [696464.2248995984, 2575788.686746988], [696458.391566265, 2575782.8534136545], [696454.2248995984, 2575778.686746988], [696454.2248995984, 2575768.686746988], [696458.391566265, 2575764.5200803215], [696464.2248995984, 2575758.686746988], [696464.2248995984, 2575748.686746988], [696468.391566265, 2575744.5200803215], [696474.2248995984, 2575738.686746988], [696478.391566265, 2575734.5200803215], [696484.2248995984, 2575728.686746988], [696488.391566265, 2575724.5200803215], [696494.2248995984, 2575718.686746988], [696494.2248995984, 2575708.686746988], [696498.391566265, 2575704.5200803215], [696504.2248995984, 2575698.686746988], [696504.2248995984, 2575688.686746988], [696504.2248995984, 2575678.686746988], [696504.2248995984, 2575668.686746988], [696504.2248995984, 2575658.686746988], [696504.2248995984, 2575648.686746988], [696504.2248995984, 2575638.686746988], [696504.2248995984, 2575628.686746988], [696508.391566265, 2575624.5200803215], [696514.2248995984, 2575618.686746988], [696514.2248995984, 2575608.686746988], [696518.391566265, 2575604.5200803215], [696524.2248995984, 2575598.686746988], [696524.2248995984, 2575588.686746988], [696528.391566265, 2575584.5200803215], [696534.2248995984, 2575578.686746988], [696538.391566265, 2575574.5200803215], [696544.2248995984, 2575568.686746988], [696548.391566265, 2575564.5200803215], [696554.2248995984, 2575558.686746988], [696558.391566265, 2575553.686746988], [696563.391566265, 2575548.686746988], [696563.391566265, 2575538.686746988], [696558.391566265, 2575533.686746988], [696554.2248995984, 2575528.686746988], [696554.2248995984, 2575518.686746988], [696554.2248995984, 2575508.686746988], [696558.391566265, 2575504.5200803215], [696564.2248995984, 2575498.686746988], [696564.2248995984, 2575488.686746988], [696568.391566265, 2575484.5200803215], [696574.2248995984, 2575478.686746988], [696578.391566265, 2575474.5200803215], [696584.2248995984, 2575468.686746988], [696588.391566265, 2575464.5200803215], [696594.2248995984, 2575458.686746988], [696598.391566265, 2575454.5200803215], [696604.2248995984, 2575448.686746988], [696604.2248995984, 2575438.686746988], [696604.2248995984, 2575428.686746988], [696604.2248995984, 2575418.686746988], [696604.2248995984, 2575408.686746988], [696604.2248995984, 2575398.686746988], [696604.2248995984, 2575388.686746988], [696604.2248995984, 2575378.686746988], [696604.2248995984, 2575368.686746988], [696608.391566265, 2575364.5200803215], [696614.2248995984, 2575358.686746988], [696614.2248995984, 2575348.686746988], [696618.391566265, 2575344.5200803215], [696624.2248995984, 2575338.686746988], [696628.391566265, 2575334.5200803215], [696634.2248995984, 2575328.686746988], [696638.391566265, 2575324.5200803215], [696644.2248995984, 2575318.686746988], [696648.391566265, 2575314.5200803215], [696654.2248995984, 2575308.686746988], [696654.2248995984, 2575298.686746988], [696654.2248995984, 2575288.686746988], [696654.2248995984, 2575278.686746988], [696654.2248995984, 2575268.686746988], [696654.2248995984, 2575258.686746988], [696654.2248995984, 2575248.686746988], [696654.2248995984, 2575238.686746988], [696658.391566265, 2575234.5200803215], [696664.2248995984, 2575228.686746988], [696664.2248995984, 2575218.686746988], [696664.2248995984, 2575208.686746988], [696668.391566265, 2575204.5200803215], [696674.2248995984, 2575198.686746988], [696678.391566265, 2575194.5200803215], [696684.2248995984, 2575188.686746988], [696688.391566265, 2575184.5200803215], [696694.2248995984, 2575178.686746988], [696694.2248995984, 2575168.686746988], [696698.391566265, 2575164.5200803215], [696704.2248995984, 2575158.686746988], [696708.391566265, 2575154.5200803215], [696714.2248995984, 2575148.686746988], [696714.2248995984, 2575138.686746988], [696708.391566265, 2575132.8534136545], [696704.2248995984, 2575128.686746988], [696704.2248995984, 2575118.686746988], [696708.391566265, 2575114.5200803215], [696714.2248995984, 2575108.686746988], [696714.2248995984, 2575098.686746988], [696718.391566265, 2575094.5200803215], [696724.2248995984, 2575088.686746988], [696728.391566265, 2575084.5200803215], [696734.2248995984, 2575078.686746988], [696738.391566265, 2575074.5200803215], [696744.2248995984, 2575068.686746988], [696744.2248995984, 2575058.686746988], [696748.391566265, 2575054.5200803215], [696754.2248995984, 2575048.686746988], [696754.2248995984, 2575038.686746988], [696754.2248995984, 2575028.686746988], [696754.2248995984, 2575018.686746988], [696754.2248995984, 2575008.686746988], [696754.2248995984, 2574998.686746988], [696754.2248995984, 2574988.686746988], [696754.2248995984, 2574978.686746988], [696758.391566265, 2574974.5200803215], [696764.2248995984, 2574968.686746988], [696764.2248995984, 2574958.686746988], [696768.391566265, 2574954.5200803215], [696774.2248995984, 2574948.686746988], [696774.2248995984, 2574938.686746988], [696778.391566265, 2574934.5200803215], [696784.2248995984, 2574928.686746988], [696788.391566265, 2574924.5200803215], [696794.2248995984, 2574918.686746988], [696798.391566265, 2574914.5200803215], [696804.2248995984, 2574908.686746988], [696808.391566265, 2574904.5200803215], [696814.2248995984, 2574898.686746988], [696814.2248995984, 2574888.686746988], [696808.391566265, 2574882.8534136545], [696804.2248995984, 2574878.686746988], [696804.2248995984, 2574868.686746988], [696804.2248995984, 2574858.686746988], [696808.391566265, 2574854.5200803215], [696814.2248995984, 2574848.686746988], [696814.2248995984, 2574838.686746988], [696818.391566265, 2574834.5200803215], [696824.2248995984, 2574828.686746988], [696828.391566265, 2574824.5200803215], [696834.2248995984, 2574818.686746988], [696838.391566265, 2574814.5200803215], [696844.2248995984, 2574808.686746988], [696848.391566265, 2574804.5200803215], [696854.2248995984, 2574798.686746988], [696854.2248995984, 2574788.686746988], [696854.2248995984, 2574778.686746988], [696854.2248995984, 2574768.686746988], [696854.2248995984, 2574758.686746988], [696854.2248995984, 2574748.686746988], [696854.2248995984, 2574738.686746988], [696854.2248995984, 2574728.686746988], [696854.2248995984, 2574718.686746988], [696858.391566265, 2574714.5200803215], [696864.2248995984, 2574708.686746988], [696864.2248995984, 2574698.686746988], [696868.391566265, 2574694.5200803215], [696874.2248995984, 2574688.686746988], [696878.391566265, 2574684.5200803215], [696884.2248995984, 2574678.686746988], [696888.391566265, 2574674.5200803215], [696894.2248995984, 2574668.686746988], [696898.391566265, 2574664.5200803215], [696904.2248995984, 2574658.686746988], [696904.2248995984, 2574648.686746988], [696904.2248995984, 2574638.686746988], [696904.2248995984, 2574628.686746988], [696904.2248995984, 2574618.686746988], [696904.2248995984, 2574608.686746988], [696904.2248995984, 2574598.686746988], [696904.2248995984, 2574588.686746988], [696904.2248995984, 2574578.686746988], [696904.2248995984, 2574568.686746988], [696908.391566265, 2574564.5200803215], [696914.2248995984, 2574558.686746988], [696914.2248995984, 2574548.686746988], [696918.391566265, 2574544.5200803215], [696924.2248995984, 2574538.686746988], [696928.391566265, 2574534.5200803215], [696934.2248995984, 2574528.686746988], [696938.391566265, 2574524.5200803215], [696944.2248995984, 2574518.686746988], [696948.391566265, 2574514.5200803215], [696954.2248995984, 2574508.686746988], [696958.391566265, 2574504.5200803215], [696964.2248995984, 2574498.686746988], [696964.2248995984, 2574488.686746988], [696958.391566265, 2574482.8534136545], [696954.2248995984, 2574478.686746988], [696954.2248995984, 2574468.686746988], [696954.2248995984, 2574458.686746988], [696954.2248995984, 2574448.686746988], [696954.2248995984, 2574438.686746988], [696954.2248995984, 2574428.686746988], [696954.2248995984, 2574418.686746988], [696958.391566265, 2574414.5200803215], [696964.2248995984, 2574408.686746988], [696964.2248995984, 2574398.686746988], [696968.391566265, 2574393.686746988], [696973.391566265, 2574388.686746988], [696978.391566265, 2574383.686746988], [696983.391566265, 2574378.686746988], [696988.391566265, 2574374.5200803215], [696994.2248995984, 2574368.686746988], [696998.391566265, 2574364.5200803215], [697004.2248995984, 2574358.686746988], [697008.391566265, 2574354.5200803215], [697014.2248995984, 2574348.686746988], [697014.2248995984, 2574338.686746988], [697008.391566265, 2574332.8534136545], [697004.2248995984, 2574328.686746988], [697003.391566265, 2574318.686746988], [697003.391566265, 2574308.686746988], [697003.391566265, 2574298.686746988], [697003.391566265, 2574288.686746988], [697003.391566265, 2574278.686746988], [697003.391566265, 2574268.686746988], [697008.391566265, 2574263.686746988], [697013.391566265, 2574258.686746988], [697013.391566265, 2574248.686746988], [697018.391566265, 2574243.686746988], [697023.391566265, 2574238.686746988], [697028.391566265, 2574233.686746988], [697033.391566265, 2574228.686746988], [697038.391566265, 2574223.686746988], [697043.391566265, 2574218.686746988], [697048.391566265, 2574213.686746988], [697053.391566265, 2574208.686746988], [697058.391566265, 2574203.686746988], [697063.391566265, 2574198.686746988], [697063.391566265, 2574188.686746988], [697058.391566265, 2574183.686746988], [697053.391566265, 2574178.686746988], [697053.391566265, 2574168.686746988], [697053.391566265, 2574158.686746988], [697053.391566265, 2574148.686746988], [697053.391566265, 2574138.686746988], [697053.391566265, 2574128.686746988], [697053.391566265, 2574118.686746988], [697058.391566265, 2574113.686746988], [697063.391566265, 2574108.686746988], [697063.391566265, 2574098.686746988], [697068.391566265, 2574093.686746988], [697073.391566265, 2574088.686746988], [697078.391566265, 2574083.686746988], [697083.391566265, 2574078.686746988], [697088.391566265, 2574073.686746988], [697093.391566265, 2574068.686746988], [697098.391566265, 2574063.686746988], [697103.391566265, 2574058.686746988], [697108.391566265, 2574053.686746988], [697113.391566265, 2574048.686746988], [697113.391566265, 2574038.686746988], [697108.391566265, 2574033.686746988], [697103.391566265, 2574028.686746988], [697103.391566265, 2574018.686746988], [697103.391566265, 2574008.686746988], [697103.391566265, 2573998.686746988], [697103.391566265, 2573988.686746988], [697103.391566265, 2573978.686746988], [697103.391566265, 2573968.686746988], [697108.391566265, 2573963.686746988], [697113.391566265, 2573958.686746988], [697113.391566265, 2573948.686746988], [697118.391566265, 2573943.686746988], [697123.391566265, 2573938.686746988], [697128.391566265, 2573933.686746988], [697133.391566265, 2573928.686746988], [697138.391566265, 2573923.686746988], [697143.391566265, 2573918.686746988], [697148.391566265, 2573913.686746988], [697153.391566265, 2573908.686746988], [697158.391566265, 2573903.686746988], [697163.391566265, 2573898.686746988], [697163.391566265, 2573888.686746988], [697158.391566265, 2573883.686746988], [697153.391566265, 2573878.686746988], [697153.391566265, 2573868.686746988], [697153.391566265, 2573858.686746988], [697153.391566265, 2573848.686746988], [697153.391566265, 2573838.686746988], [697153.391566265, 2573828.686746988], [697158.391566265, 2573823.686746988], [697163.391566265, 2573818.686746988], [697168.391566265, 2573813.686746988], [697173.391566265, 2573808.686746988], [697173.391566265, 2573798.686746988], [697178.391566265, 2573793.686746988], [697183.391566265, 2573788.686746988], [697183.391566265, 2573778.686746988], [697183.391566265, 2573768.686746988], [697183.391566265, 2573758.686746988], [697183.391566265, 2573748.686746988], [697188.391566265, 2573743.686746988], [697193.391566265, 2573738.686746988], [697193.391566265, 2573728.686746988], [697198.391566265, 2573723.686746988], [697203.391566265, 2573718.686746988], [697208.391566265, 2573713.686746988], [697213.391566265, 2573708.686746988], [697213.391566265, 2573698.686746988], [697213.391566265, 2573688.686746988], [697218.391566265, 2573683.686746988], [697223.391566265, 2573678.686746988], [697223.391566265, 2573668.686746988], [697223.391566265, 2573658.686746988], [697223.391566265, 2573648.686746988], [697223.391566265, 2573638.686746988], [697223.391566265, 2573628.686746988], [697223.391566265, 2573618.686746988], [697223.391566265, 2573608.686746988], [697228.391566265, 2573603.686746988], [697233.391566265, 2573598.686746988], [697233.391566265, 2573588.686746988], [697233.391566265, 2573578.686746988], [697233.391566265, 2573568.686746988], [697238.391566265, 2573563.686746988], [697243.391566265, 2573558.686746988], [697243.391566265, 2573548.686746988], [697243.391566265, 2573538.686746988], [697243.391566265, 2573528.686746988], [697243.391566265, 2573518.686746988], [697248.391566265, 2573513.686746988], [697253.391566265, 2573508.686746988], [697253.391566265, 2573498.686746988], [697258.391566265, 2573493.686746988], [697263.391566265, 2573488.686746988], [697268.391566265, 2573483.686746988], [697273.391566265, 2573478.686746988], [697278.391566265, 2573473.686746988], [697288.391566265, 2573473.686746988], [697293.391566265, 2573468.686746988], [697298.391566265, 2573463.686746988], [697308.391566265, 2573463.686746988], [697313.391566265, 2573458.686746988], [697313.391566265, 2573448.686746988], [697313.391566265, 2573438.686746988], [697308.391566265, 2573433.686746988], [697303.391566265, 2573428.686746988], [697303.391566265, 2573418.686746988], [697303.391566265, 2573408.686746988], [697303.391566265, 2573398.686746988], [697303.391566265, 2573388.686746988], [697308.391566265, 2573383.686746988], [697313.391566265, 2573378.686746988], [697313.391566265, 2573368.686746988], [697318.391566265, 2573363.686746988], [697323.391566265, 2573358.686746988], [697328.391566265, 2573353.686746988], [697333.391566265, 2573348.686746988], [697333.391566265, 2573338.686746988], [697333.391566265, 2573328.686746988], [697338.391566265, 2573323.686746988], [697343.391566265, 2573318.686746988], [697343.391566265, 2573308.686746988], [697343.391566265, 2573298.686746988], [697343.391566265, 2573288.686746988], [697343.391566265, 2573278.686746988], [697348.391566265, 2573273.686746988], [697353.391566265, 2573268.686746988], [697353.391566265, 2573258.686746988], [697358.391566265, 2573253.686746988], [697363.391566265, 2573248.686746988], [697363.391566265, 2573238.686746988], [697368.391566265, 2573233.686746988], [697373.391566265, 2573228.686746988], [697373.391566265, 2573218.686746988], [697373.391566265, 2573208.686746988], [697373.391566265, 2573198.686746988], [697378.391566265, 2573193.686746988], [697383.391566265, 2573188.686746988], [697388.391566265, 2573183.686746988], [697393.391566265, 2573178.686746988], [697398.391566265, 2573173.686746988], [697403.391566265, 2573168.686746988], [697403.391566265, 2573158.686746988], [697408.391566265, 2573153.686746988], [697413.391566265, 2573148.686746988], [697418.391566265, 2573143.686746988], [697423.391566265, 2573138.686746988], [697428.391566265, 2573133.686746988], [697433.391566265, 2573128.686746988], [697433.391566265, 2573118.686746988], [697438.391566265, 2573113.686746988], [697443.391566265, 2573108.686746988], [697448.391566265, 2573103.686746988], [697453.391566265, 2573098.686746988], [697453.391566265, 2573088.686746988], [697453.391566265, 2573078.686746988], [697453.391566265, 2573068.686746988], [697453.391566265, 2573058.686746988], [697458.391566265, 2573053.686746988], [697463.391566265, 2573048.686746988], [697468.391566265, 2573043.686746988], [697473.391566265, 2573038.686746988], [697478.391566265, 2573033.686746988], [697483.391566265, 2573028.686746988], [697488.391566265, 2573023.686746988], [697493.391566265, 2573018.686746988], [697493.391566265, 2573008.686746988], [697498.391566265, 2573003.686746988], [697503.391566265, 2572998.686746988], [697503.391566265, 2572988.686746988], [697503.391566265, 2572978.686746988], [697503.391566265, 2572968.686746988], [697503.391566265, 2572958.686746988], [697508.391566265, 2572953.686746988], [697513.391566265, 2572948.686746988], [697518.391566265, 2572943.686746988], [697523.391566265, 2572938.686746988], [697528.391566265, 2572933.686746988], [697533.391566265, 2572928.686746988], [697538.391566265, 2572923.686746988], [697543.391566265, 2572918.686746988], [697548.391566265, 2572913.686746988], [697553.391566265, 2572908.686746988], [697553.391566265, 2572898.686746988], [697553.391566265, 2572888.686746988], [697552.141566265, 2572878.686746988], [697552.141566265, 2572868.686746988], [697558.391566265, 2572862.436746988], [697562.141566265, 2572858.686746988], [697568.391566265, 2572852.436746988], [697572.141566265, 2572848.686746988], [697578.391566265, 2572842.436746988], [697582.141566265, 2572838.686746988], [697588.391566265, 2572832.436746988], [697592.141566265, 2572828.686746988], [697592.141566265, 2572818.686746988], [697598.391566265, 2572812.436746988], [697602.141566265, 2572808.686746988], [697602.141566265, 2572798.686746988], [697602.141566265, 2572788.686746988], [697608.391566265, 2572780.3534136545], [697610.0582329317, 2572778.686746988], [697610.0582329317, 2572768.6867469884], [697610.0582329317, 2572758.686746988], [697618.391566265, 2572750.3534136545], [697620.0582329317, 2572748.686746988], [697628.3915662651, 2572740.353413655], [697630.0582329318, 2572738.6867469884], [697638.391566265, 2572730.3534136545], [697640.0582329317, 2572728.686746988], [697640.0582329317, 2572718.686746988], [697648.391566265, 2572710.353413655], [697650.0582329317, 2572708.6867469884], [697658.3915662651, 2572700.3534136545], [697660.0582329318, 2572698.686746988], [697660.0582329318, 2572688.686746988], [697660.0582329318, 2572678.6867469884], [697660.0582329318, 2572668.686746988], [697660.0582329318, 2572658.686746988], [697658.391566265, 2572653.686746988], [697653.391566265, 2572648.686746988], [697648.391566265, 2572643.686746988], [697638.391566265, 2572643.686746988], [697628.391566265, 2572643.686746988], [697623.391566265, 2572648.686746988], [697618.391566265, 2572653.686746988], [697613.391566265, 2572658.686746988], [697608.391566265, 2572663.686746988], [697603.391566265, 2572668.686746988], [697598.391566265, 2572673.686746988], [697588.391566265, 2572673.686746988], [697578.391566265, 2572676.186746988], [697573.391566265, 2572678.686746988], [697568.391566265, 2572683.686746988], [697563.391566265, 2572688.686746988], [697563.391566265, 2572698.686746988], [697558.391566265, 2572703.686746988], [697553.391566265, 2572708.686746988], [697548.391566265, 2572713.686746988], [697543.391566265, 2572718.686746988], [697538.391566265, 2572723.686746988], [697533.391566265, 2572718.686746988], [697533.391566265, 2572708.686746988], [697533.391566265, 2572698.686746988], [697533.391566265, 2572688.686746988], [697538.391566265, 2572683.686746988], [697543.391566265, 2572678.686746988], [697543.391566265, 2572668.686746988], [697538.391566265, 2572663.686746988], [697533.391566265, 2572658.686746988], [697528.391566265, 2572653.686746988], [697523.391566265, 2572658.686746988], [697518.391566265, 2572663.686746988], [697513.391566265, 2572668.686746988], [697513.391566265, 2572678.686746988], [697508.391566265, 2572683.686746988], [697498.391566265, 2572683.686746988], [697488.391566265, 2572681.186746988], [697478.391566265, 2572681.186746988], [697468.391566265, 2572683.686746988], [697463.391566265, 2572688.686746988], [697458.391566265, 2572691.186746988], [697448.391566265, 2572691.186746988], [697445.891566265, 2572688.686746988], [697443.391566265, 2572678.686746988], [697438.391566265, 2572673.686746988], [697433.391566265, 2572668.686746988], [697428.391566265, 2572663.686746988], [697418.391566265, 2572663.686746988], [697408.391566265, 2572664.936746988], [697398.391566265, 2572664.936746988], [697388.391566265, 2572661.186746988], [697385.891566265, 2572658.686746988], [697378.391566265, 2572651.186746988], [697373.391566265, 2572648.686746988], [697368.391566265, 2572643.686746988], [697363.391566265, 2572648.686746988], [697358.391566265, 2572651.186746988], [697354.641566265, 2572658.686746988], [697348.391566265, 2572664.936746988], [697344.641566265, 2572668.686746988], [697344.641566265, 2572678.686746988], [697338.391566265, 2572684.936746988], [697334.641566265, 2572688.686746988], [697328.391566265, 2572694.936746988], [697322.141566265, 2572688.686746988], [697318.391566265, 2572684.936746988], [697312.141566265, 2572678.686746988], [697318.391566265, 2572672.436746988], [697322.141566265, 2572668.686746988], [697322.141566265, 2572658.686746988], [697328.391566265, 2572652.436746988], [697332.141566265, 2572648.686746988], [697332.141566265, 2572638.686746988], [697330.0582329318, 2572628.686746988], [697330.0582329318, 2572618.6867469884], [697333.391566265, 2572608.686746988], [697338.391566265, 2572603.686746988], [697340.0582329317, 2572598.686746988], [697340.0582329317, 2572588.6867469884], [697340.0582329317, 2572578.686746988], [697340.0582329317, 2572568.686746988], [697340.0582329317, 2572558.6867469884], [697340.891566265, 2572548.686746988], [697343.391566265, 2572538.686746988], [697343.391566265, 2572528.686746988], [697340.891566265, 2572518.686746988], [697340.0582329317, 2572508.686746988], [697340.0582329317, 2572498.6867469884], [697338.391566265, 2572496.186746988], [697330.891566265, 2572488.686746988], [697328.391566265, 2572486.186746988], [697325.891566265, 2572488.686746988], [697318.391566265, 2572496.186746988], [697315.891566265, 2572498.686746988], [697316.7248995984, 2572508.686746988], [697316.7248995984, 2572518.686746988], [697316.7248995984, 2572528.6867469884], [697318.391566265, 2572533.686746988], [697323.391566265, 2572538.686746988], [697318.391566265, 2572543.686746988], [697316.7248995984, 2572548.686746988], [697313.391566265, 2572558.686746988], [697308.391566265, 2572563.686746988], [697306.7248995984, 2572568.686746988], [697300.891566265, 2572578.686746988], [697300.891566265, 2572588.686746988], [697304.641566265, 2572598.686746988], [697306.7248995984, 2572608.686746988], [697306.7248995984, 2572618.6867469884], [697298.391566265, 2572624.936746988], [697292.141566265, 2572618.686746988], [697288.391566265, 2572614.936746988], [697282.141566265, 2572608.686746988], [697278.391566265, 2572604.936746988], [697272.141566265, 2572598.686746988], [697268.391566265, 2572594.936746988], [697258.391566265, 2572594.936746988], [697248.391566265, 2572594.936746988], [697244.641566265, 2572598.686746988], [697238.391566265, 2572604.936746988], [697234.641566265, 2572608.686746988], [697228.391566265, 2572614.936746988], [697218.391566265, 2572614.936746988], [697212.141566265, 2572608.686746988], [697212.141566265, 2572598.686746988], [697212.141566265, 2572588.686746988], [697212.141566265, 2572578.686746988], [697210.0582329318, 2572568.686746988], [697210.0582329318, 2572558.6867469884], [697208.391566265, 2572553.686746988], [697205.891566265, 2572548.686746988], [697202.141566265, 2572538.686746988], [697200.0582329317, 2572528.6867469884], [697200.0582329317, 2572518.686746988], [697200.0582329317, 2572508.686746988], [697203.391566265, 2572498.686746988], [697203.391566265, 2572488.686746988], [697208.391566265, 2572483.686746988], [697213.391566265, 2572478.686746988], [697218.391566265, 2572473.686746988], [697220.0582329317, 2572468.6867469884], [697228.391566265, 2572460.3534136545], [697230.0582329317, 2572458.686746988], [697232.141566265, 2572448.686746988], [697230.0582329317, 2572438.6867469884], [697228.391566265, 2572437.0200803215], [697220.0582329317, 2572428.686746988], [697218.391566265, 2572427.0200803215], [697208.3915662651, 2572427.0200803215], [697203.391566265, 2572428.686746988], [697198.391566265, 2572433.686746988], [697193.391566265, 2572438.686746988], [697190.891566265, 2572448.686746988], [697188.391566265, 2572453.686746988], [697183.391566265, 2572458.686746988], [697178.391566265, 2572461.186746988], [697175.891566265, 2572458.686746988], [697173.391566265, 2572448.686746988], [697173.391566265, 2572438.686746988], [697170.0582329317, 2572428.686746988], [697170.0582329317, 2572418.686746988], [697175.891566265, 2572408.686746988], [697178.391566265, 2572403.686746988], [697180.0582329318, 2572398.686746988], [697183.391566265, 2572388.686746988], [697188.391566265, 2572383.686746988], [697193.391566265, 2572378.686746988], [697198.391566265, 2572373.686746988], [697200.0582329317, 2572368.686746988], [697208.3915662651, 2572360.3534136545], [697210.891566265, 2572358.686746988], [697218.391566265, 2572351.186746988], [697223.391566265, 2572348.686746988], [697223.391566265, 2572338.686746988], [697223.391566265, 2572328.686746988], [697223.391566265, 2572318.686746988], [697218.391566265, 2572313.686746988], [697213.391566265, 2572308.686746988], [697213.391566265, 2572298.686746988], [697208.391566265, 2572293.686746988], [697203.391566265, 2572288.686746988], [697200.0582329317, 2572278.686746988], [697198.391566265, 2572277.0200803215], [697190.0582329317, 2572268.686746988], [697188.391566265, 2572263.686746988], [697183.391566265, 2572258.686746988], [697180.0582329318, 2572248.686746988], [697180.0582329318, 2572238.686746988], [697178.391566265, 2572233.686746988], [697175.891566265, 2572228.686746988], [697170.0582329317, 2572218.686746988], [697168.391566265, 2572213.686746988], [697163.391566265, 2572208.686746988], [697158.391566265, 2572203.686746988], [697153.391566265, 2572198.686746988], [697148.3915662651, 2572197.0200803215], [697146.7248995984, 2572198.6867469884], [697138.391566265, 2572207.0200803215], [697136.7248995984, 2572208.686746988], [697138.391566265, 2572213.686746988], [697143.391566265, 2572218.686746988], [697146.7248995984, 2572228.6867469884], [697146.7248995984, 2572238.686746988], [697148.3915662651, 2572240.3534136545], [697156.7248995984, 2572248.686746988], [697158.391566265, 2572251.186746988], [697165.891566265, 2572258.686746988], [697168.391566265, 2572261.186746988], [697175.891566265, 2572268.686746988], [697176.7248995984, 2572278.686746988], [697176.7248995984, 2572288.6867469884], [697173.391566265, 2572298.686746988], [697168.391566265, 2572303.686746988], [697158.391566265, 2572303.686746988], [697148.391566265, 2572303.686746988], [697143.391566265, 2572298.686746988], [697138.391566265, 2572293.686746988], [697133.391566265, 2572288.686746988], [697128.391566265, 2572283.686746988], [697123.391566265, 2572288.686746988], [697118.391566265, 2572293.686746988], [697108.391566265, 2572297.0200803215], [697103.391566265, 2572298.686746988], [697103.391566265, 2572308.686746988], [697103.391566265, 2572318.686746988], [697103.391566265, 2572328.686746988], [697098.391566265, 2572333.686746988], [697093.391566265, 2572338.686746988], [697093.391566265, 2572348.686746988], [697098.391566265, 2572350.353413655], [697104.641566265, 2572358.686746988], [697104.641566265, 2572368.686746988], [697104.641566265, 2572378.686746988], [697098.391566265, 2572384.936746988], [697088.391566265, 2572383.686746988], [697083.391566265, 2572378.686746988], [697080.0582329317, 2572368.686746988], [697080.0582329317, 2572358.686746988], [697078.391566265, 2572353.686746988], [697073.391566265, 2572348.686746988], [697068.391566265, 2572343.686746988], [697063.391566265, 2572348.686746988], [697058.391566265, 2572353.686746988], [697053.391566265, 2572348.686746988], [697048.391566265, 2572343.686746988], [697043.391566265, 2572338.686746988], [697045.891566265, 2572328.686746988], [697043.391566265, 2572318.686746988], [697038.391566265, 2572313.686746988], [697033.391566265, 2572308.686746988], [697028.391566265, 2572306.186746988], [697023.391566265, 2572308.686746988], [697018.391566265, 2572313.686746988], [697016.7248995984, 2572318.6867469884], [697016.7248995984, 2572328.686746988], [697016.7248995984, 2572338.686746988], [697018.391566265, 2572343.686746988], [697023.391566265, 2572348.686746988], [697028.391566265, 2572353.686746988], [697038.391566265, 2572353.686746988], [697043.391566265, 2572358.686746988], [697043.391566265, 2572368.686746988], [697046.7248995984, 2572378.6867469884], [697046.7248995984, 2572388.686746988], [697046.7248995984, 2572398.686746988], [697043.391566265, 2572408.686746988], [697038.391566265, 2572413.686746988], [697028.391566265, 2572411.186746988], [697023.391566265, 2572408.686746988], [697020.0582329317, 2572398.686746988], [697020.0582329317, 2572388.686746988], [697020.0582329317, 2572378.6867469884], [697018.391566265, 2572373.686746988], [697013.391566265, 2572368.686746988], [697008.391566265, 2572363.686746988], [696998.391566265, 2572363.686746988], [696993.391566265, 2572368.686746988], [696988.391566265, 2572373.686746988], [696983.391566265, 2572368.686746988], [696978.391566265, 2572363.686746988], [696975.891566265, 2572358.686746988], [696975.891566265, 2572348.686746988], [696968.391566265, 2572341.186746988], [696963.391566265, 2572338.686746988], [696958.391566265, 2572337.0200803215], [696956.7248995984, 2572338.686746988], [696948.391566265, 2572347.0200803215], [696938.391566265, 2572343.686746988], [696935.891566265, 2572338.686746988], [696932.141566265, 2572328.686746988], [696938.391566265, 2572322.436746988], [696942.141566265, 2572318.686746988], [696948.391566265, 2572312.436746988], [696955.891566265, 2572308.686746988], [696958.391566265, 2572303.686746988], [696963.391566265, 2572298.686746988], [696968.391566265, 2572293.686746988], [696970.0582329318, 2572288.6867469884], [696970.0582329318, 2572278.686746988], [696978.391566265, 2572270.3534136545], [696983.391566265, 2572268.686746988], [696988.391566265, 2572263.686746988], [696993.391566265, 2572258.686746988], [696998.391566265, 2572256.186746988], [697008.391566265, 2572250.3534136545], [697010.0582329317, 2572248.686746988], [697018.391566265, 2572242.436746988], [697028.391566265, 2572243.686746988], [697038.391566265, 2572243.686746988], [697043.391566265, 2572238.686746988], [697048.391566265, 2572233.686746988], [697053.391566265, 2572228.686746988], [697058.391566265, 2572223.686746988], [697063.391566265, 2572218.686746988], [697060.891566265, 2572208.686746988], [697060.0582329318, 2572198.6867469884], [697058.391566265, 2572196.186746988], [697050.891566265, 2572188.686746988], [697050.0582329317, 2572178.686746988], [697048.391566265, 2572176.186746988], [697040.891566265, 2572168.686746988], [697038.391566265, 2572166.186746988], [697030.891566265, 2572158.686746988], [697028.391566265, 2572156.186746988], [697025.891566265, 2572158.686746988], [697018.391566265, 2572166.186746988], [697016.7248995984, 2572168.6867469884], [697016.7248995984, 2572178.686746988], [697008.391566265, 2572187.0200803215], [697003.391566265, 2572188.686746988], [696998.391566265, 2572191.186746988], [696988.391566265, 2572191.186746988], [696978.391566265, 2572193.686746988], [696968.391566265, 2572196.186746988], [696965.891566265, 2572198.686746988], [696958.391566265, 2572206.186746988], [696956.7248995984, 2572208.686746988], [696950.891566265, 2572218.686746988], [696950.891566265, 2572228.686746988], [696948.391566265, 2572233.686746988], [696943.391566265, 2572238.686746988], [696938.391566265, 2572241.186746988], [696933.391566265, 2572238.686746988], [696928.391566265, 2572233.686746988], [696923.391566265, 2572228.686746988], [696923.391566265, 2572218.686746988], [696923.391566265, 2572208.686746988], [696918.391566265, 2572203.686746988], [696908.391566265, 2572203.686746988], [696906.7248995984, 2572208.686746988], [696905.891566265, 2572218.686746988], [696898.391566265, 2572226.186746988], [696896.7248995984, 2572228.6867469884], [696893.391566265, 2572238.686746988], [696888.391566265, 2572243.686746988], [696886.7248995984, 2572248.686746988], [696888.391566265, 2572250.3534136545], [696896.7248995984, 2572258.6867469884], [696898.391566265, 2572263.686746988], [696900.891566265, 2572268.686746988], [696904.641566265, 2572278.686746988], [696904.641566265, 2572288.686746988], [696898.391566265, 2572294.936746988], [696890.891566265, 2572298.686746988], [696888.391566265, 2572301.186746988], [696883.391566265, 2572298.686746988], [696878.391566265, 2572293.686746988], [696873.391566265, 2572288.686746988], [696870.0582329317, 2572278.686746988], [696868.391566265, 2572273.686746988], [696865.891566265, 2572268.686746988], [696862.141566265, 2572258.686746988], [696860.0582329317, 2572248.686746988], [696858.391566265, 2572243.686746988], [696855.891566265, 2572238.686746988], [696855.891566265, 2572228.686746988], [696853.391566265, 2572218.686746988], [696850.0582329318, 2572208.686746988], [696850.0582329318, 2572198.6867469884], [696848.3915662651, 2572197.0200803215], [696840.0582329317, 2572188.686746988], [696838.391566265, 2572187.0200803215], [696828.391566265, 2572187.0200803215], [696823.391566265, 2572188.686746988], [696818.391566265, 2572193.686746988], [696808.391566265, 2572193.686746988], [696803.391566265, 2572188.686746988], [696800.0582329317, 2572178.686746988], [696800.0582329317, 2572168.6867469884], [696798.391566265, 2572163.686746988], [696793.391566265, 2572158.686746988], [696790.0582329318, 2572148.686746988], [696788.391566265, 2572146.186746988], [696780.891566265, 2572138.686746988], [696778.391566265, 2572136.186746988], [696770.891566265, 2572128.686746988], [696768.391566265, 2572126.186746988], [696760.891566265, 2572118.686746988], [696758.391566265, 2572116.186746988], [696750.891566265, 2572108.686746988], [696750.891566265, 2572098.686746988], [696750.891566265, 2572088.686746988], [696750.891566265, 2572078.686746988], [696750.891566265, 2572068.686746988], [696750.0582329317, 2572058.686746988], [696750.0582329317, 2572048.6867469884], [696748.391566265, 2572043.686746988], [696743.391566265, 2572038.686746988], [696738.391566265, 2572033.686746988], [696728.391566265, 2572033.686746988], [696723.391566265, 2572038.686746988], [696718.391566265, 2572043.686746988], [696708.391566265, 2572043.686746988], [696703.391566265, 2572038.686746988], [696700.891566265, 2572028.686746988], [696698.391566265, 2572023.686746988], [696693.391566265, 2572018.686746988], [696688.391566265, 2572013.686746988], [696683.391566265, 2572008.686746988], [696680.891566265, 2571998.686746988], [696678.391566265, 2571993.686746988], [696673.391566265, 2571988.686746988], [696678.391566265, 2571983.686746988], [696683.391566265, 2571978.686746988], [696678.391566265, 2571973.686746988], [696673.391566265, 2571968.686746988], [696668.391566265, 2571963.686746988], [696663.391566265, 2571968.686746988], [696658.391566265, 2571973.686746988], [696653.391566265, 2571978.686746988], [696648.391566265, 2571983.686746988], [696638.391566265, 2571983.686746988], [696636.7248995984, 2571978.686746988], [696636.7248995984, 2571968.686746988], [696638.391566265, 2571963.686746988], [696640.891566265, 2571958.686746988], [696640.891566265, 2571948.686746988], [696640.0582329318, 2571938.686746988], [696640.0582329318, 2571928.6867469884], [696640.0582329318, 2571918.686746988], [696638.3915662651, 2571917.0200803215], [696632.141566265, 2571908.686746988], [696630.0582329317, 2571898.6867469884], [696630.0582329317, 2571888.686746988], [696630.0582329317, 2571878.686746988], [696630.0582329317, 2571868.6867469884], [696628.391566265, 2571866.186746988], [696623.391566265, 2571858.686746988], [696622.141566265, 2571848.686746988], [696622.141566265, 2571838.686746988], [696620.0582329317, 2571828.686746988], [696620.0582329317, 2571818.686746988], [696620.0582329317, 2571808.6867469884], [696618.391566265, 2571803.686746988], [696613.391566265, 2571798.686746988], [696610.0582329318, 2571788.686746988], [696610.0582329318, 2571778.6867469884], [696610.0582329318, 2571768.686746988], [696608.391566265, 2571766.186746988], [696600.891566265, 2571758.686746988], [696600.0582329317, 2571748.6867469884], [696600.0582329317, 2571738.686746988], [696598.391566265, 2571737.0200803215], [696592.141566265, 2571728.686746988], [696590.0582329317, 2571718.6867469884], [696588.391566265, 2571716.186746988], [696583.391566265, 2571708.686746988], [696582.141566265, 2571698.686746988], [696580.0582329318, 2571688.6867469884], [696578.3915662651, 2571687.0200803215], [696570.0582329317, 2571678.686746988], [696568.391566265, 2571677.0200803215], [696558.391566265, 2571673.686746988], [696553.391566265, 2571678.686746988], [696548.391566265, 2571683.686746988], [696543.391566265, 2571688.686746988], [696538.391566265, 2571693.686746988], [696528.391566265, 2571691.186746988], [696525.891566265, 2571688.686746988], [696518.391566265, 2571683.686746988], [696510.891566265, 2571678.686746988], [696508.391566265, 2571677.0200803215], [696498.391566265, 2571677.0200803215], [696490.0582329318, 2571668.686746988], [696488.3915662651, 2571667.0200803215], [696480.0582329317, 2571658.6867469884], [696480.0582329317, 2571648.686746988], [696480.891566265, 2571638.686746988], [696488.391566265, 2571631.186746988], [696490.891566265, 2571628.686746988], [696490.891566265, 2571618.686746988], [696490.891566265, 2571608.686746988], [696488.391566265, 2571603.686746988], [696483.391566265, 2571598.686746988], [696478.391566265, 2571593.686746988], [696473.391566265, 2571598.686746988], [696468.391566265, 2571603.686746988], [696463.391566265, 2571608.686746988], [696468.391566265, 2571613.686746988], [696473.391566265, 2571618.686746988], [696473.391566265, 2571628.686746988], [696468.391566265, 2571633.686746988], [696465.891566265, 2571638.686746988], [696458.391566265, 2571646.186746988], [696453.391566265, 2571648.686746988], [696448.391566265, 2571653.686746988], [696443.391566265, 2571658.686746988], [696438.391566265, 2571663.686746988], [696436.7248995984, 2571668.686746988], [696433.391566265, 2571678.686746988], [696428.391566265, 2571683.686746988], [696418.391566265, 2571683.686746988], [696413.391566265, 2571678.686746988], [696408.391566265, 2571673.686746988], [696405.891566265, 2571668.686746988], [696400.0582329318, 2571658.6867469884], [696398.391566265, 2571653.686746988], [696393.391566265, 2571648.686746988], [696390.0582329317, 2571638.686746988], [696390.0582329317, 2571628.6867469884], [696390.0582329317, 2571618.686746988], [696388.391566265, 2571613.686746988], [696385.891566265, 2571608.686746988], [696380.0582329317, 2571598.6867469884], [696380.0582329317, 2571588.686746988], [696380.0582329317, 2571578.686746988], [696380.0582329317, 2571568.6867469884], [696380.0582329317, 2571558.686746988], [696380.0582329317, 2571548.686746988], [696380.0582329317, 2571538.6867469884], [696380.0582329317, 2571528.686746988], [696382.141566265, 2571518.686746988], [696385.891566265, 2571508.686746988], [696388.391566265, 2571503.686746988], [696390.0582329317, 2571498.686746988], [696392.141566265, 2571488.686746988], [696392.141566265, 2571478.686746988], [696392.141566265, 2571468.686746988], [696393.391566265, 2571458.686746988], [696393.391566265, 2571448.686746988], [696393.391566265, 2571438.686746988], [696392.141566265, 2571428.686746988], [696392.141566265, 2571418.686746988], [696388.391566265, 2571413.686746988], [696380.891566265, 2571408.686746988], [696378.391566265, 2571406.186746988], [696368.391566265, 2571406.186746988], [696365.891566265, 2571408.686746988], [696360.891566265, 2571418.686746988], [696358.391566265, 2571423.686746988], [696355.891566265, 2571428.686746988], [696355.891566265, 2571438.686746988], [696356.7248995984, 2571448.6867469884], [696354.641566265, 2571458.686746988], [696350.891566265, 2571468.686746988], [696348.391566265, 2571471.186746988], [696344.641566265, 2571478.686746988], [696338.391566265, 2571484.936746988], [696328.391566265, 2571484.936746988], [696322.141566265, 2571478.686746988], [696318.391566265, 2571474.936746988], [696312.141566265, 2571468.686746988], [696312.141566265, 2571458.686746988], [696312.141566265, 2571448.686746988], [696310.0582329318, 2571438.686746988], [696310.0582329318, 2571428.686746988], [696308.391566265, 2571423.686746988], [696305.891566265, 2571418.686746988], [696302.141566265, 2571408.686746988], [696300.0582329317, 2571398.686746988], [696298.391566265, 2571397.0200803215], [696290.0582329317, 2571388.6867469884], [696290.0582329317, 2571378.686746988], [696288.391566265, 2571373.686746988], [696283.391566265, 2571368.686746988], [696285.891566265, 2571358.686746988], [696280.891566265, 2571348.686746988], [696280.0582329318, 2571338.686746988], [696278.3915662651, 2571337.0200803215], [696268.391566265, 2571333.686746988], [696258.391566265, 2571337.0200803215], [696256.7248995984, 2571338.686746988], [696253.391566265, 2571348.686746988], [696248.391566265, 2571353.686746988], [696243.391566265, 2571358.686746988], [696238.391566265, 2571363.686746988], [696235.891566265, 2571368.686746988], [696228.391566265, 2571376.186746988], [696225.891566265, 2571378.686746988], [696226.7248995984, 2571388.6867469884], [696228.391566265, 2571391.186746988], [696238.391566265, 2571393.686746988], [696243.391566265, 2571388.686746988], [696248.391566265, 2571383.686746988], [696258.391566265, 2571383.686746988], [696268.391566265, 2571383.686746988], [696273.391566265, 2571388.686746988], [696273.391566265, 2571398.686746988], [696268.391566265, 2571403.686746988], [696263.391566265, 2571408.686746988], [696263.391566265, 2571418.686746988], [696263.391566265, 2571428.686746988], [696258.391566265, 2571433.686746988], [696253.391566265, 2571438.686746988], [696256.7248995984, 2571448.6867469884], [696258.391566265, 2571453.686746988], [696263.391566265, 2571458.686746988], [696266.7248995984, 2571468.686746988], [696266.7248995984, 2571478.6867469884], [696260.891566265, 2571488.686746988], [696258.391566265, 2571493.686746988], [696253.391566265, 2571498.686746988], [696248.391566265, 2571501.186746988], [696243.391566265, 2571498.686746988], [696238.391566265, 2571493.686746988], [696233.391566265, 2571488.686746988], [696233.391566265, 2571478.686746988], [696230.0582329317, 2571468.686746988], [696230.0582329317, 2571458.686746988], [696230.0582329317, 2571448.6867469884], [696228.391566265, 2571446.186746988], [696220.891566265, 2571438.686746988], [696218.391566265, 2571436.186746988], [696215.891566265, 2571438.686746988], [696208.391566265, 2571446.186746988], [696203.391566265, 2571448.686746988], [696198.391566265, 2571453.686746988], [696188.391566265, 2571453.686746988], [696178.391566265, 2571453.686746988], [696168.391566265, 2571453.686746988], [696158.391566265, 2571453.686746988], [696153.391566265, 2571448.686746988], [696148.391566265, 2571446.186746988], [696140.891566265, 2571438.686746988], [696138.391566265, 2571437.0200803215], [696128.391566265, 2571431.186746988], [696125.891566265, 2571428.686746988], [696118.391566265, 2571421.186746988], [696113.391566265, 2571418.686746988], [696108.391566265, 2571413.686746988], [696103.391566265, 2571408.686746988], [696100.0582329318, 2571398.686746988], [696098.391566265, 2571393.686746988], [696093.391566265, 2571388.686746988], [696088.391566265, 2571383.686746988], [696078.391566265, 2571383.686746988], [696068.391566265, 2571383.686746988], [696058.391566265, 2571386.186746988], [696048.391566265, 2571386.186746988], [696038.391566265, 2571386.186746988], [696028.391566265, 2571386.186746988], [696020.891566265, 2571378.686746988], [696018.391566265, 2571376.186746988], [696010.891566265, 2571368.686746988], [696008.391566265, 2571363.686746988], [696003.391566265, 2571358.686746988], [695998.391566265, 2571353.686746988], [695988.391566265, 2571353.686746988], [695978.391566265, 2571353.686746988], [695973.391566265, 2571348.686746988], [695968.391566265, 2571346.186746988], [695960.891566265, 2571338.686746988], [695958.391566265, 2571336.186746988], [695950.891566265, 2571328.686746988], [695950.891566265, 2571318.686746988], [695948.391566265, 2571316.186746988], [695940.891566265, 2571308.686746988], [695938.391566265, 2571307.0200803215], [695928.391566265, 2571306.186746988], [695918.391566265, 2571306.186746988], [695908.391566265, 2571306.186746988], [695903.391566265, 2571308.686746988], [695898.391566265, 2571313.686746988], [695893.391566265, 2571318.686746988], [695893.391566265, 2571328.686746988], [695893.391566265, 2571338.686746988], [695888.391566265, 2571343.686746988], [695885.891566265, 2571348.686746988], [695883.391566265, 2571358.686746988], [695883.391566265, 2571368.686746988], [695885.891566265, 2571378.686746988], [695888.391566265, 2571383.686746988], [695893.391566265, 2571388.686746988], [695898.391566265, 2571393.686746988], [695903.391566265, 2571398.686746988], [695906.7248995984, 2571408.686746988], [695908.391566265, 2571413.686746988], [695913.391566265, 2571418.686746988], [695913.391566265, 2571428.686746988], [695913.391566265, 2571438.686746988], [695908.391566265, 2571443.686746988], [695903.391566265, 2571448.686746988], [695898.391566265, 2571453.686746988], [695888.391566265, 2571456.186746988], [695883.391566265, 2571458.686746988], [695878.391566265, 2571463.686746988], [695868.391566265, 2571463.686746988], [695858.391566265, 2571461.186746988], [695853.391566265, 2571458.686746988], [695848.391566265, 2571453.686746988], [695843.391566265, 2571448.686746988], [695838.391566265, 2571443.686746988], [695833.391566265, 2571438.686746988], [695838.391566265, 2571433.686746988], [695843.391566265, 2571428.686746988], [695843.391566265, 2571418.686746988], [695840.891566265, 2571408.686746988], [695838.391566265, 2571406.186746988], [695830.891566265, 2571398.686746988], [695828.391566265, 2571393.686746988], [695823.391566265, 2571388.686746988], [695823.391566265, 2571378.686746988], [695823.391566265, 2571368.686746988], [695818.391566265, 2571363.686746988], [695813.391566265, 2571358.686746988], [695808.391566265, 2571353.686746988], [695803.391566265, 2571348.686746988], [695803.391566265, 2571338.686746988], [695803.391566265, 2571328.686746988], [695803.391566265, 2571318.686746988], [695803.391566265, 2571308.686746988], [695798.391566265, 2571303.686746988], [695793.391566265, 2571298.686746988], [695788.391566265, 2571293.686746988], [695783.391566265, 2571288.686746988], [695778.391566265, 2571283.686746988], [695773.391566265, 2571278.686746988], [695768.391566265, 2571273.686746988], [695763.391566265, 2571268.686746988], [695763.391566265, 2571258.686746988], [695763.391566265, 2571248.686746988], [695758.391566265, 2571243.686746988], [695753.391566265, 2571238.686746988], [695750.891566265, 2571228.686746988], [695748.391566265, 2571227.0200803215], [695740.0582329318, 2571218.686746988], [695738.3915662651, 2571217.0200803215], [695735.891566265, 2571218.686746988], [695728.391566265, 2571226.186746988], [695725.891566265, 2571228.686746988], [695726.7248995984, 2571238.6867469884], [695728.391566265, 2571240.353413655], [695736.7248995984, 2571248.686746988], [695738.391566265, 2571253.686746988], [695743.391566265, 2571258.686746988], [695745.891566265, 2571268.686746988], [695745.891566265, 2571278.686746988], [695745.891566265, 2571288.686746988], [695738.391566265, 2571296.186746988], [695735.891566265, 2571298.686746988], [695728.391566265, 2571306.186746988], [695718.391566265, 2571307.0200803215], [695708.391566265, 2571306.186746988], [695703.391566265, 2571308.686746988], [695698.391566265, 2571313.686746988], [695688.391566265, 2571313.686746988], [695678.391566265, 2571313.686746988], [695668.391566265, 2571313.686746988], [695663.391566265, 2571318.686746988], [695658.391566265, 2571323.686746988], [695655.891566265, 2571328.686746988], [695656.7248995984, 2571338.686746988], [695658.391566265, 2571343.686746988], [695663.391566265, 2571348.686746988], [695665.891566265, 2571358.686746988], [695668.391566265, 2571361.186746988], [695675.891566265, 2571368.686746988], [695678.391566265, 2571371.186746988], [695685.891566265, 2571378.686746988], [695685.891566265, 2571388.686746988], [695688.391566265, 2571393.686746988], [695693.391566265, 2571398.686746988], [695698.391566265, 2571403.686746988], [695703.391566265, 2571408.686746988], [695703.391566265, 2571418.686746988], [695703.391566265, 2571428.686746988], [695698.391566265, 2571433.686746988], [695693.391566265, 2571438.686746988], [695688.391566265, 2571443.686746988], [695683.391566265, 2571448.686746988], [695683.391566265, 2571458.686746988], [695688.391566265, 2571463.686746988], [695693.391566265, 2571468.686746988], [695693.391566265, 2571478.686746988], [695695.891566265, 2571488.686746988], [695698.391566265, 2571491.186746988], [695705.891566265, 2571498.686746988], [695705.891566265, 2571508.686746988], [695698.391566265, 2571516.186746988], [695696.7248995984, 2571518.686746988], [695688.391566265, 2571527.0200803215], [695683.391566265, 2571528.686746988], [695678.391566265, 2571533.686746988], [695673.391566265, 2571538.686746988], [695668.391566265, 2571543.686746988], [695663.391566265, 2571548.686746988], [695658.391566265, 2571553.686746988], [695648.391566265, 2571553.686746988], [695638.391566265, 2571553.686746988], [695628.391566265, 2571553.686746988], [695623.391566265, 2571548.686746988], [695623.391566265, 2571538.686746988], [695618.391566265, 2571533.686746988], [695613.391566265, 2571528.686746988], [695613.391566265, 2571518.686746988], [695613.391566265, 2571508.686746988], [695613.391566265, 2571498.686746988], [695608.391566265, 2571493.686746988], [695603.391566265, 2571488.686746988], [695598.391566265, 2571483.686746988], [695593.391566265, 2571478.686746988], [695588.391566265, 2571473.686746988], [695583.391566265, 2571468.686746988], [695578.391566265, 2571463.686746988], [695573.391566265, 2571458.686746988], [695570.891566265, 2571448.686746988], [695568.391566265, 2571446.186746988], [695558.391566265, 2571443.686746988], [695548.391566265, 2571443.686746988], [695543.391566265, 2571448.686746988], [695538.391566265, 2571453.686746988], [695528.391566265, 2571451.186746988], [695526.7248995984, 2571448.686746988], [695525.891566265, 2571438.686746988], [695525.891566265, 2571428.686746988], [695522.141566265, 2571418.686746988], [695518.391566265, 2571414.936746988], [695512.141566265, 2571408.686746988], [695512.141566265, 2571398.686746988], [695512.141566265, 2571388.686746988], [695512.141566265, 2571378.686746988], [695508.391566265, 2571374.936746988], [695502.141566265, 2571368.686746988], [695502.141566265, 2571358.686746988], [695502.141566265, 2571348.686746988], [695498.391566265, 2571344.936746988], [695492.141566265, 2571338.686746988], [695492.141566265, 2571328.686746988], [695488.391566265, 2571321.186746988], [695485.891566265, 2571318.686746988], [695480.0582329317, 2571308.686746988], [695478.391566265, 2571307.0200803215], [695472.141566265, 2571298.686746988], [695468.391566265, 2571294.936746988], [695462.141566265, 2571288.686746988], [695458.391566265, 2571284.936746988], [695448.391566265, 2571283.686746988], [695442.141566265, 2571278.686746988], [695438.391566265, 2571274.936746988], [695428.391566265, 2571273.686746988], [695422.141566265, 2571268.686746988], [695418.391566265, 2571264.936746988], [695412.141566265, 2571258.686746988], [695412.141566265, 2571248.686746988], [695408.391566265, 2571241.186746988], [695405.891566265, 2571238.686746988], [695398.391566265, 2571231.186746988], [695395.891566265, 2571228.686746988], [695388.391566265, 2571221.186746988], [695386.7248995983, 2571218.686746988], [695383.391566265, 2571208.686746988], [695378.391566265, 2571201.186746988], [695375.891566265, 2571198.686746988], [695368.391566265, 2571191.186746988], [695365.891566265, 2571188.686746988], [695360.0582329317, 2571178.6867469884], [695358.391566265, 2571176.186746988], [695353.391566265, 2571168.686746988], [695352.141566265, 2571158.686746988], [695350.0582329318, 2571148.6867469884], [695350.0582329318, 2571138.686746988], [695348.391566265, 2571136.186746988], [695340.891566265, 2571128.686746988], [695340.891566265, 2571118.686746988], [695340.0582329317, 2571108.686746988], [695338.391566265, 2571103.686746988], [695333.391566265, 2571098.686746988], [695330.891566265, 2571088.686746988], [695330.891566265, 2571078.686746988], [695330.891566265, 2571068.686746988], [695330.891566265, 2571058.686746988], [695333.391566265, 2571048.686746988], [695333.391566265, 2571038.686746988], [695338.391566265, 2571033.686746988], [695340.0582329317, 2571028.6867469884], [695343.391566265, 2571018.686746988], [695348.391566265, 2571013.686746988], [695350.891566265, 2571008.686746988], [695353.391566265, 2570998.686746988], [695358.391566265, 2570993.686746988], [695360.891566265, 2570988.686746988], [695363.391566265, 2570978.686746988], [695368.391566265, 2570973.686746988], [695373.391566265, 2570968.686746988], [695378.391566265, 2570963.686746988], [695383.391566265, 2570958.686746988], [695388.391566265, 2570953.686746988], [695393.391566265, 2570948.686746988], [695398.391566265, 2570943.686746988], [695408.391566265, 2570941.186746988], [695410.891566265, 2570938.686746988], [695418.391566265, 2570931.186746988], [695428.391566265, 2570931.186746988], [695430.891566265, 2570928.686746988], [695438.391566265, 2570921.186746988], [695448.391566265, 2570921.186746988], [695458.391566265, 2570920.3534136545], [695468.3915662651, 2570920.3534136545], [695478.391566265, 2570920.3534136545], [695480.0582329317, 2570918.686746988], [695488.391566265, 2570910.353413655], [695493.391566265, 2570908.686746988], [695498.391566265, 2570903.686746988], [695508.391566265, 2570900.3534136545], [695510.0582329317, 2570898.686746988], [695518.391566265, 2570890.3534136545], [695520.0582329317, 2570888.686746988], [695528.3915662651, 2570880.353413655], [695530.0582329318, 2570878.6867469884], [695538.391566265, 2570870.3534136545], [695540.0582329317, 2570868.686746988], [695548.391566265, 2570860.3534136545], [695550.0582329317, 2570858.686746988], [695550.0582329317, 2570848.6867469884], [695558.3915662651, 2570840.3534136545], [695560.0582329318, 2570838.686746988], [695563.391566265, 2570828.686746988], [695568.391566265, 2570823.686746988], [695570.891566265, 2570818.686746988], [695573.391566265, 2570808.686746988], [695578.391566265, 2570803.686746988], [695580.891566265, 2570798.686746988], [695580.891566265, 2570788.686746988], [695580.891566265, 2570778.686746988], [695583.391566265, 2570768.686746988], [695588.391566265, 2570763.686746988], [695593.391566265, 2570758.686746988], [695593.391566265, 2570748.686746988], [695593.391566265, 2570738.686746988], [695593.391566265, 2570728.686746988], [695593.391566265, 2570718.686746988], [695593.391566265, 2570708.686746988], [695593.391566265, 2570698.686746988], [695598.391566265, 2570693.686746988], [695600.0582329317, 2570688.686746988], [695600.0582329317, 2570678.686746988], [695600.891566265, 2570668.686746988], [695600.891566265, 2570658.686746988], [695600.891566265, 2570648.686746988], [695600.891566265, 2570638.686746988], [695600.891566265, 2570628.686746988], [695598.391566265, 2570623.686746988], [695593.391566265, 2570618.686746988], [695588.391566265, 2570613.686746988], [695583.391566265, 2570618.686746988], [695578.391566265, 2570623.686746988], [695575.891566265, 2570628.686746988], [695573.391566265, 2570638.686746988], [695573.391566265, 2570648.686746988], [695568.391566265, 2570653.686746988], [695565.891566265, 2570658.686746988], [695565.891566265, 2570668.686746988], [695565.891566265, 2570678.686746988], [695563.391566265, 2570688.686746988], [695558.391566265, 2570693.686746988], [695556.7248995984, 2570698.6867469884], [695555.891566265, 2570708.686746988], [695555.891566265, 2570718.686746988], [695555.891566265, 2570728.686746988], [695555.891566265, 2570738.686746988], [695548.391566265, 2570746.186746988], [695545.891566265, 2570748.686746988], [695543.391566265, 2570758.686746988], [695538.391566265, 2570763.686746988], [695533.391566265, 2570768.686746988], [695528.391566265, 2570773.686746988], [695523.391566265, 2570778.686746988], [695523.391566265, 2570788.686746988], [695518.391566265, 2570793.686746988], [695513.391566265, 2570798.686746988], [695508.391566265, 2570803.686746988], [695503.391566265, 2570808.686746988], [695498.391566265, 2570813.686746988], [695493.391566265, 2570818.686746988], [695488.391566265, 2570823.686746988], [695485.891566265, 2570828.686746988], [695478.391566265, 2570836.186746988], [695476.7248995984, 2570838.686746988], [695475.891566265, 2570848.686746988], [695468.391566265, 2570856.186746988], [695465.891566265, 2570858.686746988], [695458.391566265, 2570866.186746988], [695453.391566265, 2570868.686746988], [695448.391566265, 2570873.686746988], [695438.3915662651, 2570877.0200803215], [695436.7248995984, 2570878.6867469884], [695428.391566265, 2570887.0200803215], [695423.391566265, 2570888.686746988], [695418.391566265, 2570891.186746988], [695408.391566265, 2570896.186746988], [695403.391566265, 2570898.686746988], [695398.391566265, 2570903.686746988], [695393.391566265, 2570908.686746988], [695388.391566265, 2570911.186746988], [695380.891566265, 2570918.686746988], [695378.391566265, 2570921.186746988], [695368.391566265, 2570926.186746988], [695365.891566265, 2570928.686746988], [695358.391566265, 2570936.186746988], [695353.391566265, 2570938.686746988], [695348.391566265, 2570943.686746988], [695343.391566265, 2570948.686746988], [695338.391566265, 2570953.686746988], [695328.391566265, 2570953.686746988], [695323.391566265, 2570948.686746988], [695318.391566265, 2570943.686746988], [695313.391566265, 2570938.686746988], [695318.391566265, 2570933.686746988], [695323.391566265, 2570928.686746988], [695323.391566265, 2570918.686746988], [695318.391566265, 2570913.686746988], [695313.391566265, 2570908.686746988], [695308.391566265, 2570903.686746988], [695298.391566265, 2570903.686746988], [695288.391566265, 2570903.686746988], [695278.391566265, 2570903.686746988], [695273.391566265, 2570908.686746988], [695268.391566265, 2570913.686746988], [695263.391566265, 2570918.686746988], [695263.391566265, 2570928.686746988], [695263.391566265, 2570938.686746988], [695263.391566265, 2570948.686746988], [695258.391566265, 2570953.686746988], [695253.391566265, 2570958.686746988], [695248.391566265, 2570963.686746988], [695238.391566265, 2570963.686746988], [695233.391566265, 2570968.686746988], [695228.391566265, 2570973.686746988], [695223.391566265, 2570978.686746988], [695218.391566265, 2570983.686746988], [695213.391566265, 2570988.686746988], [695213.391566265, 2570998.686746988], [695213.391566265, 2571008.686746988], [695213.391566265, 2571018.686746988], [695208.391566265, 2571023.686746988], [695203.391566265, 2571028.686746988], [695198.391566265, 2571033.686746988], [695188.391566265, 2571033.686746988], [695183.391566265, 2571028.686746988], [695178.391566265, 2571023.686746988], [695173.391566265, 2571018.686746988], [695168.391566265, 2571013.686746988], [695163.391566265, 2571008.686746988], [695158.391566265, 2571003.686746988], [695148.391566265, 2571003.686746988], [695138.391566265, 2571003.686746988], [695128.391566265, 2571003.686746988], [695123.391566265, 2570998.686746988], [695118.391566265, 2570993.686746988], [695113.391566265, 2570988.686746988], [695113.391566265, 2570978.686746988], [695113.391566265, 2570968.686746988], [695108.391566265, 2570963.686746988], [695103.391566265, 2570958.686746988], [695098.391566265, 2570953.686746988], [695088.391566265, 2570953.686746988], [695078.391566265, 2570953.686746988], [695073.391566265, 2570948.686746988], [695068.391566265, 2570943.686746988], [695063.391566265, 2570938.686746988], [695058.391566265, 2570933.686746988], [695053.391566265, 2570938.686746988], [695048.391566265, 2570943.686746988], [695046.7248995984, 2570948.686746988], [695048.391566265, 2570953.686746988], [695053.391566265, 2570958.686746988], [695053.391566265, 2570968.686746988], [695055.891566265, 2570978.686746988], [695058.391566265, 2570983.686746988], [695063.391566265, 2570988.686746988], [695063.391566265, 2570998.686746988], [695065.891566265, 2571008.686746988], [695068.391566265, 2571013.686746988], [695073.391566265, 2571018.686746988], [695073.391566265, 2571028.686746988], [695078.391566265, 2571033.686746988], [695083.391566265, 2571038.686746988], [695083.391566265, 2571048.686746988], [695088.391566265, 2571053.686746988], [695093.391566265, 2571058.686746988], [695098.391566265, 2571063.686746988], [695103.391566265, 2571068.686746988], [695108.391566265, 2571073.686746988], [695113.391566265, 2571078.686746988], [695113.391566265, 2571088.686746988], [695118.391566265, 2571093.686746988], [695123.391566265, 2571098.686746988], [695123.391566265, 2571108.686746988], [695123.391566265, 2571118.686746988], [695118.391566265, 2571123.686746988], [695113.391566265, 2571128.686746988], [695108.391566265, 2571133.686746988], [695103.391566265, 2571138.686746988], [695098.391566265, 2571143.686746988], [695088.391566265, 2571143.686746988], [695083.391566265, 2571138.686746988], [695078.391566265, 2571133.686746988], [695068.391566265, 2571133.686746988], [695058.391566265, 2571133.686746988], [695048.391566265, 2571133.686746988], [695038.391566265, 2571133.686746988], [695028.391566265, 2571133.686746988], [695018.391566265, 2571133.686746988], [695013.391566265, 2571128.686746988], [695008.391566265, 2571123.686746988], [695003.391566265, 2571118.686746988], [694998.391566265, 2571113.686746988], [694988.391566265, 2571113.686746988], [694978.391566265, 2571113.686746988], [694973.391566265, 2571118.686746988], [694973.391566265, 2571128.686746988], [694968.391566265, 2571133.686746988], [694963.391566265, 2571138.686746988], [694963.391566265, 2571148.686746988], [694963.391566265, 2571158.686746988], [694963.391566265, 2571168.686746988], [694968.391566265, 2571173.686746988], [694973.391566265, 2571178.686746988], [694973.391566265, 2571188.686746988], [694978.391566265, 2571193.686746988], [694988.391566265, 2571193.686746988], [694993.391566265, 2571198.686746988], [694993.391566265, 2571208.686746988], [694998.391566265, 2571213.686746988], [695003.391566265, 2571218.686746988], [695003.391566265, 2571228.686746988], [694998.391566265, 2571233.686746988], [694988.391566265, 2571233.686746988], [694983.391566265, 2571238.686746988], [694978.391566265, 2571243.686746988], [694968.391566265, 2571243.686746988], [694963.391566265, 2571238.686746988], [694958.391566265, 2571233.686746988], [694953.391566265, 2571228.686746988], [694948.391566265, 2571223.686746988], [694943.391566265, 2571218.686746988], [694938.391566265, 2571213.686746988], [694933.391566265, 2571208.686746988], [694928.391566265, 2571203.686746988], [694923.391566265, 2571198.686746988], [694923.391566265, 2571188.686746988], [694923.391566265, 2571178.686746988], [694923.391566265, 2571168.686746988], [694923.391566265, 2571158.686746988], [694920.891566265, 2571148.686746988], [694920.891566265, 2571138.686746988], [694920.891566265, 2571128.686746988], [694920.891566265, 2571118.686746988], [694918.391566265, 2571113.686746988], [694913.391566265, 2571108.686746988], [694910.891566265, 2571098.686746988], [694910.891566265, 2571088.686746988], [694910.891566265, 2571078.686746988], [694908.391566265, 2571073.686746988], [694903.391566265, 2571068.686746988], [694903.391566265, 2571058.686746988], [694900.0582329318, 2571048.686746988], [694900.0582329318, 2571038.686746988], [694898.391566265, 2571036.186746988], [694890.891566265, 2571028.686746988], [694890.0582329317, 2571018.686746988], [694888.391566265, 2571017.0200803215], [694880.0582329317, 2571008.686746988], [694878.391566265, 2571003.686746988], [694873.391566265, 2570998.686746988], [694870.0582329318, 2570988.686746988], [694868.391566265, 2570983.686746988], [694863.391566265, 2570978.686746988], [694858.391566265, 2570973.686746988], [694848.391566265, 2570973.686746988], [694843.391566265, 2570978.686746988], [694848.391566265, 2570983.686746988], [694853.391566265, 2570988.686746988], [694853.391566265, 2570998.686746988], [694858.391566265, 2571003.686746988], [694863.391566265, 2571008.686746988], [694865.891566265, 2571018.686746988], [694868.391566265, 2571023.686746988], [694873.391566265, 2571028.686746988], [694873.391566265, 2571038.686746988], [694875.891566265, 2571048.686746988], [694875.891566265, 2571058.686746988], [694878.391566265, 2571063.686746988], [694883.391566265, 2571068.686746988], [694885.891566265, 2571078.686746988], [694885.891566265, 2571088.686746988], [694885.891566265, 2571098.686746988], [694888.391566265, 2571103.686746988], [694893.391566265, 2571108.686746988], [694893.391566265, 2571118.686746988], [694893.391566265, 2571128.686746988], [694893.391566265, 2571138.686746988], [694893.391566265, 2571148.686746988], [694893.391566265, 2571158.686746988], [694893.391566265, 2571168.686746988], [694893.391566265, 2571178.686746988], [694898.391566265, 2571183.686746988], [694903.391566265, 2571188.686746988], [694903.391566265, 2571198.686746988], [694903.391566265, 2571208.686746988], [694898.391566265, 2571213.686746988], [694893.391566265, 2571218.686746988], [694893.391566265, 2571228.686746988], [694888.391566265, 2571233.686746988], [694883.391566265, 2571238.686746988], [694883.391566265, 2571248.686746988], [694888.391566265, 2571253.686746988], [694893.391566265, 2571258.686746988], [694898.391566265, 2571263.686746988], [694903.391566265, 2571268.686746988], [694903.391566265, 2571278.686746988], [694905.891566265, 2571288.686746988], [694908.391566265, 2571293.686746988], [694913.391566265, 2571298.686746988], [694913.391566265, 2571308.686746988], [694908.391566265, 2571313.686746988], [694903.391566265, 2571318.686746988], [694898.391566265, 2571323.686746988], [694893.391566265, 2571318.686746988], [694888.391566265, 2571313.686746988], [694883.391566265, 2571308.686746988], [694878.391566265, 2571303.686746988], [694868.391566265, 2571303.686746988], [694863.391566265, 2571298.686746988], [694858.391566265, 2571293.686746988], [694853.391566265, 2571288.686746988], [694850.891566265, 2571278.686746988], [694850.891566265, 2571268.686746988], [694853.391566265, 2571258.686746988], [694853.391566265, 2571248.686746988], [694853.391566265, 2571238.686746988], [694848.391566265, 2571233.686746988], [694843.391566265, 2571228.686746988], [694838.391566265, 2571223.686746988], [694828.391566265, 2571223.686746988], [694823.391566265, 2571218.686746988], [694823.391566265, 2571208.686746988], [694818.391566265, 2571203.686746988], [694808.391566265, 2571203.686746988], [694803.391566265, 2571198.686746988], [694798.391566265, 2571193.686746988], [694793.391566265, 2571198.686746988], [694788.391566265, 2571203.686746988], [694778.391566265, 2571203.686746988], [694773.391566265, 2571208.686746988], [694768.391566265, 2571213.686746988], [694763.391566265, 2571218.686746988], [694758.391566265, 2571223.686746988], [694755.891566265, 2571228.686746988], [694755.891566265, 2571238.686746988], [694753.391566265, 2571248.686746988], [694753.391566265, 2571258.686746988], [694748.391566265, 2571263.686746988], [694743.391566265, 2571268.686746988], [694738.391566265, 2571273.686746988], [694728.391566265, 2571273.686746988], [694718.391566265, 2571273.686746988], [694713.391566265, 2571268.686746988], [694710.891566265, 2571258.686746988], [694710.891566265, 2571248.686746988], [694708.391566265, 2571243.686746988], [694703.391566265, 2571238.686746988], [694698.391566265, 2571233.686746988], [694693.391566265, 2571238.686746988], [694688.391566265, 2571243.686746988], [694683.391566265, 2571238.686746988], [694683.391566265, 2571228.686746988], [694683.391566265, 2571218.686746988], [694683.391566265, 2571208.686746988], [694683.391566265, 2571198.686746988], [694688.391566265, 2571193.686746988], [694693.391566265, 2571188.686746988], [694693.391566265, 2571178.686746988], [694698.391566265, 2571173.686746988], [694703.391566265, 2571168.686746988], [694703.391566265, 2571158.686746988], [694708.391566265, 2571153.686746988], [694713.391566265, 2571148.686746988], [694718.391566265, 2571143.686746988], [694723.391566265, 2571138.686746988], [694728.391566265, 2571133.686746988], [694738.391566265, 2571133.686746988], [694743.391566265, 2571128.686746988], [694748.391566265, 2571123.686746988], [694753.391566265, 2571118.686746988], [694758.391566265, 2571113.686746988], [694763.391566265, 2571108.686746988], [694768.391566265, 2571103.686746988], [694773.391566265, 2571098.686746988], [694773.391566265, 2571088.686746988], [694768.391566265, 2571083.686746988], [694763.391566265, 2571078.686746988], [694758.391566265, 2571076.186746988], [694748.391566265, 2571073.686746988], [694743.391566265, 2571078.686746988], [694738.391566265, 2571083.686746988], [694735.891566265, 2571088.686746988], [694733.391566265, 2571098.686746988], [694728.391566265, 2571103.686746988], [694723.391566265, 2571108.686746988], [694718.391566265, 2571113.686746988], [694708.391566265, 2571113.686746988], [694698.391566265, 2571113.686746988], [694688.391566265, 2571113.686746988], [694678.391566265, 2571113.686746988], [694675.891566265, 2571118.686746988], [694673.391566265, 2571128.686746988], [694673.391566265, 2571138.686746988], [694673.391566265, 2571148.686746988], [694673.391566265, 2571158.686746988], [694668.391566265, 2571163.686746988], [694663.391566265, 2571168.686746988], [694658.391566265, 2571173.686746988], [694653.391566265, 2571178.686746988], [694648.391566265, 2571183.686746988], [694643.391566265, 2571188.686746988], [694638.391566265, 2571193.686746988], [694633.391566265, 2571198.686746988], [694628.391566265, 2571203.686746988], [694618.391566265, 2571203.686746988], [694613.391566265, 2571208.686746988], [694608.391566265, 2571213.686746988], [694598.391566265, 2571213.686746988], [694593.391566265, 2571208.686746988], [694588.391566265, 2571203.686746988], [694583.391566265, 2571198.686746988], [694583.391566265, 2571188.686746988], [694588.391566265, 2571183.686746988], [694593.391566265, 2571178.686746988], [694593.391566265, 2571168.686746988], [694593.391566265, 2571158.686746988], [694588.391566265, 2571153.686746988], [694583.391566265, 2571148.686746988], [694583.391566265, 2571138.686746988], [694583.391566265, 2571128.686746988], [694578.391566265, 2571126.186746988], [694568.391566265, 2571126.186746988], [694563.391566265, 2571128.686746988], [694558.391566265, 2571133.686746988], [694548.391566265, 2571133.686746988], [694538.391566265, 2571133.686746988], [694528.391566265, 2571133.686746988], [694518.391566265, 2571133.686746988], [694513.391566265, 2571128.686746988], [694508.391566265, 2571123.686746988], [694498.391566265, 2571123.686746988], [694493.391566265, 2571128.686746988], [694493.391566265, 2571138.686746988], [694493.391566265, 2571148.686746988], [694495.891566265, 2571158.686746988], [694496.7248995984, 2571168.686746988], [694496.7248995984, 2571178.6867469884], [694496.7248995984, 2571188.686746988], [694498.391566265, 2571191.186746988], [694505.891566265, 2571198.686746988], [694506.7248995984, 2571208.6867469884], [694506.7248995984, 2571218.686746988], [694508.391566265, 2571221.186746988], [694515.891566265, 2571228.686746988], [694518.391566265, 2571233.686746988], [694523.391566265, 2571238.686746988], [694523.391566265, 2571248.686746988], [694528.391566265, 2571253.686746988], [694533.391566265, 2571258.686746988], [694535.891566265, 2571268.686746988], [694536.7248995984, 2571278.686746988], [694536.7248995984, 2571288.686746988], [694538.391566265, 2571291.186746988], [694545.891566265, 2571298.686746988], [694546.7248995984, 2571308.686746988], [694546.7248995984, 2571318.686746988], [694545.891566265, 2571328.686746988], [694545.891566265, 2571338.686746988], [694538.391566265, 2571346.186746988], [694528.391566265, 2571346.186746988], [694523.391566265, 2571348.686746988], [694518.391566265, 2571353.686746988], [694508.391566265, 2571353.686746988], [694498.391566265, 2571353.686746988], [694493.391566265, 2571348.686746988], [694493.391566265, 2571338.686746988], [694493.391566265, 2571328.686746988], [694490.891566265, 2571318.686746988], [694490.891566265, 2571308.686746988], [694493.391566265, 2571298.686746988], [694498.391566265, 2571293.686746988], [694500.891566265, 2571288.686746988], [694500.891566265, 2571278.686746988], [694498.391566265, 2571276.186746988], [694490.891566265, 2571268.686746988], [694488.391566265, 2571263.686746988], [694483.391566265, 2571258.686746988], [694483.391566265, 2571248.686746988], [694480.891566265, 2571238.686746988], [694480.0582329318, 2571228.686746988], [694478.391566265, 2571223.686746988], [694473.391566265, 2571218.686746988], [694470.0582329317, 2571208.6867469884], [694470.0582329317, 2571198.686746988], [694468.391566265, 2571197.0200803215], [694460.0582329317, 2571188.686746988], [694458.391566265, 2571186.186746988], [694450.891566265, 2571178.686746988], [694450.0582329318, 2571168.686746988], [694448.391566265, 2571163.686746988], [694443.391566265, 2571158.686746988], [694438.391566265, 2571153.686746988], [694428.391566265, 2571153.686746988], [694423.391566265, 2571148.686746988], [694418.391566265, 2571146.186746988], [694408.391566265, 2571146.186746988], [694403.391566265, 2571148.686746988], [694398.391566265, 2571153.686746988], [694393.391566265, 2571158.686746988], [694393.391566265, 2571168.686746988], [694388.391566265, 2571173.686746988], [694383.391566265, 2571178.686746988], [694378.391566265, 2571183.686746988], [694368.391566265, 2571183.686746988], [694358.391566265, 2571183.686746988], [694348.391566265, 2571183.686746988], [694343.391566265, 2571178.686746988], [694338.391566265, 2571173.686746988], [694328.391566265, 2571173.686746988], [694323.391566265, 2571168.686746988], [694318.391566265, 2571163.686746988], [694313.391566265, 2571158.686746988], [694308.391566265, 2571153.686746988], [694303.391566265, 2571158.686746988], [694298.391566265, 2571163.686746988], [694293.391566265, 2571168.686746988], [694293.391566265, 2571178.686746988], [694293.391566265, 2571188.686746988], [694298.391566265, 2571193.686746988], [694303.391566265, 2571198.686746988], [694303.391566265, 2571208.686746988], [694303.391566265, 2571218.686746988], [694298.391566265, 2571223.686746988], [694288.391566265, 2571223.686746988], [694278.391566265, 2571223.686746988], [694268.391566265, 2571223.686746988], [694258.391566265, 2571223.686746988], [694248.391566265, 2571223.686746988], [694238.391566265, 2571223.686746988], [694228.391566265, 2571223.686746988], [694218.391566265, 2571223.686746988], [694213.391566265, 2571228.686746988], [694208.391566265, 2571233.686746988], [694198.391566265, 2571233.686746988], [694188.391566265, 2571233.686746988], [694183.391566265, 2571228.686746988], [694183.391566265, 2571218.686746988], [694178.391566265, 2571213.686746988], [694173.391566265, 2571208.686746988], [694168.391566265, 2571203.686746988], [694163.391566265, 2571198.686746988], [694158.391566265, 2571193.686746988], [694153.391566265, 2571188.686746988], [694148.391566265, 2571183.686746988], [694143.391566265, 2571178.686746988], [694138.391566265, 2571173.686746988], [694133.391566265, 2571168.686746988], [694128.391566265, 2571163.686746988], [694123.391566265, 2571158.686746988], [694118.391566265, 2571156.186746988], [694113.391566265, 2571158.686746988], [694108.391566265, 2571163.686746988], [694103.391566265, 2571168.686746988], [694103.391566265, 2571178.686746988], [694098.391566265, 2571183.686746988], [694093.391566265, 2571178.686746988], [694088.391566265, 2571173.686746988], [694078.391566265, 2571173.686746988], [694073.391566265, 2571178.686746988], [694068.391566265, 2571183.686746988], [694063.391566265, 2571188.686746988], [694058.391566265, 2571193.686746988], [694053.391566265, 2571198.686746988], [694048.391566265, 2571203.686746988], [694043.391566265, 2571208.686746988], [694043.391566265, 2571218.686746988], [694043.391566265, 2571228.686746988], [694043.391566265, 2571238.686746988], [694038.391566265, 2571243.686746988], [694033.391566265, 2571248.686746988], [694028.391566265, 2571253.686746988], [694018.391566265, 2571253.686746988], [694013.391566265, 2571258.686746988], [694008.391566265, 2571263.686746988], [693998.391566265, 2571266.186746988], [693988.391566265, 2571266.186746988], [693978.391566265, 2571266.186746988], [693968.391566265, 2571263.686746988], [693963.391566265, 2571258.686746988], [693960.891566265, 2571248.686746988], [693960.891566265, 2571238.686746988], [693960.891566265, 2571228.686746988], [693963.391566265, 2571218.686746988], [693963.391566265, 2571208.686746988], [693958.391566265, 2571203.686746988], [693953.391566265, 2571198.686746988], [693948.391566265, 2571193.686746988], [693938.391566265, 2571193.686746988], [693928.391566265, 2571193.686746988], [693918.391566265, 2571193.686746988], [693908.391566265, 2571193.686746988], [693903.391566265, 2571198.686746988], [693898.391566265, 2571203.686746988], [693893.391566265, 2571208.686746988], [693888.391566265, 2571213.686746988], [693878.391566265, 2571213.686746988], [693868.391566265, 2571216.186746988], [693863.391566265, 2571218.686746988], [693858.391566265, 2571223.686746988], [693848.391566265, 2571223.686746988], [693838.391566265, 2571223.686746988], [693828.391566265, 2571223.686746988], [693818.391566265, 2571223.686746988], [693813.391566265, 2571228.686746988], [693808.391566265, 2571233.686746988], [693798.391566265, 2571233.686746988], [693788.391566265, 2571233.686746988], [693783.391566265, 2571228.686746988], [693778.391566265, 2571226.186746988], [693768.391566265, 2571227.0200803215], [693758.3915662651, 2571227.0200803215], [693748.391566265, 2571227.0200803215], [693745.891566265, 2571228.686746988], [693738.391566265, 2571236.186746988], [693728.391566265, 2571236.186746988], [693718.391566265, 2571237.0200803215], [693713.391566265, 2571238.686746988], [693708.391566265, 2571243.686746988], [693698.391566265, 2571243.686746988], [693688.391566265, 2571246.186746988], [693678.391566265, 2571246.186746988], [693668.391566265, 2571246.186746988], [693660.891566265, 2571238.686746988], [693658.391566265, 2571237.0200803215], [693648.391566265, 2571237.0200803215], [693638.3915662651, 2571237.0200803215], [693628.391566265, 2571236.186746988], [693618.391566265, 2571233.686746988], [693613.391566265, 2571228.686746988], [693608.3915662651, 2571227.0200803215], [693598.391566265, 2571227.0200803215], [693593.391566265, 2571228.686746988], [693588.391566265, 2571233.686746988], [693578.391566265, 2571233.686746988], [693568.391566265, 2571233.686746988], [693563.391566265, 2571238.686746988], [693558.391566265, 2571243.686746988], [693553.391566265, 2571248.686746988], [693553.391566265, 2571258.686746988], [693548.391566265, 2571263.686746988], [693543.391566265, 2571268.686746988], [693538.391566265, 2571273.686746988], [693533.391566265, 2571278.686746988], [693528.391566265, 2571283.686746988], [693523.391566265, 2571288.686746988], [693518.391566265, 2571293.686746988], [693513.391566265, 2571298.686746988], [693508.391566265, 2571303.686746988], [693503.391566265, 2571308.686746988], [693503.391566265, 2571318.686746988], [693498.391566265, 2571323.686746988], [693495.891566265, 2571328.686746988], [693495.891566265, 2571338.686746988], [693495.891566265, 2571348.686746988], [693493.391566265, 2571358.686746988], [693488.391566265, 2571363.686746988], [693483.391566265, 2571368.686746988], [693478.391566265, 2571373.686746988], [693468.391566265, 2571373.686746988], [693458.391566265, 2571373.686746988], [693448.391566265, 2571373.686746988], [693438.391566265, 2571373.686746988], [693433.391566265, 2571378.686746988], [693428.391566265, 2571383.686746988], [693423.391566265, 2571388.686746988], [693418.391566265, 2571393.686746988], [693408.391566265, 2571393.686746988], [693398.391566265, 2571393.686746988], [693393.391566265, 2571388.686746988], [693388.391566265, 2571386.186746988], [693378.391566265, 2571383.686746988], [693373.391566265, 2571378.686746988], [693368.3915662651, 2571377.0200803215], [693366.7248995984, 2571378.686746988], [693358.391566265, 2571387.0200803215], [693356.7248995984, 2571388.6867469884], [693356.7248995984, 2571398.686746988], [693356.7248995984, 2571408.686746988], [693356.7248995984, 2571418.6867469884], [693358.391566265, 2571421.186746988], [693368.391566265, 2571421.186746988], [693373.391566265, 2571418.686746988], [693378.391566265, 2571413.686746988], [693383.391566265, 2571418.686746988], [693388.391566265, 2571423.686746988], [693393.391566265, 2571428.686746988], [693393.391566265, 2571438.686746988], [693393.391566265, 2571448.686746988], [693393.391566265, 2571458.686746988], [693393.391566265, 2571468.686746988], [693393.391566265, 2571478.686746988], [693393.391566265, 2571488.686746988], [693393.391566265, 2571498.686746988], [693388.391566265, 2571503.686746988], [693383.391566265, 2571508.686746988], [693383.391566265, 2571518.686746988], [693378.391566265, 2571523.686746988], [693373.391566265, 2571528.686746988], [693373.391566265, 2571538.686746988], [693373.391566265, 2571548.686746988], [693373.391566265, 2571558.686746988], [693368.391566265, 2571563.686746988], [693363.391566265, 2571568.686746988], [693363.391566265, 2571578.686746988], [693358.391566265, 2571583.686746988], [693353.391566265, 2571588.686746988], [693353.391566265, 2571598.686746988], [693353.391566265, 2571608.686746988], [693348.391566265, 2571613.686746988], [693343.391566265, 2571618.686746988], [693343.391566265, 2571628.686746988], [693348.391566265, 2571633.686746988], [693353.391566265, 2571638.686746988], [693358.391566265, 2571640.3534136545], [693368.391566265, 2571643.686746988], [693373.391566265, 2571648.686746988], [693378.391566265, 2571653.686746988], [693383.391566265, 2571658.686746988], [693388.391566265, 2571663.686746988], [693390.891566265, 2571668.686746988], [693396.7248995984, 2571678.686746988], [693396.7248995984, 2571688.6867469884], [693398.391566265, 2571691.186746988], [693403.391566265, 2571698.686746988], [693400.891566265, 2571708.686746988], [693398.391566265, 2571713.686746988], [693395.891566265, 2571718.686746988], [693393.391566265, 2571728.686746988], [693395.891566265, 2571738.686746988], [693398.391566265, 2571743.686746988], [693403.391566265, 2571748.686746988], [693405.891566265, 2571758.686746988], [693405.891566265, 2571768.686746988], [693408.391566265, 2571773.686746988], [693413.391566265, 2571778.686746988], [693418.391566265, 2571783.686746988], [693428.391566265, 2571781.186746988], [693435.891566265, 2571788.686746988], [693438.391566265, 2571790.3534136545], [693444.641566265, 2571798.686746988], [693438.391566265, 2571807.0200803215], [693435.891566265, 2571808.686746988], [693428.391566265, 2571816.186746988], [693423.391566265, 2571818.686746988], [693418.391566265, 2571823.686746988], [693416.7248995984, 2571828.686746988], [693416.7248995984, 2571838.6867469884], [693416.7248995984, 2571848.686746988], [693416.7248995984, 2571858.686746988], [693416.7248995984, 2571868.6867469884], [693416.7248995984, 2571878.686746988], [693416.7248995984, 2571888.686746988], [693418.391566265, 2571893.686746988], [693423.391566265, 2571898.686746988], [693426.7248995984, 2571908.686746988], [693428.391566265, 2571913.686746988], [693430.891566265, 2571918.686746988], [693436.7248995984, 2571928.6867469884], [693438.391566265, 2571930.353413655], [693446.7248995984, 2571938.686746988], [693448.391566265, 2571941.186746988], [693453.391566265, 2571948.686746988], [693456.7248995984, 2571958.6867469884], [693458.3915662651, 2571960.353413655], [693466.7248995984, 2571968.686746988], [693468.391566265, 2571970.3534136545], [693474.641566265, 2571978.686746988], [693478.391566265, 2571983.686746988], [693483.391566265, 2571988.686746988], [693488.391566265, 2571993.686746988], [693493.391566265, 2571998.686746988], [693496.7248995984, 2572008.686746988], [693498.391566265, 2572013.686746988], [693500.0582329317, 2572018.686746988], [693504.641566265, 2572028.686746988], [693506.7248995984, 2572038.686746988], [693508.391566265, 2572040.3534136545], [693516.7248995984, 2572048.6867469884], [693518.3915662651, 2572050.353413655], [693524.641566265, 2572058.686746988], [693526.7248995984, 2572068.686746988], [693528.391566265, 2572070.3534136545], [693536.7248995984, 2572078.6867469884], [693538.391566265, 2572080.353413655], [693546.7248995984, 2572088.686746988], [693548.3915662651, 2572090.3534136545], [693558.391566265, 2572093.686746988], [693563.391566265, 2572098.686746988], [693566.7248995984, 2572108.6867469884], [693568.391566265, 2572110.353413655], [693578.391566265, 2572113.686746988], [693583.391566265, 2572118.686746988], [693584.641566265, 2572128.686746988], [693588.391566265, 2572132.436746988], [693593.391566265, 2572138.686746988], [693594.641566265, 2572148.686746988], [693594.641566265, 2572158.686746988], [693594.641566265, 2572168.686746988], [693593.391566265, 2572178.686746988], [693588.391566265, 2572184.936746988], [693584.641566265, 2572188.686746988], [693584.641566265, 2572198.686746988], [693584.641566265, 2572208.686746988], [693578.3915662651, 2572217.0200803215], [693576.7248995984, 2572218.686746988], [693570.0582329317, 2572228.686746988], [693568.391566265, 2572231.186746988], [693563.391566265, 2572238.686746988], [693558.391566265, 2572243.686746988], [693553.391566265, 2572248.686746988], [693548.391566265, 2572253.686746988], [693538.391566265, 2572257.0200803215], [693536.7248995984, 2572258.6867469884], [693528.391566265, 2572267.0200803215], [693526.7248995984, 2572268.686746988], [693525.891566265, 2572278.686746988], [693526.7248995984, 2572288.6867469884], [693528.391566265, 2572290.353413655], [693534.641566265, 2572298.686746988], [693534.641566265, 2572308.686746988], [693534.641566265, 2572318.686746988], [693534.641566265, 2572328.686746988], [693533.391566265, 2572338.686746988], [693533.391566265, 2572348.686746988], [693528.391566265, 2572356.186746988], [693526.7248995984, 2572358.686746988], [693524.641566265, 2572368.686746988], [693518.3915662651, 2572377.0200803215], [693516.7248995984, 2572378.6867469884], [693514.641566265, 2572388.686746988], [693513.391566265, 2572398.686746988], [693508.391566265, 2572406.186746988], [693506.7248995984, 2572408.6867469884], [693506.7248995984, 2572418.686746988], [693498.391566265, 2572427.0200803215], [693496.7248995984, 2572428.686746988], [693493.391566265, 2572438.686746988], [693488.391566265, 2572446.186746988], [693486.7248995984, 2572448.686746988], [693485.891566265, 2572458.686746988], [693488.391566265, 2572461.186746988], [693495.891566265, 2572468.686746988], [693498.391566265, 2572471.186746988], [693505.891566265, 2572478.686746988], [693508.391566265, 2572480.3534136545], [693516.7248995984, 2572488.686746988], [693518.3915662651, 2572490.3534136545], [693526.7248995984, 2572498.6867469884], [693526.7248995984, 2572508.686746988], [693528.391566265, 2572510.3534136545], [693536.7248995984, 2572518.686746988], [693536.7248995984, 2572528.6867469884], [693538.391566265, 2572530.353413655], [693546.7248995984, 2572538.686746988], [693548.3915662651, 2572540.3534136545], [693554.641566265, 2572548.686746988], [693558.391566265, 2572556.186746988], [693560.891566265, 2572558.686746988], [693564.641566265, 2572568.686746988], [693564.641566265, 2572578.686746988], [693566.7248995984, 2572588.6867469884], [693568.391566265, 2572590.353413655], [693574.641566265, 2572598.686746988], [693574.641566265, 2572608.686746988], [693578.391566265, 2572612.436746988], [693583.391566265, 2572618.686746988], [693584.641566265, 2572628.686746988], [693586.7248995984, 2572638.686746988], [693588.391566265, 2572640.3534136545], [693593.391566265, 2572648.686746988], [693593.391566265, 2572658.686746988], [693593.391566265, 2572668.686746988], [693588.391566265, 2572677.0200803215], [693586.7248995984, 2572678.6867469884], [693586.7248995984, 2572688.686746988], [693584.641566265, 2572698.686746988], [693583.391566265, 2572708.686746988], [693578.391566265, 2572716.186746988], [693576.7248995984, 2572718.686746988], [693576.7248995984, 2572728.686746988], [693573.391566265, 2572738.686746988], [693570.891566265, 2572748.686746988], [693570.891566265, 2572758.686746988], [693573.391566265, 2572768.686746988], [693578.391566265, 2572773.686746988], [693583.391566265, 2572778.686746988], [693588.391566265, 2572780.3534136545], [693598.391566265, 2572782.436746988], [693604.641566265, 2572788.686746988], [693608.391566265, 2572792.436746988], [693614.641566265, 2572798.686746988], [693613.391566265, 2572808.686746988], [693608.391566265, 2572814.936746988], [693604.641566265, 2572818.686746988], [693604.641566265, 2572828.686746988], [693604.641566265, 2572838.686746988], [693608.391566265, 2572842.436746988], [693614.641566265, 2572848.686746988], [693618.391566265, 2572852.436746988], [693624.641566265, 2572858.686746988], [693628.391566265, 2572862.436746988], [693634.641566265, 2572868.686746988], [693636.7248995984, 2572878.686746988], [693636.7248995984, 2572888.6867469884], [693638.391566265, 2572891.186746988], [693642.141566265, 2572898.686746988], [693644.641566265, 2572908.686746988], [693644.641566265, 2572918.686746988], [693643.391566265, 2572928.686746988], [693648.391566265, 2572936.186746988], [693650.0582329317, 2572938.686746988], [693656.7248995984, 2572948.6867469884], [693658.391566265, 2572950.353413655], [693666.7248995984, 2572958.686746988], [693668.3915662651, 2572960.3534136545], [693676.7248995984, 2572968.686746988], [693678.391566265, 2572970.3534136545], [693686.7248995984, 2572978.6867469884], [693688.391566265, 2572983.686746988], [693690.891566265, 2572988.686746988], [693696.7248995984, 2572998.686746988], [693698.3915662651, 2573000.3534136545], [693704.641566265, 2573008.686746988], [693708.391566265, 2573016.186746988], [693710.891566265, 2573018.686746988], [693718.391566265, 2573026.186746988], [693720.0582329317, 2573028.686746988], [693723.391566265, 2573038.686746988], [693724.641566265, 2573048.686746988], [693728.391566265, 2573056.186746988], [693730.0582329318, 2573058.686746988], [693734.641566265, 2573068.686746988], [693736.7248995984, 2573078.686746988], [693736.7248995984, 2573088.686746988], [693736.7248995984, 2573098.6867469884], [693736.7248995984, 2573108.686746988], [693736.7248995984, 2573118.686746988], [693736.7248995984, 2573128.6867469884], [693736.7248995984, 2573138.686746988], [693736.7248995984, 2573148.686746988], [693736.7248995984, 2573158.6867469884], [693736.7248995984, 2573168.686746988], [693736.7248995984, 2573178.686746988], [693733.391566265, 2573188.686746988], [693728.391566265, 2573193.686746988], [693723.391566265, 2573198.686746988], [693718.391566265, 2573201.186746988], [693710.891566265, 2573208.686746988], [693708.391566265, 2573210.3534136545], [693698.391566265, 2573213.686746988], [693694.641566265, 2573218.686746988], [693688.391566265, 2573223.686746988], [693678.391566265, 2573223.686746988], [693672.141566265, 2573218.686746988], [693668.391566265, 2573214.936746988], [693664.641566265, 2573218.686746988], [693658.391566265, 2573224.936746988], [693654.641566265, 2573228.686746988], [693653.391566265, 2573238.686746988], [693653.391566265, 2573248.686746988], [693658.391566265, 2573253.686746988], [693663.391566265, 2573258.686746988], [693668.391566265, 2573263.686746988], [693673.391566265, 2573268.686746988], [693678.391566265, 2573273.686746988], [693683.391566265, 2573278.686746988], [693688.391566265, 2573283.686746988], [693693.391566265, 2573288.686746988], [693698.391566265, 2573293.686746988], [693708.391566265, 2573293.686746988], [693713.391566265, 2573298.686746988], [693718.391566265, 2573303.686746988], [693723.391566265, 2573308.686746988], [693723.391566265, 2573318.686746988], [693728.391566265, 2573323.686746988], [693733.391566265, 2573328.686746988], [693733.391566265, 2573338.686746988], [693732.5582329317, 2573348.686746988], [693732.5582329317, 2573358.686746988], [693738.391566265, 2573364.5200803215], [693742.5582329317, 2573368.686746988], [693743.391566265, 2573378.686746988], [693748.391566265, 2573383.686746988], [693753.391566265, 2573388.686746988], [693753.391566265, 2573398.686746988], [693758.391566265, 2573403.686746988], [693763.391566265, 2573408.686746988], [693768.391566265, 2573413.686746988], [693778.391566265, 2573413.686746988], [693788.391566265, 2573413.686746988], [693793.391566265, 2573418.686746988], [693798.391566265, 2573423.686746988], [693804.641566265, 2573428.686746988], [693808.391566265, 2573432.436746988], [693814.641566265, 2573438.686746988], [693818.391566265, 2573442.436746988], [693826.7248995984, 2573448.686746988], [693828.391566265, 2573450.3534136545], [693838.391566265, 2573452.436746988], [693848.391566265, 2573452.436746988], [693856.7248995984, 2573458.6867469884], [693858.391566265, 2573460.353413655], [693864.641566265, 2573468.686746988], [693863.391566265, 2573478.686746988], [693863.391566265, 2573488.686746988], [693864.641566265, 2573498.686746988], [693868.391566265, 2573503.686746988], [693873.391566265, 2573508.686746988], [693878.391566265, 2573513.686746988], [693883.391566265, 2573518.686746988], [693888.391566265, 2573523.686746988], [693898.391566265, 2573527.020080321], [693900.0582329317, 2573528.686746988], [693908.391566265, 2573534.936746988], [693913.391566265, 2573538.686746988], [693918.391566265, 2573543.686746988], [693923.391566265, 2573548.686746988], [693923.391566265, 2573558.686746988], [693923.391566265, 2573568.686746988], [693918.391566265, 2573576.186746988], [693916.7248995984, 2573578.6867469884], [693916.7248995984, 2573588.686746988], [693918.391566265, 2573590.3534136545], [693926.7248995984, 2573598.686746988], [693928.391566265, 2573600.3534136545], [693938.391566265, 2573603.686746988], [693948.391566265, 2573603.686746988], [693953.391566265, 2573608.686746988], [693958.391566265, 2573611.186746988], [693968.391566265, 2573613.686746988], [693973.391566265, 2573608.686746988], [693978.391566265, 2573603.686746988], [693980.891566265, 2573598.686746988], [693988.391566265, 2573591.186746988], [693990.891566265, 2573588.686746988], [693998.391566265, 2573581.186746988], [694000.891566265, 2573578.686746988], [694008.391566265, 2573571.186746988], [694010.891566265, 2573568.686746988], [694013.391566265, 2573558.686746988], [694018.391566265, 2573551.186746988], [694020.891566265, 2573548.686746988], [694028.391566265, 2573543.686746988], [694035.891566265, 2573548.686746988], [694038.391566265, 2573550.353413655], [694048.391566265, 2573552.436746988], [694054.641566265, 2573558.686746988], [694058.391566265, 2573562.436746988], [694064.641566265, 2573568.686746988], [694064.641566265, 2573578.686746988], [694058.3915662651, 2573587.0200803215], [694056.7248995984, 2573588.686746988], [694056.7248995984, 2573598.686746988], [694058.391566265, 2573601.186746988], [694065.891566265, 2573608.686746988], [694065.891566265, 2573618.686746988], [694068.391566265, 2573621.186746988], [694075.891566265, 2573628.686746988], [694078.391566265, 2573630.3534136545], [694083.391566265, 2573628.686746988], [694088.391566265, 2573623.686746988], [694098.391566265, 2573620.3534136545], [694100.891566265, 2573618.686746988], [694108.391566265, 2573611.186746988], [694118.3915662651, 2573610.353413655], [694128.391566265, 2573610.353413655], [694138.391566265, 2573610.353413655], [694148.391566265, 2573612.436746988], [694154.641566265, 2573618.686746988], [694158.391566265, 2573622.436746988], [694164.641566265, 2573628.686746988], [694168.391566265, 2573632.436746988], [694178.391566265, 2573632.436746988], [694184.641566265, 2573638.686746988], [694188.391566265, 2573642.436746988], [694193.391566265, 2573648.686746988], [694194.641566265, 2573658.686746988], [694198.391566265, 2573662.436746988], [694204.641566265, 2573668.686746988], [694208.391566265, 2573672.436746988], [694214.641566265, 2573678.686746988], [694218.391566265, 2573682.436746988], [694223.391566265, 2573688.686746988], [694228.391566265, 2573693.686746988], [694233.391566265, 2573698.686746988], [694238.391566265, 2573703.686746988], [694243.391566265, 2573708.686746988], [694248.391566265, 2573713.686746988], [694258.391566265, 2573713.686746988], [694263.391566265, 2573718.686746988], [694268.391566265, 2573723.686746988], [694278.391566265, 2573723.686746988], [694283.391566265, 2573728.686746988], [694288.391566265, 2573733.686746988], [694294.641566265, 2573738.686746988], [694294.641566265, 2573748.686746988], [694298.391566265, 2573752.436746988], [694304.641566265, 2573758.686746988], [694308.391566265, 2573762.436746988], [694314.641566265, 2573768.686746988], [694318.391566265, 2573772.436746988], [694322.141566265, 2573768.686746988], [694328.391566265, 2573762.436746988], [694338.391566265, 2573763.686746988], [694348.391566265, 2573763.686746988], [694358.391566265, 2573763.686746988], [694363.391566265, 2573758.686746988], [694368.391566265, 2573753.686746988], [694378.391566265, 2573753.686746988], [694383.391566265, 2573758.686746988], [694384.641566265, 2573768.686746988], [694384.641566265, 2573778.686746988], [694384.641566265, 2573788.686746988], [694388.391566265, 2573792.436746988], [694394.641566265, 2573798.686746988], [694394.641566265, 2573808.686746988], [694398.391566265, 2573816.186746988], [694400.891566265, 2573818.686746988], [694408.391566265, 2573826.186746988], [694410.891566265, 2573828.686746988], [694418.391566265, 2573836.186746988], [694420.891566265, 2573838.686746988], [694426.7248995984, 2573848.6867469884], [694428.391566265, 2573853.686746988], [694433.391566265, 2573858.686746988], [694438.391566265, 2573863.686746988], [694440.891566265, 2573868.686746988], [694448.391566265, 2573876.186746988], [694458.391566265, 2573876.186746988], [694460.891566265, 2573878.686746988], [694468.391566265, 2573882.436746988], [694478.391566265, 2573883.686746988], [694483.391566265, 2573888.686746988], [694488.391566265, 2573893.686746988], [694493.391566265, 2573898.686746988], [694498.391566265, 2573903.686746988], [694503.391566265, 2573908.686746988], [694503.391566265, 2573918.686746988], [694508.391566265, 2573923.686746988], [694513.391566265, 2573928.686746988], [694513.391566265, 2573938.686746988], [694513.391566265, 2573948.686746988], [694508.391566265, 2573953.686746988], [694503.391566265, 2573958.686746988], [694503.391566265, 2573968.686746988], [694502.5582329317, 2573978.686746988], [694502.5582329317, 2573988.686746988], [694502.5582329317, 2573998.686746988], [694498.391566265, 2574002.8534136545], [694488.391566265, 2574002.8534136545], [694478.391566265, 2574002.8534136545], [694468.391566265, 2574002.8534136545], [694458.391566265, 2574002.8534136545], [694448.391566265, 2574002.8534136545], [694438.391566265, 2574002.8534136545], [694428.391566265, 2574002.8534136545], [694418.391566265, 2574002.8534136545], [694408.391566265, 2574002.8534136545], [694398.391566265, 2574002.8534136545], [694388.391566265, 2574002.8534136545], [694378.391566265, 2574002.8534136545], [694368.391566265, 2574002.8534136545], [694358.391566265, 2574002.8534136545], [694354.2248995984, 2573998.686746988], [694348.391566265, 2573992.8534136545], [694338.391566265, 2573992.8534136545], [694328.391566265, 2573992.8534136545], [694318.391566265, 2573992.8534136545], [694314.2248995984, 2573988.686746988], [694308.391566265, 2573982.8534136545], [694298.391566265, 2573982.8534136545], [694288.391566265, 2573982.8534136545], [694284.2248995984, 2573978.686746988], [694278.391566265, 2573972.8534136545], [694268.391566265, 2573972.8534136545], [694258.391566265, 2573972.8534136545], [694248.391566265, 2573972.8534136545], [694238.391566265, 2573972.8534136545], [694234.2248995984, 2573968.686746988], [694228.391566265, 2573962.8534136545], [694218.391566265, 2573962.8534136545], [694208.391566265, 2573962.8534136545], [694198.391566265, 2573962.8534136545], [694194.2248995984, 2573958.686746988], [694188.391566265, 2573952.8534136545], [694178.391566265, 2573952.8534136545], [694168.391566265, 2573952.8534136545], [694158.391566265, 2573952.8534136545], [694154.2248995984, 2573948.686746988], [694148.391566265, 2573942.8534136545], [694138.391566265, 2573942.8534136545], [694128.391566265, 2573942.8534136545], [694118.391566265, 2573942.8534136545], [694108.391566265, 2573942.8534136545], [694098.391566265, 2573942.8534136545], [694088.391566265, 2573942.8534136545], [694078.391566265, 2573942.8534136545], [694068.391566265, 2573942.8534136545], [694058.391566265, 2573942.8534136545], [694048.391566265, 2573942.8534136545], [694038.391566265, 2573942.8534136545], [694028.391566265, 2573942.8534136545], [694024.2248995984, 2573938.686746988], [694018.391566265, 2573932.8534136545], [694008.391566265, 2573932.8534136545], [693998.391566265, 2573932.8534136545], [693988.391566265, 2573932.8534136545], [693984.2248995984, 2573928.686746988], [693978.391566265, 2573922.8534136545], [693968.391566265, 2573922.8534136545], [693958.391566265, 2573922.8534136545], [693948.391566265, 2573922.8534136545], [693938.391566265, 2573922.8534136545], [693928.391566265, 2573922.8534136545], [693918.391566265, 2573922.8534136545], [693912.5582329317, 2573928.686746988], [693908.391566265, 2573932.8534136545], [693898.391566265, 2573932.8534136545], [693894.2248995984, 2573928.686746988], [693888.391566265, 2573922.8534136545], [693884.2248995984, 2573918.686746988], [693878.391566265, 2573912.8534136545], [693868.391566265, 2573912.8534136545], [693864.2248995984, 2573908.686746988], [693858.391566265, 2573902.8534136545], [693854.2248995984, 2573898.686746988], [693854.2248995984, 2573888.686746988], [693848.391566265, 2573882.8534136545], [693844.2248995984, 2573878.686746988], [693838.391566265, 2573872.8534136545], [693834.2248995984, 2573868.686746988], [693834.2248995984, 2573858.686746988], [693828.391566265, 2573852.8534136545], [693824.2248995984, 2573848.686746988], [693818.391566265, 2573842.8534136545], [693814.2248995984, 2573838.686746988], [693814.2248995984, 2573828.686746988], [693814.2248995984, 2573818.686746988], [693808.391566265, 2573812.8534136545], [693804.2248995984, 2573808.686746988], [693804.2248995984, 2573798.686746988], [693804.2248995984, 2573788.686746988], [693804.2248995984, 2573778.686746988], [693804.2248995984, 2573768.686746988], [693798.391566265, 2573762.8534136545], [693794.2248995984, 2573758.686746988], [693794.2248995984, 2573748.686746988], [693794.2248995984, 2573738.686746988], [693788.391566265, 2573732.8534136545], [693784.2248995984, 2573728.686746988], [693783.391566265, 2573718.686746988], [693778.391566265, 2573713.686746988], [693774.2248995984, 2573708.686746988], [693768.391566265, 2573702.8534136545], [693764.2248995984, 2573698.686746988], [693758.391566265, 2573692.8534136545], [693754.2248995984, 2573688.686746988], [693748.391566265, 2573682.8534136545], [693744.2248995984, 2573678.686746988], [693744.2248995984, 2573668.686746988], [693743.391566265, 2573658.686746988], [693738.391566265, 2573653.686746988], [693733.391566265, 2573648.686746988], [693733.391566265, 2573638.686746988], [693728.391566265, 2573633.686746988], [693723.391566265, 2573628.686746988], [693718.391566265, 2573623.686746988], [693713.391566265, 2573618.686746988], [693713.391566265, 2573608.686746988], [693712.141566265, 2573598.686746988], [693708.391566265, 2573594.936746988], [693703.391566265, 2573588.686746988], [693700.0582329318, 2573578.6867469884], [693698.3915662651, 2573577.0200803215], [693692.141566265, 2573568.686746988], [693688.391566265, 2573564.936746988], [693682.141566265, 2573558.686746988], [693678.391566265, 2573554.936746988], [693668.391566265, 2573553.686746988], [693663.391566265, 2573548.686746988], [693663.391566265, 2573538.686746988], [693663.391566265, 2573528.686746988], [693668.391566265, 2573522.436746988], [693672.141566265, 2573518.686746988], [693673.391566265, 2573508.686746988], [693673.391566265, 2573498.686746988], [693678.391566265, 2573493.686746988], [693683.391566265, 2573488.686746988], [693683.391566265, 2573478.686746988], [693683.391566265, 2573468.686746988], [693683.391566265, 2573458.686746988], [693678.391566265, 2573453.686746988], [693674.2248995984, 2573448.686746988], [693674.2248995984, 2573438.686746988], [693674.2248995984, 2573428.686746988], [693668.391566265, 2573422.8534136545], [693664.2248995984, 2573418.686746988], [693658.391566265, 2573412.8534136545], [693654.2248995984, 2573408.686746988], [693648.391566265, 2573402.8534136545], [693644.2248995984, 2573398.686746988], [693638.391566265, 2573392.8534136545], [693633.391566265, 2573388.686746988], [693628.391566265, 2573383.686746988], [693623.391566265, 2573378.686746988], [693618.391566265, 2573373.686746988], [693612.141566265, 2573368.686746988], [693608.391566265, 2573364.936746988], [693602.141566265, 2573358.686746988], [693598.391566265, 2573354.936746988], [693592.141566265, 2573348.686746988], [693588.391566265, 2573344.936746988], [693583.391566265, 2573338.686746988], [693582.141566265, 2573328.686746988], [693578.391566265, 2573324.936746988], [693572.141566265, 2573318.686746988], [693568.391566265, 2573314.936746988], [693563.391566265, 2573308.686746988], [693558.391566265, 2573303.686746988], [693553.391566265, 2573298.686746988], [693553.391566265, 2573288.686746988], [693548.391566265, 2573283.686746988], [693543.391566265, 2573278.686746988], [693543.391566265, 2573268.686746988], [693538.391566265, 2573263.686746988], [693533.391566265, 2573258.686746988], [693533.391566265, 2573248.686746988], [693528.391566265, 2573243.686746988], [693523.391566265, 2573238.686746988], [693523.391566265, 2573228.686746988], [693522.141566265, 2573218.686746988], [693518.391566265, 2573214.936746988], [693513.391566265, 2573208.686746988], [693508.391566265, 2573203.686746988], [693503.391566265, 2573198.686746988], [693498.391566265, 2573193.686746988], [693493.391566265, 2573188.686746988], [693488.391566265, 2573183.686746988], [693483.391566265, 2573178.686746988], [693478.391566265, 2573173.686746988], [693473.391566265, 2573168.686746988], [693472.141566265, 2573158.686746988], [693468.391566265, 2573154.936746988], [693462.141566265, 2573148.686746988], [693458.391566265, 2573144.936746988], [693452.141566265, 2573138.686746988], [693448.391566265, 2573134.936746988], [693443.391566265, 2573128.686746988], [693438.391566265, 2573123.686746988], [693433.391566265, 2573118.686746988], [693432.141566265, 2573108.686746988], [693428.391566265, 2573104.936746988], [693423.391566265, 2573098.686746988], [693418.391566265, 2573093.686746988], [693413.391566265, 2573088.686746988], [693412.141566265, 2573078.686746988], [693408.391566265, 2573074.936746988], [693403.391566265, 2573068.686746988], [693398.391566265, 2573063.686746988], [693393.391566265, 2573058.686746988], [693392.141566265, 2573048.686746988], [693388.391566265, 2573044.936746988], [693383.391566265, 2573038.686746988], [693382.141566265, 2573028.686746988], [693378.391566265, 2573024.936746988], [693372.141566265, 2573018.686746988], [693368.391566265, 2573011.186746988], [693366.7248995984, 2573008.686746988], [693366.7248995984, 2572998.686746988], [693366.7248995984, 2572988.686746988], [693366.7248995984, 2572978.686746988], [693364.641566265, 2572968.686746988], [693358.391566265, 2572962.436746988], [693354.641566265, 2572958.686746988], [693348.391566265, 2572953.686746988], [693342.141566265, 2572948.686746988], [693338.391566265, 2572944.936746988], [693328.391566265, 2572943.686746988], [693323.391566265, 2572938.686746988], [693318.391566265, 2572933.686746988], [693313.391566265, 2572928.686746988], [693308.391566265, 2572923.686746988], [693303.391566265, 2572918.686746988], [693302.141566265, 2572908.686746988], [693298.391566265, 2572904.936746988], [693292.141566265, 2572898.686746988], [693288.391566265, 2572894.936746988], [693283.391566265, 2572888.686746988], [693282.141566265, 2572878.686746988], [693278.391566265, 2572874.936746988], [693272.141566265, 2572868.686746988], [693268.391566265, 2572864.936746988], [693262.141566265, 2572858.686746988], [693258.391566265, 2572854.936746988], [693252.141566265, 2572848.686746988], [693248.391566265, 2572844.936746988], [693242.141566265, 2572838.686746988], [693238.391566265, 2572834.936746988], [693232.141566265, 2572828.686746988], [693228.391566265, 2572824.936746988], [693222.141566265, 2572818.686746988], [693218.391566265, 2572814.936746988], [693212.141566265, 2572808.686746988], [693208.391566265, 2572804.936746988], [693203.391566265, 2572798.686746988], [693198.391566265, 2572793.686746988], [693193.391566265, 2572788.686746988], [693188.391566265, 2572783.686746988], [693183.391566265, 2572778.686746988], [693182.141566265, 2572768.686746988], [693178.391566265, 2572764.936746988], [693172.141566265, 2572758.686746988], [693168.391566265, 2572754.936746988], [693162.141566265, 2572748.686746988], [693158.391566265, 2572744.936746988], [693148.391566265, 2572741.186746988], [693145.891566265, 2572738.686746988], [693138.391566265, 2572734.936746988], [693132.141566265, 2572728.686746988], [693128.391566265, 2572724.936746988], [693120.0582329317, 2572718.686746988], [693118.391566265, 2572717.0200803215], [693110.0582329317, 2572708.6867469884], [693108.391566265, 2572707.0200803215], [693098.391566265, 2572706.186746988], [693090.891566265, 2572698.686746988], [693088.391566265, 2572696.186746988], [693078.391566265, 2572693.686746988], [693073.391566265, 2572698.686746988], [693068.391566265, 2572703.686746988], [693066.7248995984, 2572708.6867469884], [693066.7248995984, 2572718.686746988], [693068.3915662651, 2572720.3534136545], [693076.7248995984, 2572728.686746988], [693078.391566265, 2572731.186746988], [693085.891566265, 2572738.686746988], [693086.7248995984, 2572748.686746988], [693088.391566265, 2572750.3534136545], [693096.7248995984, 2572758.686746988], [693098.3915662651, 2572760.3534136545], [693106.7248995984, 2572768.6867469884], [693108.391566265, 2572770.353413655], [693116.7248995984, 2572778.686746988], [693116.7248995984, 2572788.686746988], [693118.391566265, 2572790.3534136545], [693124.641566265, 2572798.686746988], [693128.391566265, 2572802.436746988], [693134.641566265, 2572808.686746988], [693138.391566265, 2572816.186746988], [693140.891566265, 2572818.686746988], [693144.641566265, 2572828.686746988], [693144.641566265, 2572838.686746988], [693148.391566265, 2572842.436746988], [693154.641566265, 2572848.686746988], [693158.391566265, 2572852.436746988], [693163.391566265, 2572858.686746988], [693168.391566265, 2572863.686746988], [693173.391566265, 2572868.686746988], [693173.391566265, 2572878.686746988], [693178.391566265, 2572883.686746988], [693183.391566265, 2572888.686746988], [693183.391566265, 2572898.686746988], [693184.641566265, 2572908.686746988], [693184.641566265, 2572918.686746988], [693188.391566265, 2572922.436746988], [693194.641566265, 2572928.686746988], [693194.641566265, 2572938.686746988], [693194.641566265, 2572948.686746988], [693196.7248995984, 2572958.686746988], [693198.391566265, 2572960.3534136545], [693204.641566265, 2572968.686746988], [693208.391566265, 2572972.436746988], [693213.391566265, 2572978.686746988], [693218.391566265, 2572983.686746988], [693223.391566265, 2572988.686746988], [693228.391566265, 2572993.686746988], [693233.391566265, 2572998.686746988], [693233.391566265, 2573008.686746988], [693238.391566265, 2573013.686746988], [693243.391566265, 2573018.686746988], [693244.641566265, 2573028.686746988], [693244.641566265, 2573038.686746988], [693248.391566265, 2573042.436746988], [693253.391566265, 2573048.686746988], [693254.641566265, 2573058.686746988], [693258.391566265, 2573062.436746988], [693263.391566265, 2573068.686746988], [693263.391566265, 2573078.686746988], [693268.391566265, 2573083.686746988], [693273.391566265, 2573088.686746988], [693273.391566265, 2573098.686746988], [693278.391566265, 2573103.686746988], [693283.391566265, 2573108.686746988], [693283.391566265, 2573118.686746988], [693280.0582329318, 2573128.686746988], [693278.391566265, 2573130.353413655], [693273.391566265, 2573138.686746988], [693268.391566265, 2573144.936746988], [693264.641566265, 2573148.686746988], [693264.641566265, 2573158.686746988], [693268.391566265, 2573162.436746988], [693274.641566265, 2573168.686746988], [693278.391566265, 2573172.436746988], [693286.7248995984, 2573178.686746988], [693288.391566265, 2573180.3534136545], [693298.391566265, 2573183.686746988], [693303.391566265, 2573188.686746988], [693308.391566265, 2573193.686746988], [693313.391566265, 2573198.686746988], [693313.391566265, 2573208.686746988], [693308.391566265, 2573213.686746988], [693303.391566265, 2573218.686746988], [693298.391566265, 2573223.686746988], [693288.391566265, 2573223.686746988], [693283.391566265, 2573228.686746988], [693278.391566265, 2573233.686746988], [693268.391566265, 2573233.686746988], [693258.391566265, 2573234.936746988], [693248.391566265, 2573234.936746988], [693238.391566265, 2573234.936746988], [693234.641566265, 2573238.686746988], [693228.391566265, 2573243.686746988], [693218.391566265, 2573243.686746988], [693208.391566265, 2573244.936746988], [693200.891566265, 2573248.686746988], [693198.391566265, 2573250.353413655], [693188.391566265, 2573253.686746988], [693178.391566265, 2573253.686746988], [693168.391566265, 2573254.936746988], [693158.3915662651, 2573257.0200803215], [693148.391566265, 2573257.0200803215], [693138.391566265, 2573257.0200803215], [693128.3915662651, 2573257.0200803215], [693118.391566265, 2573257.0200803215], [693108.391566265, 2573257.0200803215], [693098.391566265, 2573254.936746988], [693088.391566265, 2573253.686746988], [693083.391566265, 2573248.686746988], [693078.391566265, 2573243.686746988], [693073.391566265, 2573238.686746988], [693068.391566265, 2573233.686746988], [693063.391566265, 2573228.686746988], [693058.391566265, 2573220.353413655], [693056.7248995984, 2573218.686746988], [693048.391566265, 2573210.3534136545], [693043.391566265, 2573208.686746988], [693038.3915662651, 2573207.0200803215], [693036.7248995984, 2573208.686746988], [693028.391566265, 2573217.0200803215], [693026.7248995984, 2573218.6867469884], [693024.641566265, 2573228.686746988], [693028.391566265, 2573232.436746988], [693033.391566265, 2573238.686746988], [693033.391566265, 2573248.686746988], [693028.391566265, 2573253.686746988], [693023.391566265, 2573258.686746988], [693023.391566265, 2573268.686746988], [693023.391566265, 2573278.686746988], [693023.391566265, 2573288.686746988], [693026.7248995984, 2573298.686746988], [693028.391566265, 2573300.3534136545], [693033.391566265, 2573308.686746988], [693034.641566265, 2573318.686746988], [693038.391566265, 2573322.436746988], [693044.641566265, 2573328.686746988], [693048.391566265, 2573332.436746988], [693058.391566265, 2573333.686746988], [693068.391566265, 2573333.686746988], [693078.391566265, 2573332.436746988], [693082.141566265, 2573328.686746988], [693088.391566265, 2573323.686746988], [693098.391566265, 2573323.686746988], [693108.391566265, 2573322.436746988], [693118.391566265, 2573320.3534136545], [693128.3915662651, 2573320.3534136545], [693138.391566265, 2573323.686746988], [693148.391566265, 2573327.0200803215], [693150.0582329317, 2573328.686746988], [693158.391566265, 2573333.686746988], [693166.7248995984, 2573338.6867469884], [693168.391566265, 2573340.353413655], [693176.7248995984, 2573348.686746988], [693178.391566265, 2573350.3534136545], [693188.391566265, 2573353.686746988], [693193.391566265, 2573358.686746988], [693198.391566265, 2573363.686746988], [693208.391566265, 2573363.686746988], [693218.391566265, 2573363.686746988], [693226.7248995984, 2573368.6867469884], [693228.391566265, 2573370.353413655], [693238.391566265, 2573373.686746988], [693248.391566265, 2573373.686746988], [693258.391566265, 2573373.686746988], [693268.391566265, 2573373.686746988], [693278.391566265, 2573373.686746988], [693288.391566265, 2573373.686746988], [693294.641566265, 2573378.686746988], [693298.391566265, 2573382.436746988], [693304.641566265, 2573388.686746988], [693308.391566265, 2573392.436746988], [693314.641566265, 2573398.686746988], [693313.391566265, 2573408.686746988], [693308.391566265, 2573414.936746988], [693304.641566265, 2573418.686746988], [693298.391566265, 2573424.936746988], [693294.641566265, 2573428.686746988], [693294.641566265, 2573438.686746988], [693288.391566265, 2573444.936746988], [693284.641566265, 2573448.686746988], [693278.391566265, 2573453.686746988], [693273.391566265, 2573458.686746988], [693268.391566265, 2573463.686746988], [693258.391566265, 2573463.686746988], [693248.391566265, 2573463.686746988], [693238.391566265, 2573464.936746988], [693234.641566265, 2573468.686746988], [693228.391566265, 2573473.686746988], [693223.391566265, 2573478.686746988], [693218.391566265, 2573483.686746988], [693213.391566265, 2573488.686746988], [693213.391566265, 2573498.686746988], [693208.391566265, 2573503.686746988], [693203.391566265, 2573508.686746988], [693198.391566265, 2573513.686746988], [693188.391566265, 2573513.686746988], [693178.391566265, 2573513.686746988], [693168.391566265, 2573514.936746988], [693158.391566265, 2573514.936746988], [693148.391566265, 2573514.936746988], [693138.391566265, 2573514.936746988], [693128.391566265, 2573514.936746988], [693124.641566265, 2573518.686746988], [693118.391566265, 2573524.936746988], [693114.641566265, 2573528.686746988], [693118.391566265, 2573532.436746988], [693124.641566265, 2573538.686746988], [693128.391566265, 2573546.186746988], [693130.891566265, 2573548.686746988], [693134.641566265, 2573558.686746988], [693133.391566265, 2573568.686746988], [693133.391566265, 2573578.686746988], [693138.391566265, 2573583.686746988], [693143.391566265, 2573588.686746988], [693143.391566265, 2573598.686746988], [693138.391566265, 2573603.686746988], [693133.391566265, 2573608.686746988], [693128.391566265, 2573613.686746988], [693118.391566265, 2573613.686746988], [693113.391566265, 2573618.686746988], [693108.391566265, 2573623.686746988], [693103.391566265, 2573628.686746988], [693103.391566265, 2573638.686746988], [693103.391566265, 2573648.686746988], [693098.391566265, 2573652.8534136545], [693092.5582329317, 2573658.686746988], [693088.391566265, 2573662.8534136545], [693082.5582329317, 2573668.686746988], [693078.391566265, 2573672.8534136545], [693068.391566265, 2573672.8534136545], [693058.391566265, 2573672.8534136545], [693054.2248995984, 2573668.686746988], [693048.391566265, 2573662.8534136545], [693044.2248995984, 2573658.686746988], [693038.391566265, 2573652.8534136545], [693034.2248995984, 2573648.686746988], [693034.2248995984, 2573638.686746988], [693028.391566265, 2573632.8534136545], [693024.2248995984, 2573628.686746988], [693024.2248995984, 2573618.686746988], [693018.391566265, 2573612.8534136545], [693014.2248995984, 2573608.686746988], [693008.391566265, 2573602.8534136545], [693004.2248995984, 2573598.686746988], [692998.391566265, 2573592.8534136545], [692994.2248995984, 2573588.686746988], [692988.391566265, 2573582.8534136545], [692984.2248995984, 2573578.686746988], [692978.391566265, 2573572.8534136545], [692974.2248995984, 2573568.686746988], [692968.391566265, 2573562.8534136545], [692964.2248995984, 2573558.686746988], [692958.391566265, 2573552.8534136545], [692954.2248995984, 2573548.686746988], [692954.2248995984, 2573538.686746988], [692948.391566265, 2573532.8534136545], [692944.2248995984, 2573528.686746988], [692938.391566265, 2573522.8534136545], [692934.2248995984, 2573518.686746988], [692928.391566265, 2573512.8534136545], [692924.2248995984, 2573508.686746988], [692924.2248995984, 2573498.686746988], [692918.391566265, 2573492.8534136545], [692914.2248995984, 2573488.686746988], [692908.391566265, 2573482.8534136545], [692904.2248995984, 2573478.686746988], [692898.391566265, 2573472.8534136545], [692894.2248995984, 2573468.686746988], [692888.391566265, 2573462.8534136545], [692884.2248995984, 2573458.686746988], [692878.391566265, 2573452.8534136545], [692874.2248995984, 2573448.686746988], [692868.391566265, 2573442.8534136545], [692864.2248995984, 2573438.686746988], [692858.391566265, 2573432.8534136545], [692854.2248995984, 2573428.686746988], [692848.391566265, 2573422.8534136545], [692844.2248995984, 2573418.686746988], [692838.391566265, 2573412.8534136545], [692834.2248995984, 2573408.686746988], [692828.391566265, 2573402.8534136545], [692824.2248995984, 2573398.686746988], [692818.391566265, 2573392.8534136545], [692814.2248995984, 2573388.686746988], [692808.391566265, 2573382.8534136545], [692804.2248995984, 2573378.686746988], [692798.391566265, 2573372.8534136545], [692788.391566265, 2573372.8534136545], [692784.2248995984, 2573368.686746988], [692778.391566265, 2573362.8534136545], [692774.2248995984, 2573358.686746988], [692768.391566265, 2573352.8534136545], [692764.2248995984, 2573348.686746988], [692758.391566265, 2573342.8534136545], [692748.391566265, 2573342.8534136545], [692744.2248995984, 2573338.686746988], [692738.391566265, 2573332.8534136545], [692734.2248995984, 2573328.686746988], [692728.391566265, 2573322.8534136545], [692724.2248995984, 2573318.686746988], [692718.391566265, 2573312.8534136545], [692714.2248995984, 2573308.686746988], [692708.391566265, 2573302.8534136545], [692698.391566265, 2573302.8534136545], [692694.2248995984, 2573298.686746988], [692688.391566265, 2573292.8534136545], [692684.2248995984, 2573288.686746988], [692678.391566265, 2573282.8534136545], [692674.2248995984, 2573278.686746988], [692668.391566265, 2573272.8534136545], [692664.2248995984, 2573268.686746988], [692658.391566265, 2573262.8534136545], [692648.391566265, 2573262.8534136545], [692644.2248995984, 2573258.686746988], [692638.391566265, 2573252.8534136545], [692634.2248995984, 2573248.686746988], [692628.391566265, 2573242.8534136545], [692618.391566265, 2573242.8534136545], [692614.2248995984, 2573238.686746988], [692608.391566265, 2573232.8534136545], [692598.391566265, 2573232.8534136545], [692594.2248995984, 2573228.686746988], [692588.391566265, 2573222.8534136545], [692578.391566265, 2573222.8534136545], [692574.2248995984, 2573218.686746988], [692568.391566265, 2573212.8534136545], [692558.391566265, 2573212.8534136545], [692554.2248995984, 2573208.686746988], [692548.391566265, 2573202.8534136545], [692538.391566265, 2573202.8534136545], [692534.2248995984, 2573198.686746988], [692528.391566265, 2573192.8534136545], [692518.391566265, 2573192.8534136545], [692514.2248995984, 2573188.686746988], [692508.391566265, 2573182.8534136545], [692498.391566265, 2573182.8534136545], [692494.2248995984, 2573178.686746988], [692488.391566265, 2573172.8534136545], [692484.2248995984, 2573168.686746988], [692478.391566265, 2573162.8534136545], [692468.391566265, 2573162.8534136545], [692464.2248995984, 2573158.686746988], [692458.391566265, 2573152.8534136545], [692448.391566265, 2573152.8534136545], [692444.2248995984, 2573148.686746988], [692438.391566265, 2573142.8534136545], [692428.391566265, 2573142.8534136545], [692424.2248995984, 2573138.686746988], [692418.391566265, 2573132.8534136545], [692408.391566265, 2573132.8534136545], [692404.2248995984, 2573128.686746988], [692398.391566265, 2573122.8534136545], [692388.391566265, 2573122.8534136545], [692384.2248995984, 2573118.686746988], [692378.391566265, 2573112.8534136545], [692368.391566265, 2573112.8534136545], [692364.2248995984, 2573108.686746988], [692358.391566265, 2573102.8534136545], [692348.391566265, 2573102.8534136545], [692344.2248995984, 2573098.686746988], [692338.391566265, 2573092.8534136545], [692334.2248995984, 2573088.686746988], [692328.391566265, 2573082.8534136545], [692324.2248995984, 2573078.686746988], [692324.2248995984, 2573068.686746988], [692318.391566265, 2573062.8534136545], [692314.2248995984, 2573058.686746988], [692314.2248995984, 2573048.686746988], [692314.2248995984, 2573038.686746988], [692313.391566265, 2573028.686746988], [692313.391566265, 2573018.686746988], [692308.391566265, 2573013.686746988], [692304.2248995984, 2573008.686746988], [692303.391566265, 2572998.686746988], [692303.391566265, 2572988.686746988], [692302.141566265, 2572978.686746988], [692298.391566265, 2572974.936746988], [692294.2248995984, 2572968.686746988], [692293.391566265, 2572958.686746988], [692288.391566265, 2572953.686746988], [692282.141566265, 2572948.686746988], [692278.391566265, 2572944.936746988], [692274.641566265, 2572948.686746988], [692268.391566265, 2572953.686746988], [692263.391566265, 2572958.686746988], [692261.391566265, 2572968.686746988], [692258.391566265, 2572971.686746988], [692252.5582329317, 2572978.686746988], [692248.391566265, 2572987.0200803215], [692246.7248995984, 2572988.686746988], [692243.391566265, 2572998.686746988], [692243.391566265, 2573008.686746988], [692242.5582329317, 2573018.686746988], [692238.391566265, 2573023.686746988], [692233.391566265, 2573028.686746988], [692232.5582329317, 2573038.686746988], [692228.391566265, 2573042.8534136545], [692222.5582329317, 2573048.686746988], [692218.391566265, 2573052.8534136545], [692212.5582329317, 2573058.686746988], [692208.391566265, 2573062.8534136545], [692202.5582329317, 2573068.686746988], [692198.391566265, 2573072.8534136545], [692188.391566265, 2573072.8534136545], [692178.391566265, 2573072.8534136545], [692174.2248995984, 2573068.686746988], [692168.391566265, 2573062.8534136545], [692158.391566265, 2573062.8534136545], [692154.2248995984, 2573058.686746988], [692148.391566265, 2573052.8534136545], [692138.391566265, 2573052.8534136545], [692128.391566265, 2573052.8534136545], [692124.2248995984, 2573048.686746988], [692118.391566265, 2573042.8534136545], [692108.391566265, 2573042.8534136545], [692104.2248995984, 2573038.686746988], [692098.391566265, 2573032.8534136545], [692088.391566265, 2573032.8534136545], [692078.391566265, 2573032.8534136545], [692068.391566265, 2573032.8534136545], [692064.2248995984, 2573028.686746988], [692058.391566265, 2573022.8534136545], [692054.2248995984, 2573018.686746988], [692048.391566265, 2573012.8534136545], [692038.391566265, 2573012.8534136545], [692028.391566265, 2573012.8534136545], [692024.2248995984, 2573008.686746988], [692018.391566265, 2573002.8534136545], [692008.391566265, 2573002.8534136545], [692004.2248995984, 2572998.686746988], [691998.391566265, 2572992.8534136545], [691988.391566265, 2572992.8534136545], [691978.391566265, 2572992.8534136545], [691968.391566265, 2572992.8534136545], [691964.2248995984, 2572988.686746988], [691958.391566265, 2572982.8534136545], [691948.391566265, 2572982.8534136545], [691944.2248995984, 2572978.686746988], [691938.391566265, 2572972.8534136545], [691928.391566265, 2572972.8534136545], [691924.2248995984, 2572968.686746988], [691918.391566265, 2572962.8534136545], [691914.2248995984, 2572958.686746988], [691908.391566265, 2572952.8534136545], [691898.391566265, 2572952.8534136545], [691894.2248995984, 2572948.686746988], [691888.391566265, 2572942.8534136545], [691878.391566265, 2572942.8534136545], [691874.2248995984, 2572938.686746988], [691868.391566265, 2572932.8534136545], [691858.391566265, 2572932.8534136545], [691848.391566265, 2572932.8534136545], [691838.391566265, 2572932.8534136545], [691834.2248995984, 2572928.686746988], [691828.391566265, 2572922.8534136545], [691818.391566265, 2572922.8534136545], [691808.391566265, 2572922.8534136545], [691804.2248995984, 2572918.686746988], [691798.391566265, 2572912.8534136545], [691788.391566265, 2572912.8534136545], [691778.391566265, 2572912.8534136545], [691772.5582329317, 2572918.686746988], [691768.391566265, 2572922.8534136545], [691758.391566265, 2572922.8534136545], [691748.391566265, 2572922.8534136545], [691738.391566265, 2572922.8534136545], [691734.2248995984, 2572918.686746988], [691728.391566265, 2572912.8534136545], [691718.391566265, 2572912.8534136545], [691708.391566265, 2572912.8534136545], [691704.2248995984, 2572908.686746988], [691698.391566265, 2572902.8534136545], [691688.391566265, 2572902.8534136545], [691684.2248995984, 2572898.686746988], [691678.391566265, 2572892.8534136545], [691668.391566265, 2572892.8534136545], [691664.2248995984, 2572888.686746988], [691658.391566265, 2572882.8534136545], [691654.2248995984, 2572878.686746988], [691648.391566265, 2572872.8534136545], [691642.5582329317, 2572878.686746988], [691638.391566265, 2572882.8534136545], [691632.5582329317, 2572888.686746988], [691632.5582329317, 2572898.686746988], [691632.5582329317, 2572908.686746988], [691628.391566265, 2572912.8534136545], [691622.5582329317, 2572918.686746988], [691622.5582329317, 2572928.686746988], [691622.5582329317, 2572938.686746988], [691622.5582329317, 2572948.686746988], [691622.5582329317, 2572958.686746988], [691622.5582329317, 2572968.686746988], [691622.5582329317, 2572978.686746988], [691618.391566265, 2572982.8534136545], [691612.5582329317, 2572988.686746988], [691612.5582329317, 2572998.686746988], [691608.391566265, 2573002.8534136545], [691602.5582329317, 2573008.686746988], [691602.5582329317, 2573018.686746988], [691602.5582329317, 2573028.686746988], [691602.5582329317, 2573038.686746988], [691598.391566265, 2573042.8534136545], [691592.5582329317, 2573048.686746988], [691592.5582329317, 2573058.686746988], [691592.5582329317, 2573068.686746988], [691592.5582329317, 2573078.686746988], [691592.5582329317, 2573088.686746988], [691598.391566265, 2573094.5200803215], [691602.5582329317, 2573098.686746988], [691608.391566265, 2573104.5200803215], [691612.5582329317, 2573108.686746988], [691618.391566265, 2573114.5200803215], [691628.391566265, 2573114.5200803215], [691638.391566265, 2573114.5200803215], [691642.5582329317, 2573118.686746988], [691648.391566265, 2573124.5200803215], [691658.391566265, 2573124.5200803215], [691662.5582329317, 2573128.686746988], [691668.391566265, 2573134.5200803215], [691678.391566265, 2573134.5200803215], [691682.5582329317, 2573138.686746988], [691688.391566265, 2573144.5200803215], [691698.391566265, 2573144.5200803215], [691708.391566265, 2573144.5200803215], [691718.391566265, 2573144.5200803215], [691728.391566265, 2573144.5200803215], [691732.5582329317, 2573148.686746988], [691738.391566265, 2573154.5200803215], [691742.5582329317, 2573158.686746988], [691748.391566265, 2573164.5200803215], [691752.5582329317, 2573168.686746988], [691752.5582329317, 2573178.686746988], [691752.5582329317, 2573188.686746988], [691758.391566265, 2573194.5200803215], [691762.5582329317, 2573198.686746988], [691768.391566265, 2573204.5200803215], [691778.391566265, 2573204.5200803215], [691788.391566265, 2573204.5200803215], [691798.391566265, 2573204.5200803215], [691808.391566265, 2573204.5200803215], [691818.391566265, 2573204.5200803215], [691828.391566265, 2573204.5200803215], [691838.391566265, 2573204.5200803215], [691842.5582329317, 2573208.686746988], [691848.391566265, 2573214.5200803215], [691858.391566265, 2573214.5200803215], [691862.5582329317, 2573218.686746988], [691868.391566265, 2573224.5200803215], [691878.391566265, 2573224.5200803215], [691882.5582329317, 2573228.686746988], [691888.391566265, 2573234.5200803215], [691898.391566265, 2573234.5200803215], [691902.5582329317, 2573238.686746988], [691908.391566265, 2573244.5200803215], [691918.391566265, 2573244.5200803215], [691928.391566265, 2573244.5200803215], [691932.5582329317, 2573248.686746988], [691938.391566265, 2573254.5200803215], [691948.391566265, 2573254.5200803215], [691952.5582329317, 2573258.686746988], [691958.391566265, 2573264.5200803215], [691968.391566265, 2573264.5200803215], [691972.5582329317, 2573268.686746988], [691978.391566265, 2573274.5200803215], [691982.5582329317, 2573278.686746988], [691988.391566265, 2573284.5200803215], [691998.391566265, 2573284.5200803215], [692008.391566265, 2573284.5200803215], [692018.391566265, 2573284.5200803215], [692028.391566265, 2573284.5200803215], [692032.5582329317, 2573288.686746988], [692038.391566265, 2573294.5200803215], [692048.391566265, 2573294.5200803215], [692052.5582329317, 2573298.686746988], [692058.391566265, 2573304.5200803215], [692062.5582329317, 2573308.686746988], [692068.391566265, 2573314.5200803215], [692078.391566265, 2573314.5200803215], [692082.5582329317, 2573318.686746988], [692088.391566265, 2573324.5200803215], [692092.5582329317, 2573328.686746988], [692092.5582329317, 2573338.686746988], [692092.5582329317, 2573348.686746988], [692098.391566265, 2573354.5200803215], [692102.5582329317, 2573358.686746988], [692102.5582329317, 2573368.686746988], [692108.391566265, 2573374.5200803215], [692112.5582329317, 2573378.686746988], [692112.5582329317, 2573388.686746988], [692112.5582329317, 2573398.686746988], [692118.391566265, 2573404.5200803215], [692122.5582329317, 2573408.686746988], [692122.5582329317, 2573418.686746988], [692118.391566265, 2573422.8534136545], [692112.5582329317, 2573428.686746988], [692108.391566265, 2573432.8534136545], [692098.391566265, 2573432.8534136545], [692093.391566265, 2573428.686746988], [692088.391566265, 2573423.686746988], [692078.391566265, 2573423.686746988], [692068.391566265, 2573423.686746988], [692058.391566265, 2573423.686746988], [692048.391566265, 2573423.686746988], [692038.391566265, 2573422.8534136545], [692028.391566265, 2573422.8534136545], [692022.141566265, 2573418.686746988], [692018.391566265, 2573414.936746988], [692008.391566265, 2573413.686746988], [691998.391566265, 2573410.3534136545], [691995.891566265, 2573408.686746988], [691988.391566265, 2573404.936746988], [691978.391566265, 2573404.936746988], [691968.391566265, 2573404.936746988], [691964.641566265, 2573408.686746988], [691964.641566265, 2573418.686746988], [691968.391566265, 2573426.186746988], [691970.0582329317, 2573428.686746988], [691978.391566265, 2573437.020080321], [691980.0582329317, 2573438.686746988], [691984.641566265, 2573448.686746988], [691988.391566265, 2573452.436746988], [691994.641566265, 2573458.686746988], [691998.391566265, 2573462.436746988], [692004.641566265, 2573468.686746988], [692008.391566265, 2573476.186746988], [692010.891566265, 2573478.686746988], [692018.391566265, 2573486.186746988], [692023.391566265, 2573488.686746988], [692028.391566265, 2573490.353413655], [692036.7248995984, 2573498.686746988], [692038.391566265, 2573500.3534136545], [692048.391566265, 2573503.686746988], [692053.391566265, 2573508.686746988], [692058.391566265, 2573513.686746988], [692063.391566265, 2573518.686746988], [692068.391566265, 2573523.686746988], [692073.391566265, 2573528.686746988], [692073.391566265, 2573538.686746988], [692073.391566265, 2573548.686746988], [692074.641566265, 2573558.686746988], [692078.391566265, 2573562.436746988], [692083.391566265, 2573568.686746988], [692083.391566265, 2573578.686746988], [692083.391566265, 2573588.686746988], [692083.391566265, 2573598.686746988], [692083.391566265, 2573608.686746988], [692083.391566265, 2573618.686746988], [692083.391566265, 2573628.686746988], [692083.391566265, 2573638.686746988], [692083.391566265, 2573648.686746988], [692078.391566265, 2573654.936746988], [692074.641566265, 2573658.686746988], [692072.141566265, 2573668.686746988], [692072.141566265, 2573678.686746988], [692074.641566265, 2573688.686746988], [692074.641566265, 2573698.686746988], [692070.891566265, 2573708.686746988], [692068.391566265, 2573713.686746988], [692066.7248995984, 2573718.686746988], [692058.391566265, 2573727.0200803215], [692056.7248995984, 2573728.6867469884], [692048.391566265, 2573734.936746988], [692038.391566265, 2573733.686746988], [692033.391566265, 2573728.686746988], [692028.391566265, 2573724.936746988], [692020.0582329318, 2573718.686746988], [692018.3915662651, 2573717.0200803215], [692016.7248995984, 2573718.686746988], [692008.391566265, 2573727.0200803215], [692006.7248995984, 2573728.6867469884], [692006.7248995984, 2573738.686746988], [692008.391566265, 2573740.3534136545], [692014.641566265, 2573748.686746988], [692016.7248995984, 2573758.6867469884], [692016.7248995984, 2573768.686746988], [692010.891566265, 2573778.686746988], [692008.391566265, 2573781.186746988], [692004.641566265, 2573788.686746988], [692005.891566265, 2573798.686746988], [692008.391566265, 2573801.186746988], [692015.891566265, 2573808.686746988], [692018.3915662651, 2573810.3534136545], [692028.391566265, 2573810.3534136545], [692038.391566265, 2573810.3534136545], [692048.3915662651, 2573810.3534136545], [692050.0582329318, 2573808.686746988], [692058.391566265, 2573802.436746988], [692068.391566265, 2573802.436746988], [692078.3915662651, 2573800.3534136545], [692088.391566265, 2573803.686746988], [692093.391566265, 2573808.686746988], [692098.391566265, 2573810.3534136545], [692108.391566265, 2573816.186746988], [692110.891566265, 2573818.686746988], [692118.391566265, 2573826.186746988], [692123.391566265, 2573828.686746988], [692128.391566265, 2573830.3534136545], [692138.391566265, 2573836.186746988], [692140.891566265, 2573838.686746988], [692148.391566265, 2573842.436746988], [692156.7248995984, 2573848.6867469884], [692158.391566265, 2573850.353413655], [692168.391566265, 2573856.186746988], [692170.891566265, 2573858.686746988], [692178.391566265, 2573862.436746988], [692184.641566265, 2573868.686746988], [692188.391566265, 2573872.436746988], [692196.7248995984, 2573878.6867469884], [692198.3915662651, 2573880.353413655], [692206.7248995984, 2573888.686746988], [692208.391566265, 2573890.3534136545], [692218.391566265, 2573897.0200803215], [692220.891566265, 2573898.686746988], [692228.391566265, 2573906.186746988], [692230.891566265, 2573908.686746988], [692234.641566265, 2573918.686746988], [692238.391566265, 2573922.436746988], [692244.641566265, 2573928.686746988], [692244.641566265, 2573938.686746988], [692238.391566265, 2573947.0200803215], [692236.7248995984, 2573948.686746988], [692236.7248995984, 2573958.686746988], [692228.3915662651, 2573967.0200803215], [692226.7248995984, 2573968.6867469884], [692228.391566265, 2573971.186746988], [692235.891566265, 2573978.686746988], [692238.391566265, 2573981.186746988], [692248.391566265, 2573980.3534136545], [692258.3915662651, 2573980.3534136545], [692260.891566265, 2573978.686746988], [692268.391566265, 2573971.186746988], [692278.391566265, 2573971.186746988], [692288.3915662651, 2573970.353413655], [692298.391566265, 2573972.436746988], [692308.391566265, 2573973.686746988], [692318.391566265, 2573973.686746988], [692323.391566265, 2573978.686746988], [692328.391566265, 2573983.686746988], [692333.391566265, 2573988.686746988], [692338.391566265, 2573993.686746988], [692343.391566265, 2573998.686746988], [692343.391566265, 2574008.686746988], [692343.391566265, 2574018.686746988], [692343.391566265, 2574028.686746988], [692348.391566265, 2574033.686746988], [692353.391566265, 2574038.686746988], [692358.391566265, 2574043.686746988], [692363.391566265, 2574048.686746988], [692363.391566265, 2574058.686746988], [692368.391566265, 2574063.686746988], [692373.391566265, 2574068.686746988], [692374.641566265, 2574078.686746988], [692378.391566265, 2574086.186746988], [692380.891566265, 2574088.686746988], [692383.391566265, 2574098.686746988], [692385.891566265, 2574108.686746988], [692386.7248995984, 2574118.6867469884], [692388.391566265, 2574123.686746988], [692393.391566265, 2574128.686746988], [692398.391566265, 2574133.686746988], [692403.391566265, 2574138.686746988], [692408.391566265, 2574143.686746988], [692413.391566265, 2574148.686746988], [692418.391566265, 2574153.686746988], [692423.391566265, 2574158.686746988], [692428.391566265, 2574163.686746988], [692433.391566265, 2574168.686746988], [692438.3915662651, 2574170.3534136545], [692448.391566265, 2574177.0200803215], [692450.0582329317, 2574178.686746988], [692458.391566265, 2574183.686746988], [692463.391566265, 2574188.686746988], [692468.391566265, 2574193.686746988], [692474.641566265, 2574198.686746988], [692478.391566265, 2574202.436746988], [692484.641566265, 2574208.686746988], [692488.391566265, 2574212.436746988], [692494.641566265, 2574218.686746988], [692498.391566265, 2574222.436746988], [692508.391566265, 2574223.686746988], [692518.391566265, 2574223.686746988], [692528.391566265, 2574223.686746988], [692533.391566265, 2574228.686746988], [692538.391566265, 2574233.686746988], [692548.391566265, 2574233.686746988], [692558.391566265, 2574233.686746988], [692568.391566265, 2574234.5200803215], [692574.2248995984, 2574228.686746988], [692578.391566265, 2574224.5200803215], [692584.2248995984, 2574218.686746988], [692584.2248995984, 2574208.686746988], [692584.2248995984, 2574198.686746988], [692584.2248995984, 2574188.686746988], [692588.391566265, 2574184.5200803215], [692598.391566265, 2574184.5200803215], [692608.391566265, 2574184.5200803215], [692618.391566265, 2574184.5200803215], [692628.391566265, 2574184.5200803215], [692634.2248995984, 2574178.686746988], [692638.391566265, 2574174.5200803215], [692648.391566265, 2574174.5200803215], [692658.391566265, 2574174.5200803215], [692668.391566265, 2574174.5200803215], [692678.391566265, 2574174.5200803215], [692682.5582329317, 2574178.686746988], [692688.391566265, 2574184.5200803215], [692692.5582329317, 2574188.686746988], [692692.5582329317, 2574198.686746988], [692688.391566265, 2574202.8534136545], [692682.5582329317, 2574208.686746988], [692682.5582329317, 2574218.686746988], [692678.391566265, 2574223.686746988], [692673.391566265, 2574228.686746988], [692668.391566265, 2574233.686746988], [692658.391566265, 2574233.686746988], [692653.391566265, 2574238.686746988], [692648.391566265, 2574243.686746988], [692643.391566265, 2574248.686746988], [692638.391566265, 2574253.686746988], [692633.391566265, 2574258.686746988], [692628.391566265, 2574263.686746988], [692623.391566265, 2574268.686746988], [692618.391566265, 2574273.686746988], [692613.391566265, 2574278.686746988], [692608.391566265, 2574283.686746988], [692603.391566265, 2574288.686746988], [692603.391566265, 2574298.686746988], [692603.391566265, 2574308.686746988], [692603.391566265, 2574318.686746988], [692608.391566265, 2574323.686746988], [692613.391566265, 2574328.686746988], [692618.391566265, 2574333.686746988], [692623.391566265, 2574338.686746988], [692628.391566265, 2574343.686746988], [692638.391566265, 2574343.686746988], [692643.391566265, 2574348.686746988], [692648.391566265, 2574353.686746988], [692653.391566265, 2574358.686746988], [692653.391566265, 2574368.686746988], [692653.391566265, 2574378.686746988], [692654.641566265, 2574388.686746988], [692654.641566265, 2574398.686746988], [692648.3915662651, 2574407.0200803215], [692646.7248995984, 2574408.686746988], [692638.391566265, 2574417.0200803215], [692636.7248995984, 2574418.6867469884], [692628.391566265, 2574427.0200803215], [692625.891566265, 2574428.686746988], [692618.391566265, 2574433.686746988], [692608.391566265, 2574437.0200803215], [692598.391566265, 2574437.0200803215], [692596.7248995984, 2574438.686746988], [692588.3915662651, 2574447.0200803215], [692586.7248995984, 2574448.6867469884], [692586.7248995984, 2574458.686746988], [692588.391566265, 2574461.186746988], [692595.891566265, 2574468.686746988], [692598.391566265, 2574471.186746988], [692605.891566265, 2574478.686746988], [692608.391566265, 2574480.353413655], [692618.3915662651, 2574480.353413655], [692628.391566265, 2574480.353413655], [692638.391566265, 2574480.353413655], [692640.0582329317, 2574478.6867469884], [692648.391566265, 2574472.436746988], [692658.391566265, 2574472.436746988], [692668.391566265, 2574472.436746988], [692678.3915662651, 2574470.3534136545], [692686.7248995984, 2574478.6867469884], [692688.391566265, 2574480.353413655], [692694.641566265, 2574488.686746988], [692698.391566265, 2574492.436746988], [692703.391566265, 2574498.686746988], [692708.391566265, 2574503.686746988], [692713.391566265, 2574508.686746988], [692718.391566265, 2574513.686746988], [692728.391566265, 2574513.686746988], [692738.391566265, 2574513.686746988], [692748.391566265, 2574513.686746988], [692753.391566265, 2574518.686746988], [692753.391566265, 2574528.686746988], [692753.391566265, 2574538.686746988], [692748.391566265, 2574544.936746988], [692744.641566265, 2574548.686746988], [692738.391566265, 2574554.936746988], [692730.891566265, 2574558.686746988], [692728.391566265, 2574561.186746988], [692718.391566265, 2574567.0200803215], [692708.3915662651, 2574567.0200803215], [692706.7248995984, 2574568.6867469884], [692698.391566265, 2574577.0200803215], [692695.891566265, 2574578.686746988], [692695.891566265, 2574588.686746988], [692693.391566265, 2574598.686746988], [692693.391566265, 2574608.686746988], [692693.391566265, 2574618.686746988], [692693.391566265, 2574628.686746988], [692695.891566265, 2574638.686746988], [692695.891566265, 2574648.686746988], [692693.391566265, 2574658.686746988], [692695.891566265, 2574668.686746988], [692698.391566265, 2574671.186746988], [692705.891566265, 2574678.686746988], [692708.391566265, 2574681.186746988], [692718.391566265, 2574683.686746988], [692728.391566265, 2574683.686746988], [692738.391566265, 2574683.686746988], [692748.391566265, 2574683.686746988], [692758.391566265, 2574683.686746988], [692768.391566265, 2574683.686746988], [692773.391566265, 2574688.686746988], [692778.391566265, 2574690.353413655], [692784.641566265, 2574698.686746988], [692783.391566265, 2574708.686746988], [692778.391566265, 2574714.936746988], [692774.641566265, 2574718.686746988], [692770.891566265, 2574728.686746988], [692768.391566265, 2574731.186746988], [692764.641566265, 2574738.686746988], [692764.641566265, 2574748.686746988], [692764.641566265, 2574758.686746988], [692763.391566265, 2574768.686746988], [692758.391566265, 2574774.936746988], [692754.641566265, 2574778.686746988], [692748.391566265, 2574784.936746988], [692744.641566265, 2574788.686746988], [692743.391566265, 2574798.686746988], [692738.391566265, 2574804.936746988], [692734.641566265, 2574808.686746988], [692728.391566265, 2574814.936746988], [692724.641566265, 2574818.686746988], [692724.641566265, 2574828.686746988], [692718.391566265, 2574834.936746988], [692714.641566265, 2574838.686746988], [692710.891566265, 2574848.686746988], [692708.391566265, 2574851.186746988], [692704.641566265, 2574858.686746988], [692698.391566265, 2574864.936746988], [692694.641566265, 2574868.686746988], [692694.641566265, 2574878.686746988], [692688.391566265, 2574887.0200803215], [692686.7248995984, 2574888.686746988], [692678.3915662651, 2574897.0200803215], [692676.7248995984, 2574898.6867469884], [692668.391566265, 2574907.0200803215], [692663.391566265, 2574908.686746988], [692658.391566265, 2574913.686746988], [692648.3915662651, 2574917.0200803215], [692643.391566265, 2574918.686746988], [692638.391566265, 2574923.686746988], [692628.391566265, 2574927.0200803215], [692626.7248995984, 2574928.6867469884], [692618.3915662651, 2574937.0200803215], [692608.391566265, 2574937.0200803215], [692598.391566265, 2574937.0200803215], [692596.7248995984, 2574938.686746988], [692588.3915662651, 2574947.0200803215], [692578.391566265, 2574947.0200803215], [692576.7248995984, 2574948.686746988], [692568.391566265, 2574957.0200803215], [692566.7248995984, 2574958.6867469884], [692565.891566265, 2574968.686746988], [692568.391566265, 2574973.686746988], [692573.391566265, 2574978.686746988], [692578.391566265, 2574983.686746988], [692588.391566265, 2574983.686746988], [692598.391566265, 2574981.186746988], [692600.891566265, 2574978.686746988], [692608.391566265, 2574971.186746988], [692613.391566265, 2574968.686746988], [692618.391566265, 2574963.686746988], [692628.391566265, 2574963.686746988], [692633.391566265, 2574958.686746988], [692638.391566265, 2574953.686746988], [692648.391566265, 2574951.186746988], [692658.391566265, 2574953.686746988], [692668.391566265, 2574953.686746988], [692673.391566265, 2574958.686746988], [692673.391566265, 2574968.686746988], [692668.391566265, 2574973.686746988], [692663.391566265, 2574978.686746988], [692663.391566265, 2574988.686746988], [692663.391566265, 2574998.686746988], [692658.391566265, 2575003.686746988], [692655.891566265, 2575008.686746988], [692653.391566265, 2575018.686746988], [692648.391566265, 2575023.686746988], [692643.391566265, 2575028.686746988], [692638.391566265, 2575033.686746988], [692635.891566265, 2575038.686746988], [692628.391566265, 2575046.186746988], [692625.891566265, 2575048.686746988], [692618.391566265, 2575056.186746988], [692615.891566265, 2575058.686746988], [692613.391566265, 2575068.686746988], [692613.391566265, 2575078.686746988], [692618.391566265, 2575083.686746988], [692623.391566265, 2575078.686746988], [692628.391566265, 2575073.686746988], [692638.391566265, 2575070.3534136545], [692640.0582329317, 2575068.686746988], [692648.3915662651, 2575060.3534136545], [692650.891566265, 2575058.686746988], [692658.391566265, 2575051.186746988], [692663.391566265, 2575048.686746988], [692668.391566265, 2575043.686746988], [692673.391566265, 2575038.686746988], [692678.391566265, 2575033.686746988], [692683.391566265, 2575028.686746988], [692688.391566265, 2575023.686746988], [692698.391566265, 2575023.686746988], [692708.391566265, 2575023.686746988], [692713.391566265, 2575028.686746988], [692718.391566265, 2575030.3534136545], [692720.0582329317, 2575028.686746988], [692728.391566265, 2575020.353413655], [692730.0582329317, 2575018.6867469884], [692738.3915662651, 2575010.3534136545], [692740.0582329318, 2575008.686746988], [692748.391566265, 2575000.3534136545], [692753.391566265, 2574998.686746988], [692758.391566265, 2574996.186746988], [692768.391566265, 2574992.436746988], [692778.391566265, 2574990.353413655], [692780.0582329317, 2574988.6867469884], [692788.391566265, 2574982.436746988], [692798.391566265, 2574982.436746988], [692802.141566265, 2574978.686746988], [692808.391566265, 2574972.436746988], [692812.141566265, 2574968.686746988], [692818.391566265, 2574962.436746988], [692822.141566265, 2574958.686746988], [692828.391566265, 2574953.686746988], [692838.391566265, 2574952.436746988], [692842.141566265, 2574948.686746988], [692848.391566265, 2574943.686746988], [692858.391566265, 2574942.436746988], [692868.391566265, 2574942.436746988], [692872.141566265, 2574938.686746988], [692878.391566265, 2574932.436746988], [692882.141566265, 2574928.686746988], [692888.391566265, 2574922.436746988], [692898.391566265, 2574922.436746988], [692905.891566265, 2574918.686746988], [692908.391566265, 2574916.186746988], [692915.891566265, 2574908.686746988], [692918.391566265, 2574906.186746988], [692928.391566265, 2574906.186746988], [692938.391566265, 2574902.436746988], [692948.391566265, 2574902.436746988], [692958.391566265, 2574902.436746988], [692968.391566265, 2574906.186746988], [692973.391566265, 2574908.686746988], [692978.391566265, 2574913.686746988], [692983.391566265, 2574918.686746988], [692983.391566265, 2574928.686746988], [692983.391566265, 2574938.686746988], [692988.391566265, 2574943.686746988], [692993.391566265, 2574948.686746988], [692998.391566265, 2574953.686746988], [693003.391566265, 2574958.686746988], [693008.391566265, 2574963.686746988], [693018.391566265, 2574966.186746988], [693020.891566265, 2574968.686746988], [693028.391566265, 2574976.186746988], [693030.891566265, 2574978.686746988], [693030.891566265, 2574988.686746988], [693033.391566265, 2574998.686746988], [693033.391566265, 2575008.686746988], [693038.391566265, 2575013.686746988], [693040.891566265, 2575018.686746988], [693048.391566265, 2575026.186746988], [693050.891566265, 2575028.686746988], [693050.891566265, 2575038.686746988], [693058.391566265, 2575046.186746988], [693060.891566265, 2575048.686746988], [693060.891566265, 2575058.686746988], [693060.891566265, 2575068.686746988], [693068.391566265, 2575076.186746988], [693070.891566265, 2575078.686746988], [693070.891566265, 2575088.686746988], [693073.391566265, 2575098.686746988], [693073.391566265, 2575108.686746988], [693073.391566265, 2575118.686746988], [693073.391566265, 2575128.686746988], [693073.391566265, 2575138.686746988], [693073.391566265, 2575148.686746988], [693068.391566265, 2575153.686746988], [693063.391566265, 2575158.686746988], [693063.391566265, 2575168.686746988], [693063.391566265, 2575178.686746988], [693058.391566265, 2575183.686746988], [693053.391566265, 2575188.686746988], [693048.391566265, 2575193.686746988], [693043.391566265, 2575198.686746988], [693038.391566265, 2575203.686746988], [693033.391566265, 2575208.686746988], [693033.391566265, 2575218.686746988], [693028.391566265, 2575223.686746988], [693023.391566265, 2575228.686746988], [693018.391566265, 2575233.686746988], [693013.391566265, 2575238.686746988], [693013.391566265, 2575248.686746988], [693013.391566265, 2575258.686746988], [693013.391566265, 2575268.686746988], [693013.391566265, 2575278.686746988], [693008.391566265, 2575283.686746988], [693006.7248995984, 2575288.6867469884], [693006.7248995984, 2575298.686746988], [693008.391566265, 2575303.686746988], [693013.391566265, 2575308.686746988], [693018.391566265, 2575313.686746988], [693023.391566265, 2575318.686746988], [693028.391566265, 2575321.186746988], [693035.891566265, 2575328.686746988], [693038.391566265, 2575331.186746988], [693045.891566265, 2575338.686746988], [693048.391566265, 2575340.3534136545], [693058.391566265, 2575341.186746988], [693068.391566265, 2575343.686746988], [693073.391566265, 2575348.686746988], [693078.391566265, 2575350.353413655], [693088.391566265, 2575350.353413655], [693098.3915662651, 2575350.353413655], [693108.391566265, 2575352.436746988], [693118.391566265, 2575353.686746988], [693128.391566265, 2575356.186746988], [693138.391566265, 2575356.186746988], [693148.391566265, 2575356.186746988], [693153.391566265, 2575358.686746988], [693158.391566265, 2575361.186746988], [693165.891566265, 2575368.686746988], [693168.391566265, 2575370.3534136545], [693178.391566265, 2575371.186746988], [693188.391566265, 2575373.686746988], [693195.891566265, 2575378.686746988], [693198.391566265, 2575383.686746988], [693203.391566265, 2575388.686746988], [693208.391566265, 2575391.186746988], [693213.391566265, 2575388.686746988], [693218.391566265, 2575383.686746988], [693223.391566265, 2575388.686746988], [693228.391566265, 2575390.3534136545], [693236.7248995984, 2575398.686746988], [693238.391566265, 2575400.3534136545], [693246.7248995984, 2575408.6867469884], [693246.7248995984, 2575418.686746988], [693248.391566265, 2575421.186746988], [693255.891566265, 2575428.686746988], [693258.391566265, 2575430.3534136545], [693263.391566265, 2575428.686746988], [693268.391566265, 2575426.186746988], [693278.391566265, 2575426.186746988], [693283.391566265, 2575428.686746988], [693288.391566265, 2575430.3534136545], [693296.7248995984, 2575438.6867469884], [693298.391566265, 2575440.353413655], [693308.3915662651, 2575440.353413655], [693318.391566265, 2575440.353413655], [693328.391566265, 2575440.353413655], [693338.3915662651, 2575440.353413655], [693348.391566265, 2575440.353413655], [693358.391566265, 2575443.686746988], [693368.391566265, 2575443.686746988], [693373.391566265, 2575438.686746988], [693378.391566265, 2575433.686746988], [693383.391566265, 2575428.686746988], [693388.391566265, 2575426.186746988], [693390.891566265, 2575428.686746988], [693398.391566265, 2575432.436746988], [693408.391566265, 2575432.436746988], [693416.7248995984, 2575438.6867469884], [693418.391566265, 2575440.353413655], [693426.7248995984, 2575448.686746988], [693428.3915662651, 2575450.3534136545], [693436.7248995984, 2575458.686746988], [693438.391566265, 2575460.3534136545], [693440.891566265, 2575458.686746988], [693448.391566265, 2575451.186746988], [693450.891566265, 2575448.686746988], [693458.391566265, 2575441.186746988], [693460.0582329318, 2575438.6867469884], [693468.391566265, 2575430.3534136545], [693470.0582329317, 2575428.686746988], [693478.391566265, 2575420.3534136545], [693480.0582329317, 2575418.686746988], [693488.3915662651, 2575410.353413655], [693490.0582329318, 2575408.6867469884], [693498.391566265, 2575403.686746988], [693508.391566265, 2575403.686746988], [693518.391566265, 2575403.686746988], [693528.391566265, 2575403.686746988], [693538.391566265, 2575403.686746988], [693543.391566265, 2575408.686746988], [693548.391566265, 2575413.686746988], [693558.391566265, 2575413.686746988], [693563.391566265, 2575408.686746988], [693568.391566265, 2575403.686746988], [693578.391566265, 2575403.686746988], [693583.391566265, 2575398.686746988], [693588.391566265, 2575394.5200803215], [693592.5582329317, 2575398.686746988], [693598.391566265, 2575404.5200803215], [693608.391566265, 2575404.5200803215], [693612.5582329317, 2575408.686746988], [693618.391566265, 2575414.5200803215], [693622.5582329317, 2575418.686746988], [693628.391566265, 2575424.5200803215], [693632.5582329317, 2575428.686746988], [693638.391566265, 2575434.5200803215], [693642.5582329317, 2575438.686746988], [693648.391566265, 2575444.5200803215], [693658.391566265, 2575444.5200803215], [693663.391566265, 2575448.686746988], [693668.391566265, 2575453.686746988], [693678.391566265, 2575454.5200803215], [693683.391566265, 2575458.686746988], [693688.391566265, 2575463.686746988], [693698.391566265, 2575463.686746988], [693708.391566265, 2575464.5200803215], [693718.391566265, 2575464.5200803215], [693728.391566265, 2575464.5200803215], [693738.391566265, 2575464.5200803215], [693748.391566265, 2575464.5200803215], [693758.391566265, 2575464.5200803215], [693768.391566265, 2575464.5200803215], [693778.391566265, 2575464.5200803215], [693782.5582329317, 2575468.686746988], [693788.391566265, 2575474.5200803215], [693792.5582329317, 2575478.686746988], [693793.391566265, 2575488.686746988], [693793.391566265, 2575498.686746988], [693793.391566265, 2575508.686746988], [693794.641566265, 2575518.686746988], [693796.7248995984, 2575528.6867469884], [693796.7248995984, 2575538.686746988], [693796.7248995984, 2575548.686746988], [693796.7248995984, 2575558.6867469884], [693796.7248995984, 2575568.686746988], [693798.391566265, 2575573.686746988], [693803.391566265, 2575578.686746988], [693808.391566265, 2575583.686746988], [693818.391566265, 2575583.686746988], [693828.391566265, 2575583.686746988], [693833.391566265, 2575588.686746988], [693838.391566265, 2575593.686746988], [693843.391566265, 2575598.686746988], [693848.391566265, 2575603.686746988], [693850.891566265, 2575608.686746988], [693853.391566265, 2575618.686746988], [693853.391566265, 2575628.686746988], [693850.891566265, 2575638.686746988], [693848.391566265, 2575641.186746988], [693843.391566265, 2575648.686746988], [693838.391566265, 2575653.686746988], [693834.641566265, 2575658.686746988], [693828.391566265, 2575667.0200803215], [693826.7248995984, 2575668.686746988], [693823.391566265, 2575678.686746988], [693818.391566265, 2575684.936746988], [693814.641566265, 2575688.686746988], [693813.391566265, 2575698.686746988], [693810.0582329317, 2575708.686746988], [693808.391566265, 2575713.686746988], [693806.7248995984, 2575718.686746988], [693808.391566265, 2575720.3534136545], [693816.7248995984, 2575728.686746988], [693818.3915662651, 2575730.3534136545], [693828.391566265, 2575730.3534136545], [693838.391566265, 2575730.3534136545], [693848.3915662651, 2575730.3534136545], [693853.391566265, 2575728.686746988], [693858.391566265, 2575726.186746988], [693868.391566265, 2575726.186746988], [693873.391566265, 2575728.686746988], [693878.3915662651, 2575730.3534136545], [693888.391566265, 2575730.3534136545], [693890.0582329317, 2575728.686746988], [693898.391566265, 2575720.3534136545], [693900.891566265, 2575718.686746988], [693908.391566265, 2575713.686746988], [693918.391566265, 2575710.353413655], [693920.891566265, 2575708.686746988], [693928.391566265, 2575703.686746988], [693938.391566265, 2575703.686746988], [693945.891566265, 2575708.686746988], [693948.391566265, 2575710.353413655], [693956.7248995984, 2575718.686746988], [693958.391566265, 2575723.686746988], [693968.391566265, 2575723.686746988], [693970.891566265, 2575718.686746988], [693973.391566265, 2575708.686746988], [693975.891566265, 2575698.686746988], [693978.391566265, 2575693.686746988], [693980.0582329317, 2575688.686746988], [693982.141566265, 2575678.686746988], [693986.7248995984, 2575668.686746988], [693988.391566265, 2575666.186746988], [693998.391566265, 2575661.186746988], [694008.391566265, 2575661.186746988], [694018.391566265, 2575661.186746988], [694028.391566265, 2575661.186746988], [694038.391566265, 2575661.186746988], [694048.391566265, 2575663.686746988], [694053.391566265, 2575668.686746988], [694056.7248995984, 2575678.6867469884], [694058.3915662651, 2575680.353413655], [694066.7248995984, 2575688.686746988], [694068.391566265, 2575691.186746988], [694075.891566265, 2575698.686746988], [694078.391566265, 2575700.3534136545], [694080.0582329317, 2575698.686746988], [694088.3915662651, 2575690.3534136545], [694098.391566265, 2575690.3534136545], [694108.391566265, 2575690.3534136545], [694116.7248995984, 2575698.686746988], [694118.3915662651, 2575700.3534136545], [694128.391566265, 2575701.186746988], [694138.391566265, 2575700.3534136545], [694143.391566265, 2575698.686746988], [694148.391566265, 2575697.0200803215], [694158.391566265, 2575697.0200803215], [694160.891566265, 2575698.686746988], [694168.391566265, 2575706.186746988], [694170.891566265, 2575708.686746988], [694178.391566265, 2575712.436746988], [694188.391566265, 2575712.436746988], [694198.391566265, 2575710.353413655], [694208.3915662651, 2575710.353413655], [694218.391566265, 2575710.353413655], [694228.391566265, 2575712.436746988], [694238.391566265, 2575712.436746988], [694248.391566265, 2575712.436746988], [694256.7248995984, 2575718.686746988], [694258.391566265, 2575720.3534136545], [694268.391566265, 2575721.186746988], [694273.391566265, 2575718.686746988], [694278.391566265, 2575716.186746988], [694288.391566265, 2575711.186746988], [694298.3915662651, 2575710.353413655], [694308.391566265, 2575716.186746988], [694310.891566265, 2575718.686746988], [694318.391566265, 2575726.186746988], [694323.391566265, 2575728.686746988], [694326.7248995984, 2575738.6867469884], [694328.391566265, 2575743.686746988], [694333.391566265, 2575748.686746988], [694338.391566265, 2575753.686746988], [694343.391566265, 2575748.686746988], [694348.391566265, 2575743.686746988], [694350.891566265, 2575738.686746988], [694350.891566265, 2575728.686746988], [694350.891566265, 2575718.686746988], [694350.891566265, 2575708.686746988], [694350.891566265, 2575698.686746988], [694350.891566265, 2575688.686746988], [694350.891566265, 2575678.686746988], [694353.391566265, 2575668.686746988], [694353.391566265, 2575658.686746988], [694348.391566265, 2575656.186746988], [694338.391566265, 2575657.0200803215], [694328.3915662651, 2575657.0200803215], [694318.391566265, 2575651.186746988], [694313.391566265, 2575648.686746988], [694308.391566265, 2575646.186746988], [694300.891566265, 2575638.686746988], [694298.3915662651, 2575637.0200803215], [694288.391566265, 2575636.186746988], [694278.391566265, 2575636.186746988], [694270.891566265, 2575628.686746988], [694268.391566265, 2575626.186746988], [694260.891566265, 2575618.686746988], [694258.391566265, 2575616.186746988], [694250.891566265, 2575608.686746988], [694248.391566265, 2575606.186746988], [694240.891566265, 2575598.686746988], [694238.391566265, 2575596.186746988], [694228.391566265, 2575593.686746988], [694223.391566265, 2575588.686746988], [694218.391566265, 2575583.686746988], [694213.391566265, 2575578.686746988], [694210.891566265, 2575568.686746988], [694208.391566265, 2575566.186746988], [694200.891566265, 2575558.686746988], [694198.391566265, 2575557.0200803215], [694188.391566265, 2575551.186746988], [694185.891566265, 2575548.686746988], [694178.391566265, 2575544.936746988], [694168.391566265, 2575544.936746988], [694158.391566265, 2575541.186746988], [694153.391566265, 2575538.686746988], [694148.3915662651, 2575537.0200803215], [694138.391566265, 2575534.936746988], [694130.0582329317, 2575528.6867469884], [694128.391566265, 2575527.0200803215], [694118.391566265, 2575523.686746988], [694112.141566265, 2575518.686746988], [694108.391566265, 2575514.936746988], [694098.391566265, 2575513.686746988], [694092.141566265, 2575508.686746988], [694088.391566265, 2575504.936746988], [694078.391566265, 2575503.686746988], [694068.391566265, 2575503.686746988], [694058.391566265, 2575503.686746988], [694053.391566265, 2575498.686746988], [694048.391566265, 2575493.686746988], [694038.391566265, 2575493.686746988], [694028.391566265, 2575493.686746988], [694023.391566265, 2575488.686746988], [694018.391566265, 2575483.686746988], [694013.391566265, 2575478.686746988], [694013.391566265, 2575468.686746988], [694013.391566265, 2575458.686746988], [694014.2248995984, 2575448.686746988], [694014.2248995984, 2575438.686746988], [694018.391566265, 2575434.5200803215], [694028.391566265, 2575434.5200803215], [694034.2248995984, 2575428.686746988], [694038.391566265, 2575424.5200803215], [694044.2248995984, 2575418.686746988], [694048.391566265, 2575414.5200803215], [694058.391566265, 2575414.5200803215], [694068.391566265, 2575414.5200803215], [694078.391566265, 2575414.5200803215], [694088.391566265, 2575414.5200803215], [694098.391566265, 2575414.5200803215], [694103.391566265, 2575418.686746988], [694108.391566265, 2575423.686746988], [694113.391566265, 2575428.686746988], [694118.391566265, 2575433.686746988], [694123.391566265, 2575438.686746988], [694124.641566265, 2575448.686746988], [694128.391566265, 2575452.436746988], [694133.391566265, 2575458.686746988], [694138.391566265, 2575467.0200803215], [694140.0582329317, 2575468.686746988], [694148.391566265, 2575477.020080321], [694158.391566265, 2575477.020080321], [694160.891566265, 2575478.686746988], [694168.391566265, 2575482.436746988], [694178.391566265, 2575483.686746988], [694188.391566265, 2575483.686746988], [694198.391566265, 2575483.686746988], [694208.391566265, 2575483.686746988], [694218.391566265, 2575483.686746988], [694228.391566265, 2575483.686746988], [694238.391566265, 2575483.686746988], [694243.391566265, 2575488.686746988], [694248.391566265, 2575493.686746988], [694253.391566265, 2575498.686746988], [694258.391566265, 2575503.686746988], [694268.391566265, 2575503.686746988], [694273.391566265, 2575508.686746988], [694278.391566265, 2575513.686746988], [694288.391566265, 2575513.686746988], [694298.391566265, 2575513.686746988], [694308.391566265, 2575513.686746988], [694313.391566265, 2575508.686746988], [694318.391566265, 2575503.686746988], [694323.391566265, 2575498.686746988], [694328.391566265, 2575494.5200803215], [694338.391566265, 2575493.686746988], [694343.391566265, 2575488.686746988], [694348.391566265, 2575484.5200803215], [694358.391566265, 2575484.5200803215], [694368.391566265, 2575484.5200803215], [694378.391566265, 2575484.5200803215], [694388.391566265, 2575484.5200803215], [694398.391566265, 2575484.5200803215], [694402.5582329317, 2575488.686746988], [694408.391566265, 2575494.5200803215], [694418.391566265, 2575494.5200803215], [694428.391566265, 2575494.5200803215], [694432.5582329317, 2575498.686746988], [694438.391566265, 2575504.5200803215], [694442.5582329317, 2575508.686746988], [694448.391566265, 2575514.5200803215], [694452.5582329317, 2575518.686746988], [694458.391566265, 2575524.5200803215], [694462.5582329317, 2575528.686746988], [694462.5582329317, 2575538.686746988], [694468.391566265, 2575544.5200803215], [694472.5582329317, 2575548.686746988], [694478.391566265, 2575554.5200803215], [694483.391566265, 2575558.686746988], [694488.391566265, 2575563.686746988], [694493.391566265, 2575568.686746988], [694498.391566265, 2575573.686746988], [694508.391566265, 2575573.686746988], [694518.391566265, 2575573.686746988], [694528.391566265, 2575573.686746988], [694536.7248995984, 2575578.686746988], [694538.3915662651, 2575580.3534136545], [694548.391566265, 2575582.436746988], [694558.391566265, 2575582.436746988], [694568.391566265, 2575583.686746988], [694573.391566265, 2575578.686746988], [694578.391566265, 2575573.686746988], [694583.391566265, 2575568.686746988], [694583.391566265, 2575558.686746988], [694583.391566265, 2575548.686746988], [694583.391566265, 2575538.686746988], [694588.391566265, 2575533.686746988], [694598.391566265, 2575534.5200803215], [694608.391566265, 2575534.5200803215], [694614.2248995984, 2575528.686746988], [694618.391566265, 2575524.5200803215], [694628.391566265, 2575524.5200803215], [694638.391566265, 2575524.5200803215], [694644.2248995984, 2575518.686746988], [694648.391566265, 2575514.5200803215], [694652.5582329317, 2575518.686746988], [694658.391566265, 2575524.5200803215], [694663.391566265, 2575528.686746988], [694663.391566265, 2575538.686746988], [694663.391566265, 2575548.686746988], [694658.391566265, 2575553.686746988], [694653.391566265, 2575558.686746988], [694653.391566265, 2575568.686746988], [694653.391566265, 2575578.686746988], [694658.391566265, 2575583.686746988], [694663.391566265, 2575588.686746988], [694668.391566265, 2575593.686746988], [694673.391566265, 2575598.686746988], [694678.391566265, 2575603.686746988], [694683.391566265, 2575608.686746988], [694688.391566265, 2575613.686746988], [694693.391566265, 2575618.686746988], [694698.391566265, 2575623.686746988], [694708.391566265, 2575623.686746988], [694713.391566265, 2575628.686746988], [694718.391566265, 2575633.686746988], [694723.391566265, 2575638.686746988], [694728.391566265, 2575643.686746988], [694733.391566265, 2575648.686746988], [694738.391566265, 2575653.686746988], [694748.391566265, 2575653.686746988], [694758.391566265, 2575653.686746988], [694763.391566265, 2575658.686746988], [694768.391566265, 2575663.686746988], [694773.391566265, 2575668.686746988], [694778.391566265, 2575673.686746988], [694788.391566265, 2575673.686746988], [694793.391566265, 2575668.686746988], [694798.391566265, 2575663.686746988], [694808.391566265, 2575663.686746988], [694813.391566265, 2575668.686746988], [694818.391566265, 2575673.686746988], [694824.641566265, 2575678.686746988], [694828.391566265, 2575682.436746988], [694834.641566265, 2575688.686746988], [694838.391566265, 2575692.436746988], [694844.641566265, 2575698.686746988], [694848.391566265, 2575702.436746988], [694858.391566265, 2575703.686746988], [694868.391566265, 2575703.686746988], [694874.641566265, 2575708.686746988], [694878.391566265, 2575712.436746988], [694888.391566265, 2575713.686746988], [694894.641566265, 2575718.686746988], [694898.391566265, 2575722.436746988], [694903.391566265, 2575728.686746988], [694903.391566265, 2575738.686746988], [694903.391566265, 2575748.686746988], [694904.641566265, 2575758.686746988], [694908.391566265, 2575766.186746988], [694910.0582329317, 2575768.686746988], [694914.641566265, 2575778.686746988], [694918.391566265, 2575782.436746988], [694924.641566265, 2575788.686746988], [694928.391566265, 2575792.436746988], [694938.391566265, 2575793.686746988], [694948.391566265, 2575794.936746988], [694958.3915662651, 2575790.3534136545], [694960.0582329318, 2575788.686746988], [694966.7248995983, 2575778.686746988], [694968.391566265, 2575773.686746988], [694970.0582329317, 2575768.6867469884], [694970.0582329317, 2575758.686746988], [694978.391566265, 2575750.3534136545], [694980.0582329317, 2575748.686746988], [694988.391566265, 2575743.686746988], [694998.391566265, 2575743.686746988], [695008.391566265, 2575743.686746988], [695018.391566265, 2575743.686746988], [695028.391566265, 2575743.686746988], [695038.391566265, 2575744.5200803215], [695043.391566265, 2575748.686746988], [695048.391566265, 2575753.686746988], [695058.391566265, 2575753.686746988], [695063.391566265, 2575758.686746988], [695068.391566265, 2575763.686746988], [695073.391566265, 2575768.686746988], [695073.391566265, 2575778.686746988], [695076.7248995984, 2575788.686746988], [695078.3915662651, 2575790.3534136545], [695086.7248995984, 2575798.6867469884], [695088.391566265, 2575800.353413655], [695090.0582329317, 2575798.6867469884], [695098.391566265, 2575793.686746988], [695108.391566265, 2575793.686746988], [695118.391566265, 2575793.686746988], [695128.391566265, 2575793.686746988], [695133.391566265, 2575788.686746988], [695138.391566265, 2575783.686746988], [695148.391566265, 2575783.686746988], [695153.391566265, 2575788.686746988], [695158.391566265, 2575793.686746988], [695168.391566265, 2575793.686746988], [695178.391566265, 2575793.686746988], [695183.391566265, 2575798.686746988], [695188.391566265, 2575803.686746988], [695193.391566265, 2575808.686746988], [695196.7248995984, 2575818.686746988], [695198.3915662651, 2575820.3534136545], [695203.391566265, 2575828.686746988], [695204.641566265, 2575838.686746988], [695208.391566265, 2575842.436746988], [695213.391566265, 2575848.686746988], [695214.641566265, 2575858.686746988], [695216.7248995984, 2575868.686746988], [695218.391566265, 2575870.3534136545], [695226.7248995984, 2575878.686746988], [695228.3915662651, 2575880.3534136545], [695238.391566265, 2575882.436746988], [695248.391566265, 2575882.436746988], [695255.891566265, 2575878.686746988], [695258.391566265, 2575877.0200803215], [695266.7248995983, 2575868.686746988], [695268.391566265, 2575867.020080321], [695273.391566265, 2575858.686746988], [695278.391566265, 2575850.3534136545], [695280.0582329317, 2575848.686746988], [695282.141566265, 2575838.686746988], [695288.391566265, 2575832.436746988], [695292.141566265, 2575828.686746988], [695298.391566265, 2575820.3534136545], [695300.0582329317, 2575818.686746988], [695308.391566265, 2575813.686746988], [695318.391566265, 2575813.686746988], [695328.391566265, 2575813.686746988], [695333.391566265, 2575818.686746988], [695338.391566265, 2575823.686746988], [695343.391566265, 2575828.686746988], [695348.391566265, 2575833.686746988], [695353.391566265, 2575838.686746988], [695358.391566265, 2575843.686746988], [695363.391566265, 2575848.686746988], [695368.391566265, 2575853.686746988], [695373.391566265, 2575858.686746988], [695378.391566265, 2575863.686746988], [695388.391566265, 2575863.686746988], [695393.391566265, 2575868.686746988], [695398.391566265, 2575873.686746988], [695408.391566265, 2575873.686746988], [695413.391566265, 2575868.686746988], [695418.391566265, 2575863.686746988], [695428.391566265, 2575862.436746988], [695438.391566265, 2575862.436746988], [695448.391566265, 2575862.436746988], [695458.391566265, 2575863.686746988], [695463.391566265, 2575868.686746988], [695468.391566265, 2575873.686746988], [695478.391566265, 2575873.686746988], [695488.391566265, 2575873.686746988], [695493.391566265, 2575868.686746988], [695498.391566265, 2575863.686746988], [695503.391566265, 2575858.686746988], [695508.391566265, 2575853.686746988], [695513.391566265, 2575848.686746988], [695518.391566265, 2575843.686746988], [695528.391566265, 2575843.686746988], [695533.391566265, 2575838.686746988], [695538.391566265, 2575833.686746988], [695548.391566265, 2575833.686746988], [695558.391566265, 2575833.686746988], [695568.391566265, 2575833.686746988], [695578.391566265, 2575833.686746988], [695588.391566265, 2575833.686746988], [695593.391566265, 2575828.686746988], [695598.391566265, 2575823.686746988], [695603.391566265, 2575818.686746988], [695603.391566265, 2575808.686746988], [695608.391566265, 2575803.686746988], [695613.391566265, 2575798.686746988], [695618.391566265, 2575793.686746988], [695623.391566265, 2575788.686746988], [695628.391566265, 2575783.686746988], [695638.391566265, 2575783.686746988], [695643.391566265, 2575778.686746988], [695648.391566265, 2575773.686746988], [695653.391566265, 2575768.686746988], [695658.391566265, 2575762.436746988], [695662.141566265, 2575758.686746988], [695663.391566265, 2575748.686746988], [695663.391566265, 2575738.686746988], [695663.391566265, 2575728.686746988], [695663.391566265, 2575718.686746988], [695663.391566265, 2575708.686746988], [695663.391566265, 2575698.686746988], [695663.391566265, 2575688.686746988], [695664.2248995984, 2575678.686746988], [695664.2248995984, 2575668.686746988], [695668.391566265, 2575664.5200803215], [695674.2248995984, 2575658.686746988], [695674.2248995984, 2575648.686746988], [695678.391566265, 2575644.5200803215], [695684.2248995984, 2575638.686746988], [695684.2248995984, 2575628.686746988], [695688.391566265, 2575624.5200803215], [695694.2248995984, 2575618.686746988], [695698.391566265, 2575614.5200803215], [695704.2248995984, 2575608.686746988], [695708.391566265, 2575604.5200803215], [695714.2248995984, 2575598.686746988], [695718.391566265, 2575594.5200803215], [695724.2248995984, 2575588.686746988], [695728.391566265, 2575584.5200803215], [695734.2248995984, 2575578.686746988], [695738.391566265, 2575574.5200803215], [695748.391566265, 2575574.5200803215], [695758.391566265, 2575573.686746988], [695763.391566265, 2575568.686746988], [695768.391566265, 2575564.5200803215], [695778.391566265, 2575563.686746988], [695788.391566265, 2575563.686746988], [695793.391566265, 2575558.686746988], [695798.391566265, 2575553.686746988], [695803.391566265, 2575548.686746988], [695808.391566265, 2575543.686746988], [695813.391566265, 2575538.686746988], [695814.2248995984, 2575528.686746988], [695818.391566265, 2575524.5200803215], [695824.2248995984, 2575518.686746988], [695828.391566265, 2575514.5200803215], [695834.2248995984, 2575508.686746988], [695838.391566265, 2575504.5200803215], [695844.2248995984, 2575498.686746988], [695848.391566265, 2575494.5200803215], [695854.2248995984, 2575488.686746988], [695858.391566265, 2575484.5200803215], [695868.391566265, 2575484.5200803215], [695878.391566265, 2575484.5200803215], [695882.5582329317, 2575488.686746988], [695888.391566265, 2575494.5200803215], [695893.391566265, 2575498.686746988], [695898.391566265, 2575503.686746988], [695903.391566265, 2575508.686746988], [695908.391566265, 2575513.686746988], [695918.391566265, 2575514.5200803215], [695923.391566265, 2575518.686746988], [695928.391566265, 2575523.686746988], [695938.391566265, 2575524.5200803215], [695943.391566265, 2575528.686746988], [695948.391566265, 2575533.686746988], [695958.391566265, 2575534.5200803215], [695963.391566265, 2575538.686746988], [695968.391566265, 2575543.686746988], [695978.391566265, 2575544.5200803215], [695983.391566265, 2575548.686746988], [695988.391566265, 2575553.686746988], [695998.391566265, 2575554.5200803215], [696003.391566265, 2575558.686746988], [696008.391566265, 2575563.686746988], [696013.391566265, 2575568.686746988], [696018.391566265, 2575573.686746988], [696028.391566265, 2575574.5200803215], [696033.391566265, 2575578.686746988], [696038.391566265, 2575583.686746988], [696048.391566265, 2575583.686746988], [696058.391566265, 2575583.686746988], [696068.391566265, 2575584.5200803215], [696073.391566265, 2575588.686746988], [696078.391566265, 2575593.686746988], [696083.391566265, 2575598.686746988], [696088.391566265, 2575603.686746988], [696093.391566265, 2575608.686746988], [696098.391566265, 2575613.686746988], [696103.391566265, 2575618.686746988], [696108.391566265, 2575623.686746988], [696118.391566265, 2575623.686746988], [696128.391566265, 2575623.686746988], [696138.391566265, 2575623.686746988], [696143.391566265, 2575618.686746988], [696148.391566265, 2575614.5200803215], [696158.391566265, 2575614.5200803215], [696168.391566265, 2575614.5200803215], [696178.391566265, 2575614.5200803215], [696188.391566265, 2575614.5200803215], [696198.391566265, 2575614.5200803215], [696208.391566265, 2575614.5200803215], [696212.5582329317, 2575618.686746988], [696212.5582329317, 2575628.686746988], [696212.5582329317, 2575638.686746988], [696212.5582329317, 2575648.686746988], [696208.391566265, 2575653.686746988], [696203.391566265, 2575658.686746988], [696198.391566265, 2575663.686746988], [696193.391566265, 2575668.686746988], [696188.391566265, 2575673.686746988], [696183.391566265, 2575678.686746988], [696178.391566265, 2575683.686746988], [696173.391566265, 2575688.686746988], [696168.391566265, 2575693.686746988], [696163.391566265, 2575698.686746988], [696158.391566265, 2575704.936746988], [696154.641566265, 2575708.686746988], [696154.641566265, 2575718.686746988], [696158.391566265, 2575722.436746988], [696163.391566265, 2575728.686746988], [696168.391566265, 2575733.686746988], [696173.391566265, 2575738.686746988], [696178.391566265, 2575743.686746988], [696183.391566265, 2575748.686746988], [696188.391566265, 2575753.686746988], [696193.391566265, 2575758.686746988], [696198.391566265, 2575763.686746988], [696203.391566265, 2575768.686746988], [696203.391566265, 2575778.686746988], [696203.391566265, 2575788.686746988], [696203.391566265, 2575798.686746988], [696208.391566265, 2575803.686746988], [696213.391566265, 2575808.686746988], [696213.391566265, 2575818.686746988], [696213.391566265, 2575828.686746988], [696213.391566265, 2575838.686746988], [696213.391566265, 2575848.686746988], [696208.391566265, 2575853.686746988], [696203.391566265, 2575858.686746988], [696198.391566265, 2575863.686746988], [696193.391566265, 2575868.686746988], [696193.391566265, 2575878.686746988], [696188.391566265, 2575883.686746988], [696183.391566265, 2575888.686746988], [696182.5582329317, 2575898.686746988], [696178.391566265, 2575902.8534136545], [696172.5582329317, 2575908.686746988], [696172.5582329317, 2575918.686746988], [696168.391566265, 2575922.8534136545], [696162.5582329317, 2575928.686746988], [696162.5582329317, 2575938.686746988], [696158.391566265, 2575942.8534136545], [696152.5582329317, 2575948.686746988], [696148.391566265, 2575952.8534136545], [696142.5582329317, 2575958.686746988], [696138.391566265, 2575962.8534136545], [696132.5582329317, 2575968.686746988], [696128.391566265, 2575972.8534136545], [696118.391566265, 2575972.8534136545], [696108.391566265, 2575973.686746988], [696098.391566265, 2575973.686746988], [696088.391566265, 2575973.686746988], [696078.391566265, 2575973.686746988], [696072.141566265, 2575968.686746988], [696068.391566265, 2575964.936746988], [696058.391566265, 2575964.936746988], [696048.391566265, 2575964.936746988], [696038.391566265, 2575964.936746988], [696030.0582329317, 2575958.686746988], [696028.391566265, 2575957.0200803215], [696018.391566265, 2575954.936746988], [696008.391566265, 2575954.936746988], [695998.391566265, 2575954.936746988], [695988.391566265, 2575954.936746988], [695978.391566265, 2575954.936746988], [695968.391566265, 2575954.936746988], [695958.391566265, 2575954.936746988], [695948.391566265, 2575954.936746988], [695938.391566265, 2575957.0200803215], [695928.391566265, 2575957.0200803215], [695923.391566265, 2575958.686746988], [695918.391566265, 2575960.3534136545], [695908.391566265, 2575960.3534136545], [695898.391566265, 2575963.686746988], [695888.391566265, 2575963.686746988], [695878.391566265, 2575964.936746988], [695868.391566265, 2575964.936746988], [695858.391566265, 2575964.936746988], [695848.391566265, 2575961.186746988], [695838.391566265, 2575961.186746988], [695828.391566265, 2575964.936746988], [695818.391566265, 2575964.936746988], [695808.391566265, 2575964.936746988], [695798.3915662651, 2575967.0200803215], [695788.391566265, 2575967.0200803215], [695778.391566265, 2575967.0200803215], [695773.391566265, 2575968.686746988], [695768.391566265, 2575970.3534136545], [695758.391566265, 2575970.3534136545], [695748.391566265, 2575970.3534136545], [695743.391566265, 2575968.686746988], [695738.3915662651, 2575967.0200803215], [695728.391566265, 2575964.936746988], [695718.391566265, 2575964.936746988], [695708.391566265, 2575964.936746988], [695698.391566265, 2575964.936746988], [695688.391566265, 2575962.436746988], [695678.391566265, 2575960.3534136545], [695673.391566265, 2575958.686746988], [695668.391566265, 2575957.0200803215], [695658.391566265, 2575957.0200803215], [695655.891566265, 2575958.686746988], [695648.391566265, 2575962.436746988], [695638.391566265, 2575964.936746988], [695628.391566265, 2575964.936746988], [695618.3915662651, 2575967.0200803215], [695608.391566265, 2575967.0200803215], [695606.7248995984, 2575968.686746988], [695598.391566265, 2575974.936746988], [695588.3915662651, 2575977.0200803215], [695586.7248995984, 2575978.6867469884], [695578.391566265, 2575987.0200803215], [695576.7248995984, 2575988.686746988], [695568.391566265, 2575997.0200803215], [695566.7248995984, 2575998.686746988], [695558.391566265, 2576004.936746988], [695553.391566265, 2576008.686746988], [695548.391566265, 2576013.686746988], [695543.391566265, 2576018.686746988], [695538.391566265, 2576023.686746988], [695530.891566265, 2576028.686746988], [695528.391566265, 2576031.186746988], [695520.891566265, 2576038.686746988], [695518.391566265, 2576041.186746988], [695510.891566265, 2576048.686746988], [695508.391566265, 2576051.186746988], [695498.3915662651, 2576057.0200803215], [695496.7248995984, 2576058.686746988], [695488.391566265, 2576064.936746988], [695478.391566265, 2576067.0200803215], [695476.7248995984, 2576068.6867469884], [695468.391566265, 2576074.936746988], [695460.891566265, 2576078.686746988], [695458.391566265, 2576081.186746988], [695448.391566265, 2576087.0200803215], [695445.891566265, 2576088.686746988], [695438.391566265, 2576096.186746988], [695433.391566265, 2576098.686746988], [695428.391566265, 2576103.686746988], [695418.391566265, 2576107.0200803215], [695413.391566265, 2576108.686746988], [695408.391566265, 2576113.686746988], [695403.391566265, 2576118.686746988], [695398.391566265, 2576123.686746988], [695395.891566265, 2576128.686746988], [695395.891566265, 2576138.686746988], [695393.391566265, 2576148.686746988], [695393.391566265, 2576158.686746988], [695388.391566265, 2576163.686746988], [695383.391566265, 2576168.686746988], [695378.391566265, 2576173.686746988], [695375.891566265, 2576178.686746988], [695375.891566265, 2576188.686746988], [695376.7248995984, 2576198.686746988], [695378.391566265, 2576203.686746988], [695383.391566265, 2576208.686746988], [695383.391566265, 2576218.686746988], [695388.391566265, 2576223.686746988], [695393.391566265, 2576228.686746988], [695398.391566265, 2576233.686746988], [695403.391566265, 2576238.686746988], [695408.391566265, 2576243.686746988], [695418.391566265, 2576243.686746988], [695423.391566265, 2576248.686746988], [695428.391566265, 2576253.686746988], [695438.391566265, 2576253.686746988], [695443.391566265, 2576258.686746988], [695443.391566265, 2576268.686746988], [695448.391566265, 2576273.686746988], [695453.391566265, 2576278.686746988], [695453.391566265, 2576288.686746988], [695453.391566265, 2576298.686746988], [695453.391566265, 2576308.686746988], [695453.391566265, 2576318.686746988], [695458.391566265, 2576323.686746988]]}}, {"type": "Feature", "properties": {"level": 2.5, "label": "H3"}, "geometry": {"type": "LineString", "coordinates": [[692518.3915662649, 2573972.8534136545], [692514.2248995984, 2573968.686746988], [692508.391566265, 2573962.8534136545], [692498.391566265, 2573962.8534136545], [692494.2248995984, 2573958.686746988], [692488.391566265, 2573952.8534136545], [692478.391566265, 2573952.8534136545], [692474.2248995984, 2573948.686746988], [692468.391566265, 2573942.8534136545], [692464.2248995984, 2573938.686746988], [692464.2248995984, 2573928.686746988], [692458.391566265, 2573922.8534136545], [692454.2248995984, 2573918.686746988], [692454.2248995984, 2573908.686746988], [692448.391566265, 2573902.8534136545], [692444.2248995984, 2573898.686746988], [692444.2248995984, 2573888.686746988], [692448.391566265, 2573883.686746988], [692453.391566265, 2573878.686746988], [692453.391566265, 2573868.686746988], [692448.391566265, 2573863.686746988], [692444.2248995984, 2573858.686746988], [692444.2248995984, 2573848.686746988], [692443.391566265, 2573838.686746988], [692442.141566265, 2573828.686746988], [692438.391566265, 2573824.936746988], [692433.391566265, 2573818.686746988], [692428.391566265, 2573813.686746988], [692423.391566265, 2573808.686746988], [692423.391566265, 2573798.686746988], [692418.391566265, 2573793.686746988], [692414.2248995984, 2573788.686746988], [692414.2248995984, 2573778.686746988], [692408.391566265, 2573772.8534136545], [692404.2248995984, 2573768.686746988], [692404.2248995984, 2573758.686746988], [692404.2248995984, 2573748.686746988], [692408.391566265, 2573744.5200803215], [692414.2248995984, 2573738.686746988], [692414.2248995984, 2573728.686746988], [692414.2248995984, 2573718.686746988], [692418.391566265, 2573714.5200803215], [692424.2248995984, 2573708.686746988], [692428.391566265, 2573704.5200803215], [692432.5582329317, 2573708.686746988], [692438.391566265, 2573714.5200803215], [692442.5582329317, 2573718.686746988], [692448.391566265, 2573724.5200803215], [692458.391566265, 2573724.5200803215], [692468.391566265, 2573724.5200803215], [692478.391566265, 2573724.5200803215], [692482.5582329317, 2573728.686746988], [692488.391566265, 2573734.5200803215], [692498.391566265, 2573734.5200803215], [692508.391566265, 2573734.5200803215], [692518.391566265, 2573734.5200803215], [692522.5582329317, 2573738.686746988], [692528.391566265, 2573744.5200803215], [692532.5582329317, 2573748.686746988], [692538.391566265, 2573754.5200803215], [692542.5582329317, 2573758.686746988], [692548.391566265, 2573764.5200803215], [692552.5582329317, 2573768.686746988], [692552.5582329317, 2573778.686746988], [692558.391566265, 2573784.5200803215], [692562.5582329317, 2573788.686746988], [692568.391566265, 2573794.5200803215], [692572.5582329317, 2573798.686746988], [692572.5582329317, 2573808.686746988], [692578.391566265, 2573814.5200803215], [692582.5582329317, 2573818.686746988], [692588.391566265, 2573824.5200803215], [692592.5582329317, 2573828.686746988], [692592.5582329317, 2573838.686746988], [692592.5582329317, 2573848.686746988], [692598.391566265, 2573854.5200803215], [692602.5582329317, 2573858.686746988], [692608.391566265, 2573864.5200803215], [692612.5582329317, 2573868.686746988], [692618.391566265, 2573874.5200803215], [692628.391566265, 2573874.5200803215], [692632.5582329317, 2573878.686746988], [692638.391566265, 2573884.5200803215], [692642.5582329317, 2573888.686746988], [692648.391566265, 2573894.5200803215], [692652.5582329317, 2573898.686746988], [692652.5582329317, 2573908.686746988], [692648.391566265, 2573912.8534136545], [692642.5582329317, 2573918.686746988], [692638.391566265, 2573923.686746988], [692628.391566265, 2573923.686746988], [692623.391566265, 2573928.686746988], [692618.391566265, 2573933.686746988], [692613.391566265, 2573938.686746988], [692608.391566265, 2573943.686746988], [692598.391566265, 2573943.686746988], [692588.391566265, 2573943.686746988], [692583.391566265, 2573948.686746988], [692578.391566265, 2573953.686746988], [692568.391566265, 2573954.936746988], [692564.641566265, 2573958.686746988], [692558.391566265, 2573963.686746988], [692548.391566265, 2573963.686746988], [692538.391566265, 2573963.686746988], [692533.391566265, 2573968.686746988], [692528.391566265, 2573973.686746988], [692518.391566265, 2573972.8534136545]]}}, {"type": "Feature", "properties": {"level": 3.5, "label": "H4"}, "geometry": {"type": "LineString", "coordinates": [[695528.391566265, 2576283.686746988], [695538.391566265, 2576283.686746988], [695543.391566265, 2576278.686746988], [695548.391566265, 2576273.686746988], [695553.391566265, 2576268.686746988], [695558.391566265, 2576263.686746988], [695568.391566265, 2576263.686746988], [695578.391566265, 2576263.686746988], [695588.3915662651, 2576260.3534136545], [695593.391566265, 2576258.686746988], [695598.391566265, 2576253.686746988], [695603.391566265, 2576248.686746988], [695603.391566265, 2576238.686746988], [695608.391566265, 2576233.686746988], [695613.391566265, 2576228.686746988], [695613.391566265, 2576218.686746988], [695618.391566265, 2576213.686746988], [695623.391566265, 2576208.686746988], [695628.391566265, 2576206.186746988], [695638.391566265, 2576201.186746988], [695648.391566265, 2576199.936746988], [695653.391566265, 2576198.686746988], [695658.391566265, 2576196.186746988], [695668.391566265, 2576189.936746988], [695678.391566265, 2576189.936746988], [695680.891566265, 2576188.686746988], [695688.391566265, 2576183.686746988], [695698.391566265, 2576181.686746988], [695708.391566265, 2576179.936746988], [695718.391566265, 2576179.936746988], [695723.391566265, 2576178.686746988], [695728.391566265, 2576176.186746988], [695738.391566265, 2576169.936746988], [695748.391566265, 2576169.936746988], [695758.391566265, 2576169.936746988], [695768.391566265, 2576169.936746988], [695778.391566265, 2576169.936746988], [695788.391566265, 2576171.686746988], [695798.391566265, 2576171.686746988], [695808.391566265, 2576171.686746988], [695818.391566265, 2576171.686746988], [695828.391566265, 2576171.686746988], [695838.391566265, 2576173.686746988], [695845.891566265, 2576178.686746988], [695848.391566265, 2576179.936746988], [695858.391566265, 2576183.686746988], [695868.391566265, 2576183.686746988], [695873.391566265, 2576178.686746988], [695878.391566265, 2576173.686746988], [695888.391566265, 2576169.936746988], [695889.641566265, 2576168.686746988], [695898.391566265, 2576159.936746988], [695899.641566265, 2576158.686746988], [695908.391566265, 2576149.936746988], [695909.641566265, 2576148.686746988], [695918.391566265, 2576141.686746988], [695928.391566265, 2576141.686746988], [695937.141566265, 2576148.686746988], [695938.391566265, 2576149.936746988], [695948.391566265, 2576149.936746988], [695958.391566265, 2576149.936746988], [695959.641566265, 2576148.686746988], [695968.391566265, 2576141.686746988], [695978.391566265, 2576141.686746988], [695981.391566265, 2576138.686746988], [695988.391566265, 2576131.686746988], [695998.391566265, 2576131.686746988], [696001.391566265, 2576128.686746988], [696008.391566265, 2576121.686746988], [696018.391566265, 2576121.686746988], [696021.391566265, 2576118.686746988], [696028.391566265, 2576111.686746988], [696035.391566265, 2576118.686746988], [696038.391566265, 2576121.686746988], [696045.391566265, 2576128.686746988], [696048.391566265, 2576131.686746988], [696055.391566265, 2576138.686746988], [696058.391566265, 2576141.686746988], [696068.391566265, 2576141.686746988], [696078.391566265, 2576141.686746988], [696085.391566265, 2576148.686746988], [696088.391566265, 2576151.686746988], [696095.391566265, 2576158.686746988], [696098.391566265, 2576161.686746988], [696105.391566265, 2576168.686746988], [696108.391566265, 2576171.686746988], [696115.391566265, 2576178.686746988], [696118.391566265, 2576181.686746988], [696125.391566265, 2576188.686746988], [696128.391566265, 2576191.686746988], [696138.391566265, 2576191.686746988], [696145.391566265, 2576198.686746988], [696148.391566265, 2576201.686746988], [696158.391566265, 2576201.686746988], [696165.391566265, 2576208.686746988], [696168.391566265, 2576211.686746988], [696178.391566265, 2576211.686746988], [696188.391566265, 2576211.686746988], [696198.391566265, 2576211.686746988], [696208.391566265, 2576211.686746988], [696218.391566265, 2576211.686746988], [696228.391566265, 2576211.686746988], [696231.391566265, 2576208.686746988], [696238.391566265, 2576201.686746988], [696248.391566265, 2576201.686746988], [696251.391566265, 2576198.686746988], [696258.391566265, 2576191.686746988], [696268.391566265, 2576191.686746988], [696271.391566265, 2576188.686746988], [696278.391566265, 2576181.686746988], [696288.391566265, 2576181.686746988], [696291.391566265, 2576178.686746988], [696298.391566265, 2576171.686746988], [696301.391566265, 2576168.686746988], [696301.391566265, 2576158.686746988], [696308.391566265, 2576151.686746988], [696311.391566265, 2576148.686746988], [696311.391566265, 2576138.686746988], [696318.391566265, 2576131.686746988], [696321.391566265, 2576128.686746988], [696328.391566265, 2576121.686746988], [696331.391566265, 2576118.686746988], [696338.391566265, 2576111.686746988], [696341.391566265, 2576108.686746988], [696348.391566265, 2576101.686746988], [696351.391566265, 2576098.686746988], [696351.391566265, 2576088.686746988], [696351.391566265, 2576078.686746988], [696351.391566265, 2576068.686746988], [696348.391566265, 2576065.686746988], [696338.391566265, 2576065.686746988], [696335.391566265, 2576068.686746988], [696328.391566265, 2576075.686746988], [696325.391566265, 2576078.686746988], [696318.391566265, 2576085.686746988], [696315.391566265, 2576088.686746988], [696308.391566265, 2576095.686746988], [696298.391566265, 2576095.686746988], [696288.391566265, 2576095.686746988], [696278.391566265, 2576095.686746988], [696275.391566265, 2576098.686746988], [696268.391566265, 2576105.686746988], [696258.391566265, 2576105.686746988], [696248.391566265, 2576105.686746988], [696245.391566265, 2576108.686746988], [696238.391566265, 2576115.686746988], [696228.391566265, 2576115.686746988], [696225.391566265, 2576118.686746988], [696218.391566265, 2576125.686746988], [696208.391566265, 2576125.686746988], [696205.391566265, 2576128.686746988], [696198.391566265, 2576135.686746988], [696188.391566265, 2576135.686746988], [696181.391566265, 2576128.686746988], [696178.391566265, 2576125.686746988], [696171.391566265, 2576118.686746988], [696168.391566265, 2576115.686746988], [696158.391566265, 2576115.686746988], [696151.391566265, 2576108.686746988], [696148.391566265, 2576105.686746988], [696142.5582329317, 2576098.686746988], [696142.5582329317, 2576088.6867469875], [696142.5582329317, 2576078.6867469875], [696142.5582329317, 2576068.686746988], [696148.3915662649, 2576062.8534136545], [696152.5582329317, 2576058.6867469875], [696158.391566265, 2576052.8534136545], [696162.5582329317, 2576048.6867469875], [696168.3915662649, 2576042.8534136545], [696172.5582329317, 2576038.686746988], [696178.3915662649, 2576032.8534136545], [696182.5582329317, 2576028.6867469875], [696188.391566265, 2576022.8534136545], [696192.5582329317, 2576018.6867469875], [696198.3915662649, 2576012.8534136545], [696208.3915662649, 2576012.8534136545], [696212.5582329317, 2576008.686746988], [696218.391566265, 2576002.8534136545], [696228.3915662649, 2576002.8534136545], [696232.5582329317, 2575998.6867469875], [696238.3915662649, 2575992.8534136545], [696242.5582329317, 2575988.6867469875], [696248.391566265, 2575982.8534136545], [696252.5582329317, 2575978.686746988], [696252.5582329317, 2575968.6867469875], [696258.3915662649, 2575962.8534136545], [696262.5582329317, 2575958.6867469875], [696268.3915662649, 2575952.8534136545], [696272.5582329317, 2575948.686746988], [696278.391566265, 2575942.8534136545], [696282.5582329317, 2575938.6867469875], [696288.3915662649, 2575932.8534136545], [696298.391566265, 2575931.686746988], [696305.391566265, 2575938.686746988], [696308.391566265, 2575941.686746988], [696315.391566265, 2575948.686746988], [696315.391566265, 2575958.686746988], [696318.391566265, 2575961.686746988], [696325.391566265, 2575968.686746988], [696328.391566265, 2575971.686746988], [696338.391566265, 2575971.686746988], [696348.391566265, 2575971.686746988], [696358.391566265, 2575971.686746988], [696364.2248995984, 2575978.686746988], [696368.391566265, 2575982.8534136545], [696378.3915662649, 2575982.8534136545], [696382.5582329317, 2575978.686746988], [696388.3915662649, 2575972.8534136545], [696392.5582329317, 2575968.6867469875], [696398.391566265, 2575962.8534136545], [696402.5582329317, 2575958.6867469875], [696402.5582329317, 2575948.686746988], [696402.5582329317, 2575938.6867469875], [696402.5582329317, 2575928.6867469875], [696402.5582329317, 2575918.686746988], [696402.5582329317, 2575908.6867469875], [696402.5582329317, 2575898.6867469875], [696402.5582329317, 2575888.686746988], [696408.3915662649, 2575882.8534136545], [696412.5582329317, 2575878.6867469875], [696412.5582329317, 2575868.6867469875], [696412.5582329317, 2575858.686746988], [696418.3915662649, 2575852.8534136545], [696422.5582329317, 2575848.6867469875], [696428.391566265, 2575842.8534136545], [696432.5582329317, 2575838.6867469875], [696438.3915662649, 2575832.8534136545], [696442.5582329317, 2575828.686746988], [696442.5582329317, 2575818.6867469875], [696448.3915662649, 2575812.8534136545], [696452.5582329317, 2575808.6867469875], [696458.391566265, 2575802.8534136545], [696462.5582329317, 2575798.686746988], [696462.5582329317, 2575788.6867469875], [696458.391566265, 2575784.520080321], [696452.5582329317, 2575778.6867469875], [696452.5582329317, 2575768.686746988], [696458.391566265, 2575762.8534136545], [696462.5582329317, 2575758.6867469875], [696462.5582329317, 2575748.6867469875], [696468.3915662649, 2575742.8534136545], [696472.5582329317, 2575738.686746988], [696478.3915662649, 2575732.8534136545], [696482.5582329317, 2575728.6867469875], [696488.391566265, 2575722.8534136545], [696492.5582329317, 2575718.6867469875], [696492.5582329317, 2575708.686746988], [696498.3915662649, 2575702.8534136545], [696502.5582329317, 2575698.6867469875], [696502.5582329317, 2575688.6867469875], [696502.5582329317, 2575678.686746988], [696502.5582329317, 2575668.6867469875], [696502.5582329317, 2575658.6867469875], [696502.5582329317, 2575648.686746988], [696502.5582329317, 2575638.6867469875], [696502.5582329317, 2575628.6867469875], [696508.3915662649, 2575622.8534136545], [696512.5582329317, 2575618.686746988], [696512.5582329317, 2575608.6867469875], [696518.391566265, 2575602.8534136545], [696522.5582329317, 2575598.6867469875], [696522.5582329317, 2575588.686746988], [696528.3915662649, 2575582.8534136545], [696532.5582329317, 2575578.6867469875], [696538.3915662649, 2575572.8534136545], [696542.5582329317, 2575568.6867469875], [696548.391566265, 2575562.8534136545], [696552.5582329317, 2575558.686746988], [696558.391566265, 2575551.686746988], [696561.391566265, 2575548.686746988], [696561.391566265, 2575538.686746988], [696558.391566265, 2575535.686746988], [696552.5582329317, 2575528.686746988], [696552.5582329317, 2575518.6867469875], [696552.5582329317, 2575508.6867469875], [696558.3915662649, 2575502.8534136545], [696562.5582329317, 2575498.686746988], [696562.5582329317, 2575488.6867469875], [696568.3915662649, 2575482.8534136545], [696572.5582329317, 2575478.6867469875], [696578.391566265, 2575472.8534136545], [696582.5582329317, 2575468.686746988], [696588.3915662649, 2575462.8534136545], [696592.5582329317, 2575458.6867469875], [696598.3915662649, 2575452.8534136545], [696602.5582329317, 2575448.6867469875], [696602.5582329317, 2575438.686746988], [696602.5582329317, 2575428.6867469875], [696602.5582329317, 2575418.6867469875], [696602.5582329317, 2575408.686746988], [696602.5582329317, 2575398.6867469875], [696602.5582329317, 2575388.6867469875], [696602.5582329317, 2575378.686746988], [696602.5582329317, 2575368.6867469875], [696608.391566265, 2575362.8534136545], [696612.5582329317, 2575358.6867469875], [696612.5582329317, 2575348.686746988], [696618.3915662649, 2575342.8534136545], [696622.5582329317, 2575338.6867469875], [696628.3915662649, 2575332.8534136545], [696632.5582329317, 2575328.6867469875], [696638.391566265, 2575322.8534136545], [696642.5582329317, 2575318.686746988], [696648.3915662649, 2575312.8534136545], [696652.5582329317, 2575308.6867469875], [696652.5582329317, 2575298.6867469875], [696652.5582329317, 2575288.686746988], [696652.5582329317, 2575278.6867469875], [696652.5582329317, 2575268.6867469875], [696652.5582329317, 2575258.686746988], [696652.5582329317, 2575248.6867469875], [696652.5582329317, 2575238.6867469875], [696658.3915662649, 2575232.8534136545], [696662.5582329317, 2575228.686746988], [696662.5582329317, 2575218.6867469875], [696662.5582329317, 2575208.6867469875], [696668.391566265, 2575202.8534136545], [696672.5582329317, 2575198.686746988], [696678.3915662649, 2575192.8534136545], [696682.5582329317, 2575188.6867469875], [696688.3915662649, 2575182.8534136545], [696692.5582329317, 2575178.6867469875], [696692.5582329317, 2575168.686746988], [696698.391566265, 2575162.8534136545], [696702.5582329317, 2575158.6867469875], [696708.3915662649, 2575152.8534136545], [696712.5582329317, 2575148.6867469875], [696712.5582329317, 2575138.686746988], [696708.3915662649, 2575134.5200803215], [696702.5582329317, 2575128.6867469875], [696702.5582329317, 2575118.6867469875], [696708.3915662649, 2575112.8534136545], [696712.5582329317, 2575108.686746988], [696712.5582329317, 2575098.6867469875], [696718.3915662649, 2575092.8534136545], [696722.5582329317, 2575088.6867469875], [696728.391566265, 2575082.8534136545], [696732.5582329317, 2575078.686746988], [696738.3915662649, 2575072.8534136545], [696742.5582329317, 2575068.6867469875], [696742.5582329317, 2575058.6867469875], [696748.3915662649, 2575052.8534136545], [696752.5582329317, 2575048.686746988], [696752.5582329317, 2575038.6867469875], [696752.5582329317, 2575028.6867469875], [696752.5582329317, 2575018.686746988], [696752.5582329317, 2575008.6867469875], [696752.5582329317, 2574998.6867469875], [696752.5582329317, 2574988.686746988], [696752.5582329317, 2574978.6867469875], [696758.391566265, 2574972.8534136545], [696762.5582329317, 2574968.6867469875], [696762.5582329317, 2574958.686746988], [696768.3915662649, 2574952.8534136545], [696772.5582329317, 2574948.6867469875], [696772.5582329317, 2574938.6867469875], [696778.3915662649, 2574932.8534136545], [696782.5582329317, 2574928.686746988], [696788.391566265, 2574922.8534136545], [696792.5582329317, 2574918.6867469875], [696798.3915662649, 2574912.8534136545], [696802.5582329317, 2574908.6867469875], [696808.3915662649, 2574902.8534136545], [696812.5582329317, 2574898.686746988], [696812.5582329317, 2574888.6867469875], [696808.3915662649, 2574884.520080321], [696802.5582329317, 2574878.6867469875], [696802.5582329317, 2574868.686746988], [696802.5582329317, 2574858.6867469875], [696808.3915662649, 2574852.8534136545], [696812.5582329317, 2574848.6867469875], [696812.5582329317, 2574838.686746988], [696818.391566265, 2574832.8534136545], [696822.5582329317, 2574828.6867469875], [696828.3915662649, 2574822.8534136545], [696832.5582329317, 2574818.6867469875], [696838.3915662649, 2574812.8534136545], [696842.5582329317, 2574808.686746988], [696848.391566265, 2574802.8534136545], [696852.5582329317, 2574798.6867469875], [696852.5582329317, 2574788.6867469875], [696852.5582329317, 2574778.686746988], [696852.5582329317, 2574768.6867469875], [696852.5582329317, 2574758.6867469875], [696852.5582329317, 2574748.686746988], [696852.5582329317, 2574738.6867469875], [696852.5582329317, 2574728.6867469875], [696852.5582329317, 2574718.686746988], [696858.3915662649, 2574712.8534136545], [696862.5582329317, 2574708.6867469875], [696862.5582329317, 2574698.6867469875], [696868.3915662649, 2574692.8534136545], [696872.5582329317, 2574688.686746988], [696878.391566265, 2574682.8534136545], [696882.5582329317, 2574678.6867469875], [696888.3915662649, 2574672.8534136545], [696892.5582329317, 2574668.6867469875], [696898.3915662649, 2574662.8534136545], [696902.5582329317, 2574658.686746988], [696902.5582329317, 2574648.6867469875], [696902.5582329317, 2574638.6867469875], [696902.5582329317, 2574628.686746988], [696902.5582329317, 2574618.6867469875], [696902.5582329317, 2574608.6867469875], [696902.5582329317, 2574598.686746988], [696902.5582329317, 2574588.6867469875], [696902.5582329317, 2574578.6867469875], [696902.5582329317, 2574568.686746988], [696908.391566265, 2574562.8534136545], [696912.5582329317, 2574558.6867469875], [696912.5582329317, 2574548.6867469875], [696918.3915662649, 2574542.8534136545], [696922.5582329317, 2574538.686746988], [696928.3915662649, 2574532.8534136545], [696932.5582329317, 2574528.6867469875], [696938.391566265, 2574522.8534136545], [696942.5582329317, 2574518.6867469875], [696948.3915662649, 2574512.8534136545], [696952.5582329317, 2574508.686746988], [696958.3915662649, 2574502.8534136545], [696962.5582329317, 2574498.6867469875], [696962.5582329317, 2574488.6867469875], [696958.3915662649, 2574484.5200803215], [696952.5582329317, 2574478.686746988], [696952.5582329317, 2574468.6867469875], [696952.5582329317, 2574458.6867469875], [696952.5582329317, 2574448.686746988], [696952.5582329317, 2574438.6867469875], [696952.5582329317, 2574428.6867469875], [696952.5582329317, 2574418.686746988], [696958.3915662649, 2574412.8534136545], [696962.5582329317, 2574408.6867469875], [696962.5582329317, 2574398.6867469875], [696968.391566265, 2574391.686746988], [696971.391566265, 2574388.686746988], [696978.391566265, 2574381.686746988], [696981.391566265, 2574378.686746988], [696988.3915662649, 2574372.8534136545], [696992.5582329317, 2574368.6867469875], [696998.391566265, 2574362.8534136545], [697002.5582329317, 2574358.686746988], [697008.3915662649, 2574352.8534136545], [697012.5582329317, 2574348.6867469875], [697012.5582329317, 2574338.6867469875], [697008.3915662649, 2574334.5200803215], [697002.5582329317, 2574328.686746988], [697001.391566265, 2574318.686746988], [697001.391566265, 2574308.686746988], [697001.391566265, 2574298.686746988], [697001.391566265, 2574288.686746988], [697001.391566265, 2574278.686746988], [697001.391566265, 2574268.686746988], [697008.391566265, 2574261.686746988], [697011.391566265, 2574258.686746988], [697011.391566265, 2574248.686746988], [697018.391566265, 2574241.686746988], [697021.391566265, 2574238.686746988], [697028.391566265, 2574231.686746988], [697031.391566265, 2574228.686746988], [697038.391566265, 2574221.686746988], [697041.391566265, 2574218.686746988], [697048.391566265, 2574211.686746988], [697051.391566265, 2574208.686746988], [697058.391566265, 2574201.686746988], [697061.391566265, 2574198.686746988], [697061.391566265, 2574188.686746988], [697058.391566265, 2574185.686746988], [697051.391566265, 2574178.686746988], [697051.391566265, 2574168.686746988], [697051.391566265, 2574158.686746988], [697051.391566265, 2574148.686746988], [697051.391566265, 2574138.686746988], [697051.391566265, 2574128.686746988], [697051.391566265, 2574118.686746988], [697058.391566265, 2574111.686746988], [697061.391566265, 2574108.686746988], [697061.391566265, 2574098.686746988], [697068.391566265, 2574091.686746988], [697071.391566265, 2574088.686746988], [697078.391566265, 2574081.686746988], [697081.391566265, 2574078.686746988], [697088.391566265, 2574071.686746988], [697091.391566265, 2574068.686746988], [697098.391566265, 2574061.686746988], [697101.391566265, 2574058.686746988], [697108.391566265, 2574051.686746988], [697111.391566265, 2574048.686746988], [697111.391566265, 2574038.686746988], [697108.391566265, 2574035.686746988], [697101.391566265, 2574028.686746988], [697101.391566265, 2574018.686746988], [697101.391566265, 2574008.686746988], [697101.391566265, 2573998.686746988], [697101.391566265, 2573988.686746988], [697101.391566265, 2573978.686746988], [697101.391566265, 2573968.686746988], [697108.391566265, 2573961.686746988], [697111.391566265, 2573958.686746988], [697111.391566265, 2573948.686746988], [697118.391566265, 2573941.686746988], [697121.391566265, 2573938.686746988], [697128.391566265, 2573931.686746988], [697131.391566265, 2573928.686746988], [697138.391566265, 2573921.686746988], [697141.391566265, 2573918.686746988], [697148.391566265, 2573911.686746988], [697151.391566265, 2573908.686746988], [697158.391566265, 2573901.686746988], [697161.391566265, 2573898.686746988], [697161.391566265, 2573888.686746988], [697158.391566265, 2573885.686746988], [697151.391566265, 2573878.686746988], [697151.391566265, 2573868.686746988], [697151.391566265, 2573858.686746988], [697151.391566265, 2573848.686746988], [697151.391566265, 2573838.686746988], [697151.391566265, 2573828.686746988], [697158.391566265, 2573821.686746988], [697161.391566265, 2573818.686746988], [697168.391566265, 2573811.686746988], [697171.391566265, 2573808.686746988], [697171.391566265, 2573798.686746988], [697178.391566265, 2573791.686746988], [697181.391566265, 2573788.686746988], [697181.391566265, 2573778.686746988], [697181.391566265, 2573768.686746988], [697181.391566265, 2573758.686746988], [697181.391566265, 2573748.686746988], [697188.391566265, 2573741.686746988], [697191.391566265, 2573738.686746988], [697191.391566265, 2573728.686746988], [697198.391566265, 2573721.686746988], [697201.391566265, 2573718.686746988], [697208.391566265, 2573711.686746988], [697211.391566265, 2573708.686746988], [697211.391566265, 2573698.686746988], [697211.391566265, 2573688.686746988], [697218.391566265, 2573681.686746988], [697221.391566265, 2573678.686746988], [697221.391566265, 2573668.686746988], [697221.391566265, 2573658.686746988], [697221.391566265, 2573648.686746988], [697221.391566265, 2573638.686746988], [697221.391566265, 2573628.686746988], [697221.391566265, 2573618.686746988], [697221.391566265, 2573608.686746988], [697228.391566265, 2573601.686746988], [697231.391566265, 2573598.686746988], [697231.391566265, 2573588.686746988], [697231.391566265, 2573578.686746988], [697231.391566265, 2573568.686746988], [697238.391566265, 2573561.686746988], [697241.391566265, 2573558.686746988], [697241.391566265, 2573548.686746988], [697241.391566265, 2573538.686746988], [697241.391566265, 2573528.686746988], [697241.391566265, 2573518.686746988], [697248.391566265, 2573511.686746988], [697251.391566265, 2573508.686746988], [697251.391566265, 2573498.686746988], [697258.391566265, 2573491.686746988], [697261.391566265, 2573488.686746988], [697268.391566265, 2573481.686746988], [697271.391566265, 2573478.686746988], [697278.391566265, 2573471.686746988], [697288.391566265, 2573471.686746988], [697291.391566265, 2573468.686746988], [697298.391566265, 2573461.686746988], [697308.391566265, 2573461.686746988], [697311.391566265, 2573458.686746988], [697311.391566265, 2573448.686746988], [697311.391566265, 2573438.686746988], [697308.391566265, 2573435.686746988], [697301.391566265, 2573428.686746988], [697301.391566265, 2573418.686746988], [697301.391566265, 2573408.686746988], [697301.391566265, 2573398.686746988], [697301.391566265, 2573388.686746988], [697308.391566265, 2573381.686746988], [697311.391566265, 2573378.686746988], [697311.391566265, 2573368.686746988], [697318.391566265, 2573361.686746988], [697321.391566265, 2573358.686746988], [697328.391566265, 2573351.686746988], [697331.391566265, 2573348.686746988], [697331.391566265, 2573338.686746988], [697331.391566265, 2573328.686746988], [697338.391566265, 2573321.686746988], [697341.391566265, 2573318.686746988], [697341.391566265, 2573308.686746988], [697341.391566265, 2573298.686746988], [697341.391566265, 2573288.686746988], [697341.391566265, 2573278.686746988], [697348.391566265, 2573271.686746988], [697351.391566265, 2573268.686746988], [697351.391566265, 2573258.686746988], [697358.391566265, 2573251.686746988], [697361.391566265, 2573248.686746988], [697361.391566265, 2573238.686746988], [697368.391566265, 2573231.686746988], [697371.391566265, 2573228.686746988], [697371.391566265, 2573218.686746988], [697371.391566265, 2573208.686746988], [697371.391566265, 2573198.686746988], [697378.391566265, 2573191.686746988], [697381.391566265, 2573188.686746988], [697388.391566265, 2573181.686746988], [697391.391566265, 2573178.686746988], [697398.391566265, 2573171.686746988], [697401.391566265, 2573168.686746988], [697401.391566265, 2573158.686746988], [697408.391566265, 2573151.686746988], [697411.391566265, 2573148.686746988], [697418.391566265, 2573141.686746988], [697421.391566265, 2573138.686746988], [697428.391566265, 2573131.686746988], [697431.391566265, 2573128.686746988], [697431.391566265, 2573118.686746988], [697438.391566265, 2573111.686746988], [697441.391566265, 2573108.686746988], [697448.391566265, 2573101.686746988], [697451.391566265, 2573098.686746988], [697451.391566265, 2573088.686746988], [697451.391566265, 2573078.686746988], [697451.391566265, 2573068.686746988], [697451.391566265, 2573058.686746988], [697458.391566265, 2573051.686746988], [697461.391566265, 2573048.686746988], [697468.391566265, 2573041.686746988], [697471.391566265, 2573038.686746988], [697478.391566265, 2573031.686746988], [697481.391566265, 2573028.686746988], [697488.391566265, 2573021.686746988], [697491.391566265, 2573018.686746988], [697491.391566265, 2573008.686746988], [697498.391566265, 2573001.686746988], [697501.391566265, 2572998.686746988], [697501.391566265, 2572988.686746988], [697501.391566265, 2572978.686746988], [697501.391566265, 2572968.686746988], [697501.391566265, 2572958.686746988], [697508.391566265, 2572951.686746988], [697511.391566265, 2572948.686746988], [697518.391566265, 2572941.686746988], [697521.391566265, 2572938.686746988], [697528.391566265, 2572931.686746988], [697531.391566265, 2572928.686746988], [697538.391566265, 2572921.686746988], [697541.391566265, 2572918.686746988], [697548.391566265, 2572911.686746988], [697551.391566265, 2572908.686746988], [697551.391566265, 2572898.686746988], [697551.391566265, 2572888.686746988], [697549.641566265, 2572878.686746988], [697549.641566265, 2572868.686746988], [697558.391566265, 2572859.936746988], [697559.641566265, 2572858.686746988], [697568.391566265, 2572849.936746988], [697569.641566265, 2572848.686746988], [697578.391566265, 2572839.936746988], [697579.641566265, 2572838.686746988], [697588.391566265, 2572829.936746988], [697589.641566265, 2572828.686746988], [697589.641566265, 2572818.686746988], [697598.391566265, 2572809.936746988], [697599.641566265, 2572808.686746988], [697599.641566265, 2572798.686746988], [697599.641566265, 2572788.686746988], [697598.391566265, 2572783.686746988], [697588.391566265, 2572783.686746988], [697578.391566265, 2572783.686746988], [697573.391566265, 2572788.686746988], [697568.391566265, 2572793.686746988], [697558.391566265, 2572793.686746988], [697548.391566265, 2572793.686746988], [697543.391566265, 2572788.686746988], [697538.391566265, 2572783.686746988], [697533.391566265, 2572778.686746988], [697528.391566265, 2572773.686746988], [697523.391566265, 2572768.686746988], [697523.391566265, 2572758.686746988], [697523.391566265, 2572748.686746988], [697523.391566265, 2572738.686746988], [697523.391566265, 2572728.686746988], [697523.391566265, 2572718.686746988], [697523.391566265, 2572708.686746988], [697518.391566265, 2572703.686746988], [697513.391566265, 2572698.686746988], [697508.391566265, 2572693.686746988], [697498.391566265, 2572693.686746988], [697493.391566265, 2572688.686746988], [697488.391566265, 2572686.186746988], [697478.391566265, 2572686.186746988], [697473.391566265, 2572688.686746988], [697468.391566265, 2572693.686746988], [697458.391566265, 2572696.186746988], [697448.391566265, 2572696.186746988], [697440.891566265, 2572688.686746988], [697438.391566265, 2572683.686746988], [697433.391566265, 2572678.686746988], [697428.391566265, 2572673.686746988], [697418.391566265, 2572673.686746988], [697413.391566265, 2572668.686746988], [697408.391566265, 2572667.436746988], [697398.391566265, 2572667.436746988], [697388.391566265, 2572666.186746988], [697380.891566265, 2572658.686746988], [697378.391566265, 2572656.186746988], [697368.391566265, 2572653.686746988], [697358.391566265, 2572656.186746988], [697357.141566265, 2572658.686746988], [697348.391566265, 2572667.436746988], [697347.141566265, 2572668.686746988], [697347.141566265, 2572678.686746988], [697338.391566265, 2572687.436746988], [697337.141566265, 2572688.686746988], [697328.391566265, 2572697.436746988], [697319.641566265, 2572688.686746988], [697318.391566265, 2572687.436746988], [697309.641566265, 2572678.686746988], [697318.391566265, 2572669.936746988], [697319.641566265, 2572668.686746988], [697319.641566265, 2572658.686746988], [697328.391566265, 2572649.936746988], [697329.641566265, 2572648.686746988], [697329.641566265, 2572638.686746988], [697328.391566265, 2572633.686746988], [697323.391566265, 2572628.686746988], [697318.391566265, 2572623.686746988], [697308.391566265, 2572623.686746988], [697298.391566265, 2572627.436746988], [697289.641566265, 2572618.686746988], [697288.391566265, 2572617.436746988], [697279.641566265, 2572608.686746988], [697278.391566265, 2572607.436746988], [697269.641566265, 2572598.686746988], [697268.391566265, 2572597.436746988], [697258.391566265, 2572597.436746988], [697248.391566265, 2572597.436746988], [697247.141566265, 2572598.686746988], [697238.391566265, 2572607.436746988], [697237.141566265, 2572608.686746988], [697228.391566265, 2572617.436746988], [697218.391566265, 2572617.436746988], [697209.641566265, 2572608.686746988], [697209.641566265, 2572598.686746988], [697209.641566265, 2572588.686746988], [697209.641566265, 2572578.686746988], [697208.391566265, 2572573.686746988], [697205.891566265, 2572568.686746988], [697205.891566265, 2572558.686746988], [697200.891566265, 2572548.686746988], [697199.641566265, 2572538.686746988], [697198.391566265, 2572533.686746988], [697193.391566265, 2572528.686746988], [697193.391566265, 2572518.686746988], [697193.391566265, 2572508.686746988], [697193.391566265, 2572498.686746988], [697193.391566265, 2572488.686746988], [697193.391566265, 2572478.686746988], [697188.391566265, 2572473.686746988], [697183.391566265, 2572468.686746988], [697178.391566265, 2572466.186746988], [697170.891566265, 2572458.686746988], [697168.391566265, 2572453.686746988], [697163.391566265, 2572448.686746988], [697163.391566265, 2572438.686746988], [697163.391566265, 2572428.686746988], [697163.391566265, 2572418.686746988], [697168.391566265, 2572413.686746988], [697170.891566265, 2572408.686746988], [697173.391566265, 2572398.686746988], [697173.391566265, 2572388.686746988], [697173.391566265, 2572378.686746988], [697173.391566265, 2572368.686746988], [697173.391566265, 2572358.686746988], [697178.391566265, 2572353.686746988], [697183.391566265, 2572348.686746988], [697178.391566265, 2572343.686746988], [697168.391566265, 2572343.686746988], [697163.391566265, 2572338.686746988], [697158.391566265, 2572333.686746988], [697153.391566265, 2572328.686746988], [697153.391566265, 2572318.686746988], [697148.391566265, 2572313.686746988], [697143.391566265, 2572308.686746988], [697138.391566265, 2572303.686746988], [697128.391566265, 2572303.686746988], [697118.391566265, 2572303.686746988], [697113.391566265, 2572308.686746988], [697113.391566265, 2572318.686746988], [697113.391566265, 2572328.686746988], [697108.391566265, 2572333.686746988], [697103.391566265, 2572338.686746988], [697103.391566265, 2572348.686746988], [697107.141566265, 2572358.686746988], [697107.141566265, 2572368.686746988], [697107.141566265, 2572378.686746988], [697098.391566265, 2572387.436746988], [697093.391566265, 2572388.686746988], [697088.391566265, 2572393.686746988], [697083.391566265, 2572388.686746988], [697078.391566265, 2572383.686746988], [697073.391566265, 2572378.686746988], [697073.391566265, 2572368.686746988], [697068.391566265, 2572363.686746988], [697058.391566265, 2572363.686746988], [697053.391566265, 2572368.686746988], [697053.391566265, 2572378.686746988], [697053.391566265, 2572388.686746988], [697053.391566265, 2572398.686746988], [697058.391566265, 2572403.686746988], [697063.391566265, 2572408.686746988], [697068.391566265, 2572413.686746988], [697073.391566265, 2572418.686746988], [697078.391566265, 2572423.686746988], [697083.391566265, 2572428.686746988], [697085.891566265, 2572438.686746988], [697085.891566265, 2572448.686746988], [697085.891566265, 2572458.686746988], [697088.391566265, 2572463.686746988], [697090.891566265, 2572468.686746988], [697093.391566265, 2572478.686746988], [697093.391566265, 2572488.686746988], [697098.391566265, 2572493.686746988], [697103.391566265, 2572498.686746988], [697103.391566265, 2572508.686746988], [697098.391566265, 2572513.686746988], [697093.391566265, 2572518.686746988], [697088.391566265, 2572523.686746988], [697083.391566265, 2572528.686746988], [697083.391566265, 2572538.686746988], [697083.391566265, 2572548.686746988], [697083.391566265, 2572558.686746988], [697083.391566265, 2572568.686746988], [697078.391566265, 2572573.686746988], [697073.391566265, 2572578.686746988], [697068.391566265, 2572583.686746988], [697063.391566265, 2572588.686746988], [697058.391566265, 2572593.686746988], [697053.391566265, 2572588.686746988], [697048.391566265, 2572587.436746988], [697039.641566265, 2572578.686746988], [697039.641566265, 2572568.686746988], [697048.391566265, 2572559.936746988], [697049.641566265, 2572558.686746988], [697049.641566265, 2572548.686746988], [697050.891566265, 2572538.686746988], [697058.391566265, 2572531.186746988], [697063.391566265, 2572528.686746988], [697063.391566265, 2572518.686746988], [697063.391566265, 2572508.686746988], [697063.391566265, 2572498.686746988], [697060.891566265, 2572488.686746988], [697059.641566265, 2572478.686746988], [697059.641566265, 2572468.686746988], [697060.891566265, 2572458.686746988], [697060.891566265, 2572448.686746988], [697058.391566265, 2572446.186746988], [697050.891566265, 2572438.686746988], [697048.391566265, 2572433.686746988], [697043.391566265, 2572428.686746988], [697038.391566265, 2572423.686746988], [697033.391566265, 2572418.686746988], [697028.391566265, 2572416.186746988], [697018.391566265, 2572413.686746988], [697013.391566265, 2572408.686746988], [697008.391566265, 2572403.686746988], [696998.391566265, 2572403.686746988], [696993.391566265, 2572398.686746988], [696988.391566265, 2572393.686746988], [696983.391566265, 2572388.686746988], [696983.391566265, 2572378.686746988], [696978.391566265, 2572373.686746988], [696973.391566265, 2572368.686746988], [696970.891566265, 2572358.686746988], [696970.891566265, 2572348.686746988], [696968.391566265, 2572346.186746988], [696958.391566265, 2572343.686746988], [696953.391566265, 2572348.686746988], [696948.391566265, 2572353.686746988], [696938.391566265, 2572353.686746988], [696933.391566265, 2572348.686746988], [696930.891566265, 2572338.686746988], [696929.641566265, 2572328.686746988], [696938.391566265, 2572319.936746988], [696939.641566265, 2572318.686746988], [696948.391566265, 2572309.936746988], [696950.891566265, 2572308.686746988], [696953.391566265, 2572298.686746988], [696958.391566265, 2572293.686746988], [696963.391566265, 2572288.686746988], [696963.391566265, 2572278.686746988], [696968.391566265, 2572273.686746988], [696973.391566265, 2572268.686746988], [696978.391566265, 2572263.686746988], [696983.391566265, 2572258.686746988], [696988.391566265, 2572253.686746988], [696998.391566265, 2572251.186746988], [697003.391566265, 2572248.686746988], [697008.391566265, 2572243.686746988], [697018.391566265, 2572239.936746988], [697023.391566265, 2572238.686746988], [697023.391566265, 2572228.686746988], [697023.391566265, 2572218.686746988], [697018.391566265, 2572213.686746988], [697013.391566265, 2572208.686746988], [697008.391566265, 2572203.686746988], [697003.391566265, 2572198.686746988], [696998.391566265, 2572196.186746988], [696988.391566265, 2572196.186746988], [696983.391566265, 2572198.686746988], [696978.391566265, 2572203.686746988], [696968.391566265, 2572203.686746988], [696963.391566265, 2572208.686746988], [696958.391566265, 2572213.686746988], [696955.891566265, 2572218.686746988], [696955.891566265, 2572228.686746988], [696953.391566265, 2572238.686746988], [696948.391566265, 2572243.686746988], [696938.391566265, 2572246.186746988], [696928.391566265, 2572243.686746988], [696923.391566265, 2572248.686746988], [696918.391566265, 2572253.686746988], [696913.391566265, 2572258.686746988], [696908.391566265, 2572263.686746988], [696905.891566265, 2572268.686746988], [696907.141566265, 2572278.686746988], [696907.141566265, 2572288.686746988], [696898.391566265, 2572297.436746988], [696895.891566265, 2572298.686746988], [696888.391566265, 2572306.186746988], [696878.391566265, 2572303.686746988], [696868.391566265, 2572303.686746988], [696863.391566265, 2572298.686746988], [696863.391566265, 2572288.686746988], [696863.391566265, 2572278.686746988], [696860.891566265, 2572268.686746988], [696859.641566265, 2572258.686746988], [696858.391566265, 2572253.686746988], [696853.391566265, 2572248.686746988], [696850.891566265, 2572238.686746988], [696850.891566265, 2572228.686746988], [696850.0582329318, 2572218.686746988], [696848.391566265, 2572213.686746988], [696843.391566265, 2572208.686746988], [696838.391566265, 2572203.686746988], [696828.391566265, 2572203.686746988], [696823.391566265, 2572208.686746988], [696818.391566265, 2572213.686746988], [696808.391566265, 2572213.686746988], [696803.391566265, 2572208.686746988], [696803.391566265, 2572198.686746988], [696798.391566265, 2572193.686746988], [696793.391566265, 2572188.686746988], [696793.391566265, 2572178.686746988], [696793.391566265, 2572168.686746988], [696788.391566265, 2572163.686746988], [696783.391566265, 2572158.686746988], [696778.391566265, 2572153.686746988], [696773.391566265, 2572148.686746988], [696773.391566265, 2572138.686746988], [696768.391566265, 2572133.686746988], [696763.391566265, 2572128.686746988], [696758.391566265, 2572123.686746988], [696753.391566265, 2572118.686746988], [696748.391566265, 2572113.686746988], [696738.391566265, 2572113.686746988], [696733.391566265, 2572118.686746988], [696733.391566265, 2572128.686746988], [696733.391566265, 2572138.686746988], [696733.391566265, 2572148.686746988], [696728.391566265, 2572153.686746988], [696718.391566265, 2572153.686746988], [696708.391566265, 2572153.686746988], [696703.391566265, 2572148.686746988], [696703.391566265, 2572138.686746988], [696700.891566265, 2572128.686746988], [696700.0582329318, 2572118.686746988], [696703.391566265, 2572108.686746988], [696703.391566265, 2572098.686746988], [696708.391566265, 2572093.686746988], [696713.391566265, 2572088.686746988], [696718.391566265, 2572083.686746988], [696728.391566265, 2572083.686746988], [696733.391566265, 2572078.686746988], [696728.391566265, 2572073.686746988], [696723.391566265, 2572068.686746988], [696718.391566265, 2572063.686746988], [696713.391566265, 2572068.686746988], [696708.391566265, 2572073.686746988], [696698.391566265, 2572073.686746988], [696688.391566265, 2572073.686746988], [696683.391566265, 2572078.686746988], [696678.391566265, 2572083.686746988], [696673.391566265, 2572088.686746988], [696668.391566265, 2572093.686746988], [696658.391566265, 2572093.686746988], [696653.391566265, 2572088.686746988], [696648.391566265, 2572083.686746988], [696643.391566265, 2572078.686746988], [696638.391566265, 2572073.686746988], [696628.391566265, 2572073.686746988], [696623.391566265, 2572068.686746988], [696623.391566265, 2572058.686746988], [696623.391566265, 2572048.686746988], [696625.891566265, 2572038.686746988], [696628.391566265, 2572033.686746988], [696630.891566265, 2572028.686746988], [696633.391566265, 2572018.686746988], [696635.891566265, 2572008.686746988], [696635.891566265, 2571998.686746988], [696635.891566265, 2571988.686746988], [696633.391566265, 2571978.686746988], [696633.391566265, 2571968.686746988], [696635.891566265, 2571958.686746988], [696635.891566265, 2571948.686746988], [696635.891566265, 2571938.686746988], [696635.891566265, 2571928.686746988], [696635.891566265, 2571918.686746988], [696629.641566265, 2571908.686746988], [696628.391566265, 2571903.686746988], [696623.391566265, 2571898.686746988], [696623.391566265, 2571888.686746988], [696623.391566265, 2571878.686746988], [696623.391566265, 2571868.686746988], [696620.0582329317, 2571858.686746988], [696619.641566265, 2571848.686746988], [696619.641566265, 2571838.686746988], [696618.391566265, 2571833.686746988], [696615.891566265, 2571828.686746988], [696615.891566265, 2571818.686746988], [696613.391566265, 2571808.686746988], [696608.391566265, 2571803.686746988], [696603.391566265, 2571798.686746988], [696598.391566265, 2571793.686746988], [696588.391566265, 2571793.686746988], [696578.391566265, 2571793.686746988], [696573.391566265, 2571788.686746988], [696568.391566265, 2571783.686746988], [696563.391566265, 2571778.686746988], [696568.391566265, 2571773.686746988], [696573.391566265, 2571768.686746988], [696578.391566265, 2571763.686746988], [696583.391566265, 2571758.686746988], [696588.391566265, 2571753.686746988], [696593.391566265, 2571748.686746988], [696593.391566265, 2571738.686746988], [696589.641566265, 2571728.686746988], [696588.391566265, 2571723.686746988], [696583.391566265, 2571718.686746988], [696580.0582329318, 2571708.686746988], [696579.641566265, 2571698.686746988], [696578.391566265, 2571693.686746988], [696573.391566265, 2571688.686746988], [696568.391566265, 2571683.686746988], [696563.391566265, 2571688.686746988], [696558.391566265, 2571693.686746988], [696553.391566265, 2571698.686746988], [696553.391566265, 2571708.686746988], [696553.391566265, 2571718.686746988], [696548.391566265, 2571723.686746988], [696538.391566265, 2571723.686746988], [696533.391566265, 2571718.686746988], [696533.391566265, 2571708.686746988], [696533.391566265, 2571698.686746988], [696528.391566265, 2571696.186746988], [696520.891566265, 2571688.686746988], [696518.3915662651, 2571687.0200803215], [696508.391566265, 2571683.686746988], [696498.391566265, 2571683.686746988], [696493.391566265, 2571678.686746988], [696488.391566265, 2571673.686746988], [696483.391566265, 2571668.686746988], [696478.391566265, 2571663.686746988], [696473.391566265, 2571658.686746988], [696468.391566265, 2571653.686746988], [696458.391566265, 2571653.686746988], [696453.391566265, 2571658.686746988], [696448.391566265, 2571663.686746988], [696443.391566265, 2571668.686746988], [696443.391566265, 2571678.686746988], [696443.391566265, 2571688.686746988], [696438.391566265, 2571693.686746988], [696428.391566265, 2571693.686746988], [696418.391566265, 2571693.686746988], [696413.391566265, 2571688.686746988], [696408.391566265, 2571683.686746988], [696403.391566265, 2571678.686746988], [696400.891566265, 2571668.686746988], [696398.391566265, 2571663.686746988], [696393.391566265, 2571658.686746988], [696388.391566265, 2571653.686746988], [696385.891566265, 2571648.686746988], [696385.891566265, 2571638.686746988], [696385.891566265, 2571628.686746988], [696383.391566265, 2571618.686746988], [696380.891566265, 2571608.686746988], [696378.391566265, 2571603.686746988], [696368.391566265, 2571603.686746988], [696363.391566265, 2571598.686746988], [696363.391566265, 2571588.686746988], [696358.391566265, 2571583.686746988], [696353.391566265, 2571578.686746988], [696353.391566265, 2571568.686746988], [696353.391566265, 2571558.686746988], [696358.391566265, 2571553.686746988], [696363.391566265, 2571548.686746988], [696368.391566265, 2571543.686746988], [696373.391566265, 2571538.686746988], [696373.391566265, 2571528.686746988], [696378.391566265, 2571523.686746988], [696379.641566265, 2571518.686746988], [696380.891566265, 2571508.686746988], [696385.891566265, 2571498.686746988], [696388.391566265, 2571493.686746988], [696389.641566265, 2571488.686746988], [696389.641566265, 2571478.686746988], [696389.641566265, 2571468.686746988], [696391.391566265, 2571458.686746988], [696391.391566265, 2571448.686746988], [696391.391566265, 2571438.686746988], [696389.641566265, 2571428.686746988], [696389.641566265, 2571418.686746988], [696388.391566265, 2571417.0200803215], [696378.391566265, 2571413.686746988], [696368.391566265, 2571413.686746988], [696365.891566265, 2571418.686746988], [696363.391566265, 2571428.686746988], [696360.891566265, 2571438.686746988], [696360.891566265, 2571448.686746988], [696358.391566265, 2571453.686746988], [696357.141566265, 2571458.686746988], [696355.891566265, 2571468.686746988], [696348.391566265, 2571476.186746988], [696347.141566265, 2571478.686746988], [696338.391566265, 2571487.436746988], [696328.391566265, 2571487.436746988], [696319.641566265, 2571478.686746988], [696318.391566265, 2571477.436746988], [696309.641566265, 2571468.686746988], [696309.641566265, 2571458.686746988], [696309.641566265, 2571448.686746988], [696308.391566265, 2571443.686746988], [696305.891566265, 2571438.686746988], [696305.891566265, 2571428.686746988], [696300.891566265, 2571418.686746988], [696299.641566265, 2571408.686746988], [696298.391566265, 2571403.686746988], [696288.391566265, 2571403.686746988], [696278.391566265, 2571403.686746988], [696273.391566265, 2571408.686746988], [696273.391566265, 2571418.686746988], [696270.891566265, 2571428.686746988], [696270.891566265, 2571438.686746988], [696273.391566265, 2571448.686746988], [696273.391566265, 2571458.686746988], [696273.391566265, 2571468.686746988], [696273.391566265, 2571478.686746988], [696268.391566265, 2571483.686746988], [696265.891566265, 2571488.686746988], [696263.391566265, 2571498.686746988], [696258.391566265, 2571503.686746988], [696248.391566265, 2571506.186746988], [696238.391566265, 2571503.686746988], [696233.391566265, 2571498.686746988], [696228.391566265, 2571493.686746988], [696223.391566265, 2571488.686746988], [696223.391566265, 2571478.686746988], [696218.391566265, 2571473.686746988], [696213.391566265, 2571468.686746988], [696208.391566265, 2571463.686746988], [696198.391566265, 2571463.686746988], [696188.391566265, 2571463.686746988], [696178.391566265, 2571463.686746988], [696168.391566265, 2571463.686746988], [696158.391566265, 2571463.686746988], [696153.391566265, 2571458.686746988], [696148.391566265, 2571453.686746988], [696143.391566265, 2571448.686746988], [696138.391566265, 2571443.686746988], [696133.391566265, 2571438.686746988], [696128.391566265, 2571436.186746988], [696120.891566265, 2571428.686746988], [696118.391566265, 2571426.186746988], [696108.391566265, 2571423.686746988], [696103.391566265, 2571418.686746988], [696098.391566265, 2571413.686746988], [696093.391566265, 2571408.686746988], [696088.391566265, 2571403.686746988], [696083.391566265, 2571398.686746988], [696078.391566265, 2571393.686746988], [696068.391566265, 2571393.686746988], [696058.391566265, 2571393.686746988], [696048.391566265, 2571393.686746988], [696038.391566265, 2571393.686746988], [696028.391566265, 2571393.686746988], [696023.391566265, 2571388.686746988], [696018.391566265, 2571383.686746988], [696008.391566265, 2571383.686746988], [696003.391566265, 2571378.686746988], [695998.391566265, 2571373.686746988], [695988.391566265, 2571373.686746988], [695978.391566265, 2571373.686746988], [695968.391566265, 2571373.686746988], [695958.391566265, 2571373.686746988], [695948.391566265, 2571373.686746988], [695938.391566265, 2571373.686746988], [695933.391566265, 2571378.686746988], [695928.391566265, 2571383.686746988], [695923.391566265, 2571388.686746988], [695923.391566265, 2571398.686746988], [695923.391566265, 2571408.686746988], [695923.391566265, 2571418.686746988], [695923.391566265, 2571428.686746988], [695923.391566265, 2571438.686746988], [695918.391566265, 2571443.686746988], [695913.391566265, 2571448.686746988], [695908.391566265, 2571453.686746988], [695903.391566265, 2571458.686746988], [695903.391566265, 2571468.686746988], [695898.391566265, 2571473.686746988], [695893.391566265, 2571478.686746988], [695888.391566265, 2571483.686746988], [695878.391566265, 2571483.686746988], [695873.391566265, 2571478.686746988], [695868.391566265, 2571473.686746988], [695863.391566265, 2571468.686746988], [695858.391566265, 2571466.186746988], [695848.391566265, 2571463.686746988], [695843.391566265, 2571458.686746988], [695838.391566265, 2571453.686746988], [695833.391566265, 2571448.686746988], [695828.391566265, 2571443.686746988], [695823.391566265, 2571438.686746988], [695823.391566265, 2571428.686746988], [695823.391566265, 2571418.686746988], [695818.391566265, 2571413.686746988], [695813.391566265, 2571408.686746988], [695808.391566265, 2571403.686746988], [695798.391566265, 2571403.686746988], [695793.391566265, 2571408.686746988], [695788.391566265, 2571413.686746988], [695783.391566265, 2571418.686746988], [695778.391566265, 2571423.686746988], [695773.391566265, 2571428.686746988], [695768.391566265, 2571433.686746988], [695758.391566265, 2571433.686746988], [695753.391566265, 2571428.686746988], [695748.391566265, 2571423.686746988], [695738.391566265, 2571423.686746988], [695728.391566265, 2571423.686746988], [695723.391566265, 2571428.686746988], [695718.391566265, 2571433.686746988], [695713.391566265, 2571438.686746988], [695713.391566265, 2571448.686746988], [695713.391566265, 2571458.686746988], [695713.391566265, 2571468.686746988], [695718.391566265, 2571473.686746988], [695723.391566265, 2571478.686746988], [695723.391566265, 2571488.686746988], [695718.391566265, 2571493.686746988], [695713.391566265, 2571498.686746988], [695713.391566265, 2571508.686746988], [695708.391566265, 2571513.686746988], [695703.391566265, 2571518.686746988], [695698.391566265, 2571523.686746988], [695693.391566265, 2571528.686746988], [695688.391566265, 2571533.686746988], [695683.391566265, 2571538.686746988], [695683.391566265, 2571548.686746988], [695678.391566265, 2571553.686746988], [695673.391566265, 2571558.686746988], [695668.391566265, 2571563.686746988], [695663.391566265, 2571568.686746988], [695658.391566265, 2571573.686746988], [695653.391566265, 2571578.686746988], [695648.391566265, 2571583.686746988], [695643.391566265, 2571588.686746988], [695638.391566265, 2571593.686746988], [695633.391566265, 2571588.686746988], [695628.391566265, 2571583.686746988], [695623.391566265, 2571578.686746988], [695623.391566265, 2571568.686746988], [695623.391566265, 2571558.686746988], [695618.391566265, 2571553.686746988], [695613.391566265, 2571548.686746988], [695608.391566265, 2571543.686746988], [695603.391566265, 2571538.686746988], [695598.391566265, 2571533.686746988], [695588.391566265, 2571533.686746988], [695578.391566265, 2571533.686746988], [695573.391566265, 2571528.686746988], [695568.391566265, 2571523.686746988], [695563.391566265, 2571518.686746988], [695558.391566265, 2571513.686746988], [695553.391566265, 2571508.686746988], [695548.391566265, 2571503.686746988], [695545.891566265, 2571498.686746988], [695543.391566265, 2571488.686746988], [695538.391566265, 2571483.686746988], [695535.891566265, 2571478.686746988], [695533.391566265, 2571468.686746988], [695533.391566265, 2571458.686746988], [695528.391566265, 2571456.186746988], [695523.391566265, 2571448.686746988], [695520.891566265, 2571438.686746988], [695520.891566265, 2571428.686746988], [695519.641566265, 2571418.686746988], [695518.391566265, 2571417.436746988], [695509.641566265, 2571408.686746988], [695509.641566265, 2571398.686746988], [695509.641566265, 2571388.686746988], [695509.641566265, 2571378.686746988], [695508.391566265, 2571377.436746988], [695499.641566265, 2571368.686746988], [695499.641566265, 2571358.686746988], [695499.641566265, 2571348.686746988], [695498.391566265, 2571347.436746988], [695489.641566265, 2571338.686746988], [695489.641566265, 2571328.686746988], [695488.391566265, 2571326.186746988], [695480.891566265, 2571318.686746988], [695478.391566265, 2571313.686746988], [695475.891566265, 2571308.686746988], [695469.641566265, 2571298.686746988], [695468.391566265, 2571297.436746988], [695459.641566265, 2571288.686746988], [695458.391566265, 2571287.436746988], [695448.391566265, 2571285.686746988], [695439.641566265, 2571278.686746988], [695438.391566265, 2571277.436746988], [695428.391566265, 2571275.686746988], [695419.641566265, 2571268.686746988], [695418.391566265, 2571267.436746988], [695409.641566265, 2571258.686746988], [695409.641566265, 2571248.686746988], [695408.391566265, 2571246.186746988], [695400.891566265, 2571238.686746988], [695398.391566265, 2571236.186746988], [695390.891566265, 2571228.686746988], [695388.391566265, 2571226.186746988], [695383.391566265, 2571218.686746988], [695380.0582329318, 2571208.6867469884], [695378.391566265, 2571206.186746988], [695370.891566265, 2571198.686746988], [695368.391566265, 2571196.186746988], [695360.891566265, 2571188.686746988], [695358.391566265, 2571183.686746988], [695353.391566265, 2571178.686746988], [695350.0582329318, 2571168.686746988], [695349.641566265, 2571158.686746988], [695348.391566265, 2571153.686746988], [695343.391566265, 2571148.686746988], [695343.391566265, 2571138.686746988], [695338.391566265, 2571133.686746988], [695333.391566265, 2571128.686746988], [695328.391566265, 2571123.686746988], [695323.391566265, 2571118.686746988], [695318.391566265, 2571113.686746988], [695308.391566265, 2571113.686746988], [695298.391566265, 2571113.686746988], [695288.391566265, 2571113.686746988], [695283.391566265, 2571108.686746988], [695278.391566265, 2571103.686746988], [695273.391566265, 2571098.686746988], [695268.391566265, 2571093.686746988], [695263.391566265, 2571088.686746988], [695263.391566265, 2571078.686746988], [695263.391566265, 2571068.686746988], [695263.391566265, 2571058.686746988], [695268.391566265, 2571053.686746988], [695273.391566265, 2571048.686746988], [695273.391566265, 2571038.686746988], [695278.391566265, 2571033.686746988], [695283.391566265, 2571028.686746988], [695283.391566265, 2571018.686746988], [695288.391566265, 2571013.686746988], [695293.391566265, 2571008.686746988], [695298.391566265, 2571003.686746988], [695308.391566265, 2571003.686746988], [695313.391566265, 2570998.686746988], [695318.391566265, 2570993.686746988], [695323.391566265, 2570988.686746988], [695318.391566265, 2570983.686746988], [695313.391566265, 2570978.686746988], [695308.391566265, 2570973.686746988], [695298.391566265, 2570973.686746988], [695293.391566265, 2570978.686746988], [695288.391566265, 2570983.686746988], [695283.391566265, 2570988.686746988], [695278.391566265, 2570993.686746988], [695273.391566265, 2570998.686746988], [695273.391566265, 2571008.686746988], [695268.391566265, 2571013.686746988], [695263.391566265, 2571018.686746988], [695258.391566265, 2571023.686746988], [695253.391566265, 2571028.686746988], [695248.391566265, 2571033.686746988], [695243.391566265, 2571038.686746988], [695238.391566265, 2571043.686746988], [695233.391566265, 2571048.686746988], [695228.391566265, 2571053.686746988], [695223.391566265, 2571058.686746988], [695223.391566265, 2571068.686746988], [695218.391566265, 2571073.686746988], [695213.391566265, 2571078.686746988], [695213.391566265, 2571088.686746988], [695213.391566265, 2571098.686746988], [695208.391566265, 2571103.686746988], [695203.391566265, 2571108.686746988], [695198.391566265, 2571113.686746988], [695193.391566265, 2571108.686746988], [695188.391566265, 2571103.686746988], [695183.391566265, 2571098.686746988], [695178.391566265, 2571093.686746988], [695173.391566265, 2571088.686746988], [695168.391566265, 2571083.686746988], [695163.391566265, 2571078.686746988], [695163.391566265, 2571068.686746988], [695158.391566265, 2571063.686746988], [695153.391566265, 2571058.686746988], [695148.391566265, 2571053.686746988], [695143.391566265, 2571048.686746988], [695143.391566265, 2571038.686746988], [695143.391566265, 2571028.686746988], [695138.391566265, 2571023.686746988], [695133.391566265, 2571018.686746988], [695128.391566265, 2571013.686746988], [695118.391566265, 2571013.686746988], [695108.391566265, 2571013.686746988], [695103.391566265, 2571018.686746988], [695103.391566265, 2571028.686746988], [695108.391566265, 2571033.686746988], [695113.391566265, 2571038.686746988], [695118.391566265, 2571043.686746988], [695123.391566265, 2571048.686746988], [695128.391566265, 2571053.686746988], [695133.391566265, 2571058.686746988], [695133.391566265, 2571068.686746988], [695138.391566265, 2571073.686746988], [695143.391566265, 2571078.686746988], [695148.391566265, 2571083.686746988], [695153.391566265, 2571088.686746988], [695153.391566265, 2571098.686746988], [695158.391566265, 2571103.686746988], [695163.391566265, 2571108.686746988], [695163.391566265, 2571118.686746988], [695163.391566265, 2571128.686746988], [695168.391566265, 2571133.686746988], [695173.391566265, 2571138.686746988], [695173.391566265, 2571148.686746988], [695178.391566265, 2571153.686746988], [695183.391566265, 2571158.686746988], [695183.391566265, 2571168.686746988], [695188.391566265, 2571173.686746988], [695193.391566265, 2571178.686746988], [695193.391566265, 2571188.686746988], [695198.391566265, 2571193.686746988], [695203.391566265, 2571198.686746988], [695208.391566265, 2571203.686746988], [695213.391566265, 2571208.686746988], [695213.391566265, 2571218.686746988], [695213.391566265, 2571228.686746988], [695213.391566265, 2571238.686746988], [695208.391566265, 2571243.686746988], [695203.391566265, 2571248.686746988], [695198.391566265, 2571253.686746988], [695188.391566265, 2571253.686746988], [695183.391566265, 2571248.686746988], [695178.391566265, 2571243.686746988], [695168.391566265, 2571243.686746988], [695163.391566265, 2571248.686746988], [695158.391566265, 2571253.686746988], [695153.391566265, 2571258.686746988], [695153.391566265, 2571268.686746988], [695153.391566265, 2571278.686746988], [695148.391566265, 2571283.686746988], [695143.391566265, 2571288.686746988], [695138.391566265, 2571293.686746988], [695133.391566265, 2571298.686746988], [695128.391566265, 2571303.686746988], [695123.391566265, 2571308.686746988], [695123.391566265, 2571318.686746988], [695118.391566265, 2571323.686746988], [695108.391566265, 2571323.686746988], [695098.391566265, 2571323.686746988], [695093.391566265, 2571328.686746988], [695088.391566265, 2571333.686746988], [695083.391566265, 2571338.686746988], [695078.391566265, 2571343.686746988], [695068.391566265, 2571343.686746988], [695063.391566265, 2571348.686746988], [695058.391566265, 2571353.686746988], [695048.391566265, 2571353.686746988], [695043.391566265, 2571358.686746988], [695038.391566265, 2571363.686746988], [695033.391566265, 2571368.686746988], [695028.391566265, 2571373.686746988], [695023.391566265, 2571378.686746988], [695028.391566265, 2571383.686746988], [695038.391566265, 2571383.686746988], [695043.391566265, 2571388.686746988], [695043.391566265, 2571398.686746988], [695038.391566265, 2571403.686746988], [695033.391566265, 2571408.686746988], [695028.391566265, 2571413.686746988], [695023.391566265, 2571408.686746988], [695018.391566265, 2571403.686746988], [695008.391566265, 2571403.686746988], [694998.391566265, 2571403.686746988], [694993.391566265, 2571408.686746988], [694988.391566265, 2571413.686746988], [694983.391566265, 2571418.686746988], [694988.391566265, 2571423.686746988], [694993.391566265, 2571428.686746988], [694993.391566265, 2571438.686746988], [694993.391566265, 2571448.686746988], [694993.391566265, 2571458.686746988], [694993.391566265, 2571468.686746988], [694988.391566265, 2571473.686746988], [694983.391566265, 2571478.686746988], [694978.391566265, 2571483.686746988], [694968.391566265, 2571483.686746988], [694958.391566265, 2571483.686746988], [694948.391566265, 2571483.686746988], [694943.391566265, 2571478.686746988], [694938.391566265, 2571473.686746988], [694928.391566265, 2571473.686746988], [694918.391566265, 2571473.686746988], [694913.391566265, 2571478.686746988], [694908.391566265, 2571483.686746988], [694903.391566265, 2571478.686746988], [694898.391566265, 2571473.686746988], [694893.391566265, 2571468.686746988], [694888.391566265, 2571463.686746988], [694883.391566265, 2571458.686746988], [694878.391566265, 2571453.686746988], [694868.391566265, 2571453.686746988], [694863.391566265, 2571448.686746988], [694868.391566265, 2571443.686746988], [694873.391566265, 2571438.686746988], [694878.391566265, 2571433.686746988], [694883.391566265, 2571428.686746988], [694883.391566265, 2571418.686746988], [694878.391566265, 2571413.686746988], [694873.391566265, 2571408.686746988], [694873.391566265, 2571398.686746988], [694873.391566265, 2571388.686746988], [694873.391566265, 2571378.686746988], [694868.391566265, 2571373.686746988], [694858.391566265, 2571373.686746988], [694853.391566265, 2571378.686746988], [694853.391566265, 2571388.686746988], [694853.391566265, 2571398.686746988], [694853.391566265, 2571408.686746988], [694853.391566265, 2571418.686746988], [694853.391566265, 2571428.686746988], [694848.391566265, 2571433.686746988], [694843.391566265, 2571438.686746988], [694843.391566265, 2571448.686746988], [694843.391566265, 2571458.686746988], [694843.391566265, 2571468.686746988], [694838.391566265, 2571473.686746988], [694833.391566265, 2571478.686746988], [694828.391566265, 2571483.686746988], [694823.391566265, 2571478.686746988], [694818.391566265, 2571473.686746988], [694813.391566265, 2571468.686746988], [694808.391566265, 2571463.686746988], [694803.391566265, 2571458.686746988], [694798.391566265, 2571453.686746988], [694793.391566265, 2571448.686746988], [694793.391566265, 2571438.686746988], [694793.391566265, 2571428.686746988], [694793.391566265, 2571418.686746988], [694793.391566265, 2571408.686746988], [694793.391566265, 2571398.686746988], [694793.391566265, 2571388.686746988], [694788.391566265, 2571383.686746988], [694783.391566265, 2571378.686746988], [694783.391566265, 2571368.686746988], [694783.391566265, 2571358.686746988], [694788.391566265, 2571353.686746988], [694793.391566265, 2571348.686746988], [694798.391566265, 2571343.686746988], [694803.391566265, 2571338.686746988], [694798.391566265, 2571333.686746988], [694793.391566265, 2571328.686746988], [694788.391566265, 2571323.686746988], [694778.391566265, 2571323.686746988], [694768.391566265, 2571323.686746988], [694763.391566265, 2571328.686746988], [694758.391566265, 2571333.686746988], [694753.391566265, 2571338.686746988], [694748.391566265, 2571343.686746988], [694743.391566265, 2571348.686746988], [694738.391566265, 2571353.686746988], [694728.391566265, 2571353.686746988], [694718.391566265, 2571353.686746988], [694713.391566265, 2571358.686746988], [694708.391566265, 2571363.686746988], [694703.391566265, 2571368.686746988], [694703.391566265, 2571378.686746988], [694698.391566265, 2571383.686746988], [694688.391566265, 2571383.686746988], [694678.391566265, 2571383.686746988], [694673.391566265, 2571378.686746988], [694678.391566265, 2571373.686746988], [694683.391566265, 2571368.686746988], [694683.391566265, 2571358.686746988], [694678.391566265, 2571353.686746988], [694668.391566265, 2571353.686746988], [694658.391566265, 2571353.686746988], [694648.391566265, 2571353.686746988], [694643.391566265, 2571358.686746988], [694648.391566265, 2571363.686746988], [694653.391566265, 2571368.686746988], [694658.391566265, 2571373.686746988], [694663.391566265, 2571378.686746988], [694663.391566265, 2571388.686746988], [694658.391566265, 2571393.686746988], [694648.391566265, 2571393.686746988], [694643.391566265, 2571388.686746988], [694638.391566265, 2571383.686746988], [694628.391566265, 2571383.686746988], [694623.391566265, 2571378.686746988], [694618.391566265, 2571373.686746988], [694613.391566265, 2571368.686746988], [694608.391566265, 2571363.686746988], [694603.391566265, 2571368.686746988], [694598.391566265, 2571373.686746988], [694593.391566265, 2571378.686746988], [694598.391566265, 2571383.686746988], [694603.391566265, 2571388.686746988], [694608.391566265, 2571393.686746988], [694613.391566265, 2571398.686746988], [694618.391566265, 2571403.686746988], [694623.391566265, 2571408.686746988], [694623.391566265, 2571418.686746988], [694628.391566265, 2571423.686746988], [694638.391566265, 2571423.686746988], [694648.391566265, 2571423.686746988], [694658.391566265, 2571423.686746988], [694668.391566265, 2571423.686746988], [694673.391566265, 2571428.686746988], [694678.391566265, 2571433.686746988], [694683.391566265, 2571438.686746988], [694685.891566265, 2571448.686746988], [694685.891566265, 2571458.686746988], [694688.391566265, 2571463.686746988], [694693.391566265, 2571468.686746988], [694698.391566265, 2571473.686746988], [694708.391566265, 2571473.686746988], [694718.391566265, 2571473.686746988], [694723.391566265, 2571478.686746988], [694728.391566265, 2571483.686746988], [694733.391566265, 2571488.686746988], [694733.391566265, 2571498.686746988], [694733.391566265, 2571508.686746988], [694738.391566265, 2571513.686746988], [694743.391566265, 2571518.686746988], [694743.391566265, 2571528.686746988], [694743.391566265, 2571538.686746988], [694743.391566265, 2571548.686746988], [694743.391566265, 2571558.686746988], [694740.891566265, 2571568.686746988], [694740.891566265, 2571578.686746988], [694740.891566265, 2571588.686746988], [694738.391566265, 2571593.686746988], [694735.891566265, 2571598.686746988], [694733.391566265, 2571608.686746988], [694733.391566265, 2571618.686746988], [694738.391566265, 2571623.686746988], [694740.891566265, 2571628.686746988], [694743.391566265, 2571638.686746988], [694743.391566265, 2571648.686746988], [694748.391566265, 2571653.686746988], [694750.891566265, 2571658.686746988], [694753.391566265, 2571668.686746988], [694753.391566265, 2571678.686746988], [694758.391566265, 2571683.686746988], [694763.391566265, 2571688.686746988], [694763.391566265, 2571698.686746988], [694763.391566265, 2571708.686746988], [694763.391566265, 2571718.686746988], [694768.391566265, 2571723.686746988], [694773.391566265, 2571728.686746988], [694773.391566265, 2571738.686746988], [694778.391566265, 2571743.686746988], [694783.391566265, 2571748.686746988], [694783.391566265, 2571758.686746988], [694783.391566265, 2571768.686746988], [694788.391566265, 2571773.686746988], [694793.391566265, 2571778.686746988], [694793.391566265, 2571788.686746988], [694793.391566265, 2571798.686746988], [694793.391566265, 2571808.686746988], [694798.391566265, 2571813.686746988], [694803.391566265, 2571818.686746988], [694803.391566265, 2571828.686746988], [694798.391566265, 2571833.686746988], [694788.391566265, 2571833.686746988], [694783.391566265, 2571828.686746988], [694783.391566265, 2571818.686746988], [694778.391566265, 2571813.686746988], [694775.891566265, 2571808.686746988], [694773.391566265, 2571798.686746988], [694773.391566265, 2571788.686746988], [694773.391566265, 2571778.686746988], [694768.391566265, 2571773.686746988], [694763.391566265, 2571768.686746988], [694763.391566265, 2571758.686746988], [694763.391566265, 2571748.686746988], [694758.391566265, 2571743.686746988], [694755.891566265, 2571738.686746988], [694748.391566265, 2571731.186746988], [694743.391566265, 2571728.686746988], [694738.391566265, 2571723.686746988], [694728.391566265, 2571723.686746988], [694718.391566265, 2571723.686746988], [694713.391566265, 2571728.686746988], [694708.391566265, 2571731.186746988], [694698.391566265, 2571733.686746988], [694690.891566265, 2571738.686746988], [694688.391566265, 2571741.186746988], [694678.391566265, 2571741.186746988], [694673.391566265, 2571738.686746988], [694668.391566265, 2571733.686746988], [694665.891566265, 2571728.686746988], [694668.391566265, 2571723.686746988], [694673.391566265, 2571718.686746988], [694678.391566265, 2571713.686746988], [694680.891566265, 2571708.686746988], [694683.391566265, 2571698.686746988], [694683.391566265, 2571688.686746988], [694688.391566265, 2571683.686746988], [694693.391566265, 2571678.686746988], [694698.391566265, 2571673.686746988], [694703.391566265, 2571668.686746988], [694708.391566265, 2571663.686746988], [694713.391566265, 2571658.686746988], [694713.391566265, 2571648.686746988], [694713.391566265, 2571638.686746988], [694713.391566265, 2571628.686746988], [694708.391566265, 2571623.686746988], [694703.391566265, 2571618.686746988], [694703.391566265, 2571608.686746988], [694698.391566265, 2571603.686746988], [694693.391566265, 2571598.686746988], [694688.391566265, 2571593.686746988], [694683.391566265, 2571588.686746988], [694683.391566265, 2571578.686746988], [694678.391566265, 2571573.686746988], [694673.391566265, 2571568.686746988], [694673.391566265, 2571558.686746988], [694668.391566265, 2571553.686746988], [694663.391566265, 2571548.686746988], [694658.391566265, 2571543.686746988], [694653.391566265, 2571538.686746988], [694648.391566265, 2571533.686746988], [694643.391566265, 2571528.686746988], [694638.391566265, 2571523.686746988], [694633.391566265, 2571518.686746988], [694633.391566265, 2571508.686746988], [694628.391566265, 2571503.686746988], [694623.391566265, 2571498.686746988], [694618.391566265, 2571493.686746988], [694608.391566265, 2571493.686746988], [694603.391566265, 2571488.686746988], [694598.391566265, 2571483.686746988], [694593.391566265, 2571478.686746988], [694588.391566265, 2571473.686746988], [694583.391566265, 2571468.686746988], [694578.391566265, 2571463.686746988], [694573.391566265, 2571468.686746988], [694568.391566265, 2571473.686746988], [694563.391566265, 2571478.686746988], [694563.391566265, 2571488.686746988], [694563.391566265, 2571498.686746988], [694563.391566265, 2571508.686746988], [694563.391566265, 2571518.686746988], [694568.391566265, 2571523.686746988], [694573.391566265, 2571528.686746988], [694573.391566265, 2571538.686746988], [694573.391566265, 2571548.686746988], [694573.391566265, 2571558.686746988], [694573.391566265, 2571568.686746988], [694573.391566265, 2571578.686746988], [694573.391566265, 2571588.686746988], [694568.391566265, 2571593.686746988], [694563.391566265, 2571598.686746988], [694558.391566265, 2571603.686746988], [694553.391566265, 2571598.686746988], [694548.391566265, 2571593.686746988], [694543.391566265, 2571588.686746988], [694538.391566265, 2571583.686746988], [694533.391566265, 2571578.686746988], [694528.391566265, 2571573.686746988], [694523.391566265, 2571568.686746988], [694518.391566265, 2571563.686746988], [694513.391566265, 2571558.686746988], [694513.391566265, 2571548.686746988], [694508.391566265, 2571543.686746988], [694503.391566265, 2571538.686746988], [694503.391566265, 2571528.686746988], [694503.391566265, 2571518.686746988], [694508.391566265, 2571513.686746988], [694513.391566265, 2571508.686746988], [694518.391566265, 2571503.686746988], [694523.391566265, 2571498.686746988], [694523.391566265, 2571488.686746988], [694518.391566265, 2571483.686746988], [694513.391566265, 2571478.686746988], [694513.391566265, 2571468.686746988], [694508.391566265, 2571463.686746988], [694498.391566265, 2571463.686746988], [694493.391566265, 2571458.686746988], [694493.391566265, 2571448.686746988], [694493.391566265, 2571438.686746988], [694493.391566265, 2571428.686746988], [694493.391566265, 2571418.686746988], [694493.391566265, 2571408.686746988], [694498.391566265, 2571403.686746988], [694503.391566265, 2571398.686746988], [694508.391566265, 2571393.686746988], [694513.391566265, 2571388.686746988], [694518.391566265, 2571383.686746988], [694528.391566265, 2571383.686746988], [694538.391566265, 2571383.686746988], [694543.391566265, 2571378.686746988], [694548.391566265, 2571373.686746988], [694553.391566265, 2571368.686746988], [694548.391566265, 2571363.686746988], [694543.391566265, 2571358.686746988], [694538.391566265, 2571353.686746988], [694528.391566265, 2571353.686746988], [694523.391566265, 2571358.686746988], [694518.391566265, 2571363.686746988], [694508.391566265, 2571363.686746988], [694498.391566265, 2571363.686746988], [694488.391566265, 2571363.686746988], [694483.391566265, 2571358.686746988], [694478.391566265, 2571353.686746988], [694473.391566265, 2571348.686746988], [694473.391566265, 2571338.686746988], [694473.391566265, 2571328.686746988], [694473.391566265, 2571318.686746988], [694473.391566265, 2571308.686746988], [694468.391566265, 2571303.686746988], [694463.391566265, 2571298.686746988], [694463.391566265, 2571288.686746988], [694468.391566265, 2571283.686746988], [694473.391566265, 2571278.686746988], [694473.391566265, 2571268.686746988], [694473.391566265, 2571258.686746988], [694473.391566265, 2571248.686746988], [694468.391566265, 2571243.686746988], [694463.391566265, 2571238.686746988], [694463.391566265, 2571228.686746988], [694463.391566265, 2571218.686746988], [694458.391566265, 2571213.686746988], [694453.391566265, 2571208.686746988], [694448.391566265, 2571203.686746988], [694443.391566265, 2571198.686746988], [694438.391566265, 2571193.686746988], [694433.391566265, 2571198.686746988], [694428.391566265, 2571203.686746988], [694418.391566265, 2571203.686746988], [694413.391566265, 2571208.686746988], [694408.391566265, 2571213.686746988], [694398.391566265, 2571213.686746988], [694393.391566265, 2571218.686746988], [694388.391566265, 2571223.686746988], [694378.391566265, 2571223.686746988], [694368.391566265, 2571223.686746988], [694363.391566265, 2571228.686746988], [694358.391566265, 2571233.686746988], [694353.391566265, 2571238.686746988], [694358.391566265, 2571243.686746988], [694363.391566265, 2571248.686746988], [694363.391566265, 2571258.686746988], [694363.391566265, 2571268.686746988], [694358.391566265, 2571273.686746988], [694353.391566265, 2571278.686746988], [694348.391566265, 2571283.686746988], [694343.391566265, 2571288.686746988], [694338.391566265, 2571293.686746988], [694333.391566265, 2571298.686746988], [694333.391566265, 2571308.686746988], [694333.391566265, 2571318.686746988], [694338.391566265, 2571323.686746988], [694343.391566265, 2571328.686746988], [694343.391566265, 2571338.686746988], [694348.391566265, 2571343.686746988], [694353.391566265, 2571348.686746988], [694353.391566265, 2571358.686746988], [694353.391566265, 2571368.686746988], [694353.391566265, 2571378.686746988], [694353.391566265, 2571388.686746988], [694348.391566265, 2571393.686746988], [694343.391566265, 2571398.686746988], [694338.391566265, 2571403.686746988], [694328.391566265, 2571403.686746988], [694323.391566265, 2571398.686746988], [694318.391566265, 2571393.686746988], [694308.391566265, 2571393.686746988], [694303.391566265, 2571388.686746988], [694298.391566265, 2571383.686746988], [694293.391566265, 2571378.686746988], [694288.391566265, 2571373.686746988], [694283.391566265, 2571368.686746988], [694278.391566265, 2571363.686746988], [694273.391566265, 2571358.686746988], [694268.391566265, 2571353.686746988], [694263.391566265, 2571348.686746988], [694268.391566265, 2571343.686746988], [694273.391566265, 2571338.686746988], [694278.391566265, 2571333.686746988], [694288.391566265, 2571333.686746988], [694293.391566265, 2571328.686746988], [694293.391566265, 2571318.686746988], [694288.391566265, 2571313.686746988], [694283.391566265, 2571308.686746988], [694278.391566265, 2571303.686746988], [694273.391566265, 2571298.686746988], [694268.391566265, 2571293.686746988], [694263.391566265, 2571288.686746988], [694258.391566265, 2571283.686746988], [694248.391566265, 2571283.686746988], [694238.391566265, 2571283.686746988], [694233.391566265, 2571288.686746988], [694233.391566265, 2571298.686746988], [694233.391566265, 2571308.686746988], [694228.391566265, 2571313.686746988], [694218.391566265, 2571313.686746988], [694208.391566265, 2571313.686746988], [694198.391566265, 2571313.686746988], [694193.391566265, 2571318.686746988], [694188.391566265, 2571323.686746988], [694178.391566265, 2571323.686746988], [694173.391566265, 2571328.686746988], [694168.391566265, 2571333.686746988], [694163.391566265, 2571328.686746988], [694158.391566265, 2571323.686746988], [694148.391566265, 2571323.686746988], [694143.391566265, 2571318.686746988], [694138.391566265, 2571313.686746988], [694128.391566265, 2571313.686746988], [694123.391566265, 2571318.686746988], [694118.391566265, 2571323.686746988], [694113.391566265, 2571328.686746988], [694108.391566265, 2571333.686746988], [694103.391566265, 2571338.686746988], [694098.391566265, 2571343.686746988], [694093.391566265, 2571348.686746988], [694093.391566265, 2571358.686746988], [694088.391566265, 2571363.686746988], [694078.391566265, 2571363.686746988], [694068.391566265, 2571363.686746988], [694058.391566265, 2571363.686746988], [694048.391566265, 2571363.686746988], [694038.391566265, 2571363.686746988], [694033.391566265, 2571358.686746988], [694028.391566265, 2571353.686746988], [694023.391566265, 2571348.686746988], [694023.391566265, 2571338.686746988], [694018.391566265, 2571333.686746988], [694013.391566265, 2571328.686746988], [694008.391566265, 2571323.686746988], [694003.391566265, 2571318.686746988], [693998.391566265, 2571313.686746988], [693993.391566265, 2571308.686746988], [693988.391566265, 2571303.686746988], [693978.391566265, 2571303.686746988], [693968.391566265, 2571303.686746988], [693958.391566265, 2571303.686746988], [693953.391566265, 2571308.686746988], [693948.391566265, 2571313.686746988], [693943.391566265, 2571318.686746988], [693943.391566265, 2571328.686746988], [693943.391566265, 2571338.686746988], [693943.391566265, 2571348.686746988], [693943.391566265, 2571358.686746988], [693938.391566265, 2571363.686746988], [693928.391566265, 2571363.686746988], [693923.391566265, 2571358.686746988], [693923.391566265, 2571348.686746988], [693918.391566265, 2571343.686746988], [693913.391566265, 2571338.686746988], [693908.391566265, 2571333.686746988], [693903.391566265, 2571328.686746988], [693903.391566265, 2571318.686746988], [693903.391566265, 2571308.686746988], [693903.391566265, 2571298.686746988], [693898.391566265, 2571293.686746988], [693893.391566265, 2571288.686746988], [693888.391566265, 2571283.686746988], [693878.391566265, 2571283.686746988], [693868.391566265, 2571283.686746988], [693863.391566265, 2571278.686746988], [693858.391566265, 2571273.686746988], [693848.391566265, 2571273.686746988], [693838.391566265, 2571273.686746988], [693828.391566265, 2571273.686746988], [693818.391566265, 2571273.686746988], [693813.391566265, 2571278.686746988], [693808.391566265, 2571283.686746988], [693803.391566265, 2571288.686746988], [693803.391566265, 2571298.686746988], [693798.391566265, 2571303.686746988], [693788.391566265, 2571303.686746988], [693778.391566265, 2571303.686746988], [693768.391566265, 2571303.686746988], [693763.391566265, 2571298.686746988], [693758.391566265, 2571293.686746988], [693753.391566265, 2571288.686746988], [693748.391566265, 2571283.686746988], [693738.391566265, 2571283.686746988], [693728.391566265, 2571283.686746988], [693718.391566265, 2571283.686746988], [693713.391566265, 2571278.686746988], [693708.391566265, 2571273.686746988], [693703.391566265, 2571268.686746988], [693703.391566265, 2571258.686746988], [693698.391566265, 2571253.686746988], [693688.391566265, 2571253.686746988], [693678.391566265, 2571253.686746988], [693668.391566265, 2571253.686746988], [693663.391566265, 2571248.686746988], [693658.391566265, 2571243.686746988], [693648.391566265, 2571243.686746988], [693643.391566265, 2571248.686746988], [693638.391566265, 2571253.686746988], [693633.391566265, 2571258.686746988], [693628.391566265, 2571263.686746988], [693623.391566265, 2571268.686746988], [693618.391566265, 2571273.686746988], [693608.391566265, 2571273.686746988], [693603.391566265, 2571278.686746988], [693598.391566265, 2571283.686746988], [693593.391566265, 2571288.686746988], [693588.391566265, 2571293.686746988], [693578.391566265, 2571293.686746988], [693573.391566265, 2571298.686746988], [693568.391566265, 2571303.686746988], [693563.391566265, 2571308.686746988], [693568.391566265, 2571313.686746988], [693573.391566265, 2571318.686746988], [693578.391566265, 2571323.686746988], [693588.391566265, 2571323.686746988], [693593.391566265, 2571328.686746988], [693598.391566265, 2571333.686746988], [693603.391566265, 2571338.686746988], [693603.391566265, 2571348.686746988], [693603.391566265, 2571358.686746988], [693603.391566265, 2571368.686746988], [693603.391566265, 2571378.686746988], [693598.391566265, 2571383.686746988], [693593.391566265, 2571388.686746988], [693588.391566265, 2571393.686746988], [693583.391566265, 2571398.686746988], [693578.391566265, 2571403.686746988], [693568.391566265, 2571403.686746988], [693563.391566265, 2571408.686746988], [693563.391566265, 2571418.686746988], [693563.391566265, 2571428.686746988], [693563.391566265, 2571438.686746988], [693568.391566265, 2571443.686746988], [693573.391566265, 2571448.686746988], [693568.391566265, 2571453.686746988], [693563.391566265, 2571458.686746988], [693558.391566265, 2571463.686746988], [693548.391566265, 2571463.686746988], [693538.391566265, 2571463.686746988], [693533.391566265, 2571468.686746988], [693528.391566265, 2571473.686746988], [693518.391566265, 2571473.686746988], [693513.391566265, 2571468.686746988], [693508.391566265, 2571463.686746988], [693503.391566265, 2571458.686746988], [693498.391566265, 2571453.686746988], [693488.391566265, 2571453.686746988], [693483.391566265, 2571458.686746988], [693478.391566265, 2571463.686746988], [693473.391566265, 2571468.686746988], [693468.391566265, 2571473.686746988], [693463.391566265, 2571478.686746988], [693458.391566265, 2571483.686746988], [693453.391566265, 2571488.686746988], [693453.391566265, 2571498.686746988], [693448.391566265, 2571503.686746988], [693443.391566265, 2571508.686746988], [693448.391566265, 2571513.686746988], [693453.391566265, 2571518.686746988], [693453.391566265, 2571528.686746988], [693453.391566265, 2571538.686746988], [693448.391566265, 2571543.686746988], [693443.391566265, 2571548.686746988], [693438.391566265, 2571553.686746988], [693433.391566265, 2571558.686746988], [693428.391566265, 2571563.686746988], [693423.391566265, 2571568.686746988], [693418.391566265, 2571573.686746988], [693413.391566265, 2571578.686746988], [693413.391566265, 2571588.686746988], [693408.391566265, 2571593.686746988], [693403.391566265, 2571598.686746988], [693398.391566265, 2571603.686746988], [693393.391566265, 2571608.686746988], [693388.391566265, 2571613.686746988], [693383.391566265, 2571618.686746988], [693383.391566265, 2571628.686746988], [693383.391566265, 2571638.686746988], [693388.391566265, 2571643.686746988], [693393.391566265, 2571648.686746988], [693393.391566265, 2571658.686746988], [693395.891566265, 2571668.686746988], [693398.391566265, 2571673.686746988], [693403.391566265, 2571678.686746988], [693403.391566265, 2571688.686746988], [693406.7248995984, 2571698.686746988], [693405.891566265, 2571708.686746988], [693408.391566265, 2571713.686746988], [693413.391566265, 2571718.686746988], [693413.391566265, 2571728.686746988], [693413.391566265, 2571738.686746988], [693413.391566265, 2571748.686746988], [693413.391566265, 2571758.686746988], [693418.391566265, 2571763.686746988], [693423.391566265, 2571768.686746988], [693428.391566265, 2571773.686746988], [693433.391566265, 2571778.686746988], [693438.391566265, 2571783.686746988], [693443.391566265, 2571788.686746988], [693447.141566265, 2571798.686746988], [693443.391566265, 2571808.686746988], [693438.391566265, 2571813.686746988], [693433.391566265, 2571818.686746988], [693433.391566265, 2571828.686746988], [693428.391566265, 2571833.686746988], [693423.391566265, 2571838.686746988], [693420.891566265, 2571848.686746988], [693420.891566265, 2571858.686746988], [693423.391566265, 2571868.686746988], [693423.391566265, 2571878.686746988], [693423.391566265, 2571888.686746988], [693428.391566265, 2571893.686746988], [693433.391566265, 2571898.686746988], [693433.391566265, 2571908.686746988], [693435.891566265, 2571918.686746988], [693438.391566265, 2571923.686746988], [693443.391566265, 2571928.686746988], [693448.391566265, 2571933.686746988], [693453.391566265, 2571938.686746988], [693456.7248995984, 2571948.686746988], [693458.391566265, 2571953.686746988], [693463.391566265, 2571958.686746988], [693468.391566265, 2571963.686746988], [693470.891566265, 2571968.686746988], [693477.141566265, 2571978.686746988], [693478.391566265, 2571980.3534136545], [693486.7248995984, 2571988.6867469884], [693488.3915662651, 2571990.353413655], [693496.7248995984, 2571998.686746988], [693498.391566265, 2572003.686746988], [693500.891566265, 2572008.686746988], [693503.391566265, 2572018.686746988], [693507.141566265, 2572028.686746988], [693508.391566265, 2572033.686746988], [693513.391566265, 2572038.686746988], [693518.391566265, 2572043.686746988], [693520.891566265, 2572048.686746988], [693527.141566265, 2572058.686746988], [693528.391566265, 2572063.686746988], [693530.891566265, 2572068.686746988], [693538.391566265, 2572076.186746988], [693540.891566265, 2572078.686746988], [693548.391566265, 2572086.186746988], [693550.891566265, 2572088.686746988], [693558.391566265, 2572091.686746988], [693565.391566265, 2572098.686746988], [693568.391566265, 2572106.186746988], [693570.891566265, 2572108.686746988], [693578.391566265, 2572111.686746988], [693585.391566265, 2572118.686746988], [693587.141566265, 2572128.686746988], [693588.391566265, 2572129.936746988], [693595.391566265, 2572138.686746988], [693597.141566265, 2572148.686746988], [693597.141566265, 2572158.686746988], [693597.141566265, 2572168.686746988], [693595.391566265, 2572178.686746988], [693588.391566265, 2572187.436746988], [693587.141566265, 2572188.686746988], [693587.141566265, 2572198.686746988], [693587.141566265, 2572208.686746988], [693580.891566265, 2572218.686746988], [693578.391566265, 2572221.186746988], [693573.391566265, 2572228.686746988], [693568.391566265, 2572236.186746988], [693566.7248995984, 2572238.686746988], [693558.391566265, 2572247.0200803215], [693556.7248995984, 2572248.686746988], [693548.3915662651, 2572257.0200803215], [693543.391566265, 2572258.686746988], [693543.391566265, 2572268.686746988], [693538.391566265, 2572273.686746988], [693533.391566265, 2572278.686746988], [693533.391566265, 2572288.686746988], [693537.141566265, 2572298.686746988], [693537.141566265, 2572308.686746988], [693537.141566265, 2572318.686746988], [693537.141566265, 2572328.686746988], [693536.7248995984, 2572338.686746988], [693536.7248995984, 2572348.6867469884], [693530.891566265, 2572358.686746988], [693528.391566265, 2572363.686746988], [693527.141566265, 2572368.686746988], [693523.391566265, 2572378.686746988], [693518.391566265, 2572383.686746988], [693517.141566265, 2572388.686746988], [693516.7248995984, 2572398.686746988], [693513.391566265, 2572408.686746988], [693513.391566265, 2572418.686746988], [693508.391566265, 2572423.686746988], [693503.391566265, 2572428.686746988], [693498.391566265, 2572433.686746988], [693496.7248995984, 2572438.6867469884], [693493.391566265, 2572448.686746988], [693498.391566265, 2572453.686746988], [693503.391566265, 2572458.686746988], [693508.391566265, 2572463.686746988], [693513.391566265, 2572468.686746988], [693518.391566265, 2572473.686746988], [693523.391566265, 2572478.686746988], [693523.391566265, 2572488.686746988], [693528.391566265, 2572493.686746988], [693533.391566265, 2572498.686746988], [693538.391566265, 2572503.686746988], [693543.391566265, 2572508.686746988], [693543.391566265, 2572518.686746988], [693543.391566265, 2572528.686746988], [693548.391566265, 2572533.686746988], [693550.891566265, 2572538.686746988], [693557.141566265, 2572548.686746988], [693558.391566265, 2572551.186746988], [693565.891566265, 2572558.686746988], [693567.141566265, 2572568.686746988], [693567.141566265, 2572578.686746988], [693568.391566265, 2572583.686746988], [693570.891566265, 2572588.686746988], [693577.141566265, 2572598.686746988], [693577.141566265, 2572608.686746988], [693578.391566265, 2572609.936746988], [693585.391566265, 2572618.686746988], [693587.141566265, 2572628.686746988], [693588.391566265, 2572633.686746988], [693590.891566265, 2572638.686746988], [693595.391566265, 2572648.686746988], [693595.391566265, 2572658.686746988], [693595.391566265, 2572668.686746988], [693590.891566265, 2572678.686746988], [693590.891566265, 2572688.686746988], [693588.391566265, 2572693.686746988], [693587.141566265, 2572698.686746988], [693586.7248995984, 2572708.6867469884], [693580.891566265, 2572718.686746988], [693580.891566265, 2572728.686746988], [693578.391566265, 2572733.686746988], [693576.7248995984, 2572738.6867469884], [693575.891566265, 2572748.686746988], [693575.891566265, 2572758.686746988], [693578.391566265, 2572763.686746988], [693583.391566265, 2572768.686746988], [693588.391566265, 2572773.686746988], [693593.391566265, 2572778.686746988], [693598.391566265, 2572779.936746988], [693607.141566265, 2572788.686746988], [693608.391566265, 2572789.936746988], [693617.141566265, 2572798.686746988], [693615.391566265, 2572808.686746988], [693608.391566265, 2572817.436746988], [693607.141566265, 2572818.686746988], [693607.141566265, 2572828.686746988], [693607.141566265, 2572838.686746988], [693608.391566265, 2572839.936746988], [693617.141566265, 2572848.686746988], [693618.391566265, 2572849.936746988], [693627.141566265, 2572858.686746988], [693628.391566265, 2572859.936746988], [693637.141566265, 2572868.686746988], [693638.391566265, 2572873.686746988], [693640.891566265, 2572878.686746988], [693640.891566265, 2572888.686746988], [693644.641566265, 2572898.686746988], [693647.141566265, 2572908.686746988], [693647.141566265, 2572918.686746988], [693646.7248995984, 2572928.686746988], [693648.391566265, 2572931.186746988], [693653.391566265, 2572938.686746988], [693658.391566265, 2572946.186746988], [693660.891566265, 2572948.686746988], [693668.391566265, 2572956.186746988], [693673.391566265, 2572958.686746988], [693678.391566265, 2572963.686746988], [693683.391566265, 2572968.686746988], [693688.391566265, 2572973.686746988], [693690.891566265, 2572978.686746988], [693695.891566265, 2572988.686746988], [693698.391566265, 2572993.686746988], [693703.391566265, 2572998.686746988], [693707.141566265, 2573008.686746988], [693708.391566265, 2573011.186746988], [693715.891566265, 2573018.686746988], [693718.391566265, 2573021.186746988], [693723.391566265, 2573028.686746988], [693725.391566265, 2573038.686746988], [693727.141566265, 2573048.686746988], [693728.391566265, 2573051.186746988], [693733.391566265, 2573058.686746988], [693737.141566265, 2573068.686746988], [693738.391566265, 2573073.686746988], [693740.891566265, 2573078.686746988], [693740.891566265, 2573088.686746988], [693740.891566265, 2573098.686746988], [693740.891566265, 2573108.686746988], [693740.891566265, 2573118.686746988], [693740.891566265, 2573128.686746988], [693743.391566265, 2573138.686746988], [693743.391566265, 2573148.686746988], [693743.391566265, 2573158.686746988], [693740.891566265, 2573168.686746988], [693740.891566265, 2573178.686746988], [693740.891566265, 2573188.686746988], [693738.391566265, 2573193.686746988], [693733.391566265, 2573198.686746988], [693728.391566265, 2573203.686746988], [693718.391566265, 2573206.186746988], [693715.891566265, 2573208.686746988], [693708.391566265, 2573213.686746988], [693698.3915662651, 2573217.0200803215], [693697.141566265, 2573218.686746988], [693688.391566265, 2573225.686746988], [693678.391566265, 2573225.686746988], [693669.641566265, 2573218.686746988], [693668.391566265, 2573217.436746988], [693667.141566265, 2573218.686746988], [693658.391566265, 2573227.436746988], [693657.141566265, 2573228.686746988], [693655.391566265, 2573238.686746988], [693655.391566265, 2573248.686746988], [693658.391566265, 2573251.686746988], [693665.391566265, 2573258.686746988], [693668.391566265, 2573261.686746988], [693675.391566265, 2573268.686746988], [693678.391566265, 2573271.686746988], [693685.391566265, 2573278.686746988], [693688.391566265, 2573281.686746988], [693695.391566265, 2573288.686746988], [693698.391566265, 2573291.686746988], [693708.391566265, 2573291.686746988], [693715.391566265, 2573298.686746988], [693718.391566265, 2573301.686746988], [693725.391566265, 2573308.686746988], [693725.391566265, 2573318.686746988], [693728.391566265, 2573321.686746988], [693735.391566265, 2573328.686746988], [693735.391566265, 2573338.686746988], [693734.2248995984, 2573348.6867469875], [693734.2248995984, 2573358.6867469875], [693738.3915662649, 2573362.8534136545], [693744.2248995983, 2573368.686746988], [693745.391566265, 2573378.686746988], [693748.391566265, 2573381.686746988], [693755.391566265, 2573388.686746988], [693755.391566265, 2573398.686746988], [693758.391566265, 2573401.686746988], [693765.391566265, 2573408.686746988], [693768.391566265, 2573411.686746988], [693778.391566265, 2573411.686746988], [693788.391566265, 2573411.686746988], [693795.391566265, 2573418.686746988], [693798.391566265, 2573421.686746988], [693807.141566265, 2573428.686746988], [693808.391566265, 2573429.936746988], [693817.141566265, 2573438.686746988], [693818.391566265, 2573439.936746988], [693828.391566265, 2573443.686746988], [693833.391566265, 2573448.686746988], [693838.391566265, 2573449.936746988], [693848.391566265, 2573449.936746988], [693858.391566265, 2573453.686746988], [693863.391566265, 2573458.686746988], [693867.141566265, 2573468.686746988], [693865.391566265, 2573478.686746988], [693865.391566265, 2573488.686746988], [693867.141566265, 2573498.686746988], [693868.391566265, 2573500.3534136545], [693876.7248995984, 2573508.686746988], [693878.3915662651, 2573510.3534136545], [693886.7248995984, 2573518.6867469884], [693888.391566265, 2573520.353413655], [693898.391566265, 2573523.686746988], [693903.391566265, 2573528.686746988], [693908.391566265, 2573532.436746988], [693916.7248995984, 2573538.686746988], [693918.391566265, 2573540.3534136545], [693926.7248995984, 2573548.6867469884], [693926.7248995984, 2573558.686746988], [693926.7248995984, 2573568.686746988], [693923.391566265, 2573578.686746988], [693923.391566265, 2573588.686746988], [693928.391566265, 2573593.686746988], [693938.391566265, 2573593.686746988], [693948.391566265, 2573593.686746988], [693958.391566265, 2573593.686746988], [693968.391566265, 2573593.686746988], [693978.391566265, 2573593.686746988], [693983.391566265, 2573588.686746988], [693988.391566265, 2573583.686746988], [693993.391566265, 2573578.686746988], [693998.391566265, 2573573.686746988], [694003.391566265, 2573568.686746988], [694008.391566265, 2573563.686746988], [694010.0582329317, 2573558.686746988], [694013.391566265, 2573548.686746988], [694018.391566265, 2573543.686746988], [694028.3915662651, 2573540.3534136545], [694038.391566265, 2573546.186746988], [694043.391566265, 2573548.686746988], [694048.391566265, 2573549.936746988], [694057.141566265, 2573558.686746988], [694058.391566265, 2573559.936746988], [694067.141566265, 2573568.686746988], [694067.141566265, 2573578.686746988], [694068.391566265, 2573583.686746988], [694073.391566265, 2573588.686746988], [694078.391566265, 2573593.686746988], [694083.391566265, 2573598.686746988], [694088.391566265, 2573603.686746988], [694098.391566265, 2573603.686746988], [694108.391566265, 2573603.686746988], [694118.391566265, 2573603.686746988], [694128.391566265, 2573603.686746988], [694138.391566265, 2573603.686746988], [694143.391566265, 2573608.686746988], [694148.391566265, 2573609.936746988], [694157.141566265, 2573618.686746988], [694158.391566265, 2573619.936746988], [694167.141566265, 2573628.686746988], [694168.391566265, 2573629.936746988], [694178.391566265, 2573629.936746988], [694187.141566265, 2573638.686746988], [694188.391566265, 2573639.936746988], [694195.391566265, 2573648.686746988], [694197.141566265, 2573658.686746988], [694198.391566265, 2573659.936746988], [694207.141566265, 2573668.686746988], [694208.391566265, 2573669.936746988], [694217.141566265, 2573678.686746988], [694218.391566265, 2573679.936746988], [694225.391566265, 2573688.686746988], [694228.391566265, 2573691.686746988], [694235.391566265, 2573698.686746988], [694238.391566265, 2573701.686746988], [694245.391566265, 2573708.686746988], [694248.391566265, 2573711.686746988], [694258.391566265, 2573711.686746988], [694265.391566265, 2573718.686746988], [694268.391566265, 2573721.686746988], [694278.391566265, 2573721.686746988], [694285.391566265, 2573728.686746988], [694288.391566265, 2573731.686746988], [694297.141566265, 2573738.686746988], [694297.141566265, 2573748.686746988], [694298.391566265, 2573749.936746988], [694307.141566265, 2573758.686746988], [694308.391566265, 2573759.936746988], [694317.141566265, 2573768.686746988], [694318.391566265, 2573769.936746988], [694319.641566265, 2573768.686746988], [694328.391566265, 2573759.936746988], [694338.391566265, 2573761.686746988], [694348.391566265, 2573761.686746988], [694358.391566265, 2573761.686746988], [694361.391566265, 2573758.686746988], [694368.391566265, 2573751.686746988], [694378.391566265, 2573751.686746988], [694385.391566265, 2573758.686746988], [694387.141566265, 2573768.686746988], [694387.141566265, 2573778.686746988], [694387.141566265, 2573788.686746988], [694388.391566265, 2573789.936746988], [694397.141566265, 2573798.686746988], [694397.141566265, 2573808.686746988], [694398.391566265, 2573811.186746988], [694405.891566265, 2573818.686746988], [694408.391566265, 2573821.186746988], [694415.891566265, 2573828.686746988], [694418.391566265, 2573831.186746988], [694425.891566265, 2573838.686746988], [694428.391566265, 2573843.686746988], [694433.391566265, 2573848.686746988], [694438.391566265, 2573853.686746988], [694443.391566265, 2573858.686746988], [694445.891566265, 2573868.686746988], [694448.391566265, 2573871.186746988], [694458.391566265, 2573871.186746988], [694465.891566265, 2573878.686746988], [694468.391566265, 2573879.936746988], [694478.391566265, 2573881.686746988], [694485.391566265, 2573888.686746988], [694488.391566265, 2573891.686746988], [694495.391566265, 2573898.686746988], [694498.391566265, 2573901.686746988], [694505.391566265, 2573908.686746988], [694505.391566265, 2573918.686746988], [694508.391566265, 2573921.686746988], [694515.391566265, 2573928.686746988], [694515.391566265, 2573938.686746988], [694515.391566265, 2573948.686746988], [694508.391566265, 2573955.686746988], [694505.391566265, 2573958.686746988], [694505.391566265, 2573968.686746988], [694504.2248995984, 2573978.6867469875], [694504.2248995984, 2573988.6867469875], [694504.2248995984, 2573998.686746988], [694498.3915662649, 2574004.5200803215], [694488.3915662649, 2574004.5200803215], [694478.391566265, 2574004.5200803215], [694468.3915662649, 2574004.5200803215], [694458.3915662649, 2574004.5200803215], [694448.391566265, 2574004.5200803215], [694438.3915662649, 2574004.5200803215], [694428.3915662649, 2574004.5200803215], [694418.391566265, 2574004.5200803215], [694408.3915662649, 2574004.5200803215], [694398.3915662649, 2574004.5200803215], [694388.391566265, 2574004.5200803215], [694378.3915662649, 2574004.5200803215], [694368.3915662649, 2574004.5200803215], [694358.391566265, 2574004.5200803215], [694352.5582329317, 2573998.686746988], [694348.3915662649, 2573994.5200803215], [694338.3915662649, 2573994.5200803215], [694328.391566265, 2573994.5200803215], [694318.3915662649, 2573994.5200803215], [694312.5582329317, 2573988.6867469875], [694308.3915662649, 2573984.520080321], [694298.391566265, 2573984.520080321], [694288.3915662649, 2573984.520080321], [694282.5582329317, 2573978.6867469875], [694278.3915662649, 2573974.5200803215], [694268.391566265, 2573974.5200803215], [694258.3915662649, 2573974.5200803215], [694248.3915662649, 2573974.5200803215], [694238.391566265, 2573974.5200803215], [694232.5582329317, 2573968.686746988], [694228.3915662649, 2573964.5200803215], [694218.3915662649, 2573964.5200803215], [694208.391566265, 2573964.5200803215], [694198.3915662649, 2573964.5200803215], [694192.5582329317, 2573958.6867469875], [694188.3915662649, 2573954.520080321], [694178.391566265, 2573954.520080321], [694168.3915662649, 2573954.520080321], [694158.3915662649, 2573954.520080321], [694152.5582329317, 2573948.6867469875], [694148.391566265, 2573944.5200803215], [694138.3915662649, 2573944.5200803215], [694128.3915662649, 2573944.5200803215], [694118.391566265, 2573944.5200803215], [694108.3915662649, 2573944.5200803215], [694098.3915662649, 2573944.5200803215], [694088.391566265, 2573944.5200803215], [694078.3915662649, 2573944.5200803215], [694068.3915662649, 2573944.5200803215], [694058.391566265, 2573944.5200803215], [694048.3915662649, 2573944.5200803215], [694038.3915662649, 2573944.5200803215], [694028.391566265, 2573944.5200803215], [694022.5582329317, 2573938.686746988], [694018.3915662649, 2573934.5200803215], [694008.3915662649, 2573934.5200803215], [693998.391566265, 2573934.5200803215], [693988.3915662649, 2573934.5200803215], [693982.5582329317, 2573928.6867469875], [693978.3915662649, 2573924.520080321], [693968.391566265, 2573924.520080321], [693958.3915662649, 2573924.520080321], [693948.3915662649, 2573924.520080321], [693938.391566265, 2573924.520080321], [693928.3915662649, 2573924.520080321], [693918.3915662649, 2573924.520080321], [693914.2248995984, 2573928.6867469875], [693908.391566265, 2573934.5200803215], [693898.3915662649, 2573934.5200803215], [693892.5582329317, 2573928.6867469875], [693888.3915662649, 2573924.520080321], [693882.5582329317, 2573918.6867469875], [693878.391566265, 2573914.5200803215], [693868.3915662649, 2573914.5200803215], [693862.5582329317, 2573908.686746988], [693858.3915662649, 2573904.5200803215], [693852.5582329317, 2573898.6867469875], [693852.5582329317, 2573888.6867469875], [693848.391566265, 2573884.5200803215], [693842.5582329317, 2573878.686746988], [693838.3915662649, 2573874.5200803215], [693832.5582329317, 2573868.6867469875], [693832.5582329317, 2573858.6867469875], [693828.3915662649, 2573854.5200803215], [693822.5582329317, 2573848.686746988], [693818.391566265, 2573844.5200803215], [693812.5582329317, 2573838.6867469875], [693812.5582329317, 2573828.6867469875], [693812.5582329317, 2573818.686746988], [693808.3915662649, 2573814.5200803215], [693802.5582329317, 2573808.6867469875], [693802.5582329317, 2573798.6867469875], [693802.5582329317, 2573788.686746988], [693802.5582329317, 2573778.6867469875], [693802.5582329317, 2573768.6867469875], [693798.3915662649, 2573764.5200803215], [693792.5582329317, 2573758.686746988], [693792.5582329317, 2573748.6867469875], [693792.5582329317, 2573738.6867469875], [693788.391566265, 2573734.5200803215], [693782.5582329317, 2573728.686746988], [693781.391566265, 2573718.686746988], [693778.391566265, 2573715.686746988], [693772.5582329317, 2573708.6867469875], [693768.3915662649, 2573704.5200803215], [693762.5582329317, 2573698.686746988], [693758.391566265, 2573694.5200803215], [693752.5582329317, 2573688.6867469875], [693748.3915662649, 2573684.520080321], [693742.5582329317, 2573678.6867469875], [693742.5582329317, 2573668.686746988], [693741.391566265, 2573658.686746988], [693738.391566265, 2573655.686746988], [693731.391566265, 2573648.686746988], [693731.391566265, 2573638.686746988], [693728.391566265, 2573635.686746988], [693721.391566265, 2573628.686746988], [693718.391566265, 2573625.686746988], [693711.391566265, 2573618.686746988], [693711.391566265, 2573608.686746988], [693709.641566265, 2573598.686746988], [693708.391566265, 2573597.436746988], [693701.391566265, 2573588.686746988], [693698.391566265, 2573581.186746988], [693695.891566265, 2573578.686746988], [693689.641566265, 2573568.686746988], [693688.391566265, 2573567.436746988], [693679.641566265, 2573558.686746988], [693678.391566265, 2573557.436746988], [693668.391566265, 2573555.686746988], [693661.391566265, 2573548.686746988], [693661.391566265, 2573538.686746988], [693661.391566265, 2573528.686746988], [693668.391566265, 2573519.936746988], [693669.641566265, 2573518.686746988], [693671.391566265, 2573508.686746988], [693671.391566265, 2573498.686746988], [693678.391566265, 2573491.686746988], [693681.391566265, 2573488.686746988], [693681.391566265, 2573478.686746988], [693681.391566265, 2573468.686746988], [693681.391566265, 2573458.686746988], [693678.391566265, 2573455.686746988], [693672.5582329317, 2573448.6867469875], [693672.5582329317, 2573438.6867469875], [693672.5582329317, 2573428.686746988], [693668.391566265, 2573424.5200803215], [693662.5582329317, 2573418.6867469875], [693658.3915662649, 2573414.520080321], [693652.5582329317, 2573408.6867469875], [693648.3915662649, 2573404.5200803215], [693642.5582329317, 2573398.686746988], [693638.391566265, 2573394.5200803215], [693631.391566265, 2573388.686746988], [693628.391566265, 2573385.686746988], [693621.391566265, 2573378.686746988], [693618.391566265, 2573375.686746988], [693609.641566265, 2573368.686746988], [693608.391566265, 2573367.436746988], [693599.641566265, 2573358.686746988], [693598.391566265, 2573357.436746988], [693589.641566265, 2573348.686746988], [693588.391566265, 2573347.436746988], [693581.391566265, 2573338.686746988], [693579.641566265, 2573328.686746988], [693578.391566265, 2573327.436746988], [693569.641566265, 2573318.686746988], [693568.391566265, 2573317.436746988], [693561.391566265, 2573308.686746988], [693558.391566265, 2573305.686746988], [693551.391566265, 2573298.686746988], [693551.391566265, 2573288.686746988], [693548.391566265, 2573285.686746988], [693541.391566265, 2573278.686746988], [693541.391566265, 2573268.686746988], [693538.391566265, 2573265.686746988], [693531.391566265, 2573258.686746988], [693531.391566265, 2573248.686746988], [693528.391566265, 2573245.686746988], [693521.391566265, 2573238.686746988], [693521.391566265, 2573228.686746988], [693519.641566265, 2573218.686746988], [693518.391566265, 2573217.436746988], [693511.391566265, 2573208.686746988], [693508.391566265, 2573205.686746988], [693501.391566265, 2573198.686746988], [693498.391566265, 2573195.686746988], [693491.391566265, 2573188.686746988], [693488.391566265, 2573185.686746988], [693481.391566265, 2573178.686746988], [693478.391566265, 2573175.686746988], [693471.391566265, 2573168.686746988], [693469.641566265, 2573158.686746988], [693468.391566265, 2573157.436746988], [693459.641566265, 2573148.686746988], [693458.391566265, 2573147.436746988], [693449.641566265, 2573138.686746988], [693448.391566265, 2573137.436746988], [693441.391566265, 2573128.686746988], [693438.391566265, 2573125.686746988], [693431.391566265, 2573118.686746988], [693429.641566265, 2573108.686746988], [693428.391566265, 2573107.436746988], [693421.391566265, 2573098.686746988], [693418.391566265, 2573095.686746988], [693411.391566265, 2573088.686746988], [693409.641566265, 2573078.686746988], [693408.391566265, 2573077.436746988], [693401.391566265, 2573068.686746988], [693398.391566265, 2573065.686746988], [693391.391566265, 2573058.686746988], [693389.641566265, 2573048.686746988], [693388.391566265, 2573047.436746988], [693381.391566265, 2573038.686746988], [693379.641566265, 2573028.686746988], [693378.391566265, 2573027.436746988], [693369.641566265, 2573018.686746988], [693368.391566265, 2573016.186746988], [693363.391566265, 2573008.686746988], [693363.391566265, 2572998.686746988], [693363.391566265, 2572988.686746988], [693363.391566265, 2572978.686746988], [693362.141566265, 2572968.686746988], [693358.391566265, 2572964.936746988], [693352.141566265, 2572958.686746988], [693348.391566265, 2572955.686746988], [693339.641566265, 2572948.686746988], [693338.391566265, 2572947.436746988], [693328.391566265, 2572945.686746988], [693321.391566265, 2572938.686746988], [693318.391566265, 2572935.686746988], [693311.391566265, 2572928.686746988], [693308.391566265, 2572925.686746988], [693301.391566265, 2572918.686746988], [693299.641566265, 2572908.686746988], [693298.391566265, 2572907.436746988], [693289.641566265, 2572898.686746988], [693288.391566265, 2572897.436746988], [693281.391566265, 2572888.686746988], [693279.641566265, 2572878.686746988], [693278.391566265, 2572877.436746988], [693269.641566265, 2572868.686746988], [693268.391566265, 2572867.436746988], [693259.641566265, 2572858.686746988], [693258.391566265, 2572857.436746988], [693249.641566265, 2572848.686746988], [693248.391566265, 2572847.436746988], [693239.641566265, 2572838.686746988], [693238.391566265, 2572837.436746988], [693229.641566265, 2572828.686746988], [693228.391566265, 2572827.436746988], [693219.641566265, 2572818.686746988], [693218.391566265, 2572817.436746988], [693209.641566265, 2572808.686746988], [693208.391566265, 2572807.436746988], [693201.391566265, 2572798.686746988], [693198.391566265, 2572795.686746988], [693191.391566265, 2572788.686746988], [693188.391566265, 2572785.686746988], [693181.391566265, 2572778.686746988], [693179.641566265, 2572768.686746988], [693178.391566265, 2572767.436746988], [693169.641566265, 2572758.686746988], [693168.391566265, 2572757.436746988], [693159.641566265, 2572748.686746988], [693158.391566265, 2572747.436746988], [693148.391566265, 2572746.186746988], [693140.891566265, 2572738.686746988], [693138.391566265, 2572737.436746988], [693129.641566265, 2572728.686746988], [693128.391566265, 2572727.436746988], [693123.391566265, 2572728.686746988], [693118.391566265, 2572733.686746988], [693108.391566265, 2572733.686746988], [693103.391566265, 2572738.686746988], [693103.391566265, 2572748.686746988], [693103.391566265, 2572758.686746988], [693108.391566265, 2572763.686746988], [693113.391566265, 2572768.686746988], [693118.391566265, 2572773.686746988], [693123.391566265, 2572778.686746988], [693123.391566265, 2572788.686746988], [693127.141566265, 2572798.686746988], [693128.391566265, 2572799.936746988], [693137.141566265, 2572808.686746988], [693138.391566265, 2572811.186746988], [693145.891566265, 2572818.686746988], [693147.141566265, 2572828.686746988], [693147.141566265, 2572838.686746988], [693148.391566265, 2572839.936746988], [693157.141566265, 2572848.686746988], [693158.391566265, 2572849.936746988], [693165.391566265, 2572858.686746988], [693168.391566265, 2572861.686746988], [693175.391566265, 2572868.686746988], [693175.391566265, 2572878.686746988], [693178.391566265, 2572881.686746988], [693185.391566265, 2572888.686746988], [693185.391566265, 2572898.686746988], [693187.141566265, 2572908.686746988], [693187.141566265, 2572918.686746988], [693188.391566265, 2572919.936746988], [693197.141566265, 2572928.686746988], [693197.141566265, 2572938.686746988], [693197.141566265, 2572948.686746988], [693198.391566265, 2572953.686746988], [693200.891566265, 2572958.686746988], [693207.141566265, 2572968.686746988], [693208.391566265, 2572969.936746988], [693215.391566265, 2572978.686746988], [693218.391566265, 2572981.686746988], [693225.391566265, 2572988.686746988], [693228.391566265, 2572991.686746988], [693235.391566265, 2572998.686746988], [693235.391566265, 2573008.686746988], [693238.391566265, 2573011.686746988], [693245.391566265, 2573018.686746988], [693247.141566265, 2573028.686746988], [693247.141566265, 2573038.686746988], [693248.391566265, 2573039.936746988], [693255.391566265, 2573048.686746988], [693257.141566265, 2573058.686746988], [693258.391566265, 2573059.936746988], [693265.391566265, 2573068.686746988], [693265.391566265, 2573078.686746988], [693268.391566265, 2573081.686746988], [693275.391566265, 2573088.686746988], [693275.391566265, 2573098.686746988], [693278.391566265, 2573101.686746988], [693285.391566265, 2573108.686746988], [693285.391566265, 2573118.686746988], [693283.391566265, 2573128.686746988], [693278.391566265, 2573133.686746988], [693275.391566265, 2573138.686746988], [693268.391566265, 2573147.436746988], [693267.141566265, 2573148.686746988], [693267.141566265, 2573158.686746988], [693268.391566265, 2573159.936746988], [693277.141566265, 2573168.686746988], [693278.391566265, 2573169.936746988], [693288.391566265, 2573176.186746988], [693290.891566265, 2573178.686746988], [693298.391566265, 2573181.686746988], [693305.391566265, 2573188.686746988], [693308.391566265, 2573191.686746988], [693315.391566265, 2573198.686746988], [693315.391566265, 2573208.686746988], [693308.391566265, 2573215.686746988], [693305.391566265, 2573218.686746988], [693298.391566265, 2573225.686746988], [693288.391566265, 2573225.686746988], [693285.391566265, 2573228.686746988], [693278.391566265, 2573235.686746988], [693268.391566265, 2573235.686746988], [693258.391566265, 2573237.436746988], [693248.391566265, 2573237.436746988], [693238.391566265, 2573237.436746988], [693237.141566265, 2573238.686746988], [693228.391566265, 2573245.686746988], [693218.391566265, 2573245.686746988], [693208.391566265, 2573247.436746988], [693205.891566265, 2573248.686746988], [693198.391566265, 2573253.686746988], [693188.391566265, 2573255.686746988], [693178.391566265, 2573255.686746988], [693168.391566265, 2573257.436746988], [693163.391566265, 2573258.686746988], [693158.391566265, 2573260.3534136545], [693148.391566265, 2573260.3534136545], [693138.391566265, 2573260.3534136545], [693128.391566265, 2573260.3534136545], [693118.391566265, 2573260.3534136545], [693108.391566265, 2573260.3534136545], [693103.391566265, 2573258.686746988], [693098.391566265, 2573257.436746988], [693088.391566265, 2573255.686746988], [693081.391566265, 2573248.686746988], [693078.391566265, 2573245.686746988], [693071.391566265, 2573238.686746988], [693068.391566265, 2573235.686746988], [693061.391566265, 2573228.686746988], [693058.391566265, 2573223.686746988], [693053.391566265, 2573218.686746988], [693048.391566265, 2573213.686746988], [693038.391566265, 2573213.686746988], [693033.391566265, 2573218.686746988], [693028.391566265, 2573223.686746988], [693027.141566265, 2573228.686746988], [693028.391566265, 2573229.936746988], [693035.391566265, 2573238.686746988], [693035.391566265, 2573248.686746988], [693028.391566265, 2573255.686746988], [693025.391566265, 2573258.686746988], [693025.391566265, 2573268.686746988], [693025.391566265, 2573278.686746988], [693025.391566265, 2573288.686746988], [693028.391566265, 2573296.186746988], [693030.891566265, 2573298.686746988], [693035.391566265, 2573308.686746988], [693037.141566265, 2573318.686746988], [693038.391566265, 2573319.936746988], [693047.141566265, 2573328.686746988], [693048.391566265, 2573329.936746988], [693058.391566265, 2573331.686746988], [693068.391566265, 2573331.686746988], [693078.391566265, 2573329.936746988], [693079.641566265, 2573328.686746988], [693088.391566265, 2573321.686746988], [693098.391566265, 2573321.686746988], [693108.391566265, 2573319.936746988], [693113.391566265, 2573318.686746988], [693118.391566265, 2573317.020080321], [693128.391566265, 2573317.020080321], [693130.891566265, 2573318.686746988], [693138.391566265, 2573321.686746988], [693148.391566265, 2573323.686746988], [693153.391566265, 2573328.686746988], [693158.391566265, 2573331.686746988], [693168.391566265, 2573336.186746988], [693170.891566265, 2573338.686746988], [693178.391566265, 2573346.186746988], [693180.891566265, 2573348.686746988], [693188.391566265, 2573351.686746988], [693195.391566265, 2573358.686746988], [693198.391566265, 2573361.686746988], [693208.391566265, 2573361.686746988], [693218.391566265, 2573361.686746988], [693228.391566265, 2573366.186746988], [693230.891566265, 2573368.686746988], [693238.391566265, 2573371.686746988], [693248.391566265, 2573371.686746988], [693258.391566265, 2573371.686746988], [693268.391566265, 2573371.686746988], [693278.391566265, 2573371.686746988], [693288.391566265, 2573371.686746988], [693297.141566265, 2573378.686746988], [693298.391566265, 2573379.936746988], [693307.141566265, 2573388.686746988], [693308.391566265, 2573389.936746988], [693317.141566265, 2573398.686746988], [693315.391566265, 2573408.686746988], [693308.391566265, 2573417.436746988], [693307.141566265, 2573418.686746988], [693298.391566265, 2573427.436746988], [693297.141566265, 2573428.686746988], [693297.141566265, 2573438.686746988], [693288.391566265, 2573447.436746988], [693287.141566265, 2573448.686746988], [693278.391566265, 2573455.686746988], [693275.391566265, 2573458.686746988], [693268.391566265, 2573465.686746988], [693258.391566265, 2573465.686746988], [693248.391566265, 2573465.686746988], [693238.391566265, 2573467.436746988], [693237.141566265, 2573468.686746988], [693228.391566265, 2573475.686746988], [693225.391566265, 2573478.686746988], [693218.391566265, 2573485.686746988], [693215.391566265, 2573488.686746988], [693215.391566265, 2573498.686746988], [693208.391566265, 2573505.686746988], [693205.391566265, 2573508.686746988], [693198.391566265, 2573515.686746988], [693188.391566265, 2573515.686746988], [693178.391566265, 2573515.686746988], [693168.391566265, 2573517.436746988], [693158.391566265, 2573517.436746988], [693148.391566265, 2573517.436746988], [693138.391566265, 2573517.436746988], [693128.391566265, 2573517.436746988], [693127.141566265, 2573518.686746988], [693118.391566265, 2573527.436746988], [693117.141566265, 2573528.686746988], [693118.391566265, 2573529.936746988], [693127.141566265, 2573538.686746988], [693128.391566265, 2573541.186746988], [693135.891566265, 2573548.686746988], [693137.141566265, 2573558.686746988], [693135.391566265, 2573568.686746988], [693135.391566265, 2573578.686746988], [693138.391566265, 2573581.686746988], [693145.391566265, 2573588.686746988], [693145.391566265, 2573598.686746988], [693138.391566265, 2573605.686746988], [693135.391566265, 2573608.686746988], [693128.391566265, 2573615.686746988], [693118.391566265, 2573615.686746988], [693115.391566265, 2573618.686746988], [693108.391566265, 2573625.686746988], [693105.391566265, 2573628.686746988], [693105.391566265, 2573638.686746988], [693105.391566265, 2573648.686746988], [693098.391566265, 2573654.520080321], [693094.2248995984, 2573658.6867469875], [693088.3915662649, 2573664.5200803215], [693084.2248995983, 2573668.686746988], [693078.3915662649, 2573674.5200803215], [693068.391566265, 2573674.5200803215], [693058.3915662649, 2573674.5200803215], [693052.5582329317, 2573668.686746988], [693048.3915662649, 2573664.5200803215], [693042.5582329317, 2573658.6867469875], [693038.391566265, 2573654.520080321], [693032.5582329317, 2573648.6867469875], [693032.5582329317, 2573638.686746988], [693028.3915662649, 2573634.5200803215], [693022.5582329317, 2573628.6867469875], [693022.5582329317, 2573618.6867469875], [693018.3915662649, 2573614.5200803215], [693012.5582329317, 2573608.686746988], [693008.391566265, 2573604.5200803215], [693002.5582329317, 2573598.6867469875], [692998.3915662649, 2573594.520080321], [692992.5582329317, 2573588.6867469875], [692988.3915662649, 2573584.5200803215], [692982.5582329317, 2573578.686746988], [692978.391566265, 2573574.5200803215], [692972.5582329317, 2573568.6867469875], [692968.3915662649, 2573564.520080321], [692962.5582329317, 2573558.6867469875], [692958.3915662649, 2573554.5200803215], [692952.5582329317, 2573548.686746988], [692952.5582329317, 2573538.6867469875], [692948.391566265, 2573534.520080321], [692942.5582329317, 2573528.6867469875], [692938.3915662649, 2573524.5200803215], [692932.5582329317, 2573518.686746988], [692928.3915662649, 2573514.5200803215], [692922.5582329317, 2573508.6867469875], [692922.5582329317, 2573498.6867469875], [692918.391566265, 2573494.5200803215], [692912.5582329317, 2573488.686746988], [692908.3915662649, 2573484.5200803215], [692902.5582329317, 2573478.6867469875], [692898.3915662649, 2573474.520080321], [692892.5582329317, 2573468.6867469875], [692888.391566265, 2573464.5200803215], [692882.5582329317, 2573458.686746988], [692878.3915662649, 2573454.5200803215], [692872.5582329317, 2573448.6867469875], [692868.3915662649, 2573444.520080321], [692862.5582329317, 2573438.6867469875], [692858.391566265, 2573434.5200803215], [692852.5582329317, 2573428.686746988], [692848.3915662649, 2573424.5200803215], [692842.5582329317, 2573418.6867469875], [692838.3915662649, 2573414.520080321], [692832.5582329317, 2573408.6867469875], [692828.391566265, 2573404.5200803215], [692822.5582329317, 2573398.686746988], [692818.3915662649, 2573394.5200803215], [692812.5582329317, 2573388.6867469875], [692808.3915662649, 2573384.520080321], [692802.5582329317, 2573378.6867469875], [692798.391566265, 2573374.5200803215], [692788.3915662649, 2573374.5200803215], [692782.5582329317, 2573368.686746988], [692778.3915662649, 2573364.5200803215], [692772.5582329317, 2573358.6867469875], [692768.391566265, 2573354.520080321], [692762.5582329317, 2573348.6867469875], [692758.3915662649, 2573344.5200803215], [692748.3915662649, 2573344.5200803215], [692742.5582329317, 2573338.686746988], [692738.391566265, 2573334.5200803215], [692732.5582329317, 2573328.6867469875], [692728.3915662649, 2573324.520080321], [692722.5582329317, 2573318.6867469875], [692718.3915662649, 2573314.5200803215], [692712.5582329317, 2573308.686746988], [692708.391566265, 2573304.5200803215], [692698.3915662649, 2573304.5200803215], [692692.5582329317, 2573298.6867469875], [692688.3915662649, 2573294.520080321], [692682.5582329317, 2573288.6867469875], [692678.391566265, 2573284.5200803215], [692672.5582329317, 2573278.686746988], [692668.3915662649, 2573274.5200803215], [692662.5582329317, 2573268.6867469875], [692658.3915662649, 2573264.520080321], [692648.391566265, 2573264.520080321], [692642.5582329317, 2573258.6867469875], [692638.3915662649, 2573254.5200803215], [692632.5582329317, 2573248.686746988], [692628.3915662649, 2573244.5200803215], [692618.391566265, 2573244.5200803215], [692612.5582329317, 2573238.6867469875], [692608.3915662649, 2573234.520080321], [692598.3915662649, 2573234.520080321], [692592.5582329317, 2573228.6867469875], [692588.391566265, 2573224.5200803215], [692578.3915662649, 2573224.5200803215], [692572.5582329317, 2573218.686746988], [692568.3915662649, 2573214.5200803215], [692558.391566265, 2573214.5200803215], [692552.5582329317, 2573208.6867469875], [692548.3915662649, 2573204.520080321], [692538.3915662649, 2573204.520080321], [692532.5582329317, 2573198.6867469875], [692528.391566265, 2573194.5200803215], [692518.3915662649, 2573194.5200803215], [692512.5582329317, 2573188.686746988], [692508.3915662649, 2573184.5200803215], [692498.391566265, 2573184.5200803215], [692492.5582329317, 2573178.6867469875], [692488.3915662649, 2573174.520080321], [692482.5582329317, 2573168.6867469875], [692478.3915662649, 2573164.5200803215], [692468.391566265, 2573164.5200803215], [692462.5582329317, 2573158.686746988], [692458.3915662649, 2573154.5200803215], [692448.3915662649, 2573154.5200803215], [692442.5582329317, 2573148.6867469875], [692438.391566265, 2573144.520080321], [692428.3915662649, 2573144.520080321], [692422.5582329317, 2573138.6867469875], [692418.3915662649, 2573134.5200803215], [692408.391566265, 2573134.5200803215], [692402.5582329317, 2573128.686746988], [692398.3915662649, 2573124.5200803215], [692388.3915662649, 2573124.5200803215], [692382.5582329317, 2573118.6867469875], [692378.391566265, 2573114.520080321], [692368.3915662649, 2573114.520080321], [692362.5582329317, 2573108.6867469875], [692358.3915662649, 2573104.5200803215], [692348.391566265, 2573104.5200803215], [692342.5582329317, 2573098.686746988], [692338.3915662649, 2573094.5200803215], [692332.5582329317, 2573088.6867469875], [692328.3915662649, 2573084.520080321], [692322.5582329317, 2573078.6867469875], [692322.5582329317, 2573068.686746988], [692318.391566265, 2573064.5200803215], [692312.5582329317, 2573058.6867469875], [692312.5582329317, 2573048.6867469875], [692312.5582329317, 2573038.686746988], [692311.391566265, 2573028.686746988], [692311.391566265, 2573018.686746988], [692308.391566265, 2573015.686746988], [692302.5582329317, 2573008.686746988], [692301.391566265, 2572998.686746988], [692301.391566265, 2572988.686746988], [692299.641566265, 2572978.686746988], [692298.391566265, 2572977.436746988], [692292.5582329317, 2572968.6867469875], [692291.391566265, 2572958.686746988], [692288.391566265, 2572955.686746988], [692279.641566265, 2572948.686746988], [692278.391566265, 2572947.436746988], [692277.141566265, 2572948.686746988], [692268.391566265, 2572955.686746988], [692265.391566265, 2572958.686746988], [692263.391566265, 2572968.686746988], [692258.391566265, 2572973.686746988], [692254.2248995984, 2572978.686746988], [692250.0582329317, 2572988.686746988], [692248.391566265, 2572991.186746988], [692245.391566265, 2572998.686746988], [692245.391566265, 2573008.686746988], [692244.2248995983, 2573018.6867469875], [692238.391566265, 2573025.686746988], [692235.391566265, 2573028.686746988], [692234.2248995984, 2573038.686746988], [692228.391566265, 2573044.5200803215], [692224.2248995984, 2573048.6867469875], [692218.3915662649, 2573054.520080321], [692214.2248995983, 2573058.6867469875], [692208.3915662649, 2573064.5200803215], [692204.2248995984, 2573068.686746988], [692198.391566265, 2573074.5200803215], [692188.3915662649, 2573074.5200803215], [692178.3915662649, 2573074.5200803215], [692172.5582329317, 2573068.686746988], [692168.391566265, 2573064.5200803215], [692158.3915662649, 2573064.5200803215], [692152.5582329317, 2573058.6867469875], [692148.3915662649, 2573054.520080321], [692138.391566265, 2573054.520080321], [692128.3915662649, 2573054.520080321], [692122.5582329317, 2573048.6867469875], [692118.3915662649, 2573044.5200803215], [692108.391566265, 2573044.5200803215], [692102.5582329317, 2573038.686746988], [692098.3915662649, 2573034.5200803215], [692088.3915662649, 2573034.5200803215], [692078.391566265, 2573034.5200803215], [692068.3915662649, 2573034.5200803215], [692062.5582329317, 2573028.6867469875], [692058.3915662649, 2573024.520080321], [692052.5582329317, 2573018.6867469875], [692048.391566265, 2573014.5200803215], [692038.3915662649, 2573014.5200803215], [692028.3915662649, 2573014.5200803215], [692022.5582329317, 2573008.686746988], [692018.391566265, 2573004.5200803215], [692008.3915662649, 2573004.5200803215], [692002.5582329317, 2572998.6867469875], [691998.3915662649, 2572994.520080321], [691988.391566265, 2572994.520080321], [691978.3915662649, 2572994.520080321], [691968.3915662649, 2572994.520080321], [691962.5582329317, 2572988.6867469875], [691958.391566265, 2572984.5200803215], [691948.3915662649, 2572984.5200803215], [691942.5582329317, 2572978.686746988], [691938.3915662649, 2572974.5200803215], [691928.391566265, 2572974.5200803215], [691922.5582329317, 2572968.6867469875], [691918.3915662649, 2572964.520080321], [691912.5582329317, 2572958.6867469875], [691908.3915662649, 2572954.5200803215], [691898.391566265, 2572954.5200803215], [691892.5582329317, 2572948.686746988], [691888.3915662649, 2572944.5200803215], [691878.3915662649, 2572944.5200803215], [691872.5582329317, 2572938.6867469875], [691868.391566265, 2572934.520080321], [691858.3915662649, 2572934.520080321], [691848.3915662649, 2572934.520080321], [691838.391566265, 2572934.520080321], [691832.5582329317, 2572928.6867469875], [691828.3915662649, 2572924.5200803215], [691818.3915662649, 2572924.5200803215], [691808.391566265, 2572924.5200803215], [691802.5582329317, 2572918.686746988], [691798.3915662649, 2572914.5200803215], [691788.3915662649, 2572914.5200803215], [691778.391566265, 2572914.5200803215], [691774.2248995984, 2572918.686746988], [691768.3915662649, 2572924.5200803215], [691758.3915662649, 2572924.5200803215], [691748.391566265, 2572924.5200803215], [691738.3915662649, 2572924.5200803215], [691732.5582329317, 2572918.686746988], [691728.3915662649, 2572914.5200803215], [691718.391566265, 2572914.5200803215], [691708.3915662649, 2572914.5200803215], [691702.5582329317, 2572908.6867469875], [691698.3915662649, 2572904.520080321], [691688.391566265, 2572904.520080321], [691682.5582329317, 2572898.6867469875], [691678.3915662649, 2572894.5200803215], [691668.3915662649, 2572894.5200803215], [691662.5582329317, 2572888.686746988], [691658.391566265, 2572884.5200803215], [691652.5582329317, 2572878.6867469875], [691648.3915662649, 2572874.520080321], [691644.2248995983, 2572878.6867469875], [691638.3915662649, 2572884.5200803215], [691634.2248995984, 2572888.686746988], [691634.2248995984, 2572898.6867469875], [691634.2248995984, 2572908.6867469875], [691628.391566265, 2572914.5200803215], [691624.2248995984, 2572918.686746988], [691624.2248995984, 2572928.6867469875], [691624.2248995984, 2572938.6867469875], [691624.2248995984, 2572948.686746988], [691624.2248995984, 2572958.6867469875], [691624.2248995984, 2572968.6867469875], [691624.2248995984, 2572978.686746988], [691618.3915662649, 2572984.5200803215], [691614.2248995983, 2572988.6867469875], [691614.2248995983, 2572998.6867469875], [691608.3915662649, 2573004.5200803215], [691604.2248995984, 2573008.686746988], [691604.2248995984, 2573018.6867469875], [691604.2248995984, 2573028.6867469875], [691604.2248995984, 2573038.686746988], [691598.391566265, 2573044.5200803215], [691594.2248995984, 2573048.6867469875], [691594.2248995984, 2573058.6867469875], [691594.2248995984, 2573068.686746988], [691594.2248995984, 2573078.6867469875], [691594.2248995984, 2573088.6867469875], [691598.391566265, 2573092.8534136545], [691604.2248995984, 2573098.686746988], [691608.3915662649, 2573102.8534136545], [691614.2248995983, 2573108.6867469875], [691618.3915662649, 2573112.8534136545], [691628.391566265, 2573112.8534136545], [691638.3915662649, 2573112.8534136545], [691644.2248995983, 2573118.6867469875], [691648.3915662649, 2573122.8534136545], [691658.391566265, 2573122.8534136545], [691664.2248995984, 2573128.686746988], [691668.3915662649, 2573132.8534136545], [691678.3915662649, 2573132.8534136545], [691684.2248995984, 2573138.6867469875], [691688.391566265, 2573142.8534136545], [691698.3915662649, 2573142.8534136545], [691708.3915662649, 2573142.8534136545], [691718.391566265, 2573142.8534136545], [691728.3915662649, 2573142.8534136545], [691734.2248995983, 2573148.6867469875], [691738.3915662649, 2573152.8534136545], [691744.2248995984, 2573158.686746988], [691748.391566265, 2573162.8534136545], [691754.2248995984, 2573168.6867469875], [691754.2248995984, 2573178.6867469875], [691754.2248995984, 2573188.686746988], [691758.3915662649, 2573192.8534136545], [691764.2248995983, 2573198.6867469875], [691768.3915662649, 2573202.8534136545], [691778.391566265, 2573202.8534136545], [691788.3915662649, 2573202.8534136545], [691798.3915662649, 2573202.8534136545], [691808.391566265, 2573202.8534136545], [691818.3915662649, 2573202.8534136545], [691828.3915662649, 2573202.8534136545], [691838.391566265, 2573202.8534136545], [691844.2248995984, 2573208.6867469875], [691848.3915662649, 2573212.8534136545], [691858.3915662649, 2573212.8534136545], [691864.2248995984, 2573218.686746988], [691868.391566265, 2573222.8534136545], [691878.3915662649, 2573222.8534136545], [691884.2248995983, 2573228.6867469875], [691888.3915662649, 2573232.8534136545], [691898.391566265, 2573232.8534136545], [691904.2248995984, 2573238.6867469875], [691908.3915662649, 2573242.8534136545], [691918.3915662649, 2573242.8534136545], [691928.391566265, 2573242.8534136545], [691934.2248995984, 2573248.686746988], [691938.3915662649, 2573252.8534136545], [691948.3915662649, 2573252.8534136545], [691954.2248995984, 2573258.6867469875], [691958.391566265, 2573262.8534136545], [691968.3915662649, 2573262.8534136545], [691974.2248995983, 2573268.6867469875], [691978.3915662649, 2573272.8534136545], [691984.2248995984, 2573278.686746988], [691988.391566265, 2573282.8534136545], [691998.3915662649, 2573282.8534136545], [692008.3915662649, 2573282.8534136545], [692018.391566265, 2573282.8534136545], [692028.3915662649, 2573282.8534136545], [692034.2248995983, 2573288.6867469875], [692038.3915662649, 2573292.8534136545], [692048.391566265, 2573292.8534136545], [692054.2248995984, 2573298.6867469875], [692058.3915662649, 2573302.8534136545], [692064.2248995983, 2573308.686746988], [692068.3915662649, 2573312.8534136545], [692078.391566265, 2573312.8534136545], [692084.2248995984, 2573318.6867469875], [692088.3915662649, 2573322.8534136545], [692094.2248995983, 2573328.6867469875], [692094.2248995983, 2573338.686746988], [692094.2248995983, 2573348.6867469875], [692098.3915662649, 2573352.8534136545], [692104.2248995984, 2573358.6867469875], [692104.2248995984, 2573368.686746988], [692108.391566265, 2573372.8534136545], [692114.2248995984, 2573378.6867469875], [692114.2248995984, 2573388.6867469875], [692114.2248995984, 2573398.686746988], [692118.3915662649, 2573402.8534136545], [692124.2248995983, 2573408.6867469875], [692124.2248995983, 2573418.6867469875], [692118.3915662649, 2573424.5200803215], [692114.2248995984, 2573428.686746988], [692108.391566265, 2573434.5200803215], [692098.3915662649, 2573434.5200803215], [692091.391566265, 2573428.686746988], [692088.391566265, 2573425.686746988], [692078.391566265, 2573425.686746988], [692068.391566265, 2573425.686746988], [692058.391566265, 2573425.686746988], [692048.391566265, 2573425.686746988], [692038.3915662649, 2573424.5200803215], [692028.3915662649, 2573424.5200803215], [692019.641566265, 2573418.686746988], [692018.391566265, 2573417.436746988], [692008.391566265, 2573415.686746988], [691998.391566265, 2573413.686746988], [691990.891566265, 2573408.686746988], [691988.391566265, 2573407.436746988], [691978.391566265, 2573407.436746988], [691968.391566265, 2573407.436746988], [691967.141566265, 2573408.686746988], [691967.141566265, 2573418.686746988], [691968.391566265, 2573421.186746988], [691973.391566265, 2573428.686746988], [691978.391566265, 2573433.686746988], [691983.391566265, 2573438.686746988], [691987.141566265, 2573448.686746988], [691988.391566265, 2573449.936746988], [691997.141566265, 2573458.686746988], [691998.391566265, 2573459.936746988], [692007.141566265, 2573468.686746988], [692008.391566265, 2573471.186746988], [692015.891566265, 2573478.686746988], [692018.391566265, 2573481.186746988], [692028.391566265, 2573487.0200803215], [692030.891566265, 2573488.686746988], [692038.391566265, 2573496.186746988], [692040.891566265, 2573498.686746988], [692048.391566265, 2573501.686746988], [692055.391566265, 2573508.686746988], [692058.391566265, 2573511.686746988], [692065.391566265, 2573518.686746988], [692068.391566265, 2573521.686746988], [692075.391566265, 2573528.686746988], [692075.391566265, 2573538.686746988], [692075.391566265, 2573548.686746988], [692077.141566265, 2573558.686746988], [692078.391566265, 2573559.936746988], [692085.391566265, 2573568.686746988], [692085.391566265, 2573578.686746988], [692085.391566265, 2573588.686746988], [692085.391566265, 2573598.686746988], [692085.391566265, 2573608.686746988], [692085.391566265, 2573618.686746988], [692085.391566265, 2573628.686746988], [692085.391566265, 2573638.686746988], [692085.391566265, 2573648.686746988], [692078.391566265, 2573657.436746988], [692077.141566265, 2573658.686746988], [692074.641566265, 2573668.686746988], [692074.641566265, 2573678.686746988], [692077.141566265, 2573688.686746988], [692077.141566265, 2573698.686746988], [692075.891566265, 2573708.686746988], [692070.891566265, 2573718.686746988], [692068.391566265, 2573721.186746988], [692060.891566265, 2573728.686746988], [692058.391566265, 2573731.186746988], [692048.391566265, 2573737.436746988], [692038.391566265, 2573737.0200803215], [692030.0582329317, 2573728.6867469884], [692028.391566265, 2573727.436746988], [692023.391566265, 2573728.686746988], [692018.391566265, 2573733.686746988], [692013.391566265, 2573738.686746988], [692017.141566265, 2573748.686746988], [692018.391566265, 2573753.686746988], [692020.891566265, 2573758.686746988], [692020.891566265, 2573768.686746988], [692018.391566265, 2573773.686746988], [692015.891566265, 2573778.686746988], [692008.391566265, 2573786.186746988], [692007.141566265, 2573788.686746988], [692008.391566265, 2573793.686746988], [692013.391566265, 2573798.686746988], [692018.391566265, 2573803.686746988], [692028.391566265, 2573803.686746988], [692038.391566265, 2573803.686746988], [692048.391566265, 2573803.686746988], [692058.391566265, 2573799.936746988], [692068.391566265, 2573799.936746988], [692073.391566265, 2573798.686746988], [692078.391566265, 2573793.686746988], [692088.391566265, 2573793.686746988], [692098.391566265, 2573793.686746988], [692103.391566265, 2573798.686746988], [692103.391566265, 2573808.686746988], [692108.391566265, 2573811.186746988], [692115.891566265, 2573818.686746988], [692118.391566265, 2573821.186746988], [692128.391566265, 2573823.686746988], [692133.391566265, 2573828.686746988], [692138.391566265, 2573831.186746988], [692145.891566265, 2573838.686746988], [692148.391566265, 2573839.936746988], [692158.391566265, 2573843.686746988], [692163.391566265, 2573848.686746988], [692168.391566265, 2573851.186746988], [692175.891566265, 2573858.686746988], [692178.391566265, 2573859.936746988], [692187.141566265, 2573868.686746988], [692188.391566265, 2573869.936746988], [692198.391566265, 2573876.186746988], [692200.891566265, 2573878.686746988], [692208.391566265, 2573886.186746988], [692210.891566265, 2573888.686746988], [692218.391566265, 2573893.686746988], [692225.891566265, 2573898.686746988], [692228.391566265, 2573901.186746988], [692235.891566265, 2573908.686746988], [692237.141566265, 2573918.686746988], [692238.391566265, 2573919.936746988], [692247.141566265, 2573928.686746988], [692247.141566265, 2573938.686746988], [692243.391566265, 2573948.686746988], [692243.391566265, 2573958.686746988], [692248.391566265, 2573963.686746988], [692258.391566265, 2573963.686746988], [692268.391566265, 2573966.186746988], [692278.391566265, 2573966.186746988], [692288.391566265, 2573966.186746988], [692293.391566265, 2573968.686746988], [692298.391566265, 2573969.936746988], [692308.391566265, 2573971.686746988], [692318.391566265, 2573971.686746988], [692325.391566265, 2573978.686746988], [692328.391566265, 2573981.686746988], [692335.391566265, 2573988.686746988], [692338.391566265, 2573991.686746988], [692345.391566265, 2573998.686746988], [692345.391566265, 2574008.686746988], [692345.391566265, 2574018.686746988], [692345.391566265, 2574028.686746988], [692348.391566265, 2574031.686746988], [692355.391566265, 2574038.686746988], [692358.391566265, 2574041.686746988], [692365.391566265, 2574048.686746988], [692365.391566265, 2574058.686746988], [692368.391566265, 2574061.686746988], [692375.391566265, 2574068.686746988], [692377.141566265, 2574078.686746988], [692378.391566265, 2574081.186746988], [692385.891566265, 2574088.686746988], [692386.7248995984, 2574098.686746988], [692388.391566265, 2574103.686746988], [692393.391566265, 2574108.686746988], [692393.391566265, 2574118.686746988], [692398.391566265, 2574123.686746988], [692403.391566265, 2574128.686746988], [692408.391566265, 2574133.686746988], [692413.391566265, 2574138.686746988], [692418.391566265, 2574143.686746988], [692423.391566265, 2574148.686746988], [692428.391566265, 2574153.686746988], [692433.391566265, 2574158.686746988], [692438.391566265, 2574163.686746988], [692440.891566265, 2574168.686746988], [692448.391566265, 2574173.686746988], [692453.391566265, 2574178.686746988], [692458.391566265, 2574181.686746988], [692465.391566265, 2574188.686746988], [692468.391566265, 2574191.686746988], [692477.141566265, 2574198.686746988], [692478.391566265, 2574199.936746988], [692487.141566265, 2574208.686746988], [692488.391566265, 2574209.936746988], [692497.141566265, 2574218.686746988], [692498.391566265, 2574219.936746988], [692508.391566265, 2574221.686746988], [692518.391566265, 2574221.686746988], [692528.391566265, 2574221.686746988], [692535.391566265, 2574228.686746988], [692538.391566265, 2574231.686746988], [692548.391566265, 2574231.686746988], [692558.391566265, 2574231.686746988], [692568.3915662649, 2574232.8534136545], [692572.5582329317, 2574228.6867469875], [692578.3915662649, 2574222.8534136545], [692582.5582329317, 2574218.6867469875], [692582.5582329317, 2574208.686746988], [692582.5582329317, 2574198.6867469875], [692582.5582329317, 2574188.6867469875], [692588.391566265, 2574182.8534136545], [692598.3915662649, 2574182.8534136545], [692608.3915662649, 2574182.8534136545], [692618.391566265, 2574182.8534136545], [692628.3915662649, 2574182.8534136545], [692632.5582329317, 2574178.686746988], [692638.3915662649, 2574172.8534136545], [692648.391566265, 2574172.8534136545], [692658.3915662649, 2574172.8534136545], [692668.3915662649, 2574172.8534136545], [692678.391566265, 2574172.8534136545], [692684.2248995984, 2574178.686746988], [692688.3915662649, 2574182.8534136545], [692694.2248995983, 2574188.6867469875], [692694.2248995983, 2574198.6867469875], [692688.3915662649, 2574204.5200803215], [692684.2248995984, 2574208.686746988], [692684.2248995984, 2574218.6867469875], [692678.391566265, 2574225.686746988], [692675.391566265, 2574228.686746988], [692668.391566265, 2574235.686746988], [692658.391566265, 2574235.686746988], [692655.391566265, 2574238.686746988], [692648.391566265, 2574245.686746988], [692645.391566265, 2574248.686746988], [692638.391566265, 2574255.686746988], [692635.391566265, 2574258.686746988], [692628.391566265, 2574265.686746988], [692625.391566265, 2574268.686746988], [692618.391566265, 2574275.686746988], [692615.391566265, 2574278.686746988], [692608.391566265, 2574285.686746988], [692605.391566265, 2574288.686746988], [692605.391566265, 2574298.686746988], [692605.391566265, 2574308.686746988], [692605.391566265, 2574318.686746988], [692608.391566265, 2574321.686746988], [692615.391566265, 2574328.686746988], [692618.391566265, 2574331.686746988], [692625.391566265, 2574338.686746988], [692628.391566265, 2574341.686746988], [692638.391566265, 2574341.686746988], [692645.391566265, 2574348.686746988], [692648.391566265, 2574351.686746988], [692655.391566265, 2574358.686746988], [692655.391566265, 2574368.686746988], [692655.391566265, 2574378.686746988], [692657.141566265, 2574388.686746988], [692657.141566265, 2574398.686746988], [692650.891566265, 2574408.686746988], [692648.391566265, 2574413.686746988], [692643.391566265, 2574418.686746988], [692638.391566265, 2574423.686746988], [692633.391566265, 2574428.686746988], [692628.391566265, 2574433.686746988], [692618.3915662651, 2574437.0200803215], [692613.391566265, 2574438.686746988], [692608.391566265, 2574443.686746988], [692603.391566265, 2574448.686746988], [692603.391566265, 2574458.686746988], [692608.391566265, 2574463.686746988], [692618.391566265, 2574463.686746988], [692628.391566265, 2574463.686746988], [692638.391566265, 2574463.686746988], [692643.391566265, 2574468.686746988], [692648.391566265, 2574469.936746988], [692658.391566265, 2574469.936746988], [692668.391566265, 2574469.936746988], [692673.391566265, 2574468.686746988], [692678.391566265, 2574463.686746988], [692683.391566265, 2574468.686746988], [692688.391566265, 2574473.686746988], [692693.391566265, 2574478.686746988], [692697.141566265, 2574488.686746988], [692698.391566265, 2574489.936746988], [692705.391566265, 2574498.686746988], [692708.391566265, 2574501.686746988], [692715.391566265, 2574508.686746988], [692718.391566265, 2574511.686746988], [692728.391566265, 2574511.686746988], [692738.391566265, 2574511.686746988], [692748.391566265, 2574511.686746988], [692755.391566265, 2574518.686746988], [692755.391566265, 2574528.686746988], [692755.391566265, 2574538.686746988], [692748.391566265, 2574547.436746988], [692747.141566265, 2574548.686746988], [692738.391566265, 2574557.436746988], [692735.891566265, 2574558.686746988], [692728.391566265, 2574566.186746988], [692723.391566265, 2574568.686746988], [692723.391566265, 2574578.686746988], [692723.391566265, 2574588.686746988], [692723.391566265, 2574598.686746988], [692723.391566265, 2574608.686746988], [692728.391566265, 2574613.686746988], [692733.391566265, 2574618.686746988], [692733.391566265, 2574628.686746988], [692738.391566265, 2574633.686746988], [692743.391566265, 2574638.686746988], [692743.391566265, 2574648.686746988], [692748.391566265, 2574653.686746988], [692753.391566265, 2574658.686746988], [692758.391566265, 2574663.686746988], [692763.391566265, 2574668.686746988], [692768.391566265, 2574673.686746988], [692773.391566265, 2574678.686746988], [692778.391566265, 2574683.686746988], [692783.391566265, 2574688.686746988], [692787.141566265, 2574698.686746988], [692785.391566265, 2574708.686746988], [692778.391566265, 2574717.436746988], [692777.141566265, 2574718.686746988], [692775.891566265, 2574728.686746988], [692768.391566265, 2574736.186746988], [692767.141566265, 2574738.686746988], [692767.141566265, 2574748.686746988], [692767.141566265, 2574758.686746988], [692765.391566265, 2574768.686746988], [692758.391566265, 2574777.436746988], [692757.141566265, 2574778.686746988], [692748.391566265, 2574787.436746988], [692747.141566265, 2574788.686746988], [692745.391566265, 2574798.686746988], [692738.391566265, 2574807.436746988], [692737.141566265, 2574808.686746988], [692728.391566265, 2574817.436746988], [692727.141566265, 2574818.686746988], [692727.141566265, 2574828.686746988], [692718.391566265, 2574837.436746988], [692717.141566265, 2574838.686746988], [692715.891566265, 2574848.686746988], [692708.391566265, 2574856.186746988], [692707.141566265, 2574858.686746988], [692698.391566265, 2574867.436746988], [692697.141566265, 2574868.686746988], [692697.141566265, 2574878.686746988], [692693.391566265, 2574888.686746988], [692693.391566265, 2574898.686746988], [692693.391566265, 2574908.686746988], [692693.391566265, 2574918.686746988], [692698.391566265, 2574923.686746988], [692703.391566265, 2574928.686746988], [692708.391566265, 2574933.686746988], [692713.391566265, 2574928.686746988], [692718.391566265, 2574923.686746988], [692723.391566265, 2574918.686746988], [692728.391566265, 2574913.686746988], [692733.391566265, 2574908.686746988], [692738.391566265, 2574903.686746988], [692743.391566265, 2574908.686746988], [692748.391566265, 2574913.686746988], [692753.391566265, 2574918.686746988], [692753.391566265, 2574928.686746988], [692753.391566265, 2574938.686746988], [692748.391566265, 2574943.686746988], [692743.391566265, 2574948.686746988], [692738.391566265, 2574953.686746988], [692733.391566265, 2574958.686746988], [692733.391566265, 2574968.686746988], [692733.391566265, 2574978.686746988], [692738.391566265, 2574983.686746988], [692743.391566265, 2574988.686746988], [692748.391566265, 2574993.686746988], [692758.391566265, 2574991.186746988], [692768.391566265, 2574989.936746988], [692773.391566265, 2574988.686746988], [692778.391566265, 2574983.686746988], [692788.391566265, 2574979.936746988], [692798.391566265, 2574979.936746988], [692799.641566265, 2574978.686746988], [692808.391566265, 2574969.936746988], [692809.641566265, 2574968.686746988], [692818.391566265, 2574959.936746988], [692819.641566265, 2574958.686746988], [692828.391566265, 2574951.686746988], [692838.391566265, 2574949.936746988], [692839.641566265, 2574948.686746988], [692848.391566265, 2574941.686746988], [692858.391566265, 2574939.936746988], [692868.391566265, 2574939.936746988], [692869.641566265, 2574938.686746988], [692878.391566265, 2574929.936746988], [692879.641566265, 2574928.686746988], [692888.391566265, 2574919.936746988], [692898.391566265, 2574919.936746988], [692900.891566265, 2574918.686746988], [692908.391566265, 2574911.186746988], [692910.891566265, 2574908.686746988], [692918.391566265, 2574901.186746988], [692928.391566265, 2574901.186746988], [692938.391566265, 2574899.936746988], [692948.391566265, 2574899.936746988], [692958.391566265, 2574899.936746988], [692968.391566265, 2574901.186746988], [692978.391566265, 2574903.686746988], [692983.391566265, 2574908.686746988], [692988.391566265, 2574913.686746988], [692993.391566265, 2574918.686746988], [692998.391566265, 2574923.686746988], [693000.891566265, 2574928.686746988], [693003.391566265, 2574938.686746988], [693008.391566265, 2574943.686746988], [693013.391566265, 2574948.686746988], [693013.391566265, 2574958.686746988], [693018.391566265, 2574961.186746988], [693025.891566265, 2574968.686746988], [693028.391566265, 2574971.186746988], [693035.891566265, 2574978.686746988], [693035.891566265, 2574988.686746988], [693038.391566265, 2574993.686746988], [693043.391566265, 2574998.686746988], [693043.391566265, 2575008.686746988], [693045.891566265, 2575018.686746988], [693048.391566265, 2575021.186746988], [693055.891566265, 2575028.686746988], [693055.891566265, 2575038.686746988], [693058.391566265, 2575041.186746988], [693065.891566265, 2575048.686746988], [693065.891566265, 2575058.686746988], [693065.891566265, 2575068.686746988], [693068.391566265, 2575071.186746988], [693075.891566265, 2575078.686746988], [693075.891566265, 2575088.686746988], [693078.391566265, 2575093.686746988], [693083.391566265, 2575098.686746988], [693083.391566265, 2575108.686746988], [693083.391566265, 2575118.686746988], [693083.391566265, 2575128.686746988], [693083.391566265, 2575138.686746988], [693083.391566265, 2575148.686746988], [693083.391566265, 2575158.686746988], [693083.391566265, 2575168.686746988], [693088.391566265, 2575173.686746988], [693093.391566265, 2575178.686746988], [693098.391566265, 2575183.686746988], [693103.391566265, 2575188.686746988], [693103.391566265, 2575198.686746988], [693098.391566265, 2575203.686746988], [693093.391566265, 2575208.686746988], [693088.391566265, 2575213.686746988], [693083.391566265, 2575218.686746988], [693078.391566265, 2575223.686746988], [693073.391566265, 2575228.686746988], [693073.391566265, 2575238.686746988], [693068.391566265, 2575243.686746988], [693063.391566265, 2575248.686746988], [693058.391566265, 2575253.686746988], [693053.391566265, 2575258.686746988], [693048.391566265, 2575263.686746988], [693043.391566265, 2575268.686746988], [693043.391566265, 2575278.686746988], [693043.391566265, 2575288.686746988], [693043.391566265, 2575298.686746988], [693043.391566265, 2575308.686746988], [693043.391566265, 2575318.686746988], [693048.391566265, 2575323.686746988], [693053.391566265, 2575328.686746988], [693058.391566265, 2575333.686746988], [693068.391566265, 2575333.686746988], [693073.391566265, 2575338.686746988], [693078.391566265, 2575343.686746988], [693088.391566265, 2575343.686746988], [693098.391566265, 2575343.686746988], [693103.391566265, 2575348.686746988], [693108.391566265, 2575349.936746988], [693118.391566265, 2575350.353413655], [693128.391566265, 2575351.186746988], [693138.391566265, 2575351.186746988], [693148.391566265, 2575351.186746988], [693158.391566265, 2575353.686746988], [693163.391566265, 2575358.686746988], [693168.391566265, 2575363.686746988], [693178.391566265, 2575363.686746988], [693183.391566265, 2575368.686746988], [693188.3915662651, 2575370.3534136545], [693198.391566265, 2575373.686746988], [693208.391566265, 2575373.686746988], [693218.391566265, 2575376.186746988], [693228.391566265, 2575376.186746988], [693233.391566265, 2575378.686746988], [693238.391566265, 2575383.686746988], [693248.391566265, 2575383.686746988], [693253.391566265, 2575388.686746988], [693258.391566265, 2575393.686746988], [693263.391566265, 2575398.686746988], [693258.391566265, 2575403.686746988], [693253.391566265, 2575408.686746988], [693258.391566265, 2575413.686746988], [693263.391566265, 2575418.686746988], [693268.391566265, 2575421.186746988], [693278.391566265, 2575421.186746988], [693288.391566265, 2575423.686746988], [693293.391566265, 2575428.686746988], [693298.391566265, 2575433.686746988], [693308.391566265, 2575433.686746988], [693318.391566265, 2575433.686746988], [693328.391566265, 2575433.686746988], [693338.391566265, 2575433.686746988], [693348.391566265, 2575433.686746988], [693358.391566265, 2575433.686746988], [693368.391566265, 2575433.686746988], [693373.391566265, 2575428.686746988], [693378.391566265, 2575423.686746988], [693388.391566265, 2575421.186746988], [693395.891566265, 2575428.686746988], [693398.391566265, 2575429.936746988], [693408.391566265, 2575429.936746988], [693418.391566265, 2575433.686746988], [693423.391566265, 2575438.686746988], [693428.391566265, 2575443.686746988], [693438.391566265, 2575443.686746988], [693448.391566265, 2575443.686746988], [693453.391566265, 2575438.686746988], [693458.391566265, 2575433.686746988], [693463.391566265, 2575428.686746988], [693468.391566265, 2575423.686746988], [693473.391566265, 2575418.686746988], [693478.391566265, 2575416.186746988], [693485.891566265, 2575408.686746988], [693488.391566265, 2575406.186746988], [693498.391566265, 2575401.686746988], [693508.391566265, 2575401.686746988], [693518.391566265, 2575401.686746988], [693528.391566265, 2575401.686746988], [693538.391566265, 2575401.686746988], [693545.391566265, 2575408.686746988], [693548.391566265, 2575411.686746988], [693558.391566265, 2575411.686746988], [693561.391566265, 2575408.686746988], [693568.391566265, 2575401.686746988], [693578.391566265, 2575401.686746988], [693581.391566265, 2575398.686746988], [693588.3915662649, 2575392.8534136545], [693594.2248995983, 2575398.6867469875], [693598.3915662649, 2575402.8534136545], [693608.391566265, 2575402.8534136545], [693614.2248995984, 2575408.686746988], [693618.3915662649, 2575412.8534136545], [693624.2248995983, 2575418.6867469875], [693628.3915662649, 2575422.8534136545], [693634.2248995984, 2575428.6867469875], [693638.391566265, 2575432.8534136545], [693644.2248995984, 2575438.686746988], [693648.3915662649, 2575442.8534136545], [693658.3915662649, 2575442.8534136545], [693665.391566265, 2575448.686746988], [693668.391566265, 2575451.686746988], [693678.3915662649, 2575452.8534136545], [693685.391566265, 2575458.686746988], [693688.391566265, 2575461.686746988], [693698.391566265, 2575461.686746988], [693708.3915662649, 2575462.8534136545], [693718.3915662649, 2575462.8534136545], [693728.391566265, 2575462.8534136545], [693738.3915662649, 2575462.8534136545], [693748.3915662649, 2575462.8534136545], [693758.391566265, 2575462.8534136545], [693768.3915662649, 2575462.8534136545], [693778.3915662649, 2575462.8534136545], [693784.2248995984, 2575468.686746988], [693788.391566265, 2575472.8534136545], [693794.2248995984, 2575478.6867469875], [693795.391566265, 2575488.686746988], [693795.391566265, 2575498.686746988], [693795.391566265, 2575508.686746988], [693797.141566265, 2575518.686746988], [693798.391566265, 2575523.686746988], [693803.391566265, 2575528.686746988], [693803.391566265, 2575538.686746988], [693803.391566265, 2575548.686746988], [693803.391566265, 2575558.686746988], [693808.391566265, 2575563.686746988], [693813.391566265, 2575568.686746988], [693818.391566265, 2575573.686746988], [693828.391566265, 2575573.686746988], [693833.391566265, 2575568.686746988], [693838.391566265, 2575563.686746988], [693848.391566265, 2575563.686746988], [693853.391566265, 2575568.686746988], [693858.391566265, 2575573.686746988], [693860.891566265, 2575578.686746988], [693858.391566265, 2575583.686746988], [693853.391566265, 2575588.686746988], [693853.391566265, 2575598.686746988], [693855.891566265, 2575608.686746988], [693856.7248995984, 2575618.6867469884], [693856.7248995984, 2575628.686746988], [693855.891566265, 2575638.686746988], [693848.391566265, 2575646.186746988], [693846.7248995984, 2575648.6867469884], [693838.391566265, 2575657.0200803215], [693837.141566265, 2575658.686746988], [693830.891566265, 2575668.686746988], [693828.391566265, 2575671.186746988], [693825.391566265, 2575678.686746988], [693818.391566265, 2575687.436746988], [693817.141566265, 2575688.686746988], [693815.391566265, 2575698.686746988], [693813.391566265, 2575708.686746988], [693813.391566265, 2575718.686746988], [693818.391566265, 2575723.686746988], [693828.391566265, 2575726.186746988], [693838.391566265, 2575723.686746988], [693848.391566265, 2575723.686746988], [693858.391566265, 2575721.186746988], [693868.391566265, 2575721.186746988], [693878.391566265, 2575723.686746988], [693888.391566265, 2575723.686746988], [693893.391566265, 2575718.686746988], [693898.391566265, 2575713.686746988], [693908.3915662651, 2575710.353413655], [693913.391566265, 2575708.686746988], [693918.391566265, 2575706.186746988], [693928.391566265, 2575700.3534136545], [693938.3915662651, 2575700.3534136545], [693948.391566265, 2575706.186746988], [693953.391566265, 2575708.686746988], [693958.391566265, 2575713.686746988], [693968.391566265, 2575713.686746988], [693970.0582329318, 2575708.6867469884], [693970.891566265, 2575698.686746988], [693975.891566265, 2575688.686746988], [693978.391566265, 2575683.686746988], [693979.641566265, 2575678.686746988], [693983.391566265, 2575668.686746988], [693988.391566265, 2575661.186746988], [693993.391566265, 2575658.686746988], [693998.391566265, 2575653.686746988], [694008.391566265, 2575653.686746988], [694018.391566265, 2575653.686746988], [694028.391566265, 2575653.686746988], [694038.391566265, 2575653.686746988], [694048.391566265, 2575653.686746988], [694053.391566265, 2575658.686746988], [694058.391566265, 2575663.686746988], [694060.891566265, 2575668.686746988], [694063.391566265, 2575678.686746988], [694068.391566265, 2575683.686746988], [694073.391566265, 2575688.686746988], [694078.391566265, 2575693.686746988], [694083.391566265, 2575688.686746988], [694088.391566265, 2575683.686746988], [694098.391566265, 2575683.686746988], [694108.391566265, 2575686.186746988], [694110.891566265, 2575688.686746988], [694118.391566265, 2575696.186746988], [694128.391566265, 2575696.186746988], [694138.391566265, 2575696.186746988], [694148.391566265, 2575693.686746988], [694158.391566265, 2575693.686746988], [694165.891566265, 2575698.686746988], [694168.391566265, 2575701.186746988], [694175.891566265, 2575708.686746988], [694178.391566265, 2575709.936746988], [694188.391566265, 2575709.936746988], [694193.391566265, 2575708.686746988], [694198.391566265, 2575706.186746988], [694208.391566265, 2575706.186746988], [694218.391566265, 2575706.186746988], [694223.391566265, 2575708.686746988], [694228.391566265, 2575709.936746988], [694238.391566265, 2575709.936746988], [694248.391566265, 2575709.936746988], [694258.391566265, 2575713.686746988], [694268.391566265, 2575713.686746988], [694278.391566265, 2575711.186746988], [694283.391566265, 2575708.686746988], [694288.391566265, 2575703.686746988], [694298.391566265, 2575703.686746988], [694303.391566265, 2575708.686746988], [694308.391566265, 2575711.186746988], [694315.891566265, 2575718.686746988], [694318.391566265, 2575721.186746988], [694328.391566265, 2575723.686746988], [694333.391566265, 2575718.686746988], [694338.391566265, 2575713.686746988], [694343.391566265, 2575708.686746988], [694343.391566265, 2575698.686746988], [694343.391566265, 2575688.686746988], [694343.391566265, 2575678.686746988], [694338.391566265, 2575673.686746988], [694333.391566265, 2575668.686746988], [694328.391566265, 2575663.686746988], [694323.391566265, 2575658.686746988], [694318.391566265, 2575656.186746988], [694308.391566265, 2575653.686746988], [694303.391566265, 2575648.686746988], [694298.391566265, 2575643.686746988], [694288.391566265, 2575643.686746988], [694278.391566265, 2575643.686746988], [694273.391566265, 2575638.686746988], [694268.391566265, 2575633.686746988], [694263.391566265, 2575628.686746988], [694258.391566265, 2575623.686746988], [694253.391566265, 2575618.686746988], [694248.391566265, 2575613.686746988], [694243.391566265, 2575608.686746988], [694238.391566265, 2575603.686746988], [694228.391566265, 2575603.686746988], [694223.391566265, 2575598.686746988], [694218.391566265, 2575593.686746988], [694208.391566265, 2575591.186746988], [694203.391566265, 2575588.686746988], [694198.391566265, 2575583.686746988], [694193.391566265, 2575578.686746988], [694193.391566265, 2575568.686746988], [694193.391566265, 2575558.686746988], [694188.391566265, 2575556.186746988], [694180.891566265, 2575548.686746988], [694178.391566265, 2575547.436746988], [694168.391566265, 2575547.436746988], [694158.391566265, 2575546.186746988], [694148.391566265, 2575541.186746988], [694143.391566265, 2575538.686746988], [694138.391566265, 2575537.436746988], [694128.391566265, 2575531.186746988], [694125.891566265, 2575528.686746988], [694118.391566265, 2575525.686746988], [694109.641566265, 2575518.686746988], [694108.391566265, 2575517.436746988], [694098.391566265, 2575515.686746988], [694089.641566265, 2575508.686746988], [694088.391566265, 2575507.436746988], [694078.391566265, 2575505.686746988], [694068.391566265, 2575505.686746988], [694058.391566265, 2575505.686746988], [694051.391566265, 2575498.686746988], [694048.391566265, 2575495.686746988], [694038.391566265, 2575495.686746988], [694028.391566265, 2575495.686746988], [694021.391566265, 2575488.686746988], [694018.391566265, 2575485.686746988], [694011.391566265, 2575478.686746988], [694011.391566265, 2575468.686746988], [694011.391566265, 2575458.686746988], [694012.5582329317, 2575448.6867469875], [694012.5582329317, 2575438.686746988], [694018.3915662649, 2575432.8534136545], [694028.391566265, 2575432.8534136545], [694032.5582329317, 2575428.6867469875], [694038.3915662649, 2575422.8534136545], [694042.5582329317, 2575418.6867469875], [694048.3915662649, 2575412.8534136545], [694058.391566265, 2575412.8534136545], [694068.3915662649, 2575412.8534136545], [694078.3915662649, 2575412.8534136545], [694088.391566265, 2575412.8534136545], [694098.3915662649, 2575412.8534136545], [694105.391566265, 2575418.686746988], [694108.391566265, 2575421.686746988], [694115.391566265, 2575428.686746988], [694118.391566265, 2575431.686746988], [694125.391566265, 2575438.686746988], [694127.141566265, 2575448.686746988], [694128.391566265, 2575449.936746988], [694135.391566265, 2575458.686746988], [694138.391566265, 2575463.686746988], [694143.391566265, 2575468.686746988], [694148.391566265, 2575473.686746988], [694158.391566265, 2575473.686746988], [694165.891566265, 2575478.686746988], [694168.391566265, 2575479.936746988], [694178.391566265, 2575481.686746988], [694188.391566265, 2575481.686746988], [694198.391566265, 2575481.686746988], [694208.391566265, 2575481.686746988], [694218.391566265, 2575481.686746988], [694228.391566265, 2575481.686746988], [694238.391566265, 2575481.686746988], [694245.391566265, 2575488.686746988], [694248.391566265, 2575491.686746988], [694255.391566265, 2575498.686746988], [694258.391566265, 2575501.686746988], [694268.391566265, 2575501.686746988], [694275.391566265, 2575508.686746988], [694278.391566265, 2575511.686746988], [694288.391566265, 2575511.686746988], [694298.391566265, 2575511.686746988], [694308.391566265, 2575511.686746988], [694311.391566265, 2575508.686746988], [694318.391566265, 2575501.686746988], [694321.391566265, 2575498.686746988], [694328.391566265, 2575492.8534136545], [694338.391566265, 2575491.686746988], [694341.391566265, 2575488.686746988], [694348.3915662649, 2575482.8534136545], [694358.391566265, 2575482.8534136545], [694368.3915662649, 2575482.8534136545], [694378.3915662649, 2575482.8534136545], [694388.391566265, 2575482.8534136545], [694398.3915662649, 2575482.8534136545], [694404.2248995983, 2575488.6867469875], [694408.3915662649, 2575492.8534136545], [694418.391566265, 2575492.8534136545], [694428.3915662649, 2575492.8534136545], [694434.2248995983, 2575498.686746988], [694438.3915662649, 2575502.8534136545], [694444.2248995984, 2575508.6867469875], [694448.391566265, 2575512.8534136545], [694454.2248995984, 2575518.6867469875], [694458.3915662649, 2575522.8534136545], [694464.2248995983, 2575528.686746988], [694464.2248995983, 2575538.6867469875], [694468.3915662649, 2575542.8534136545], [694474.2248995984, 2575548.6867469875], [694478.391566265, 2575552.8534136545], [694485.391566265, 2575558.686746988], [694488.391566265, 2575561.686746988], [694495.391566265, 2575568.686746988], [694498.391566265, 2575571.686746988], [694508.391566265, 2575571.686746988], [694518.391566265, 2575571.686746988], [694528.391566265, 2575571.686746988], [694538.391566265, 2575576.186746988], [694543.391566265, 2575578.686746988], [694548.391566265, 2575579.936746988], [694558.391566265, 2575579.936746988], [694568.391566265, 2575581.686746988], [694571.391566265, 2575578.686746988], [694578.391566265, 2575571.686746988], [694581.391566265, 2575568.686746988], [694581.391566265, 2575558.686746988], [694581.391566265, 2575548.686746988], [694581.391566265, 2575538.686746988], [694588.391566265, 2575531.686746988], [694598.391566265, 2575532.8534136545], [694608.3915662649, 2575532.8534136545], [694612.5582329317, 2575528.686746988], [694618.3915662649, 2575522.8534136545], [694628.391566265, 2575522.8534136545], [694638.3915662649, 2575522.8534136545], [694642.5582329317, 2575518.6867469875], [694648.3915662649, 2575512.8534136545], [694654.2248995984, 2575518.6867469875], [694658.391566265, 2575522.8534136545], [694665.391566265, 2575528.686746988], [694665.391566265, 2575538.686746988], [694665.391566265, 2575548.686746988], [694658.391566265, 2575555.686746988], [694655.391566265, 2575558.686746988], [694655.391566265, 2575568.686746988], [694655.391566265, 2575578.686746988], [694658.391566265, 2575581.686746988], [694665.391566265, 2575588.686746988], [694668.391566265, 2575591.686746988], [694675.391566265, 2575598.686746988], [694678.391566265, 2575601.686746988], [694685.391566265, 2575608.686746988], [694688.391566265, 2575611.686746988], [694695.391566265, 2575618.686746988], [694698.391566265, 2575621.686746988], [694708.391566265, 2575621.686746988], [694715.391566265, 2575628.686746988], [694718.391566265, 2575631.686746988], [694725.391566265, 2575638.686746988], [694728.391566265, 2575641.686746988], [694735.391566265, 2575648.686746988], [694738.391566265, 2575651.686746988], [694748.391566265, 2575651.686746988], [694758.391566265, 2575651.686746988], [694765.391566265, 2575658.686746988], [694768.391566265, 2575661.686746988], [694775.391566265, 2575668.686746988], [694778.391566265, 2575671.686746988], [694788.391566265, 2575671.686746988], [694791.391566265, 2575668.686746988], [694798.391566265, 2575661.686746988], [694808.391566265, 2575661.686746988], [694815.391566265, 2575668.686746988], [694818.391566265, 2575671.686746988], [694827.141566265, 2575678.686746988], [694828.391566265, 2575679.936746988], [694837.141566265, 2575688.686746988], [694838.391566265, 2575689.936746988], [694847.141566265, 2575698.686746988], [694848.391566265, 2575699.936746988], [694858.391566265, 2575701.686746988], [694868.391566265, 2575701.686746988], [694877.141566265, 2575708.686746988], [694878.391566265, 2575709.936746988], [694888.391566265, 2575711.686746988], [694897.141566265, 2575718.686746988], [694898.391566265, 2575719.936746988], [694905.391566265, 2575728.686746988], [694905.391566265, 2575738.686746988], [694905.391566265, 2575748.686746988], [694907.141566265, 2575758.686746988], [694908.391566265, 2575761.186746988], [694913.391566265, 2575768.686746988], [694917.141566265, 2575778.686746988], [694918.391566265, 2575779.936746988], [694927.141566265, 2575788.686746988], [694928.391566265, 2575789.936746988], [694938.391566265, 2575791.686746988], [694948.391566265, 2575792.436746988], [694955.891566265, 2575788.686746988], [694958.391566265, 2575786.186746988], [694963.391566265, 2575778.686746988], [694966.7248995983, 2575768.686746988], [694966.7248995983, 2575758.686746988], [694968.391566265, 2575756.186746988], [694975.891566265, 2575748.686746988], [694978.391566265, 2575746.186746988], [694988.391566265, 2575741.686746988], [694998.391566265, 2575741.686746988], [695008.391566265, 2575741.686746988], [695018.391566265, 2575741.686746988], [695028.391566265, 2575741.686746988], [695038.3915662649, 2575742.8534136545], [695045.391566265, 2575748.686746988], [695048.391566265, 2575751.686746988], [695058.391566265, 2575751.686746988], [695065.391566265, 2575758.686746988], [695068.391566265, 2575761.686746988], [695075.391566265, 2575768.686746988], [695075.391566265, 2575778.686746988], [695078.391566265, 2575786.186746988], [695080.891566265, 2575788.686746988], [695088.391566265, 2575796.186746988], [695098.391566265, 2575791.686746988], [695108.391566265, 2575791.686746988], [695118.391566265, 2575791.686746988], [695128.391566265, 2575791.686746988], [695131.391566265, 2575788.686746988], [695138.391566265, 2575781.686746988], [695148.391566265, 2575781.686746988], [695155.391566265, 2575788.686746988], [695158.391566265, 2575791.686746988], [695168.391566265, 2575791.686746988], [695178.391566265, 2575791.686746988], [695185.391566265, 2575798.686746988], [695188.391566265, 2575801.686746988], [695195.391566265, 2575808.686746988], [695198.391566265, 2575816.186746988], [695200.891566265, 2575818.686746988], [695205.391566265, 2575828.686746988], [695207.141566265, 2575838.686746988], [695208.391566265, 2575839.936746988], [695215.391566265, 2575848.686746988], [695217.141566265, 2575858.686746988], [695218.391566265, 2575863.686746988], [695223.391566265, 2575868.686746988], [695228.391566265, 2575873.686746988], [695233.391566265, 2575878.686746988], [695238.391566265, 2575879.936746988], [695248.391566265, 2575879.936746988], [695250.891566265, 2575878.686746988], [695258.391566265, 2575873.686746988], [695263.391566265, 2575868.686746988], [695268.391566265, 2575863.686746988], [695271.391566265, 2575858.686746988], [695275.891566265, 2575848.686746988], [695278.391566265, 2575843.686746988], [695279.641566265, 2575838.686746988], [695288.391566265, 2575829.936746988], [695289.641566265, 2575828.686746988], [695295.891566265, 2575818.686746988], [695298.391566265, 2575816.186746988], [695308.391566265, 2575811.686746988], [695318.391566265, 2575811.686746988], [695328.391566265, 2575811.686746988], [695335.391566265, 2575818.686746988], [695338.391566265, 2575821.686746988], [695345.391566265, 2575828.686746988], [695348.391566265, 2575831.686746988], [695355.391566265, 2575838.686746988], [695358.391566265, 2575841.686746988], [695365.391566265, 2575848.686746988], [695368.391566265, 2575851.686746988], [695375.391566265, 2575858.686746988], [695378.391566265, 2575861.686746988], [695388.391566265, 2575861.686746988], [695395.391566265, 2575868.686746988], [695398.391566265, 2575871.686746988], [695408.391566265, 2575871.686746988], [695411.391566265, 2575868.686746988], [695418.391566265, 2575861.686746988], [695428.391566265, 2575859.936746988], [695438.391566265, 2575859.936746988], [695448.391566265, 2575859.936746988], [695458.391566265, 2575861.686746988], [695465.391566265, 2575868.686746988], [695468.391566265, 2575871.686746988], [695478.391566265, 2575871.686746988], [695488.391566265, 2575871.686746988], [695491.391566265, 2575868.686746988], [695498.391566265, 2575861.686746988], [695501.391566265, 2575858.686746988], [695508.391566265, 2575851.686746988], [695511.391566265, 2575848.686746988], [695518.391566265, 2575841.686746988], [695528.391566265, 2575841.686746988], [695531.391566265, 2575838.686746988], [695538.391566265, 2575831.686746988], [695548.391566265, 2575831.686746988], [695558.391566265, 2575831.686746988], [695568.391566265, 2575831.686746988], [695578.391566265, 2575831.686746988], [695588.391566265, 2575831.686746988], [695591.391566265, 2575828.686746988], [695598.391566265, 2575821.686746988], [695601.391566265, 2575818.686746988], [695601.391566265, 2575808.686746988], [695608.391566265, 2575801.686746988], [695611.391566265, 2575798.686746988], [695618.391566265, 2575791.686746988], [695621.391566265, 2575788.686746988], [695628.391566265, 2575781.686746988], [695638.391566265, 2575781.686746988], [695641.391566265, 2575778.686746988], [695648.391566265, 2575771.686746988], [695651.391566265, 2575768.686746988], [695658.391566265, 2575759.936746988], [695659.641566265, 2575758.686746988], [695661.391566265, 2575748.686746988], [695661.391566265, 2575738.686746988], [695661.391566265, 2575728.686746988], [695661.391566265, 2575718.686746988], [695661.391566265, 2575708.686746988], [695661.391566265, 2575698.686746988], [695661.391566265, 2575688.686746988], [695662.5582329317, 2575678.686746988], [695662.5582329317, 2575668.6867469875], [695668.3915662649, 2575662.8534136545], [695672.5582329317, 2575658.6867469875], [695672.5582329317, 2575648.686746988], [695678.391566265, 2575642.8534136545], [695682.5582329317, 2575638.6867469875], [695682.5582329317, 2575628.6867469875], [695688.3915662649, 2575622.8534136545], [695692.5582329317, 2575618.686746988], [695698.3915662649, 2575612.8534136545], [695702.5582329317, 2575608.6867469875], [695708.391566265, 2575602.8534136545], [695712.5582329317, 2575598.6867469875], [695718.3915662649, 2575592.8534136545], [695722.5582329317, 2575588.686746988], [695728.3915662649, 2575582.8534136545], [695732.5582329317, 2575578.6867469875], [695738.391566265, 2575572.8534136545], [695748.3915662649, 2575572.8534136545], [695758.391566265, 2575571.686746988], [695761.391566265, 2575568.686746988], [695768.391566265, 2575562.8534136545], [695778.391566265, 2575561.686746988], [695788.391566265, 2575561.686746988], [695791.391566265, 2575558.686746988], [695798.391566265, 2575551.686746988], [695801.391566265, 2575548.686746988], [695808.391566265, 2575541.686746988], [695811.391566265, 2575538.686746988], [695812.5582329317, 2575528.686746988], [695818.3915662649, 2575522.8534136545], [695822.5582329317, 2575518.6867469875], [695828.391566265, 2575512.8534136545], [695832.5582329317, 2575508.6867469875], [695838.3915662649, 2575502.8534136545], [695842.5582329317, 2575498.686746988], [695848.3915662649, 2575492.8534136545], [695852.5582329317, 2575488.6867469875], [695858.391566265, 2575482.8534136545], [695868.3915662649, 2575482.8534136545], [695878.3915662649, 2575482.8534136545], [695884.2248995984, 2575488.6867469875], [695888.391566265, 2575492.8534136545], [695895.391566265, 2575498.686746988], [695898.391566265, 2575501.686746988], [695905.391566265, 2575508.686746988], [695908.391566265, 2575511.686746988], [695918.391566265, 2575512.8534136545], [695925.391566265, 2575518.686746988], [695928.391566265, 2575521.686746988], [695938.3915662649, 2575522.8534136545], [695945.391566265, 2575528.686746988], [695948.391566265, 2575531.686746988], [695958.3915662649, 2575532.8534136545], [695965.391566265, 2575538.686746988], [695968.391566265, 2575541.686746988], [695978.391566265, 2575542.8534136545], [695985.391566265, 2575548.686746988], [695988.391566265, 2575551.686746988], [695998.3915662649, 2575552.8534136545], [696005.391566265, 2575558.686746988], [696008.391566265, 2575561.686746988], [696015.391566265, 2575568.686746988], [696018.391566265, 2575571.686746988], [696028.3915662649, 2575572.8534136545], [696035.391566265, 2575578.686746988], [696038.391566265, 2575581.686746988], [696048.391566265, 2575581.686746988], [696058.391566265, 2575581.686746988], [696068.391566265, 2575582.8534136545], [696075.391566265, 2575588.686746988], [696078.391566265, 2575591.686746988], [696085.391566265, 2575598.686746988], [696088.391566265, 2575601.686746988], [696095.391566265, 2575608.686746988], [696098.391566265, 2575611.686746988], [696105.391566265, 2575618.686746988], [696108.391566265, 2575621.686746988], [696118.391566265, 2575621.686746988], [696128.391566265, 2575621.686746988], [696138.391566265, 2575621.686746988], [696141.391566265, 2575618.686746988], [696148.3915662649, 2575612.8534136545], [696158.391566265, 2575612.8534136545], [696168.3915662649, 2575612.8534136545], [696178.3915662649, 2575612.8534136545], [696188.391566265, 2575612.8534136545], [696198.3915662649, 2575612.8534136545], [696208.3915662649, 2575612.8534136545], [696214.2248995984, 2575618.686746988], [696214.2248995984, 2575628.6867469875], [696214.2248995984, 2575638.6867469875], [696214.2248995984, 2575648.686746988], [696208.391566265, 2575655.686746988], [696205.391566265, 2575658.686746988], [696198.391566265, 2575665.686746988], [696195.391566265, 2575668.686746988], [696188.391566265, 2575675.686746988], [696185.391566265, 2575678.686746988], [696178.391566265, 2575685.686746988], [696175.391566265, 2575688.686746988], [696168.391566265, 2575695.686746988], [696165.391566265, 2575698.686746988], [696158.391566265, 2575707.436746988], [696157.141566265, 2575708.686746988], [696157.141566265, 2575718.686746988], [696158.391566265, 2575719.936746988], [696165.391566265, 2575728.686746988], [696168.391566265, 2575731.686746988], [696175.391566265, 2575738.686746988], [696178.391566265, 2575741.686746988], [696185.391566265, 2575748.686746988], [696188.391566265, 2575751.686746988], [696195.391566265, 2575758.686746988], [696198.391566265, 2575761.686746988], [696205.391566265, 2575768.686746988], [696205.391566265, 2575778.686746988], [696205.391566265, 2575788.686746988], [696205.391566265, 2575798.686746988], [696208.391566265, 2575801.686746988], [696215.391566265, 2575808.686746988], [696215.391566265, 2575818.686746988], [696215.391566265, 2575828.686746988], [696215.391566265, 2575838.686746988], [696215.391566265, 2575848.686746988], [696208.391566265, 2575855.686746988], [696205.391566265, 2575858.686746988], [696198.391566265, 2575865.686746988], [696195.391566265, 2575868.686746988], [696195.391566265, 2575878.686746988], [696188.391566265, 2575885.686746988], [696185.391566265, 2575888.686746988], [696184.2248995984, 2575898.6867469875], [696178.3915662649, 2575904.520080321], [696174.2248995983, 2575908.6867469875], [696174.2248995983, 2575918.686746988], [696168.3915662649, 2575924.5200803215], [696164.2248995984, 2575928.6867469875], [696164.2248995984, 2575938.6867469875], [696158.391566265, 2575944.5200803215], [696154.2248995984, 2575948.686746988], [696148.3915662649, 2575954.5200803215], [696144.2248995983, 2575958.6867469875], [696138.3915662649, 2575964.520080321], [696134.2248995984, 2575968.6867469875], [696128.391566265, 2575974.5200803215], [696118.3915662649, 2575974.5200803215], [696108.391566265, 2575975.686746988], [696098.391566265, 2575975.686746988], [696088.391566265, 2575975.686746988], [696078.391566265, 2575975.686746988], [696069.641566265, 2575968.686746988], [696068.391566265, 2575967.436746988], [696058.391566265, 2575967.436746988], [696048.391566265, 2575967.436746988], [696038.391566265, 2575967.436746988], [696028.391566265, 2575961.186746988], [696023.391566265, 2575958.686746988], [696018.391566265, 2575957.436746988], [696008.391566265, 2575957.436746988], [695998.391566265, 2575957.436746988], [695988.391566265, 2575957.436746988], [695978.391566265, 2575957.436746988], [695968.391566265, 2575957.436746988], [695958.391566265, 2575957.436746988], [695948.391566265, 2575957.436746988], [695943.391566265, 2575958.686746988], [695938.391566265, 2575961.186746988], [695928.391566265, 2575961.186746988], [695918.391566265, 2575963.686746988], [695908.391566265, 2575963.686746988], [695898.391566265, 2575965.686746988], [695888.391566265, 2575965.686746988], [695878.391566265, 2575967.436746988], [695868.391566265, 2575967.436746988], [695858.391566265, 2575967.436746988], [695848.391566265, 2575966.186746988], [695838.391566265, 2575966.186746988], [695828.391566265, 2575967.436746988], [695818.391566265, 2575967.436746988], [695808.391566265, 2575967.436746988], [695803.391566265, 2575968.686746988], [695798.391566265, 2575971.186746988], [695788.391566265, 2575971.186746988], [695778.391566265, 2575971.186746988], [695768.391566265, 2575973.686746988], [695758.391566265, 2575973.686746988], [695748.391566265, 2575973.686746988], [695738.391566265, 2575971.186746988], [695733.391566265, 2575968.686746988], [695728.391566265, 2575967.436746988], [695718.391566265, 2575967.436746988], [695708.391566265, 2575967.436746988], [695698.391566265, 2575967.436746988], [695688.391566265, 2575964.936746988], [695678.391566265, 2575963.686746988], [695668.391566265, 2575961.186746988], [695658.391566265, 2575961.186746988], [695648.391566265, 2575964.936746988], [695638.391566265, 2575967.436746988], [695628.391566265, 2575967.436746988], [695623.391566265, 2575968.686746988], [695618.391566265, 2575971.186746988], [695608.391566265, 2575971.186746988], [695598.391566265, 2575977.436746988], [695593.391566265, 2575978.686746988], [695588.391566265, 2575983.686746988], [695583.391566265, 2575988.686746988], [695578.391566265, 2575991.186746988], [695570.891566265, 2575998.686746988], [695568.391566265, 2576001.186746988], [695558.391566265, 2576007.436746988], [695556.7248995984, 2576008.6867469884], [695548.391566265, 2576017.0200803215], [695546.7248995984, 2576018.686746988], [695538.391566265, 2576027.0200803215], [695535.891566265, 2576028.686746988], [695528.391566265, 2576036.186746988], [695525.891566265, 2576038.686746988], [695518.391566265, 2576046.186746988], [695515.891566265, 2576048.686746988], [695508.391566265, 2576056.186746988], [695503.391566265, 2576058.686746988], [695498.391566265, 2576063.686746988], [695488.391566265, 2576067.436746988], [695483.391566265, 2576068.686746988], [695478.391566265, 2576073.686746988], [695468.391566265, 2576077.436746988], [695465.891566265, 2576078.686746988], [695458.391566265, 2576086.186746988], [695453.391566265, 2576088.686746988], [695448.391566265, 2576093.686746988], [695443.391566265, 2576098.686746988], [695438.391566265, 2576103.686746988], [695433.391566265, 2576108.686746988], [695428.391566265, 2576113.686746988], [695423.391566265, 2576118.686746988], [695423.391566265, 2576128.686746988], [695423.391566265, 2576138.686746988], [695423.391566265, 2576148.686746988], [695423.391566265, 2576158.686746988], [695423.391566265, 2576168.686746988], [695428.391566265, 2576173.686746988], [695433.391566265, 2576178.686746988], [695438.391566265, 2576183.686746988], [695448.391566265, 2576183.686746988], [695453.391566265, 2576188.686746988], [695458.391566265, 2576193.686746988], [695468.391566265, 2576193.686746988], [695473.391566265, 2576198.686746988], [695478.391566265, 2576203.686746988], [695483.391566265, 2576208.686746988], [695483.391566265, 2576218.686746988], [695488.391566265, 2576223.686746988], [695493.391566265, 2576228.686746988], [695498.391566265, 2576233.686746988], [695503.391566265, 2576238.686746988], [695503.391566265, 2576248.686746988], [695503.391566265, 2576258.686746988], [695503.391566265, 2576268.686746988], [695508.391566265, 2576273.686746988], [695518.391566265, 2576273.686746988], [695523.391566265, 2576278.686746988], [695528.391566265, 2576283.686746988]]}}, {"type": "Feature", "properties": {"level": 3.5, "label": "H4"}, "geometry": {"type": "LineString", "coordinates": [[692518.391566265, 2573974.5200803215], [692512.5582329317, 2573968.686746988], [692508.3915662649, 2573964.5200803215], [692498.391566265, 2573964.5200803215], [692492.5582329317, 2573958.6867469875], [692488.3915662649, 2573954.520080321], [692478.3915662649, 2573954.520080321], [692472.5582329317, 2573948.6867469875], [692468.391566265, 2573944.5200803215], [692462.5582329317, 2573938.686746988], [692462.5582329317, 2573928.6867469875], [692458.3915662649, 2573924.520080321], [692452.5582329317, 2573918.6867469875], [692452.5582329317, 2573908.686746988], [692448.3915662649, 2573904.5200803215], [692442.5582329317, 2573898.6867469875], [692442.5582329317, 2573888.6867469875], [692448.391566265, 2573881.686746988], [692451.391566265, 2573878.686746988], [692451.391566265, 2573868.686746988], [692448.391566265, 2573865.686746988], [692442.5582329317, 2573858.6867469875], [692442.5582329317, 2573848.686746988], [692441.391566265, 2573838.686746988], [692439.641566265, 2573828.686746988], [692438.391566265, 2573827.436746988], [692431.391566265, 2573818.686746988], [692428.391566265, 2573815.686746988], [692421.391566265, 2573808.686746988], [692421.391566265, 2573798.686746988], [692418.391566265, 2573795.686746988], [692412.5582329317, 2573788.686746988], [692412.5582329317, 2573778.6867469875], [692408.391566265, 2573774.520080321], [692402.5582329317, 2573768.6867469875], [692402.5582329317, 2573758.686746988], [692402.5582329317, 2573748.6867469875], [692408.391566265, 2573742.8534136545], [692412.5582329317, 2573738.6867469875], [692412.5582329317, 2573728.686746988], [692412.5582329317, 2573718.6867469875], [692418.3915662649, 2573712.8534136545], [692422.5582329317, 2573708.6867469875], [692428.3915662649, 2573702.8534136545], [692434.2248995984, 2573708.6867469875], [692438.391566265, 2573712.8534136545], [692444.2248995984, 2573718.6867469875], [692448.3915662649, 2573722.8534136545], [692458.3915662649, 2573722.8534136545], [692468.391566265, 2573722.8534136545], [692478.3915662649, 2573722.8534136545], [692484.2248995983, 2573728.686746988], [692488.3915662649, 2573732.8534136545], [692498.391566265, 2573732.8534136545], [692508.3915662649, 2573732.8534136545], [692518.3915662649, 2573732.8534136545], [692524.2248995984, 2573738.6867469875], [692528.391566265, 2573742.8534136545], [692534.2248995984, 2573748.6867469875], [692538.3915662649, 2573752.8534136545], [692544.2248995983, 2573758.686746988], [692548.3915662649, 2573762.8534136545], [692554.2248995984, 2573768.6867469875], [692554.2248995984, 2573778.6867469875], [692558.391566265, 2573782.8534136545], [692564.2248995984, 2573788.686746988], [692568.3915662649, 2573792.8534136545], [692574.2248995983, 2573798.6867469875], [692574.2248995983, 2573808.6867469875], [692578.3915662649, 2573812.8534136545], [692584.2248995984, 2573818.686746988], [692588.391566265, 2573822.8534136545], [692594.2248995984, 2573828.6867469875], [692594.2248995984, 2573838.6867469875], [692594.2248995984, 2573848.686746988], [692598.3915662649, 2573852.8534136545], [692604.2248995983, 2573858.6867469875], [692608.3915662649, 2573862.8534136545], [692614.2248995984, 2573868.6867469875], [692618.391566265, 2573872.8534136545], [692628.3915662649, 2573872.8534136545], [692634.2248995983, 2573878.686746988], [692638.3915662649, 2573882.8534136545], [692644.2248995984, 2573888.6867469875], [692648.391566265, 2573892.8534136545], [692654.2248995984, 2573898.6867469875], [692654.2248995984, 2573908.686746988], [692648.391566265, 2573914.5200803215], [692644.2248995984, 2573918.6867469875], [692638.391566265, 2573925.686746988], [692628.391566265, 2573925.686746988], [692625.391566265, 2573928.686746988], [692618.391566265, 2573935.686746988], [692615.391566265, 2573938.686746988], [692608.391566265, 2573945.686746988], [692598.391566265, 2573945.686746988], [692588.391566265, 2573945.686746988], [692585.391566265, 2573948.686746988], [692578.391566265, 2573955.686746988], [692568.391566265, 2573957.436746988], [692567.141566265, 2573958.686746988], [692558.391566265, 2573965.686746988], [692548.391566265, 2573965.686746988], [692538.391566265, 2573965.686746988], [692535.391566265, 2573968.686746988], [692528.391566265, 2573975.686746988], [692518.3915662649, 2573974.5200803215]]}}, {"type": "Feature", "properties": {"level": 4.5, "label": "H5"}, "geometry": {"type": "LineString", "coordinates": [[696168.391566265, 2576209.686746988], [696178.391566265, 2576209.686746988], [696188.391566265, 2576209.686746988], [696198.391566265, 2576209.686746988], [696208.391566265, 2576209.686746988], [696218.391566265, 2576209.686746988], [696228.391566265, 2576209.686746988], [696229.391566265, 2576208.686746988], [696238.391566265, 2576199.686746988], [696248.391566265, 2576199.686746988], [696249.391566265, 2576198.686746988], [696258.391566265, 2576189.686746988], [696268.391566265, 2576189.686746988], [696269.391566265, 2576188.686746988], [696278.391566265, 2576179.686746988], [696288.391566265, 2576179.686746988], [696289.391566265, 2576178.686746988], [696298.391566265, 2576169.686746988], [696299.391566265, 2576168.686746988], [696299.391566265, 2576158.686746988], [696308.391566265, 2576149.686746988], [696309.391566265, 2576148.686746988], [696309.391566265, 2576138.686746988], [696318.391566265, 2576129.686746988], [696319.391566265, 2576128.686746988], [696328.391566265, 2576119.686746988], [696329.391566265, 2576118.686746988], [696338.391566265, 2576109.686746988], [696339.391566265, 2576108.686746988], [696348.391566265, 2576099.686746988], [696349.391566265, 2576098.686746988], [696349.391566265, 2576088.686746988], [696349.391566265, 2576078.686746988], [696349.391566265, 2576068.686746988], [696348.391566265, 2576067.686746988], [696338.391566265, 2576067.686746988], [696337.391566265, 2576068.686746988], [696328.391566265, 2576077.686746988], [696327.391566265, 2576078.686746988], [696318.391566265, 2576087.686746988], [696317.391566265, 2576088.686746988], [696308.391566265, 2576097.686746988], [696298.391566265, 2576097.686746988], [696288.391566265, 2576097.686746988], [696278.391566265, 2576097.686746988], [696277.391566265, 2576098.686746988], [696268.391566265, 2576107.686746988], [696258.391566265, 2576107.686746988], [696248.391566265, 2576107.686746988], [696247.391566265, 2576108.686746988], [696238.391566265, 2576117.686746988], [696228.391566265, 2576117.686746988], [696227.391566265, 2576118.686746988], [696218.391566265, 2576127.686746988], [696208.391566265, 2576127.686746988], [696207.391566265, 2576128.686746988], [696198.391566265, 2576137.686746988], [696188.391566265, 2576137.686746988], [696179.391566265, 2576128.686746988], [696178.391566265, 2576127.686746988], [696169.391566265, 2576118.686746988], [696168.391566265, 2576117.686746988], [696158.391566265, 2576117.686746988], [696149.391566265, 2576108.686746988], [696148.391566265, 2576107.686746988], [696140.891566265, 2576098.686746988], [696140.891566265, 2576088.686746988], [696140.891566265, 2576078.686746988], [696140.891566265, 2576068.686746988], [696148.391566265, 2576061.186746988], [696150.891566265, 2576058.686746988], [696158.391566265, 2576051.186746988], [696160.891566265, 2576048.686746988], [696168.391566265, 2576041.186746988], [696170.891566265, 2576038.686746988], [696178.391566265, 2576031.186746988], [696180.891566265, 2576028.686746988], [696188.391566265, 2576021.186746988], [696190.891566265, 2576018.686746988], [696198.391566265, 2576011.186746988], [696208.391566265, 2576011.186746988], [696210.891566265, 2576008.686746988], [696218.391566265, 2576001.186746988], [696228.391566265, 2576001.186746988], [696230.891566265, 2575998.686746988], [696238.391566265, 2575991.186746988], [696240.891566265, 2575988.686746988], [696248.391566265, 2575981.186746988], [696250.891566265, 2575978.686746988], [696250.891566265, 2575968.686746988], [696258.391566265, 2575961.186746988], [696260.891566265, 2575958.686746988], [696268.391566265, 2575951.186746988], [696270.891566265, 2575948.686746988], [696278.391566265, 2575941.186746988], [696280.891566265, 2575938.686746988], [696288.391566265, 2575931.186746988], [696298.391566265, 2575929.686746988], [696307.391566265, 2575938.686746988], [696308.391566265, 2575939.686746988], [696317.391566265, 2575948.686746988], [696317.391566265, 2575958.686746988], [696318.391566265, 2575959.686746988], [696327.391566265, 2575968.686746988], [696328.391566265, 2575969.686746988], [696338.391566265, 2575969.686746988], [696348.391566265, 2575969.686746988], [696358.391566265, 2575969.686746988], [696365.891566265, 2575978.686746988], [696368.391566265, 2575981.186746988], [696378.391566265, 2575981.186746988], [696380.891566265, 2575978.686746988], [696388.391566265, 2575971.186746988], [696390.891566265, 2575968.686746988], [696398.391566265, 2575961.186746988], [696400.891566265, 2575958.686746988], [696400.891566265, 2575948.686746988], [696400.891566265, 2575938.686746988], [696400.891566265, 2575928.686746988], [696400.891566265, 2575918.686746988], [696400.891566265, 2575908.686746988], [696400.891566265, 2575898.686746988], [696400.891566265, 2575888.686746988], [696408.391566265, 2575881.186746988], [696410.891566265, 2575878.686746988], [696410.891566265, 2575868.686746988], [696410.891566265, 2575858.686746988], [696418.391566265, 2575851.186746988], [696420.891566265, 2575848.686746988], [696428.391566265, 2575841.186746988], [696430.891566265, 2575838.686746988], [696438.391566265, 2575831.186746988], [696440.891566265, 2575828.686746988], [696440.891566265, 2575818.686746988], [696448.391566265, 2575811.186746988], [696450.891566265, 2575808.686746988], [696458.391566265, 2575801.186746988], [696460.891566265, 2575798.686746988], [696460.891566265, 2575788.686746988], [696458.391566265, 2575786.186746988], [696450.891566265, 2575778.686746988], [696450.891566265, 2575768.686746988], [696458.391566265, 2575761.186746988], [696460.891566265, 2575758.686746988], [696460.891566265, 2575748.686746988], [696468.391566265, 2575741.186746988], [696470.891566265, 2575738.686746988], [696478.391566265, 2575731.186746988], [696480.891566265, 2575728.686746988], [696488.391566265, 2575721.186746988], [696490.891566265, 2575718.686746988], [696490.891566265, 2575708.686746988], [696498.391566265, 2575701.186746988], [696500.891566265, 2575698.686746988], [696500.891566265, 2575688.686746988], [696500.891566265, 2575678.686746988], [696500.891566265, 2575668.686746988], [696500.891566265, 2575658.686746988], [696500.891566265, 2575648.686746988], [696500.891566265, 2575638.686746988], [696500.891566265, 2575628.686746988], [696508.391566265, 2575621.186746988], [696510.891566265, 2575618.686746988], [696510.891566265, 2575608.686746988], [696518.391566265, 2575601.186746988], [696520.891566265, 2575598.686746988], [696520.891566265, 2575588.686746988], [696528.391566265, 2575581.186746988], [696530.891566265, 2575578.686746988], [696538.391566265, 2575571.186746988], [696540.891566265, 2575568.686746988], [696548.391566265, 2575561.186746988], [696550.891566265, 2575558.686746988], [696558.391566265, 2575549.686746988], [696559.391566265, 2575548.686746988], [696559.391566265, 2575538.686746988], [696558.391566265, 2575537.686746988], [696550.891566265, 2575528.686746988], [696550.891566265, 2575518.686746988], [696550.891566265, 2575508.686746988], [696558.391566265, 2575501.186746988], [696560.891566265, 2575498.686746988], [696560.891566265, 2575488.686746988], [696568.391566265, 2575481.186746988], [696570.891566265, 2575478.686746988], [696578.391566265, 2575471.186746988], [696580.891566265, 2575468.686746988], [696588.391566265, 2575461.186746988], [696590.891566265, 2575458.686746988], [696598.391566265, 2575451.186746988], [696600.891566265, 2575448.686746988], [696600.891566265, 2575438.686746988], [696600.891566265, 2575428.686746988], [696600.891566265, 2575418.686746988], [696600.891566265, 2575408.686746988], [696600.891566265, 2575398.686746988], [696600.891566265, 2575388.686746988], [696600.891566265, 2575378.686746988], [696600.891566265, 2575368.686746988], [696608.391566265, 2575361.186746988], [696610.891566265, 2575358.686746988], [696610.891566265, 2575348.686746988], [696618.391566265, 2575341.186746988], [696620.891566265, 2575338.686746988], [696628.391566265, 2575331.186746988], [696630.891566265, 2575328.686746988], [696638.391566265, 2575321.186746988], [696640.891566265, 2575318.686746988], [696648.391566265, 2575311.186746988], [696650.891566265, 2575308.686746988], [696650.891566265, 2575298.686746988], [696650.891566265, 2575288.686746988], [696650.891566265, 2575278.686746988], [696650.891566265, 2575268.686746988], [696650.891566265, 2575258.686746988], [696650.891566265, 2575248.686746988], [696650.891566265, 2575238.686746988], [696658.391566265, 2575231.186746988], [696660.891566265, 2575228.686746988], [696660.891566265, 2575218.686746988], [696660.891566265, 2575208.686746988], [696668.391566265, 2575201.186746988], [696670.891566265, 2575198.686746988], [696678.391566265, 2575191.186746988], [696680.891566265, 2575188.686746988], [696688.391566265, 2575181.186746988], [696690.891566265, 2575178.686746988], [696690.891566265, 2575168.686746988], [696698.391566265, 2575161.186746988], [696700.891566265, 2575158.686746988], [696708.391566265, 2575151.186746988], [696710.891566265, 2575148.686746988], [696710.891566265, 2575138.686746988], [696708.391566265, 2575136.186746988], [696700.891566265, 2575128.686746988], [696700.891566265, 2575118.686746988], [696708.391566265, 2575111.186746988], [696710.891566265, 2575108.686746988], [696710.891566265, 2575098.686746988], [696718.391566265, 2575091.186746988], [696720.891566265, 2575088.686746988], [696728.391566265, 2575081.186746988], [696730.891566265, 2575078.686746988], [696738.391566265, 2575071.186746988], [696740.891566265, 2575068.686746988], [696740.891566265, 2575058.686746988], [696748.391566265, 2575051.186746988], [696750.891566265, 2575048.686746988], [696750.891566265, 2575038.686746988], [696750.891566265, 2575028.686746988], [696750.891566265, 2575018.686746988], [696750.891566265, 2575008.686746988], [696750.891566265, 2574998.686746988], [696750.891566265, 2574988.686746988], [696750.891566265, 2574978.686746988], [696758.391566265, 2574971.186746988], [696760.891566265, 2574968.686746988], [696760.891566265, 2574958.686746988], [696768.391566265, 2574951.186746988], [696770.891566265, 2574948.686746988], [696770.891566265, 2574938.686746988], [696778.391566265, 2574931.186746988], [696780.891566265, 2574928.686746988], [696788.391566265, 2574921.186746988], [696790.891566265, 2574918.686746988], [696798.391566265, 2574911.186746988], [696800.891566265, 2574908.686746988], [696808.391566265, 2574901.186746988], [696810.891566265, 2574898.686746988], [696810.891566265, 2574888.686746988], [696808.391566265, 2574886.186746988], [696800.891566265, 2574878.686746988], [696800.891566265, 2574868.686746988], [696800.891566265, 2574858.686746988], [696808.391566265, 2574851.186746988], [696810.891566265, 2574848.686746988], [696810.891566265, 2574838.686746988], [696818.391566265, 2574831.186746988], [696820.891566265, 2574828.686746988], [696828.391566265, 2574821.186746988], [696830.891566265, 2574818.686746988], [696838.391566265, 2574811.186746988], [696840.891566265, 2574808.686746988], [696848.391566265, 2574801.186746988], [696850.891566265, 2574798.686746988], [696850.891566265, 2574788.686746988], [696850.891566265, 2574778.686746988], [696850.891566265, 2574768.686746988], [696850.891566265, 2574758.686746988], [696850.891566265, 2574748.686746988], [696850.891566265, 2574738.686746988], [696850.891566265, 2574728.686746988], [696850.891566265, 2574718.686746988], [696858.391566265, 2574711.186746988], [696860.891566265, 2574708.686746988], [696860.891566265, 2574698.686746988], [696868.391566265, 2574691.186746988], [696870.891566265, 2574688.686746988], [696878.391566265, 2574681.186746988], [696880.891566265, 2574678.686746988], [696888.391566265, 2574671.186746988], [696890.891566265, 2574668.686746988], [696898.391566265, 2574661.186746988], [696900.891566265, 2574658.686746988], [696900.891566265, 2574648.686746988], [696900.891566265, 2574638.686746988], [696900.891566265, 2574628.686746988], [696900.891566265, 2574618.686746988], [696900.891566265, 2574608.686746988], [696900.891566265, 2574598.686746988], [696900.891566265, 2574588.686746988], [696900.891566265, 2574578.686746988], [696900.891566265, 2574568.686746988], [696908.391566265, 2574561.186746988], [696910.891566265, 2574558.686746988], [696910.891566265, 2574548.686746988], [696918.391566265, 2574541.186746988], [696920.891566265, 2574538.686746988], [696928.391566265, 2574531.186746988], [696930.891566265, 2574528.686746988], [696938.391566265, 2574521.186746988], [696940.891566265, 2574518.686746988], [696948.391566265, 2574511.186746988], [696950.891566265, 2574508.686746988], [696958.391566265, 2574501.186746988], [696960.891566265, 2574498.686746988], [696960.891566265, 2574488.686746988], [696958.391566265, 2574486.186746988], [696950.891566265, 2574478.686746988], [696950.891566265, 2574468.686746988], [696950.891566265, 2574458.686746988], [696950.891566265, 2574448.686746988], [696950.891566265, 2574438.686746988], [696950.891566265, 2574428.686746988], [696950.891566265, 2574418.686746988], [696958.391566265, 2574411.186746988], [696960.891566265, 2574408.686746988], [696960.891566265, 2574398.686746988], [696968.391566265, 2574389.686746988], [696969.391566265, 2574388.686746988], [696978.391566265, 2574379.686746988], [696979.391566265, 2574378.686746988], [696988.391566265, 2574371.186746988], [696990.891566265, 2574368.686746988], [696998.391566265, 2574361.186746988], [697000.891566265, 2574358.686746988], [697008.391566265, 2574351.186746988], [697010.891566265, 2574348.686746988], [697010.891566265, 2574338.686746988], [697008.391566265, 2574336.186746988], [697000.891566265, 2574328.686746988], [696999.391566265, 2574318.686746988], [696999.391566265, 2574308.686746988], [696999.391566265, 2574298.686746988], [696999.391566265, 2574288.686746988], [696999.391566265, 2574278.686746988], [696999.391566265, 2574268.686746988], [697008.391566265, 2574259.686746988], [697009.391566265, 2574258.686746988], [697009.391566265, 2574248.686746988], [697018.391566265, 2574239.686746988], [697019.391566265, 2574238.686746988], [697028.391566265, 2574229.686746988], [697029.391566265, 2574228.686746988], [697038.391566265, 2574219.686746988], [697039.391566265, 2574218.686746988], [697048.391566265, 2574209.686746988], [697049.391566265, 2574208.686746988], [697058.391566265, 2574199.686746988], [697059.391566265, 2574198.686746988], [697059.391566265, 2574188.686746988], [697058.391566265, 2574187.686746988], [697049.391566265, 2574178.686746988], [697049.391566265, 2574168.686746988], [697049.391566265, 2574158.686746988], [697049.391566265, 2574148.686746988], [697049.391566265, 2574138.686746988], [697049.391566265, 2574128.686746988], [697049.391566265, 2574118.686746988], [697058.391566265, 2574109.686746988], [697059.391566265, 2574108.686746988], [697059.391566265, 2574098.686746988], [697068.391566265, 2574089.686746988], [697069.391566265, 2574088.686746988], [697078.391566265, 2574079.686746988], [697079.391566265, 2574078.686746988], [697088.391566265, 2574069.686746988], [697089.391566265, 2574068.686746988], [697098.391566265, 2574059.686746988], [697099.391566265, 2574058.686746988], [697108.391566265, 2574049.686746988], [697109.391566265, 2574048.686746988], [697109.391566265, 2574038.686746988], [697108.391566265, 2574037.686746988], [697099.391566265, 2574028.686746988], [697099.391566265, 2574018.686746988], [697099.391566265, 2574008.686746988], [697099.391566265, 2573998.686746988], [697099.391566265, 2573988.686746988], [697099.391566265, 2573978.686746988], [697099.391566265, 2573968.686746988], [697108.391566265, 2573959.686746988], [697109.391566265, 2573958.686746988], [697109.391566265, 2573948.686746988], [697118.391566265, 2573939.686746988], [697119.391566265, 2573938.686746988], [697128.391566265, 2573929.686746988], [697129.391566265, 2573928.686746988], [697138.391566265, 2573919.686746988], [697139.391566265, 2573918.686746988], [697148.391566265, 2573909.686746988], [697149.391566265, 2573908.686746988], [697158.391566265, 2573899.686746988], [697159.391566265, 2573898.686746988], [697159.391566265, 2573888.686746988], [697158.391566265, 2573887.686746988], [697149.391566265, 2573878.686746988], [697149.391566265, 2573868.686746988], [697149.391566265, 2573858.686746988], [697149.391566265, 2573848.686746988], [697149.391566265, 2573838.686746988], [697149.391566265, 2573828.686746988], [697158.391566265, 2573819.686746988], [697159.391566265, 2573818.686746988], [697168.391566265, 2573809.686746988], [697169.391566265, 2573808.686746988], [697169.391566265, 2573798.686746988], [697178.391566265, 2573789.686746988], [697179.391566265, 2573788.686746988], [697179.391566265, 2573778.686746988], [697179.391566265, 2573768.686746988], [697179.391566265, 2573758.686746988], [697179.391566265, 2573748.686746988], [697188.391566265, 2573739.686746988], [697189.391566265, 2573738.686746988], [697189.391566265, 2573728.686746988], [697198.391566265, 2573719.686746988], [697199.391566265, 2573718.686746988], [697208.391566265, 2573709.686746988], [697209.391566265, 2573708.686746988], [697209.391566265, 2573698.686746988], [697209.391566265, 2573688.686746988], [697218.391566265, 2573679.686746988], [697219.391566265, 2573678.686746988], [697219.391566265, 2573668.686746988], [697219.391566265, 2573658.686746988], [697219.391566265, 2573648.686746988], [697219.391566265, 2573638.686746988], [697219.391566265, 2573628.686746988], [697219.391566265, 2573618.686746988], [697219.391566265, 2573608.686746988], [697228.391566265, 2573599.686746988], [697229.391566265, 2573598.686746988], [697229.391566265, 2573588.686746988], [697229.391566265, 2573578.686746988], [697229.391566265, 2573568.686746988], [697238.391566265, 2573559.686746988], [697239.391566265, 2573558.686746988], [697239.391566265, 2573548.686746988], [697239.391566265, 2573538.686746988], [697239.391566265, 2573528.686746988], [697239.391566265, 2573518.686746988], [697248.391566265, 2573509.686746988], [697249.391566265, 2573508.686746988], [697249.391566265, 2573498.686746988], [697258.391566265, 2573489.686746988], [697259.391566265, 2573488.686746988], [697268.391566265, 2573479.686746988], [697269.391566265, 2573478.686746988], [697278.391566265, 2573469.686746988], [697288.391566265, 2573469.686746988], [697289.391566265, 2573468.686746988], [697298.391566265, 2573459.686746988], [697308.391566265, 2573459.686746988], [697309.391566265, 2573458.686746988], [697309.391566265, 2573448.686746988], [697309.391566265, 2573438.686746988], [697308.391566265, 2573437.686746988], [697299.391566265, 2573428.686746988], [697299.391566265, 2573418.686746988], [697299.391566265, 2573408.686746988], [697299.391566265, 2573398.686746988], [697299.391566265, 2573388.686746988], [697308.391566265, 2573379.686746988], [697309.391566265, 2573378.686746988], [697309.391566265, 2573368.686746988], [697318.391566265, 2573359.686746988], [697319.391566265, 2573358.686746988], [697328.391566265, 2573349.686746988], [697329.391566265, 2573348.686746988], [697329.391566265, 2573338.686746988], [697329.391566265, 2573328.686746988], [697338.391566265, 2573319.686746988], [697339.391566265, 2573318.686746988], [697339.391566265, 2573308.686746988], [697339.391566265, 2573298.686746988], [697339.391566265, 2573288.686746988], [697339.391566265, 2573278.686746988], [697348.391566265, 2573269.686746988], [697349.391566265, 2573268.686746988], [697349.391566265, 2573258.686746988], [697358.391566265, 2573249.686746988], [697359.391566265, 2573248.686746988], [697359.391566265, 2573238.686746988], [697368.391566265, 2573229.686746988], [697369.391566265, 2573228.686746988], [697369.391566265, 2573218.686746988], [697369.391566265, 2573208.686746988], [697369.391566265, 2573198.686746988], [697378.391566265, 2573189.686746988], [697379.391566265, 2573188.686746988], [697388.391566265, 2573179.686746988], [697389.391566265, 2573178.686746988], [697398.391566265, 2573169.686746988], [697399.391566265, 2573168.686746988], [697399.391566265, 2573158.686746988], [697408.391566265, 2573149.686746988], [697409.391566265, 2573148.686746988], [697418.391566265, 2573139.686746988], [697419.391566265, 2573138.686746988], [697428.391566265, 2573129.686746988], [697429.391566265, 2573128.686746988], [697429.391566265, 2573118.686746988], [697438.391566265, 2573109.686746988], [697439.391566265, 2573108.686746988], [697448.391566265, 2573099.686746988], [697449.391566265, 2573098.686746988], [697449.391566265, 2573088.686746988], [697449.391566265, 2573078.686746988], [697449.391566265, 2573068.686746988], [697449.391566265, 2573058.686746988], [697458.391566265, 2573049.686746988], [697459.391566265, 2573048.686746988], [697468.391566265, 2573039.686746988], [697469.391566265, 2573038.686746988], [697478.391566265, 2573029.686746988], [697479.391566265, 2573028.686746988], [697488.391566265, 2573019.686746988], [697489.391566265, 2573018.686746988], [697489.391566265, 2573008.686746988], [697498.391566265, 2572999.686746988], [697499.391566265, 2572998.686746988], [697499.391566265, 2572988.686746988], [697499.391566265, 2572978.686746988], [697499.391566265, 2572968.686746988], [697499.391566265, 2572958.686746988], [697508.391566265, 2572949.686746988], [697509.391566265, 2572948.686746988], [697518.391566265, 2572939.686746988], [697519.391566265, 2572938.686746988], [697528.391566265, 2572929.686746988], [697529.391566265, 2572928.686746988], [697538.391566265, 2572919.686746988], [697539.391566265, 2572918.686746988], [697548.391566265, 2572909.686746988], [697549.391566265, 2572908.686746988], [697549.391566265, 2572898.686746988], [697549.391566265, 2572888.686746988], [697548.391566265, 2572883.686746988], [697538.391566265, 2572883.686746988], [697533.391566265, 2572888.686746988], [697533.391566265, 2572898.686746988], [697528.391566265, 2572903.686746988], [697523.391566265, 2572908.686746988], [697518.391566265, 2572913.686746988], [697513.391566265, 2572918.686746988], [697508.391566265, 2572923.686746988], [697503.391566265, 2572928.686746988], [697498.391566265, 2572933.686746988], [697493.391566265, 2572938.686746988], [697488.391566265, 2572943.686746988], [697478.391566265, 2572943.686746988], [697468.391566265, 2572943.686746988], [697458.391566265, 2572943.686746988], [697448.391566265, 2572943.686746988], [697443.391566265, 2572938.686746988], [697438.391566265, 2572933.686746988], [697433.391566265, 2572928.686746988], [697428.391566265, 2572923.686746988], [697423.391566265, 2572918.686746988], [697418.391566265, 2572913.686746988], [697413.391566265, 2572908.686746988], [697408.391566265, 2572903.686746988], [697403.391566265, 2572898.686746988], [697398.391566265, 2572893.686746988], [697393.391566265, 2572888.686746988], [697398.391566265, 2572883.686746988], [697403.391566265, 2572878.686746988], [697408.391566265, 2572873.686746988], [697413.391566265, 2572878.686746988], [697418.391566265, 2572883.686746988], [697428.391566265, 2572883.686746988], [697433.391566265, 2572878.686746988], [697438.391566265, 2572873.686746988], [697443.391566265, 2572868.686746988], [697448.391566265, 2572863.686746988], [697453.391566265, 2572858.686746988], [697453.391566265, 2572848.686746988], [697448.391566265, 2572843.686746988], [697443.391566265, 2572838.686746988], [697438.391566265, 2572833.686746988], [697433.391566265, 2572828.686746988], [697428.391566265, 2572823.686746988], [697423.391566265, 2572818.686746988], [697418.391566265, 2572813.686746988], [697413.391566265, 2572808.686746988], [697408.391566265, 2572803.686746988], [697403.391566265, 2572798.686746988], [697403.391566265, 2572788.686746988], [697403.391566265, 2572778.686746988], [697403.391566265, 2572768.686746988], [697398.391566265, 2572763.686746988], [697388.391566265, 2572763.686746988], [697378.391566265, 2572767.686746988], [697377.391566265, 2572768.686746988], [697373.391566265, 2572778.686746988], [697368.391566265, 2572783.686746988], [697363.391566265, 2572788.686746988], [697358.391566265, 2572793.686746988], [697353.391566265, 2572798.686746988], [697348.391566265, 2572803.686746988], [697343.391566265, 2572808.686746988], [697338.391566265, 2572813.686746988], [697328.391566265, 2572813.686746988], [697318.391566265, 2572813.686746988], [697308.391566265, 2572813.686746988], [697303.391566265, 2572808.686746988], [697298.391566265, 2572803.686746988], [697288.391566265, 2572803.686746988], [697283.391566265, 2572798.686746988], [697278.391566265, 2572793.686746988], [697273.391566265, 2572788.686746988], [697278.391566265, 2572783.686746988], [697283.391566265, 2572778.686746988], [697278.391566265, 2572773.686746988], [697273.391566265, 2572768.686746988], [697268.391566265, 2572763.686746988], [697258.391566265, 2572763.686746988], [697253.391566265, 2572768.686746988], [697248.391566265, 2572773.686746988], [697238.391566265, 2572773.686746988], [697233.391566265, 2572768.686746988], [697233.391566265, 2572758.686746988], [697233.391566265, 2572748.686746988], [697233.391566265, 2572738.686746988], [697238.391566265, 2572733.686746988], [697243.391566265, 2572728.686746988], [697248.391566265, 2572723.686746988], [697253.391566265, 2572718.686746988], [697258.391566265, 2572713.686746988], [697263.391566265, 2572708.686746988], [697263.391566265, 2572698.686746988], [697258.391566265, 2572693.686746988], [697253.391566265, 2572688.686746988], [697248.391566265, 2572683.686746988], [697238.391566265, 2572683.686746988], [697228.391566265, 2572683.686746988], [697223.391566265, 2572688.686746988], [697218.391566265, 2572693.686746988], [697208.391566265, 2572697.686746988], [697199.391566265, 2572688.686746988], [697198.391566265, 2572687.686746988], [697189.391566265, 2572678.686746988], [697189.391566265, 2572668.686746988], [697188.391566265, 2572663.686746988], [697183.391566265, 2572658.686746988], [697183.391566265, 2572648.686746988], [697183.391566265, 2572638.686746988], [697188.391566265, 2572633.686746988], [697193.391566265, 2572628.686746988], [697198.391566265, 2572623.686746988], [697203.391566265, 2572618.686746988], [697203.391566265, 2572608.686746988], [697203.391566265, 2572598.686746988], [697203.391566265, 2572588.686746988], [697203.391566265, 2572578.686746988], [697200.891566265, 2572568.686746988], [697200.891566265, 2572558.686746988], [697198.391566265, 2572553.686746988], [697188.391566265, 2572553.686746988], [697178.391566265, 2572553.686746988], [697173.391566265, 2572558.686746988], [697168.391566265, 2572563.686746988], [697163.391566265, 2572568.686746988], [697158.391566265, 2572573.686746988], [697148.391566265, 2572573.686746988], [697143.391566265, 2572578.686746988], [697138.391566265, 2572583.686746988], [697128.391566265, 2572583.686746988], [697123.391566265, 2572588.686746988], [697118.391566265, 2572593.686746988], [697113.391566265, 2572588.686746988], [697108.391566265, 2572583.686746988], [697098.391566265, 2572583.686746988], [697093.391566265, 2572578.686746988], [697088.391566265, 2572573.686746988], [697083.391566265, 2572578.686746988], [697078.391566265, 2572583.686746988], [697073.391566265, 2572588.686746988], [697073.391566265, 2572598.686746988], [697078.391566265, 2572603.686746988], [697083.391566265, 2572608.686746988], [697083.391566265, 2572618.686746988], [697078.391566265, 2572623.686746988], [697073.391566265, 2572628.686746988], [697068.391566265, 2572633.686746988], [697058.391566265, 2572633.686746988], [697053.391566265, 2572628.686746988], [697048.391566265, 2572623.686746988], [697043.391566265, 2572618.686746988], [697038.391566265, 2572613.686746988], [697033.391566265, 2572608.686746988], [697028.391566265, 2572603.686746988], [697023.391566265, 2572598.686746988], [697023.391566265, 2572588.686746988], [697023.391566265, 2572578.686746988], [697023.391566265, 2572568.686746988], [697028.391566265, 2572563.686746988], [697033.391566265, 2572558.686746988], [697038.391566265, 2572553.686746988], [697043.391566265, 2572548.686746988], [697043.391566265, 2572538.686746988], [697043.391566265, 2572528.686746988], [697043.391566265, 2572518.686746988], [697043.391566265, 2572508.686746988], [697043.391566265, 2572498.686746988], [697043.391566265, 2572488.686746988], [697048.391566265, 2572483.686746988], [697053.391566265, 2572478.686746988], [697053.391566265, 2572468.686746988], [697053.391566265, 2572458.686746988], [697053.391566265, 2572448.686746988], [697048.391566265, 2572443.686746988], [697043.391566265, 2572438.686746988], [697038.391566265, 2572433.686746988], [697033.391566265, 2572438.686746988], [697028.391566265, 2572443.686746988], [697018.391566265, 2572443.686746988], [697008.391566265, 2572443.686746988], [697003.391566265, 2572438.686746988], [696998.391566265, 2572433.686746988], [696993.391566265, 2572428.686746988], [696988.391566265, 2572423.686746988], [696983.391566265, 2572428.686746988], [696978.391566265, 2572433.686746988], [696973.391566265, 2572438.686746988], [696973.391566265, 2572448.686746988], [696978.391566265, 2572453.686746988], [696983.391566265, 2572458.686746988], [696988.391566265, 2572463.686746988], [696998.391566265, 2572463.686746988], [697003.391566265, 2572458.686746988], [697008.391566265, 2572453.686746988], [697013.391566265, 2572458.686746988], [697013.391566265, 2572468.686746988], [697013.391566265, 2572478.686746988], [697008.391566265, 2572483.686746988], [696998.391566265, 2572483.686746988], [696993.391566265, 2572488.686746988], [696988.391566265, 2572493.686746988], [696983.391566265, 2572498.686746988], [696983.391566265, 2572508.686746988], [696983.391566265, 2572518.686746988], [696983.391566265, 2572528.686746988], [696983.391566265, 2572538.686746988], [696988.391566265, 2572543.686746988], [696993.391566265, 2572548.686746988], [696988.391566265, 2572553.686746988], [696983.391566265, 2572558.686746988], [696978.391566265, 2572563.686746988], [696973.391566265, 2572558.686746988], [696968.391566265, 2572553.686746988], [696963.391566265, 2572548.686746988], [696963.391566265, 2572538.686746988], [696963.391566265, 2572528.686746988], [696963.391566265, 2572518.686746988], [696963.391566265, 2572508.686746988], [696958.391566265, 2572503.686746988], [696948.391566265, 2572503.686746988], [696943.391566265, 2572508.686746988], [696943.391566265, 2572518.686746988], [696938.391566265, 2572523.686746988], [696933.391566265, 2572528.686746988], [696928.391566265, 2572533.686746988], [696918.391566265, 2572533.686746988], [696913.391566265, 2572528.686746988], [696908.391566265, 2572523.686746988], [696903.391566265, 2572518.686746988], [696898.391566265, 2572513.686746988], [696893.391566265, 2572508.686746988], [696888.391566265, 2572503.686746988], [696883.391566265, 2572498.686746988], [696883.391566265, 2572488.686746988], [696878.391566265, 2572483.686746988], [696873.391566265, 2572478.686746988], [696873.391566265, 2572468.686746988], [696873.391566265, 2572458.686746988], [696868.391566265, 2572453.686746988], [696863.391566265, 2572448.686746988], [696863.391566265, 2572438.686746988], [696863.391566265, 2572428.686746988], [696868.391566265, 2572423.686746988], [696873.391566265, 2572418.686746988], [696873.391566265, 2572408.686746988], [696868.391566265, 2572403.686746988], [696863.391566265, 2572398.686746988], [696858.391566265, 2572393.686746988], [696853.391566265, 2572388.686746988], [696853.391566265, 2572378.686746988], [696853.391566265, 2572368.686746988], [696853.391566265, 2572358.686746988], [696848.391566265, 2572353.686746988], [696843.391566265, 2572348.686746988], [696838.391566265, 2572343.686746988], [696833.391566265, 2572338.686746988], [696828.391566265, 2572333.686746988], [696823.391566265, 2572328.686746988], [696823.391566265, 2572318.686746988], [696823.391566265, 2572308.686746988], [696823.391566265, 2572298.686746988], [696823.391566265, 2572288.686746988], [696828.391566265, 2572283.686746988], [696838.391566265, 2572283.686746988], [696843.391566265, 2572278.686746988], [696848.391566265, 2572273.686746988], [696853.391566265, 2572268.686746988], [696853.391566265, 2572258.686746988], [696848.391566265, 2572253.686746988], [696843.391566265, 2572248.686746988], [696838.391566265, 2572243.686746988], [696833.391566265, 2572248.686746988], [696828.391566265, 2572253.686746988], [696823.391566265, 2572248.686746988], [696818.391566265, 2572243.686746988], [696813.391566265, 2572238.686746988], [696808.391566265, 2572233.686746988], [696803.391566265, 2572228.686746988], [696803.391566265, 2572218.686746988], [696798.391566265, 2572213.686746988], [696793.391566265, 2572208.686746988], [696793.391566265, 2572198.686746988], [696788.391566265, 2572193.686746988], [696783.391566265, 2572188.686746988], [696778.391566265, 2572183.686746988], [696773.391566265, 2572178.686746988], [696773.391566265, 2572168.686746988], [696773.391566265, 2572158.686746988], [696768.391566265, 2572153.686746988], [696758.391566265, 2572153.686746988], [696748.391566265, 2572153.686746988], [696743.391566265, 2572158.686746988], [696738.391566265, 2572163.686746988], [696728.391566265, 2572163.686746988], [696723.391566265, 2572168.686746988], [696718.391566265, 2572173.686746988], [696713.391566265, 2572178.686746988], [696708.391566265, 2572183.686746988], [696703.391566265, 2572178.686746988], [696698.391566265, 2572173.686746988], [696693.391566265, 2572168.686746988], [696693.391566265, 2572158.686746988], [696693.391566265, 2572148.686746988], [696693.391566265, 2572138.686746988], [696693.391566265, 2572128.686746988], [696693.391566265, 2572118.686746988], [696693.391566265, 2572108.686746988], [696688.391566265, 2572103.686746988], [696678.391566265, 2572103.686746988], [696673.391566265, 2572108.686746988], [696673.391566265, 2572118.686746988], [696668.391566265, 2572123.686746988], [696658.391566265, 2572123.686746988], [696648.391566265, 2572123.686746988], [696643.391566265, 2572118.686746988], [696638.391566265, 2572113.686746988], [696633.391566265, 2572108.686746988], [696628.391566265, 2572103.686746988], [696623.391566265, 2572098.686746988], [696618.391566265, 2572093.686746988], [696608.391566265, 2572093.686746988], [696603.391566265, 2572088.686746988], [696598.391566265, 2572083.686746988], [696593.391566265, 2572078.686746988], [696588.391566265, 2572073.686746988], [696583.391566265, 2572068.686746988], [696588.391566265, 2572063.686746988], [696593.391566265, 2572058.686746988], [696598.391566265, 2572053.686746988], [696608.391566265, 2572053.686746988], [696613.391566265, 2572048.686746988], [696618.391566265, 2572043.686746988], [696620.891566265, 2572038.686746988], [696623.391566265, 2572028.686746988], [696628.391566265, 2572023.686746988], [696630.0582329317, 2572018.6867469884], [696630.891566265, 2572008.686746988], [696630.891566265, 2571998.686746988], [696630.891566265, 2571988.686746988], [696630.0582329317, 2571978.686746988], [696630.0582329317, 2571968.686746988], [696630.891566265, 2571958.686746988], [696630.891566265, 2571948.686746988], [696630.891566265, 2571938.686746988], [696630.891566265, 2571928.686746988], [696630.891566265, 2571918.686746988], [696628.391566265, 2571913.686746988], [696623.391566265, 2571908.686746988], [696618.391566265, 2571903.686746988], [696613.391566265, 2571898.686746988], [696613.391566265, 2571888.686746988], [696613.391566265, 2571878.686746988], [696613.391566265, 2571868.686746988], [696613.391566265, 2571858.686746988], [696613.391566265, 2571848.686746988], [696613.391566265, 2571838.686746988], [696610.891566265, 2571828.686746988], [696610.891566265, 2571818.686746988], [696608.391566265, 2571813.686746988], [696603.391566265, 2571808.686746988], [696598.391566265, 2571803.686746988], [696588.391566265, 2571803.686746988], [696583.391566265, 2571808.686746988], [696578.391566265, 2571813.686746988], [696568.391566265, 2571813.686746988], [696558.391566265, 2571813.686746988], [696553.391566265, 2571808.686746988], [696553.391566265, 2571798.686746988], [696553.391566265, 2571788.686746988], [696553.391566265, 2571778.686746988], [696553.391566265, 2571768.686746988], [696558.391566265, 2571763.686746988], [696563.391566265, 2571758.686746988], [696563.391566265, 2571748.686746988], [696558.391566265, 2571743.686746988], [696553.391566265, 2571738.686746988], [696548.391566265, 2571733.686746988], [696538.391566265, 2571733.686746988], [696528.391566265, 2571733.686746988], [696523.391566265, 2571728.686746988], [696523.391566265, 2571718.686746988], [696523.391566265, 2571708.686746988], [696518.391566265, 2571703.686746988], [696513.391566265, 2571698.686746988], [696508.391566265, 2571693.686746988], [696498.391566265, 2571693.686746988], [696488.391566265, 2571693.686746988], [696483.391566265, 2571688.686746988], [696478.391566265, 2571683.686746988], [696473.391566265, 2571678.686746988], [696468.391566265, 2571673.686746988], [696458.391566265, 2571673.686746988], [696453.391566265, 2571678.686746988], [696453.391566265, 2571688.686746988], [696448.391566265, 2571693.686746988], [696443.391566265, 2571698.686746988], [696438.391566265, 2571703.686746988], [696433.391566265, 2571708.686746988], [696428.391566265, 2571713.686746988], [696423.391566265, 2571718.686746988], [696418.391566265, 2571723.686746988], [696413.391566265, 2571718.686746988], [696413.391566265, 2571708.686746988], [696408.391566265, 2571703.686746988], [696403.391566265, 2571698.686746988], [696398.391566265, 2571693.686746988], [696393.391566265, 2571688.686746988], [696393.391566265, 2571678.686746988], [696388.391566265, 2571673.686746988], [696383.391566265, 2571668.686746988], [696383.391566265, 2571658.686746988], [696380.891566265, 2571648.686746988], [696380.891566265, 2571638.686746988], [696380.891566265, 2571628.686746988], [696378.391566265, 2571623.686746988], [696373.391566265, 2571618.686746988], [696368.391566265, 2571613.686746988], [696363.391566265, 2571618.686746988], [696358.391566265, 2571623.686746988], [696353.391566265, 2571628.686746988], [696348.391566265, 2571633.686746988], [696338.391566265, 2571633.686746988], [696333.391566265, 2571628.686746988], [696333.391566265, 2571618.686746988], [696333.391566265, 2571608.686746988], [696333.391566265, 2571598.686746988], [696333.391566265, 2571588.686746988], [696333.391566265, 2571578.686746988], [696333.391566265, 2571568.686746988], [696328.391566265, 2571563.686746988], [696318.391566265, 2571563.686746988], [696313.391566265, 2571558.686746988], [696308.391566265, 2571553.686746988], [696298.391566265, 2571553.686746988], [696293.391566265, 2571548.686746988], [696288.391566265, 2571543.686746988], [696278.391566265, 2571543.686746988], [696273.391566265, 2571548.686746988], [696268.391566265, 2571553.686746988], [696258.391566265, 2571553.686746988], [696253.391566265, 2571548.686746988], [696248.391566265, 2571543.686746988], [696238.391566265, 2571543.686746988], [696228.391566265, 2571543.686746988], [696223.391566265, 2571548.686746988], [696218.391566265, 2571553.686746988], [696213.391566265, 2571558.686746988], [696208.391566265, 2571563.686746988], [696203.391566265, 2571558.686746988], [696198.391566265, 2571553.686746988], [696193.391566265, 2571548.686746988], [696193.391566265, 2571538.686746988], [696193.391566265, 2571528.686746988], [696193.391566265, 2571518.686746988], [696198.391566265, 2571513.686746988], [696203.391566265, 2571508.686746988], [696208.391566265, 2571503.686746988], [696213.391566265, 2571498.686746988], [696213.391566265, 2571488.686746988], [696208.391566265, 2571483.686746988], [696203.391566265, 2571478.686746988], [696198.391566265, 2571473.686746988], [696188.391566265, 2571473.686746988], [696183.391566265, 2571478.686746988], [696178.391566265, 2571483.686746988], [696173.391566265, 2571488.686746988], [696168.391566265, 2571493.686746988], [696163.391566265, 2571498.686746988], [696163.391566265, 2571508.686746988], [696163.391566265, 2571518.686746988], [696163.391566265, 2571528.686746988], [696158.391566265, 2571533.686746988], [696148.391566265, 2571533.686746988], [696143.391566265, 2571528.686746988], [696143.391566265, 2571518.686746988], [696143.391566265, 2571508.686746988], [696138.391566265, 2571503.686746988], [696133.391566265, 2571498.686746988], [696133.391566265, 2571488.686746988], [696133.391566265, 2571478.686746988], [696133.391566265, 2571468.686746988], [696133.391566265, 2571458.686746988], [696133.391566265, 2571448.686746988], [696128.391566265, 2571443.686746988], [696123.391566265, 2571438.686746988], [696118.391566265, 2571433.686746988], [696108.391566265, 2571433.686746988], [696098.391566265, 2571433.686746988], [696093.391566265, 2571428.686746988], [696088.391566265, 2571423.686746988], [696078.391566265, 2571423.686746988], [696068.391566265, 2571423.686746988], [696058.391566265, 2571423.686746988], [696053.391566265, 2571418.686746988], [696048.391566265, 2571413.686746988], [696038.391566265, 2571413.686746988], [696028.391566265, 2571413.686746988], [696023.391566265, 2571408.686746988], [696018.391566265, 2571403.686746988], [696008.391566265, 2571403.686746988], [696003.391566265, 2571398.686746988], [695998.391566265, 2571393.686746988], [695988.391566265, 2571393.686746988], [695978.391566265, 2571393.686746988], [695968.391566265, 2571393.686746988], [695958.391566265, 2571393.686746988], [695953.391566265, 2571398.686746988], [695948.391566265, 2571403.686746988], [695943.391566265, 2571408.686746988], [695943.391566265, 2571418.686746988], [695943.391566265, 2571428.686746988], [695938.391566265, 2571433.686746988], [695933.391566265, 2571438.686746988], [695928.391566265, 2571443.686746988], [695923.391566265, 2571448.686746988], [695923.391566265, 2571458.686746988], [695923.391566265, 2571468.686746988], [695923.391566265, 2571478.686746988], [695923.391566265, 2571488.686746988], [695918.391566265, 2571493.686746988], [695913.391566265, 2571498.686746988], [695913.391566265, 2571508.686746988], [695908.391566265, 2571513.686746988], [695903.391566265, 2571518.686746988], [695903.391566265, 2571528.686746988], [695898.391566265, 2571533.686746988], [695888.391566265, 2571533.686746988], [695878.391566265, 2571533.686746988], [695873.391566265, 2571528.686746988], [695873.391566265, 2571518.686746988], [695868.391566265, 2571513.686746988], [695863.391566265, 2571508.686746988], [695863.391566265, 2571498.686746988], [695858.391566265, 2571493.686746988], [695853.391566265, 2571488.686746988], [695848.391566265, 2571483.686746988], [695843.391566265, 2571478.686746988], [695838.391566265, 2571473.686746988], [695833.391566265, 2571468.686746988], [695828.391566265, 2571463.686746988], [695823.391566265, 2571458.686746988], [695818.391566265, 2571453.686746988], [695813.391566265, 2571458.686746988], [695808.391566265, 2571463.686746988], [695798.391566265, 2571463.686746988], [695788.391566265, 2571463.686746988], [695783.391566265, 2571458.686746988], [695778.391566265, 2571453.686746988], [695773.391566265, 2571458.686746988], [695768.391566265, 2571463.686746988], [695758.391566265, 2571463.686746988], [695748.391566265, 2571463.686746988], [695738.391566265, 2571463.686746988], [695733.391566265, 2571468.686746988], [695733.391566265, 2571478.686746988], [695738.391566265, 2571483.686746988], [695743.391566265, 2571488.686746988], [695743.391566265, 2571498.686746988], [695743.391566265, 2571508.686746988], [695738.391566265, 2571513.686746988], [695728.391566265, 2571513.686746988], [695723.391566265, 2571518.686746988], [695718.391566265, 2571523.686746988], [695713.391566265, 2571528.686746988], [695708.391566265, 2571533.686746988], [695703.391566265, 2571538.686746988], [695698.391566265, 2571543.686746988], [695693.391566265, 2571548.686746988], [695688.391566265, 2571553.686746988], [695683.391566265, 2571558.686746988], [695688.391566265, 2571563.686746988], [695693.391566265, 2571568.686746988], [695698.391566265, 2571573.686746988], [695708.391566265, 2571573.686746988], [695718.391566265, 2571573.686746988], [695723.391566265, 2571568.686746988], [695728.391566265, 2571563.686746988], [695733.391566265, 2571558.686746988], [695738.391566265, 2571553.686746988], [695743.391566265, 2571548.686746988], [695748.391566265, 2571543.686746988], [695753.391566265, 2571538.686746988], [695758.391566265, 2571533.686746988], [695763.391566265, 2571538.686746988], [695768.391566265, 2571543.686746988], [695773.391566265, 2571548.686746988], [695773.391566265, 2571558.686746988], [695778.391566265, 2571563.686746988], [695783.391566265, 2571568.686746988], [695788.391566265, 2571573.686746988], [695793.391566265, 2571578.686746988], [695793.391566265, 2571588.686746988], [695788.391566265, 2571593.686746988], [695783.391566265, 2571598.686746988], [695783.391566265, 2571608.686746988], [695783.391566265, 2571618.686746988], [695788.391566265, 2571623.686746988], [695793.391566265, 2571628.686746988], [695788.391566265, 2571633.686746988], [695783.391566265, 2571638.686746988], [695778.391566265, 2571643.686746988], [695773.391566265, 2571648.686746988], [695768.391566265, 2571653.686746988], [695758.391566265, 2571653.686746988], [695748.391566265, 2571653.686746988], [695743.391566265, 2571658.686746988], [695738.391566265, 2571663.686746988], [695728.391566265, 2571663.686746988], [695723.391566265, 2571658.686746988], [695718.391566265, 2571653.686746988], [695708.391566265, 2571653.686746988], [695698.391566265, 2571653.686746988], [695688.391566265, 2571653.686746988], [695683.391566265, 2571658.686746988], [695678.391566265, 2571663.686746988], [695673.391566265, 2571658.686746988], [695668.391566265, 2571653.686746988], [695663.391566265, 2571648.686746988], [695658.391566265, 2571643.686746988], [695648.391566265, 2571643.686746988], [695638.391566265, 2571643.686746988], [695633.391566265, 2571638.686746988], [695628.391566265, 2571633.686746988], [695623.391566265, 2571628.686746988], [695618.391566265, 2571623.686746988], [695613.391566265, 2571618.686746988], [695608.391566265, 2571613.686746988], [695603.391566265, 2571608.686746988], [695598.391566265, 2571603.686746988], [695593.391566265, 2571598.686746988], [695588.391566265, 2571593.686746988], [695583.391566265, 2571588.686746988], [695583.391566265, 2571578.686746988], [695578.391566265, 2571573.686746988], [695573.391566265, 2571568.686746988], [695568.391566265, 2571563.686746988], [695563.391566265, 2571558.686746988], [695563.391566265, 2571548.686746988], [695558.391566265, 2571543.686746988], [695553.391566265, 2571538.686746988], [695553.391566265, 2571528.686746988], [695548.391566265, 2571523.686746988], [695543.391566265, 2571518.686746988], [695543.391566265, 2571508.686746988], [695540.891566265, 2571498.686746988], [695538.391566265, 2571493.686746988], [695533.391566265, 2571488.686746988], [695530.891566265, 2571478.686746988], [695528.391566265, 2571473.686746988], [695523.391566265, 2571468.686746988], [695523.391566265, 2571458.686746988], [695520.0582329317, 2571448.6867469884], [695518.391566265, 2571443.686746988], [695513.391566265, 2571438.686746988], [695513.391566265, 2571428.686746988], [695513.391566265, 2571418.686746988], [695508.391566265, 2571413.686746988], [695503.391566265, 2571408.686746988], [695503.391566265, 2571398.686746988], [695503.391566265, 2571388.686746988], [695503.391566265, 2571378.686746988], [695498.391566265, 2571373.686746988], [695493.391566265, 2571368.686746988], [695493.391566265, 2571358.686746988], [695493.391566265, 2571348.686746988], [695488.391566265, 2571343.686746988], [695483.391566265, 2571338.686746988], [695483.391566265, 2571328.686746988], [695478.391566265, 2571323.686746988], [695473.391566265, 2571318.686746988], [695470.891566265, 2571308.686746988], [695468.391566265, 2571303.686746988], [695463.391566265, 2571298.686746988], [695458.391566265, 2571293.686746988], [695453.391566265, 2571288.686746988], [695448.391566265, 2571287.686746988], [695438.391566265, 2571283.686746988], [695433.391566265, 2571278.686746988], [695428.391566265, 2571277.686746988], [695418.391566265, 2571273.686746988], [695413.391566265, 2571268.686746988], [695408.391566265, 2571263.686746988], [695403.391566265, 2571258.686746988], [695398.391566265, 2571253.686746988], [695393.391566265, 2571248.686746988], [695393.391566265, 2571238.686746988], [695388.391566265, 2571233.686746988], [695383.391566265, 2571228.686746988], [695380.0582329318, 2571218.686746988], [695378.391566265, 2571213.686746988], [695373.391566265, 2571208.686746988], [695368.391566265, 2571203.686746988], [695363.391566265, 2571198.686746988], [695358.391566265, 2571193.686746988], [695348.391566265, 2571193.686746988], [695338.391566265, 2571193.686746988], [695333.391566265, 2571198.686746988], [695328.391566265, 2571203.686746988], [695318.391566265, 2571203.686746988], [695308.391566265, 2571203.686746988], [695303.391566265, 2571198.686746988], [695298.391566265, 2571193.686746988], [695293.391566265, 2571188.686746988], [695288.391566265, 2571183.686746988], [695283.391566265, 2571178.686746988], [695278.391566265, 2571173.686746988], [695273.391566265, 2571168.686746988], [695268.391566265, 2571163.686746988], [695263.391566265, 2571158.686746988], [695263.391566265, 2571148.686746988], [695258.391566265, 2571143.686746988], [695253.391566265, 2571138.686746988], [695253.391566265, 2571128.686746988], [695248.391566265, 2571123.686746988], [695238.391566265, 2571123.686746988], [695233.391566265, 2571128.686746988], [695238.391566265, 2571133.686746988], [695243.391566265, 2571138.686746988], [695243.391566265, 2571148.686746988], [695243.391566265, 2571158.686746988], [695243.391566265, 2571168.686746988], [695243.391566265, 2571178.686746988], [695243.391566265, 2571188.686746988], [695248.391566265, 2571193.686746988], [695253.391566265, 2571198.686746988], [695253.391566265, 2571208.686746988], [695258.391566265, 2571213.686746988], [695263.391566265, 2571218.686746988], [695268.391566265, 2571223.686746988], [695273.391566265, 2571228.686746988], [695278.391566265, 2571233.686746988], [695283.391566265, 2571238.686746988], [695288.391566265, 2571243.686746988], [695298.391566265, 2571243.686746988], [695303.391566265, 2571248.686746988], [695308.391566265, 2571253.686746988], [695313.391566265, 2571258.686746988], [695318.391566265, 2571263.686746988], [695323.391566265, 2571268.686746988], [695328.391566265, 2571273.686746988], [695333.391566265, 2571278.686746988], [695338.391566265, 2571283.686746988], [695343.391566265, 2571288.686746988], [695348.391566265, 2571293.686746988], [695353.391566265, 2571298.686746988], [695353.391566265, 2571308.686746988], [695358.391566265, 2571313.686746988], [695363.391566265, 2571318.686746988], [695368.391566265, 2571323.686746988], [695373.391566265, 2571328.686746988], [695378.391566265, 2571333.686746988], [695383.391566265, 2571338.686746988], [695388.391566265, 2571343.686746988], [695393.391566265, 2571348.686746988], [695393.391566265, 2571358.686746988], [695398.391566265, 2571363.686746988], [695403.391566265, 2571368.686746988], [695403.391566265, 2571378.686746988], [695403.391566265, 2571388.686746988], [695403.391566265, 2571398.686746988], [695408.391566265, 2571403.686746988], [695413.391566265, 2571408.686746988], [695418.391566265, 2571413.686746988], [695423.391566265, 2571418.686746988], [695428.391566265, 2571423.686746988], [695433.391566265, 2571428.686746988], [695438.391566265, 2571433.686746988], [695443.391566265, 2571438.686746988], [695448.391566265, 2571443.686746988], [695453.391566265, 2571448.686746988], [695453.391566265, 2571458.686746988], [695453.391566265, 2571468.686746988], [695458.391566265, 2571473.686746988], [695463.391566265, 2571478.686746988], [695463.391566265, 2571488.686746988], [695463.391566265, 2571498.686746988], [695463.391566265, 2571508.686746988], [695468.391566265, 2571513.686746988], [695473.391566265, 2571518.686746988], [695473.391566265, 2571528.686746988], [695473.391566265, 2571538.686746988], [695478.391566265, 2571543.686746988], [695483.391566265, 2571548.686746988], [695483.391566265, 2571558.686746988], [695488.391566265, 2571563.686746988], [695493.391566265, 2571568.686746988], [695493.391566265, 2571578.686746988], [695498.391566265, 2571583.686746988], [695503.391566265, 2571588.686746988], [695508.391566265, 2571593.686746988], [695513.391566265, 2571598.686746988], [695513.391566265, 2571608.686746988], [695518.391566265, 2571613.686746988], [695523.391566265, 2571618.686746988], [695525.891566265, 2571628.686746988], [695528.391566265, 2571633.686746988], [695533.391566265, 2571638.686746988], [695538.391566265, 2571643.686746988], [695543.391566265, 2571648.686746988], [695543.391566265, 2571658.686746988], [695543.391566265, 2571668.686746988], [695543.391566265, 2571678.686746988], [695538.391566265, 2571683.686746988], [695528.391566265, 2571683.686746988], [695518.391566265, 2571683.686746988], [695508.391566265, 2571683.686746988], [695498.391566265, 2571683.686746988], [695493.391566265, 2571678.686746988], [695488.391566265, 2571673.686746988], [695478.391566265, 2571673.686746988], [695468.391566265, 2571673.686746988], [695463.391566265, 2571668.686746988], [695458.391566265, 2571663.686746988], [695448.391566265, 2571663.686746988], [695443.391566265, 2571658.686746988], [695438.391566265, 2571653.686746988], [695428.391566265, 2571653.686746988], [695418.391566265, 2571653.686746988], [695413.391566265, 2571648.686746988], [695408.391566265, 2571643.686746988], [695403.391566265, 2571638.686746988], [695398.391566265, 2571633.686746988], [695388.391566265, 2571633.686746988], [695378.391566265, 2571633.686746988], [695373.391566265, 2571628.686746988], [695368.391566265, 2571623.686746988], [695363.391566265, 2571618.686746988], [695358.391566265, 2571613.686746988], [695353.391566265, 2571608.686746988], [695348.391566265, 2571603.686746988], [695343.391566265, 2571598.686746988], [695338.391566265, 2571593.686746988], [695333.391566265, 2571588.686746988], [695328.391566265, 2571583.686746988], [695323.391566265, 2571578.686746988], [695318.391566265, 2571573.686746988], [695313.391566265, 2571568.686746988], [695308.391566265, 2571563.686746988], [695303.391566265, 2571558.686746988], [695303.391566265, 2571548.686746988], [695303.391566265, 2571538.686746988], [695303.391566265, 2571528.686746988], [695298.391566265, 2571523.686746988], [695293.391566265, 2571518.686746988], [695293.391566265, 2571508.686746988], [695288.391566265, 2571503.686746988], [695283.391566265, 2571498.686746988], [695283.391566265, 2571488.686746988], [695278.391566265, 2571483.686746988], [695273.391566265, 2571478.686746988], [695273.391566265, 2571468.686746988], [695273.391566265, 2571458.686746988], [695273.391566265, 2571448.686746988], [695273.391566265, 2571438.686746988], [695273.391566265, 2571428.686746988], [695273.391566265, 2571418.686746988], [695268.391566265, 2571413.686746988], [695263.391566265, 2571408.686746988], [695263.391566265, 2571398.686746988], [695258.391566265, 2571393.686746988], [695253.391566265, 2571388.686746988], [695248.391566265, 2571383.686746988], [695243.391566265, 2571378.686746988], [695238.391566265, 2571373.686746988], [695228.391566265, 2571373.686746988], [695223.391566265, 2571368.686746988], [695218.391566265, 2571363.686746988], [695213.391566265, 2571358.686746988], [695208.391566265, 2571353.686746988], [695198.391566265, 2571353.686746988], [695193.391566265, 2571358.686746988], [695193.391566265, 2571368.686746988], [695193.391566265, 2571378.686746988], [695193.391566265, 2571388.686746988], [695193.391566265, 2571398.686746988], [695193.391566265, 2571408.686746988], [695198.391566265, 2571413.686746988], [695208.391566265, 2571413.686746988], [695213.391566265, 2571408.686746988], [695213.391566265, 2571398.686746988], [695213.391566265, 2571388.686746988], [695218.391566265, 2571383.686746988], [695228.391566265, 2571383.686746988], [695233.391566265, 2571388.686746988], [695233.391566265, 2571398.686746988], [695233.391566265, 2571408.686746988], [695233.391566265, 2571418.686746988], [695233.391566265, 2571428.686746988], [695238.391566265, 2571433.686746988], [695243.391566265, 2571438.686746988], [695243.391566265, 2571448.686746988], [695248.391566265, 2571453.686746988], [695253.391566265, 2571458.686746988], [695253.391566265, 2571468.686746988], [695248.391566265, 2571473.686746988], [695243.391566265, 2571478.686746988], [695238.391566265, 2571483.686746988], [695233.391566265, 2571488.686746988], [695228.391566265, 2571493.686746988], [695223.391566265, 2571488.686746988], [695218.391566265, 2571483.686746988], [695213.391566265, 2571478.686746988], [695213.391566265, 2571468.686746988], [695208.391566265, 2571463.686746988], [695198.391566265, 2571463.686746988], [695193.391566265, 2571468.686746988], [695188.391566265, 2571473.686746988], [695183.391566265, 2571478.686746988], [695183.391566265, 2571488.686746988], [695183.391566265, 2571498.686746988], [695188.391566265, 2571503.686746988], [695193.391566265, 2571508.686746988], [695193.391566265, 2571518.686746988], [695198.391566265, 2571523.686746988], [695203.391566265, 2571528.686746988], [695208.391566265, 2571533.686746988], [695213.391566265, 2571538.686746988], [695213.391566265, 2571548.686746988], [695208.391566265, 2571553.686746988], [695198.391566265, 2571553.686746988], [695193.391566265, 2571548.686746988], [695193.391566265, 2571538.686746988], [695188.391566265, 2571533.686746988], [695178.391566265, 2571533.686746988], [695168.391566265, 2571533.686746988], [695163.391566265, 2571538.686746988], [695163.391566265, 2571548.686746988], [695163.391566265, 2571558.686746988], [695163.391566265, 2571568.686746988], [695158.391566265, 2571573.686746988], [695153.391566265, 2571578.686746988], [695153.391566265, 2571588.686746988], [695148.391566265, 2571593.686746988], [695143.391566265, 2571598.686746988], [695143.391566265, 2571608.686746988], [695143.391566265, 2571618.686746988], [695148.391566265, 2571623.686746988], [695153.391566265, 2571628.686746988], [695153.391566265, 2571638.686746988], [695148.391566265, 2571643.686746988], [695143.391566265, 2571648.686746988], [695138.391566265, 2571653.686746988], [695133.391566265, 2571658.686746988], [695128.391566265, 2571663.686746988], [695123.391566265, 2571668.686746988], [695123.391566265, 2571678.686746988], [695123.391566265, 2571688.686746988], [695123.391566265, 2571698.686746988], [695123.391566265, 2571708.686746988], [695123.391566265, 2571718.686746988], [695123.391566265, 2571728.686746988], [695123.391566265, 2571738.686746988], [695123.391566265, 2571748.686746988], [695123.391566265, 2571758.686746988], [695123.391566265, 2571768.686746988], [695123.391566265, 2571778.686746988], [695118.391566265, 2571783.686746988], [695113.391566265, 2571788.686746988], [695113.391566265, 2571798.686746988], [695108.391566265, 2571803.686746988], [695103.391566265, 2571808.686746988], [695098.391566265, 2571813.686746988], [695093.391566265, 2571808.686746988], [695088.391566265, 2571803.686746988], [695083.391566265, 2571798.686746988], [695083.391566265, 2571788.686746988], [695083.391566265, 2571778.686746988], [695088.391566265, 2571773.686746988], [695093.391566265, 2571768.686746988], [695093.391566265, 2571758.686746988], [695093.391566265, 2571748.686746988], [695093.391566265, 2571738.686746988], [695093.391566265, 2571728.686746988], [695093.391566265, 2571718.686746988], [695088.391566265, 2571713.686746988], [695083.391566265, 2571708.686746988], [695083.391566265, 2571698.686746988], [695083.391566265, 2571688.686746988], [695088.391566265, 2571683.686746988], [695093.391566265, 2571678.686746988], [695093.391566265, 2571668.686746988], [695098.391566265, 2571663.686746988], [695103.391566265, 2571658.686746988], [695103.391566265, 2571648.686746988], [695103.391566265, 2571638.686746988], [695103.391566265, 2571628.686746988], [695103.391566265, 2571618.686746988], [695103.391566265, 2571608.686746988], [695103.391566265, 2571598.686746988], [695098.391566265, 2571593.686746988], [695088.391566265, 2571593.686746988], [695083.391566265, 2571598.686746988], [695083.391566265, 2571608.686746988], [695083.391566265, 2571618.686746988], [695083.391566265, 2571628.686746988], [695078.391566265, 2571633.686746988], [695073.391566265, 2571638.686746988], [695073.391566265, 2571648.686746988], [695068.391566265, 2571653.686746988], [695063.391566265, 2571658.686746988], [695068.391566265, 2571663.686746988], [695073.391566265, 2571668.686746988], [695068.391566265, 2571673.686746988], [695063.391566265, 2571678.686746988], [695063.391566265, 2571688.686746988], [695063.391566265, 2571698.686746988], [695058.391566265, 2571703.686746988], [695048.391566265, 2571703.686746988], [695043.391566265, 2571698.686746988], [695038.391566265, 2571693.686746988], [695033.391566265, 2571688.686746988], [695028.391566265, 2571683.686746988], [695018.391566265, 2571683.686746988], [695008.391566265, 2571683.686746988], [695003.391566265, 2571688.686746988], [695003.391566265, 2571698.686746988], [695003.391566265, 2571708.686746988], [694998.391566265, 2571713.686746988], [694993.391566265, 2571718.686746988], [694988.391566265, 2571723.686746988], [694978.391566265, 2571723.686746988], [694973.391566265, 2571728.686746988], [694968.391566265, 2571733.686746988], [694963.391566265, 2571738.686746988], [694958.391566265, 2571743.686746988], [694953.391566265, 2571748.686746988], [694953.391566265, 2571758.686746988], [694953.391566265, 2571768.686746988], [694948.391566265, 2571773.686746988], [694943.391566265, 2571778.686746988], [694938.391566265, 2571783.686746988], [694933.391566265, 2571778.686746988], [694928.391566265, 2571773.686746988], [694923.391566265, 2571768.686746988], [694923.391566265, 2571758.686746988], [694923.391566265, 2571748.686746988], [694923.391566265, 2571738.686746988], [694923.391566265, 2571728.686746988], [694923.391566265, 2571718.686746988], [694918.391566265, 2571713.686746988], [694913.391566265, 2571708.686746988], [694908.391566265, 2571703.686746988], [694903.391566265, 2571708.686746988], [694898.391566265, 2571713.686746988], [694893.391566265, 2571718.686746988], [694888.391566265, 2571723.686746988], [694878.391566265, 2571723.686746988], [694873.391566265, 2571718.686746988], [694868.391566265, 2571713.686746988], [694863.391566265, 2571708.686746988], [694858.391566265, 2571703.686746988], [694853.391566265, 2571698.686746988], [694848.391566265, 2571693.686746988], [694838.391566265, 2571693.686746988], [694833.391566265, 2571688.686746988], [694828.391566265, 2571683.686746988], [694823.391566265, 2571678.686746988], [694818.391566265, 2571673.686746988], [694813.391566265, 2571668.686746988], [694808.391566265, 2571663.686746988], [694803.391566265, 2571658.686746988], [694803.391566265, 2571648.686746988], [694798.391566265, 2571643.686746988], [694793.391566265, 2571638.686746988], [694793.391566265, 2571628.686746988], [694788.391566265, 2571623.686746988], [694783.391566265, 2571618.686746988], [694778.391566265, 2571613.686746988], [694773.391566265, 2571608.686746988], [694773.391566265, 2571598.686746988], [694773.391566265, 2571588.686746988], [694768.391566265, 2571583.686746988], [694763.391566265, 2571578.686746988], [694763.391566265, 2571568.686746988], [694758.391566265, 2571563.686746988], [694748.391566265, 2571563.686746988], [694745.891566265, 2571568.686746988], [694745.891566265, 2571578.686746988], [694745.891566265, 2571588.686746988], [694743.391566265, 2571598.686746988], [694743.391566265, 2571608.686746988], [694743.391566265, 2571618.686746988], [694745.891566265, 2571628.686746988], [694748.391566265, 2571633.686746988], [694753.391566265, 2571638.686746988], [694753.391566265, 2571648.686746988], [694755.891566265, 2571658.686746988], [694758.391566265, 2571663.686746988], [694763.391566265, 2571668.686746988], [694763.391566265, 2571678.686746988], [694768.391566265, 2571683.686746988], [694773.391566265, 2571688.686746988], [694773.391566265, 2571698.686746988], [694778.391566265, 2571703.686746988], [694783.391566265, 2571708.686746988], [694783.391566265, 2571718.686746988], [694783.391566265, 2571728.686746988], [694783.391566265, 2571738.686746988], [694788.391566265, 2571743.686746988], [694793.391566265, 2571748.686746988], [694793.391566265, 2571758.686746988], [694793.391566265, 2571768.686746988], [694798.391566265, 2571773.686746988], [694803.391566265, 2571778.686746988], [694803.391566265, 2571788.686746988], [694808.391566265, 2571793.686746988], [694813.391566265, 2571798.686746988], [694813.391566265, 2571808.686746988], [694813.391566265, 2571818.686746988], [694813.391566265, 2571828.686746988], [694813.391566265, 2571838.686746988], [694818.391566265, 2571843.686746988], [694823.391566265, 2571848.686746988], [694823.391566265, 2571858.686746988], [694823.391566265, 2571868.686746988], [694818.391566265, 2571873.686746988], [694813.391566265, 2571878.686746988], [694808.391566265, 2571883.686746988], [694803.391566265, 2571878.686746988], [694798.391566265, 2571873.686746988], [694793.391566265, 2571868.686746988], [694793.391566265, 2571858.686746988], [694788.391566265, 2571853.686746988], [694783.391566265, 2571848.686746988], [694783.391566265, 2571838.686746988], [694778.391566265, 2571833.686746988], [694773.391566265, 2571828.686746988], [694773.391566265, 2571818.686746988], [694770.891566265, 2571808.686746988], [694768.391566265, 2571803.686746988], [694763.391566265, 2571798.686746988], [694763.391566265, 2571788.686746988], [694763.391566265, 2571778.686746988], [694758.391566265, 2571773.686746988], [694753.391566265, 2571768.686746988], [694753.391566265, 2571758.686746988], [694753.391566265, 2571748.686746988], [694750.891566265, 2571738.686746988], [694748.391566265, 2571736.186746988], [694738.391566265, 2571733.686746988], [694728.391566265, 2571733.686746988], [694718.391566265, 2571733.686746988], [694708.391566265, 2571736.186746988], [694698.391566265, 2571737.0200803215], [694695.891566265, 2571738.686746988], [694688.391566265, 2571746.186746988], [694678.391566265, 2571746.186746988], [694668.391566265, 2571743.686746988], [694663.391566265, 2571738.686746988], [694660.891566265, 2571728.686746988], [694663.391566265, 2571718.686746988], [694658.391566265, 2571713.686746988], [694653.391566265, 2571708.686746988], [694648.391566265, 2571703.686746988], [694638.391566265, 2571703.686746988], [694633.391566265, 2571698.686746988], [694628.391566265, 2571693.686746988], [694623.391566265, 2571688.686746988], [694618.391566265, 2571683.686746988], [694613.391566265, 2571678.686746988], [694618.391566265, 2571673.686746988], [694623.391566265, 2571668.686746988], [694628.391566265, 2571663.686746988], [694638.391566265, 2571663.686746988], [694643.391566265, 2571668.686746988], [694648.391566265, 2571673.686746988], [694658.391566265, 2571673.686746988], [694668.391566265, 2571673.686746988], [694678.391566265, 2571673.686746988], [694683.391566265, 2571668.686746988], [694688.391566265, 2571663.686746988], [694693.391566265, 2571658.686746988], [694698.391566265, 2571653.686746988], [694703.391566265, 2571648.686746988], [694703.391566265, 2571638.686746988], [694703.391566265, 2571628.686746988], [694698.391566265, 2571623.686746988], [694693.391566265, 2571618.686746988], [694688.391566265, 2571613.686746988], [694683.391566265, 2571608.686746988], [694678.391566265, 2571603.686746988], [694673.391566265, 2571598.686746988], [694673.391566265, 2571588.686746988], [694673.391566265, 2571578.686746988], [694668.391566265, 2571573.686746988], [694663.391566265, 2571568.686746988], [694663.391566265, 2571558.686746988], [694658.391566265, 2571553.686746988], [694653.391566265, 2571548.686746988], [694648.391566265, 2571543.686746988], [694638.391566265, 2571543.686746988], [694628.391566265, 2571543.686746988], [694623.391566265, 2571548.686746988], [694618.391566265, 2571553.686746988], [694613.391566265, 2571558.686746988], [694613.391566265, 2571568.686746988], [694618.391566265, 2571573.686746988], [694623.391566265, 2571578.686746988], [694623.391566265, 2571588.686746988], [694623.391566265, 2571598.686746988], [694618.391566265, 2571603.686746988], [694608.391566265, 2571603.686746988], [694603.391566265, 2571598.686746988], [694603.391566265, 2571588.686746988], [694598.391566265, 2571583.686746988], [694588.391566265, 2571583.686746988], [694583.391566265, 2571588.686746988], [694578.391566265, 2571593.686746988], [694573.391566265, 2571598.686746988], [694573.391566265, 2571608.686746988], [694568.391566265, 2571613.686746988], [694563.391566265, 2571618.686746988], [694563.391566265, 2571628.686746988], [694558.391566265, 2571633.686746988], [694553.391566265, 2571638.686746988], [694548.391566265, 2571643.686746988], [694538.391566265, 2571643.686746988], [694533.391566265, 2571638.686746988], [694528.391566265, 2571633.686746988], [694518.391566265, 2571633.686746988], [694508.391566265, 2571633.686746988], [694503.391566265, 2571628.686746988], [694498.391566265, 2571623.686746988], [694493.391566265, 2571618.686746988], [694493.391566265, 2571608.686746988], [694493.391566265, 2571598.686746988], [694488.391566265, 2571593.686746988], [694483.391566265, 2571588.686746988], [694478.391566265, 2571583.686746988], [694468.391566265, 2571583.686746988], [694463.391566265, 2571588.686746988], [694458.391566265, 2571593.686746988], [694448.391566265, 2571593.686746988], [694443.391566265, 2571598.686746988], [694438.391566265, 2571603.686746988], [694433.391566265, 2571608.686746988], [694428.391566265, 2571613.686746988], [694418.391566265, 2571613.686746988], [694413.391566265, 2571608.686746988], [694408.391566265, 2571603.686746988], [694398.391566265, 2571603.686746988], [694388.391566265, 2571603.686746988], [694383.391566265, 2571608.686746988], [694378.391566265, 2571613.686746988], [694368.391566265, 2571613.686746988], [694358.391566265, 2571613.686746988], [694353.391566265, 2571608.686746988], [694348.391566265, 2571603.686746988], [694343.391566265, 2571598.686746988], [694338.391566265, 2571593.686746988], [694333.391566265, 2571588.686746988], [694328.391566265, 2571583.686746988], [694323.391566265, 2571578.686746988], [694323.391566265, 2571568.686746988], [694323.391566265, 2571558.686746988], [694323.391566265, 2571548.686746988], [694323.391566265, 2571538.686746988], [694328.391566265, 2571533.686746988], [694333.391566265, 2571528.686746988], [694338.391566265, 2571523.686746988], [694343.391566265, 2571518.686746988], [694343.391566265, 2571508.686746988], [694348.391566265, 2571503.686746988], [694353.391566265, 2571498.686746988], [694348.391566265, 2571493.686746988], [694343.391566265, 2571488.686746988], [694338.391566265, 2571483.686746988], [694333.391566265, 2571478.686746988], [694333.391566265, 2571468.686746988], [694333.391566265, 2571458.686746988], [694338.391566265, 2571453.686746988], [694343.391566265, 2571448.686746988], [694338.391566265, 2571443.686746988], [694328.391566265, 2571443.686746988], [694318.391566265, 2571443.686746988], [694313.391566265, 2571448.686746988], [694308.391566265, 2571453.686746988], [694303.391566265, 2571448.686746988], [694298.391566265, 2571443.686746988], [694288.391566265, 2571443.686746988], [694283.391566265, 2571438.686746988], [694283.391566265, 2571428.686746988], [694283.391566265, 2571418.686746988], [694283.391566265, 2571408.686746988], [694278.391566265, 2571403.686746988], [694273.391566265, 2571398.686746988], [694268.391566265, 2571393.686746988], [694263.391566265, 2571388.686746988], [694258.391566265, 2571383.686746988], [694248.391566265, 2571383.686746988], [694243.391566265, 2571388.686746988], [694238.391566265, 2571393.686746988], [694233.391566265, 2571398.686746988], [694228.391566265, 2571403.686746988], [694218.391566265, 2571403.686746988], [694208.391566265, 2571403.686746988], [694203.391566265, 2571398.686746988], [694198.391566265, 2571393.686746988], [694193.391566265, 2571388.686746988], [694188.391566265, 2571383.686746988], [694183.391566265, 2571378.686746988], [694178.391566265, 2571373.686746988], [694173.391566265, 2571378.686746988], [694168.391566265, 2571383.686746988], [694158.391566265, 2571383.686746988], [694148.391566265, 2571383.686746988], [694138.391566265, 2571383.686746988], [694128.391566265, 2571383.686746988], [694123.391566265, 2571388.686746988], [694118.391566265, 2571393.686746988], [694113.391566265, 2571398.686746988], [694108.391566265, 2571403.686746988], [694103.391566265, 2571408.686746988], [694098.391566265, 2571413.686746988], [694093.391566265, 2571418.686746988], [694098.391566265, 2571423.686746988], [694103.391566265, 2571428.686746988], [694108.391566265, 2571433.686746988], [694118.391566265, 2571433.686746988], [694123.391566265, 2571438.686746988], [694123.391566265, 2571448.686746988], [694118.391566265, 2571453.686746988], [694113.391566265, 2571458.686746988], [694108.391566265, 2571463.686746988], [694103.391566265, 2571468.686746988], [694098.391566265, 2571473.686746988], [694093.391566265, 2571478.686746988], [694093.391566265, 2571488.686746988], [694088.391566265, 2571493.686746988], [694083.391566265, 2571498.686746988], [694078.391566265, 2571503.686746988], [694068.391566265, 2571503.686746988], [694063.391566265, 2571498.686746988], [694058.391566265, 2571493.686746988], [694053.391566265, 2571488.686746988], [694048.391566265, 2571483.686746988], [694043.391566265, 2571478.686746988], [694038.391566265, 2571473.686746988], [694033.391566265, 2571468.686746988], [694028.391566265, 2571463.686746988], [694018.391566265, 2571463.686746988], [694013.391566265, 2571468.686746988], [694008.391566265, 2571473.686746988], [694003.391566265, 2571478.686746988], [694003.391566265, 2571488.686746988], [693998.391566265, 2571493.686746988], [693993.391566265, 2571498.686746988], [693988.391566265, 2571503.686746988], [693983.391566265, 2571508.686746988], [693978.391566265, 2571513.686746988], [693973.391566265, 2571508.686746988], [693968.391566265, 2571503.686746988], [693958.391566265, 2571503.686746988], [693953.391566265, 2571498.686746988], [693948.391566265, 2571493.686746988], [693938.391566265, 2571493.686746988], [693928.391566265, 2571493.686746988], [693918.391566265, 2571493.686746988], [693908.391566265, 2571493.686746988], [693898.391566265, 2571493.686746988], [693893.391566265, 2571498.686746988], [693888.391566265, 2571503.686746988], [693883.391566265, 2571508.686746988], [693888.391566265, 2571513.686746988], [693893.391566265, 2571518.686746988], [693888.391566265, 2571523.686746988], [693878.391566265, 2571523.686746988], [693868.391566265, 2571523.686746988], [693863.391566265, 2571518.686746988], [693858.391566265, 2571513.686746988], [693848.391566265, 2571513.686746988], [693838.391566265, 2571513.686746988], [693833.391566265, 2571508.686746988], [693833.391566265, 2571498.686746988], [693833.391566265, 2571488.686746988], [693833.391566265, 2571478.686746988], [693828.391566265, 2571473.686746988], [693823.391566265, 2571468.686746988], [693818.391566265, 2571463.686746988], [693808.391566265, 2571463.686746988], [693803.391566265, 2571458.686746988], [693798.391566265, 2571453.686746988], [693793.391566265, 2571458.686746988], [693793.391566265, 2571468.686746988], [693793.391566265, 2571478.686746988], [693798.391566265, 2571483.686746988], [693803.391566265, 2571488.686746988], [693798.391566265, 2571493.686746988], [693788.391566265, 2571493.686746988], [693778.391566265, 2571493.686746988], [693773.391566265, 2571488.686746988], [693768.391566265, 2571483.686746988], [693763.391566265, 2571478.686746988], [693758.391566265, 2571473.686746988], [693753.391566265, 2571468.686746988], [693753.391566265, 2571458.686746988], [693748.391566265, 2571453.686746988], [693738.391566265, 2571453.686746988], [693733.391566265, 2571458.686746988], [693728.391566265, 2571463.686746988], [693723.391566265, 2571468.686746988], [693718.391566265, 2571473.686746988], [693713.391566265, 2571468.686746988], [693708.391566265, 2571463.686746988], [693703.391566265, 2571458.686746988], [693698.391566265, 2571453.686746988], [693693.391566265, 2571448.686746988], [693688.391566265, 2571443.686746988], [693683.391566265, 2571438.686746988], [693683.391566265, 2571428.686746988], [693688.391566265, 2571423.686746988], [693698.391566265, 2571423.686746988], [693703.391566265, 2571418.686746988], [693708.391566265, 2571413.686746988], [693713.391566265, 2571408.686746988], [693708.391566265, 2571403.686746988], [693703.391566265, 2571398.686746988], [693708.391566265, 2571393.686746988], [693713.391566265, 2571388.686746988], [693718.391566265, 2571383.686746988], [693723.391566265, 2571378.686746988], [693728.391566265, 2571373.686746988], [693733.391566265, 2571368.686746988], [693728.391566265, 2571363.686746988], [693723.391566265, 2571358.686746988], [693718.391566265, 2571353.686746988], [693708.391566265, 2571353.686746988], [693698.391566265, 2571353.686746988], [693688.391566265, 2571353.686746988], [693683.391566265, 2571348.686746988], [693678.391566265, 2571343.686746988], [693668.391566265, 2571343.686746988], [693663.391566265, 2571348.686746988], [693658.391566265, 2571353.686746988], [693648.391566265, 2571353.686746988], [693643.391566265, 2571358.686746988], [693638.391566265, 2571363.686746988], [693633.391566265, 2571368.686746988], [693638.391566265, 2571373.686746988], [693643.391566265, 2571378.686746988], [693643.391566265, 2571388.686746988], [693648.391566265, 2571393.686746988], [693653.391566265, 2571398.686746988], [693653.391566265, 2571408.686746988], [693653.391566265, 2571418.686746988], [693653.391566265, 2571428.686746988], [693653.391566265, 2571438.686746988], [693653.391566265, 2571448.686746988], [693653.391566265, 2571458.686746988], [693648.391566265, 2571463.686746988], [693643.391566265, 2571468.686746988], [693638.391566265, 2571473.686746988], [693633.391566265, 2571478.686746988], [693628.391566265, 2571483.686746988], [693618.391566265, 2571483.686746988], [693613.391566265, 2571488.686746988], [693618.391566265, 2571493.686746988], [693623.391566265, 2571498.686746988], [693623.391566265, 2571508.686746988], [693623.391566265, 2571518.686746988], [693623.391566265, 2571528.686746988], [693623.391566265, 2571538.686746988], [693623.391566265, 2571548.686746988], [693618.391566265, 2571553.686746988], [693613.391566265, 2571558.686746988], [693608.391566265, 2571563.686746988], [693603.391566265, 2571568.686746988], [693598.391566265, 2571573.686746988], [693588.391566265, 2571573.686746988], [693583.391566265, 2571568.686746988], [693578.391566265, 2571563.686746988], [693568.391566265, 2571563.686746988], [693558.391566265, 2571563.686746988], [693548.391566265, 2571563.686746988], [693543.391566265, 2571558.686746988], [693543.391566265, 2571548.686746988], [693548.391566265, 2571543.686746988], [693558.391566265, 2571543.686746988], [693563.391566265, 2571538.686746988], [693568.391566265, 2571533.686746988], [693573.391566265, 2571528.686746988], [693568.391566265, 2571523.686746988], [693563.391566265, 2571518.686746988], [693558.391566265, 2571513.686746988], [693548.391566265, 2571513.686746988], [693538.391566265, 2571513.686746988], [693533.391566265, 2571518.686746988], [693528.391566265, 2571523.686746988], [693523.391566265, 2571528.686746988], [693528.391566265, 2571533.686746988], [693533.391566265, 2571538.686746988], [693528.391566265, 2571543.686746988], [693523.391566265, 2571548.686746988], [693518.391566265, 2571553.686746988], [693513.391566265, 2571558.686746988], [693508.391566265, 2571563.686746988], [693503.391566265, 2571568.686746988], [693498.391566265, 2571573.686746988], [693493.391566265, 2571578.686746988], [693488.391566265, 2571583.686746988], [693483.391566265, 2571588.686746988], [693483.391566265, 2571598.686746988], [693483.391566265, 2571608.686746988], [693488.391566265, 2571613.686746988], [693493.391566265, 2571618.686746988], [693493.391566265, 2571628.686746988], [693493.391566265, 2571638.686746988], [693488.391566265, 2571643.686746988], [693483.391566265, 2571648.686746988], [693478.391566265, 2571653.686746988], [693468.391566265, 2571653.686746988], [693458.391566265, 2571653.686746988], [693448.391566265, 2571653.686746988], [693443.391566265, 2571658.686746988], [693438.391566265, 2571663.686746988], [693433.391566265, 2571668.686746988], [693433.391566265, 2571678.686746988], [693433.391566265, 2571688.686746988], [693433.391566265, 2571698.686746988], [693438.391566265, 2571703.686746988], [693443.391566265, 2571708.686746988], [693443.391566265, 2571718.686746988], [693443.391566265, 2571728.686746988], [693443.391566265, 2571738.686746988], [693443.391566265, 2571748.686746988], [693443.391566265, 2571758.686746988], [693443.391566265, 2571768.686746988], [693443.391566265, 2571778.686746988], [693448.391566265, 2571783.686746988], [693453.391566265, 2571788.686746988], [693453.391566265, 2571798.686746988], [693453.391566265, 2571808.686746988], [693453.391566265, 2571818.686746988], [693448.391566265, 2571823.686746988], [693443.391566265, 2571828.686746988], [693438.391566265, 2571833.686746988], [693433.391566265, 2571838.686746988], [693428.391566265, 2571843.686746988], [693425.891566265, 2571848.686746988], [693425.891566265, 2571858.686746988], [693428.391566265, 2571863.686746988], [693433.391566265, 2571868.686746988], [693438.391566265, 2571873.686746988], [693443.391566265, 2571878.686746988], [693448.391566265, 2571883.686746988], [693453.391566265, 2571888.686746988], [693453.391566265, 2571898.686746988], [693453.391566265, 2571908.686746988], [693453.391566265, 2571918.686746988], [693458.391566265, 2571923.686746988], [693463.391566265, 2571928.686746988], [693463.391566265, 2571938.686746988], [693463.391566265, 2571948.686746988], [693468.391566265, 2571953.686746988], [693473.391566265, 2571958.686746988], [693475.891566265, 2571968.686746988], [693478.391566265, 2571973.686746988], [693483.391566265, 2571978.686746988], [693488.391566265, 2571983.686746988], [693493.391566265, 2571988.686746988], [693498.391566265, 2571993.686746988], [693503.391566265, 2571998.686746988], [693505.891566265, 2572008.686746988], [693506.7248995984, 2572018.6867469884], [693508.391566265, 2572023.686746988], [693513.391566265, 2572028.686746988], [693518.391566265, 2572033.686746988], [693523.391566265, 2572038.686746988], [693525.891566265, 2572048.686746988], [693528.391566265, 2572053.686746988], [693533.391566265, 2572058.686746988], [693535.891566265, 2572068.686746988], [693538.391566265, 2572071.186746988], [693545.891566265, 2572078.686746988], [693548.391566265, 2572081.186746988], [693555.891566265, 2572088.686746988], [693558.391566265, 2572089.686746988], [693567.391566265, 2572098.686746988], [693568.391566265, 2572101.186746988], [693575.891566265, 2572108.686746988], [693578.391566265, 2572109.686746988], [693587.391566265, 2572118.686746988], [693588.391566265, 2572123.686746988], [693593.391566265, 2572128.686746988], [693597.391566265, 2572138.686746988], [693598.391566265, 2572143.686746988], [693603.391566265, 2572148.686746988], [693603.391566265, 2572158.686746988], [693603.391566265, 2572168.686746988], [693598.391566265, 2572173.686746988], [693597.391566265, 2572178.686746988], [693593.391566265, 2572188.686746988], [693593.391566265, 2572198.686746988], [693593.391566265, 2572208.686746988], [693588.391566265, 2572213.686746988], [693585.891566265, 2572218.686746988], [693578.391566265, 2572226.186746988], [693576.7248995984, 2572228.6867469884], [693573.391566265, 2572238.686746988], [693573.391566265, 2572248.686746988], [693573.391566265, 2572258.686746988], [693568.391566265, 2572263.686746988], [693563.391566265, 2572268.686746988], [693563.391566265, 2572278.686746988], [693563.391566265, 2572288.686746988], [693558.391566265, 2572293.686746988], [693553.391566265, 2572298.686746988], [693548.391566265, 2572303.686746988], [693543.391566265, 2572308.686746988], [693543.391566265, 2572318.686746988], [693543.391566265, 2572328.686746988], [693543.391566265, 2572338.686746988], [693543.391566265, 2572348.686746988], [693538.391566265, 2572353.686746988], [693535.891566265, 2572358.686746988], [693538.391566265, 2572363.686746988], [693543.391566265, 2572368.686746988], [693543.391566265, 2572378.686746988], [693543.391566265, 2572388.686746988], [693543.391566265, 2572398.686746988], [693543.391566265, 2572408.686746988], [693543.391566265, 2572418.686746988], [693543.391566265, 2572428.686746988], [693548.391566265, 2572433.686746988], [693553.391566265, 2572438.686746988], [693553.391566265, 2572448.686746988], [693548.391566265, 2572453.686746988], [693543.391566265, 2572458.686746988], [693543.391566265, 2572468.686746988], [693543.391566265, 2572478.686746988], [693548.391566265, 2572483.686746988], [693553.391566265, 2572488.686746988], [693558.391566265, 2572493.686746988], [693568.391566265, 2572493.686746988], [693578.391566265, 2572493.686746988], [693588.391566265, 2572493.686746988], [693593.391566265, 2572498.686746988], [693588.391566265, 2572503.686746988], [693583.391566265, 2572508.686746988], [693578.391566265, 2572513.686746988], [693568.391566265, 2572513.686746988], [693563.391566265, 2572518.686746988], [693558.391566265, 2572523.686746988], [693553.391566265, 2572528.686746988], [693555.891566265, 2572538.686746988], [693558.391566265, 2572543.686746988], [693563.391566265, 2572548.686746988], [693568.391566265, 2572553.686746988], [693573.391566265, 2572558.686746988], [693573.391566265, 2572568.686746988], [693573.391566265, 2572578.686746988], [693575.891566265, 2572588.686746988], [693578.391566265, 2572593.686746988], [693583.391566265, 2572598.686746988], [693583.391566265, 2572608.686746988], [693587.391566265, 2572618.686746988], [693588.391566265, 2572623.686746988], [693593.391566265, 2572628.686746988], [693595.891566265, 2572638.686746988], [693597.391566265, 2572648.686746988], [693597.391566265, 2572658.686746988], [693597.391566265, 2572668.686746988], [693595.891566265, 2572678.686746988], [693595.891566265, 2572688.686746988], [693593.391566265, 2572698.686746988], [693593.391566265, 2572708.686746988], [693588.391566265, 2572713.686746988], [693585.891566265, 2572718.686746988], [693585.891566265, 2572728.686746988], [693583.391566265, 2572738.686746988], [693588.391566265, 2572743.686746988], [693593.391566265, 2572748.686746988], [693598.391566265, 2572753.686746988], [693603.391566265, 2572758.686746988], [693608.391566265, 2572763.686746988], [693613.391566265, 2572768.686746988], [693618.391566265, 2572773.686746988], [693623.391566265, 2572778.686746988], [693623.391566265, 2572788.686746988], [693623.391566265, 2572798.686746988], [693618.391566265, 2572803.686746988], [693617.391566265, 2572808.686746988], [693613.391566265, 2572818.686746988], [693613.391566265, 2572828.686746988], [693613.391566265, 2572838.686746988], [693618.391566265, 2572843.686746988], [693623.391566265, 2572848.686746988], [693628.391566265, 2572853.686746988], [693633.391566265, 2572858.686746988], [693638.391566265, 2572863.686746988], [693643.391566265, 2572868.686746988], [693645.891566265, 2572878.686746988], [693645.891566265, 2572888.686746988], [693647.141566265, 2572898.686746988], [693648.391566265, 2572903.686746988], [693653.391566265, 2572908.686746988], [693653.391566265, 2572918.686746988], [693653.391566265, 2572928.686746988], [693656.7248995984, 2572938.686746988], [693658.391566265, 2572941.186746988], [693665.891566265, 2572948.686746988], [693668.391566265, 2572951.186746988], [693678.391566265, 2572953.686746988], [693683.391566265, 2572958.686746988], [693688.391566265, 2572963.686746988], [693693.391566265, 2572968.686746988], [693695.891566265, 2572978.686746988], [693698.391566265, 2572983.686746988], [693703.391566265, 2572988.686746988], [693708.391566265, 2572993.686746988], [693713.391566265, 2572998.686746988], [693713.391566265, 2573008.686746988], [693718.391566265, 2573013.686746988], [693723.391566265, 2573018.686746988], [693726.7248995984, 2573028.686746988], [693727.391566265, 2573038.686746988], [693728.391566265, 2573043.686746988], [693733.391566265, 2573048.686746988], [693736.7248995984, 2573058.686746988], [693738.391566265, 2573063.686746988], [693743.391566265, 2573068.686746988], [693745.891566265, 2573078.686746988], [693745.891566265, 2573088.686746988], [693745.891566265, 2573098.686746988], [693745.891566265, 2573108.686746988], [693745.891566265, 2573118.686746988], [693745.891566265, 2573128.686746988], [693748.391566265, 2573133.686746988], [693753.391566265, 2573138.686746988], [693753.391566265, 2573148.686746988], [693753.391566265, 2573158.686746988], [693748.391566265, 2573163.686746988], [693745.891566265, 2573168.686746988], [693745.891566265, 2573178.686746988], [693745.891566265, 2573188.686746988], [693743.391566265, 2573198.686746988], [693743.391566265, 2573208.686746988], [693738.391566265, 2573213.686746988], [693733.391566265, 2573218.686746988], [693728.391566265, 2573223.686746988], [693723.391566265, 2573218.686746988], [693718.391566265, 2573213.686746988], [693708.391566265, 2573217.0200803215], [693703.391566265, 2573218.686746988], [693698.391566265, 2573223.686746988], [693688.391566265, 2573227.686746988], [693678.391566265, 2573227.686746988], [693668.391566265, 2573223.686746988], [693663.391566265, 2573228.686746988], [693658.391566265, 2573233.686746988], [693657.391566265, 2573238.686746988], [693657.391566265, 2573248.686746988], [693658.391566265, 2573249.686746988], [693667.391566265, 2573258.686746988], [693668.391566265, 2573259.686746988], [693677.391566265, 2573268.686746988], [693678.391566265, 2573269.686746988], [693687.391566265, 2573278.686746988], [693688.391566265, 2573279.686746988], [693697.391566265, 2573288.686746988], [693698.391566265, 2573289.686746988], [693708.391566265, 2573289.686746988], [693717.391566265, 2573298.686746988], [693718.391566265, 2573299.686746988], [693727.391566265, 2573308.686746988], [693727.391566265, 2573318.686746988], [693728.391566265, 2573319.686746988], [693737.391566265, 2573328.686746988], [693737.391566265, 2573338.686746988], [693735.891566265, 2573348.686746988], [693735.891566265, 2573358.686746988], [693738.391566265, 2573361.186746988], [693745.891566265, 2573368.686746988], [693747.391566265, 2573378.686746988], [693748.391566265, 2573379.686746988], [693757.391566265, 2573388.686746988], [693757.391566265, 2573398.686746988], [693758.391566265, 2573399.686746988], [693767.391566265, 2573408.686746988], [693768.391566265, 2573409.686746988], [693778.391566265, 2573409.686746988], [693788.391566265, 2573409.686746988], [693797.391566265, 2573418.686746988], [693798.391566265, 2573419.686746988], [693808.391566265, 2573423.686746988], [693813.391566265, 2573418.686746988], [693818.391566265, 2573413.686746988], [693823.391566265, 2573418.686746988], [693828.391566265, 2573423.686746988], [693838.391566265, 2573423.686746988], [693843.391566265, 2573428.686746988], [693848.391566265, 2573433.686746988], [693858.391566265, 2573433.686746988], [693863.391566265, 2573438.686746988], [693868.391566265, 2573443.686746988], [693873.391566265, 2573448.686746988], [693873.391566265, 2573458.686746988], [693873.391566265, 2573468.686746988], [693868.391566265, 2573473.686746988], [693867.391566265, 2573478.686746988], [693867.391566265, 2573488.686746988], [693868.391566265, 2573493.686746988], [693873.391566265, 2573498.686746988], [693878.391566265, 2573503.686746988], [693883.391566265, 2573508.686746988], [693888.391566265, 2573513.686746988], [693893.391566265, 2573518.686746988], [693898.391566265, 2573520.353413655], [693906.7248995984, 2573528.686746988], [693908.391566265, 2573529.936746988], [693918.391566265, 2573533.686746988], [693923.391566265, 2573538.686746988], [693928.391566265, 2573543.686746988], [693933.391566265, 2573548.686746988], [693933.391566265, 2573558.686746988], [693933.391566265, 2573568.686746988], [693938.391566265, 2573573.686746988], [693943.391566265, 2573578.686746988], [693948.391566265, 2573583.686746988], [693958.391566265, 2573583.686746988], [693968.391566265, 2573583.686746988], [693973.391566265, 2573578.686746988], [693978.391566265, 2573573.686746988], [693983.391566265, 2573568.686746988], [693988.391566265, 2573563.686746988], [693993.391566265, 2573558.686746988], [693998.391566265, 2573553.686746988], [694003.391566265, 2573548.686746988], [694008.391566265, 2573543.686746988], [694013.391566265, 2573538.686746988], [694018.391566265, 2573533.686746988], [694028.391566265, 2573533.686746988], [694033.391566265, 2573538.686746988], [694038.391566265, 2573541.186746988], [694048.391566265, 2573543.686746988], [694053.391566265, 2573548.686746988], [694058.391566265, 2573553.686746988], [694063.391566265, 2573558.686746988], [694068.391566265, 2573563.686746988], [694078.391566265, 2573563.686746988], [694083.391566265, 2573568.686746988], [694083.391566265, 2573578.686746988], [694088.391566265, 2573583.686746988], [694098.391566265, 2573583.686746988], [694103.391566265, 2573588.686746988], [694108.391566265, 2573593.686746988], [694118.391566265, 2573593.686746988], [694128.391566265, 2573593.686746988], [694138.391566265, 2573593.686746988], [694148.391566265, 2573593.686746988], [694153.391566265, 2573598.686746988], [694158.391566265, 2573603.686746988], [694163.391566265, 2573608.686746988], [694168.391566265, 2573613.686746988], [694173.391566265, 2573618.686746988], [694178.391566265, 2573623.686746988], [694183.391566265, 2573628.686746988], [694188.391566265, 2573633.686746988], [694193.391566265, 2573638.686746988], [694197.391566265, 2573648.686746988], [694198.391566265, 2573653.686746988], [694203.391566265, 2573658.686746988], [694208.391566265, 2573663.686746988], [694213.391566265, 2573668.686746988], [694218.391566265, 2573673.686746988], [694223.391566265, 2573678.686746988], [694227.391566265, 2573688.686746988], [694228.391566265, 2573689.686746988], [694237.391566265, 2573698.686746988], [694238.391566265, 2573699.686746988], [694247.391566265, 2573708.686746988], [694248.391566265, 2573709.686746988], [694258.391566265, 2573709.686746988], [694267.391566265, 2573718.686746988], [694268.391566265, 2573719.686746988], [694278.391566265, 2573719.686746988], [694287.391566265, 2573728.686746988], [694288.391566265, 2573729.686746988], [694298.391566265, 2573733.686746988], [694303.391566265, 2573738.686746988], [694308.391566265, 2573743.686746988], [694313.391566265, 2573748.686746988], [694318.391566265, 2573753.686746988], [694328.391566265, 2573753.686746988], [694333.391566265, 2573758.686746988], [694338.391566265, 2573759.686746988], [694348.391566265, 2573759.686746988], [694358.391566265, 2573759.686746988], [694359.391566265, 2573758.686746988], [694368.391566265, 2573749.686746988], [694378.391566265, 2573749.686746988], [694387.391566265, 2573758.686746988], [694388.391566265, 2573763.686746988], [694393.391566265, 2573768.686746988], [694398.391566265, 2573773.686746988], [694403.391566265, 2573778.686746988], [694408.391566265, 2573783.686746988], [694413.391566265, 2573788.686746988], [694418.391566265, 2573793.686746988], [694423.391566265, 2573798.686746988], [694423.391566265, 2573808.686746988], [694428.391566265, 2573813.686746988], [694433.391566265, 2573818.686746988], [694438.391566265, 2573823.686746988], [694443.391566265, 2573828.686746988], [694443.391566265, 2573838.686746988], [694448.391566265, 2573843.686746988], [694453.391566265, 2573848.686746988], [694458.391566265, 2573853.686746988], [694463.391566265, 2573858.686746988], [694468.391566265, 2573863.686746988], [694473.391566265, 2573868.686746988], [694473.391566265, 2573878.686746988], [694478.391566265, 2573879.686746988], [694487.391566265, 2573888.686746988], [694488.391566265, 2573889.686746988], [694497.391566265, 2573898.686746988], [694498.391566265, 2573899.686746988], [694507.391566265, 2573908.686746988], [694507.391566265, 2573918.686746988], [694508.391566265, 2573919.686746988], [694517.391566265, 2573928.686746988], [694517.391566265, 2573938.686746988], [694517.391566265, 2573948.686746988], [694508.391566265, 2573957.686746988], [694507.391566265, 2573958.686746988], [694507.391566265, 2573968.686746988], [694505.891566265, 2573978.686746988], [694505.891566265, 2573988.686746988], [694505.891566265, 2573998.686746988], [694498.391566265, 2574006.186746988], [694488.391566265, 2574006.186746988], [694478.391566265, 2574006.186746988], [694468.391566265, 2574006.186746988], [694458.391566265, 2574006.186746988], [694448.391566265, 2574006.186746988], [694438.391566265, 2574006.186746988], [694428.391566265, 2574006.186746988], [694418.391566265, 2574006.186746988], [694408.391566265, 2574006.186746988], [694398.391566265, 2574006.186746988], [694388.391566265, 2574006.186746988], [694378.391566265, 2574006.186746988], [694368.391566265, 2574006.186746988], [694358.391566265, 2574006.186746988], [694350.891566265, 2573998.686746988], [694348.391566265, 2573996.186746988], [694338.391566265, 2573996.186746988], [694328.391566265, 2573996.186746988], [694318.391566265, 2573996.186746988], [694310.891566265, 2573988.686746988], [694308.391566265, 2573986.186746988], [694298.391566265, 2573986.186746988], [694288.391566265, 2573986.186746988], [694280.891566265, 2573978.686746988], [694278.391566265, 2573976.186746988], [694268.391566265, 2573976.186746988], [694258.391566265, 2573976.186746988], [694248.391566265, 2573976.186746988], [694238.391566265, 2573976.186746988], [694230.891566265, 2573968.686746988], [694228.391566265, 2573966.186746988], [694218.391566265, 2573966.186746988], [694208.391566265, 2573966.186746988], [694198.391566265, 2573966.186746988], [694190.891566265, 2573958.686746988], [694188.391566265, 2573956.186746988], [694178.391566265, 2573956.186746988], [694168.391566265, 2573956.186746988], [694158.391566265, 2573956.186746988], [694150.891566265, 2573948.686746988], [694148.391566265, 2573946.186746988], [694138.391566265, 2573946.186746988], [694128.391566265, 2573946.186746988], [694118.391566265, 2573946.186746988], [694108.391566265, 2573946.186746988], [694098.391566265, 2573946.186746988], [694088.391566265, 2573946.186746988], [694078.391566265, 2573946.186746988], [694068.391566265, 2573946.186746988], [694058.391566265, 2573946.186746988], [694048.391566265, 2573946.186746988], [694038.391566265, 2573946.186746988], [694028.391566265, 2573946.186746988], [694020.891566265, 2573938.686746988], [694018.391566265, 2573936.186746988], [694008.391566265, 2573936.186746988], [693998.391566265, 2573936.186746988], [693988.391566265, 2573936.186746988], [693980.891566265, 2573928.686746988], [693978.391566265, 2573926.186746988], [693968.391566265, 2573926.186746988], [693958.391566265, 2573926.186746988], [693948.391566265, 2573926.186746988], [693938.391566265, 2573926.186746988], [693928.391566265, 2573926.186746988], [693918.391566265, 2573926.186746988], [693915.891566265, 2573928.686746988], [693908.391566265, 2573936.186746988], [693898.391566265, 2573936.186746988], [693890.891566265, 2573928.686746988], [693888.391566265, 2573926.186746988], [693880.891566265, 2573918.686746988], [693878.391566265, 2573916.186746988], [693868.391566265, 2573916.186746988], [693860.891566265, 2573908.686746988], [693858.391566265, 2573906.186746988], [693850.891566265, 2573898.686746988], [693850.891566265, 2573888.686746988], [693848.391566265, 2573886.186746988], [693840.891566265, 2573878.686746988], [693838.391566265, 2573876.186746988], [693830.891566265, 2573868.686746988], [693830.891566265, 2573858.686746988], [693828.391566265, 2573856.186746988], [693820.891566265, 2573848.686746988], [693818.391566265, 2573846.186746988], [693810.891566265, 2573838.686746988], [693810.891566265, 2573828.686746988], [693810.891566265, 2573818.686746988], [693808.391566265, 2573816.186746988], [693800.891566265, 2573808.686746988], [693800.891566265, 2573798.686746988], [693800.891566265, 2573788.686746988], [693800.891566265, 2573778.686746988], [693800.891566265, 2573768.686746988], [693798.391566265, 2573766.186746988], [693790.891566265, 2573758.686746988], [693790.891566265, 2573748.686746988], [693790.891566265, 2573738.686746988], [693788.391566265, 2573736.186746988], [693780.891566265, 2573728.686746988], [693779.391566265, 2573718.686746988], [693778.391566265, 2573717.686746988], [693770.891566265, 2573708.686746988], [693768.391566265, 2573706.186746988], [693760.891566265, 2573698.686746988], [693758.391566265, 2573696.186746988], [693750.891566265, 2573688.686746988], [693748.391566265, 2573686.186746988], [693740.891566265, 2573678.686746988], [693740.891566265, 2573668.686746988], [693739.391566265, 2573658.686746988], [693738.391566265, 2573657.686746988], [693729.391566265, 2573648.686746988], [693729.391566265, 2573638.686746988], [693728.391566265, 2573637.686746988], [693719.391566265, 2573628.686746988], [693718.391566265, 2573627.686746988], [693709.391566265, 2573618.686746988], [693709.391566265, 2573608.686746988], [693708.391566265, 2573603.686746988], [693703.391566265, 2573598.686746988], [693699.391566265, 2573588.686746988], [693698.391566265, 2573586.186746988], [693690.891566265, 2573578.686746988], [693688.391566265, 2573573.686746988], [693683.391566265, 2573568.686746988], [693678.391566265, 2573563.686746988], [693673.391566265, 2573558.686746988], [693668.391566265, 2573557.686746988], [693659.391566265, 2573548.686746988], [693659.391566265, 2573538.686746988], [693659.391566265, 2573528.686746988], [693663.391566265, 2573518.686746988], [693668.391566265, 2573513.686746988], [693669.391566265, 2573508.686746988], [693669.391566265, 2573498.686746988], [693678.391566265, 2573489.686746988], [693679.391566265, 2573488.686746988], [693679.391566265, 2573478.686746988], [693679.391566265, 2573468.686746988], [693679.391566265, 2573458.686746988], [693678.391566265, 2573457.686746988], [693670.891566265, 2573448.686746988], [693670.891566265, 2573438.686746988], [693670.891566265, 2573428.686746988], [693668.391566265, 2573426.186746988], [693660.891566265, 2573418.686746988], [693658.391566265, 2573416.186746988], [693650.891566265, 2573408.686746988], [693648.391566265, 2573406.186746988], [693640.891566265, 2573398.686746988], [693638.391566265, 2573396.186746988], [693629.391566265, 2573388.686746988], [693628.391566265, 2573387.686746988], [693619.391566265, 2573378.686746988], [693618.391566265, 2573377.686746988], [693608.391566265, 2573373.686746988], [693603.391566265, 2573368.686746988], [693598.391566265, 2573363.686746988], [693593.391566265, 2573358.686746988], [693588.391566265, 2573353.686746988], [693583.391566265, 2573348.686746988], [693579.391566265, 2573338.686746988], [693578.391566265, 2573333.686746988], [693573.391566265, 2573328.686746988], [693568.391566265, 2573323.686746988], [693563.391566265, 2573318.686746988], [693559.391566265, 2573308.686746988], [693558.391566265, 2573307.686746988], [693549.391566265, 2573298.686746988], [693549.391566265, 2573288.686746988], [693548.391566265, 2573287.686746988], [693539.391566265, 2573278.686746988], [693539.391566265, 2573268.686746988], [693538.391566265, 2573267.686746988], [693529.391566265, 2573258.686746988], [693529.391566265, 2573248.686746988], [693528.391566265, 2573247.686746988], [693519.391566265, 2573238.686746988], [693519.391566265, 2573228.686746988], [693518.391566265, 2573223.686746988], [693515.891566265, 2573218.686746988], [693509.391566265, 2573208.686746988], [693508.391566265, 2573207.686746988], [693499.391566265, 2573198.686746988], [693498.391566265, 2573197.686746988], [693489.391566265, 2573188.686746988], [693488.391566265, 2573187.686746988], [693479.391566265, 2573178.686746988], [693478.391566265, 2573177.686746988], [693469.391566265, 2573168.686746988], [693468.391566265, 2573163.686746988], [693463.391566265, 2573158.686746988], [693458.391566265, 2573153.686746988], [693453.391566265, 2573148.686746988], [693448.391566265, 2573143.686746988], [693445.891566265, 2573138.686746988], [693439.391566265, 2573128.686746988], [693438.391566265, 2573127.686746988], [693429.391566265, 2573118.686746988], [693428.391566265, 2573113.686746988], [693425.891566265, 2573108.686746988], [693419.391566265, 2573098.686746988], [693418.391566265, 2573097.686746988], [693409.391566265, 2573088.686746988], [693408.391566265, 2573083.686746988], [693403.391566265, 2573078.686746988], [693399.391566265, 2573068.686746988], [693398.391566265, 2573067.686746988], [693389.391566265, 2573058.686746988], [693388.391566265, 2573053.686746988], [693383.391566265, 2573048.686746988], [693379.391566265, 2573038.686746988], [693378.391566265, 2573033.686746988], [693373.391566265, 2573028.686746988], [693368.391566265, 2573023.686746988], [693363.391566265, 2573018.686746988], [693360.0582329317, 2573008.6867469884], [693360.0582329317, 2572998.686746988], [693360.0582329317, 2572988.686746988], [693360.0582329317, 2572978.6867469884], [693359.641566265, 2572968.686746988], [693358.391566265, 2572967.436746988], [693349.641566265, 2572958.686746988], [693348.391566265, 2572957.686746988], [693338.391566265, 2572953.686746988], [693333.391566265, 2572948.686746988], [693328.391566265, 2572947.686746988], [693319.391566265, 2572938.686746988], [693318.391566265, 2572937.686746988], [693309.391566265, 2572928.686746988], [693308.391566265, 2572927.686746988], [693299.391566265, 2572918.686746988], [693298.391566265, 2572913.686746988], [693293.391566265, 2572908.686746988], [693288.391566265, 2572903.686746988], [693283.391566265, 2572898.686746988], [693279.391566265, 2572888.686746988], [693278.391566265, 2572883.686746988], [693273.391566265, 2572878.686746988], [693268.391566265, 2572873.686746988], [693263.391566265, 2572868.686746988], [693258.391566265, 2572863.686746988], [693253.391566265, 2572858.686746988], [693248.391566265, 2572853.686746988], [693243.391566265, 2572848.686746988], [693238.391566265, 2572843.686746988], [693233.391566265, 2572838.686746988], [693228.391566265, 2572833.686746988], [693223.391566265, 2572828.686746988], [693218.391566265, 2572823.686746988], [693213.391566265, 2572818.686746988], [693208.391566265, 2572813.686746988], [693203.391566265, 2572808.686746988], [693199.391566265, 2572798.686746988], [693198.391566265, 2572797.686746988], [693189.391566265, 2572788.686746988], [693188.391566265, 2572787.686746988], [693179.391566265, 2572778.686746988], [693178.391566265, 2572773.686746988], [693173.391566265, 2572768.686746988], [693168.391566265, 2572763.686746988], [693163.391566265, 2572758.686746988], [693158.391566265, 2572753.686746988], [693148.391566265, 2572753.686746988], [693143.391566265, 2572758.686746988], [693143.391566265, 2572768.686746988], [693143.391566265, 2572778.686746988], [693143.391566265, 2572788.686746988], [693148.391566265, 2572793.686746988], [693153.391566265, 2572798.686746988], [693153.391566265, 2572808.686746988], [693153.391566265, 2572818.686746988], [693153.391566265, 2572828.686746988], [693158.391566265, 2572833.686746988], [693163.391566265, 2572838.686746988], [693163.391566265, 2572848.686746988], [693167.391566265, 2572858.686746988], [693168.391566265, 2572859.686746988], [693177.391566265, 2572868.686746988], [693177.391566265, 2572878.686746988], [693178.391566265, 2572879.686746988], [693187.391566265, 2572888.686746988], [693187.391566265, 2572898.686746988], [693188.391566265, 2572903.686746988], [693193.391566265, 2572908.686746988], [693193.391566265, 2572918.686746988], [693198.391566265, 2572923.686746988], [693203.391566265, 2572928.686746988], [693203.391566265, 2572938.686746988], [693203.391566265, 2572948.686746988], [693205.891566265, 2572958.686746988], [693208.391566265, 2572963.686746988], [693213.391566265, 2572968.686746988], [693217.391566265, 2572978.686746988], [693218.391566265, 2572979.686746988], [693227.391566265, 2572988.686746988], [693228.391566265, 2572989.686746988], [693237.391566265, 2572998.686746988], [693237.391566265, 2573008.686746988], [693238.391566265, 2573009.686746988], [693247.391566265, 2573018.686746988], [693248.391566265, 2573023.686746988], [693253.391566265, 2573028.686746988], [693253.391566265, 2573038.686746988], [693257.391566265, 2573048.686746988], [693258.391566265, 2573053.686746988], [693263.391566265, 2573058.686746988], [693267.391566265, 2573068.686746988], [693267.391566265, 2573078.686746988], [693268.391566265, 2573079.686746988], [693277.391566265, 2573088.686746988], [693277.391566265, 2573098.686746988], [693278.391566265, 2573099.686746988], [693287.391566265, 2573108.686746988], [693287.391566265, 2573118.686746988], [693286.7248995984, 2573128.6867469884], [693278.3915662651, 2573137.0200803215], [693277.391566265, 2573138.686746988], [693273.391566265, 2573148.686746988], [693273.391566265, 2573158.686746988], [693278.391566265, 2573163.686746988], [693283.391566265, 2573168.686746988], [693288.391566265, 2573171.186746988], [693295.891566265, 2573178.686746988], [693298.391566265, 2573179.686746988], [693307.391566265, 2573188.686746988], [693308.391566265, 2573189.686746988], [693317.391566265, 2573198.686746988], [693317.391566265, 2573208.686746988], [693308.391566265, 2573217.686746988], [693307.391566265, 2573218.686746988], [693298.391566265, 2573227.686746988], [693288.391566265, 2573227.686746988], [693287.391566265, 2573228.686746988], [693278.391566265, 2573237.686746988], [693268.391566265, 2573237.686746988], [693263.391566265, 2573238.686746988], [693258.391566265, 2573243.686746988], [693248.391566265, 2573243.686746988], [693238.391566265, 2573243.686746988], [693228.391566265, 2573247.686746988], [693218.391566265, 2573247.686746988], [693213.391566265, 2573248.686746988], [693208.391566265, 2573251.186746988], [693198.391566265, 2573257.0200803215], [693188.391566265, 2573257.686746988], [693178.391566265, 2573257.686746988], [693173.391566265, 2573258.686746988], [693168.391566265, 2573261.186746988], [693158.391566265, 2573263.686746988], [693148.391566265, 2573263.686746988], [693138.391566265, 2573263.686746988], [693128.391566265, 2573263.686746988], [693118.391566265, 2573263.686746988], [693108.391566265, 2573263.686746988], [693098.391566265, 2573261.186746988], [693093.391566265, 2573258.686746988], [693088.391566265, 2573257.686746988], [693079.391566265, 2573248.686746988], [693078.391566265, 2573247.686746988], [693069.391566265, 2573238.686746988], [693068.391566265, 2573237.686746988], [693059.391566265, 2573228.686746988], [693058.391566265, 2573227.0200803215], [693050.0582329317, 2573218.6867469884], [693048.391566265, 2573217.0200803215], [693043.391566265, 2573218.686746988], [693038.391566265, 2573223.686746988], [693033.391566265, 2573228.686746988], [693037.391566265, 2573238.686746988], [693037.391566265, 2573248.686746988], [693028.391566265, 2573257.686746988], [693027.391566265, 2573258.686746988], [693027.391566265, 2573268.686746988], [693027.391566265, 2573278.686746988], [693027.391566265, 2573288.686746988], [693028.391566265, 2573291.186746988], [693035.891566265, 2573298.686746988], [693037.391566265, 2573308.686746988], [693038.391566265, 2573313.686746988], [693043.391566265, 2573318.686746988], [693048.391566265, 2573323.686746988], [693053.391566265, 2573328.686746988], [693058.391566265, 2573329.686746988], [693068.391566265, 2573329.686746988], [693073.391566265, 2573328.686746988], [693078.391566265, 2573323.686746988], [693088.391566265, 2573319.686746988], [693098.391566265, 2573319.686746988], [693103.391566265, 2573318.686746988], [693108.391566265, 2573316.186746988], [693118.391566265, 2573313.686746988], [693128.391566265, 2573313.686746988], [693135.891566265, 2573318.686746988], [693138.391566265, 2573319.686746988], [693148.391566265, 2573320.3534136545], [693156.7248995984, 2573328.686746988], [693158.391566265, 2573329.686746988], [693168.391566265, 2573331.186746988], [693175.891566265, 2573338.686746988], [693178.391566265, 2573341.186746988], [693185.891566265, 2573348.686746988], [693188.391566265, 2573349.686746988], [693197.391566265, 2573358.686746988], [693198.391566265, 2573359.686746988], [693208.391566265, 2573359.686746988], [693218.391566265, 2573359.686746988], [693228.391566265, 2573361.186746988], [693235.891566265, 2573368.686746988], [693238.391566265, 2573369.686746988], [693248.391566265, 2573369.686746988], [693258.391566265, 2573369.686746988], [693268.391566265, 2573369.686746988], [693278.391566265, 2573369.686746988], [693288.391566265, 2573369.686746988], [693298.391566265, 2573373.686746988], [693303.391566265, 2573378.686746988], [693308.391566265, 2573383.686746988], [693313.391566265, 2573388.686746988], [693318.391566265, 2573393.686746988], [693323.391566265, 2573398.686746988], [693318.391566265, 2573403.686746988], [693317.391566265, 2573408.686746988], [693313.391566265, 2573418.686746988], [693308.391566265, 2573423.686746988], [693303.391566265, 2573428.686746988], [693303.391566265, 2573438.686746988], [693298.391566265, 2573443.686746988], [693293.391566265, 2573448.686746988], [693288.391566265, 2573453.686746988], [693278.391566265, 2573457.686746988], [693277.391566265, 2573458.686746988], [693268.391566265, 2573467.686746988], [693258.391566265, 2573467.686746988], [693248.391566265, 2573467.686746988], [693243.391566265, 2573468.686746988], [693238.391566265, 2573473.686746988], [693228.391566265, 2573477.686746988], [693227.391566265, 2573478.686746988], [693218.391566265, 2573487.686746988], [693217.391566265, 2573488.686746988], [693217.391566265, 2573498.686746988], [693208.391566265, 2573507.686746988], [693207.391566265, 2573508.686746988], [693198.391566265, 2573517.686746988], [693188.391566265, 2573517.686746988], [693178.391566265, 2573517.686746988], [693173.391566265, 2573518.686746988], [693168.391566265, 2573523.686746988], [693163.391566265, 2573528.686746988], [693163.391566265, 2573538.686746988], [693158.391566265, 2573543.686746988], [693153.391566265, 2573548.686746988], [693148.391566265, 2573553.686746988], [693143.391566265, 2573558.686746988], [693138.391566265, 2573563.686746988], [693137.391566265, 2573568.686746988], [693137.391566265, 2573578.686746988], [693138.391566265, 2573579.686746988], [693147.391566265, 2573588.686746988], [693147.391566265, 2573598.686746988], [693138.391566265, 2573607.686746988], [693137.391566265, 2573608.686746988], [693128.391566265, 2573617.686746988], [693118.391566265, 2573617.686746988], [693117.391566265, 2573618.686746988], [693108.391566265, 2573627.686746988], [693107.391566265, 2573628.686746988], [693107.391566265, 2573638.686746988], [693107.391566265, 2573648.686746988], [693098.391566265, 2573656.186746988], [693095.891566265, 2573658.686746988], [693088.391566265, 2573666.186746988], [693085.891566265, 2573668.686746988], [693078.391566265, 2573676.186746988], [693068.391566265, 2573676.186746988], [693058.391566265, 2573676.186746988], [693050.891566265, 2573668.686746988], [693048.391566265, 2573666.186746988], [693040.891566265, 2573658.686746988], [693038.391566265, 2573656.186746988], [693030.891566265, 2573648.686746988], [693030.891566265, 2573638.686746988], [693028.391566265, 2573636.186746988], [693020.891566265, 2573628.686746988], [693020.891566265, 2573618.686746988], [693018.391566265, 2573616.186746988], [693010.891566265, 2573608.686746988], [693008.391566265, 2573606.186746988], [693000.891566265, 2573598.686746988], [692998.391566265, 2573596.186746988], [692990.891566265, 2573588.686746988], [692988.391566265, 2573586.186746988], [692980.891566265, 2573578.686746988], [692978.391566265, 2573576.186746988], [692970.891566265, 2573568.686746988], [692968.391566265, 2573566.186746988], [692960.891566265, 2573558.686746988], [692958.391566265, 2573556.186746988], [692950.891566265, 2573548.686746988], [692950.891566265, 2573538.686746988], [692948.391566265, 2573536.186746988], [692940.891566265, 2573528.686746988], [692938.391566265, 2573526.186746988], [692930.891566265, 2573518.686746988], [692928.391566265, 2573516.186746988], [692920.891566265, 2573508.686746988], [692920.891566265, 2573498.686746988], [692918.391566265, 2573496.186746988], [692910.891566265, 2573488.686746988], [692908.391566265, 2573486.186746988], [692900.891566265, 2573478.686746988], [692898.391566265, 2573476.186746988], [692890.891566265, 2573468.686746988], [692888.391566265, 2573466.186746988], [692880.891566265, 2573458.686746988], [692878.391566265, 2573456.186746988], [692870.891566265, 2573448.686746988], [692868.391566265, 2573446.186746988], [692860.891566265, 2573438.686746988], [692858.391566265, 2573436.186746988], [692850.891566265, 2573428.686746988], [692848.391566265, 2573426.186746988], [692840.891566265, 2573418.686746988], [692838.391566265, 2573416.186746988], [692830.891566265, 2573408.686746988], [692828.391566265, 2573406.186746988], [692820.891566265, 2573398.686746988], [692818.391566265, 2573396.186746988], [692810.891566265, 2573388.686746988], [692808.391566265, 2573386.186746988], [692800.891566265, 2573378.686746988], [692798.391566265, 2573376.186746988], [692788.391566265, 2573376.186746988], [692780.891566265, 2573368.686746988], [692778.391566265, 2573366.186746988], [692770.891566265, 2573358.686746988], [692768.391566265, 2573356.186746988], [692760.891566265, 2573348.686746988], [692758.391566265, 2573346.186746988], [692748.391566265, 2573346.186746988], [692740.891566265, 2573338.686746988], [692738.391566265, 2573336.186746988], [692730.891566265, 2573328.686746988], [692728.391566265, 2573326.186746988], [692720.891566265, 2573318.686746988], [692718.391566265, 2573316.186746988], [692710.891566265, 2573308.686746988], [692708.391566265, 2573306.186746988], [692698.391566265, 2573306.186746988], [692690.891566265, 2573298.686746988], [692688.391566265, 2573296.186746988], [692680.891566265, 2573288.686746988], [692678.391566265, 2573286.186746988], [692670.891566265, 2573278.686746988], [692668.391566265, 2573276.186746988], [692660.891566265, 2573268.686746988], [692658.391566265, 2573266.186746988], [692648.391566265, 2573266.186746988], [692640.891566265, 2573258.686746988], [692638.391566265, 2573256.186746988], [692630.891566265, 2573248.686746988], [692628.391566265, 2573246.186746988], [692618.391566265, 2573246.186746988], [692610.891566265, 2573238.686746988], [692608.391566265, 2573236.186746988], [692598.391566265, 2573236.186746988], [692590.891566265, 2573228.686746988], [692588.391566265, 2573226.186746988], [692578.391566265, 2573226.186746988], [692570.891566265, 2573218.686746988], [692568.391566265, 2573216.186746988], [692558.391566265, 2573216.186746988], [692550.891566265, 2573208.686746988], [692548.391566265, 2573206.186746988], [692538.391566265, 2573206.186746988], [692530.891566265, 2573198.686746988], [692528.391566265, 2573196.186746988], [692518.391566265, 2573196.186746988], [692510.891566265, 2573188.686746988], [692508.391566265, 2573186.186746988], [692498.391566265, 2573186.186746988], [692490.891566265, 2573178.686746988], [692488.391566265, 2573176.186746988], [692480.891566265, 2573168.686746988], [692478.391566265, 2573166.186746988], [692468.391566265, 2573166.186746988], [692460.891566265, 2573158.686746988], [692458.391566265, 2573156.186746988], [692448.391566265, 2573156.186746988], [692440.891566265, 2573148.686746988], [692438.391566265, 2573146.186746988], [692428.391566265, 2573146.186746988], [692420.891566265, 2573138.686746988], [692418.391566265, 2573136.186746988], [692408.391566265, 2573136.186746988], [692400.891566265, 2573128.686746988], [692398.391566265, 2573126.186746988], [692388.391566265, 2573126.186746988], [692380.891566265, 2573118.686746988], [692378.391566265, 2573116.186746988], [692368.391566265, 2573116.186746988], [692360.891566265, 2573108.686746988], [692358.391566265, 2573106.186746988], [692348.391566265, 2573106.186746988], [692340.891566265, 2573098.686746988], [692338.391566265, 2573096.186746988], [692330.891566265, 2573088.686746988], [692328.391566265, 2573086.186746988], [692320.891566265, 2573078.686746988], [692320.891566265, 2573068.686746988], [692318.391566265, 2573066.186746988], [692310.891566265, 2573058.686746988], [692310.891566265, 2573048.686746988], [692310.891566265, 2573038.686746988], [692309.391566265, 2573028.686746988], [692309.391566265, 2573018.686746988], [692308.391566265, 2573017.686746988], [692300.891566265, 2573008.686746988], [692299.391566265, 2572998.686746988], [692299.391566265, 2572988.686746988], [692298.391566265, 2572983.686746988], [692295.891566265, 2572978.686746988], [692290.891566265, 2572968.686746988], [692289.391566265, 2572958.686746988], [692288.391566265, 2572957.686746988], [692278.391566265, 2572951.186746988], [692268.391566265, 2572957.686746988], [692267.391566265, 2572958.686746988], [692265.391566265, 2572968.686746988], [692258.391566265, 2572975.686746988], [692255.891566265, 2572978.686746988], [692253.391566265, 2572988.686746988], [692248.391566265, 2572996.186746988], [692247.391566265, 2572998.686746988], [692247.391566265, 2573008.686746988], [692245.891566265, 2573018.686746988], [692238.391566265, 2573027.686746988], [692237.391566265, 2573028.686746988], [692235.891566265, 2573038.686746988], [692228.391566265, 2573046.186746988], [692225.891566265, 2573048.686746988], [692218.391566265, 2573056.186746988], [692215.891566265, 2573058.686746988], [692208.391566265, 2573066.186746988], [692205.891566265, 2573068.686746988], [692198.391566265, 2573076.186746988], [692188.391566265, 2573076.186746988], [692178.391566265, 2573076.186746988], [692170.891566265, 2573068.686746988], [692168.391566265, 2573066.186746988], [692158.391566265, 2573066.186746988], [692150.891566265, 2573058.686746988], [692148.391566265, 2573056.186746988], [692138.391566265, 2573056.186746988], [692128.391566265, 2573056.186746988], [692120.891566265, 2573048.686746988], [692118.391566265, 2573046.186746988], [692108.391566265, 2573046.186746988], [692100.891566265, 2573038.686746988], [692098.391566265, 2573036.186746988], [692088.391566265, 2573036.186746988], [692078.391566265, 2573036.186746988], [692068.391566265, 2573036.186746988], [692060.891566265, 2573028.686746988], [692058.391566265, 2573026.186746988], [692050.891566265, 2573018.686746988], [692048.391566265, 2573016.186746988], [692038.391566265, 2573016.186746988], [692028.391566265, 2573016.186746988], [692020.891566265, 2573008.686746988], [692018.391566265, 2573006.186746988], [692008.391566265, 2573006.186746988], [692000.891566265, 2572998.686746988], [691998.391566265, 2572996.186746988], [691988.391566265, 2572996.186746988], [691978.391566265, 2572996.186746988], [691968.391566265, 2572996.186746988], [691960.891566265, 2572988.686746988], [691958.391566265, 2572986.186746988], [691948.391566265, 2572986.186746988], [691940.891566265, 2572978.686746988], [691938.391566265, 2572976.186746988], [691928.391566265, 2572976.186746988], [691920.891566265, 2572968.686746988], [691918.391566265, 2572966.186746988], [691910.891566265, 2572958.686746988], [691908.391566265, 2572956.186746988], [691898.391566265, 2572956.186746988], [691890.891566265, 2572948.686746988], [691888.391566265, 2572946.186746988], [691878.391566265, 2572946.186746988], [691870.891566265, 2572938.686746988], [691868.391566265, 2572936.186746988], [691858.391566265, 2572936.186746988], [691848.391566265, 2572936.186746988], [691838.391566265, 2572936.186746988], [691830.891566265, 2572928.686746988], [691828.391566265, 2572926.186746988], [691818.391566265, 2572926.186746988], [691808.391566265, 2572926.186746988], [691800.891566265, 2572918.686746988], [691798.391566265, 2572916.186746988], [691788.391566265, 2572916.186746988], [691778.391566265, 2572916.186746988], [691775.891566265, 2572918.686746988], [691768.391566265, 2572926.186746988], [691758.391566265, 2572926.186746988], [691748.391566265, 2572926.186746988], [691738.391566265, 2572926.186746988], [691730.891566265, 2572918.686746988], [691728.391566265, 2572916.186746988], [691718.391566265, 2572916.186746988], [691708.391566265, 2572916.186746988], [691700.891566265, 2572908.686746988], [691698.391566265, 2572906.186746988], [691688.391566265, 2572906.186746988], [691680.891566265, 2572898.686746988], [691678.391566265, 2572896.186746988], [691668.391566265, 2572896.186746988], [691660.891566265, 2572888.686746988], [691658.391566265, 2572886.186746988], [691650.891566265, 2572878.686746988], [691648.391566265, 2572876.186746988], [691645.891566265, 2572878.686746988], [691638.391566265, 2572886.186746988], [691635.891566265, 2572888.686746988], [691635.891566265, 2572898.686746988], [691635.891566265, 2572908.686746988], [691628.391566265, 2572916.186746988], [691625.891566265, 2572918.686746988], [691625.891566265, 2572928.686746988], [691625.891566265, 2572938.686746988], [691625.891566265, 2572948.686746988], [691625.891566265, 2572958.686746988], [691625.891566265, 2572968.686746988], [691625.891566265, 2572978.686746988], [691618.391566265, 2572986.186746988], [691615.891566265, 2572988.686746988], [691615.891566265, 2572998.686746988], [691608.391566265, 2573006.186746988], [691605.891566265, 2573008.686746988], [691605.891566265, 2573018.686746988], [691605.891566265, 2573028.686746988], [691605.891566265, 2573038.686746988], [691598.391566265, 2573046.186746988], [691595.891566265, 2573048.686746988], [691595.891566265, 2573058.686746988], [691595.891566265, 2573068.686746988], [691595.891566265, 2573078.686746988], [691595.891566265, 2573088.686746988], [691598.391566265, 2573091.186746988], [691605.891566265, 2573098.686746988], [691608.391566265, 2573101.186746988], [691615.891566265, 2573108.686746988], [691618.391566265, 2573111.186746988], [691628.391566265, 2573111.186746988], [691638.391566265, 2573111.186746988], [691645.891566265, 2573118.686746988], [691648.391566265, 2573121.186746988], [691658.391566265, 2573121.186746988], [691665.891566265, 2573128.686746988], [691668.391566265, 2573131.186746988], [691678.391566265, 2573131.186746988], [691685.891566265, 2573138.686746988], [691688.391566265, 2573141.186746988], [691698.391566265, 2573141.186746988], [691708.391566265, 2573141.186746988], [691718.391566265, 2573141.186746988], [691728.391566265, 2573141.186746988], [691735.891566265, 2573148.686746988], [691738.391566265, 2573151.186746988], [691745.891566265, 2573158.686746988], [691748.391566265, 2573161.186746988], [691755.891566265, 2573168.686746988], [691755.891566265, 2573178.686746988], [691755.891566265, 2573188.686746988], [691758.391566265, 2573191.186746988], [691765.891566265, 2573198.686746988], [691768.391566265, 2573201.186746988], [691778.391566265, 2573201.186746988], [691788.391566265, 2573201.186746988], [691798.391566265, 2573201.186746988], [691808.391566265, 2573201.186746988], [691818.391566265, 2573201.186746988], [691828.391566265, 2573201.186746988], [691838.391566265, 2573201.186746988], [691845.891566265, 2573208.686746988], [691848.391566265, 2573211.186746988], [691858.391566265, 2573211.186746988], [691865.891566265, 2573218.686746988], [691868.391566265, 2573221.186746988], [691878.391566265, 2573221.186746988], [691885.891566265, 2573228.686746988], [691888.391566265, 2573231.186746988], [691898.391566265, 2573231.186746988], [691905.891566265, 2573238.686746988], [691908.391566265, 2573241.186746988], [691918.391566265, 2573241.186746988], [691928.391566265, 2573241.186746988], [691935.891566265, 2573248.686746988], [691938.391566265, 2573251.186746988], [691948.391566265, 2573251.186746988], [691955.891566265, 2573258.686746988], [691958.391566265, 2573261.186746988], [691968.391566265, 2573261.186746988], [691975.891566265, 2573268.686746988], [691978.391566265, 2573271.186746988], [691985.891566265, 2573278.686746988], [691988.391566265, 2573281.186746988], [691998.391566265, 2573281.186746988], [692008.391566265, 2573281.186746988], [692018.391566265, 2573281.186746988], [692028.391566265, 2573281.186746988], [692035.891566265, 2573288.686746988], [692038.391566265, 2573291.186746988], [692048.391566265, 2573291.186746988], [692055.891566265, 2573298.686746988], [692058.391566265, 2573301.186746988], [692065.891566265, 2573308.686746988], [692068.391566265, 2573311.186746988], [692078.391566265, 2573311.186746988], [692085.891566265, 2573318.686746988], [692088.391566265, 2573321.186746988], [692095.891566265, 2573328.686746988], [692095.891566265, 2573338.686746988], [692095.891566265, 2573348.686746988], [692098.391566265, 2573351.186746988], [692105.891566265, 2573358.686746988], [692105.891566265, 2573368.686746988], [692108.391566265, 2573371.186746988], [692115.891566265, 2573378.686746988], [692115.891566265, 2573388.686746988], [692115.891566265, 2573398.686746988], [692118.391566265, 2573401.186746988], [692125.891566265, 2573408.686746988], [692125.891566265, 2573418.686746988], [692118.391566265, 2573426.186746988], [692115.891566265, 2573428.686746988], [692108.391566265, 2573436.186746988], [692098.391566265, 2573436.186746988], [692089.391566265, 2573428.686746988], [692088.391566265, 2573427.686746988], [692078.391566265, 2573427.686746988], [692068.391566265, 2573427.686746988], [692058.391566265, 2573427.686746988], [692048.391566265, 2573427.686746988], [692038.391566265, 2573426.186746988], [692028.391566265, 2573426.186746988], [692018.391566265, 2573421.186746988], [692013.391566265, 2573418.686746988], [692008.391566265, 2573417.686746988], [691998.391566265, 2573417.0200803215], [691988.391566265, 2573413.686746988], [691983.391566265, 2573418.686746988], [691978.391566265, 2573423.686746988], [691976.7248995984, 2573428.6867469884], [691978.391566265, 2573430.353413655], [691986.7248995984, 2573438.686746988], [691988.391566265, 2573443.686746988], [691993.391566265, 2573448.686746988], [691998.391566265, 2573453.686746988], [692000.891566265, 2573458.686746988], [692008.391566265, 2573466.186746988], [692010.891566265, 2573468.686746988], [692018.391566265, 2573476.186746988], [692020.891566265, 2573478.686746988], [692028.391566265, 2573483.686746988], [692035.891566265, 2573488.686746988], [692038.391566265, 2573491.186746988], [692045.891566265, 2573498.686746988], [692048.391566265, 2573499.686746988], [692057.391566265, 2573508.686746988], [692058.391566265, 2573509.686746988], [692067.391566265, 2573518.686746988], [692068.391566265, 2573519.686746988], [692077.391566265, 2573528.686746988], [692077.391566265, 2573538.686746988], [692077.391566265, 2573548.686746988], [692078.391566265, 2573553.686746988], [692083.391566265, 2573558.686746988], [692087.391566265, 2573568.686746988], [692087.391566265, 2573578.686746988], [692087.391566265, 2573588.686746988], [692087.391566265, 2573598.686746988], [692087.391566265, 2573608.686746988], [692087.391566265, 2573618.686746988], [692087.391566265, 2573628.686746988], [692087.391566265, 2573638.686746988], [692087.391566265, 2573648.686746988], [692083.391566265, 2573658.686746988], [692078.391566265, 2573663.686746988], [692077.141566265, 2573668.686746988], [692077.141566265, 2573678.686746988], [692078.391566265, 2573683.686746988], [692083.391566265, 2573688.686746988], [692083.391566265, 2573698.686746988], [692083.391566265, 2573708.686746988], [692078.391566265, 2573713.686746988], [692075.891566265, 2573718.686746988], [692068.391566265, 2573726.186746988], [692065.891566265, 2573728.686746988], [692058.391566265, 2573736.186746988], [692053.391566265, 2573738.686746988], [692048.391566265, 2573743.686746988], [692038.391566265, 2573743.686746988], [692033.391566265, 2573748.686746988], [692028.391566265, 2573753.686746988], [692025.891566265, 2573758.686746988], [692025.891566265, 2573768.686746988], [692023.391566265, 2573778.686746988], [692028.391566265, 2573783.686746988], [692033.391566265, 2573788.686746988], [692038.391566265, 2573793.686746988], [692048.391566265, 2573793.686746988], [692058.391566265, 2573793.686746988], [692068.391566265, 2573793.686746988], [692073.391566265, 2573788.686746988], [692078.391566265, 2573783.686746988], [692083.391566265, 2573778.686746988], [692088.391566265, 2573773.686746988], [692098.391566265, 2573773.686746988], [692108.391566265, 2573773.686746988], [692113.391566265, 2573778.686746988], [692118.391566265, 2573783.686746988], [692123.391566265, 2573788.686746988], [692128.391566265, 2573793.686746988], [692133.391566265, 2573798.686746988], [692138.391566265, 2573803.686746988], [692143.391566265, 2573808.686746988], [692148.391566265, 2573813.686746988], [692153.391566265, 2573818.686746988], [692153.391566265, 2573828.686746988], [692158.391566265, 2573833.686746988], [692163.391566265, 2573838.686746988], [692168.391566265, 2573843.686746988], [692173.391566265, 2573848.686746988], [692178.391566265, 2573853.686746988], [692183.391566265, 2573858.686746988], [692188.391566265, 2573863.686746988], [692193.391566265, 2573868.686746988], [692198.391566265, 2573871.186746988], [692205.891566265, 2573878.686746988], [692208.391566265, 2573881.186746988], [692215.891566265, 2573888.686746988], [692218.391566265, 2573890.3534136545], [692228.391566265, 2573893.686746988], [692233.391566265, 2573898.686746988], [692238.391566265, 2573903.686746988], [692243.391566265, 2573908.686746988], [692248.391566265, 2573913.686746988], [692253.391566265, 2573918.686746988], [692258.391566265, 2573923.686746988], [692263.391566265, 2573928.686746988], [692263.391566265, 2573938.686746988], [692263.391566265, 2573948.686746988], [692263.391566265, 2573958.686746988], [692268.391566265, 2573961.186746988], [692278.391566265, 2573961.186746988], [692288.391566265, 2573961.186746988], [692298.391566265, 2573963.686746988], [692303.391566265, 2573968.686746988], [692308.391566265, 2573969.686746988], [692318.391566265, 2573969.686746988], [692327.391566265, 2573978.686746988], [692328.391566265, 2573979.686746988], [692337.391566265, 2573988.686746988], [692338.391566265, 2573989.686746988], [692347.391566265, 2573998.686746988], [692347.391566265, 2574008.686746988], [692347.391566265, 2574018.686746988], [692347.391566265, 2574028.686746988], [692348.391566265, 2574029.686746988], [692357.391566265, 2574038.686746988], [692358.391566265, 2574039.686746988], [692367.391566265, 2574048.686746988], [692367.391566265, 2574058.686746988], [692368.391566265, 2574059.686746988], [692377.391566265, 2574068.686746988], [692378.391566265, 2574073.686746988], [692383.391566265, 2574078.686746988], [692388.391566265, 2574083.686746988], [692393.391566265, 2574088.686746988], [692393.391566265, 2574098.686746988], [692398.391566265, 2574103.686746988], [692403.391566265, 2574108.686746988], [692408.391566265, 2574113.686746988], [692413.391566265, 2574118.686746988], [692418.391566265, 2574123.686746988], [692423.391566265, 2574128.686746988], [692423.391566265, 2574138.686746988], [692428.391566265, 2574143.686746988], [692433.391566265, 2574148.686746988], [692438.391566265, 2574153.686746988], [692443.391566265, 2574158.686746988], [692445.891566265, 2574168.686746988], [692448.391566265, 2574170.3534136545], [692456.7248995984, 2574178.6867469884], [692458.391566265, 2574179.686746988], [692467.391566265, 2574188.686746988], [692468.391566265, 2574189.686746988], [692478.391566265, 2574193.686746988], [692483.391566265, 2574198.686746988], [692488.391566265, 2574203.686746988], [692493.391566265, 2574208.686746988], [692498.391566265, 2574213.686746988], [692503.391566265, 2574218.686746988], [692508.391566265, 2574219.686746988], [692518.391566265, 2574219.686746988], [692528.391566265, 2574219.686746988], [692537.391566265, 2574228.686746988], [692538.391566265, 2574229.686746988], [692548.391566265, 2574229.686746988], [692558.391566265, 2574229.686746988], [692568.391566265, 2574231.186746988], [692570.891566265, 2574228.686746988], [692578.391566265, 2574221.186746988], [692580.891566265, 2574218.686746988], [692580.891566265, 2574208.686746988], [692580.891566265, 2574198.686746988], [692580.891566265, 2574188.686746988], [692588.391566265, 2574181.186746988], [692598.391566265, 2574181.186746988], [692608.391566265, 2574181.186746988], [692618.391566265, 2574181.186746988], [692628.391566265, 2574181.186746988], [692630.891566265, 2574178.686746988], [692638.391566265, 2574171.186746988], [692648.391566265, 2574171.186746988], [692658.391566265, 2574171.186746988], [692668.391566265, 2574171.186746988], [692678.391566265, 2574171.186746988], [692685.891566265, 2574178.686746988], [692688.391566265, 2574181.186746988], [692695.891566265, 2574188.686746988], [692695.891566265, 2574198.686746988], [692688.391566265, 2574206.186746988], [692685.891566265, 2574208.686746988], [692685.891566265, 2574218.686746988], [692678.391566265, 2574227.686746988], [692677.391566265, 2574228.686746988], [692668.391566265, 2574237.686746988], [692658.391566265, 2574237.686746988], [692657.391566265, 2574238.686746988], [692648.391566265, 2574247.686746988], [692647.391566265, 2574248.686746988], [692638.391566265, 2574257.686746988], [692637.391566265, 2574258.686746988], [692628.391566265, 2574267.686746988], [692627.391566265, 2574268.686746988], [692618.391566265, 2574277.686746988], [692617.391566265, 2574278.686746988], [692608.391566265, 2574287.686746988], [692607.391566265, 2574288.686746988], [692607.391566265, 2574298.686746988], [692607.391566265, 2574308.686746988], [692607.391566265, 2574318.686746988], [692608.391566265, 2574319.686746988], [692617.391566265, 2574328.686746988], [692618.391566265, 2574329.686746988], [692627.391566265, 2574338.686746988], [692628.391566265, 2574339.686746988], [692638.391566265, 2574339.686746988], [692647.391566265, 2574348.686746988], [692648.391566265, 2574349.686746988], [692657.391566265, 2574358.686746988], [692657.391566265, 2574368.686746988], [692657.391566265, 2574378.686746988], [692658.391566265, 2574383.686746988], [692663.391566265, 2574388.686746988], [692663.391566265, 2574398.686746988], [692658.391566265, 2574403.686746988], [692655.891566265, 2574408.686746988], [692653.391566265, 2574418.686746988], [692653.391566265, 2574428.686746988], [692653.391566265, 2574438.686746988], [692658.391566265, 2574443.686746988], [692663.391566265, 2574448.686746988], [692668.391566265, 2574453.686746988], [692678.391566265, 2574453.686746988], [692688.391566265, 2574453.686746988], [692693.391566265, 2574458.686746988], [692698.391566265, 2574463.686746988], [692703.391566265, 2574468.686746988], [692703.391566265, 2574478.686746988], [692703.391566265, 2574488.686746988], [692707.391566265, 2574498.686746988], [692708.391566265, 2574499.686746988], [692717.391566265, 2574508.686746988], [692718.391566265, 2574509.686746988], [692728.391566265, 2574509.686746988], [692738.391566265, 2574509.686746988], [692748.391566265, 2574509.686746988], [692757.391566265, 2574518.686746988], [692757.391566265, 2574528.686746988], [692757.391566265, 2574538.686746988], [692753.391566265, 2574548.686746988], [692753.391566265, 2574558.686746988], [692753.391566265, 2574568.686746988], [692758.391566265, 2574573.686746988], [692763.391566265, 2574578.686746988], [692768.391566265, 2574583.686746988], [692773.391566265, 2574588.686746988], [692773.391566265, 2574598.686746988], [692773.391566265, 2574608.686746988], [692773.391566265, 2574618.686746988], [692778.391566265, 2574623.686746988], [692783.391566265, 2574628.686746988], [692783.391566265, 2574638.686746988], [692783.391566265, 2574648.686746988], [692783.391566265, 2574658.686746988], [692783.391566265, 2574668.686746988], [692788.391566265, 2574673.686746988], [692793.391566265, 2574678.686746988], [692793.391566265, 2574688.686746988], [692793.391566265, 2574698.686746988], [692788.391566265, 2574703.686746988], [692787.391566265, 2574708.686746988], [692783.391566265, 2574718.686746988], [692783.391566265, 2574728.686746988], [692778.391566265, 2574733.686746988], [692773.391566265, 2574738.686746988], [692773.391566265, 2574748.686746988], [692773.391566265, 2574758.686746988], [692768.391566265, 2574763.686746988], [692767.391566265, 2574768.686746988], [692763.391566265, 2574778.686746988], [692758.391566265, 2574783.686746988], [692753.391566265, 2574788.686746988], [692748.391566265, 2574793.686746988], [692747.391566265, 2574798.686746988], [692743.391566265, 2574808.686746988], [692738.391566265, 2574813.686746988], [692733.391566265, 2574818.686746988], [692733.391566265, 2574828.686746988], [692728.391566265, 2574833.686746988], [692723.391566265, 2574838.686746988], [692723.391566265, 2574848.686746988], [692723.391566265, 2574858.686746988], [692718.391566265, 2574863.686746988], [692713.391566265, 2574868.686746988], [692708.391566265, 2574873.686746988], [692703.391566265, 2574878.686746988], [692703.391566265, 2574888.686746988], [692708.391566265, 2574893.686746988], [692713.391566265, 2574898.686746988], [692718.391566265, 2574903.686746988], [692723.391566265, 2574898.686746988], [692728.391566265, 2574893.686746988], [692733.391566265, 2574888.686746988], [692738.391566265, 2574883.686746988], [692748.391566265, 2574883.686746988], [692753.391566265, 2574878.686746988], [692758.391566265, 2574873.686746988], [692763.391566265, 2574868.686746988], [692768.391566265, 2574863.686746988], [692778.391566265, 2574863.686746988], [692788.391566265, 2574863.686746988], [692793.391566265, 2574868.686746988], [692793.391566265, 2574878.686746988], [692793.391566265, 2574888.686746988], [692788.391566265, 2574893.686746988], [692783.391566265, 2574898.686746988], [692783.391566265, 2574908.686746988], [692778.391566265, 2574913.686746988], [692773.391566265, 2574918.686746988], [692773.391566265, 2574928.686746988], [692773.391566265, 2574938.686746988], [692778.391566265, 2574943.686746988], [692783.391566265, 2574948.686746988], [692783.391566265, 2574958.686746988], [692788.391566265, 2574963.686746988], [692793.391566265, 2574968.686746988], [692798.391566265, 2574973.686746988], [692803.391566265, 2574968.686746988], [692808.391566265, 2574963.686746988], [692813.391566265, 2574958.686746988], [692818.391566265, 2574953.686746988], [692828.391566265, 2574949.686746988], [692833.391566265, 2574948.686746988], [692838.391566265, 2574943.686746988], [692848.391566265, 2574939.686746988], [692853.391566265, 2574938.686746988], [692858.391566265, 2574933.686746988], [692868.391566265, 2574933.686746988], [692873.391566265, 2574928.686746988], [692878.391566265, 2574923.686746988], [692883.391566265, 2574918.686746988], [692888.391566265, 2574913.686746988], [692898.391566265, 2574913.686746988], [692903.391566265, 2574908.686746988], [692908.391566265, 2574903.686746988], [692913.391566265, 2574898.686746988], [692918.391566265, 2574893.686746988], [692928.391566265, 2574893.686746988], [692938.391566265, 2574893.686746988], [692948.391566265, 2574893.686746988], [692958.391566265, 2574893.686746988], [692968.391566265, 2574893.686746988], [692978.391566265, 2574893.686746988], [692983.391566265, 2574898.686746988], [692988.391566265, 2574903.686746988], [692993.391566265, 2574908.686746988], [692998.391566265, 2574913.686746988], [693003.391566265, 2574918.686746988], [693005.891566265, 2574928.686746988], [693008.391566265, 2574933.686746988], [693013.391566265, 2574938.686746988], [693018.391566265, 2574943.686746988], [693023.391566265, 2574948.686746988], [693028.391566265, 2574953.686746988], [693038.391566265, 2574953.686746988], [693043.391566265, 2574958.686746988], [693048.391566265, 2574963.686746988], [693053.391566265, 2574968.686746988], [693053.391566265, 2574978.686746988], [693058.391566265, 2574983.686746988], [693063.391566265, 2574988.686746988], [693063.391566265, 2574998.686746988], [693063.391566265, 2575008.686746988], [693063.391566265, 2575018.686746988], [693068.391566265, 2575023.686746988], [693073.391566265, 2575028.686746988], [693078.391566265, 2575033.686746988], [693083.391566265, 2575038.686746988], [693088.391566265, 2575043.686746988], [693098.391566265, 2575043.686746988], [693103.391566265, 2575048.686746988], [693108.391566265, 2575053.686746988], [693113.391566265, 2575058.686746988], [693118.391566265, 2575063.686746988], [693123.391566265, 2575068.686746988], [693128.391566265, 2575073.686746988], [693133.391566265, 2575078.686746988], [693133.391566265, 2575088.686746988], [693133.391566265, 2575098.686746988], [693138.391566265, 2575103.686746988], [693143.391566265, 2575108.686746988], [693143.391566265, 2575118.686746988], [693143.391566265, 2575128.686746988], [693143.391566265, 2575138.686746988], [693138.391566265, 2575143.686746988], [693133.391566265, 2575148.686746988], [693133.391566265, 2575158.686746988], [693138.391566265, 2575163.686746988], [693143.391566265, 2575168.686746988], [693148.391566265, 2575173.686746988], [693153.391566265, 2575178.686746988], [693158.391566265, 2575183.686746988], [693163.391566265, 2575188.686746988], [693168.391566265, 2575193.686746988], [693173.391566265, 2575198.686746988], [693168.391566265, 2575203.686746988], [693163.391566265, 2575208.686746988], [693158.391566265, 2575213.686746988], [693148.391566265, 2575213.686746988], [693143.391566265, 2575218.686746988], [693138.391566265, 2575223.686746988], [693133.391566265, 2575228.686746988], [693128.391566265, 2575233.686746988], [693123.391566265, 2575238.686746988], [693123.391566265, 2575248.686746988], [693123.391566265, 2575258.686746988], [693123.391566265, 2575268.686746988], [693123.391566265, 2575278.686746988], [693118.391566265, 2575283.686746988], [693113.391566265, 2575288.686746988], [693108.391566265, 2575293.686746988], [693103.391566265, 2575298.686746988], [693098.391566265, 2575303.686746988], [693093.391566265, 2575308.686746988], [693093.391566265, 2575318.686746988], [693098.391566265, 2575323.686746988], [693103.391566265, 2575328.686746988], [693103.391566265, 2575338.686746988], [693108.391566265, 2575343.686746988], [693118.391566265, 2575343.686746988], [693128.391566265, 2575343.686746988], [693138.391566265, 2575343.686746988], [693148.391566265, 2575343.686746988], [693158.391566265, 2575343.686746988], [693168.391566265, 2575343.686746988], [693178.391566265, 2575343.686746988], [693183.391566265, 2575348.686746988], [693188.391566265, 2575353.686746988], [693193.391566265, 2575358.686746988], [693198.391566265, 2575363.686746988], [693208.391566265, 2575363.686746988], [693213.391566265, 2575368.686746988], [693218.391566265, 2575371.186746988], [693228.391566265, 2575371.186746988], [693238.391566265, 2575373.686746988], [693248.391566265, 2575373.686746988], [693253.391566265, 2575378.686746988], [693258.391566265, 2575383.686746988], [693268.391566265, 2575383.686746988], [693278.391566265, 2575383.686746988], [693288.391566265, 2575383.686746988], [693293.391566265, 2575388.686746988], [693298.391566265, 2575393.686746988], [693308.391566265, 2575393.686746988], [693313.391566265, 2575398.686746988], [693318.391566265, 2575403.686746988], [693328.391566265, 2575403.686746988], [693333.391566265, 2575408.686746988], [693338.391566265, 2575413.686746988], [693348.391566265, 2575413.686746988], [693353.391566265, 2575418.686746988], [693358.391566265, 2575423.686746988], [693363.391566265, 2575418.686746988], [693368.391566265, 2575413.686746988], [693373.391566265, 2575408.686746988], [693378.391566265, 2575403.686746988], [693388.391566265, 2575403.686746988], [693393.391566265, 2575408.686746988], [693398.391566265, 2575413.686746988], [693403.391566265, 2575418.686746988], [693408.391566265, 2575423.686746988], [693418.391566265, 2575423.686746988], [693423.391566265, 2575428.686746988], [693428.391566265, 2575433.686746988], [693438.391566265, 2575433.686746988], [693443.391566265, 2575428.686746988], [693448.391566265, 2575423.686746988], [693453.391566265, 2575418.686746988], [693458.391566265, 2575413.686746988], [693468.391566265, 2575413.686746988], [693478.391566265, 2575411.186746988], [693480.891566265, 2575408.686746988], [693488.391566265, 2575401.186746988], [693498.391566265, 2575399.686746988], [693508.391566265, 2575399.686746988], [693518.391566265, 2575399.686746988], [693528.391566265, 2575399.686746988], [693538.391566265, 2575399.686746988], [693547.391566265, 2575408.686746988], [693548.391566265, 2575409.686746988], [693558.391566265, 2575409.686746988], [693559.391566265, 2575408.686746988], [693568.391566265, 2575399.686746988], [693578.391566265, 2575399.686746988], [693579.391566265, 2575398.686746988], [693588.391566265, 2575391.186746988], [693595.891566265, 2575398.686746988], [693598.391566265, 2575401.186746988], [693608.391566265, 2575401.186746988], [693615.891566265, 2575408.686746988], [693618.391566265, 2575411.186746988], [693625.891566265, 2575418.686746988], [693628.391566265, 2575421.186746988], [693635.891566265, 2575428.686746988], [693638.391566265, 2575431.186746988], [693645.891566265, 2575438.686746988], [693648.391566265, 2575441.186746988], [693658.391566265, 2575441.186746988], [693667.391566265, 2575448.686746988], [693668.391566265, 2575449.686746988], [693678.391566265, 2575451.186746988], [693687.391566265, 2575458.686746988], [693688.391566265, 2575459.686746988], [693698.391566265, 2575459.686746988], [693708.391566265, 2575461.186746988], [693718.391566265, 2575461.186746988], [693728.391566265, 2575461.186746988], [693738.391566265, 2575461.186746988], [693748.391566265, 2575461.186746988], [693758.391566265, 2575461.186746988], [693768.391566265, 2575461.186746988], [693778.391566265, 2575461.186746988], [693785.891566265, 2575468.686746988], [693788.391566265, 2575471.186746988], [693795.891566265, 2575478.686746988], [693797.391566265, 2575488.686746988], [693797.391566265, 2575498.686746988], [693797.391566265, 2575508.686746988], [693798.391566265, 2575513.686746988], [693803.391566265, 2575518.686746988], [693808.391566265, 2575523.686746988], [693813.391566265, 2575528.686746988], [693813.391566265, 2575538.686746988], [693818.391566265, 2575543.686746988], [693823.391566265, 2575548.686746988], [693828.391566265, 2575553.686746988], [693838.391566265, 2575553.686746988], [693848.391566265, 2575553.686746988], [693858.391566265, 2575553.686746988], [693863.391566265, 2575558.686746988], [693868.391566265, 2575563.686746988], [693873.391566265, 2575568.686746988], [693868.391566265, 2575573.686746988], [693865.891566265, 2575578.686746988], [693863.391566265, 2575588.686746988], [693863.391566265, 2575598.686746988], [693863.391566265, 2575608.686746988], [693863.391566265, 2575618.686746988], [693863.391566265, 2575628.686746988], [693863.391566265, 2575638.686746988], [693858.391566265, 2575643.686746988], [693853.391566265, 2575648.686746988], [693848.391566265, 2575653.686746988], [693843.391566265, 2575658.686746988], [693838.391566265, 2575663.686746988], [693835.891566265, 2575668.686746988], [693828.391566265, 2575676.186746988], [693827.391566265, 2575678.686746988], [693823.391566265, 2575688.686746988], [693818.391566265, 2575693.686746988], [693817.391566265, 2575698.686746988], [693816.7248995984, 2575708.6867469884], [693818.391566265, 2575713.686746988], [693823.391566265, 2575718.686746988], [693828.391566265, 2575721.186746988], [693833.391566265, 2575718.686746988], [693838.391566265, 2575713.686746988], [693848.391566265, 2575713.686746988], [693858.391566265, 2575713.686746988], [693868.391566265, 2575713.686746988], [693878.391566265, 2575713.686746988], [693888.391566265, 2575713.686746988], [693893.391566265, 2575708.686746988], [693898.391566265, 2575703.686746988], [693908.391566265, 2575703.686746988], [693918.391566265, 2575701.186746988], [693923.391566265, 2575698.686746988], [693928.391566265, 2575693.686746988], [693938.391566265, 2575693.686746988], [693943.391566265, 2575698.686746988], [693948.391566265, 2575701.186746988], [693958.391566265, 2575703.686746988], [693963.391566265, 2575698.686746988], [693968.391566265, 2575693.686746988], [693970.891566265, 2575688.686746988], [693973.391566265, 2575678.686746988], [693978.391566265, 2575673.686746988], [693980.0582329317, 2575668.686746988], [693983.391566265, 2575658.686746988], [693988.391566265, 2575653.686746988], [693993.391566265, 2575648.686746988], [693998.391566265, 2575643.686746988], [694008.391566265, 2575643.686746988], [694018.391566265, 2575643.686746988], [694028.391566265, 2575643.686746988], [694038.391566265, 2575643.686746988], [694048.391566265, 2575643.686746988], [694053.391566265, 2575648.686746988], [694058.391566265, 2575653.686746988], [694063.391566265, 2575658.686746988], [694065.891566265, 2575668.686746988], [694068.391566265, 2575673.686746988], [694073.391566265, 2575678.686746988], [694078.391566265, 2575683.686746988], [694083.391566265, 2575678.686746988], [694088.391566265, 2575673.686746988], [694098.391566265, 2575673.686746988], [694103.391566265, 2575678.686746988], [694108.391566265, 2575681.186746988], [694115.891566265, 2575688.686746988], [694118.391566265, 2575691.186746988], [694128.391566265, 2575691.186746988], [694138.391566265, 2575691.186746988], [694148.3915662651, 2575690.3534136545], [694158.391566265, 2575690.3534136545], [694168.391566265, 2575693.686746988], [694173.391566265, 2575698.686746988], [694178.391566265, 2575703.686746988], [694188.391566265, 2575703.686746988], [694198.391566265, 2575701.186746988], [694208.391566265, 2575701.186746988], [694218.391566265, 2575701.186746988], [694228.391566265, 2575703.686746988], [694238.391566265, 2575703.686746988], [694248.391566265, 2575703.686746988], [694258.391566265, 2575703.686746988], [694268.391566265, 2575703.686746988], [694278.391566265, 2575703.686746988], [694283.391566265, 2575698.686746988], [694288.391566265, 2575693.686746988], [694298.391566265, 2575693.686746988], [694303.391566265, 2575688.686746988], [694308.391566265, 2575683.686746988], [694313.391566265, 2575678.686746988], [694313.391566265, 2575668.686746988], [694308.391566265, 2575663.686746988], [694303.391566265, 2575658.686746988], [694298.391566265, 2575653.686746988], [694288.391566265, 2575653.686746988], [694278.391566265, 2575653.686746988], [694268.391566265, 2575653.686746988], [694258.391566265, 2575653.686746988], [694253.391566265, 2575648.686746988], [694248.391566265, 2575643.686746988], [694238.391566265, 2575643.686746988], [694228.391566265, 2575643.686746988], [694223.391566265, 2575638.686746988], [694223.391566265, 2575628.686746988], [694223.391566265, 2575618.686746988], [694223.391566265, 2575608.686746988], [694218.391566265, 2575603.686746988], [694213.391566265, 2575598.686746988], [694208.391566265, 2575596.186746988], [694198.391566265, 2575593.686746988], [694188.391566265, 2575593.686746988], [694183.391566265, 2575588.686746988], [694178.391566265, 2575583.686746988], [694173.391566265, 2575578.686746988], [694173.391566265, 2575568.686746988], [694168.391566265, 2575563.686746988], [694163.391566265, 2575558.686746988], [694158.391566265, 2575553.686746988], [694153.391566265, 2575548.686746988], [694148.391566265, 2575546.186746988], [694138.391566265, 2575543.686746988], [694133.391566265, 2575538.686746988], [694128.391566265, 2575536.186746988], [694120.891566265, 2575528.686746988], [694118.391566265, 2575527.686746988], [694108.391566265, 2575523.686746988], [694103.391566265, 2575518.686746988], [694098.391566265, 2575517.686746988], [694088.391566265, 2575513.686746988], [694083.391566265, 2575508.686746988], [694078.391566265, 2575507.686746988], [694068.391566265, 2575507.686746988], [694058.391566265, 2575507.686746988], [694049.391566265, 2575498.686746988], [694048.391566265, 2575497.686746988], [694038.391566265, 2575497.686746988], [694028.391566265, 2575497.686746988], [694019.391566265, 2575488.686746988], [694018.391566265, 2575487.686746988], [694009.391566265, 2575478.686746988], [694009.391566265, 2575468.686746988], [694009.391566265, 2575458.686746988], [694010.891566265, 2575448.686746988], [694010.891566265, 2575438.686746988], [694018.391566265, 2575431.186746988], [694028.391566265, 2575431.186746988], [694030.891566265, 2575428.686746988], [694038.391566265, 2575421.186746988], [694040.891566265, 2575418.686746988], [694048.391566265, 2575411.186746988], [694058.391566265, 2575411.186746988], [694068.391566265, 2575411.186746988], [694078.391566265, 2575411.186746988], [694088.391566265, 2575411.186746988], [694098.391566265, 2575411.186746988], [694107.391566265, 2575418.686746988], [694108.391566265, 2575419.686746988], [694117.391566265, 2575428.686746988], [694118.391566265, 2575429.686746988], [694127.391566265, 2575438.686746988], [694128.391566265, 2575443.686746988], [694133.391566265, 2575448.686746988], [694137.391566265, 2575458.686746988], [694138.391566265, 2575460.3534136545], [694146.7248995984, 2575468.6867469884], [694148.3915662651, 2575470.353413655], [694158.391566265, 2575470.353413655], [694168.391566265, 2575473.686746988], [694173.391566265, 2575478.686746988], [694178.391566265, 2575479.686746988], [694188.391566265, 2575479.686746988], [694198.391566265, 2575479.686746988], [694208.391566265, 2575479.686746988], [694218.391566265, 2575479.686746988], [694228.391566265, 2575479.686746988], [694238.391566265, 2575479.686746988], [694247.391566265, 2575488.686746988], [694248.391566265, 2575489.686746988], [694257.391566265, 2575498.686746988], [694258.391566265, 2575499.686746988], [694268.391566265, 2575499.686746988], [694277.391566265, 2575508.686746988], [694278.391566265, 2575509.686746988], [694288.391566265, 2575509.686746988], [694298.391566265, 2575509.686746988], [694308.391566265, 2575509.686746988], [694309.391566265, 2575508.686746988], [694318.391566265, 2575499.686746988], [694319.391566265, 2575498.686746988], [694328.391566265, 2575491.186746988], [694338.391566265, 2575489.686746988], [694339.391566265, 2575488.686746988], [694348.391566265, 2575481.186746988], [694358.391566265, 2575481.186746988], [694368.391566265, 2575481.186746988], [694378.391566265, 2575481.186746988], [694388.391566265, 2575481.186746988], [694398.391566265, 2575481.186746988], [694405.891566265, 2575488.686746988], [694408.391566265, 2575491.186746988], [694418.391566265, 2575491.186746988], [694428.391566265, 2575491.186746988], [694435.891566265, 2575498.686746988], [694438.391566265, 2575501.186746988], [694445.891566265, 2575508.686746988], [694448.391566265, 2575511.186746988], [694455.891566265, 2575518.686746988], [694458.391566265, 2575521.186746988], [694465.891566265, 2575528.686746988], [694465.891566265, 2575538.686746988], [694468.391566265, 2575541.186746988], [694475.891566265, 2575548.686746988], [694478.391566265, 2575551.186746988], [694487.391566265, 2575558.686746988], [694488.391566265, 2575559.686746988], [694497.391566265, 2575568.686746988], [694498.391566265, 2575569.686746988], [694508.391566265, 2575569.686746988], [694518.391566265, 2575569.686746988], [694528.391566265, 2575569.686746988], [694538.391566265, 2575571.186746988], [694548.391566265, 2575573.686746988], [694558.391566265, 2575573.686746988], [694563.391566265, 2575578.686746988], [694568.391566265, 2575579.686746988], [694569.391566265, 2575578.686746988], [694578.391566265, 2575569.686746988], [694579.391566265, 2575568.686746988], [694579.391566265, 2575558.686746988], [694579.391566265, 2575548.686746988], [694579.391566265, 2575538.686746988], [694588.391566265, 2575529.686746988], [694598.391566265, 2575531.186746988], [694608.391566265, 2575531.186746988], [694610.891566265, 2575528.686746988], [694618.391566265, 2575521.186746988], [694628.391566265, 2575521.186746988], [694638.391566265, 2575521.186746988], [694640.891566265, 2575518.686746988], [694648.391566265, 2575511.186746988], [694655.891566265, 2575518.686746988], [694658.391566265, 2575521.186746988], [694667.391566265, 2575528.686746988], [694667.391566265, 2575538.686746988], [694667.391566265, 2575548.686746988], [694658.391566265, 2575557.686746988], [694657.391566265, 2575558.686746988], [694657.391566265, 2575568.686746988], [694657.391566265, 2575578.686746988], [694658.391566265, 2575579.686746988], [694667.391566265, 2575588.686746988], [694668.391566265, 2575589.686746988], [694677.391566265, 2575598.686746988], [694678.391566265, 2575599.686746988], [694687.391566265, 2575608.686746988], [694688.391566265, 2575609.686746988], [694697.391566265, 2575618.686746988], [694698.391566265, 2575619.686746988], [694708.391566265, 2575619.686746988], [694717.391566265, 2575628.686746988], [694718.391566265, 2575629.686746988], [694727.391566265, 2575638.686746988], [694728.391566265, 2575639.686746988], [694737.391566265, 2575648.686746988], [694738.391566265, 2575649.686746988], [694748.391566265, 2575649.686746988], [694758.391566265, 2575649.686746988], [694767.391566265, 2575658.686746988], [694768.391566265, 2575659.686746988], [694777.391566265, 2575668.686746988], [694778.391566265, 2575669.686746988], [694788.391566265, 2575669.686746988], [694789.391566265, 2575668.686746988], [694798.391566265, 2575659.686746988], [694808.391566265, 2575659.686746988], [694817.391566265, 2575668.686746988], [694818.391566265, 2575669.686746988], [694828.391566265, 2575673.686746988], [694833.391566265, 2575678.686746988], [694838.391566265, 2575683.686746988], [694843.391566265, 2575688.686746988], [694848.391566265, 2575693.686746988], [694853.391566265, 2575698.686746988], [694858.391566265, 2575699.686746988], [694868.391566265, 2575699.686746988], [694878.391566265, 2575703.686746988], [694883.391566265, 2575708.686746988], [694888.391566265, 2575709.686746988], [694898.391566265, 2575713.686746988], [694903.391566265, 2575718.686746988], [694907.391566265, 2575728.686746988], [694907.391566265, 2575738.686746988], [694907.391566265, 2575748.686746988], [694908.391566265, 2575753.686746988], [694910.891566265, 2575758.686746988], [694916.7248995984, 2575768.6867469884], [694918.391566265, 2575773.686746988], [694923.391566265, 2575778.686746988], [694928.391566265, 2575783.686746988], [694933.391566265, 2575788.686746988], [694938.391566265, 2575789.686746988], [694948.391566265, 2575789.936746988], [694950.891566265, 2575788.686746988], [694958.391566265, 2575781.186746988], [694960.0582329318, 2575778.686746988], [694963.391566265, 2575768.686746988], [694963.391566265, 2575758.686746988], [694968.391566265, 2575751.186746988], [694970.891566265, 2575748.686746988], [694978.391566265, 2575741.186746988], [694988.391566265, 2575739.686746988], [694998.391566265, 2575739.686746988], [695008.391566265, 2575739.686746988], [695018.391566265, 2575739.686746988], [695028.391566265, 2575739.686746988], [695038.391566265, 2575741.186746988], [695047.391566265, 2575748.686746988], [695048.391566265, 2575749.686746988], [695058.391566265, 2575749.686746988], [695067.391566265, 2575758.686746988], [695068.391566265, 2575759.686746988], [695077.391566265, 2575768.686746988], [695077.391566265, 2575778.686746988], [695078.391566265, 2575781.186746988], [695085.891566265, 2575788.686746988], [695088.391566265, 2575791.186746988], [695098.391566265, 2575789.686746988], [695108.391566265, 2575789.686746988], [695118.391566265, 2575789.686746988], [695128.391566265, 2575789.686746988], [695129.391566265, 2575788.686746988], [695138.391566265, 2575779.686746988], [695148.391566265, 2575779.686746988], [695157.391566265, 2575788.686746988], [695158.391566265, 2575789.686746988], [695168.391566265, 2575789.686746988], [695178.391566265, 2575789.686746988], [695187.391566265, 2575798.686746988], [695188.391566265, 2575799.686746988], [695197.391566265, 2575808.686746988], [695198.391566265, 2575811.186746988], [695205.891566265, 2575818.686746988], [695207.391566265, 2575828.686746988], [695208.391566265, 2575833.686746988], [695210.891566265, 2575838.686746988], [695217.391566265, 2575848.686746988], [695218.391566265, 2575853.686746988], [695223.391566265, 2575858.686746988], [695228.391566265, 2575863.686746988], [695233.391566265, 2575868.686746988], [695238.391566265, 2575873.686746988], [695248.391566265, 2575873.686746988], [695258.3915662651, 2575870.3534136545], [695260.0582329318, 2575868.686746988], [695268.391566265, 2575860.353413655], [695269.391566265, 2575858.686746988], [695270.891566265, 2575848.686746988], [695275.891566265, 2575838.686746988], [695278.391566265, 2575833.686746988], [695283.391566265, 2575828.686746988], [695288.391566265, 2575823.686746988], [695290.891566265, 2575818.686746988], [695298.391566265, 2575811.186746988], [695308.391566265, 2575809.686746988], [695318.391566265, 2575809.686746988], [695328.391566265, 2575809.686746988], [695337.391566265, 2575818.686746988], [695338.391566265, 2575819.686746988], [695347.391566265, 2575828.686746988], [695348.391566265, 2575829.686746988], [695357.391566265, 2575838.686746988], [695358.391566265, 2575839.686746988], [695367.391566265, 2575848.686746988], [695368.391566265, 2575849.686746988], [695377.391566265, 2575858.686746988], [695378.391566265, 2575859.686746988], [695388.391566265, 2575859.686746988], [695397.391566265, 2575868.686746988], [695398.391566265, 2575869.686746988], [695408.391566265, 2575869.686746988], [695409.391566265, 2575868.686746988], [695418.391566265, 2575859.686746988], [695423.391566265, 2575858.686746988], [695428.391566265, 2575853.686746988], [695438.391566265, 2575853.686746988], [695448.391566265, 2575853.686746988], [695453.391566265, 2575858.686746988], [695458.391566265, 2575859.686746988], [695467.391566265, 2575868.686746988], [695468.391566265, 2575869.686746988], [695478.391566265, 2575869.686746988], [695488.391566265, 2575869.686746988], [695489.391566265, 2575868.686746988], [695498.391566265, 2575859.686746988], [695499.391566265, 2575858.686746988], [695508.391566265, 2575849.686746988], [695509.391566265, 2575848.686746988], [695518.391566265, 2575839.686746988], [695528.391566265, 2575839.686746988], [695529.391566265, 2575838.686746988], [695538.391566265, 2575829.686746988], [695548.391566265, 2575829.686746988], [695558.391566265, 2575829.686746988], [695568.391566265, 2575829.686746988], [695578.391566265, 2575829.686746988], [695588.391566265, 2575829.686746988], [695589.391566265, 2575828.686746988], [695598.391566265, 2575819.686746988], [695599.391566265, 2575818.686746988], [695599.391566265, 2575808.686746988], [695608.391566265, 2575799.686746988], [695609.391566265, 2575798.686746988], [695618.391566265, 2575789.686746988], [695619.391566265, 2575788.686746988], [695628.391566265, 2575779.686746988], [695638.391566265, 2575779.686746988], [695639.391566265, 2575778.686746988], [695648.391566265, 2575769.686746988], [695649.391566265, 2575768.686746988], [695653.391566265, 2575758.686746988], [695658.391566265, 2575753.686746988], [695659.391566265, 2575748.686746988], [695659.391566265, 2575738.686746988], [695659.391566265, 2575728.686746988], [695659.391566265, 2575718.686746988], [695659.391566265, 2575708.686746988], [695659.391566265, 2575698.686746988], [695659.391566265, 2575688.686746988], [695660.891566265, 2575678.686746988], [695660.891566265, 2575668.686746988], [695668.391566265, 2575661.186746988], [695670.891566265, 2575658.686746988], [695670.891566265, 2575648.686746988], [695678.391566265, 2575641.186746988], [695680.891566265, 2575638.686746988], [695680.891566265, 2575628.686746988], [695688.391566265, 2575621.186746988], [695690.891566265, 2575618.686746988], [695698.391566265, 2575611.186746988], [695700.891566265, 2575608.686746988], [695708.391566265, 2575601.186746988], [695710.891566265, 2575598.686746988], [695718.391566265, 2575591.186746988], [695720.891566265, 2575588.686746988], [695728.391566265, 2575581.186746988], [695730.891566265, 2575578.686746988], [695738.391566265, 2575571.186746988], [695748.391566265, 2575571.186746988], [695758.391566265, 2575569.686746988], [695759.391566265, 2575568.686746988], [695768.391566265, 2575561.186746988], [695778.391566265, 2575559.686746988], [695788.391566265, 2575559.686746988], [695789.391566265, 2575558.686746988], [695798.391566265, 2575549.686746988], [695799.391566265, 2575548.686746988], [695808.391566265, 2575539.686746988], [695809.391566265, 2575538.686746988], [695810.891566265, 2575528.686746988], [695818.391566265, 2575521.186746988], [695820.891566265, 2575518.686746988], [695828.391566265, 2575511.186746988], [695830.891566265, 2575508.686746988], [695838.391566265, 2575501.186746988], [695840.891566265, 2575498.686746988], [695848.391566265, 2575491.186746988], [695850.891566265, 2575488.686746988], [695858.391566265, 2575481.186746988], [695868.391566265, 2575481.186746988], [695878.391566265, 2575481.186746988], [695885.891566265, 2575488.686746988], [695888.391566265, 2575491.186746988], [695897.391566265, 2575498.686746988], [695898.391566265, 2575499.686746988], [695907.391566265, 2575508.686746988], [695908.391566265, 2575509.686746988], [695918.391566265, 2575511.186746988], [695927.391566265, 2575518.686746988], [695928.391566265, 2575519.686746988], [695938.391566265, 2575521.186746988], [695947.391566265, 2575528.686746988], [695948.391566265, 2575529.686746988], [695958.391566265, 2575531.186746988], [695967.391566265, 2575538.686746988], [695968.391566265, 2575539.686746988], [695978.391566265, 2575541.186746988], [695987.391566265, 2575548.686746988], [695988.391566265, 2575549.686746988], [695998.391566265, 2575551.186746988], [696007.391566265, 2575558.686746988], [696008.391566265, 2575559.686746988], [696017.391566265, 2575568.686746988], [696018.391566265, 2575569.686746988], [696028.391566265, 2575571.186746988], [696037.391566265, 2575578.686746988], [696038.391566265, 2575579.686746988], [696048.391566265, 2575579.686746988], [696058.391566265, 2575579.686746988], [696068.391566265, 2575581.186746988], [696077.391566265, 2575588.686746988], [696078.391566265, 2575589.686746988], [696087.391566265, 2575598.686746988], [696088.391566265, 2575599.686746988], [696097.391566265, 2575608.686746988], [696098.391566265, 2575609.686746988], [696107.391566265, 2575618.686746988], [696108.391566265, 2575619.686746988], [696118.391566265, 2575619.686746988], [696128.391566265, 2575619.686746988], [696138.391566265, 2575619.686746988], [696139.391566265, 2575618.686746988], [696148.391566265, 2575611.186746988], [696158.391566265, 2575611.186746988], [696168.391566265, 2575611.186746988], [696178.391566265, 2575611.186746988], [696188.391566265, 2575611.186746988], [696198.391566265, 2575611.186746988], [696208.391566265, 2575611.186746988], [696215.891566265, 2575618.686746988], [696215.891566265, 2575628.686746988], [696215.891566265, 2575638.686746988], [696215.891566265, 2575648.686746988], [696208.391566265, 2575657.686746988], [696207.391566265, 2575658.686746988], [696198.391566265, 2575667.686746988], [696197.391566265, 2575668.686746988], [696188.391566265, 2575677.686746988], [696187.391566265, 2575678.686746988], [696178.391566265, 2575687.686746988], [696177.391566265, 2575688.686746988], [696168.391566265, 2575697.686746988], [696167.391566265, 2575698.686746988], [696160.891566265, 2575708.686746988], [696160.891566265, 2575718.686746988], [696167.391566265, 2575728.686746988], [696168.391566265, 2575729.686746988], [696177.391566265, 2575738.686746988], [696178.391566265, 2575739.686746988], [696187.391566265, 2575748.686746988], [696188.391566265, 2575749.686746988], [696197.391566265, 2575758.686746988], [696198.391566265, 2575759.686746988], [696207.391566265, 2575768.686746988], [696207.391566265, 2575778.686746988], [696207.391566265, 2575788.686746988], [696207.391566265, 2575798.686746988], [696208.391566265, 2575799.686746988], [696217.391566265, 2575808.686746988], [696217.391566265, 2575818.686746988], [696217.391566265, 2575828.686746988], [696217.391566265, 2575838.686746988], [696217.391566265, 2575848.686746988], [696208.391566265, 2575857.686746988], [696207.391566265, 2575858.686746988], [696198.391566265, 2575867.686746988], [696197.391566265, 2575868.686746988], [696197.391566265, 2575878.686746988], [696188.391566265, 2575887.686746988], [696187.391566265, 2575888.686746988], [696185.891566265, 2575898.686746988], [696178.391566265, 2575906.186746988], [696175.891566265, 2575908.686746988], [696175.891566265, 2575918.686746988], [696168.391566265, 2575926.186746988], [696165.891566265, 2575928.686746988], [696165.891566265, 2575938.686746988], [696158.391566265, 2575946.186746988], [696155.891566265, 2575948.686746988], [696148.391566265, 2575956.186746988], [696145.891566265, 2575958.686746988], [696138.391566265, 2575966.186746988], [696135.891566265, 2575968.686746988], [696128.391566265, 2575976.186746988], [696118.391566265, 2575976.186746988], [696108.391566265, 2575977.686746988], [696098.391566265, 2575977.686746988], [696088.391566265, 2575977.686746988], [696078.391566265, 2575977.686746988], [696068.391566265, 2575973.686746988], [696058.391566265, 2575973.686746988], [696048.391566265, 2575973.686746988], [696038.391566265, 2575973.686746988], [696033.391566265, 2575968.686746988], [696028.391566265, 2575966.186746988], [696018.391566265, 2575963.686746988], [696008.391566265, 2575963.686746988], [695998.391566265, 2575963.686746988], [695988.391566265, 2575963.686746988], [695978.391566265, 2575963.686746988], [695968.391566265, 2575963.686746988], [695958.391566265, 2575963.686746988], [695948.391566265, 2575963.686746988], [695938.391566265, 2575966.186746988], [695928.391566265, 2575966.186746988], [695918.3915662651, 2575967.0200803215], [695908.391566265, 2575967.0200803215], [695898.391566265, 2575967.686746988], [695888.391566265, 2575967.686746988], [695883.391566265, 2575968.686746988], [695878.391566265, 2575973.686746988], [695868.391566265, 2575973.686746988], [695858.391566265, 2575973.686746988], [695848.391566265, 2575973.686746988], [695838.391566265, 2575973.686746988], [695828.391566265, 2575973.686746988], [695818.391566265, 2575973.686746988], [695808.391566265, 2575973.686746988], [695798.391566265, 2575976.186746988], [695788.391566265, 2575976.186746988], [695778.391566265, 2575976.186746988], [695768.3915662651, 2575977.0200803215], [695758.391566265, 2575977.0200803215], [695748.391566265, 2575977.0200803215], [695738.391566265, 2575976.186746988], [695728.391566265, 2575973.686746988], [695718.391566265, 2575973.686746988], [695708.391566265, 2575973.686746988], [695698.391566265, 2575973.686746988], [695693.391566265, 2575968.686746988], [695688.391566265, 2575967.436746988], [695678.3915662651, 2575967.0200803215], [695668.391566265, 2575966.186746988], [695658.391566265, 2575966.186746988], [695648.391566265, 2575967.436746988], [695643.391566265, 2575968.686746988], [695638.391566265, 2575973.686746988], [695628.391566265, 2575973.686746988], [695618.391566265, 2575976.186746988], [695608.391566265, 2575976.186746988], [695603.391566265, 2575978.686746988], [695598.391566265, 2575983.686746988], [695593.391566265, 2575988.686746988], [695588.391566265, 2575993.686746988], [695578.391566265, 2575996.186746988], [695575.891566265, 2575998.686746988], [695568.391566265, 2576006.186746988], [695563.391566265, 2576008.686746988], [695558.391566265, 2576013.686746988], [695553.391566265, 2576018.686746988], [695548.391566265, 2576023.686746988], [695543.391566265, 2576028.686746988], [695538.391566265, 2576033.686746988], [695533.391566265, 2576038.686746988], [695528.391566265, 2576043.686746988], [695523.391566265, 2576048.686746988], [695518.391566265, 2576053.686746988], [695513.391566265, 2576058.686746988], [695508.391566265, 2576063.686746988], [695503.391566265, 2576068.686746988], [695498.391566265, 2576073.686746988], [695488.391566265, 2576073.686746988], [695483.391566265, 2576078.686746988], [695483.391566265, 2576088.686746988], [695483.391566265, 2576098.686746988], [695488.391566265, 2576103.686746988], [695493.391566265, 2576108.686746988], [695498.391566265, 2576113.686746988], [695503.391566265, 2576118.686746988], [695503.391566265, 2576128.686746988], [695503.391566265, 2576138.686746988], [695508.391566265, 2576143.686746988], [695513.391566265, 2576148.686746988], [695518.391566265, 2576153.686746988], [695528.391566265, 2576153.686746988], [695533.391566265, 2576158.686746988], [695538.391566265, 2576163.686746988], [695548.391566265, 2576163.686746988], [695553.391566265, 2576168.686746988], [695558.391566265, 2576173.686746988], [695563.391566265, 2576178.686746988], [695568.391566265, 2576183.686746988], [695573.391566265, 2576188.686746988], [695578.391566265, 2576193.686746988], [695583.391566265, 2576198.686746988], [695588.391566265, 2576203.686746988], [695598.391566265, 2576203.686746988], [695608.391566265, 2576203.686746988], [695618.391566265, 2576203.686746988], [695628.391566265, 2576201.186746988], [695633.391566265, 2576198.686746988], [695638.391566265, 2576193.686746988], [695648.391566265, 2576193.686746988], [695658.391566265, 2576191.186746988], [695663.391566265, 2576188.686746988], [695668.391566265, 2576183.686746988], [695678.391566265, 2576183.686746988], [695688.391566265, 2576180.3534136545], [695698.391566265, 2576179.686746988], [695703.391566265, 2576178.686746988], [695708.391566265, 2576173.686746988], [695718.391566265, 2576173.686746988], [695728.391566265, 2576171.186746988], [695733.391566265, 2576168.686746988], [695738.391566265, 2576163.686746988], [695748.391566265, 2576163.686746988], [695758.391566265, 2576163.686746988], [695768.391566265, 2576163.686746988], [695778.391566265, 2576163.686746988], [695783.391566265, 2576168.686746988], [695788.391566265, 2576169.686746988], [695798.391566265, 2576169.686746988], [695808.391566265, 2576169.686746988], [695818.391566265, 2576169.686746988], [695828.391566265, 2576169.686746988], [695838.391566265, 2576170.3534136545], [695848.391566265, 2576173.686746988], [695858.391566265, 2576173.686746988], [695868.391566265, 2576173.686746988], [695873.391566265, 2576168.686746988], [695878.391566265, 2576163.686746988], [695888.391566265, 2576163.686746988], [695893.391566265, 2576158.686746988], [695898.391566265, 2576153.686746988], [695903.391566265, 2576148.686746988], [695908.391566265, 2576143.686746988], [695918.391566265, 2576139.686746988], [695928.391566265, 2576139.686746988], [695938.391566265, 2576143.686746988], [695948.391566265, 2576143.686746988], [695958.391566265, 2576143.686746988], [695968.391566265, 2576139.686746988], [695978.391566265, 2576139.686746988], [695979.391566265, 2576138.686746988], [695988.391566265, 2576129.686746988], [695998.391566265, 2576129.686746988], [695999.391566265, 2576128.686746988], [696008.391566265, 2576119.686746988], [696018.391566265, 2576119.686746988], [696019.391566265, 2576118.686746988], [696028.391566265, 2576109.686746988], [696037.391566265, 2576118.686746988], [696038.391566265, 2576119.686746988], [696047.391566265, 2576128.686746988], [696048.391566265, 2576129.686746988], [696057.391566265, 2576138.686746988], [696058.391566265, 2576139.686746988], [696068.391566265, 2576139.686746988], [696078.391566265, 2576139.686746988], [696087.391566265, 2576148.686746988], [696088.391566265, 2576149.686746988], [696097.391566265, 2576158.686746988], [696098.391566265, 2576159.686746988], [696107.391566265, 2576168.686746988], [696108.391566265, 2576169.686746988], [696117.391566265, 2576178.686746988], [696118.391566265, 2576179.686746988], [696127.391566265, 2576188.686746988], [696128.391566265, 2576189.686746988], [696138.391566265, 2576189.686746988], [696147.391566265, 2576198.686746988], [696148.391566265, 2576199.686746988], [696158.391566265, 2576199.686746988], [696167.391566265, 2576208.686746988], [696168.391566265, 2576209.686746988]]}}, {"type": "Feature", "properties": {"level": 4.5, "label": "H5"}, "geometry": {"type": "LineString", "coordinates": [[692518.391566265, 2573976.186746988], [692510.891566265, 2573968.686746988], [692508.391566265, 2573966.186746988], [692498.391566265, 2573966.186746988], [692490.891566265, 2573958.686746988], [692488.391566265, 2573956.186746988], [692478.391566265, 2573956.186746988], [692470.891566265, 2573948.686746988], [692468.391566265, 2573946.186746988], [692460.891566265, 2573938.686746988], [692460.891566265, 2573928.686746988], [692458.391566265, 2573926.186746988], [692450.891566265, 2573918.686746988], [692450.891566265, 2573908.686746988], [692448.391566265, 2573906.186746988], [692440.891566265, 2573898.686746988], [692440.891566265, 2573888.686746988], [692448.391566265, 2573879.686746988], [692449.391566265, 2573878.686746988], [692449.391566265, 2573868.686746988], [692448.391566265, 2573867.686746988], [692440.891566265, 2573858.686746988], [692440.891566265, 2573848.686746988], [692439.391566265, 2573838.686746988], [692438.391566265, 2573833.686746988], [692433.391566265, 2573828.686746988], [692429.391566265, 2573818.686746988], [692428.391566265, 2573817.686746988], [692419.391566265, 2573808.686746988], [692419.391566265, 2573798.686746988], [692418.391566265, 2573797.686746988], [692410.891566265, 2573788.686746988], [692410.891566265, 2573778.686746988], [692408.391566265, 2573776.186746988], [692400.891566265, 2573768.686746988], [692400.891566265, 2573758.686746988], [692400.891566265, 2573748.686746988], [692408.391566265, 2573741.186746988], [692410.891566265, 2573738.686746988], [692410.891566265, 2573728.686746988], [692410.891566265, 2573718.686746988], [692418.391566265, 2573711.186746988], [692420.891566265, 2573708.686746988], [692428.391566265, 2573701.186746988], [692435.891566265, 2573708.686746988], [692438.391566265, 2573711.186746988], [692445.891566265, 2573718.686746988], [692448.391566265, 2573721.186746988], [692458.391566265, 2573721.186746988], [692468.391566265, 2573721.186746988], [692478.391566265, 2573721.186746988], [692485.891566265, 2573728.686746988], [692488.391566265, 2573731.186746988], [692498.391566265, 2573731.186746988], [692508.391566265, 2573731.186746988], [692518.391566265, 2573731.186746988], [692525.891566265, 2573738.686746988], [692528.391566265, 2573741.186746988], [692535.891566265, 2573748.686746988], [692538.391566265, 2573751.186746988], [692545.891566265, 2573758.686746988], [692548.391566265, 2573761.186746988], [692555.891566265, 2573768.686746988], [692555.891566265, 2573778.686746988], [692558.391566265, 2573781.186746988], [692565.891566265, 2573788.686746988], [692568.391566265, 2573791.186746988], [692575.891566265, 2573798.686746988], [692575.891566265, 2573808.686746988], [692578.391566265, 2573811.186746988], [692585.891566265, 2573818.686746988], [692588.391566265, 2573821.186746988], [692595.891566265, 2573828.686746988], [692595.891566265, 2573838.686746988], [692595.891566265, 2573848.686746988], [692598.391566265, 2573851.186746988], [692605.891566265, 2573858.686746988], [692608.391566265, 2573861.186746988], [692615.891566265, 2573868.686746988], [692618.391566265, 2573871.186746988], [692628.391566265, 2573871.186746988], [692635.891566265, 2573878.686746988], [692638.391566265, 2573881.186746988], [692645.891566265, 2573888.686746988], [692648.391566265, 2573891.186746988], [692655.891566265, 2573898.686746988], [692655.891566265, 2573908.686746988], [692648.391566265, 2573916.186746988], [692645.891566265, 2573918.686746988], [692638.391566265, 2573927.686746988], [692628.391566265, 2573927.686746988], [692627.391566265, 2573928.686746988], [692618.391566265, 2573937.686746988], [692617.391566265, 2573938.686746988], [692608.391566265, 2573947.686746988], [692598.391566265, 2573947.686746988], [692588.391566265, 2573947.686746988], [692587.391566265, 2573948.686746988], [692578.391566265, 2573957.686746988], [692573.391566265, 2573958.686746988], [692568.391566265, 2573963.686746988], [692558.391566265, 2573967.686746988], [692548.391566265, 2573967.686746988], [692538.391566265, 2573967.686746988], [692537.391566265, 2573968.686746988], [692528.391566265, 2573977.686746988], [692518.391566265, 2573976.186746988]]}}, {"type": "Feature", "properties": {"level": 4.5, "label": "H5"}, "geometry": {"type": "LineString", "coordinates": [[695498.391566265, 2571883.686746988], [695493.391566265, 2571878.686746988], [695488.391566265, 2571873.686746988], [695483.391566265, 2571868.686746988], [695478.391566265, 2571863.686746988], [695473.391566265, 2571858.686746988], [695468.391566265, 2571853.686746988], [695458.391566265, 2571853.686746988], [695448.391566265, 2571853.686746988], [695438.391566265, 2571853.686746988], [695433.391566265, 2571848.686746988], [695428.391566265, 2571843.686746988], [695423.391566265, 2571838.686746988], [695423.391566265, 2571828.686746988], [695428.391566265, 2571823.686746988], [695433.391566265, 2571818.686746988], [695428.391566265, 2571813.686746988], [695418.391566265, 2571813.686746988], [695408.391566265, 2571813.686746988], [695403.391566265, 2571808.686746988], [695403.391566265, 2571798.686746988], [695398.391566265, 2571793.686746988], [695388.391566265, 2571793.686746988], [695383.391566265, 2571798.686746988], [695383.391566265, 2571808.686746988], [695383.391566265, 2571818.686746988], [695378.391566265, 2571823.686746988], [695368.391566265, 2571823.686746988], [695358.391566265, 2571823.686746988], [695353.391566265, 2571818.686746988], [695348.391566265, 2571813.686746988], [695343.391566265, 2571808.686746988], [695338.391566265, 2571803.686746988], [695328.391566265, 2571803.686746988], [695323.391566265, 2571798.686746988], [695318.391566265, 2571793.686746988], [695313.391566265, 2571788.686746988], [695313.391566265, 2571778.686746988], [695308.391566265, 2571773.686746988], [695303.391566265, 2571768.686746988], [695298.391566265, 2571763.686746988], [695293.391566265, 2571758.686746988], [695293.391566265, 2571748.686746988], [695288.391566265, 2571743.686746988], [695283.391566265, 2571738.686746988], [695283.391566265, 2571728.686746988], [695283.391566265, 2571718.686746988], [695283.391566265, 2571708.686746988], [695283.391566265, 2571698.686746988], [695283.391566265, 2571688.686746988], [695288.391566265, 2571683.686746988], [695293.391566265, 2571678.686746988], [695298.391566265, 2571673.686746988], [695308.391566265, 2571673.686746988], [695318.391566265, 2571673.686746988], [695323.391566265, 2571678.686746988], [695328.391566265, 2571683.686746988], [695333.391566265, 2571688.686746988], [695338.391566265, 2571693.686746988], [695348.391566265, 2571693.686746988], [695353.391566265, 2571698.686746988], [695358.391566265, 2571703.686746988], [695368.391566265, 2571703.686746988], [695378.391566265, 2571703.686746988], [695388.391566265, 2571703.686746988], [695398.391566265, 2571703.686746988], [695403.391566265, 2571708.686746988], [695408.391566265, 2571713.686746988], [695413.391566265, 2571718.686746988], [695413.391566265, 2571728.686746988], [695418.391566265, 2571733.686746988], [695428.391566265, 2571733.686746988], [695438.391566265, 2571733.686746988], [695443.391566265, 2571738.686746988], [695448.391566265, 2571743.686746988], [695453.391566265, 2571748.686746988], [695458.391566265, 2571753.686746988], [695463.391566265, 2571758.686746988], [695463.391566265, 2571768.686746988], [695468.391566265, 2571773.686746988], [695478.391566265, 2571773.686746988], [695483.391566265, 2571768.686746988], [695483.391566265, 2571758.686746988], [695488.391566265, 2571753.686746988], [695498.391566265, 2571753.686746988], [695508.391566265, 2571753.686746988], [695518.391566265, 2571753.686746988], [695523.391566265, 2571758.686746988], [695528.391566265, 2571763.686746988], [695533.391566265, 2571768.686746988], [695538.391566265, 2571773.686746988], [695543.391566265, 2571768.686746988], [695548.391566265, 2571763.686746988], [695558.391566265, 2571763.686746988], [695568.391566265, 2571763.686746988], [695573.391566265, 2571768.686746988], [695578.391566265, 2571773.686746988], [695583.391566265, 2571778.686746988], [695588.391566265, 2571783.686746988], [695598.391566265, 2571783.686746988], [695608.391566265, 2571783.686746988], [695613.391566265, 2571788.686746988], [695613.391566265, 2571798.686746988], [695613.391566265, 2571808.686746988], [695613.391566265, 2571818.686746988], [695613.391566265, 2571828.686746988], [695613.391566265, 2571838.686746988], [695613.391566265, 2571848.686746988], [695608.391566265, 2571853.686746988], [695598.391566265, 2571853.686746988], [695593.391566265, 2571848.686746988], [695588.391566265, 2571843.686746988], [695583.391566265, 2571838.686746988], [695578.391566265, 2571833.686746988], [695568.391566265, 2571833.686746988], [695558.391566265, 2571833.686746988], [695553.391566265, 2571838.686746988], [695548.391566265, 2571843.686746988], [695543.391566265, 2571848.686746988], [695538.391566265, 2571853.686746988], [695528.391566265, 2571853.686746988], [695523.391566265, 2571848.686746988], [695523.391566265, 2571838.686746988], [695518.391566265, 2571833.686746988], [695513.391566265, 2571828.686746988], [695508.391566265, 2571823.686746988], [695503.391566265, 2571828.686746988], [695498.391566265, 2571833.686746988], [695493.391566265, 2571838.686746988], [695498.391566265, 2571843.686746988], [695503.391566265, 2571848.686746988], [695508.391566265, 2571853.686746988], [695513.391566265, 2571858.686746988], [695513.391566265, 2571868.686746988], [695508.391566265, 2571873.686746988], [695503.391566265, 2571878.686746988], [695498.391566265, 2571883.686746988]]}}, {"type": "Feature", "properties": {"level": 5.5, "label": "H6"}, "geometry": {"type": "LineString", "coordinates": [[696178.391566265, 2576173.686746988], [696188.391566265, 2576173.686746988], [696198.391566265, 2576173.686746988], [696208.391566265, 2576173.686746988], [696218.391566265, 2576173.686746988], [696223.391566265, 2576168.686746988], [696228.391566265, 2576163.686746988], [696233.391566265, 2576158.686746988], [696228.391566265, 2576153.686746988], [696223.391566265, 2576148.686746988], [696218.391566265, 2576143.686746988], [696208.391566265, 2576143.686746988], [696198.391566265, 2576143.686746988], [696188.391566265, 2576143.686746988], [696178.391566265, 2576143.686746988], [696173.391566265, 2576138.686746988], [696168.391566265, 2576133.686746988], [696163.391566265, 2576128.686746988], [696158.391566265, 2576123.686746988], [696153.391566265, 2576118.686746988], [696148.391566265, 2576113.686746988], [696143.391566265, 2576108.686746988], [696139.2248995983, 2576098.686746988], [696139.2248995983, 2576088.686746988], [696139.2248995983, 2576078.686746988], [696139.2248995983, 2576068.686746988], [696148.391566265, 2576059.520080321], [696149.2248995984, 2576058.686746988], [696158.391566265, 2576049.5200803215], [696159.2248995983, 2576048.686746988], [696168.3915662649, 2576039.5200803215], [696169.2248995983, 2576038.686746988], [696178.391566265, 2576029.520080321], [696179.2248995984, 2576028.686746988], [696188.391566265, 2576019.5200803215], [696189.2248995983, 2576018.686746988], [696198.3915662649, 2576009.5200803215], [696208.391566265, 2576009.5200803215], [696209.2248995984, 2576008.686746988], [696218.391566265, 2575999.520080321], [696228.3915662649, 2575999.520080321], [696229.2248995983, 2575998.686746988], [696238.391566265, 2575989.5200803215], [696239.2248995984, 2575988.686746988], [696248.391566265, 2575979.5200803215], [696249.2248995983, 2575978.686746988], [696249.2248995983, 2575968.686746988], [696258.3915662649, 2575959.5200803215], [696259.2248995983, 2575958.686746988], [696268.391566265, 2575949.5200803215], [696269.2248995984, 2575948.686746988], [696278.391566265, 2575939.520080321], [696279.2248995983, 2575938.686746988], [696288.3915662649, 2575929.5200803215], [696293.391566265, 2575928.686746988], [696298.391566265, 2575923.686746988], [696308.391566265, 2575923.686746988], [696313.391566265, 2575918.686746988], [696318.391566265, 2575913.686746988], [696328.391566265, 2575913.686746988], [696333.391566265, 2575918.686746988], [696338.391566265, 2575923.686746988], [696343.391566265, 2575928.686746988], [696343.391566265, 2575938.686746988], [696348.391566265, 2575943.686746988], [696353.391566265, 2575948.686746988], [696353.391566265, 2575958.686746988], [696358.391566265, 2575963.686746988], [696363.391566265, 2575968.686746988], [696367.5582329317, 2575978.686746988], [696368.391566265, 2575979.5200803215], [696378.3915662649, 2575979.5200803215], [696379.2248995983, 2575978.686746988], [696388.391566265, 2575969.520080321], [696389.2248995984, 2575968.686746988], [696398.391566265, 2575959.5200803215], [696399.2248995983, 2575958.686746988], [696399.2248995983, 2575948.686746988], [696399.2248995983, 2575938.686746988], [696399.2248995983, 2575928.686746988], [696399.2248995983, 2575918.686746988], [696399.2248995983, 2575908.686746988], [696399.2248995983, 2575898.686746988], [696399.2248995983, 2575888.686746988], [696408.3915662649, 2575879.520080321], [696409.2248995983, 2575878.686746988], [696409.2248995983, 2575868.686746988], [696409.2248995983, 2575858.686746988], [696418.391566265, 2575849.520080321], [696419.2248995984, 2575848.686746988], [696428.391566265, 2575839.5200803215], [696429.2248995983, 2575838.686746988], [696438.3915662649, 2575829.5200803215], [696439.2248995983, 2575828.686746988], [696439.2248995983, 2575818.686746988], [696448.391566265, 2575809.5200803215], [696449.2248995984, 2575808.686746988], [696458.391566265, 2575799.5200803215], [696459.2248995983, 2575798.686746988], [696459.2248995983, 2575788.686746988], [696458.391566265, 2575787.8534136545], [696449.2248995984, 2575778.686746988], [696449.2248995984, 2575768.686746988], [696458.391566265, 2575759.520080321], [696459.2248995983, 2575758.686746988], [696459.2248995983, 2575748.686746988], [696468.3915662649, 2575739.5200803215], [696469.2248995983, 2575738.686746988], [696478.391566265, 2575729.520080321], [696479.2248995984, 2575728.686746988], [696488.391566265, 2575719.5200803215], [696489.2248995983, 2575718.686746988], [696489.2248995983, 2575708.686746988], [696498.3915662649, 2575699.520080321], [696499.2248995983, 2575698.686746988], [696499.2248995983, 2575688.686746988], [696499.2248995983, 2575678.686746988], [696499.2248995983, 2575668.686746988], [696499.2248995983, 2575658.686746988], [696499.2248995983, 2575648.686746988], [696499.2248995983, 2575638.686746988], [696499.2248995983, 2575628.686746988], [696508.391566265, 2575619.5200803215], [696509.2248995984, 2575618.686746988], [696509.2248995984, 2575608.686746988], [696518.391566265, 2575599.5200803215], [696519.2248995983, 2575598.686746988], [696519.2248995983, 2575588.686746988], [696528.3915662649, 2575579.520080321], [696529.2248995983, 2575578.686746988], [696538.391566265, 2575569.5200803215], [696539.2248995984, 2575568.686746988], [696548.391566265, 2575559.5200803215], [696549.2248995983, 2575558.686746988], [696553.391566265, 2575548.686746988], [696553.391566265, 2575538.686746988], [696549.2248995983, 2575528.686746988], [696549.2248995983, 2575518.686746988], [696549.2248995983, 2575508.686746988], [696558.3915662649, 2575499.5200803215], [696559.2248995983, 2575498.686746988], [696559.2248995983, 2575488.686746988], [696568.391566265, 2575479.5200803215], [696569.2248995984, 2575478.686746988], [696578.391566265, 2575469.5200803215], [696579.2248995983, 2575468.686746988], [696588.3915662649, 2575459.520080321], [696589.2248995983, 2575458.686746988], [696598.391566265, 2575449.5200803215], [696599.2248995984, 2575448.686746988], [696599.2248995984, 2575438.686746988], [696599.2248995984, 2575428.686746988], [696599.2248995984, 2575418.686746988], [696599.2248995984, 2575408.686746988], [696599.2248995984, 2575398.686746988], [696599.2248995984, 2575388.686746988], [696599.2248995984, 2575378.686746988], [696599.2248995984, 2575368.686746988], [696608.391566265, 2575359.5200803215], [696609.2248995983, 2575358.686746988], [696609.2248995983, 2575348.686746988], [696618.3915662649, 2575339.520080321], [696619.2248995983, 2575338.686746988], [696628.391566265, 2575329.5200803215], [696629.2248995984, 2575328.686746988], [696638.391566265, 2575319.5200803215], [696639.2248995983, 2575318.686746988], [696648.3915662649, 2575309.520080321], [696649.2248995983, 2575308.686746988], [696649.2248995983, 2575298.686746988], [696649.2248995983, 2575288.686746988], [696649.2248995983, 2575278.686746988], [696649.2248995983, 2575268.686746988], [696649.2248995983, 2575258.686746988], [696649.2248995983, 2575248.686746988], [696649.2248995983, 2575238.686746988], [696658.391566265, 2575229.5200803215], [696659.2248995984, 2575228.686746988], [696659.2248995984, 2575218.686746988], [696659.2248995984, 2575208.686746988], [696668.391566265, 2575199.5200803215], [696669.2248995983, 2575198.686746988], [696678.3915662649, 2575189.520080321], [696679.2248995983, 2575188.686746988], [696688.391566265, 2575179.5200803215], [696689.2248995984, 2575178.686746988], [696689.2248995984, 2575168.686746988], [696698.391566265, 2575159.520080321], [696699.2248995983, 2575158.686746988], [696708.3915662649, 2575149.5200803215], [696709.2248995983, 2575148.686746988], [696709.2248995983, 2575138.686746988], [696708.3915662649, 2575137.853413655], [696699.2248995983, 2575128.686746988], [696699.2248995983, 2575118.686746988], [696708.3915662649, 2575109.5200803215], [696709.2248995983, 2575108.686746988], [696709.2248995983, 2575098.686746988], [696718.391566265, 2575089.5200803215], [696719.2248995984, 2575088.686746988], [696728.391566265, 2575079.5200803215], [696729.2248995983, 2575078.686746988], [696738.3915662649, 2575069.520080321], [696739.2248995983, 2575068.686746988], [696739.2248995983, 2575058.686746988], [696748.391566265, 2575049.5200803215], [696749.2248995984, 2575048.686746988], [696749.2248995984, 2575038.686746988], [696749.2248995984, 2575028.686746988], [696749.2248995984, 2575018.686746988], [696749.2248995984, 2575008.686746988], [696749.2248995984, 2574998.686746988], [696749.2248995984, 2574988.686746988], [696749.2248995984, 2574978.686746988], [696758.391566265, 2574969.5200803215], [696759.2248995983, 2574968.686746988], [696759.2248995983, 2574958.686746988], [696768.3915662649, 2574949.520080321], [696769.2248995983, 2574948.686746988], [696769.2248995983, 2574938.686746988], [696778.391566265, 2574929.5200803215], [696779.2248995984, 2574928.686746988], [696788.391566265, 2574919.520080321], [696789.2248995983, 2574918.686746988], [696798.3915662649, 2574909.5200803215], [696799.2248995983, 2574908.686746988], [696808.391566265, 2574899.5200803215], [696809.2248995984, 2574898.686746988], [696809.2248995984, 2574888.686746988], [696808.391566265, 2574887.8534136545], [696799.2248995983, 2574878.686746988], [696799.2248995983, 2574868.686746988], [696799.2248995983, 2574858.686746988], [696808.391566265, 2574849.5200803215], [696809.2248995984, 2574848.686746988], [696809.2248995984, 2574838.686746988], [696818.391566265, 2574829.520080321], [696819.2248995983, 2574828.686746988], [696828.3915662649, 2574819.5200803215], [696829.2248995983, 2574818.686746988], [696838.391566265, 2574809.5200803215], [696839.2248995984, 2574808.686746988], [696848.391566265, 2574799.520080321], [696849.2248995983, 2574798.686746988], [696849.2248995983, 2574788.686746988], [696849.2248995983, 2574778.686746988], [696849.2248995983, 2574768.686746988], [696849.2248995983, 2574758.686746988], [696849.2248995983, 2574748.686746988], [696849.2248995983, 2574738.686746988], [696849.2248995983, 2574728.686746988], [696849.2248995983, 2574718.686746988], [696858.3915662649, 2574709.520080321], [696859.2248995983, 2574708.686746988], [696859.2248995983, 2574698.686746988], [696868.391566265, 2574689.5200803215], [696869.2248995984, 2574688.686746988], [696878.391566265, 2574679.520080321], [696879.2248995983, 2574678.686746988], [696888.3915662649, 2574669.5200803215], [696889.2248995983, 2574668.686746988], [696898.391566265, 2574659.5200803215], [696899.2248995984, 2574658.686746988], [696899.2248995984, 2574648.686746988], [696899.2248995984, 2574638.686746988], [696899.2248995984, 2574628.686746988], [696899.2248995984, 2574618.686746988], [696899.2248995984, 2574608.686746988], [696899.2248995984, 2574598.686746988], [696899.2248995984, 2574588.686746988], [696899.2248995984, 2574578.686746988], [696899.2248995984, 2574568.686746988], [696908.391566265, 2574559.520080321], [696909.2248995983, 2574558.686746988], [696909.2248995983, 2574548.686746988], [696918.3915662649, 2574539.5200803215], [696919.2248995983, 2574538.686746988], [696928.391566265, 2574529.520080321], [696929.2248995984, 2574528.686746988], [696938.391566265, 2574519.5200803215], [696939.2248995983, 2574518.686746988], [696948.3915662649, 2574509.5200803215], [696949.2248995983, 2574508.686746988], [696958.391566265, 2574499.520080321], [696959.2248995984, 2574498.686746988], [696959.2248995984, 2574488.686746988], [696958.391566265, 2574487.8534136545], [696949.2248995983, 2574478.686746988], [696949.2248995983, 2574468.686746988], [696949.2248995983, 2574458.686746988], [696949.2248995983, 2574448.686746988], [696949.2248995983, 2574438.686746988], [696949.2248995983, 2574428.686746988], [696949.2248995983, 2574418.686746988], [696958.391566265, 2574409.520080321], [696959.2248995984, 2574408.686746988], [696959.2248995984, 2574398.686746988], [696958.391566265, 2574393.686746988], [696953.391566265, 2574388.686746988], [696948.391566265, 2574383.686746988], [696938.391566265, 2574383.686746988], [696928.391566265, 2574383.686746988], [696923.391566265, 2574388.686746988], [696918.391566265, 2574393.686746988], [696908.391566265, 2574393.686746988], [696898.391566265, 2574393.686746988], [696893.391566265, 2574398.686746988], [696888.391566265, 2574403.686746988], [696878.391566265, 2574403.686746988], [696873.391566265, 2574408.686746988], [696868.391566265, 2574413.686746988], [696863.391566265, 2574418.686746988], [696858.391566265, 2574423.686746988], [696848.391566265, 2574423.686746988], [696843.391566265, 2574428.686746988], [696838.391566265, 2574433.686746988], [696828.391566265, 2574433.686746988], [696823.391566265, 2574438.686746988], [696818.391566265, 2574443.686746988], [696808.391566265, 2574443.686746988], [696803.391566265, 2574448.686746988], [696798.391566265, 2574453.686746988], [696788.391566265, 2574453.686746988], [696778.391566265, 2574453.686746988], [696768.391566265, 2574453.686746988], [696763.391566265, 2574448.686746988], [696758.391566265, 2574443.686746988], [696753.391566265, 2574438.686746988], [696748.391566265, 2574433.686746988], [696738.391566265, 2574433.686746988], [696728.391566265, 2574433.686746988], [696723.391566265, 2574428.686746988], [696718.391566265, 2574423.686746988], [696713.391566265, 2574418.686746988], [696713.391566265, 2574408.686746988], [696708.391566265, 2574403.686746988], [696703.391566265, 2574398.686746988], [696703.391566265, 2574388.686746988], [696703.391566265, 2574378.686746988], [696703.391566265, 2574368.686746988], [696698.391566265, 2574363.686746988], [696693.391566265, 2574358.686746988], [696693.391566265, 2574348.686746988], [696693.391566265, 2574338.686746988], [696693.391566265, 2574328.686746988], [696693.391566265, 2574318.686746988], [696698.391566265, 2574313.686746988], [696703.391566265, 2574308.686746988], [696703.391566265, 2574298.686746988], [696703.391566265, 2574288.686746988], [696703.391566265, 2574278.686746988], [696703.391566265, 2574268.686746988], [696708.391566265, 2574263.686746988], [696713.391566265, 2574258.686746988], [696713.391566265, 2574248.686746988], [696713.391566265, 2574238.686746988], [696713.391566265, 2574228.686746988], [696713.391566265, 2574218.686746988], [696718.391566265, 2574213.686746988], [696723.391566265, 2574208.686746988], [696728.391566265, 2574203.686746988], [696733.391566265, 2574198.686746988], [696738.391566265, 2574193.686746988], [696748.391566265, 2574193.686746988], [696753.391566265, 2574188.686746988], [696758.391566265, 2574183.686746988], [696759.2248995983, 2574178.686746988], [696768.3915662649, 2574169.520080321], [696778.391566265, 2574173.686746988], [696788.391566265, 2574173.686746988], [696798.391566265, 2574173.686746988], [696803.391566265, 2574168.686746988], [696808.391566265, 2574163.686746988], [696818.391566265, 2574163.686746988], [696823.391566265, 2574158.686746988], [696828.391566265, 2574153.686746988], [696838.391566265, 2574153.686746988], [696848.391566265, 2574153.686746988], [696858.391566265, 2574153.686746988], [696868.391566265, 2574153.686746988], [696878.391566265, 2574153.686746988], [696888.391566265, 2574153.686746988], [696893.391566265, 2574158.686746988], [696898.391566265, 2574163.686746988], [696908.391566265, 2574163.686746988], [696918.391566265, 2574163.686746988], [696928.391566265, 2574163.686746988], [696933.391566265, 2574158.686746988], [696938.391566265, 2574153.686746988], [696943.391566265, 2574148.686746988], [696943.391566265, 2574138.686746988], [696948.391566265, 2574133.686746988], [696953.391566265, 2574128.686746988], [696953.391566265, 2574118.686746988], [696953.391566265, 2574108.686746988], [696953.391566265, 2574098.686746988], [696953.391566265, 2574088.686746988], [696958.391566265, 2574083.686746988], [696963.391566265, 2574078.686746988], [696968.391566265, 2574073.686746988], [696973.391566265, 2574068.686746988], [696973.391566265, 2574058.686746988], [696973.391566265, 2574048.686746988], [696973.391566265, 2574038.686746988], [696968.391566265, 2574033.686746988], [696963.391566265, 2574028.686746988], [696963.391566265, 2574018.686746988], [696963.391566265, 2574008.686746988], [696958.391566265, 2574003.686746988], [696953.391566265, 2573998.686746988], [696948.391566265, 2573993.686746988], [696938.391566265, 2573993.686746988], [696928.391566265, 2573993.686746988], [696918.391566265, 2573993.686746988], [696908.391566265, 2573993.686746988], [696903.391566265, 2573998.686746988], [696898.391566265, 2574003.686746988], [696893.391566265, 2574008.686746988], [696888.391566265, 2574013.686746988], [696878.391566265, 2574013.686746988], [696868.391566265, 2574013.686746988], [696858.391566265, 2574013.686746988], [696853.391566265, 2574018.686746988], [696848.391566265, 2574023.686746988], [696843.391566265, 2574028.686746988], [696838.391566265, 2574033.686746988], [696828.391566265, 2574033.686746988], [696818.391566265, 2574033.686746988], [696808.391566265, 2574033.686746988], [696798.391566265, 2574033.686746988], [696788.391566265, 2574033.686746988], [696778.391566265, 2574033.686746988], [696768.391566265, 2574033.686746988], [696758.391566265, 2574033.686746988], [696753.391566265, 2574038.686746988], [696748.391566265, 2574043.686746988], [696738.391566265, 2574043.686746988], [696728.391566265, 2574043.686746988], [696718.391566265, 2574043.686746988], [696708.391566265, 2574043.686746988], [696698.391566265, 2574043.686746988], [696688.391566265, 2574043.686746988], [696678.391566265, 2574043.686746988], [696673.391566265, 2574038.686746988], [696668.391566265, 2574033.686746988], [696663.391566265, 2574028.686746988], [696658.391566265, 2574023.686746988], [696653.391566265, 2574018.686746988], [696653.391566265, 2574008.686746988], [696653.391566265, 2573998.686746988], [696653.391566265, 2573988.686746988], [696653.391566265, 2573978.686746988], [696653.391566265, 2573968.686746988], [696653.391566265, 2573958.686746988], [696648.391566265, 2573953.686746988], [696643.391566265, 2573948.686746988], [696643.391566265, 2573938.686746988], [696643.391566265, 2573928.686746988], [696638.391566265, 2573923.686746988], [696633.391566265, 2573918.686746988], [696633.391566265, 2573908.686746988], [696633.391566265, 2573898.686746988], [696628.391566265, 2573893.686746988], [696623.391566265, 2573888.686746988], [696623.391566265, 2573878.686746988], [696623.391566265, 2573868.686746988], [696623.391566265, 2573858.686746988], [696623.391566265, 2573848.686746988], [696623.391566265, 2573838.686746988], [696623.391566265, 2573828.686746988], [696623.391566265, 2573818.686746988], [696623.391566265, 2573808.686746988], [696623.391566265, 2573798.686746988], [696628.391566265, 2573793.686746988], [696633.391566265, 2573788.686746988], [696633.391566265, 2573778.686746988], [696638.391566265, 2573773.686746988], [696643.391566265, 2573768.686746988], [696643.391566265, 2573758.686746988], [696648.391566265, 2573753.686746988], [696653.391566265, 2573748.686746988], [696653.391566265, 2573738.686746988], [696658.391566265, 2573733.686746988], [696663.391566265, 2573728.686746988], [696668.391566265, 2573723.686746988], [696673.391566265, 2573718.686746988], [696673.391566265, 2573708.686746988], [696678.391566265, 2573703.686746988], [696683.391566265, 2573698.686746988], [696688.391566265, 2573693.686746988], [696693.391566265, 2573688.686746988], [696698.391566265, 2573683.686746988], [696703.391566265, 2573678.686746988], [696708.391566265, 2573673.686746988], [696713.391566265, 2573668.686746988], [696718.391566265, 2573663.686746988], [696723.391566265, 2573658.686746988], [696723.391566265, 2573648.686746988], [696728.391566265, 2573643.686746988], [696733.391566265, 2573638.686746988], [696738.391566265, 2573633.686746988], [696748.391566265, 2573633.686746988], [696753.391566265, 2573628.686746988], [696758.391566265, 2573623.686746988], [696768.391566265, 2573623.686746988], [696778.391566265, 2573623.686746988], [696788.391566265, 2573623.686746988], [696793.391566265, 2573618.686746988], [696798.391566265, 2573613.686746988], [696803.391566265, 2573608.686746988], [696803.391566265, 2573598.686746988], [696803.391566265, 2573588.686746988], [696798.391566265, 2573583.686746988], [696793.391566265, 2573578.686746988], [696788.391566265, 2573573.686746988], [696778.391566265, 2573573.686746988], [696768.391566265, 2573573.686746988], [696758.391566265, 2573573.686746988], [696748.391566265, 2573573.686746988], [696738.391566265, 2573573.686746988], [696733.391566265, 2573568.686746988], [696728.391566265, 2573563.686746988], [696723.391566265, 2573558.686746988], [696718.391566265, 2573553.686746988], [696713.391566265, 2573548.686746988], [696708.391566265, 2573543.686746988], [696703.391566265, 2573538.686746988], [696703.391566265, 2573528.686746988], [696703.391566265, 2573518.686746988], [696703.391566265, 2573508.686746988], [696708.391566265, 2573503.686746988], [696713.391566265, 2573498.686746988], [696713.391566265, 2573488.686746988], [696718.391566265, 2573483.686746988], [696723.391566265, 2573478.686746988], [696723.391566265, 2573468.686746988], [696728.391566265, 2573463.686746988], [696733.391566265, 2573458.686746988], [696738.391566265, 2573453.686746988], [696743.391566265, 2573448.686746988], [696748.391566265, 2573443.686746988], [696758.391566265, 2573443.686746988], [696763.391566265, 2573438.686746988], [696768.391566265, 2573433.686746988], [696773.391566265, 2573428.686746988], [696778.391566265, 2573423.686746988], [696783.391566265, 2573418.686746988], [696788.391566265, 2573413.686746988], [696793.391566265, 2573408.686746988], [696793.391566265, 2573398.686746988], [696788.391566265, 2573393.686746988], [696783.391566265, 2573388.686746988], [696778.391566265, 2573383.686746988], [696768.391566265, 2573383.686746988], [696763.391566265, 2573378.686746988], [696758.391566265, 2573373.686746988], [696748.391566265, 2573373.686746988], [696743.391566265, 2573368.686746988], [696738.391566265, 2573363.686746988], [696733.391566265, 2573358.686746988], [696733.391566265, 2573348.686746988], [696738.391566265, 2573343.686746988], [696743.391566265, 2573338.686746988], [696743.391566265, 2573328.686746988], [696748.391566265, 2573323.686746988], [696753.391566265, 2573318.686746988], [696753.391566265, 2573308.686746988], [696753.391566265, 2573298.686746988], [696748.391566265, 2573293.686746988], [696743.391566265, 2573288.686746988], [696743.391566265, 2573278.686746988], [696738.391566265, 2573273.686746988], [696733.391566265, 2573268.686746988], [696733.391566265, 2573258.686746988], [696733.391566265, 2573248.686746988], [696728.391566265, 2573243.686746988], [696723.391566265, 2573238.686746988], [696718.391566265, 2573233.686746988], [696713.391566265, 2573228.686746988], [696713.391566265, 2573218.686746988], [696713.391566265, 2573208.686746988], [696718.391566265, 2573203.686746988], [696728.391566265, 2573203.686746988], [696733.391566265, 2573208.686746988], [696733.391566265, 2573218.686746988], [696733.391566265, 2573228.686746988], [696738.391566265, 2573233.686746988], [696743.391566265, 2573238.686746988], [696748.391566265, 2573243.686746988], [696753.391566265, 2573238.686746988], [696758.391566265, 2573233.686746988], [696763.391566265, 2573228.686746988], [696768.391566265, 2573223.686746988], [696773.391566265, 2573218.686746988], [696768.391566265, 2573213.686746988], [696763.391566265, 2573208.686746988], [696758.391566265, 2573203.686746988], [696753.391566265, 2573198.686746988], [696748.391566265, 2573193.686746988], [696743.391566265, 2573188.686746988], [696743.391566265, 2573178.686746988], [696743.391566265, 2573168.686746988], [696738.391566265, 2573163.686746988], [696733.391566265, 2573158.686746988], [696728.391566265, 2573153.686746988], [696718.391566265, 2573153.686746988], [696708.391566265, 2573153.686746988], [696698.391566265, 2573153.686746988], [696693.391566265, 2573158.686746988], [696688.391566265, 2573163.686746988], [696678.391566265, 2573163.686746988], [696673.391566265, 2573158.686746988], [696668.391566265, 2573153.686746988], [696658.391566265, 2573153.686746988], [696653.391566265, 2573148.686746988], [696653.391566265, 2573138.686746988], [696658.391566265, 2573133.686746988], [696668.391566265, 2573133.686746988], [696678.391566265, 2573133.686746988], [696688.391566265, 2573133.686746988], [696698.391566265, 2573133.686746988], [696708.391566265, 2573133.686746988], [696718.391566265, 2573133.686746988], [696723.391566265, 2573128.686746988], [696728.391566265, 2573123.686746988], [696738.391566265, 2573123.686746988], [696748.391566265, 2573123.686746988], [696758.391566265, 2573123.686746988], [696768.391566265, 2573123.686746988], [696778.391566265, 2573123.686746988], [696788.391566265, 2573123.686746988], [696798.391566265, 2573123.686746988], [696808.391566265, 2573123.686746988], [696818.391566265, 2573123.686746988], [696828.391566265, 2573123.686746988], [696838.391566265, 2573123.686746988], [696848.391566265, 2573123.686746988], [696858.391566265, 2573123.686746988], [696868.391566265, 2573123.686746988], [696878.391566265, 2573123.686746988], [696888.391566265, 2573123.686746988], [696898.391566265, 2573123.686746988], [696908.391566265, 2573123.686746988], [696913.391566265, 2573128.686746988], [696918.391566265, 2573133.686746988], [696923.391566265, 2573138.686746988], [696928.391566265, 2573143.686746988], [696933.391566265, 2573148.686746988], [696938.391566265, 2573153.686746988], [696943.391566265, 2573158.686746988], [696948.391566265, 2573163.686746988], [696953.391566265, 2573168.686746988], [696958.391566265, 2573173.686746988], [696963.391566265, 2573178.686746988], [696968.391566265, 2573183.686746988], [696973.391566265, 2573188.686746988], [696973.391566265, 2573198.686746988], [696978.391566265, 2573203.686746988], [696983.391566265, 2573208.686746988], [696988.391566265, 2573213.686746988], [696993.391566265, 2573218.686746988], [696998.391566265, 2573223.686746988], [697008.391566265, 2573223.686746988], [697018.391566265, 2573223.686746988], [697023.391566265, 2573228.686746988], [697028.391566265, 2573233.686746988], [697033.391566265, 2573238.686746988], [697033.391566265, 2573248.686746988], [697038.391566265, 2573253.686746988], [697043.391566265, 2573258.686746988], [697048.391566265, 2573263.686746988], [697058.391566265, 2573263.686746988], [697063.391566265, 2573268.686746988], [697068.391566265, 2573273.686746988], [697078.391566265, 2573273.686746988], [697083.391566265, 2573278.686746988], [697088.391566265, 2573283.686746988], [697093.391566265, 2573288.686746988], [697098.391566265, 2573293.686746988], [697108.391566265, 2573293.686746988], [697113.391566265, 2573298.686746988], [697118.391566265, 2573303.686746988], [697123.391566265, 2573308.686746988], [697128.391566265, 2573313.686746988], [697133.391566265, 2573318.686746988], [697138.391566265, 2573323.686746988], [697143.391566265, 2573328.686746988], [697148.391566265, 2573333.686746988], [697153.391566265, 2573338.686746988], [697158.391566265, 2573343.686746988], [697163.391566265, 2573348.686746988], [697163.391566265, 2573358.686746988], [697168.391566265, 2573363.686746988], [697173.391566265, 2573368.686746988], [697173.391566265, 2573378.686746988], [697173.391566265, 2573388.686746988], [697173.391566265, 2573398.686746988], [697173.391566265, 2573408.686746988], [697173.391566265, 2573418.686746988], [697178.391566265, 2573423.686746988], [697183.391566265, 2573428.686746988], [697188.391566265, 2573433.686746988], [697193.391566265, 2573438.686746988], [697193.391566265, 2573448.686746988], [697193.391566265, 2573458.686746988], [697198.391566265, 2573463.686746988], [697203.391566265, 2573458.686746988], [697208.391566265, 2573453.686746988], [697213.391566265, 2573448.686746988], [697218.391566265, 2573443.686746988], [697223.391566265, 2573438.686746988], [697228.391566265, 2573433.686746988], [697233.391566265, 2573428.686746988], [697233.391566265, 2573418.686746988], [697233.391566265, 2573408.686746988], [697228.391566265, 2573403.686746988], [697223.391566265, 2573398.686746988], [697218.391566265, 2573393.686746988], [697213.391566265, 2573388.686746988], [697213.391566265, 2573378.686746988], [697218.391566265, 2573373.686746988], [697223.391566265, 2573368.686746988], [697223.391566265, 2573358.686746988], [697228.391566265, 2573353.686746988], [697233.391566265, 2573348.686746988], [697238.391566265, 2573343.686746988], [697243.391566265, 2573338.686746988], [697243.391566265, 2573328.686746988], [697238.391566265, 2573323.686746988], [697233.391566265, 2573318.686746988], [697228.391566265, 2573313.686746988], [697223.391566265, 2573308.686746988], [697223.391566265, 2573298.686746988], [697218.391566265, 2573293.686746988], [697213.391566265, 2573288.686746988], [697208.391566265, 2573283.686746988], [697203.391566265, 2573278.686746988], [697198.391566265, 2573273.686746988], [697193.391566265, 2573268.686746988], [697193.391566265, 2573258.686746988], [697198.391566265, 2573253.686746988], [697203.391566265, 2573248.686746988], [697198.391566265, 2573243.686746988], [697188.391566265, 2573243.686746988], [697183.391566265, 2573238.686746988], [697183.391566265, 2573228.686746988], [697183.391566265, 2573218.686746988], [697183.391566265, 2573208.686746988], [697183.391566265, 2573198.686746988], [697188.391566265, 2573193.686746988], [697198.391566265, 2573193.686746988], [697203.391566265, 2573198.686746988], [697208.391566265, 2573203.686746988], [697213.391566265, 2573198.686746988], [697218.391566265, 2573193.686746988], [697228.391566265, 2573193.686746988], [697233.391566265, 2573198.686746988], [697238.391566265, 2573203.686746988], [697243.391566265, 2573208.686746988], [697248.391566265, 2573213.686746988], [697253.391566265, 2573218.686746988], [697258.391566265, 2573223.686746988], [697263.391566265, 2573228.686746988], [697268.391566265, 2573233.686746988], [697278.391566265, 2573233.686746988], [697288.391566265, 2573233.686746988], [697293.391566265, 2573228.686746988], [697293.391566265, 2573218.686746988], [697293.391566265, 2573208.686746988], [697293.391566265, 2573198.686746988], [697288.391566265, 2573193.686746988], [697283.391566265, 2573188.686746988], [697278.391566265, 2573183.686746988], [697273.391566265, 2573178.686746988], [697268.391566265, 2573173.686746988], [697263.391566265, 2573168.686746988], [697258.391566265, 2573163.686746988], [697253.391566265, 2573158.686746988], [697253.391566265, 2573148.686746988], [697253.391566265, 2573138.686746988], [697253.391566265, 2573128.686746988], [697253.391566265, 2573118.686746988], [697253.391566265, 2573108.686746988], [697253.391566265, 2573098.686746988], [697248.391566265, 2573093.686746988], [697243.391566265, 2573088.686746988], [697238.391566265, 2573083.686746988], [697233.391566265, 2573078.686746988], [697228.391566265, 2573073.686746988], [697218.391566265, 2573073.686746988], [697213.391566265, 2573068.686746988], [697208.391566265, 2573063.686746988], [697198.391566265, 2573063.686746988], [697193.391566265, 2573058.686746988], [697188.391566265, 2573053.686746988], [697183.391566265, 2573048.686746988], [697178.391566265, 2573043.686746988], [697173.391566265, 2573038.686746988], [697168.391566265, 2573033.686746988], [697163.391566265, 2573028.686746988], [697158.391566265, 2573023.686746988], [697153.391566265, 2573018.686746988], [697148.391566265, 2573013.686746988], [697143.391566265, 2573008.686746988], [697143.391566265, 2572998.686746988], [697138.391566265, 2572993.686746988], [697133.391566265, 2572988.686746988], [697128.391566265, 2572983.686746988], [697123.391566265, 2572978.686746988], [697123.391566265, 2572968.686746988], [697118.391566265, 2572963.686746988], [697113.391566265, 2572958.686746988], [697108.391566265, 2572953.686746988], [697103.391566265, 2572948.686746988], [697098.391566265, 2572943.686746988], [697093.391566265, 2572938.686746988], [697088.391566265, 2572933.686746988], [697083.391566265, 2572928.686746988], [697078.391566265, 2572923.686746988], [697073.391566265, 2572918.686746988], [697073.391566265, 2572908.686746988], [697068.391566265, 2572903.686746988], [697063.391566265, 2572898.686746988], [697058.391566265, 2572893.686746988], [697053.391566265, 2572888.686746988], [697053.391566265, 2572878.686746988], [697048.391566265, 2572873.686746988], [697043.391566265, 2572868.686746988], [697038.391566265, 2572863.686746988], [697033.391566265, 2572858.686746988], [697033.391566265, 2572848.686746988], [697028.391566265, 2572843.686746988], [697023.391566265, 2572838.686746988], [697018.391566265, 2572833.686746988], [697013.391566265, 2572838.686746988], [697008.391566265, 2572843.686746988], [697003.391566265, 2572848.686746988], [697008.391566265, 2572853.686746988], [697013.391566265, 2572858.686746988], [697013.391566265, 2572868.686746988], [697013.391566265, 2572878.686746988], [697008.391566265, 2572883.686746988], [697003.391566265, 2572878.686746988], [696998.391566265, 2572873.686746988], [696988.391566265, 2572873.686746988], [696978.391566265, 2572873.686746988], [696973.391566265, 2572878.686746988], [696973.391566265, 2572888.686746988], [696978.391566265, 2572893.686746988], [696983.391566265, 2572898.686746988], [696988.391566265, 2572903.686746988], [696993.391566265, 2572908.686746988], [696993.391566265, 2572918.686746988], [696993.391566265, 2572928.686746988], [696988.391566265, 2572933.686746988], [696978.391566265, 2572933.686746988], [696973.391566265, 2572928.686746988], [696968.391566265, 2572923.686746988], [696958.391566265, 2572923.686746988], [696948.391566265, 2572923.686746988], [696943.391566265, 2572918.686746988], [696943.391566265, 2572908.686746988], [696938.391566265, 2572903.686746988], [696933.391566265, 2572898.686746988], [696933.391566265, 2572888.686746988], [696928.391566265, 2572883.686746988], [696923.391566265, 2572878.686746988], [696918.391566265, 2572873.686746988], [696908.391566265, 2572873.686746988], [696903.391566265, 2572868.686746988], [696898.391566265, 2572863.686746988], [696888.391566265, 2572863.686746988], [696883.391566265, 2572858.686746988], [696878.391566265, 2572853.686746988], [696868.391566265, 2572853.686746988], [696863.391566265, 2572848.686746988], [696858.391566265, 2572843.686746988], [696848.391566265, 2572843.686746988], [696843.391566265, 2572838.686746988], [696838.391566265, 2572833.686746988], [696828.391566265, 2572833.686746988], [696818.391566265, 2572833.686746988], [696808.391566265, 2572833.686746988], [696803.391566265, 2572838.686746988], [696798.391566265, 2572843.686746988], [696793.391566265, 2572848.686746988], [696788.391566265, 2572853.686746988], [696783.391566265, 2572858.686746988], [696783.391566265, 2572868.686746988], [696778.391566265, 2572873.686746988], [696773.391566265, 2572878.686746988], [696768.391566265, 2572883.686746988], [696758.391566265, 2572883.686746988], [696753.391566265, 2572878.686746988], [696748.391566265, 2572873.686746988], [696738.391566265, 2572873.686746988], [696728.391566265, 2572873.686746988], [696718.391566265, 2572873.686746988], [696708.391566265, 2572873.686746988], [696703.391566265, 2572868.686746988], [696698.391566265, 2572863.686746988], [696693.391566265, 2572858.686746988], [696693.391566265, 2572848.686746988], [696688.391566265, 2572843.686746988], [696678.391566265, 2572843.686746988], [696668.391566265, 2572843.686746988], [696658.391566265, 2572843.686746988], [696648.391566265, 2572843.686746988], [696643.391566265, 2572848.686746988], [696638.391566265, 2572853.686746988], [696633.391566265, 2572858.686746988], [696628.391566265, 2572863.686746988], [696623.391566265, 2572868.686746988], [696618.391566265, 2572873.686746988], [696608.391566265, 2572873.686746988], [696603.391566265, 2572868.686746988], [696598.391566265, 2572863.686746988], [696588.391566265, 2572863.686746988], [696578.391566265, 2572863.686746988], [696568.391566265, 2572863.686746988], [696563.391566265, 2572868.686746988], [696558.391566265, 2572873.686746988], [696553.391566265, 2572878.686746988], [696548.391566265, 2572883.686746988], [696538.391566265, 2572883.686746988], [696533.391566265, 2572878.686746988], [696528.391566265, 2572873.686746988], [696523.391566265, 2572868.686746988], [696518.391566265, 2572863.686746988], [696513.391566265, 2572858.686746988], [696513.391566265, 2572848.686746988], [696508.391566265, 2572843.686746988], [696503.391566265, 2572838.686746988], [696503.391566265, 2572828.686746988], [696503.391566265, 2572818.686746988], [696503.391566265, 2572808.686746988], [696498.391566265, 2572803.686746988], [696493.391566265, 2572798.686746988], [696488.391566265, 2572793.686746988], [696483.391566265, 2572788.686746988], [696483.391566265, 2572778.686746988], [696483.391566265, 2572768.686746988], [696483.391566265, 2572758.686746988], [696483.391566265, 2572748.686746988], [696483.391566265, 2572738.686746988], [696483.391566265, 2572728.686746988], [696478.391566265, 2572723.686746988], [696468.391566265, 2572723.686746988], [696463.391566265, 2572718.686746988], [696458.391566265, 2572713.686746988], [696453.391566265, 2572708.686746988], [696453.391566265, 2572698.686746988], [696453.391566265, 2572688.686746988], [696448.391566265, 2572683.686746988], [696443.391566265, 2572678.686746988], [696443.391566265, 2572668.686746988], [696438.391566265, 2572663.686746988], [696433.391566265, 2572658.686746988], [696433.391566265, 2572648.686746988], [696428.391566265, 2572643.686746988], [696423.391566265, 2572638.686746988], [696423.391566265, 2572628.686746988], [696423.391566265, 2572618.686746988], [696418.391566265, 2572613.686746988], [696413.391566265, 2572608.686746988], [696408.391566265, 2572603.686746988], [696398.391566265, 2572603.686746988], [696388.391566265, 2572603.686746988], [696383.391566265, 2572598.686746988], [696378.391566265, 2572593.686746988], [696368.391566265, 2572593.686746988], [696358.391566265, 2572593.686746988], [696353.391566265, 2572588.686746988], [696348.391566265, 2572583.686746988], [696338.391566265, 2572583.686746988], [696333.391566265, 2572588.686746988], [696333.391566265, 2572598.686746988], [696338.391566265, 2572603.686746988], [696343.391566265, 2572608.686746988], [696343.391566265, 2572618.686746988], [696343.391566265, 2572628.686746988], [696343.391566265, 2572638.686746988], [696348.391566265, 2572643.686746988], [696353.391566265, 2572648.686746988], [696353.391566265, 2572658.686746988], [696353.391566265, 2572668.686746988], [696358.391566265, 2572673.686746988], [696363.391566265, 2572678.686746988], [696363.391566265, 2572688.686746988], [696363.391566265, 2572698.686746988], [696358.391566265, 2572703.686746988], [696348.391566265, 2572703.686746988], [696338.391566265, 2572703.686746988], [696328.391566265, 2572703.686746988], [696323.391566265, 2572708.686746988], [696318.391566265, 2572713.686746988], [696308.391566265, 2572713.686746988], [696303.391566265, 2572708.686746988], [696298.391566265, 2572703.686746988], [696293.391566265, 2572698.686746988], [696288.391566265, 2572693.686746988], [696283.391566265, 2572688.686746988], [696283.391566265, 2572678.686746988], [696283.391566265, 2572668.686746988], [696278.391566265, 2572663.686746988], [696273.391566265, 2572658.686746988], [696273.391566265, 2572648.686746988], [696273.391566265, 2572638.686746988], [696268.391566265, 2572633.686746988], [696258.391566265, 2572633.686746988], [696253.391566265, 2572638.686746988], [696248.391566265, 2572643.686746988], [696243.391566265, 2572648.686746988], [696243.391566265, 2572658.686746988], [696238.391566265, 2572663.686746988], [696233.391566265, 2572668.686746988], [696228.391566265, 2572673.686746988], [696223.391566265, 2572678.686746988], [696218.391566265, 2572683.686746988], [696208.391566265, 2572683.686746988], [696203.391566265, 2572678.686746988], [696198.391566265, 2572673.686746988], [696193.391566265, 2572668.686746988], [696188.391566265, 2572663.686746988], [696178.391566265, 2572663.686746988], [696173.391566265, 2572668.686746988], [696168.391566265, 2572673.686746988], [696163.391566265, 2572678.686746988], [696163.391566265, 2572688.686746988], [696168.391566265, 2572693.686746988], [696173.391566265, 2572698.686746988], [696178.391566265, 2572703.686746988], [696183.391566265, 2572708.686746988], [696183.391566265, 2572718.686746988], [696188.391566265, 2572723.686746988], [696193.391566265, 2572728.686746988], [696198.391566265, 2572733.686746988], [696203.391566265, 2572738.686746988], [696198.391566265, 2572743.686746988], [696193.391566265, 2572748.686746988], [696188.391566265, 2572753.686746988], [696183.391566265, 2572748.686746988], [696178.391566265, 2572743.686746988], [696168.391566265, 2572743.686746988], [696163.391566265, 2572738.686746988], [696158.391566265, 2572733.686746988], [696148.391566265, 2572733.686746988], [696143.391566265, 2572728.686746988], [696138.391566265, 2572723.686746988], [696133.391566265, 2572718.686746988], [696128.391566265, 2572713.686746988], [696118.391566265, 2572713.686746988], [696113.391566265, 2572708.686746988], [696108.391566265, 2572703.686746988], [696103.391566265, 2572698.686746988], [696098.391566265, 2572693.686746988], [696093.391566265, 2572688.686746988], [696093.391566265, 2572678.686746988], [696093.391566265, 2572668.686746988], [696088.391566265, 2572663.686746988], [696083.391566265, 2572658.686746988], [696078.391566265, 2572653.686746988], [696068.391566265, 2572653.686746988], [696063.391566265, 2572648.686746988], [696058.391566265, 2572643.686746988], [696053.391566265, 2572638.686746988], [696048.391566265, 2572633.686746988], [696043.391566265, 2572628.686746988], [696038.391566265, 2572623.686746988], [696033.391566265, 2572618.686746988], [696033.391566265, 2572608.686746988], [696028.391566265, 2572603.686746988], [696023.391566265, 2572598.686746988], [696023.391566265, 2572588.686746988], [696023.391566265, 2572578.686746988], [696023.391566265, 2572568.686746988], [696018.391566265, 2572563.686746988], [696013.391566265, 2572558.686746988], [696013.391566265, 2572548.686746988], [696013.391566265, 2572538.686746988], [696013.391566265, 2572528.686746988], [696013.391566265, 2572518.686746988], [696008.391566265, 2572513.686746988], [696003.391566265, 2572508.686746988], [696003.391566265, 2572498.686746988], [695998.391566265, 2572493.686746988], [695993.391566265, 2572488.686746988], [695988.391566265, 2572483.686746988], [695978.391566265, 2572483.686746988], [695973.391566265, 2572488.686746988], [695973.391566265, 2572498.686746988], [695973.391566265, 2572508.686746988], [695978.391566265, 2572513.686746988], [695983.391566265, 2572518.686746988], [695983.391566265, 2572528.686746988], [695988.391566265, 2572533.686746988], [695993.391566265, 2572538.686746988], [695993.391566265, 2572548.686746988], [695993.391566265, 2572558.686746988], [695993.391566265, 2572568.686746988], [695993.391566265, 2572578.686746988], [695993.391566265, 2572588.686746988], [695993.391566265, 2572598.686746988], [695998.391566265, 2572603.686746988], [696003.391566265, 2572608.686746988], [696003.391566265, 2572618.686746988], [696003.391566265, 2572628.686746988], [696003.391566265, 2572638.686746988], [696003.391566265, 2572648.686746988], [696003.391566265, 2572658.686746988], [696008.391566265, 2572663.686746988], [696013.391566265, 2572668.686746988], [696013.391566265, 2572678.686746988], [696013.391566265, 2572688.686746988], [696013.391566265, 2572698.686746988], [696008.391566265, 2572703.686746988], [695998.391566265, 2572703.686746988], [695993.391566265, 2572698.686746988], [695988.391566265, 2572693.686746988], [695978.391566265, 2572693.686746988], [695968.391566265, 2572693.686746988], [695963.391566265, 2572688.686746988], [695958.391566265, 2572683.686746988], [695953.391566265, 2572678.686746988], [695948.391566265, 2572673.686746988], [695938.391566265, 2572673.686746988], [695928.391566265, 2572673.686746988], [695923.391566265, 2572668.686746988], [695918.391566265, 2572663.686746988], [695908.391566265, 2572663.686746988], [695898.391566265, 2572663.686746988], [695888.391566265, 2572663.686746988], [695883.391566265, 2572658.686746988], [695878.391566265, 2572653.686746988], [695868.391566265, 2572653.686746988], [695863.391566265, 2572648.686746988], [695858.391566265, 2572643.686746988], [695848.391566265, 2572643.686746988], [695843.391566265, 2572638.686746988], [695838.391566265, 2572633.686746988], [695833.391566265, 2572628.686746988], [695828.391566265, 2572623.686746988], [695818.391566265, 2572623.686746988], [695813.391566265, 2572618.686746988], [695808.391566265, 2572613.686746988], [695798.391566265, 2572613.686746988], [695788.391566265, 2572613.686746988], [695783.391566265, 2572608.686746988], [695778.391566265, 2572603.686746988], [695768.391566265, 2572603.686746988], [695763.391566265, 2572608.686746988], [695758.391566265, 2572613.686746988], [695753.391566265, 2572618.686746988], [695753.391566265, 2572628.686746988], [695748.391566265, 2572633.686746988], [695738.391566265, 2572633.686746988], [695733.391566265, 2572638.686746988], [695728.391566265, 2572643.686746988], [695718.391566265, 2572643.686746988], [695708.391566265, 2572643.686746988], [695703.391566265, 2572638.686746988], [695703.391566265, 2572628.686746988], [695698.391566265, 2572623.686746988], [695693.391566265, 2572618.686746988], [695688.391566265, 2572613.686746988], [695683.391566265, 2572608.686746988], [695678.391566265, 2572603.686746988], [695668.391566265, 2572603.686746988], [695663.391566265, 2572608.686746988], [695658.391566265, 2572613.686746988], [695653.391566265, 2572618.686746988], [695658.391566265, 2572623.686746988], [695663.391566265, 2572628.686746988], [695663.391566265, 2572638.686746988], [695668.391566265, 2572643.686746988], [695673.391566265, 2572648.686746988], [695673.391566265, 2572658.686746988], [695673.391566265, 2572668.686746988], [695678.391566265, 2572673.686746988], [695683.391566265, 2572678.686746988], [695688.391566265, 2572683.686746988], [695693.391566265, 2572688.686746988], [695698.391566265, 2572693.686746988], [695703.391566265, 2572698.686746988], [695708.391566265, 2572703.686746988], [695713.391566265, 2572708.686746988], [695718.391566265, 2572713.686746988], [695728.391566265, 2572713.686746988], [695738.391566265, 2572713.686746988], [695743.391566265, 2572708.686746988], [695748.391566265, 2572703.686746988], [695753.391566265, 2572698.686746988], [695753.391566265, 2572688.686746988], [695758.391566265, 2572683.686746988], [695768.391566265, 2572683.686746988], [695773.391566265, 2572688.686746988], [695778.391566265, 2572693.686746988], [695783.391566265, 2572698.686746988], [695788.391566265, 2572703.686746988], [695793.391566265, 2572708.686746988], [695798.391566265, 2572713.686746988], [695808.391566265, 2572713.686746988], [695813.391566265, 2572718.686746988], [695818.391566265, 2572723.686746988], [695823.391566265, 2572728.686746988], [695823.391566265, 2572738.686746988], [695818.391566265, 2572743.686746988], [695813.391566265, 2572748.686746988], [695808.391566265, 2572753.686746988], [695798.391566265, 2572753.686746988], [695788.391566265, 2572753.686746988], [695783.391566265, 2572748.686746988], [695778.391566265, 2572743.686746988], [695773.391566265, 2572738.686746988], [695768.391566265, 2572733.686746988], [695758.391566265, 2572733.686746988], [695748.391566265, 2572733.686746988], [695738.391566265, 2572733.686746988], [695728.391566265, 2572733.686746988], [695718.391566265, 2572733.686746988], [695713.391566265, 2572738.686746988], [695713.391566265, 2572748.686746988], [695718.391566265, 2572753.686746988], [695723.391566265, 2572758.686746988], [695723.391566265, 2572768.686746988], [695728.391566265, 2572773.686746988], [695733.391566265, 2572778.686746988], [695738.391566265, 2572783.686746988], [695743.391566265, 2572788.686746988], [695748.391566265, 2572793.686746988], [695753.391566265, 2572798.686746988], [695758.391566265, 2572803.686746988], [695763.391566265, 2572808.686746988], [695763.391566265, 2572818.686746988], [695758.391566265, 2572823.686746988], [695753.391566265, 2572828.686746988], [695753.391566265, 2572838.686746988], [695758.391566265, 2572843.686746988], [695763.391566265, 2572848.686746988], [695768.391566265, 2572853.686746988], [695773.391566265, 2572858.686746988], [695778.391566265, 2572863.686746988], [695788.391566265, 2572863.686746988], [695793.391566265, 2572868.686746988], [695798.391566265, 2572873.686746988], [695803.391566265, 2572878.686746988], [695808.391566265, 2572883.686746988], [695813.391566265, 2572888.686746988], [695818.391566265, 2572893.686746988], [695823.391566265, 2572888.686746988], [695828.391566265, 2572883.686746988], [695838.391566265, 2572883.686746988], [695843.391566265, 2572878.686746988], [695848.391566265, 2572873.686746988], [695858.391566265, 2572873.686746988], [695863.391566265, 2572878.686746988], [695868.391566265, 2572883.686746988], [695878.391566265, 2572883.686746988], [695888.391566265, 2572883.686746988], [695893.391566265, 2572878.686746988], [695893.391566265, 2572868.686746988], [695893.391566265, 2572858.686746988], [695898.391566265, 2572853.686746988], [695908.391566265, 2572853.686746988], [695913.391566265, 2572858.686746988], [695918.391566265, 2572863.686746988], [695928.391566265, 2572863.686746988], [695938.391566265, 2572863.686746988], [695948.391566265, 2572863.686746988], [695953.391566265, 2572868.686746988], [695958.391566265, 2572873.686746988], [695963.391566265, 2572878.686746988], [695968.391566265, 2572883.686746988], [695978.391566265, 2572883.686746988], [695988.391566265, 2572883.686746988], [695993.391566265, 2572888.686746988], [695998.391566265, 2572893.686746988], [696008.391566265, 2572893.686746988], [696013.391566265, 2572898.686746988], [696018.391566265, 2572903.686746988], [696028.391566265, 2572903.686746988], [696038.391566265, 2572903.686746988], [696043.391566265, 2572908.686746988], [696048.391566265, 2572913.686746988], [696058.391566265, 2572913.686746988], [696063.391566265, 2572918.686746988], [696068.391566265, 2572923.686746988], [696078.391566265, 2572923.686746988], [696088.391566265, 2572923.686746988], [696098.391566265, 2572923.686746988], [696108.391566265, 2572923.686746988], [696118.391566265, 2572923.686746988], [696128.391566265, 2572923.686746988], [696138.391566265, 2572923.686746988], [696143.391566265, 2572928.686746988], [696148.391566265, 2572933.686746988], [696153.391566265, 2572938.686746988], [696158.391566265, 2572943.686746988], [696163.391566265, 2572948.686746988], [696168.391566265, 2572953.686746988], [696173.391566265, 2572958.686746988], [696173.391566265, 2572968.686746988], [696168.391566265, 2572973.686746988], [696158.391566265, 2572973.686746988], [696153.391566265, 2572978.686746988], [696148.391566265, 2572983.686746988], [696143.391566265, 2572988.686746988], [696138.391566265, 2572993.686746988], [696133.391566265, 2572998.686746988], [696138.391566265, 2573003.686746988], [696143.391566265, 2573008.686746988], [696143.391566265, 2573018.686746988], [696138.391566265, 2573023.686746988], [696133.391566265, 2573028.686746988], [696138.391566265, 2573033.686746988], [696143.391566265, 2573038.686746988], [696143.391566265, 2573048.686746988], [696143.391566265, 2573058.686746988], [696138.391566265, 2573063.686746988], [696128.391566265, 2573063.686746988], [696123.391566265, 2573068.686746988], [696118.391566265, 2573073.686746988], [696108.391566265, 2573073.686746988], [696103.391566265, 2573078.686746988], [696098.391566265, 2573083.686746988], [696088.391566265, 2573083.686746988], [696078.391566265, 2573083.686746988], [696073.391566265, 2573078.686746988], [696073.391566265, 2573068.686746988], [696068.391566265, 2573063.686746988], [696063.391566265, 2573058.686746988], [696063.391566265, 2573048.686746988], [696058.391566265, 2573043.686746988], [696053.391566265, 2573038.686746988], [696048.391566265, 2573033.686746988], [696038.391566265, 2573033.686746988], [696028.391566265, 2573033.686746988], [696023.391566265, 2573038.686746988], [696018.391566265, 2573043.686746988], [696008.391566265, 2573043.686746988], [696003.391566265, 2573048.686746988], [695998.391566265, 2573053.686746988], [695988.391566265, 2573053.686746988], [695983.391566265, 2573058.686746988], [695978.391566265, 2573063.686746988], [695968.391566265, 2573063.686746988], [695958.391566265, 2573063.686746988], [695953.391566265, 2573068.686746988], [695948.391566265, 2573073.686746988], [695938.391566265, 2573073.686746988], [695933.391566265, 2573078.686746988], [695928.391566265, 2573083.686746988], [695918.391566265, 2573083.686746988], [695913.391566265, 2573088.686746988], [695908.391566265, 2573093.686746988], [695903.391566265, 2573098.686746988], [695903.391566265, 2573108.686746988], [695898.391566265, 2573113.686746988], [695893.391566265, 2573118.686746988], [695888.391566265, 2573123.686746988], [695883.391566265, 2573128.686746988], [695878.391566265, 2573133.686746988], [695873.391566265, 2573138.686746988], [695868.391566265, 2573143.686746988], [695863.391566265, 2573148.686746988], [695858.391566265, 2573153.686746988], [695853.391566265, 2573158.686746988], [695848.391566265, 2573163.686746988], [695843.391566265, 2573168.686746988], [695843.391566265, 2573178.686746988], [695838.391566265, 2573183.686746988], [695833.391566265, 2573188.686746988], [695833.391566265, 2573198.686746988], [695828.391566265, 2573203.686746988], [695823.391566265, 2573208.686746988], [695823.391566265, 2573218.686746988], [695823.391566265, 2573228.686746988], [695818.391566265, 2573233.686746988], [695813.391566265, 2573238.686746988], [695813.391566265, 2573248.686746988], [695813.391566265, 2573258.686746988], [695808.391566265, 2573263.686746988], [695803.391566265, 2573268.686746988], [695803.391566265, 2573278.686746988], [695798.391566265, 2573283.686746988], [695793.391566265, 2573288.686746988], [695793.391566265, 2573298.686746988], [695793.391566265, 2573308.686746988], [695793.391566265, 2573318.686746988], [695793.391566265, 2573328.686746988], [695798.391566265, 2573333.686746988], [695803.391566265, 2573338.686746988], [695803.391566265, 2573348.686746988], [695798.391566265, 2573353.686746988], [695793.391566265, 2573358.686746988], [695788.391566265, 2573363.686746988], [695783.391566265, 2573368.686746988], [695778.391566265, 2573373.686746988], [695768.391566265, 2573373.686746988], [695758.391566265, 2573373.686746988], [695753.391566265, 2573378.686746988], [695748.391566265, 2573383.686746988], [695743.391566265, 2573388.686746988], [695743.391566265, 2573398.686746988], [695743.391566265, 2573408.686746988], [695738.391566265, 2573413.686746988], [695728.391566265, 2573413.686746988], [695723.391566265, 2573408.686746988], [695718.391566265, 2573403.686746988], [695713.391566265, 2573398.686746988], [695713.391566265, 2573388.686746988], [695708.391566265, 2573383.686746988], [695703.391566265, 2573378.686746988], [695703.391566265, 2573368.686746988], [695708.391566265, 2573363.686746988], [695713.391566265, 2573358.686746988], [695718.391566265, 2573353.686746988], [695723.391566265, 2573348.686746988], [695723.391566265, 2573338.686746988], [695723.391566265, 2573328.686746988], [695723.391566265, 2573318.686746988], [695718.391566265, 2573313.686746988], [695713.391566265, 2573308.686746988], [695713.391566265, 2573298.686746988], [695708.391566265, 2573293.686746988], [695703.391566265, 2573288.686746988], [695708.391566265, 2573283.686746988], [695713.391566265, 2573278.686746988], [695718.391566265, 2573273.686746988], [695723.391566265, 2573268.686746988], [695723.391566265, 2573258.686746988], [695723.391566265, 2573248.686746988], [695728.391566265, 2573243.686746988], [695733.391566265, 2573238.686746988], [695738.391566265, 2573233.686746988], [695743.391566265, 2573228.686746988], [695743.391566265, 2573218.686746988], [695748.391566265, 2573213.686746988], [695753.391566265, 2573208.686746988], [695753.391566265, 2573198.686746988], [695748.391566265, 2573193.686746988], [695743.391566265, 2573188.686746988], [695743.391566265, 2573178.686746988], [695743.391566265, 2573168.686746988], [695738.391566265, 2573163.686746988], [695733.391566265, 2573158.686746988], [695733.391566265, 2573148.686746988], [695728.391566265, 2573143.686746988], [695723.391566265, 2573138.686746988], [695723.391566265, 2573128.686746988], [695728.391566265, 2573123.686746988], [695733.391566265, 2573118.686746988], [695738.391566265, 2573113.686746988], [695743.391566265, 2573108.686746988], [695748.391566265, 2573103.686746988], [695753.391566265, 2573098.686746988], [695753.391566265, 2573088.686746988], [695753.391566265, 2573078.686746988], [695748.391566265, 2573073.686746988], [695743.391566265, 2573068.686746988], [695738.391566265, 2573063.686746988], [695733.391566265, 2573058.686746988], [695733.391566265, 2573048.686746988], [695733.391566265, 2573038.686746988], [695733.391566265, 2573028.686746988], [695738.391566265, 2573023.686746988], [695743.391566265, 2573018.686746988], [695743.391566265, 2573008.686746988], [695738.391566265, 2573003.686746988], [695733.391566265, 2572998.686746988], [695728.391566265, 2572993.686746988], [695723.391566265, 2572988.686746988], [695718.391566265, 2572983.686746988], [695708.391566265, 2572983.686746988], [695698.391566265, 2572983.686746988], [695693.391566265, 2572978.686746988], [695688.391566265, 2572973.686746988], [695678.391566265, 2572973.686746988], [695668.391566265, 2572973.686746988], [695658.391566265, 2572973.686746988], [695653.391566265, 2572978.686746988], [695648.391566265, 2572983.686746988], [695643.391566265, 2572988.686746988], [695638.391566265, 2572993.686746988], [695633.391566265, 2572998.686746988], [695633.391566265, 2573008.686746988], [695628.391566265, 2573013.686746988], [695623.391566265, 2573018.686746988], [695623.391566265, 2573028.686746988], [695623.391566265, 2573038.686746988], [695618.391566265, 2573043.686746988], [695613.391566265, 2573048.686746988], [695613.391566265, 2573058.686746988], [695618.391566265, 2573063.686746988], [695623.391566265, 2573068.686746988], [695623.391566265, 2573078.686746988], [695628.391566265, 2573083.686746988], [695633.391566265, 2573088.686746988], [695638.391566265, 2573093.686746988], [695643.391566265, 2573098.686746988], [695648.391566265, 2573103.686746988], [695653.391566265, 2573108.686746988], [695658.391566265, 2573113.686746988], [695663.391566265, 2573118.686746988], [695663.391566265, 2573128.686746988], [695658.391566265, 2573133.686746988], [695648.391566265, 2573133.686746988], [695643.391566265, 2573128.686746988], [695638.391566265, 2573123.686746988], [695633.391566265, 2573118.686746988], [695628.391566265, 2573113.686746988], [695623.391566265, 2573108.686746988], [695618.391566265, 2573103.686746988], [695613.391566265, 2573098.686746988], [695608.391566265, 2573093.686746988], [695603.391566265, 2573088.686746988], [695598.391566265, 2573083.686746988], [695588.391566265, 2573083.686746988], [695578.391566265, 2573083.686746988], [695568.391566265, 2573083.686746988], [695563.391566265, 2573088.686746988], [695558.391566265, 2573093.686746988], [695548.391566265, 2573093.686746988], [695543.391566265, 2573098.686746988], [695538.391566265, 2573103.686746988], [695528.391566265, 2573103.686746988], [695523.391566265, 2573108.686746988], [695518.391566265, 2573113.686746988], [695513.391566265, 2573118.686746988], [695508.391566265, 2573123.686746988], [695503.391566265, 2573128.686746988], [695503.391566265, 2573138.686746988], [695508.391566265, 2573143.686746988], [695513.391566265, 2573148.686746988], [695513.391566265, 2573158.686746988], [695518.391566265, 2573163.686746988], [695523.391566265, 2573168.686746988], [695523.391566265, 2573178.686746988], [695528.391566265, 2573183.686746988], [695533.391566265, 2573188.686746988], [695538.391566265, 2573193.686746988], [695548.391566265, 2573193.686746988], [695553.391566265, 2573198.686746988], [695558.391566265, 2573203.686746988], [695563.391566265, 2573208.686746988], [695568.391566265, 2573213.686746988], [695573.391566265, 2573218.686746988], [695573.391566265, 2573228.686746988], [695573.391566265, 2573238.686746988], [695578.391566265, 2573243.686746988], [695583.391566265, 2573248.686746988], [695583.391566265, 2573258.686746988], [695578.391566265, 2573263.686746988], [695573.391566265, 2573268.686746988], [695568.391566265, 2573273.686746988], [695563.391566265, 2573278.686746988], [695558.391566265, 2573283.686746988], [695548.391566265, 2573283.686746988], [695543.391566265, 2573288.686746988], [695538.391566265, 2573293.686746988], [695533.391566265, 2573298.686746988], [695528.391566265, 2573303.686746988], [695523.391566265, 2573308.686746988], [695523.391566265, 2573318.686746988], [695523.391566265, 2573328.686746988], [695523.391566265, 2573338.686746988], [695523.391566265, 2573348.686746988], [695523.391566265, 2573358.686746988], [695528.391566265, 2573363.686746988], [695533.391566265, 2573368.686746988], [695538.391566265, 2573373.686746988], [695548.391566265, 2573373.686746988], [695553.391566265, 2573378.686746988], [695558.391566265, 2573383.686746988], [695563.391566265, 2573388.686746988], [695568.391566265, 2573393.686746988], [695578.391566265, 2573393.686746988], [695583.391566265, 2573398.686746988], [695588.391566265, 2573403.686746988], [695593.391566265, 2573408.686746988], [695588.391566265, 2573413.686746988], [695583.391566265, 2573418.686746988], [695578.391566265, 2573423.686746988], [695573.391566265, 2573428.686746988], [695573.391566265, 2573438.686746988], [695568.391566265, 2573443.686746988], [695563.391566265, 2573448.686746988], [695558.391566265, 2573453.686746988], [695553.391566265, 2573458.686746988], [695553.391566265, 2573468.686746988], [695548.391566265, 2573473.686746988], [695543.391566265, 2573478.686746988], [695543.391566265, 2573488.686746988], [695543.391566265, 2573498.686746988], [695543.391566265, 2573508.686746988], [695538.391566265, 2573513.686746988], [695533.391566265, 2573518.686746988], [695528.391566265, 2573523.686746988], [695523.391566265, 2573528.686746988], [695518.391566265, 2573533.686746988], [695513.391566265, 2573538.686746988], [695508.391566265, 2573543.686746988], [695503.391566265, 2573548.686746988], [695498.391566265, 2573553.686746988], [695493.391566265, 2573558.686746988], [695488.391566265, 2573563.686746988], [695478.391566265, 2573563.686746988], [695473.391566265, 2573558.686746988], [695468.391566265, 2573553.686746988], [695463.391566265, 2573548.686746988], [695458.391566265, 2573543.686746988], [695453.391566265, 2573538.686746988], [695448.391566265, 2573533.686746988], [695443.391566265, 2573528.686746988], [695438.391566265, 2573523.686746988], [695428.391566265, 2573523.686746988], [695418.391566265, 2573523.686746988], [695413.391566265, 2573528.686746988], [695413.391566265, 2573538.686746988], [695408.391566265, 2573543.686746988], [695403.391566265, 2573548.686746988], [695398.391566265, 2573553.686746988], [695393.391566265, 2573558.686746988], [695393.391566265, 2573568.686746988], [695388.391566265, 2573573.686746988], [695383.391566265, 2573578.686746988], [695378.391566265, 2573583.686746988], [695373.391566265, 2573588.686746988], [695368.391566265, 2573593.686746988], [695363.391566265, 2573598.686746988], [695358.391566265, 2573603.686746988], [695348.391566265, 2573603.686746988], [695343.391566265, 2573608.686746988], [695338.391566265, 2573613.686746988], [695333.391566265, 2573618.686746988], [695328.391566265, 2573623.686746988], [695318.391566265, 2573623.686746988], [695313.391566265, 2573628.686746988], [695308.391566265, 2573633.686746988], [695298.391566265, 2573633.686746988], [695293.391566265, 2573628.686746988], [695288.391566265, 2573623.686746988], [695283.391566265, 2573618.686746988], [695278.391566265, 2573613.686746988], [695268.391566265, 2573613.686746988], [695263.391566265, 2573608.686746988], [695258.391566265, 2573603.686746988], [695253.391566265, 2573598.686746988], [695248.391566265, 2573593.686746988], [695243.391566265, 2573588.686746988], [695238.391566265, 2573583.686746988], [695228.391566265, 2573583.686746988], [695218.391566265, 2573583.686746988], [695208.391566265, 2573583.686746988], [695198.391566265, 2573583.686746988], [695193.391566265, 2573588.686746988], [695188.391566265, 2573593.686746988], [695178.391566265, 2573593.686746988], [695173.391566265, 2573598.686746988], [695168.391566265, 2573603.686746988], [695163.391566265, 2573608.686746988], [695163.391566265, 2573618.686746988], [695158.391566265, 2573623.686746988], [695153.391566265, 2573628.686746988], [695148.391566265, 2573633.686746988], [695143.391566265, 2573628.686746988], [695138.391566265, 2573623.686746988], [695128.391566265, 2573623.686746988], [695123.391566265, 2573628.686746988], [695118.391566265, 2573633.686746988], [695113.391566265, 2573638.686746988], [695108.391566265, 2573643.686746988], [695103.391566265, 2573648.686746988], [695103.391566265, 2573658.686746988], [695098.391566265, 2573663.686746988], [695093.391566265, 2573668.686746988], [695088.391566265, 2573673.686746988], [695078.391566265, 2573673.686746988], [695068.391566265, 2573673.686746988], [695058.391566265, 2573673.686746988], [695048.391566265, 2573673.686746988], [695043.391566265, 2573678.686746988], [695038.391566265, 2573683.686746988], [695033.391566265, 2573688.686746988], [695028.391566265, 2573693.686746988], [695023.391566265, 2573698.686746988], [695018.391566265, 2573703.686746988], [695008.391566265, 2573703.686746988], [694998.391566265, 2573703.686746988], [694988.391566265, 2573703.686746988], [694983.391566265, 2573708.686746988], [694978.391566265, 2573713.686746988], [694973.391566265, 2573718.686746988], [694973.391566265, 2573728.686746988], [694968.391566265, 2573733.686746988], [694963.391566265, 2573738.686746988], [694958.391566265, 2573743.686746988], [694953.391566265, 2573748.686746988], [694948.391566265, 2573753.686746988], [694943.391566265, 2573758.686746988], [694938.391566265, 2573763.686746988], [694928.391566265, 2573763.686746988], [694923.391566265, 2573768.686746988], [694918.391566265, 2573773.686746988], [694913.391566265, 2573778.686746988], [694908.391566265, 2573783.686746988], [694903.391566265, 2573788.686746988], [694898.391566265, 2573793.686746988], [694893.391566265, 2573798.686746988], [694888.391566265, 2573803.686746988], [694878.391566265, 2573803.686746988], [694873.391566265, 2573808.686746988], [694868.391566265, 2573813.686746988], [694858.391566265, 2573813.686746988], [694848.391566265, 2573813.686746988], [694838.391566265, 2573813.686746988], [694833.391566265, 2573818.686746988], [694828.391566265, 2573823.686746988], [694818.391566265, 2573823.686746988], [694808.391566265, 2573823.686746988], [694803.391566265, 2573828.686746988], [694798.391566265, 2573833.686746988], [694793.391566265, 2573838.686746988], [694788.391566265, 2573843.686746988], [694783.391566265, 2573848.686746988], [694778.391566265, 2573853.686746988], [694768.391566265, 2573853.686746988], [694758.391566265, 2573853.686746988], [694753.391566265, 2573858.686746988], [694748.391566265, 2573863.686746988], [694738.391566265, 2573863.686746988], [694728.391566265, 2573863.686746988], [694718.391566265, 2573863.686746988], [694713.391566265, 2573868.686746988], [694708.391566265, 2573873.686746988], [694698.391566265, 2573873.686746988], [694693.391566265, 2573878.686746988], [694688.391566265, 2573883.686746988], [694678.391566265, 2573883.686746988], [694668.391566265, 2573883.686746988], [694663.391566265, 2573888.686746988], [694658.391566265, 2573893.686746988], [694648.391566265, 2573893.686746988], [694643.391566265, 2573898.686746988], [694638.391566265, 2573903.686746988], [694628.391566265, 2573903.686746988], [694618.391566265, 2573903.686746988], [694613.391566265, 2573908.686746988], [694608.391566265, 2573913.686746988], [694598.391566265, 2573913.686746988], [694588.391566265, 2573913.686746988], [694578.391566265, 2573913.686746988], [694573.391566265, 2573918.686746988], [694568.391566265, 2573923.686746988], [694563.391566265, 2573928.686746988], [694558.391566265, 2573933.686746988], [694553.391566265, 2573938.686746988], [694548.391566265, 2573943.686746988], [694543.391566265, 2573948.686746988], [694538.391566265, 2573953.686746988], [694528.391566265, 2573953.686746988], [694523.391566265, 2573958.686746988], [694518.391566265, 2573963.686746988], [694513.391566265, 2573968.686746988], [694508.391566265, 2573973.686746988], [694507.5582329317, 2573978.686746988], [694507.5582329317, 2573988.686746988], [694507.5582329317, 2573998.686746988], [694498.391566265, 2574007.8534136545], [694488.3915662649, 2574007.8534136545], [694478.391566265, 2574007.8534136545], [694468.391566265, 2574007.8534136545], [694458.3915662649, 2574007.8534136545], [694448.391566265, 2574007.8534136545], [694438.391566265, 2574007.8534136545], [694428.3915662649, 2574007.8534136545], [694418.391566265, 2574007.8534136545], [694408.391566265, 2574007.8534136545], [694398.3915662649, 2574007.8534136545], [694388.391566265, 2574007.8534136545], [694378.391566265, 2574007.8534136545], [694368.3915662649, 2574007.8534136545], [694358.391566265, 2574007.8534136545], [694349.2248995984, 2573998.686746988], [694348.391566265, 2573997.853413655], [694338.3915662649, 2573997.853413655], [694328.391566265, 2573997.853413655], [694318.391566265, 2573997.853413655], [694309.2248995983, 2573988.686746988], [694308.3915662649, 2573987.8534136545], [694298.391566265, 2573987.8534136545], [694288.391566265, 2573987.8534136545], [694279.2248995983, 2573978.686746988], [694278.3915662649, 2573977.8534136545], [694268.391566265, 2573977.8534136545], [694258.391566265, 2573977.8534136545], [694248.3915662649, 2573977.8534136545], [694238.391566265, 2573977.8534136545], [694229.2248995984, 2573968.686746988], [694228.391566265, 2573967.853413655], [694218.3915662649, 2573967.853413655], [694208.391566265, 2573967.853413655], [694198.391566265, 2573967.853413655], [694189.2248995983, 2573958.686746988], [694188.3915662649, 2573957.8534136545], [694178.391566265, 2573957.8534136545], [694168.391566265, 2573957.8534136545], [694158.3915662649, 2573957.8534136545], [694149.2248995983, 2573948.686746988], [694148.391566265, 2573947.8534136545], [694138.391566265, 2573947.8534136545], [694128.3915662649, 2573947.8534136545], [694118.391566265, 2573947.8534136545], [694108.391566265, 2573947.8534136545], [694098.3915662649, 2573947.8534136545], [694088.391566265, 2573947.8534136545], [694078.391566265, 2573947.8534136545], [694068.3915662649, 2573947.8534136545], [694058.391566265, 2573947.8534136545], [694048.391566265, 2573947.8534136545], [694038.3915662649, 2573947.8534136545], [694028.391566265, 2573947.8534136545], [694019.2248995984, 2573938.686746988], [694018.391566265, 2573937.853413655], [694008.3915662649, 2573937.853413655], [693998.391566265, 2573937.853413655], [693988.391566265, 2573937.853413655], [693979.2248995983, 2573928.686746988], [693978.3915662649, 2573927.8534136545], [693968.391566265, 2573927.8534136545], [693958.391566265, 2573927.8534136545], [693948.3915662649, 2573927.8534136545], [693938.391566265, 2573927.8534136545], [693928.391566265, 2573927.8534136545], [693918.3915662649, 2573927.8534136545], [693917.5582329317, 2573928.686746988], [693908.391566265, 2573937.853413655], [693898.391566265, 2573937.853413655], [693889.2248995983, 2573928.686746988], [693888.3915662649, 2573927.8534136545], [693879.2248995983, 2573918.686746988], [693878.391566265, 2573917.8534136545], [693868.391566265, 2573917.8534136545], [693859.2248995983, 2573908.686746988], [693858.3915662649, 2573907.853413655], [693849.2248995983, 2573898.686746988], [693849.2248995983, 2573888.686746988], [693848.391566265, 2573887.8534136545], [693839.2248995984, 2573878.686746988], [693838.391566265, 2573877.853413655], [693829.2248995983, 2573868.686746988], [693829.2248995983, 2573858.686746988], [693828.3915662649, 2573857.8534136545], [693819.2248995983, 2573848.686746988], [693818.391566265, 2573847.853413655], [693809.2248995984, 2573838.686746988], [693809.2248995984, 2573828.686746988], [693809.2248995984, 2573818.686746988], [693808.391566265, 2573817.853413655], [693799.2248995983, 2573808.686746988], [693799.2248995983, 2573798.686746988], [693799.2248995983, 2573788.686746988], [693799.2248995983, 2573778.686746988], [693799.2248995983, 2573768.686746988], [693798.3915662649, 2573767.8534136545], [693789.2248995983, 2573758.686746988], [693789.2248995983, 2573748.686746988], [693789.2248995983, 2573738.686746988], [693788.391566265, 2573737.8534136545], [693779.2248995984, 2573728.686746988], [693778.391566265, 2573723.686746988], [693773.391566265, 2573718.686746988], [693769.2248995983, 2573708.686746988], [693768.3915662649, 2573707.8534136545], [693759.2248995983, 2573698.686746988], [693758.391566265, 2573697.853413655], [693749.2248995984, 2573688.686746988], [693748.391566265, 2573687.8534136545], [693739.2248995983, 2573678.686746988], [693739.2248995983, 2573668.686746988], [693738.391566265, 2573663.686746988], [693733.391566265, 2573658.686746988], [693728.391566265, 2573653.686746988], [693723.391566265, 2573648.686746988], [693723.391566265, 2573638.686746988], [693718.391566265, 2573633.686746988], [693713.391566265, 2573628.686746988], [693708.391566265, 2573623.686746988], [693703.391566265, 2573618.686746988], [693698.391566265, 2573613.686746988], [693693.391566265, 2573608.686746988], [693688.391566265, 2573603.686746988], [693683.391566265, 2573598.686746988], [693678.391566265, 2573593.686746988], [693673.391566265, 2573588.686746988], [693673.391566265, 2573578.686746988], [693668.391566265, 2573573.686746988], [693663.391566265, 2573568.686746988], [693658.391566265, 2573563.686746988], [693653.391566265, 2573558.686746988], [693653.391566265, 2573548.686746988], [693653.391566265, 2573538.686746988], [693648.391566265, 2573533.686746988], [693643.391566265, 2573528.686746988], [693643.391566265, 2573518.686746988], [693648.391566265, 2573513.686746988], [693653.391566265, 2573508.686746988], [693658.391566265, 2573503.686746988], [693663.391566265, 2573498.686746988], [693663.391566265, 2573488.686746988], [693663.391566265, 2573478.686746988], [693663.391566265, 2573468.686746988], [693668.391566265, 2573463.686746988], [693673.391566265, 2573458.686746988], [693669.2248995983, 2573448.686746988], [693669.2248995983, 2573438.686746988], [693669.2248995983, 2573428.686746988], [693668.391566265, 2573427.853413655], [693659.2248995984, 2573418.686746988], [693658.391566265, 2573417.8534136545], [693649.2248995983, 2573408.686746988], [693648.3915662649, 2573407.8534136545], [693639.2248995983, 2573398.686746988], [693638.391566265, 2573397.853413655], [693628.391566265, 2573393.686746988], [693618.391566265, 2573393.686746988], [693613.391566265, 2573388.686746988], [693608.391566265, 2573383.686746988], [693598.391566265, 2573383.686746988], [693593.391566265, 2573378.686746988], [693588.391566265, 2573373.686746988], [693583.391566265, 2573378.686746988], [693578.391566265, 2573383.686746988], [693568.391566265, 2573383.686746988], [693558.391566265, 2573383.686746988], [693553.391566265, 2573378.686746988], [693553.391566265, 2573368.686746988], [693548.391566265, 2573363.686746988], [693543.391566265, 2573358.686746988], [693538.391566265, 2573353.686746988], [693533.391566265, 2573348.686746988], [693528.391566265, 2573343.686746988], [693523.391566265, 2573338.686746988], [693523.391566265, 2573328.686746988], [693528.391566265, 2573323.686746988], [693533.391566265, 2573318.686746988], [693533.391566265, 2573308.686746988], [693533.391566265, 2573298.686746988], [693533.391566265, 2573288.686746988], [693533.391566265, 2573278.686746988], [693533.391566265, 2573268.686746988], [693528.391566265, 2573263.686746988], [693523.391566265, 2573258.686746988], [693523.391566265, 2573248.686746988], [693518.391566265, 2573243.686746988], [693513.391566265, 2573238.686746988], [693513.391566265, 2573228.686746988], [693510.891566265, 2573218.686746988], [693508.391566265, 2573213.686746988], [693503.391566265, 2573208.686746988], [693498.391566265, 2573203.686746988], [693493.391566265, 2573198.686746988], [693488.391566265, 2573193.686746988], [693483.391566265, 2573188.686746988], [693478.391566265, 2573183.686746988], [693473.391566265, 2573178.686746988], [693468.391566265, 2573173.686746988], [693463.391566265, 2573168.686746988], [693458.391566265, 2573163.686746988], [693453.391566265, 2573158.686746988], [693448.391566265, 2573153.686746988], [693443.391566265, 2573148.686746988], [693440.891566265, 2573138.686746988], [693438.391566265, 2573133.686746988], [693433.391566265, 2573128.686746988], [693428.391566265, 2573123.686746988], [693423.391566265, 2573118.686746988], [693420.891566265, 2573108.686746988], [693418.391566265, 2573103.686746988], [693413.391566265, 2573098.686746988], [693408.391566265, 2573093.686746988], [693403.391566265, 2573088.686746988], [693398.391566265, 2573083.686746988], [693393.391566265, 2573078.686746988], [693388.391566265, 2573073.686746988], [693383.391566265, 2573068.686746988], [693383.391566265, 2573058.686746988], [693378.391566265, 2573053.686746988], [693373.391566265, 2573048.686746988], [693368.391566265, 2573043.686746988], [693363.391566265, 2573038.686746988], [693363.391566265, 2573028.686746988], [693358.391566265, 2573023.686746988], [693353.391566265, 2573018.686746988], [693353.391566265, 2573008.686746988], [693353.391566265, 2572998.686746988], [693353.391566265, 2572988.686746988], [693348.391566265, 2572983.686746988], [693343.391566265, 2572978.686746988], [693343.391566265, 2572968.686746988], [693338.391566265, 2572963.686746988], [693333.391566265, 2572958.686746988], [693328.391566265, 2572953.686746988], [693323.391566265, 2572948.686746988], [693318.391566265, 2572943.686746988], [693308.391566265, 2572943.686746988], [693303.391566265, 2572938.686746988], [693298.391566265, 2572933.686746988], [693293.391566265, 2572938.686746988], [693288.391566265, 2572943.686746988], [693278.391566265, 2572943.686746988], [693268.391566265, 2572943.686746988], [693263.391566265, 2572948.686746988], [693258.391566265, 2572953.686746988], [693253.391566265, 2572958.686746988], [693253.391566265, 2572968.686746988], [693248.391566265, 2572973.686746988], [693243.391566265, 2572978.686746988], [693243.391566265, 2572988.686746988], [693248.391566265, 2572993.686746988], [693253.391566265, 2572998.686746988], [693253.391566265, 2573008.686746988], [693253.391566265, 2573018.686746988], [693258.391566265, 2573023.686746988], [693263.391566265, 2573028.686746988], [693263.391566265, 2573038.686746988], [693263.391566265, 2573048.686746988], [693268.391566265, 2573053.686746988], [693273.391566265, 2573058.686746988], [693273.391566265, 2573068.686746988], [693278.391566265, 2573073.686746988], [693283.391566265, 2573078.686746988], [693283.391566265, 2573088.686746988], [693283.391566265, 2573098.686746988], [693288.391566265, 2573103.686746988], [693293.391566265, 2573108.686746988], [693293.391566265, 2573118.686746988], [693293.391566265, 2573128.686746988], [693288.391566265, 2573133.686746988], [693283.391566265, 2573138.686746988], [693283.391566265, 2573148.686746988], [693283.391566265, 2573158.686746988], [693288.391566265, 2573163.686746988], [693293.391566265, 2573168.686746988], [693298.391566265, 2573173.686746988], [693303.391566265, 2573178.686746988], [693308.391566265, 2573183.686746988], [693313.391566265, 2573188.686746988], [693318.391566265, 2573193.686746988], [693323.391566265, 2573198.686746988], [693323.391566265, 2573208.686746988], [693323.391566265, 2573218.686746988], [693318.391566265, 2573223.686746988], [693313.391566265, 2573228.686746988], [693308.391566265, 2573233.686746988], [693298.391566265, 2573233.686746988], [693288.391566265, 2573233.686746988], [693283.391566265, 2573238.686746988], [693278.391566265, 2573243.686746988], [693268.391566265, 2573243.686746988], [693263.391566265, 2573248.686746988], [693258.391566265, 2573253.686746988], [693248.391566265, 2573253.686746988], [693238.391566265, 2573253.686746988], [693228.391566265, 2573253.686746988], [693218.391566265, 2573253.686746988], [693208.391566265, 2573256.186746988], [693203.391566265, 2573258.686746988], [693198.391566265, 2573263.686746988], [693188.391566265, 2573263.686746988], [693178.391566265, 2573263.686746988], [693168.391566265, 2573266.186746988], [693158.3915662651, 2573267.0200803215], [693148.391566265, 2573267.0200803215], [693138.391566265, 2573267.0200803215], [693128.3915662651, 2573267.0200803215], [693118.391566265, 2573267.0200803215], [693108.391566265, 2573267.0200803215], [693098.391566265, 2573266.186746988], [693088.391566265, 2573263.686746988], [693078.391566265, 2573263.686746988], [693073.391566265, 2573258.686746988], [693068.391566265, 2573253.686746988], [693058.391566265, 2573253.686746988], [693048.391566265, 2573253.686746988], [693043.391566265, 2573258.686746988], [693038.391566265, 2573263.686746988], [693033.391566265, 2573268.686746988], [693033.391566265, 2573278.686746988], [693033.391566265, 2573288.686746988], [693038.391566265, 2573293.686746988], [693043.391566265, 2573298.686746988], [693043.391566265, 2573308.686746988], [693048.391566265, 2573313.686746988], [693053.391566265, 2573318.686746988], [693058.391566265, 2573323.686746988], [693068.391566265, 2573323.686746988], [693073.391566265, 2573318.686746988], [693078.391566265, 2573313.686746988], [693088.391566265, 2573313.686746988], [693098.391566265, 2573313.686746988], [693108.391566265, 2573311.186746988], [693118.391566265, 2573310.353413655], [693128.3915662651, 2573310.353413655], [693138.391566265, 2573313.686746988], [693148.391566265, 2573313.686746988], [693153.391566265, 2573318.686746988], [693158.391566265, 2573323.686746988], [693168.391566265, 2573323.686746988], [693173.391566265, 2573328.686746988], [693178.391566265, 2573333.686746988], [693183.391566265, 2573338.686746988], [693188.391566265, 2573343.686746988], [693193.391566265, 2573348.686746988], [693198.391566265, 2573353.686746988], [693208.391566265, 2573353.686746988], [693218.391566265, 2573353.686746988], [693228.391566265, 2573353.686746988], [693233.391566265, 2573358.686746988], [693238.391566265, 2573363.686746988], [693248.391566265, 2573363.686746988], [693258.391566265, 2573363.686746988], [693268.391566265, 2573363.686746988], [693278.391566265, 2573363.686746988], [693288.391566265, 2573363.686746988], [693298.391566265, 2573363.686746988], [693303.391566265, 2573368.686746988], [693308.391566265, 2573373.686746988], [693318.391566265, 2573373.686746988], [693328.391566265, 2573373.686746988], [693338.391566265, 2573373.686746988], [693348.391566265, 2573373.686746988], [693358.391566265, 2573373.686746988], [693368.391566265, 2573373.686746988], [693373.391566265, 2573378.686746988], [693378.391566265, 2573383.686746988], [693388.391566265, 2573383.686746988], [693393.391566265, 2573388.686746988], [693398.391566265, 2573393.686746988], [693408.391566265, 2573393.686746988], [693413.391566265, 2573398.686746988], [693418.391566265, 2573403.686746988], [693423.391566265, 2573408.686746988], [693428.391566265, 2573413.686746988], [693433.391566265, 2573418.686746988], [693438.391566265, 2573423.686746988], [693443.391566265, 2573428.686746988], [693438.391566265, 2573433.686746988], [693433.391566265, 2573438.686746988], [693428.391566265, 2573443.686746988], [693418.391566265, 2573443.686746988], [693413.391566265, 2573448.686746988], [693413.391566265, 2573458.686746988], [693413.391566265, 2573468.686746988], [693418.391566265, 2573473.686746988], [693423.391566265, 2573478.686746988], [693428.391566265, 2573483.686746988], [693438.391566265, 2573483.686746988], [693443.391566265, 2573478.686746988], [693448.391566265, 2573473.686746988], [693458.391566265, 2573473.686746988], [693463.391566265, 2573478.686746988], [693468.391566265, 2573483.686746988], [693473.391566265, 2573488.686746988], [693473.391566265, 2573498.686746988], [693473.391566265, 2573508.686746988], [693473.391566265, 2573518.686746988], [693478.391566265, 2573523.686746988], [693483.391566265, 2573528.686746988], [693488.391566265, 2573533.686746988], [693493.391566265, 2573538.686746988], [693498.391566265, 2573543.686746988], [693503.391566265, 2573548.686746988], [693508.391566265, 2573553.686746988], [693513.391566265, 2573558.686746988], [693518.391566265, 2573563.686746988], [693523.391566265, 2573568.686746988], [693528.391566265, 2573573.686746988], [693533.391566265, 2573578.686746988], [693538.391566265, 2573583.686746988], [693548.391566265, 2573583.686746988], [693553.391566265, 2573588.686746988], [693558.391566265, 2573593.686746988], [693563.391566265, 2573598.686746988], [693563.391566265, 2573608.686746988], [693568.391566265, 2573613.686746988], [693573.391566265, 2573618.686746988], [693573.391566265, 2573628.686746988], [693578.391566265, 2573633.686746988], [693583.391566265, 2573638.686746988], [693583.391566265, 2573648.686746988], [693583.391566265, 2573658.686746988], [693588.391566265, 2573663.686746988], [693593.391566265, 2573668.686746988], [693598.391566265, 2573673.686746988], [693603.391566265, 2573678.686746988], [693608.391566265, 2573683.686746988], [693613.391566265, 2573688.686746988], [693618.391566265, 2573693.686746988], [693628.391566265, 2573693.686746988], [693633.391566265, 2573698.686746988], [693638.391566265, 2573703.686746988], [693643.391566265, 2573708.686746988], [693648.391566265, 2573713.686746988], [693653.391566265, 2573718.686746988], [693658.391566265, 2573723.686746988], [693663.391566265, 2573728.686746988], [693668.391566265, 2573733.686746988], [693673.391566265, 2573738.686746988], [693678.391566265, 2573743.686746988], [693683.391566265, 2573748.686746988], [693678.391566265, 2573753.686746988], [693673.391566265, 2573758.686746988], [693668.391566265, 2573763.686746988], [693663.391566265, 2573768.686746988], [693658.391566265, 2573773.686746988], [693648.391566265, 2573773.686746988], [693643.391566265, 2573778.686746988], [693638.391566265, 2573783.686746988], [693633.391566265, 2573788.686746988], [693628.391566265, 2573793.686746988], [693618.391566265, 2573793.686746988], [693608.391566265, 2573793.686746988], [693598.391566265, 2573793.686746988], [693588.391566265, 2573793.686746988], [693578.391566265, 2573793.686746988], [693573.391566265, 2573788.686746988], [693568.391566265, 2573783.686746988], [693558.391566265, 2573783.686746988], [693548.391566265, 2573783.686746988], [693538.391566265, 2573783.686746988], [693533.391566265, 2573778.686746988], [693528.391566265, 2573773.686746988], [693523.391566265, 2573768.686746988], [693518.391566265, 2573763.686746988], [693513.391566265, 2573758.686746988], [693513.391566265, 2573748.686746988], [693513.391566265, 2573738.686746988], [693518.391566265, 2573733.686746988], [693523.391566265, 2573728.686746988], [693528.391566265, 2573723.686746988], [693533.391566265, 2573718.686746988], [693533.391566265, 2573708.686746988], [693528.391566265, 2573703.686746988], [693523.391566265, 2573698.686746988], [693518.391566265, 2573693.686746988], [693508.391566265, 2573693.686746988], [693503.391566265, 2573688.686746988], [693498.391566265, 2573683.686746988], [693488.391566265, 2573683.686746988], [693478.391566265, 2573683.686746988], [693473.391566265, 2573678.686746988], [693468.391566265, 2573673.686746988], [693458.391566265, 2573673.686746988], [693453.391566265, 2573668.686746988], [693448.391566265, 2573663.686746988], [693443.391566265, 2573658.686746988], [693438.391566265, 2573653.686746988], [693428.391566265, 2573653.686746988], [693423.391566265, 2573658.686746988], [693418.391566265, 2573663.686746988], [693413.391566265, 2573668.686746988], [693408.391566265, 2573673.686746988], [693398.391566265, 2573673.686746988], [693388.391566265, 2573673.686746988], [693378.391566265, 2573673.686746988], [693373.391566265, 2573668.686746988], [693368.391566265, 2573663.686746988], [693358.391566265, 2573663.686746988], [693353.391566265, 2573658.686746988], [693348.391566265, 2573653.686746988], [693338.391566265, 2573653.686746988], [693333.391566265, 2573648.686746988], [693328.391566265, 2573643.686746988], [693323.391566265, 2573638.686746988], [693318.391566265, 2573633.686746988], [693313.391566265, 2573628.686746988], [693308.391566265, 2573623.686746988], [693298.391566265, 2573623.686746988], [693288.391566265, 2573623.686746988], [693283.391566265, 2573628.686746988], [693278.391566265, 2573633.686746988], [693268.391566265, 2573633.686746988], [693258.391566265, 2573633.686746988], [693248.391566265, 2573633.686746988], [693243.391566265, 2573628.686746988], [693238.391566265, 2573623.686746988], [693228.391566265, 2573623.686746988], [693223.391566265, 2573628.686746988], [693218.391566265, 2573633.686746988], [693213.391566265, 2573638.686746988], [693208.391566265, 2573643.686746988], [693203.391566265, 2573648.686746988], [693198.391566265, 2573653.686746988], [693188.391566265, 2573653.686746988], [693178.391566265, 2573653.686746988], [693168.391566265, 2573653.686746988], [693158.391566265, 2573653.686746988], [693148.391566265, 2573653.686746988], [693138.391566265, 2573653.686746988], [693128.391566265, 2573653.686746988], [693118.391566265, 2573653.686746988], [693108.391566265, 2573653.686746988], [693098.391566265, 2573657.8534136545], [693097.5582329317, 2573658.686746988], [693088.391566265, 2573667.853413655], [693087.5582329317, 2573668.686746988], [693078.3915662649, 2573677.8534136545], [693068.391566265, 2573677.8534136545], [693058.391566265, 2573677.8534136545], [693049.2248995983, 2573668.686746988], [693048.3915662649, 2573667.853413655], [693039.2248995983, 2573658.686746988], [693038.391566265, 2573657.8534136545], [693029.2248995984, 2573648.686746988], [693029.2248995984, 2573638.686746988], [693028.391566265, 2573637.853413655], [693019.2248995983, 2573628.686746988], [693019.2248995983, 2573618.686746988], [693018.3915662649, 2573617.8534136545], [693009.2248995983, 2573608.686746988], [693008.391566265, 2573607.853413655], [692999.2248995984, 2573598.686746988], [692998.391566265, 2573597.8534136545], [692989.2248995983, 2573588.686746988], [692988.3915662649, 2573587.8534136545], [692979.2248995983, 2573578.686746988], [692978.391566265, 2573577.853413655], [692969.2248995984, 2573568.686746988], [692968.391566265, 2573567.8534136545], [692959.2248995983, 2573558.686746988], [692958.3915662649, 2573557.8534136545], [692949.2248995983, 2573548.686746988], [692949.2248995983, 2573538.686746988], [692948.391566265, 2573537.8534136545], [692939.2248995984, 2573528.686746988], [692938.391566265, 2573527.8534136545], [692929.2248995983, 2573518.686746988], [692928.3915662649, 2573517.853413655], [692919.2248995983, 2573508.686746988], [692919.2248995983, 2573498.686746988], [692918.391566265, 2573497.8534136545], [692909.2248995984, 2573488.686746988], [692908.391566265, 2573487.853413655], [692899.2248995983, 2573478.686746988], [692898.3915662649, 2573477.8534136545], [692889.2248995983, 2573468.686746988], [692888.391566265, 2573467.8534136545], [692879.2248995984, 2573458.686746988], [692878.391566265, 2573457.853413655], [692869.2248995983, 2573448.686746988], [692868.3915662649, 2573447.8534136545], [692859.2248995983, 2573438.686746988], [692858.391566265, 2573437.8534136545], [692849.2248995984, 2573428.686746988], [692848.391566265, 2573427.853413655], [692839.2248995983, 2573418.686746988], [692838.3915662649, 2573417.8534136545], [692829.2248995983, 2573408.686746988], [692828.391566265, 2573407.8534136545], [692819.2248995984, 2573398.686746988], [692818.391566265, 2573397.853413655], [692809.2248995983, 2573388.686746988], [692808.3915662649, 2573387.8534136545], [692799.2248995983, 2573378.686746988], [692798.391566265, 2573377.8534136545], [692788.391566265, 2573377.8534136545], [692779.2248995983, 2573368.686746988], [692778.3915662649, 2573367.853413655], [692769.2248995983, 2573358.686746988], [692768.391566265, 2573357.8534136545], [692759.2248995984, 2573348.686746988], [692758.391566265, 2573347.8534136545], [692748.3915662649, 2573347.8534136545], [692739.2248995983, 2573338.686746988], [692738.391566265, 2573337.853413655], [692729.2248995984, 2573328.686746988], [692728.391566265, 2573327.8534136545], [692719.2248995983, 2573318.686746988], [692718.3915662649, 2573317.8534136545], [692709.2248995983, 2573308.686746988], [692708.391566265, 2573307.853413655], [692698.391566265, 2573307.853413655], [692689.2248995983, 2573298.686746988], [692688.3915662649, 2573297.8534136545], [692679.2248995983, 2573288.686746988], [692678.391566265, 2573287.8534136545], [692669.2248995984, 2573278.686746988], [692668.391566265, 2573277.853413655], [692659.2248995983, 2573268.686746988], [692658.3915662649, 2573267.8534136545], [692648.391566265, 2573267.8534136545], [692639.2248995984, 2573258.686746988], [692638.391566265, 2573257.8534136545], [692629.2248995983, 2573248.686746988], [692628.3915662649, 2573247.853413655], [692618.391566265, 2573247.853413655], [692609.2248995984, 2573238.686746988], [692608.391566265, 2573237.8534136545], [692598.3915662649, 2573237.8534136545], [692589.2248995983, 2573228.686746988], [692588.391566265, 2573227.8534136545], [692578.391566265, 2573227.8534136545], [692569.2248995983, 2573218.686746988], [692568.3915662649, 2573217.853413655], [692558.391566265, 2573217.853413655], [692549.2248995984, 2573208.686746988], [692548.391566265, 2573207.8534136545], [692538.3915662649, 2573207.8534136545], [692529.2248995983, 2573198.686746988], [692528.391566265, 2573197.8534136545], [692518.391566265, 2573197.8534136545], [692509.2248995983, 2573188.686746988], [692508.3915662649, 2573187.853413655], [692498.391566265, 2573187.853413655], [692489.2248995984, 2573178.686746988], [692488.391566265, 2573177.8534136545], [692479.2248995983, 2573168.686746988], [692478.3915662649, 2573167.8534136545], [692468.391566265, 2573167.8534136545], [692459.2248995984, 2573158.686746988], [692458.391566265, 2573157.853413655], [692448.3915662649, 2573157.853413655], [692439.2248995983, 2573148.686746988], [692438.391566265, 2573147.8534136545], [692428.391566265, 2573147.8534136545], [692419.2248995983, 2573138.686746988], [692418.3915662649, 2573137.8534136545], [692408.391566265, 2573137.8534136545], [692399.2248995984, 2573128.686746988], [692398.391566265, 2573127.853413655], [692388.3915662649, 2573127.853413655], [692379.2248995983, 2573118.686746988], [692378.391566265, 2573117.8534136545], [692368.391566265, 2573117.8534136545], [692359.2248995983, 2573108.686746988], [692358.3915662649, 2573107.8534136545], [692348.391566265, 2573107.8534136545], [692339.2248995984, 2573098.686746988], [692338.391566265, 2573097.853413655], [692329.2248995983, 2573088.686746988], [692328.3915662649, 2573087.8534136545], [692319.2248995983, 2573078.686746988], [692319.2248995983, 2573068.686746988], [692318.391566265, 2573067.853413655], [692309.2248995984, 2573058.686746988], [692309.2248995984, 2573048.686746988], [692309.2248995984, 2573038.686746988], [692308.391566265, 2573033.686746988], [692303.391566265, 2573028.686746988], [692303.391566265, 2573018.686746988], [692299.2248995983, 2573008.686746988], [692298.391566265, 2573003.686746988], [692293.391566265, 2572998.686746988], [692293.391566265, 2572988.686746988], [692290.891566265, 2572978.686746988], [692289.2248995983, 2572968.686746988], [692288.391566265, 2572963.686746988], [692283.391566265, 2572958.686746988], [692278.391566265, 2572956.186746988], [692273.391566265, 2572958.686746988], [692268.391566265, 2572963.686746988], [692267.391566265, 2572968.686746988], [692258.391566265, 2572977.686746988], [692257.5582329317, 2572978.686746988], [692256.7248995984, 2572988.686746988], [692253.391566265, 2572998.686746988], [692253.391566265, 2573008.686746988], [692248.391566265, 2573013.686746988], [692247.5582329317, 2573018.686746988], [692243.391566265, 2573028.686746988], [692238.391566265, 2573033.686746988], [692237.5582329317, 2573038.686746988], [692228.391566265, 2573047.8534136545], [692227.5582329317, 2573048.686746988], [692218.391566265, 2573057.8534136545], [692217.5582329317, 2573058.686746988], [692208.3915662649, 2573067.853413655], [692207.5582329317, 2573068.686746988], [692198.391566265, 2573077.8534136545], [692188.391566265, 2573077.8534136545], [692178.3915662649, 2573077.8534136545], [692169.2248995983, 2573068.686746988], [692168.391566265, 2573067.853413655], [692158.391566265, 2573067.853413655], [692149.2248995983, 2573058.686746988], [692148.3915662649, 2573057.8534136545], [692138.391566265, 2573057.8534136545], [692128.391566265, 2573057.8534136545], [692119.2248995983, 2573048.686746988], [692118.3915662649, 2573047.8534136545], [692108.391566265, 2573047.8534136545], [692099.2248995984, 2573038.686746988], [692098.391566265, 2573037.853413655], [692088.3915662649, 2573037.853413655], [692078.391566265, 2573037.853413655], [692068.391566265, 2573037.853413655], [692059.2248995983, 2573028.686746988], [692058.3915662649, 2573027.8534136545], [692049.2248995983, 2573018.686746988], [692048.391566265, 2573017.8534136545], [692038.391566265, 2573017.8534136545], [692028.3915662649, 2573017.8534136545], [692019.2248995983, 2573008.686746988], [692018.391566265, 2573007.853413655], [692008.391566265, 2573007.853413655], [691999.2248995983, 2572998.686746988], [691998.3915662649, 2572997.8534136545], [691988.391566265, 2572997.8534136545], [691978.391566265, 2572997.8534136545], [691968.3915662649, 2572997.8534136545], [691959.2248995983, 2572988.686746988], [691958.391566265, 2572987.8534136545], [691948.391566265, 2572987.8534136545], [691939.2248995983, 2572978.686746988], [691938.3915662649, 2572977.853413655], [691928.391566265, 2572977.853413655], [691919.2248995984, 2572968.686746988], [691918.391566265, 2572967.8534136545], [691909.2248995983, 2572958.686746988], [691908.3915662649, 2572957.8534136545], [691898.391566265, 2572957.8534136545], [691889.2248995984, 2572948.686746988], [691888.391566265, 2572947.853413655], [691878.3915662649, 2572947.853413655], [691869.2248995983, 2572938.686746988], [691868.391566265, 2572937.8534136545], [691858.391566265, 2572937.8534136545], [691848.3915662649, 2572937.8534136545], [691838.391566265, 2572937.8534136545], [691829.2248995984, 2572928.686746988], [691828.391566265, 2572927.8534136545], [691818.3915662649, 2572927.8534136545], [691808.391566265, 2572927.8534136545], [691799.2248995984, 2572918.686746988], [691798.391566265, 2572917.853413655], [691788.3915662649, 2572917.853413655], [691778.391566265, 2572917.853413655], [691777.5582329317, 2572918.686746988], [691768.391566265, 2572927.8534136545], [691758.3915662649, 2572927.8534136545], [691748.391566265, 2572927.8534136545], [691738.391566265, 2572927.8534136545], [691729.2248995983, 2572918.686746988], [691728.3915662649, 2572917.853413655], [691718.391566265, 2572917.853413655], [691708.391566265, 2572917.853413655], [691699.2248995983, 2572908.686746988], [691698.3915662649, 2572907.8534136545], [691688.391566265, 2572907.8534136545], [691679.2248995984, 2572898.686746988], [691678.391566265, 2572897.8534136545], [691668.3915662649, 2572897.8534136545], [691659.2248995983, 2572888.686746988], [691658.391566265, 2572887.853413655], [691649.2248995984, 2572878.686746988], [691648.391566265, 2572877.8534136545], [691647.5582329317, 2572878.686746988], [691638.3915662649, 2572887.853413655], [691637.5582329317, 2572888.686746988], [691637.5582329317, 2572898.686746988], [691637.5582329317, 2572908.686746988], [691628.391566265, 2572917.853413655], [691627.5582329317, 2572918.686746988], [691627.5582329317, 2572928.686746988], [691627.5582329317, 2572938.686746988], [691627.5582329317, 2572948.686746988], [691627.5582329317, 2572958.686746988], [691627.5582329317, 2572968.686746988], [691627.5582329317, 2572978.686746988], [691618.391566265, 2572987.8534136545], [691617.5582329317, 2572988.686746988], [691617.5582329317, 2572998.686746988], [691608.3915662649, 2573007.853413655], [691607.5582329317, 2573008.686746988], [691607.5582329317, 2573018.686746988], [691607.5582329317, 2573028.686746988], [691607.5582329317, 2573038.686746988], [691598.391566265, 2573047.8534136545], [691597.5582329317, 2573048.686746988], [691597.5582329317, 2573058.686746988], [691597.5582329317, 2573068.686746988], [691597.5582329317, 2573078.686746988], [691597.5582329317, 2573088.686746988], [691598.391566265, 2573089.520080321], [691607.5582329317, 2573098.686746988], [691608.3915662649, 2573099.5200803215], [691617.5582329317, 2573108.686746988], [691618.391566265, 2573109.5200803215], [691628.391566265, 2573109.5200803215], [691638.3915662649, 2573109.5200803215], [691647.5582329317, 2573118.686746988], [691648.391566265, 2573119.520080321], [691658.391566265, 2573119.520080321], [691667.5582329317, 2573128.686746988], [691668.3915662649, 2573129.5200803215], [691678.391566265, 2573129.5200803215], [691687.5582329317, 2573138.686746988], [691688.391566265, 2573139.5200803215], [691698.3915662649, 2573139.5200803215], [691708.391566265, 2573139.5200803215], [691718.391566265, 2573139.5200803215], [691728.3915662649, 2573139.5200803215], [691737.5582329317, 2573148.686746988], [691738.391566265, 2573149.520080321], [691747.5582329317, 2573158.686746988], [691748.391566265, 2573159.5200803215], [691757.5582329317, 2573168.686746988], [691757.5582329317, 2573178.686746988], [691757.5582329317, 2573188.686746988], [691758.3915662649, 2573189.5200803215], [691767.5582329317, 2573198.686746988], [691768.391566265, 2573199.5200803215], [691778.391566265, 2573199.5200803215], [691788.3915662649, 2573199.5200803215], [691798.391566265, 2573199.5200803215], [691808.391566265, 2573199.5200803215], [691818.3915662649, 2573199.5200803215], [691828.391566265, 2573199.5200803215], [691838.391566265, 2573199.5200803215], [691847.5582329317, 2573208.686746988], [691848.3915662649, 2573209.520080321], [691858.391566265, 2573209.520080321], [691867.5582329317, 2573218.686746988], [691868.391566265, 2573219.5200803215], [691878.3915662649, 2573219.5200803215], [691887.5582329317, 2573228.686746988], [691888.391566265, 2573229.5200803215], [691898.391566265, 2573229.5200803215], [691907.5582329317, 2573238.686746988], [691908.3915662649, 2573239.520080321], [691918.391566265, 2573239.520080321], [691928.391566265, 2573239.520080321], [691937.5582329317, 2573248.686746988], [691938.3915662649, 2573249.5200803215], [691948.391566265, 2573249.5200803215], [691957.5582329317, 2573258.686746988], [691958.391566265, 2573259.5200803215], [691968.3915662649, 2573259.5200803215], [691977.5582329317, 2573268.686746988], [691978.391566265, 2573269.520080321], [691987.5582329317, 2573278.686746988], [691988.391566265, 2573279.5200803215], [691998.3915662649, 2573279.5200803215], [692008.391566265, 2573279.5200803215], [692018.391566265, 2573279.5200803215], [692028.3915662649, 2573279.5200803215], [692037.5582329317, 2573288.686746988], [692038.391566265, 2573289.5200803215], [692048.391566265, 2573289.5200803215], [692057.5582329317, 2573298.686746988], [692058.3915662649, 2573299.520080321], [692067.5582329317, 2573308.686746988], [692068.391566265, 2573309.5200803215], [692078.391566265, 2573309.5200803215], [692087.5582329317, 2573318.686746988], [692088.3915662649, 2573319.5200803215], [692097.5582329317, 2573328.686746988], [692097.5582329317, 2573338.686746988], [692097.5582329317, 2573348.686746988], [692098.391566265, 2573349.5200803215], [692107.5582329317, 2573358.686746988], [692107.5582329317, 2573368.686746988], [692108.391566265, 2573369.5200803215], [692117.5582329317, 2573378.686746988], [692117.5582329317, 2573388.686746988], [692117.5582329317, 2573398.686746988], [692118.3915662649, 2573399.5200803215], [692127.5582329317, 2573408.686746988], [692127.5582329317, 2573418.686746988], [692118.3915662649, 2573427.853413655], [692117.5582329317, 2573428.686746988], [692108.391566265, 2573437.8534136545], [692098.391566265, 2573437.8534136545], [692088.391566265, 2573433.686746988], [692078.391566265, 2573433.686746988], [692068.391566265, 2573433.686746988], [692058.391566265, 2573433.686746988], [692048.391566265, 2573433.686746988], [692043.391566265, 2573428.686746988], [692038.391566265, 2573427.853413655], [692028.3915662649, 2573427.853413655], [692018.391566265, 2573426.186746988], [692008.391566265, 2573423.686746988], [692003.391566265, 2573428.686746988], [691998.391566265, 2573433.686746988], [691993.391566265, 2573438.686746988], [691998.391566265, 2573443.686746988], [692003.391566265, 2573448.686746988], [692005.891566265, 2573458.686746988], [692008.391566265, 2573461.186746988], [692015.891566265, 2573468.686746988], [692018.391566265, 2573471.186746988], [692025.891566265, 2573478.686746988], [692028.391566265, 2573480.3534136545], [692038.391566265, 2573483.686746988], [692043.391566265, 2573488.686746988], [692048.391566265, 2573493.686746988], [692053.391566265, 2573498.686746988], [692058.391566265, 2573503.686746988], [692063.391566265, 2573508.686746988], [692068.391566265, 2573513.686746988], [692073.391566265, 2573518.686746988], [692078.391566265, 2573523.686746988], [692083.391566265, 2573528.686746988], [692083.391566265, 2573538.686746988], [692083.391566265, 2573548.686746988], [692088.391566265, 2573553.686746988], [692093.391566265, 2573558.686746988], [692093.391566265, 2573568.686746988], [692093.391566265, 2573578.686746988], [692093.391566265, 2573588.686746988], [692093.391566265, 2573598.686746988], [692093.391566265, 2573608.686746988], [692093.391566265, 2573618.686746988], [692093.391566265, 2573628.686746988], [692093.391566265, 2573638.686746988], [692093.391566265, 2573648.686746988], [692093.391566265, 2573658.686746988], [692088.391566265, 2573663.686746988], [692083.391566265, 2573668.686746988], [692083.391566265, 2573678.686746988], [692088.391566265, 2573683.686746988], [692093.391566265, 2573688.686746988], [692098.391566265, 2573693.686746988], [692103.391566265, 2573698.686746988], [692108.391566265, 2573703.686746988], [692113.391566265, 2573708.686746988], [692113.391566265, 2573718.686746988], [692118.391566265, 2573723.686746988], [692123.391566265, 2573728.686746988], [692128.391566265, 2573733.686746988], [692133.391566265, 2573728.686746988], [692138.391566265, 2573723.686746988], [692143.391566265, 2573718.686746988], [692148.391566265, 2573713.686746988], [692153.391566265, 2573708.686746988], [692158.391566265, 2573703.686746988], [692163.391566265, 2573698.686746988], [692168.391566265, 2573693.686746988], [692178.391566265, 2573693.686746988], [692188.391566265, 2573693.686746988], [692193.391566265, 2573698.686746988], [692198.391566265, 2573703.686746988], [692208.391566265, 2573703.686746988], [692213.391566265, 2573708.686746988], [692218.391566265, 2573713.686746988], [692223.391566265, 2573718.686746988], [692228.391566265, 2573723.686746988], [692238.391566265, 2573723.686746988], [692243.391566265, 2573728.686746988], [692243.391566265, 2573738.686746988], [692243.391566265, 2573748.686746988], [692243.391566265, 2573758.686746988], [692238.391566265, 2573763.686746988], [692233.391566265, 2573768.686746988], [692228.391566265, 2573773.686746988], [692223.391566265, 2573778.686746988], [692223.391566265, 2573788.686746988], [692218.391566265, 2573793.686746988], [692213.391566265, 2573798.686746988], [692213.391566265, 2573808.686746988], [692213.391566265, 2573818.686746988], [692213.391566265, 2573828.686746988], [692213.391566265, 2573838.686746988], [692218.391566265, 2573843.686746988], [692223.391566265, 2573848.686746988], [692228.391566265, 2573853.686746988], [692238.391566265, 2573853.686746988], [692243.391566265, 2573848.686746988], [692248.391566265, 2573843.686746988], [692258.391566265, 2573843.686746988], [692268.391566265, 2573843.686746988], [692278.391566265, 2573843.686746988], [692283.391566265, 2573848.686746988], [692288.391566265, 2573853.686746988], [692293.391566265, 2573858.686746988], [692298.391566265, 2573863.686746988], [692303.391566265, 2573868.686746988], [692303.391566265, 2573878.686746988], [692303.391566265, 2573888.686746988], [692303.391566265, 2573898.686746988], [692303.391566265, 2573908.686746988], [692303.391566265, 2573918.686746988], [692308.391566265, 2573923.686746988], [692313.391566265, 2573928.686746988], [692318.391566265, 2573933.686746988], [692323.391566265, 2573938.686746988], [692328.391566265, 2573943.686746988], [692333.391566265, 2573948.686746988], [692338.391566265, 2573953.686746988], [692343.391566265, 2573958.686746988], [692343.391566265, 2573968.686746988], [692348.391566265, 2573973.686746988], [692353.391566265, 2573978.686746988], [692358.391566265, 2573983.686746988], [692363.391566265, 2573988.686746988], [692363.391566265, 2573998.686746988], [692368.391566265, 2574003.686746988], [692373.391566265, 2574008.686746988], [692373.391566265, 2574018.686746988], [692378.391566265, 2574023.686746988], [692383.391566265, 2574028.686746988], [692388.391566265, 2574033.686746988], [692393.391566265, 2574038.686746988], [692398.391566265, 2574043.686746988], [692403.391566265, 2574048.686746988], [692408.391566265, 2574053.686746988], [692413.391566265, 2574058.686746988], [692418.391566265, 2574063.686746988], [692423.391566265, 2574068.686746988], [692428.391566265, 2574073.686746988], [692438.391566265, 2574073.686746988], [692443.391566265, 2574078.686746988], [692448.391566265, 2574083.686746988], [692453.391566265, 2574088.686746988], [692458.391566265, 2574093.686746988], [692463.391566265, 2574098.686746988], [692463.391566265, 2574108.686746988], [692468.391566265, 2574113.686746988], [692473.391566265, 2574118.686746988], [692478.391566265, 2574123.686746988], [692483.391566265, 2574128.686746988], [692483.391566265, 2574138.686746988], [692483.391566265, 2574148.686746988], [692483.391566265, 2574158.686746988], [692483.391566265, 2574168.686746988], [692483.391566265, 2574178.686746988], [692483.391566265, 2574188.686746988], [692488.391566265, 2574193.686746988], [692493.391566265, 2574198.686746988], [692498.391566265, 2574203.686746988], [692508.391566265, 2574203.686746988], [692513.391566265, 2574208.686746988], [692518.391566265, 2574213.686746988], [692528.391566265, 2574213.686746988], [692538.391566265, 2574213.686746988], [692543.391566265, 2574218.686746988], [692548.391566265, 2574223.686746988], [692558.391566265, 2574223.686746988], [692563.391566265, 2574228.686746988], [692568.3915662649, 2574229.520080321], [692569.2248995983, 2574228.686746988], [692578.391566265, 2574219.5200803215], [692579.2248995984, 2574218.686746988], [692579.2248995984, 2574208.686746988], [692579.2248995984, 2574198.686746988], [692579.2248995984, 2574188.686746988], [692588.391566265, 2574179.5200803215], [692598.3915662649, 2574179.5200803215], [692608.391566265, 2574179.5200803215], [692618.391566265, 2574179.5200803215], [692628.3915662649, 2574179.5200803215], [692629.2248995983, 2574178.686746988], [692638.391566265, 2574169.520080321], [692648.391566265, 2574169.520080321], [692658.3915662649, 2574169.520080321], [692668.391566265, 2574169.520080321], [692678.391566265, 2574169.520080321], [692687.5582329317, 2574178.686746988], [692688.3915662649, 2574179.5200803215], [692697.5582329317, 2574188.686746988], [692697.5582329317, 2574198.686746988], [692688.3915662649, 2574207.853413655], [692687.5582329317, 2574208.686746988], [692687.5582329317, 2574218.686746988], [692683.391566265, 2574228.686746988], [692683.391566265, 2574238.686746988], [692688.391566265, 2574243.686746988], [692693.391566265, 2574248.686746988], [692698.391566265, 2574253.686746988], [692703.391566265, 2574258.686746988], [692703.391566265, 2574268.686746988], [692703.391566265, 2574278.686746988], [692703.391566265, 2574288.686746988], [692703.391566265, 2574298.686746988], [692708.391566265, 2574303.686746988], [692713.391566265, 2574308.686746988], [692713.391566265, 2574318.686746988], [692713.391566265, 2574328.686746988], [692713.391566265, 2574338.686746988], [692718.391566265, 2574343.686746988], [692723.391566265, 2574348.686746988], [692728.391566265, 2574353.686746988], [692733.391566265, 2574358.686746988], [692733.391566265, 2574368.686746988], [692733.391566265, 2574378.686746988], [692733.391566265, 2574388.686746988], [692733.391566265, 2574398.686746988], [692733.391566265, 2574408.686746988], [692733.391566265, 2574418.686746988], [692738.391566265, 2574423.686746988], [692743.391566265, 2574428.686746988], [692743.391566265, 2574438.686746988], [692743.391566265, 2574448.686746988], [692743.391566265, 2574458.686746988], [692743.391566265, 2574468.686746988], [692748.391566265, 2574473.686746988], [692753.391566265, 2574478.686746988], [692758.391566265, 2574483.686746988], [692763.391566265, 2574488.686746988], [692768.391566265, 2574493.686746988], [692778.391566265, 2574493.686746988], [692788.391566265, 2574493.686746988], [692793.391566265, 2574498.686746988], [692798.391566265, 2574503.686746988], [692803.391566265, 2574508.686746988], [692803.391566265, 2574518.686746988], [692808.391566265, 2574523.686746988], [692813.391566265, 2574528.686746988], [692813.391566265, 2574538.686746988], [692818.391566265, 2574543.686746988], [692823.391566265, 2574548.686746988], [692823.391566265, 2574558.686746988], [692828.391566265, 2574563.686746988], [692833.391566265, 2574568.686746988], [692833.391566265, 2574578.686746988], [692833.391566265, 2574588.686746988], [692833.391566265, 2574598.686746988], [692833.391566265, 2574608.686746988], [692838.391566265, 2574613.686746988], [692843.391566265, 2574618.686746988], [692843.391566265, 2574628.686746988], [692843.391566265, 2574638.686746988], [692843.391566265, 2574648.686746988], [692848.391566265, 2574653.686746988], [692853.391566265, 2574658.686746988], [692858.391566265, 2574663.686746988], [692863.391566265, 2574668.686746988], [692868.391566265, 2574673.686746988], [692873.391566265, 2574678.686746988], [692878.391566265, 2574683.686746988], [692883.391566265, 2574688.686746988], [692883.391566265, 2574698.686746988], [692883.391566265, 2574708.686746988], [692888.391566265, 2574713.686746988], [692893.391566265, 2574718.686746988], [692893.391566265, 2574728.686746988], [692898.391566265, 2574733.686746988], [692903.391566265, 2574738.686746988], [692903.391566265, 2574748.686746988], [692908.391566265, 2574753.686746988], [692913.391566265, 2574758.686746988], [692918.391566265, 2574763.686746988], [692923.391566265, 2574768.686746988], [692928.391566265, 2574773.686746988], [692938.391566265, 2574773.686746988], [692948.391566265, 2574773.686746988], [692958.391566265, 2574773.686746988], [692968.391566265, 2574773.686746988], [692973.391566265, 2574778.686746988], [692978.391566265, 2574783.686746988], [692983.391566265, 2574788.686746988], [692983.391566265, 2574798.686746988], [692988.391566265, 2574803.686746988], [692993.391566265, 2574808.686746988], [692993.391566265, 2574818.686746988], [692998.391566265, 2574823.686746988], [693003.391566265, 2574828.686746988], [693003.391566265, 2574838.686746988], [693003.391566265, 2574848.686746988], [693008.391566265, 2574853.686746988], [693013.391566265, 2574858.686746988], [693018.391566265, 2574863.686746988], [693023.391566265, 2574868.686746988], [693028.391566265, 2574873.686746988], [693033.391566265, 2574878.686746988], [693038.391566265, 2574883.686746988], [693043.391566265, 2574888.686746988], [693048.391566265, 2574893.686746988], [693058.391566265, 2574893.686746988], [693063.391566265, 2574898.686746988], [693068.391566265, 2574903.686746988], [693073.391566265, 2574908.686746988], [693078.391566265, 2574913.686746988], [693083.391566265, 2574918.686746988], [693088.391566265, 2574923.686746988], [693093.391566265, 2574928.686746988], [693098.391566265, 2574933.686746988], [693108.391566265, 2574933.686746988], [693113.391566265, 2574938.686746988], [693118.391566265, 2574943.686746988], [693128.391566265, 2574943.686746988], [693138.391566265, 2574943.686746988], [693148.391566265, 2574943.686746988], [693153.391566265, 2574948.686746988], [693158.391566265, 2574953.686746988], [693168.391566265, 2574953.686746988], [693178.391566265, 2574953.686746988], [693183.391566265, 2574958.686746988], [693188.391566265, 2574963.686746988], [693193.391566265, 2574968.686746988], [693193.391566265, 2574978.686746988], [693198.391566265, 2574983.686746988], [693203.391566265, 2574988.686746988], [693208.391566265, 2574993.686746988], [693218.391566265, 2574993.686746988], [693223.391566265, 2574998.686746988], [693228.391566265, 2575003.686746988], [693233.391566265, 2575008.686746988], [693233.391566265, 2575018.686746988], [693238.391566265, 2575023.686746988], [693243.391566265, 2575028.686746988], [693248.391566265, 2575033.686746988], [693253.391566265, 2575038.686746988], [693258.391566265, 2575043.686746988], [693263.391566265, 2575048.686746988], [693268.391566265, 2575053.686746988], [693273.391566265, 2575058.686746988], [693278.391566265, 2575063.686746988], [693283.391566265, 2575068.686746988], [693288.391566265, 2575073.686746988], [693293.391566265, 2575078.686746988], [693293.391566265, 2575088.686746988], [693298.391566265, 2575093.686746988], [693303.391566265, 2575098.686746988], [693308.391566265, 2575103.686746988], [693313.391566265, 2575108.686746988], [693318.391566265, 2575113.686746988], [693323.391566265, 2575118.686746988], [693328.391566265, 2575123.686746988], [693333.391566265, 2575128.686746988], [693338.391566265, 2575133.686746988], [693343.391566265, 2575138.686746988], [693348.391566265, 2575143.686746988], [693353.391566265, 2575148.686746988], [693353.391566265, 2575158.686746988], [693358.391566265, 2575163.686746988], [693363.391566265, 2575168.686746988], [693363.391566265, 2575178.686746988], [693368.391566265, 2575183.686746988], [693373.391566265, 2575188.686746988], [693373.391566265, 2575198.686746988], [693373.391566265, 2575208.686746988], [693373.391566265, 2575218.686746988], [693368.391566265, 2575223.686746988], [693363.391566265, 2575228.686746988], [693358.391566265, 2575233.686746988], [693348.391566265, 2575233.686746988], [693338.391566265, 2575233.686746988], [693333.391566265, 2575238.686746988], [693328.391566265, 2575243.686746988], [693323.391566265, 2575248.686746988], [693323.391566265, 2575258.686746988], [693318.391566265, 2575263.686746988], [693308.391566265, 2575263.686746988], [693298.391566265, 2575263.686746988], [693288.391566265, 2575263.686746988], [693283.391566265, 2575268.686746988], [693278.391566265, 2575273.686746988], [693273.391566265, 2575278.686746988], [693273.391566265, 2575288.686746988], [693273.391566265, 2575298.686746988], [693268.391566265, 2575303.686746988], [693258.391566265, 2575303.686746988], [693248.391566265, 2575303.686746988], [693238.391566265, 2575303.686746988], [693233.391566265, 2575308.686746988], [693233.391566265, 2575318.686746988], [693233.391566265, 2575328.686746988], [693238.391566265, 2575333.686746988], [693243.391566265, 2575338.686746988], [693248.391566265, 2575343.686746988], [693258.391566265, 2575343.686746988], [693263.391566265, 2575348.686746988], [693268.391566265, 2575353.686746988], [693278.391566265, 2575353.686746988], [693288.391566265, 2575353.686746988], [693293.391566265, 2575358.686746988], [693298.391566265, 2575363.686746988], [693308.391566265, 2575363.686746988], [693313.391566265, 2575368.686746988], [693318.391566265, 2575373.686746988], [693323.391566265, 2575368.686746988], [693328.391566265, 2575363.686746988], [693338.391566265, 2575363.686746988], [693348.391566265, 2575363.686746988], [693358.391566265, 2575363.686746988], [693368.391566265, 2575363.686746988], [693373.391566265, 2575368.686746988], [693378.391566265, 2575373.686746988], [693388.391566265, 2575373.686746988], [693393.391566265, 2575378.686746988], [693398.391566265, 2575383.686746988], [693408.391566265, 2575383.686746988], [693418.391566265, 2575383.686746988], [693428.391566265, 2575383.686746988], [693438.391566265, 2575383.686746988], [693448.391566265, 2575383.686746988], [693458.391566265, 2575383.686746988], [693468.391566265, 2575383.686746988], [693473.391566265, 2575378.686746988], [693478.391566265, 2575373.686746988], [693488.391566265, 2575373.686746988], [693493.391566265, 2575368.686746988], [693498.391566265, 2575363.686746988], [693508.391566265, 2575363.686746988], [693518.391566265, 2575363.686746988], [693523.391566265, 2575368.686746988], [693528.391566265, 2575373.686746988], [693538.391566265, 2575373.686746988], [693548.391566265, 2575373.686746988], [693553.391566265, 2575378.686746988], [693558.391566265, 2575383.686746988], [693568.391566265, 2575383.686746988], [693573.391566265, 2575388.686746988], [693578.391566265, 2575393.686746988], [693588.3915662649, 2575389.5200803215], [693597.5582329317, 2575398.686746988], [693598.391566265, 2575399.520080321], [693608.391566265, 2575399.520080321], [693617.5582329317, 2575408.686746988], [693618.3915662649, 2575409.5200803215], [693627.5582329317, 2575418.686746988], [693628.391566265, 2575419.5200803215], [693637.5582329317, 2575428.686746988], [693638.391566265, 2575429.520080321], [693647.5582329317, 2575438.686746988], [693648.3915662649, 2575439.5200803215], [693658.391566265, 2575439.5200803215], [693668.391566265, 2575443.686746988], [693673.391566265, 2575448.686746988], [693678.3915662649, 2575449.5200803215], [693688.391566265, 2575453.686746988], [693698.391566265, 2575453.686746988], [693703.391566265, 2575458.686746988], [693708.3915662649, 2575459.520080321], [693718.391566265, 2575459.520080321], [693728.391566265, 2575459.520080321], [693738.3915662649, 2575459.520080321], [693748.391566265, 2575459.520080321], [693758.391566265, 2575459.520080321], [693768.3915662649, 2575459.520080321], [693778.391566265, 2575459.520080321], [693787.5582329317, 2575468.686746988], [693788.391566265, 2575469.5200803215], [693797.5582329317, 2575478.686746988], [693798.391566265, 2575483.686746988], [693808.391566265, 2575483.686746988], [693818.391566265, 2575483.686746988], [693828.391566265, 2575483.686746988], [693833.391566265, 2575488.686746988], [693838.391566265, 2575493.686746988], [693848.391566265, 2575493.686746988], [693853.391566265, 2575488.686746988], [693858.391566265, 2575483.686746988], [693868.391566265, 2575483.686746988], [693873.391566265, 2575478.686746988], [693878.391566265, 2575473.686746988], [693888.391566265, 2575473.686746988], [693898.391566265, 2575473.686746988], [693903.391566265, 2575478.686746988], [693908.391566265, 2575483.686746988], [693913.391566265, 2575488.686746988], [693913.391566265, 2575498.686746988], [693913.391566265, 2575508.686746988], [693908.391566265, 2575513.686746988], [693903.391566265, 2575518.686746988], [693898.391566265, 2575523.686746988], [693893.391566265, 2575528.686746988], [693893.391566265, 2575538.686746988], [693888.391566265, 2575543.686746988], [693883.391566265, 2575548.686746988], [693883.391566265, 2575558.686746988], [693883.391566265, 2575568.686746988], [693878.391566265, 2575573.686746988], [693873.391566265, 2575578.686746988], [693873.391566265, 2575588.686746988], [693873.391566265, 2575598.686746988], [693873.391566265, 2575608.686746988], [693873.391566265, 2575618.686746988], [693873.391566265, 2575628.686746988], [693873.391566265, 2575638.686746988], [693873.391566265, 2575648.686746988], [693878.391566265, 2575653.686746988], [693883.391566265, 2575658.686746988], [693888.391566265, 2575663.686746988], [693893.391566265, 2575668.686746988], [693898.391566265, 2575673.686746988], [693908.391566265, 2575673.686746988], [693918.391566265, 2575673.686746988], [693923.391566265, 2575668.686746988], [693928.391566265, 2575663.686746988], [693938.391566265, 2575663.686746988], [693948.391566265, 2575663.686746988], [693953.391566265, 2575658.686746988], [693958.391566265, 2575653.686746988], [693968.391566265, 2575653.686746988], [693973.391566265, 2575648.686746988], [693978.391566265, 2575643.686746988], [693983.391566265, 2575638.686746988], [693988.391566265, 2575633.686746988], [693993.391566265, 2575628.686746988], [693998.391566265, 2575623.686746988], [694008.391566265, 2575623.686746988], [694018.391566265, 2575623.686746988], [694028.391566265, 2575623.686746988], [694038.391566265, 2575623.686746988], [694048.391566265, 2575623.686746988], [694053.391566265, 2575628.686746988], [694058.391566265, 2575633.686746988], [694063.391566265, 2575638.686746988], [694068.391566265, 2575643.686746988], [694073.391566265, 2575648.686746988], [694078.391566265, 2575653.686746988], [694083.391566265, 2575658.686746988], [694088.391566265, 2575663.686746988], [694098.391566265, 2575663.686746988], [694108.391566265, 2575663.686746988], [694118.391566265, 2575663.686746988], [694123.391566265, 2575668.686746988], [694128.391566265, 2575673.686746988], [694138.391566265, 2575673.686746988], [694148.391566265, 2575673.686746988], [694158.391566265, 2575673.686746988], [694163.391566265, 2575678.686746988], [694168.391566265, 2575683.686746988], [694173.391566265, 2575678.686746988], [694178.391566265, 2575673.686746988], [694183.391566265, 2575668.686746988], [694183.391566265, 2575658.686746988], [694183.391566265, 2575648.686746988], [694183.391566265, 2575638.686746988], [694183.391566265, 2575628.686746988], [694183.391566265, 2575618.686746988], [694183.391566265, 2575608.686746988], [694178.391566265, 2575603.686746988], [694173.391566265, 2575598.686746988], [694173.391566265, 2575588.686746988], [694168.391566265, 2575583.686746988], [694163.391566265, 2575578.686746988], [694158.391566265, 2575573.686746988], [694153.391566265, 2575568.686746988], [694148.391566265, 2575563.686746988], [694138.391566265, 2575563.686746988], [694128.391566265, 2575563.686746988], [694118.391566265, 2575563.686746988], [694113.391566265, 2575558.686746988], [694108.391566265, 2575553.686746988], [694103.391566265, 2575548.686746988], [694103.391566265, 2575538.686746988], [694103.391566265, 2575528.686746988], [694098.391566265, 2575523.686746988], [694088.391566265, 2575523.686746988], [694083.391566265, 2575518.686746988], [694078.391566265, 2575513.686746988], [694068.391566265, 2575513.686746988], [694058.391566265, 2575513.686746988], [694053.391566265, 2575508.686746988], [694048.391566265, 2575503.686746988], [694038.391566265, 2575503.686746988], [694028.391566265, 2575503.686746988], [694023.391566265, 2575498.686746988], [694018.391566265, 2575493.686746988], [694013.391566265, 2575488.686746988], [694008.391566265, 2575483.686746988], [694003.391566265, 2575478.686746988], [694003.391566265, 2575468.686746988], [694003.391566265, 2575458.686746988], [694008.391566265, 2575453.686746988], [694009.2248995983, 2575448.686746988], [694009.2248995983, 2575438.686746988], [694018.391566265, 2575429.520080321], [694028.391566265, 2575429.520080321], [694029.2248995983, 2575428.686746988], [694038.3915662649, 2575419.5200803215], [694039.2248995983, 2575418.686746988], [694048.391566265, 2575409.5200803215], [694058.391566265, 2575409.5200803215], [694068.3915662649, 2575409.5200803215], [694078.391566265, 2575409.5200803215], [694088.391566265, 2575409.5200803215], [694098.3915662649, 2575409.5200803215], [694108.391566265, 2575413.686746988], [694113.391566265, 2575418.686746988], [694118.391566265, 2575423.686746988], [694123.391566265, 2575428.686746988], [694128.391566265, 2575433.686746988], [694133.391566265, 2575438.686746988], [694138.391566265, 2575443.686746988], [694143.391566265, 2575448.686746988], [694148.391566265, 2575453.686746988], [694153.391566265, 2575458.686746988], [694158.391566265, 2575463.686746988], [694168.391566265, 2575463.686746988], [694173.391566265, 2575468.686746988], [694178.391566265, 2575473.686746988], [694188.391566265, 2575473.686746988], [694198.391566265, 2575473.686746988], [694208.391566265, 2575473.686746988], [694218.391566265, 2575473.686746988], [694223.391566265, 2575468.686746988], [694228.391566265, 2575463.686746988], [694238.391566265, 2575463.686746988], [694243.391566265, 2575468.686746988], [694248.391566265, 2575473.686746988], [694253.391566265, 2575478.686746988], [694258.391566265, 2575483.686746988], [694263.391566265, 2575488.686746988], [694268.391566265, 2575493.686746988], [694273.391566265, 2575498.686746988], [694278.391566265, 2575503.686746988], [694288.391566265, 2575503.686746988], [694298.391566265, 2575503.686746988], [694303.391566265, 2575498.686746988], [694308.391566265, 2575493.686746988], [694318.391566265, 2575493.686746988], [694328.391566265, 2575489.520080321], [694333.391566265, 2575488.686746988], [694338.391566265, 2575483.686746988], [694348.391566265, 2575479.5200803215], [694358.391566265, 2575479.5200803215], [694368.3915662649, 2575479.5200803215], [694378.391566265, 2575479.5200803215], [694388.391566265, 2575479.5200803215], [694398.3915662649, 2575479.5200803215], [694407.5582329317, 2575488.686746988], [694408.391566265, 2575489.520080321], [694418.391566265, 2575489.520080321], [694428.3915662649, 2575489.520080321], [694437.5582329317, 2575498.686746988], [694438.391566265, 2575499.5200803215], [694447.5582329317, 2575508.686746988], [694448.391566265, 2575509.5200803215], [694457.5582329317, 2575518.686746988], [694458.3915662649, 2575519.520080321], [694467.5582329317, 2575528.686746988], [694467.5582329317, 2575538.686746988], [694468.391566265, 2575539.5200803215], [694477.5582329317, 2575548.686746988], [694478.391566265, 2575549.520080321], [694488.391566265, 2575553.686746988], [694498.391566265, 2575553.686746988], [694508.391566265, 2575553.686746988], [694518.391566265, 2575553.686746988], [694528.391566265, 2575553.686746988], [694533.391566265, 2575558.686746988], [694538.391566265, 2575563.686746988], [694543.391566265, 2575558.686746988], [694548.391566265, 2575553.686746988], [694553.391566265, 2575548.686746988], [694553.391566265, 2575538.686746988], [694558.391566265, 2575533.686746988], [694563.391566265, 2575528.686746988], [694568.391566265, 2575523.686746988], [694578.391566265, 2575523.686746988], [694588.391566265, 2575523.686746988], [694593.391566265, 2575528.686746988], [694598.391566265, 2575529.5200803215], [694608.3915662649, 2575529.5200803215], [694609.2248995983, 2575528.686746988], [694618.391566265, 2575519.520080321], [694628.391566265, 2575519.520080321], [694638.3915662649, 2575519.520080321], [694639.2248995983, 2575518.686746988], [694648.391566265, 2575509.5200803215], [694657.5582329317, 2575518.686746988], [694658.391566265, 2575519.520080321], [694668.391566265, 2575523.686746988], [694673.391566265, 2575528.686746988], [694673.391566265, 2575538.686746988], [694678.391566265, 2575543.686746988], [694683.391566265, 2575548.686746988], [694683.391566265, 2575558.686746988], [694683.391566265, 2575568.686746988], [694683.391566265, 2575578.686746988], [694688.391566265, 2575583.686746988], [694693.391566265, 2575588.686746988], [694698.391566265, 2575593.686746988], [694703.391566265, 2575598.686746988], [694708.391566265, 2575603.686746988], [694718.391566265, 2575603.686746988], [694723.391566265, 2575608.686746988], [694728.391566265, 2575613.686746988], [694733.391566265, 2575618.686746988], [694738.391566265, 2575623.686746988], [694748.391566265, 2575623.686746988], [694758.391566265, 2575623.686746988], [694768.391566265, 2575623.686746988], [694773.391566265, 2575628.686746988], [694778.391566265, 2575633.686746988], [694783.391566265, 2575638.686746988], [694788.391566265, 2575643.686746988], [694793.391566265, 2575648.686746988], [694798.391566265, 2575653.686746988], [694808.391566265, 2575653.686746988], [694818.391566265, 2575653.686746988], [694823.391566265, 2575658.686746988], [694828.391566265, 2575663.686746988], [694833.391566265, 2575668.686746988], [694838.391566265, 2575673.686746988], [694843.391566265, 2575678.686746988], [694848.391566265, 2575683.686746988], [694853.391566265, 2575688.686746988], [694858.391566265, 2575693.686746988], [694868.391566265, 2575693.686746988], [694878.391566265, 2575693.686746988], [694883.391566265, 2575698.686746988], [694888.391566265, 2575703.686746988], [694898.391566265, 2575703.686746988], [694908.391566265, 2575703.686746988], [694913.391566265, 2575708.686746988], [694913.391566265, 2575718.686746988], [694913.391566265, 2575728.686746988], [694913.391566265, 2575738.686746988], [694913.391566265, 2575748.686746988], [694915.891566265, 2575758.686746988], [694918.391566265, 2575763.686746988], [694923.391566265, 2575768.686746988], [694928.391566265, 2575773.686746988], [694933.391566265, 2575778.686746988], [694938.391566265, 2575783.686746988], [694948.391566265, 2575783.686746988], [694953.391566265, 2575778.686746988], [694958.391566265, 2575773.686746988], [694960.0582329318, 2575768.6867469884], [694960.0582329318, 2575758.686746988], [694963.391566265, 2575748.686746988], [694963.391566265, 2575738.686746988], [694968.391566265, 2575733.686746988], [694978.391566265, 2575733.686746988], [694988.391566265, 2575733.686746988], [694998.391566265, 2575733.686746988], [695008.391566265, 2575733.686746988], [695018.391566265, 2575733.686746988], [695028.391566265, 2575733.686746988], [695033.391566265, 2575738.686746988], [695038.391566265, 2575739.5200803215], [695048.391566265, 2575743.686746988], [695058.391566265, 2575743.686746988], [695068.391566265, 2575743.686746988], [695073.391566265, 2575748.686746988], [695078.391566265, 2575753.686746988], [695083.391566265, 2575758.686746988], [695083.391566265, 2575768.686746988], [695088.391566265, 2575773.686746988], [695093.391566265, 2575778.686746988], [695098.391566265, 2575783.686746988], [695108.391566265, 2575783.686746988], [695113.391566265, 2575778.686746988], [695118.391566265, 2575773.686746988], [695128.391566265, 2575773.686746988], [695138.391566265, 2575773.686746988], [695148.391566265, 2575773.686746988], [695158.391566265, 2575773.686746988], [695163.391566265, 2575778.686746988], [695168.391566265, 2575783.686746988], [695178.391566265, 2575783.686746988], [695183.391566265, 2575788.686746988], [695188.391566265, 2575793.686746988], [695193.391566265, 2575798.686746988], [695198.391566265, 2575803.686746988], [695203.391566265, 2575808.686746988], [695208.391566265, 2575813.686746988], [695213.391566265, 2575818.686746988], [695213.391566265, 2575828.686746988], [695215.891566265, 2575838.686746988], [695218.391566265, 2575843.686746988], [695223.391566265, 2575848.686746988], [695228.391566265, 2575853.686746988], [695238.391566265, 2575853.686746988], [695248.391566265, 2575853.686746988], [695258.391566265, 2575853.686746988], [695263.391566265, 2575848.686746988], [695268.391566265, 2575843.686746988], [695270.891566265, 2575838.686746988], [695273.391566265, 2575828.686746988], [695273.391566265, 2575818.686746988], [695273.391566265, 2575808.686746988], [695278.391566265, 2575803.686746988], [695283.391566265, 2575798.686746988], [695288.391566265, 2575793.686746988], [695298.391566265, 2575793.686746988], [695308.391566265, 2575793.686746988], [695318.391566265, 2575793.686746988], [695328.391566265, 2575793.686746988], [695333.391566265, 2575798.686746988], [695338.391566265, 2575803.686746988], [695348.391566265, 2575803.686746988], [695353.391566265, 2575808.686746988], [695358.391566265, 2575813.686746988], [695368.391566265, 2575813.686746988], [695373.391566265, 2575818.686746988], [695378.391566265, 2575823.686746988], [695383.391566265, 2575828.686746988], [695383.391566265, 2575838.686746988], [695388.391566265, 2575843.686746988], [695393.391566265, 2575848.686746988], [695398.391566265, 2575853.686746988], [695403.391566265, 2575858.686746988], [695408.391566265, 2575863.686746988], [695413.391566265, 2575858.686746988], [695418.391566265, 2575853.686746988], [695423.391566265, 2575848.686746988], [695428.391566265, 2575843.686746988], [695438.391566265, 2575843.686746988], [695448.391566265, 2575843.686746988], [695458.391566265, 2575843.686746988], [695468.391566265, 2575843.686746988], [695473.391566265, 2575848.686746988], [695478.391566265, 2575853.686746988], [695488.391566265, 2575853.686746988], [695493.391566265, 2575848.686746988], [695498.391566265, 2575843.686746988], [695503.391566265, 2575838.686746988], [695508.391566265, 2575833.686746988], [695513.391566265, 2575828.686746988], [695518.391566265, 2575823.686746988], [695523.391566265, 2575818.686746988], [695528.391566265, 2575813.686746988], [695538.391566265, 2575813.686746988], [695548.391566265, 2575813.686746988], [695553.391566265, 2575818.686746988], [695558.391566265, 2575823.686746988], [695568.391566265, 2575823.686746988], [695573.391566265, 2575818.686746988], [695578.391566265, 2575813.686746988], [695583.391566265, 2575808.686746988], [695583.391566265, 2575798.686746988], [695583.391566265, 2575788.686746988], [695583.391566265, 2575778.686746988], [695588.391566265, 2575773.686746988], [695593.391566265, 2575768.686746988], [695593.391566265, 2575758.686746988], [695593.391566265, 2575748.686746988], [695598.391566265, 2575743.686746988], [695603.391566265, 2575738.686746988], [695608.391566265, 2575733.686746988], [695613.391566265, 2575728.686746988], [695618.391566265, 2575723.686746988], [695628.391566265, 2575723.686746988], [695633.391566265, 2575718.686746988], [695638.391566265, 2575713.686746988], [695643.391566265, 2575708.686746988], [695648.391566265, 2575703.686746988], [695653.391566265, 2575698.686746988], [695653.391566265, 2575688.686746988], [695658.391566265, 2575683.686746988], [695659.2248995983, 2575678.686746988], [695659.2248995983, 2575668.686746988], [695668.391566265, 2575659.5200803215], [695669.2248995984, 2575658.686746988], [695669.2248995984, 2575648.686746988], [695678.391566265, 2575639.520080321], [695679.2248995983, 2575638.686746988], [695679.2248995983, 2575628.686746988], [695688.3915662649, 2575619.5200803215], [695689.2248995983, 2575618.686746988], [695698.391566265, 2575609.520080321], [695699.2248995984, 2575608.686746988], [695708.391566265, 2575599.5200803215], [695709.2248995983, 2575598.686746988], [695718.3915662649, 2575589.5200803215], [695719.2248995983, 2575588.686746988], [695728.391566265, 2575579.520080321], [695729.2248995984, 2575578.686746988], [695738.391566265, 2575569.5200803215], [695748.3915662649, 2575569.5200803215], [695753.391566265, 2575568.686746988], [695758.391566265, 2575563.686746988], [695768.391566265, 2575559.5200803215], [695773.391566265, 2575558.686746988], [695778.391566265, 2575553.686746988], [695788.391566265, 2575553.686746988], [695793.391566265, 2575548.686746988], [695798.391566265, 2575543.686746988], [695803.391566265, 2575538.686746988], [695808.391566265, 2575533.686746988], [695809.2248995983, 2575528.686746988], [695818.391566265, 2575519.520080321], [695819.2248995984, 2575518.686746988], [695828.391566265, 2575509.5200803215], [695829.2248995983, 2575508.686746988], [695838.3915662649, 2575499.5200803215], [695839.2248995983, 2575498.686746988], [695848.391566265, 2575489.520080321], [695849.2248995984, 2575488.686746988], [695858.391566265, 2575479.5200803215], [695868.3915662649, 2575479.5200803215], [695878.391566265, 2575479.5200803215], [695887.5582329317, 2575488.686746988], [695888.391566265, 2575489.520080321], [695898.391566265, 2575493.686746988], [695903.391566265, 2575498.686746988], [695908.391566265, 2575503.686746988], [695913.391566265, 2575508.686746988], [695918.391566265, 2575509.5200803215], [695928.391566265, 2575513.686746988], [695933.391566265, 2575518.686746988], [695938.391566265, 2575519.520080321], [695948.391566265, 2575523.686746988], [695953.391566265, 2575528.686746988], [695958.3915662649, 2575529.5200803215], [695968.391566265, 2575533.686746988], [695973.391566265, 2575538.686746988], [695978.391566265, 2575539.5200803215], [695988.391566265, 2575543.686746988], [695993.391566265, 2575548.686746988], [695998.391566265, 2575549.520080321], [696008.391566265, 2575553.686746988], [696013.391566265, 2575558.686746988], [696018.391566265, 2575563.686746988], [696023.391566265, 2575568.686746988], [696028.391566265, 2575569.5200803215], [696038.391566265, 2575573.686746988], [696048.391566265, 2575573.686746988], [696058.391566265, 2575573.686746988], [696063.391566265, 2575578.686746988], [696068.391566265, 2575579.520080321], [696078.391566265, 2575583.686746988], [696083.391566265, 2575588.686746988], [696088.391566265, 2575593.686746988], [696093.391566265, 2575598.686746988], [696098.391566265, 2575603.686746988], [696103.391566265, 2575608.686746988], [696108.391566265, 2575613.686746988], [696118.391566265, 2575613.686746988], [696128.391566265, 2575613.686746988], [696138.391566265, 2575613.686746988], [696148.391566265, 2575609.520080321], [696158.391566265, 2575609.520080321], [696168.3915662649, 2575609.520080321], [696178.391566265, 2575609.520080321], [696188.391566265, 2575609.520080321], [696198.3915662649, 2575609.520080321], [696208.391566265, 2575609.520080321], [696217.5582329317, 2575618.686746988], [696217.5582329317, 2575628.686746988], [696217.5582329317, 2575638.686746988], [696217.5582329317, 2575648.686746988], [696213.391566265, 2575658.686746988], [696208.391566265, 2575663.686746988], [696203.391566265, 2575668.686746988], [696203.391566265, 2575678.686746988], [696198.391566265, 2575683.686746988], [696193.391566265, 2575688.686746988], [696188.391566265, 2575693.686746988], [696178.391566265, 2575693.686746988], [696173.391566265, 2575698.686746988], [696168.391566265, 2575703.686746988], [696165.891566265, 2575708.686746988], [696165.891566265, 2575718.686746988], [696168.391566265, 2575723.686746988], [696173.391566265, 2575728.686746988], [696178.391566265, 2575733.686746988], [696183.391566265, 2575738.686746988], [696188.391566265, 2575743.686746988], [696193.391566265, 2575748.686746988], [696198.391566265, 2575753.686746988], [696203.391566265, 2575758.686746988], [696208.391566265, 2575763.686746988], [696213.391566265, 2575768.686746988], [696213.391566265, 2575778.686746988], [696213.391566265, 2575788.686746988], [696213.391566265, 2575798.686746988], [696218.391566265, 2575803.686746988], [696223.391566265, 2575808.686746988], [696223.391566265, 2575818.686746988], [696223.391566265, 2575828.686746988], [696223.391566265, 2575838.686746988], [696223.391566265, 2575848.686746988], [696223.391566265, 2575858.686746988], [696218.391566265, 2575863.686746988], [696213.391566265, 2575868.686746988], [696208.391566265, 2575873.686746988], [696203.391566265, 2575878.686746988], [696198.391566265, 2575883.686746988], [696193.391566265, 2575888.686746988], [696188.391566265, 2575893.686746988], [696187.5582329317, 2575898.686746988], [696178.391566265, 2575907.8534136545], [696177.5582329317, 2575908.686746988], [696177.5582329317, 2575918.686746988], [696168.3915662649, 2575927.8534136545], [696167.5582329317, 2575928.686746988], [696167.5582329317, 2575938.686746988], [696158.391566265, 2575947.853413655], [696157.5582329317, 2575948.686746988], [696148.391566265, 2575957.8534136545], [696147.5582329317, 2575958.686746988], [696138.3915662649, 2575967.8534136545], [696137.5582329317, 2575968.686746988], [696128.391566265, 2575977.853413655], [696118.391566265, 2575977.853413655], [696113.391566265, 2575978.686746988], [696108.391566265, 2575983.686746988], [696098.391566265, 2575983.686746988], [696093.391566265, 2575988.686746988], [696088.391566265, 2575993.686746988], [696083.391566265, 2575998.686746988], [696078.391566265, 2576003.686746988], [696073.391566265, 2576008.686746988], [696068.391566265, 2576013.686746988], [696058.391566265, 2576013.686746988], [696053.391566265, 2576018.686746988], [696048.391566265, 2576023.686746988], [696038.391566265, 2576023.686746988], [696028.391566265, 2576023.686746988], [696018.391566265, 2576023.686746988], [696008.391566265, 2576023.686746988], [696003.391566265, 2576028.686746988], [695998.391566265, 2576033.686746988], [695988.391566265, 2576033.686746988], [695978.391566265, 2576033.686746988], [695968.391566265, 2576033.686746988], [695958.391566265, 2576033.686746988], [695948.391566265, 2576033.686746988], [695938.391566265, 2576033.686746988], [695928.391566265, 2576033.686746988], [695918.391566265, 2576033.686746988], [695908.391566265, 2576033.686746988], [695898.391566265, 2576033.686746988], [695888.391566265, 2576033.686746988], [695878.391566265, 2576033.686746988], [695868.391566265, 2576033.686746988], [695863.391566265, 2576038.686746988], [695858.391566265, 2576043.686746988], [695853.391566265, 2576048.686746988], [695853.391566265, 2576058.686746988], [695853.391566265, 2576068.686746988], [695858.391566265, 2576073.686746988], [695863.391566265, 2576078.686746988], [695863.391566265, 2576088.686746988], [695863.391566265, 2576098.686746988], [695863.391566265, 2576108.686746988], [695868.391566265, 2576113.686746988], [695873.391566265, 2576118.686746988], [695878.391566265, 2576123.686746988], [695888.391566265, 2576123.686746988], [695898.391566265, 2576123.686746988], [695908.391566265, 2576123.686746988], [695918.391566265, 2576123.686746988], [695928.391566265, 2576123.686746988], [695933.391566265, 2576118.686746988], [695938.391566265, 2576113.686746988], [695948.391566265, 2576113.686746988], [695958.391566265, 2576113.686746988], [695968.391566265, 2576113.686746988], [695978.391566265, 2576113.686746988], [695988.391566265, 2576113.686746988], [695993.391566265, 2576108.686746988], [695998.391566265, 2576103.686746988], [696003.391566265, 2576098.686746988], [696008.391566265, 2576093.686746988], [696018.391566265, 2576093.686746988], [696028.391566265, 2576093.686746988], [696038.391566265, 2576093.686746988], [696043.391566265, 2576098.686746988], [696048.391566265, 2576103.686746988], [696058.391566265, 2576103.686746988], [696063.391566265, 2576108.686746988], [696068.391566265, 2576113.686746988], [696078.391566265, 2576113.686746988], [696083.391566265, 2576118.686746988], [696088.391566265, 2576123.686746988], [696093.391566265, 2576128.686746988], [696098.391566265, 2576133.686746988], [696103.391566265, 2576138.686746988], [696108.391566265, 2576143.686746988], [696113.391566265, 2576148.686746988], [696118.391566265, 2576153.686746988], [696123.391566265, 2576158.686746988], [696128.391566265, 2576163.686746988], [696138.391566265, 2576163.686746988], [696148.391566265, 2576163.686746988], [696158.391566265, 2576163.686746988], [696168.391566265, 2576163.686746988], [696173.391566265, 2576168.686746988], [696178.391566265, 2576173.686746988]]}}, {"type": "Feature", "properties": {"level": 5.5, "label": "H6"}, "geometry": {"type": "LineString", "coordinates": [[695888.391566265, 2574263.686746988], [695883.391566265, 2574258.686746988], [695883.391566265, 2574248.686746988], [695883.391566265, 2574238.686746988], [695883.391566265, 2574228.686746988], [695888.391566265, 2574223.686746988], [695893.391566265, 2574218.686746988], [695893.391566265, 2574208.686746988], [695893.391566265, 2574198.686746988], [695893.391566265, 2574188.686746988], [695898.391566265, 2574183.686746988], [695903.391566265, 2574178.686746988], [695903.391566265, 2574168.686746988], [695903.391566265, 2574158.686746988], [695903.391566265, 2574148.686746988], [695903.391566265, 2574138.686746988], [695908.391566265, 2574133.686746988], [695913.391566265, 2574128.686746988], [695913.391566265, 2574118.686746988], [695913.391566265, 2574108.686746988], [695913.391566265, 2574098.686746988], [695913.391566265, 2574088.686746988], [695908.391566265, 2574083.686746988], [695903.391566265, 2574078.686746988], [695903.391566265, 2574068.686746988], [695903.391566265, 2574058.686746988], [695903.391566265, 2574048.686746988], [695908.391566265, 2574043.686746988], [695913.391566265, 2574038.686746988], [695913.391566265, 2574028.686746988], [695913.391566265, 2574018.686746988], [695913.391566265, 2574008.686746988], [695913.391566265, 2573998.686746988], [695918.391566265, 2573993.686746988], [695923.391566265, 2573988.686746988], [695923.391566265, 2573978.686746988], [695923.391566265, 2573968.686746988], [695923.391566265, 2573958.686746988], [695928.391566265, 2573953.686746988], [695933.391566265, 2573948.686746988], [695933.391566265, 2573938.686746988], [695938.391566265, 2573933.686746988], [695943.391566265, 2573928.686746988], [695943.391566265, 2573918.686746988], [695943.391566265, 2573908.686746988], [695948.391566265, 2573903.686746988], [695953.391566265, 2573898.686746988], [695953.391566265, 2573888.686746988], [695958.391566265, 2573883.686746988], [695963.391566265, 2573878.686746988], [695963.391566265, 2573868.686746988], [695968.391566265, 2573863.686746988], [695973.391566265, 2573858.686746988], [695973.391566265, 2573848.686746988], [695973.391566265, 2573838.686746988], [695978.391566265, 2573833.686746988], [695983.391566265, 2573828.686746988], [695983.391566265, 2573818.686746988], [695983.391566265, 2573808.686746988], [695988.391566265, 2573803.686746988], [695993.391566265, 2573798.686746988], [695993.391566265, 2573788.686746988], [695993.391566265, 2573778.686746988], [695998.391566265, 2573773.686746988], [696003.391566265, 2573768.686746988], [696008.391566265, 2573763.686746988], [696013.391566265, 2573758.686746988], [696018.391566265, 2573753.686746988], [696023.391566265, 2573748.686746988], [696023.391566265, 2573738.686746988], [696028.391566265, 2573733.686746988], [696033.391566265, 2573728.686746988], [696038.391566265, 2573723.686746988], [696043.391566265, 2573718.686746988], [696043.391566265, 2573708.686746988], [696048.391566265, 2573703.686746988], [696053.391566265, 2573698.686746988], [696058.391566265, 2573693.686746988], [696063.391566265, 2573688.686746988], [696063.391566265, 2573678.686746988], [696068.391566265, 2573673.686746988], [696073.391566265, 2573668.686746988], [696078.391566265, 2573663.686746988], [696083.391566265, 2573658.686746988], [696083.391566265, 2573648.686746988], [696088.391566265, 2573643.686746988], [696093.391566265, 2573638.686746988], [696093.391566265, 2573628.686746988], [696098.391566265, 2573623.686746988], [696103.391566265, 2573618.686746988], [696103.391566265, 2573608.686746988], [696103.391566265, 2573598.686746988], [696108.391566265, 2573593.686746988], [696113.391566265, 2573588.686746988], [696118.391566265, 2573583.686746988], [696123.391566265, 2573578.686746988], [696128.391566265, 2573573.686746988], [696138.391566265, 2573573.686746988], [696143.391566265, 2573568.686746988], [696148.391566265, 2573563.686746988], [696153.391566265, 2573558.686746988], [696158.391566265, 2573553.686746988], [696163.391566265, 2573548.686746988], [696168.391566265, 2573543.686746988], [696178.391566265, 2573543.686746988], [696188.391566265, 2573543.686746988], [696198.391566265, 2573543.686746988], [696208.391566265, 2573543.686746988], [696213.391566265, 2573548.686746988], [696218.391566265, 2573553.686746988], [696223.391566265, 2573558.686746988], [696223.391566265, 2573568.686746988], [696228.391566265, 2573573.686746988], [696233.391566265, 2573578.686746988], [696233.391566265, 2573588.686746988], [696238.391566265, 2573593.686746988], [696243.391566265, 2573598.686746988], [696243.391566265, 2573608.686746988], [696243.391566265, 2573618.686746988], [696248.391566265, 2573623.686746988], [696253.391566265, 2573628.686746988], [696253.391566265, 2573638.686746988], [696253.391566265, 2573648.686746988], [696258.391566265, 2573653.686746988], [696263.391566265, 2573658.686746988], [696263.391566265, 2573668.686746988], [696258.391566265, 2573673.686746988], [696253.391566265, 2573678.686746988], [696253.391566265, 2573688.686746988], [696253.391566265, 2573698.686746988], [696253.391566265, 2573708.686746988], [696248.391566265, 2573713.686746988], [696243.391566265, 2573718.686746988], [696243.391566265, 2573728.686746988], [696243.391566265, 2573738.686746988], [696243.391566265, 2573748.686746988], [696243.391566265, 2573758.686746988], [696243.391566265, 2573768.686746988], [696243.391566265, 2573778.686746988], [696243.391566265, 2573788.686746988], [696238.391566265, 2573793.686746988], [696233.391566265, 2573798.686746988], [696233.391566265, 2573808.686746988], [696228.391566265, 2573813.686746988], [696223.391566265, 2573818.686746988], [696218.391566265, 2573823.686746988], [696213.391566265, 2573828.686746988], [696208.391566265, 2573833.686746988], [696203.391566265, 2573838.686746988], [696208.391566265, 2573843.686746988], [696213.391566265, 2573848.686746988], [696208.391566265, 2573853.686746988], [696203.391566265, 2573858.686746988], [696203.391566265, 2573868.686746988], [696198.391566265, 2573873.686746988], [696193.391566265, 2573878.686746988], [696193.391566265, 2573888.686746988], [696193.391566265, 2573898.686746988], [696193.391566265, 2573908.686746988], [696193.391566265, 2573918.686746988], [696193.391566265, 2573928.686746988], [696193.391566265, 2573938.686746988], [696193.391566265, 2573948.686746988], [696193.391566265, 2573958.686746988], [696188.391566265, 2573963.686746988], [696183.391566265, 2573968.686746988], [696178.391566265, 2573973.686746988], [696173.391566265, 2573978.686746988], [696168.391566265, 2573983.686746988], [696163.391566265, 2573988.686746988], [696163.391566265, 2573998.686746988], [696158.391566265, 2574003.686746988], [696153.391566265, 2574008.686746988], [696148.391566265, 2574013.686746988], [696143.391566265, 2574018.686746988], [696143.391566265, 2574028.686746988], [696138.391566265, 2574033.686746988], [696133.391566265, 2574038.686746988], [696133.391566265, 2574048.686746988], [696128.391566265, 2574053.686746988], [696123.391566265, 2574058.686746988], [696123.391566265, 2574068.686746988], [696118.391566265, 2574073.686746988], [696113.391566265, 2574078.686746988], [696108.391566265, 2574083.686746988], [696103.391566265, 2574088.686746988], [696103.391566265, 2574098.686746988], [696098.391566265, 2574103.686746988], [696093.391566265, 2574108.686746988], [696093.391566265, 2574118.686746988], [696093.391566265, 2574128.686746988], [696088.391566265, 2574133.686746988], [696083.391566265, 2574138.686746988], [696083.391566265, 2574148.686746988], [696078.391566265, 2574153.686746988], [696073.391566265, 2574158.686746988], [696068.391566265, 2574163.686746988], [696058.391566265, 2574163.686746988], [696048.391566265, 2574163.686746988], [696043.391566265, 2574168.686746988], [696038.391566265, 2574173.686746988], [696033.391566265, 2574178.686746988], [696028.391566265, 2574183.686746988], [696023.391566265, 2574188.686746988], [696018.391566265, 2574193.686746988], [696013.391566265, 2574198.686746988], [696008.391566265, 2574203.686746988], [696003.391566265, 2574208.686746988], [695998.391566265, 2574213.686746988], [695993.391566265, 2574218.686746988], [695988.391566265, 2574223.686746988], [695978.391566265, 2574223.686746988], [695968.391566265, 2574223.686746988], [695963.391566265, 2574228.686746988], [695958.391566265, 2574233.686746988], [695953.391566265, 2574238.686746988], [695948.391566265, 2574243.686746988], [695943.391566265, 2574248.686746988], [695938.391566265, 2574253.686746988], [695933.391566265, 2574258.686746988], [695928.391566265, 2574263.686746988], [695918.391566265, 2574263.686746988], [695908.391566265, 2574263.686746988], [695898.391566265, 2574263.686746988], [695888.391566265, 2574263.686746988]]}}, {"type": "Feature", "properties": {"level": 5.5, "label": "H6"}, "geometry": {"type": "LineString", "coordinates": [[692528.391566265, 2573983.686746988], [692523.391566265, 2573978.686746988], [692518.391566265, 2573977.8534136545], [692509.2248995983, 2573968.686746988], [692508.3915662649, 2573967.853413655], [692498.391566265, 2573967.853413655], [692489.2248995984, 2573958.686746988], [692488.391566265, 2573957.8534136545], [692478.3915662649, 2573957.8534136545], [692469.2248995983, 2573948.686746988], [692468.391566265, 2573947.8534136545], [692459.2248995984, 2573938.686746988], [692459.2248995984, 2573928.686746988], [692458.391566265, 2573927.8534136545], [692449.2248995983, 2573918.686746988], [692449.2248995983, 2573908.686746988], [692448.3915662649, 2573907.853413655], [692439.2248995983, 2573898.686746988], [692439.2248995983, 2573888.686746988], [692443.391566265, 2573878.686746988], [692443.391566265, 2573868.686746988], [692439.2248995983, 2573858.686746988], [692439.2248995983, 2573848.686746988], [692438.391566265, 2573843.686746988], [692433.391566265, 2573838.686746988], [692428.391566265, 2573833.686746988], [692423.391566265, 2573828.686746988], [692423.391566265, 2573818.686746988], [692418.391566265, 2573813.686746988], [692413.391566265, 2573808.686746988], [692413.391566265, 2573798.686746988], [692409.2248995983, 2573788.686746988], [692409.2248995983, 2573778.686746988], [692408.391566265, 2573777.8534136545], [692399.2248995984, 2573768.686746988], [692399.2248995984, 2573758.686746988], [692399.2248995984, 2573748.686746988], [692408.391566265, 2573739.5200803215], [692409.2248995983, 2573738.686746988], [692409.2248995983, 2573728.686746988], [692409.2248995983, 2573718.686746988], [692418.3915662649, 2573709.5200803215], [692419.2248995983, 2573708.686746988], [692428.391566265, 2573699.5200803215], [692437.5582329317, 2573708.686746988], [692438.391566265, 2573709.5200803215], [692447.5582329317, 2573718.686746988], [692448.3915662649, 2573719.520080321], [692458.391566265, 2573719.520080321], [692468.391566265, 2573719.520080321], [692478.3915662649, 2573719.520080321], [692487.5582329317, 2573728.686746988], [692488.391566265, 2573729.5200803215], [692498.391566265, 2573729.5200803215], [692508.3915662649, 2573729.5200803215], [692518.391566265, 2573729.5200803215], [692527.5582329317, 2573738.686746988], [692528.391566265, 2573739.5200803215], [692537.5582329317, 2573748.686746988], [692538.3915662649, 2573749.520080321], [692547.5582329317, 2573758.686746988], [692548.391566265, 2573759.5200803215], [692557.5582329317, 2573768.686746988], [692557.5582329317, 2573778.686746988], [692558.391566265, 2573779.520080321], [692567.5582329317, 2573788.686746988], [692568.3915662649, 2573789.5200803215], [692577.5582329317, 2573798.686746988], [692577.5582329317, 2573808.686746988], [692578.391566265, 2573809.520080321], [692587.5582329317, 2573818.686746988], [692588.391566265, 2573819.5200803215], [692597.5582329317, 2573828.686746988], [692597.5582329317, 2573838.686746988], [692597.5582329317, 2573848.686746988], [692598.3915662649, 2573849.5200803215], [692607.5582329317, 2573858.686746988], [692608.391566265, 2573859.5200803215], [692617.5582329317, 2573868.686746988], [692618.391566265, 2573869.520080321], [692628.3915662649, 2573869.520080321], [692637.5582329317, 2573878.686746988], [692638.391566265, 2573879.5200803215], [692647.5582329317, 2573888.686746988], [692648.391566265, 2573889.5200803215], [692657.5582329317, 2573898.686746988], [692657.5582329317, 2573908.686746988], [692648.391566265, 2573917.8534136545], [692647.5582329317, 2573918.686746988], [692643.391566265, 2573928.686746988], [692638.391566265, 2573933.686746988], [692633.391566265, 2573938.686746988], [692628.391566265, 2573943.686746988], [692623.391566265, 2573948.686746988], [692618.391566265, 2573953.686746988], [692608.391566265, 2573953.686746988], [692603.391566265, 2573958.686746988], [692598.391566265, 2573963.686746988], [692588.391566265, 2573963.686746988], [692583.391566265, 2573968.686746988], [692578.391566265, 2573973.686746988], [692568.391566265, 2573973.686746988], [692563.391566265, 2573978.686746988], [692558.391566265, 2573983.686746988], [692548.391566265, 2573983.686746988], [692538.391566265, 2573983.686746988], [692528.391566265, 2573983.686746988]]}}, {"type": "Feature", "properties": {"level": 5.5, "label": "H6"}, "geometry": {"type": "LineString", "coordinates": [[695128.391566265, 2573593.686746988], [695133.391566265, 2573588.686746988], [695138.391566265, 2573583.686746988], [695143.391566265, 2573578.686746988], [695148.391566265, 2573573.686746988], [695153.391566265, 2573568.686746988], [695158.391566265, 2573563.686746988], [695163.391566265, 2573558.686746988], [695163.391566265, 2573548.686746988], [695158.391566265, 2573543.686746988], [695153.391566265, 2573538.686746988], [695153.391566265, 2573528.686746988], [695153.391566265, 2573518.686746988], [695158.391566265, 2573513.686746988], [695163.391566265, 2573508.686746988], [695163.391566265, 2573498.686746988], [695163.391566265, 2573488.686746988], [695163.391566265, 2573478.686746988], [695168.391566265, 2573473.686746988], [695173.391566265, 2573468.686746988], [695173.391566265, 2573458.686746988], [695173.391566265, 2573448.686746988], [695178.391566265, 2573443.686746988], [695183.391566265, 2573438.686746988], [695188.391566265, 2573433.686746988], [695193.391566265, 2573428.686746988], [695198.391566265, 2573423.686746988], [695203.391566265, 2573418.686746988], [695203.391566265, 2573408.686746988], [695203.391566265, 2573398.686746988], [695203.391566265, 2573388.686746988], [695203.391566265, 2573378.686746988], [695203.391566265, 2573368.686746988], [695203.391566265, 2573358.686746988], [695203.391566265, 2573348.686746988], [695208.391566265, 2573343.686746988], [695213.391566265, 2573338.686746988], [695213.391566265, 2573328.686746988], [695213.391566265, 2573318.686746988], [695208.391566265, 2573313.686746988], [695203.391566265, 2573308.686746988], [695203.391566265, 2573298.686746988], [695198.391566265, 2573293.686746988], [695193.391566265, 2573288.686746988], [695193.391566265, 2573278.686746988], [695188.391566265, 2573273.686746988], [695183.391566265, 2573268.686746988], [695178.391566265, 2573263.686746988], [695173.391566265, 2573258.686746988], [695173.391566265, 2573248.686746988], [695173.391566265, 2573238.686746988], [695168.391566265, 2573233.686746988], [695163.391566265, 2573228.686746988], [695163.391566265, 2573218.686746988], [695163.391566265, 2573208.686746988], [695158.391566265, 2573203.686746988], [695153.391566265, 2573198.686746988], [695148.391566265, 2573193.686746988], [695143.391566265, 2573188.686746988], [695138.391566265, 2573183.686746988], [695133.391566265, 2573178.686746988], [695128.391566265, 2573173.686746988], [695118.391566265, 2573173.686746988], [695108.391566265, 2573173.686746988], [695098.391566265, 2573173.686746988], [695093.391566265, 2573168.686746988], [695088.391566265, 2573163.686746988], [695078.391566265, 2573163.686746988], [695073.391566265, 2573168.686746988], [695068.391566265, 2573173.686746988], [695058.391566265, 2573173.686746988], [695048.391566265, 2573173.686746988], [695038.391566265, 2573173.686746988], [695033.391566265, 2573178.686746988], [695028.391566265, 2573183.686746988], [695018.391566265, 2573183.686746988], [695008.391566265, 2573183.686746988], [694998.391566265, 2573183.686746988], [694988.391566265, 2573183.686746988], [694978.391566265, 2573183.686746988], [694968.391566265, 2573183.686746988], [694963.391566265, 2573188.686746988], [694958.391566265, 2573193.686746988], [694953.391566265, 2573198.686746988], [694953.391566265, 2573208.686746988], [694958.391566265, 2573213.686746988], [694963.391566265, 2573218.686746988], [694968.391566265, 2573223.686746988], [694978.391566265, 2573223.686746988], [694983.391566265, 2573228.686746988], [694988.391566265, 2573233.686746988], [694993.391566265, 2573238.686746988], [694998.391566265, 2573243.686746988], [695003.391566265, 2573248.686746988], [695008.391566265, 2573253.686746988], [695013.391566265, 2573258.686746988], [695018.391566265, 2573263.686746988], [695023.391566265, 2573268.686746988], [695028.391566265, 2573273.686746988], [695033.391566265, 2573278.686746988], [695033.391566265, 2573288.686746988], [695038.391566265, 2573293.686746988], [695043.391566265, 2573298.686746988], [695048.391566265, 2573303.686746988], [695053.391566265, 2573308.686746988], [695053.391566265, 2573318.686746988], [695058.391566265, 2573323.686746988], [695063.391566265, 2573328.686746988], [695063.391566265, 2573338.686746988], [695068.391566265, 2573343.686746988], [695073.391566265, 2573348.686746988], [695073.391566265, 2573358.686746988], [695078.391566265, 2573363.686746988], [695083.391566265, 2573368.686746988], [695088.391566265, 2573373.686746988], [695093.391566265, 2573378.686746988], [695098.391566265, 2573383.686746988], [695103.391566265, 2573388.686746988], [695103.391566265, 2573398.686746988], [695098.391566265, 2573403.686746988], [695093.391566265, 2573408.686746988], [695088.391566265, 2573413.686746988], [695083.391566265, 2573418.686746988], [695078.391566265, 2573423.686746988], [695073.391566265, 2573428.686746988], [695068.391566265, 2573433.686746988], [695063.391566265, 2573438.686746988], [695058.391566265, 2573443.686746988], [695053.391566265, 2573448.686746988], [695058.391566265, 2573453.686746988], [695063.391566265, 2573458.686746988], [695063.391566265, 2573468.686746988], [695063.391566265, 2573478.686746988], [695063.391566265, 2573488.686746988], [695063.391566265, 2573498.686746988], [695063.391566265, 2573508.686746988], [695063.391566265, 2573518.686746988], [695068.391566265, 2573523.686746988], [695073.391566265, 2573528.686746988], [695078.391566265, 2573533.686746988], [695083.391566265, 2573538.686746988], [695088.391566265, 2573543.686746988], [695093.391566265, 2573548.686746988], [695098.391566265, 2573553.686746988], [695103.391566265, 2573558.686746988], [695103.391566265, 2573568.686746988], [695108.391566265, 2573573.686746988], [695113.391566265, 2573578.686746988], [695118.391566265, 2573583.686746988], [695123.391566265, 2573588.686746988], [695128.391566265, 2573593.686746988]]}}, {"type": "Feature", "properties": {"level": 5.5, "label": "H6"}, "geometry": {"type": "LineString", "coordinates": [[696128.391566265, 2573383.686746988], [696123.391566265, 2573378.686746988], [696118.391566265, 2573373.686746988], [696108.391566265, 2573373.686746988], [696103.391566265, 2573368.686746988], [696098.391566265, 2573363.686746988], [696088.391566265, 2573363.686746988], [696083.391566265, 2573358.686746988], [696078.391566265, 2573353.686746988], [696073.391566265, 2573348.686746988], [696073.391566265, 2573338.686746988], [696078.391566265, 2573333.686746988], [696083.391566265, 2573328.686746988], [696083.391566265, 2573318.686746988], [696083.391566265, 2573308.686746988], [696083.391566265, 2573298.686746988], [696088.391566265, 2573293.686746988], [696093.391566265, 2573288.686746988], [696093.391566265, 2573278.686746988], [696093.391566265, 2573268.686746988], [696093.391566265, 2573258.686746988], [696098.391566265, 2573253.686746988], [696103.391566265, 2573248.686746988], [696103.391566265, 2573238.686746988], [696103.391566265, 2573228.686746988], [696103.391566265, 2573218.686746988], [696103.391566265, 2573208.686746988], [696108.391566265, 2573203.686746988], [696113.391566265, 2573198.686746988], [696118.391566265, 2573193.686746988], [696123.391566265, 2573188.686746988], [696123.391566265, 2573178.686746988], [696128.391566265, 2573173.686746988], [696133.391566265, 2573168.686746988], [696133.391566265, 2573158.686746988], [696138.391566265, 2573153.686746988], [696143.391566265, 2573148.686746988], [696143.391566265, 2573138.686746988], [696148.391566265, 2573133.686746988], [696153.391566265, 2573128.686746988], [696153.391566265, 2573118.686746988], [696158.391566265, 2573113.686746988], [696163.391566265, 2573108.686746988], [696163.391566265, 2573098.686746988], [696163.391566265, 2573088.686746988], [696168.391566265, 2573083.686746988], [696173.391566265, 2573078.686746988], [696178.391566265, 2573073.686746988], [696183.391566265, 2573068.686746988], [696188.391566265, 2573063.686746988], [696193.391566265, 2573068.686746988], [696198.391566265, 2573073.686746988], [696203.391566265, 2573078.686746988], [696208.391566265, 2573083.686746988], [696213.391566265, 2573088.686746988], [696218.391566265, 2573093.686746988], [696223.391566265, 2573098.686746988], [696228.391566265, 2573103.686746988], [696233.391566265, 2573108.686746988], [696233.391566265, 2573118.686746988], [696238.391566265, 2573123.686746988], [696243.391566265, 2573128.686746988], [696243.391566265, 2573138.686746988], [696238.391566265, 2573143.686746988], [696233.391566265, 2573148.686746988], [696233.391566265, 2573158.686746988], [696233.391566265, 2573168.686746988], [696238.391566265, 2573173.686746988], [696243.391566265, 2573178.686746988], [696243.391566265, 2573188.686746988], [696243.391566265, 2573198.686746988], [696243.391566265, 2573208.686746988], [696243.391566265, 2573218.686746988], [696243.391566265, 2573228.686746988], [696238.391566265, 2573233.686746988], [696233.391566265, 2573238.686746988], [696228.391566265, 2573243.686746988], [696223.391566265, 2573248.686746988], [696223.391566265, 2573258.686746988], [696223.391566265, 2573268.686746988], [696228.391566265, 2573273.686746988], [696233.391566265, 2573278.686746988], [696238.391566265, 2573283.686746988], [696243.391566265, 2573288.686746988], [696243.391566265, 2573298.686746988], [696238.391566265, 2573303.686746988], [696233.391566265, 2573308.686746988], [696228.391566265, 2573313.686746988], [696223.391566265, 2573318.686746988], [696218.391566265, 2573323.686746988], [696213.391566265, 2573328.686746988], [696208.391566265, 2573333.686746988], [696198.391566265, 2573333.686746988], [696193.391566265, 2573338.686746988], [696188.391566265, 2573343.686746988], [696183.391566265, 2573348.686746988], [696178.391566265, 2573353.686746988], [696168.391566265, 2573353.686746988], [696163.391566265, 2573358.686746988], [696158.391566265, 2573363.686746988], [696153.391566265, 2573368.686746988], [696148.391566265, 2573373.686746988], [696143.391566265, 2573378.686746988], [696138.391566265, 2573383.686746988], [696128.391566265, 2573383.686746988]]}}, {"type": "Feature", "properties": {"level": 5.5, "label": "H6"}, "geometry": {"type": "LineString", "coordinates": [[694048.391566265, 2573213.686746988], [694058.391566265, 2573213.686746988], [694063.391566265, 2573208.686746988], [694063.391566265, 2573198.686746988], [694063.391566265, 2573188.686746988], [694063.391566265, 2573178.686746988], [694068.391566265, 2573173.686746988], [694073.391566265, 2573168.686746988], [694068.391566265, 2573163.686746988], [694058.391566265, 2573163.686746988], [694053.391566265, 2573158.686746988], [694048.391566265, 2573153.686746988], [694043.391566265, 2573148.686746988], [694038.391566265, 2573143.686746988], [694033.391566265, 2573138.686746988], [694033.391566265, 2573128.686746988], [694033.391566265, 2573118.686746988], [694038.391566265, 2573113.686746988], [694043.391566265, 2573108.686746988], [694043.391566265, 2573098.686746988], [694048.391566265, 2573093.686746988], [694053.391566265, 2573088.686746988], [694053.391566265, 2573078.686746988], [694053.391566265, 2573068.686746988], [694053.391566265, 2573058.686746988], [694058.391566265, 2573053.686746988], [694068.391566265, 2573053.686746988], [694073.391566265, 2573048.686746988], [694078.391566265, 2573043.686746988], [694083.391566265, 2573038.686746988], [694083.391566265, 2573028.686746988], [694078.391566265, 2573023.686746988], [694073.391566265, 2573018.686746988], [694078.391566265, 2573013.686746988], [694083.391566265, 2573008.686746988], [694083.391566265, 2572998.686746988], [694083.391566265, 2572988.686746988], [694078.391566265, 2572983.686746988], [694068.391566265, 2572983.686746988], [694058.391566265, 2572983.686746988], [694053.391566265, 2572988.686746988], [694048.391566265, 2572993.686746988], [694043.391566265, 2572998.686746988], [694043.391566265, 2573008.686746988], [694038.391566265, 2573013.686746988], [694033.391566265, 2573018.686746988], [694028.391566265, 2573023.686746988], [694018.391566265, 2573023.686746988], [694008.391566265, 2573023.686746988], [694003.391566265, 2573018.686746988], [693998.391566265, 2573013.686746988], [693988.391566265, 2573013.686746988], [693983.391566265, 2573018.686746988], [693978.391566265, 2573023.686746988], [693973.391566265, 2573018.686746988], [693968.391566265, 2573013.686746988], [693963.391566265, 2573008.686746988], [693958.391566265, 2573003.686746988], [693953.391566265, 2572998.686746988], [693953.391566265, 2572988.686746988], [693958.391566265, 2572983.686746988], [693963.391566265, 2572978.686746988], [693963.391566265, 2572968.686746988], [693963.391566265, 2572958.686746988], [693958.391566265, 2572953.686746988], [693953.391566265, 2572948.686746988], [693953.391566265, 2572938.686746988], [693953.391566265, 2572928.686746988], [693953.391566265, 2572918.686746988], [693953.391566265, 2572908.686746988], [693953.391566265, 2572898.686746988], [693953.391566265, 2572888.686746988], [693953.391566265, 2572878.686746988], [693958.391566265, 2572873.686746988], [693963.391566265, 2572868.686746988], [693963.391566265, 2572858.686746988], [693958.391566265, 2572853.686746988], [693953.391566265, 2572848.686746988], [693953.391566265, 2572838.686746988], [693958.391566265, 2572833.686746988], [693963.391566265, 2572828.686746988], [693968.391566265, 2572823.686746988], [693973.391566265, 2572818.686746988], [693978.391566265, 2572813.686746988], [693988.391566265, 2572813.686746988], [693998.391566265, 2572813.686746988], [694003.391566265, 2572818.686746988], [694003.391566265, 2572828.686746988], [693998.391566265, 2572833.686746988], [693993.391566265, 2572838.686746988], [693988.391566265, 2572843.686746988], [693983.391566265, 2572848.686746988], [693988.391566265, 2572853.686746988], [693998.391566265, 2572853.686746988], [694003.391566265, 2572858.686746988], [694008.391566265, 2572863.686746988], [694018.391566265, 2572863.686746988], [694028.391566265, 2572863.686746988], [694033.391566265, 2572868.686746988], [694038.391566265, 2572873.686746988], [694043.391566265, 2572878.686746988], [694048.391566265, 2572883.686746988], [694058.391566265, 2572883.686746988], [694063.391566265, 2572878.686746988], [694068.391566265, 2572873.686746988], [694073.391566265, 2572868.686746988], [694073.391566265, 2572858.686746988], [694068.391566265, 2572853.686746988], [694063.391566265, 2572848.686746988], [694063.391566265, 2572838.686746988], [694068.391566265, 2572833.686746988], [694073.391566265, 2572828.686746988], [694078.391566265, 2572823.686746988], [694083.391566265, 2572818.686746988], [694088.391566265, 2572813.686746988], [694098.391566265, 2572813.686746988], [694108.391566265, 2572813.686746988], [694118.391566265, 2572813.686746988], [694128.391566265, 2572813.686746988], [694133.391566265, 2572818.686746988], [694138.391566265, 2572823.686746988], [694148.391566265, 2572823.686746988], [694158.391566265, 2572823.686746988], [694163.391566265, 2572828.686746988], [694168.391566265, 2572833.686746988], [694173.391566265, 2572838.686746988], [694178.391566265, 2572843.686746988], [694183.391566265, 2572848.686746988], [694188.391566265, 2572853.686746988], [694193.391566265, 2572848.686746988], [694198.391566265, 2572843.686746988], [694203.391566265, 2572838.686746988], [694203.391566265, 2572828.686746988], [694203.391566265, 2572818.686746988], [694203.391566265, 2572808.686746988], [694208.391566265, 2572803.686746988], [694218.391566265, 2572803.686746988], [694223.391566265, 2572808.686746988], [694228.391566265, 2572813.686746988], [694233.391566265, 2572818.686746988], [694238.391566265, 2572823.686746988], [694248.391566265, 2572823.686746988], [694258.391566265, 2572823.686746988], [694263.391566265, 2572828.686746988], [694263.391566265, 2572838.686746988], [694263.391566265, 2572848.686746988], [694263.391566265, 2572858.686746988], [694263.391566265, 2572868.686746988], [694258.391566265, 2572873.686746988], [694253.391566265, 2572878.686746988], [694248.391566265, 2572883.686746988], [694243.391566265, 2572888.686746988], [694238.391566265, 2572893.686746988], [694228.391566265, 2572893.686746988], [694223.391566265, 2572898.686746988], [694218.391566265, 2572903.686746988], [694208.391566265, 2572903.686746988], [694203.391566265, 2572908.686746988], [694198.391566265, 2572913.686746988], [694188.391566265, 2572913.686746988], [694183.391566265, 2572918.686746988], [694178.391566265, 2572923.686746988], [694173.391566265, 2572928.686746988], [694173.391566265, 2572938.686746988], [694173.391566265, 2572948.686746988], [694173.391566265, 2572958.686746988], [694168.391566265, 2572963.686746988], [694163.391566265, 2572968.686746988], [694163.391566265, 2572978.686746988], [694163.391566265, 2572988.686746988], [694158.391566265, 2572993.686746988], [694153.391566265, 2572998.686746988], [694148.391566265, 2573003.686746988], [694143.391566265, 2573008.686746988], [694138.391566265, 2573013.686746988], [694128.391566265, 2573013.686746988], [694123.391566265, 2573018.686746988], [694118.391566265, 2573023.686746988], [694113.391566265, 2573028.686746988], [694113.391566265, 2573038.686746988], [694108.391566265, 2573043.686746988], [694103.391566265, 2573048.686746988], [694103.391566265, 2573058.686746988], [694103.391566265, 2573068.686746988], [694098.391566265, 2573073.686746988], [694093.391566265, 2573078.686746988], [694093.391566265, 2573088.686746988], [694088.391566265, 2573093.686746988], [694083.391566265, 2573098.686746988], [694083.391566265, 2573108.686746988], [694088.391566265, 2573113.686746988], [694093.391566265, 2573118.686746988], [694098.391566265, 2573123.686746988], [694103.391566265, 2573118.686746988], [694108.391566265, 2573113.686746988], [694118.391566265, 2573113.686746988], [694128.391566265, 2573113.686746988], [694133.391566265, 2573108.686746988], [694138.391566265, 2573103.686746988], [694143.391566265, 2573098.686746988], [694148.391566265, 2573093.686746988], [694158.391566265, 2573093.686746988], [694168.391566265, 2573093.686746988], [694178.391566265, 2573093.686746988], [694183.391566265, 2573088.686746988], [694188.391566265, 2573083.686746988], [694193.391566265, 2573078.686746988], [694193.391566265, 2573068.686746988], [694193.391566265, 2573058.686746988], [694198.391566265, 2573053.686746988], [694203.391566265, 2573048.686746988], [694203.391566265, 2573038.686746988], [694208.391566265, 2573033.686746988], [694218.391566265, 2573033.686746988], [694223.391566265, 2573038.686746988], [694223.391566265, 2573048.686746988], [694228.391566265, 2573053.686746988], [694233.391566265, 2573058.686746988], [694238.391566265, 2573063.686746988], [694248.391566265, 2573063.686746988], [694253.391566265, 2573058.686746988], [694258.391566265, 2573053.686746988], [694268.391566265, 2573053.686746988], [694273.391566265, 2573048.686746988], [694278.391566265, 2573043.686746988], [694283.391566265, 2573038.686746988], [694288.391566265, 2573033.686746988], [694293.391566265, 2573028.686746988], [694298.391566265, 2573023.686746988], [694308.391566265, 2573023.686746988], [694313.391566265, 2573018.686746988], [694313.391566265, 2573008.686746988], [694318.391566265, 2573003.686746988], [694323.391566265, 2572998.686746988], [694328.391566265, 2572993.686746988], [694338.391566265, 2572993.686746988], [694343.391566265, 2572988.686746988], [694348.391566265, 2572983.686746988], [694353.391566265, 2572978.686746988], [694358.391566265, 2572973.686746988], [694363.391566265, 2572968.686746988], [694368.391566265, 2572963.686746988], [694373.391566265, 2572968.686746988], [694378.391566265, 2572973.686746988], [694388.391566265, 2572973.686746988], [694393.391566265, 2572978.686746988], [694398.391566265, 2572983.686746988], [694403.391566265, 2572978.686746988], [694408.391566265, 2572973.686746988], [694413.391566265, 2572968.686746988], [694413.391566265, 2572958.686746988], [694418.391566265, 2572953.686746988], [694423.391566265, 2572948.686746988], [694428.391566265, 2572943.686746988], [694438.391566265, 2572943.686746988], [694443.391566265, 2572938.686746988], [694448.391566265, 2572933.686746988], [694458.391566265, 2572933.686746988], [694463.391566265, 2572928.686746988], [694463.391566265, 2572918.686746988], [694458.391566265, 2572913.686746988], [694453.391566265, 2572908.686746988], [694448.391566265, 2572903.686746988], [694438.391566265, 2572903.686746988], [694433.391566265, 2572898.686746988], [694428.391566265, 2572893.686746988], [694423.391566265, 2572888.686746988], [694418.391566265, 2572883.686746988], [694413.391566265, 2572878.686746988], [694408.391566265, 2572873.686746988], [694398.391566265, 2572873.686746988], [694388.391566265, 2572873.686746988], [694383.391566265, 2572868.686746988], [694378.391566265, 2572863.686746988], [694373.391566265, 2572858.686746988], [694373.391566265, 2572848.686746988], [694378.391566265, 2572843.686746988], [694383.391566265, 2572838.686746988], [694388.391566265, 2572833.686746988], [694393.391566265, 2572828.686746988], [694398.391566265, 2572823.686746988], [694408.391566265, 2572823.686746988], [694413.391566265, 2572818.686746988], [694418.391566265, 2572813.686746988], [694428.391566265, 2572813.686746988], [694438.391566265, 2572813.686746988], [694443.391566265, 2572808.686746988], [694448.391566265, 2572803.686746988], [694453.391566265, 2572798.686746988], [694458.391566265, 2572793.686746988], [694463.391566265, 2572788.686746988], [694463.391566265, 2572778.686746988], [694458.391566265, 2572773.686746988], [694453.391566265, 2572768.686746988], [694448.391566265, 2572763.686746988], [694443.391566265, 2572768.686746988], [694438.391566265, 2572773.686746988], [694428.391566265, 2572773.686746988], [694418.391566265, 2572773.686746988], [694408.391566265, 2572773.686746988], [694398.391566265, 2572773.686746988], [694388.391566265, 2572773.686746988], [694378.391566265, 2572773.686746988], [694368.391566265, 2572773.686746988], [694358.391566265, 2572773.686746988], [694348.391566265, 2572773.686746988], [694343.391566265, 2572778.686746988], [694338.391566265, 2572783.686746988], [694333.391566265, 2572788.686746988], [694328.391566265, 2572793.686746988], [694323.391566265, 2572798.686746988], [694318.391566265, 2572803.686746988], [694313.391566265, 2572798.686746988], [694308.391566265, 2572793.686746988], [694303.391566265, 2572788.686746988], [694303.391566265, 2572778.686746988], [694298.391566265, 2572773.686746988], [694293.391566265, 2572768.686746988], [694288.391566265, 2572763.686746988], [694278.391566265, 2572763.686746988], [694268.391566265, 2572763.686746988], [694263.391566265, 2572758.686746988], [694258.391566265, 2572753.686746988], [694253.391566265, 2572748.686746988], [694248.391566265, 2572743.686746988], [694243.391566265, 2572738.686746988], [694243.391566265, 2572728.686746988], [694238.391566265, 2572723.686746988], [694233.391566265, 2572718.686746988], [694233.391566265, 2572708.686746988], [694228.391566265, 2572703.686746988], [694218.391566265, 2572703.686746988], [694213.391566265, 2572698.686746988], [694208.391566265, 2572693.686746988], [694198.391566265, 2572693.686746988], [694193.391566265, 2572688.686746988], [694193.391566265, 2572678.686746988], [694193.391566265, 2572668.686746988], [694193.391566265, 2572658.686746988], [694188.391566265, 2572653.686746988], [694178.391566265, 2572653.686746988], [694173.391566265, 2572658.686746988], [694168.391566265, 2572663.686746988], [694163.391566265, 2572668.686746988], [694168.391566265, 2572673.686746988], [694173.391566265, 2572678.686746988], [694168.391566265, 2572683.686746988], [694163.391566265, 2572688.686746988], [694158.391566265, 2572693.686746988], [694148.391566265, 2572693.686746988], [694138.391566265, 2572693.686746988], [694128.391566265, 2572693.686746988], [694123.391566265, 2572698.686746988], [694118.391566265, 2572703.686746988], [694108.391566265, 2572703.686746988], [694103.391566265, 2572708.686746988], [694098.391566265, 2572713.686746988], [694093.391566265, 2572708.686746988], [694088.391566265, 2572703.686746988], [694078.391566265, 2572703.686746988], [694068.391566265, 2572703.686746988], [694063.391566265, 2572708.686746988], [694058.391566265, 2572713.686746988], [694048.391566265, 2572713.686746988], [694043.391566265, 2572718.686746988], [694038.391566265, 2572723.686746988], [694028.391566265, 2572723.686746988], [694023.391566265, 2572728.686746988], [694018.391566265, 2572733.686746988], [694013.391566265, 2572738.686746988], [694008.391566265, 2572743.686746988], [693998.391566265, 2572743.686746988], [693988.391566265, 2572743.686746988], [693978.391566265, 2572743.686746988], [693968.391566265, 2572743.686746988], [693963.391566265, 2572738.686746988], [693958.391566265, 2572733.686746988], [693948.391566265, 2572733.686746988], [693938.391566265, 2572733.686746988], [693933.391566265, 2572738.686746988], [693928.391566265, 2572743.686746988], [693918.391566265, 2572743.686746988], [693913.391566265, 2572748.686746988], [693908.391566265, 2572753.686746988], [693903.391566265, 2572758.686746988], [693898.391566265, 2572763.686746988], [693893.391566265, 2572768.686746988], [693888.391566265, 2572773.686746988], [693883.391566265, 2572778.686746988], [693883.391566265, 2572788.686746988], [693878.391566265, 2572793.686746988], [693873.391566265, 2572798.686746988], [693873.391566265, 2572808.686746988], [693873.391566265, 2572818.686746988], [693873.391566265, 2572828.686746988], [693873.391566265, 2572838.686746988], [693873.391566265, 2572848.686746988], [693873.391566265, 2572858.686746988], [693878.391566265, 2572863.686746988], [693883.391566265, 2572868.686746988], [693883.391566265, 2572878.686746988], [693883.391566265, 2572888.686746988], [693883.391566265, 2572898.686746988], [693883.391566265, 2572908.686746988], [693883.391566265, 2572918.686746988], [693883.391566265, 2572928.686746988], [693883.391566265, 2572938.686746988], [693883.391566265, 2572948.686746988], [693883.391566265, 2572958.686746988], [693883.391566265, 2572968.686746988], [693888.391566265, 2572973.686746988], [693893.391566265, 2572978.686746988], [693893.391566265, 2572988.686746988], [693893.391566265, 2572998.686746988], [693893.391566265, 2573008.686746988], [693898.391566265, 2573013.686746988], [693903.391566265, 2573018.686746988], [693908.391566265, 2573023.686746988], [693918.391566265, 2573023.686746988], [693923.391566265, 2573028.686746988], [693928.391566265, 2573033.686746988], [693933.391566265, 2573038.686746988], [693933.391566265, 2573048.686746988], [693938.391566265, 2573053.686746988], [693943.391566265, 2573058.686746988], [693948.391566265, 2573063.686746988], [693958.391566265, 2573063.686746988], [693968.391566265, 2573063.686746988], [693973.391566265, 2573068.686746988], [693973.391566265, 2573078.686746988], [693978.391566265, 2573083.686746988], [693983.391566265, 2573088.686746988], [693983.391566265, 2573098.686746988], [693988.391566265, 2573103.686746988], [693993.391566265, 2573108.686746988], [693993.391566265, 2573118.686746988], [693998.391566265, 2573123.686746988], [694003.391566265, 2573128.686746988], [694008.391566265, 2573133.686746988], [694013.391566265, 2573138.686746988], [694013.391566265, 2573148.686746988], [694013.391566265, 2573158.686746988], [694018.391566265, 2573163.686746988], [694023.391566265, 2573168.686746988], [694023.391566265, 2573178.686746988], [694028.391566265, 2573183.686746988], [694033.391566265, 2573188.686746988], [694033.391566265, 2573198.686746988], [694038.391566265, 2573203.686746988], [694043.391566265, 2573208.686746988], [694048.391566265, 2573213.686746988]]}}]}