{"type": "FeatureCollection", "crs": {"type": "name", "properties": {"name": "urn:ogc:def:crs:EPSG::32640"}}, "features": [{"type": "Feature", "properties": {"name": "R6", "length": 3905.6040696809964}, "geometry": {"type": "LineString", "coordinates": [[683679.0210843374, 2573002.960843373, 0.0], [683679.0210843374, 2572997.9668674697, 0.0], [683674.0271084338, 2572992.972891566, 0.0], [683674.0271084338, 2572987.9789156625, 0.0], [683669.03313253, 2572982.9849397587, 0.0], [683669.03313253, 2572977.9909638553, 0.0], [683669.03313253, 2572972.9969879515, 0.0], [683669.03313253, 2572968.003012048, 0.0], [683669.03313253, 2572963.0090361442, 0.0], [683669.03313253, 2572958.015060241, 0.0], [683669.03313253, 2572953.021084337, 0.0], [683664.0391566264, 2572948.0271084337, 0.0], [683659.0451807228, 2572943.03313253, 0.0], [683659.0451807228, 2572938.0391566264, 0.0], [683654.0512048192, 2572933.0451807226, 0.0], [683654.0512048192, 2572928.051204819, 0.0], [683649.0572289156, 2572923.0572289154, 0.0], [683649.0572289156, 2572918.063253012, 0.0], [683649.0572289156, 2572913.069277108, 0.0], [683649.0572289156, 2572908.075301205, 0.0], [683649.0572289156, 2572903.081325301, 0.0], [683649.0572289156, 2572898.0873493976, 0.0], [683649.0572289156, 2572893.0933734938, 0.0], [683644.063253012, 2572893.0933734938, 0.0], [683639.0692771084, 2572888.0993975904, 0.0], [683634.0753012048, 2572888.0993975904, 0.0], [683629.0813253012, 2572888.0993975904, 0.0], [683624.0873493976, 2572888.0993975904, 0.0], [683619.093373494, 2572888.0993975904, 0.0], [683614.0993975904, 2572883.1054216865, 0.0], [683609.1054216868, 2572878.111445783, 0.0], [683604.1114457832, 2572873.1174698793, 0.0], [683599.1174698796, 2572868.123493976, 0.0], [683594.1234939758, 2572863.129518072, 0.0], [683589.1295180722, 2572863.129518072, 0.0], [683584.1355421686, 2572858.1355421683, 0.0], [683579.141566265, 2572858.1355421683, 0.0], [683574.1475903614, 2572858.1355421683, 0.0], [683569.1536144578, 2572853.141566265, 0.0], [683564.1596385542, 2572853.141566265, 0.0], [683559.1656626506, 2572848.147590361, 0.0], [683554.171686747, 2572848.147590361, 0.0], [683549.1777108434, 2572848.147590361, 0.0], [683544.1837349398, 2572843.1536144577, 0.0], [683539.1897590362, 2572843.1536144577, 0.0], [683534.1957831326, 2572838.159638554, 0.0], [683529.2018072288, 2572838.159638554, 0.0], [683529.2018072288, 2572843.1536144577, 0.0], [683524.2078313252, 2572848.147590361, 0.0], [683519.2138554216, 2572853.141566265, 0.0], [683514.219879518, 2572853.141566265, 0.0], [683509.2259036144, 2572858.1355421683, 0.0], [683504.2319277108, 2572858.1355421683, 0.0], [683499.2379518072, 2572858.1355421683, 0.0], [683494.2439759036, 2572858.1355421683, 0.0], [683489.25, 2572858.1355421683, 0.0], [683484.2560240964, 2572863.129518072, 0.0], [683479.2620481928, 2572868.123493976, 0.0], [683474.2680722892, 2572868.123493976, 0.0], [683469.2740963856, 2572873.1174698793, 0.0], [683464.280120482, 2572878.111445783, 0.0], [683459.2861445782, 2572878.111445783, 0.0], [683454.2921686746, 2572878.111445783, 0.0], [683449.298192771, 2572873.1174698793, 0.0], [683444.3042168674, 2572873.1174698793, 0.0], [683439.3102409638, 2572868.123493976, 0.0], [683434.3162650602, 2572863.129518072, 0.0], [683429.3222891566, 2572863.129518072, 0.0], [683424.328313253, 2572858.1355421683, 0.0], [683419.3343373494, 2572853.141566265, 0.0], [683414.3403614458, 2572848.147590361, 0.0], [683409.3463855422, 2572843.1536144577, 0.0], [683404.3524096386, 2572843.1536144577, 0.0], [683399.358433735, 2572838.159638554, 0.0], [683394.3644578313, 2572838.159638554, 0.0], [683389.3704819276, 2572838.159638554, 0.0], [683384.376506024, 2572833.1656626505, 0.0], [683379.3825301204, 2572833.1656626505, 0.0], [683374.3885542168, 2572833.1656626505, 0.0], [683369.3945783132, 2572833.1656626505, 0.0], [683364.4006024096, 2572828.1716867466, 0.0], [683359.406626506, 2572823.1777108433, 0.0], [683354.4126506024, 2572818.1837349394, 0.0], [683349.4186746988, 2572813.189759036, 0.0], [683349.4186746988, 2572808.195783132, 0.0], [683344.4246987952, 2572803.201807229, 0.0], [683339.4307228916, 2572803.201807229, 0.0], [683334.436746988, 2572798.207831325, 0.0], [683329.4427710844, 2572793.2138554216, 0.0], [683324.4487951808, 2572793.2138554216, 0.0], [683319.454819277, 2572793.2138554216, 0.0], [683314.4608433734, 2572788.219879518, 0.0], [683309.4668674698, 2572788.219879518, 0.0], [683304.4728915662, 2572788.219879518, 0.0], [683299.4789156626, 2572788.219879518, 0.0], [683294.484939759, 2572788.219879518, 0.0], [683289.4909638554, 2572788.219879518, 0.0], [683284.4969879518, 2572788.219879518, 0.0], [683279.5030120482, 2572788.219879518, 0.0], [683274.5090361446, 2572788.219879518, 0.0], [683269.515060241, 2572793.2138554216, 0.0], [683264.5210843374, 2572793.2138554216, 0.0], [683259.5271084338, 2572793.2138554216, 0.0], [683254.53313253, 2572793.2138554216, 0.0], [683249.5391566264, 2572798.207831325, 0.0], [683244.5451807228, 2572798.207831325, 0.0], [683239.5512048192, 2572798.207831325, 0.0], [683234.5572289156, 2572798.207831325, 0.0], [683229.563253012, 2572793.2138554216, 0.0], [683224.5692771084, 2572793.2138554216, 0.0], [683219.5753012048, 2572793.2138554216, 0.0], [683214.5813253012, 2572793.2138554216, 0.0], [683209.5873493976, 2572788.219879518, 0.0], [683204.593373494, 2572788.219879518, 0.0], [683199.5993975904, 2572788.219879518, 0.0], [683194.6054216868, 2572788.219879518, 0.0], [683189.6114457832, 2572788.219879518, 0.0], [683184.6174698796, 2572788.219879518, 0.0], [683179.6234939758, 2572788.219879518, 0.0], [683174.6295180722, 2572788.219879518, 0.0], [683169.6355421686, 2572788.219879518, 0.0], [683164.641566265, 2572788.219879518, 0.0], [683159.6475903614, 2572788.219879518, 0.0], [683154.6536144578, 2572783.2259036144, 0.0], [683149.6596385542, 2572783.2259036144, 0.0], [683144.6656626506, 2572783.2259036144, 0.0], [683139.671686747, 2572783.2259036144, 0.0], [683134.6777108434, 2572778.2319277106, 0.0], [683129.6837349398, 2572778.2319277106, 0.0], [683124.6897590362, 2572773.237951807, 0.0], [683119.6957831325, 2572768.2439759034, 0.0], [683114.7018072288, 2572763.25, 0.0], [683109.7078313252, 2572763.25, 0.0], [683104.7138554216, 2572758.256024096, 0.0], [683099.719879518, 2572753.262048193, 0.0], [683094.7259036144, 2572748.268072289, 0.0], [683089.7319277108, 2572743.2740963856, 0.0], [683084.7379518072, 2572738.2801204817, 0.0], [683079.7439759036, 2572733.2861445784, 0.0], [683074.75, 2572733.2861445784, 0.0], [683069.7560240964, 2572733.2861445784, 0.0], [683064.7620481928, 2572733.2861445784, 0.0], [683059.7680722892, 2572733.2861445784, 0.0], [683054.7740963856, 2572728.2921686745, 0.0], [683049.780120482, 2572728.2921686745, 0.0], [683044.7861445782, 2572723.2981927707, 0.0], [683039.7921686746, 2572723.2981927707, 0.0], [683034.798192771, 2572723.2981927707, 0.0], [683029.8042168674, 2572718.3042168673, 0.0], [683024.8102409638, 2572718.3042168673, 0.0], [683019.8162650602, 2572723.2981927707, 0.0], [683014.8222891566, 2572723.2981927707, 0.0], [683009.828313253, 2572728.2921686745, 0.0], [683004.8343373494, 2572733.2861445784, 0.0], [682999.8403614458, 2572733.2861445784, 0.0], [682994.8463855422, 2572733.2861445784, 0.0], [682989.8524096386, 2572733.2861445784, 0.0], [682984.858433735, 2572733.2861445784, 0.0], [682979.8644578313, 2572733.2861445784, 0.0], [682974.8704819276, 2572733.2861445784, 0.0], [682969.876506024, 2572733.2861445784, 0.0], [682964.8825301204, 2572733.2861445784, 0.0], [682959.8885542168, 2572733.2861445784, 0.0], [682954.8945783132, 2572738.2801204817, 0.0], [682949.9006024096, 2572738.2801204817, 0.0], [682944.906626506, 2572738.2801204817, 0.0], [682939.9126506024, 2572738.2801204817, 0.0], [682934.9186746988, 2572733.2861445784, 0.0], [682929.9246987952, 2572728.2921686745, 0.0], [682924.9307228916, 2572728.2921686745, 0.0], [682919.936746988, 2572728.2921686745, 0.0], [682914.9427710844, 2572728.2921686745, 0.0], [682909.9487951808, 2572728.2921686745, 0.0], [682904.954819277, 2572733.2861445784, 0.0], [682899.9608433734, 2572733.2861445784, 0.0], [682894.9668674698, 2572738.2801204817, 0.0], [682894.9668674698, 2572743.2740963856, 0.0], [682889.9728915662, 2572748.268072289, 0.0], [682884.9789156626, 2572753.262048193, 0.0], [682879.984939759, 2572758.256024096, 0.0], [682879.984939759, 2572763.25, 0.0], [682874.9909638554, 2572768.2439759034, 0.0], [682869.9969879518, 2572773.237951807, 0.0], [682865.0030120482, 2572778.2319277106, 0.0], [682860.0090361446, 2572783.2259036144, 0.0], [682860.0090361446, 2572788.219879518, 0.0], [682855.015060241, 2572793.2138554216, 0.0], [682850.0210843374, 2572798.207831325, 0.0], [682845.0271084338, 2572803.201807229, 0.0], [682840.03313253, 2572808.195783132, 0.0], [682835.0391566264, 2572813.189759036, 0.0], [682830.0451807228, 2572818.1837349394, 0.0], [682825.0512048192, 2572823.1777108433, 0.0], [682820.0572289156, 2572828.1716867466, 0.0], [682820.0572289156, 2572833.1656626505, 0.0], [682820.0572289156, 2572838.159638554, 0.0], [682815.063253012, 2572838.159638554, 0.0], [682810.0692771084, 2572843.1536144577, 0.0], [682805.0753012048, 2572848.147590361, 0.0], [682800.0813253012, 2572853.141566265, 0.0], [682795.0873493976, 2572858.1355421683, 0.0], [682790.093373494, 2572863.129518072, 0.0], [682785.0993975904, 2572863.129518072, 0.0], [682780.1054216868, 2572863.129518072, 0.0], [682775.1114457832, 2572868.123493976, 0.0], [682770.1174698794, 2572868.123493976, 0.0], [682765.1234939758, 2572873.1174698793, 0.0], [682760.1295180722, 2572873.1174698793, 0.0], [682755.1355421686, 2572873.1174698793, 0.0], [682750.141566265, 2572868.123493976, 0.0], [682745.1475903614, 2572873.1174698793, 0.0], [682740.1536144578, 2572878.111445783, 0.0], [682735.1596385542, 2572878.111445783, 0.0], [682730.1656626506, 2572878.111445783, 0.0], [682725.171686747, 2572883.1054216865, 0.0], [682720.1777108434, 2572883.1054216865, 0.0], [682715.1837349398, 2572888.0993975904, 0.0], [682710.1897590362, 2572888.0993975904, 0.0], [682705.1957831325, 2572893.0933734938, 0.0], [682700.2018072288, 2572893.0933734938, 0.0], [682695.2078313252, 2572893.0933734938, 0.0], [682690.2138554216, 2572898.0873493976, 0.0], [682685.219879518, 2572903.081325301, 0.0], [682680.2259036144, 2572908.075301205, 0.0], [682675.2319277108, 2572908.075301205, 0.0], [682670.2379518072, 2572913.069277108, 0.0], [682665.2439759036, 2572918.063253012, 0.0], [682665.2439759036, 2572923.0572289154, 0.0], [682670.2379518072, 2572928.051204819, 0.0], [682675.2319277108, 2572933.0451807226, 0.0], [682675.2319277108, 2572938.0391566264, 0.0], [682670.2379518072, 2572943.03313253, 0.0], [682665.2439759036, 2572948.0271084337, 0.0], [682660.25, 2572953.021084337, 0.0], [682655.2560240964, 2572958.015060241, 0.0], [682655.2560240964, 2572963.0090361442, 0.0], [682650.2620481928, 2572968.003012048, 0.0], [682645.2680722892, 2572972.9969879515, 0.0], [682645.2680722892, 2572977.9909638553, 0.0], [682640.2740963856, 2572982.9849397587, 0.0], [682640.2740963856, 2572987.9789156625, 0.0], [682635.280120482, 2572992.972891566, 0.0], [682630.2861445782, 2572997.9668674697, 0.0], [682625.2921686746, 2573002.960843373, 0.0], [682620.298192771, 2573007.954819277, 0.0], [682615.3042168674, 2573012.948795181, 0.0], [682615.3042168674, 2573017.942771084, 0.0], [682610.3102409638, 2573022.936746988, 0.0], [682610.3102409638, 2573027.9307228914, 0.0], [682605.3162650602, 2573032.924698795, 0.0], [682600.3222891566, 2573037.9186746986, 0.0], [682595.328313253, 2573042.9126506024, 0.0], [682590.3343373494, 2573047.906626506, 0.0], [682590.3343373494, 2573052.9006024096, 0.0], [682585.3403614458, 2573057.894578313, 0.0], [682585.3403614458, 2573062.888554217, 0.0], [682585.3403614458, 2573067.88253012, 0.0], [682580.3463855422, 2573072.876506024, 0.0], [682575.3524096386, 2573077.8704819274, 0.0], [682575.3524096386, 2573082.8644578313, 0.0], [682575.3524096386, 2573087.8584337346, 0.0], [682570.358433735, 2573092.8524096385, 0.0], [682565.3644578313, 2573097.846385542, 0.0], [682565.3644578313, 2573102.8403614457, 0.0], [682565.3644578313, 2573107.834337349, 0.0], [682565.3644578313, 2573112.828313253, 0.0], [682565.3644578313, 2573117.8222891563, 0.0], [682560.3704819276, 2573122.81626506, 0.0], [682560.3704819276, 2573127.8102409635, 0.0], [682560.3704819276, 2573132.8042168673, 0.0], [682555.376506024, 2573137.7981927707, 0.0], [682550.3825301204, 2573142.7921686745, 0.0], [682545.3885542168, 2573147.7861445784, 0.0], [682545.3885542168, 2573152.7801204817, 0.0], [682540.3945783132, 2573157.7740963856, 0.0], [682535.4006024096, 2573162.768072289, 0.0], [682530.406626506, 2573167.762048193, 0.0], [682525.4126506024, 2573167.762048193, 0.0], [682520.4186746988, 2573172.756024096, 0.0], [682515.4246987952, 2573172.756024096, 0.0], [682510.4307228916, 2573172.756024096, 0.0], [682505.436746988, 2573177.75, 0.0], [682500.4427710844, 2573177.75, 0.0], [682495.4487951808, 2573177.75, 0.0], [682490.454819277, 2573177.75, 0.0], [682485.4608433734, 2573182.7439759034, 0.0], [682480.4668674698, 2573182.7439759034, 0.0], [682475.4728915662, 2573182.7439759034, 0.0], [682470.4789156626, 2573182.7439759034, 0.0], [682465.484939759, 2573182.7439759034, 0.0], [682460.4909638554, 2573182.7439759034, 0.0], [682455.4969879518, 2573187.737951807, 0.0], [682450.5030120482, 2573192.7319277106, 0.0], [682445.5090361446, 2573192.7319277106, 0.0], [682440.515060241, 2573192.7319277106, 0.0], [682435.5210843374, 2573187.737951807, 0.0], [682430.5271084338, 2573182.7439759034, 0.0], [682425.53313253, 2573187.737951807, 0.0], [682420.5391566264, 2573192.7319277106, 0.0], [682415.5451807228, 2573192.7319277106, 0.0], [682410.5512048192, 2573197.7259036144, 0.0], [682410.5512048192, 2573202.719879518, 0.0], [682405.5572289156, 2573207.7138554216, 0.0], [682400.563253012, 2573212.707831325, 0.0], [682395.5692771084, 2573212.707831325, 0.0], [682390.5753012048, 2573212.707831325, 0.0], [682385.5813253012, 2573217.701807229, 0.0], [682380.5873493976, 2573222.695783132, 0.0], [682375.593373494, 2573227.689759036, 0.0], [682370.5993975904, 2573232.6837349394, 0.0], [682370.5993975904, 2573237.6777108433, 0.0], [682370.5993975904, 2573242.6716867466, 0.0], [682365.6054216868, 2573247.6656626505, 0.0], [682360.6114457832, 2573247.6656626505, 0.0], [682355.6174698794, 2573252.659638554, 0.0], [682355.6174698794, 2573257.6536144577, 0.0], [682355.6174698794, 2573262.647590361, 0.0], [682355.6174698794, 2573267.641566265, 0.0], [682350.6234939758, 2573267.641566265, 0.0], [682345.6295180722, 2573272.6355421683, 0.0], [682340.6355421686, 2573272.6355421683, 0.0], [682335.641566265, 2573272.6355421683, 0.0], [682330.6475903614, 2573272.6355421683, 0.0], [682325.6536144578, 2573272.6355421683, 0.0], [682320.6596385542, 2573277.629518072, 0.0], [682315.6656626506, 2573277.629518072, 0.0], [682310.671686747, 2573282.623493976, 0.0], [682305.6777108434, 2573287.6174698793, 0.0], [682300.6837349398, 2573287.6174698793, 0.0], [682295.6897590362, 2573292.611445783, 0.0], [682290.6957831325, 2573297.6054216865, 0.0], [682290.6957831325, 2573302.5993975904, 0.0], [682285.7018072288, 2573307.5933734938, 0.0], [682280.7078313252, 2573307.5933734938, 0.0], [682275.7138554216, 2573307.5933734938, 0.0], [682270.719879518, 2573307.5933734938, 0.0], [682265.7259036144, 2573307.5933734938, 0.0], [682260.7319277108, 2573307.5933734938, 0.0], [682255.7379518072, 2573307.5933734938, 0.0], [682250.7439759036, 2573312.5873493976, 0.0], [682245.75, 2573317.581325301, 0.0], [682240.7560240964, 2573317.581325301, 0.0], [682235.7620481928, 2573322.575301205, 0.0], [682230.7680722892, 2573327.569277108, 0.0], [682225.7740963856, 2573327.569277108, 0.0], [682220.780120482, 2573327.569277108, 0.0], [682215.7861445782, 2573332.563253012, 0.0], [682210.7921686746, 2573332.563253012, 0.0], [682205.798192771, 2573337.5572289154, 0.0], [682200.8042168674, 2573337.5572289154, 0.0], [682195.8102409638, 2573342.551204819, 0.0], [682190.8162650602, 2573342.551204819, 0.0], [682185.8222891566, 2573342.551204819, 0.0], [682180.828313253, 2573347.5451807226, 0.0], [682175.8343373494, 2573347.5451807226, 0.0], [682170.8403614458, 2573347.5451807226, 0.0], [682165.8463855422, 2573347.5451807226, 0.0], [682160.8524096386, 2573347.5451807226, 0.0], [682155.858433735, 2573352.5391566264, 0.0], [682150.8644578313, 2573352.5391566264, 0.0], [682145.8704819276, 2573352.5391566264, 0.0], [682140.876506024, 2573352.5391566264, 0.0], [682135.8825301204, 2573352.5391566264, 0.0], [682130.8885542168, 2573352.5391566264, 0.0], [682125.8945783132, 2573352.5391566264, 0.0], [682120.9006024096, 2573352.5391566264, 0.0], [682115.906626506, 2573357.53313253, 0.0], [682110.9126506024, 2573357.53313253, 0.0], [682105.9186746988, 2573357.53313253, 0.0], [682100.9246987952, 2573357.53313253, 0.0], [682095.9307228916, 2573357.53313253, 0.0], [682090.936746988, 2573357.53313253, 0.0], [682085.9427710844, 2573357.53313253, 0.0], [682080.9487951808, 2573357.53313253, 0.0], [682080.9487951808, 2573352.5391566264, 0.0], [682075.954819277, 2573347.5451807226, 0.0], [682070.9608433734, 2573342.551204819, 0.0], [682065.9668674698, 2573342.551204819, 0.0], [682060.9728915662, 2573342.551204819, 0.0], [682055.9789156626, 2573342.551204819, 0.0], [682050.984939759, 2573347.5451807226, 0.0], [682045.9909638554, 2573347.5451807226, 0.0], [682040.9969879518, 2573347.5451807226, 0.0], [682036.0030120482, 2573347.5451807226, 0.0], [682031.0090361446, 2573347.5451807226, 0.0], [682026.015060241, 2573347.5451807226, 0.0], [682021.0210843374, 2573347.5451807226, 0.0], [682016.0271084338, 2573347.5451807226, 0.0], [682011.03313253, 2573352.5391566264, 0.0], [682006.0391566264, 2573352.5391566264, 0.0], [682001.0451807228, 2573357.53313253, 0.0], [681996.0512048192, 2573357.53313253, 0.0], [681991.0572289156, 2573362.5271084337, 0.0], [681986.063253012, 2573362.5271084337, 0.0], [681981.0692771084, 2573362.5271084337, 0.0], [681976.0753012048, 2573367.521084337, 0.0], [681971.0813253012, 2573367.521084337, 0.0], [681966.0873493976, 2573372.515060241, 0.0], [681961.093373494, 2573372.515060241, 0.0], [681956.0993975904, 2573372.515060241, 0.0], [681951.1054216868, 2573372.515060241, 0.0], [681946.1114457832, 2573372.515060241, 0.0], [681941.1174698794, 2573372.515060241, 0.0], [681936.1234939758, 2573372.515060241, 0.0], [681931.1295180722, 2573377.5090361442, 0.0], [681926.1355421686, 2573377.5090361442, 0.0], [681921.141566265, 2573382.503012048, 0.0], [681916.1475903614, 2573377.5090361442, 0.0], [681911.1536144578, 2573377.5090361442, 0.0], [681906.1596385542, 2573382.503012048, 0.0], [681901.1656626506, 2573382.503012048, 0.0], [681896.171686747, 2573387.4969879515, 0.0], [681891.1777108434, 2573387.4969879515, 0.0], [681886.1837349398, 2573387.4969879515, 0.0], [681881.1897590362, 2573387.4969879515, 0.0], [681876.1957831325, 2573387.4969879515, 0.0], [681876.1957831325, 2573392.4909638553, 0.0], [681871.2018072288, 2573397.4849397587, 0.0], [681866.2078313252, 2573397.4849397587, 0.0], [681861.2138554216, 2573397.4849397587, 0.0], [681856.219879518, 2573402.4789156625, 0.0], [681851.2259036144, 2573402.4789156625, 0.0], [681846.2319277108, 2573407.472891566, 0.0], [681841.2379518072, 2573407.472891566, 0.0], [681836.2439759036, 2573407.472891566, 0.0], [681831.25, 2573407.472891566, 0.0], [681826.2560240964, 2573407.472891566, 0.0], [681821.2620481928, 2573412.4668674697, 0.0], [681816.2680722892, 2573412.4668674697, 0.0], [681811.2740963856, 2573412.4668674697, 0.0], [681806.280120482, 2573412.4668674697, 0.0], [681801.2861445782, 2573412.4668674697, 0.0], [681796.2921686746, 2573412.4668674697, 0.0], [681791.298192771, 2573417.460843373, 0.0], [681786.3042168674, 2573417.460843373, 0.0], [681781.3102409638, 2573417.460843373, 0.0], [681776.3162650602, 2573422.454819277, 0.0], [681771.3222891566, 2573427.448795181, 0.0], [681766.328313253, 2573427.448795181, 0.0], [681761.3343373494, 2573432.442771084, 0.0], [681756.3403614458, 2573432.442771084, 0.0], [681751.3463855422, 2573432.442771084, 0.0], [681746.3524096386, 2573437.436746988, 0.0], [681741.358433735, 2573442.4307228914, 0.0], [681736.3644578313, 2573442.4307228914, 0.0], [681731.3704819276, 2573442.4307228914, 0.0], [681726.376506024, 2573442.4307228914, 0.0], [681721.3825301204, 2573442.4307228914, 0.0], [681716.3885542168, 2573447.424698795, 0.0], [681711.3945783132, 2573447.424698795, 0.0], [681706.4006024096, 2573447.424698795, 0.0], [681701.406626506, 2573447.424698795, 0.0], [681696.4126506024, 2573452.4186746986, 0.0], [681691.4186746988, 2573452.4186746986, 0.0], [681686.4246987952, 2573452.4186746986, 0.0], [681681.4307228916, 2573452.4186746986, 0.0], [681676.436746988, 2573452.4186746986, 0.0], [681671.4427710844, 2573452.4186746986, 0.0], [681666.4487951808, 2573457.4126506024, 0.0], [681666.4487951808, 2573462.406626506, 0.0], [681661.454819277, 2573467.4006024096, 0.0], [681656.4608433734, 2573467.4006024096, 0.0], [681651.4668674698, 2573472.394578313, 0.0], [681646.4728915662, 2573472.394578313, 0.0], [681641.4789156626, 2573472.394578313, 0.0], [681636.484939759, 2573477.388554217, 0.0], [681631.4909638554, 2573477.388554217, 0.0], [681626.4969879518, 2573482.38253012, 0.0], [681621.5030120482, 2573482.38253012, 0.0], [681616.5090361446, 2573482.38253012, 0.0], [681611.515060241, 2573487.376506024, 0.0], [681606.5210843374, 2573487.376506024, 0.0], [681601.5271084338, 2573492.3704819274, 0.0], [681596.53313253, 2573497.3644578313, 0.0], [681591.5391566264, 2573497.3644578313, 0.0], [681586.5451807228, 2573502.3584337346, 0.0], [681586.5451807228, 2573507.3524096385, 0.0], [681581.5512048192, 2573512.346385542, 0.0], [681581.5512048192, 2573517.3403614457, 0.0], [681576.5572289156, 2573522.334337349, 0.0], [681576.5572289156, 2573527.328313253, 0.0], [681571.563253012, 2573532.3222891563, 0.0], [681571.563253012, 2573537.31626506, 0.0], [681566.5692771084, 2573542.3102409635, 0.0], [681566.5692771084, 2573547.3042168673, 0.0], [681566.5692771084, 2573552.2981927707, 0.0], [681561.5753012048, 2573557.2921686745, 0.0], [681556.5813253012, 2573562.2861445784, 0.0], [681556.5813253012, 2573567.2801204817, 0.0], [681551.5873493976, 2573572.2740963856, 0.0], [681551.5873493976, 2573577.268072289, 0.0], [681551.5873493976, 2573582.262048193, 0.0], [681546.593373494, 2573587.256024096, 0.0], [681541.5993975904, 2573592.25, 0.0], [681541.5993975904, 2573597.2439759034, 0.0], [681536.6054216868, 2573597.2439759034, 0.0], [681531.6114457832, 2573602.237951807, 0.0], [681531.6114457832, 2573607.2319277106, 0.0], [681526.6174698794, 2573612.2259036144, 0.0], [681521.6234939758, 2573617.219879518, 0.0], [681516.6295180722, 2573622.2138554216, 0.0], [681511.6355421686, 2573622.2138554216, 0.0], [681511.6355421686, 2573627.207831325, 0.0], [681506.641566265, 2573627.207831325, 0.0], [681501.6475903614, 2573632.201807229, 0.0], [681501.6475903614, 2573637.195783132, 0.0], [681496.6536144578, 2573642.189759036, 0.0], [681491.6596385542, 2573647.1837349394, 0.0], [681486.6656626506, 2573652.1777108433, 0.0], [681481.671686747, 2573657.1716867466, 0.0], [681481.671686747, 2573662.1656626505, 0.0], [681476.6777108434, 2573667.159638554, 0.0], [681471.6837349398, 2573672.1536144577, 0.0], [681471.6837349398, 2573677.147590361, 0.0], [681466.6897590362, 2573682.141566265, 0.0], [681466.6897590362, 2573687.1355421683, 0.0], [681461.6957831325, 2573692.129518072, 0.0], [681456.7018072288, 2573697.123493976, 0.0], [681451.7078313252, 2573702.1174698793, 0.0], [681446.7138554216, 2573707.111445783, 0.0], [681441.719879518, 2573712.1054216865, 0.0], [681436.7259036144, 2573717.0993975904, 0.0], [681431.7319277108, 2573717.0993975904, 0.0], [681426.7379518072, 2573722.0933734938, 0.0], [681421.7439759036, 2573727.0873493976, 0.0], [681416.75, 2573732.081325301, 0.0], [681411.7560240964, 2573737.075301205, 0.0], [681406.7620481928, 2573742.069277108, 0.0], [681401.7680722892, 2573747.063253012, 0.0], [681396.7740963856, 2573752.0572289154, 0.0], [681391.780120482, 2573752.0572289154, 0.0], [681386.7861445782, 2573757.051204819, 0.0], [681381.7921686746, 2573762.0451807226, 0.0], [681376.798192771, 2573767.0391566264, 0.0], [681371.8042168674, 2573767.0391566264, 0.0], [681366.8102409638, 2573767.0391566264, 0.0], [681361.8162650602, 2573762.0451807226, 0.0], [681356.8222891566, 2573757.051204819, 0.0], [681351.828313253, 2573757.051204819, 0.0], [681346.8343373494, 2573762.0451807226, 0.0], [681341.8403614458, 2573767.0391566264, 0.0], [681336.8463855422, 2573772.03313253, 0.0], [681331.8524096386, 2573772.03313253, 0.0], [681326.858433735, 2573777.0271084337, 0.0], [681321.8644578313, 2573777.0271084337, 0.0], [681316.8704819276, 2573782.021084337, 0.0], [681311.876506024, 2573787.015060241, 0.0], [681306.8825301204, 2573787.015060241, 0.0], [681301.8885542168, 2573792.0090361442, 0.0], [681296.8945783132, 2573797.003012048, 0.0], [681291.9006024096, 2573797.003012048, 0.0], [681286.906626506, 2573801.9969879515, 0.0], [681281.9126506024, 2573806.9909638553, 0.0], [681276.9186746988, 2573811.9849397587, 0.0], [681271.9246987952, 2573816.9789156625, 0.0], [681266.9307228916, 2573816.9789156625, 0.0], [681261.936746988, 2573821.972891566, 0.0], [681256.9427710844, 2573826.9668674697, 0.0], [681251.9487951808, 2573831.960843373, 0.0], [681246.954819277, 2573831.960843373, 0.0], [681241.9608433734, 2573836.954819277, 0.0], [681236.9668674698, 2573836.954819277, 0.0], [681231.9728915662, 2573841.948795181, 0.0], [681226.9789156626, 2573846.942771084, 0.0], [681221.984939759, 2573846.942771084, 0.0], [681221.984939759, 2573851.936746988, 0.0], [681216.9909638554, 2573856.9307228914, 0.0], [681211.9969879518, 2573861.924698795, 0.0], [681207.0030120482, 2573866.9186746986, 0.0], [681202.0090361446, 2573871.9126506024, 0.0], [681197.015060241, 2573871.9126506024, 0.0], [681192.0210843374, 2573876.906626506, 0.0], [681187.0271084337, 2573881.9006024096, 0.0], [681182.03313253, 2573886.894578313, 0.0], [681177.0391566264, 2573891.888554217, 0.0], [681172.0451807228, 2573891.888554217, 0.0], [681167.0512048192, 2573896.88253012, 0.0], [681162.0572289156, 2573896.88253012, 0.0], [681157.063253012, 2573901.876506024, 0.0], [681152.0692771084, 2573901.876506024, 0.0], [681147.0753012048, 2573906.8704819274, 0.0], [681142.0813253012, 2573911.8644578313, 0.0], [681137.0873493976, 2573911.8644578313, 0.0], [681132.093373494, 2573916.8584337346, 0.0], [681127.0993975904, 2573921.8524096385, 0.0], [681122.1054216868, 2573921.8524096385, 0.0], [681117.1114457832, 2573926.846385542, 0.0], [681112.1174698794, 2573931.8403614457, 0.0], [681107.1234939758, 2573931.8403614457, 0.0], [681102.1295180722, 2573936.834337349, 0.0], [681097.1355421686, 2573941.828313253, 0.0], [681092.141566265, 2573946.8222891563, 0.0], [681087.1475903614, 2573951.81626506, 0.0], [681082.1536144578, 2573956.8102409635, 0.0], [681082.1536144578, 2573961.8042168673, 0.0], [681077.1596385542, 2573966.7981927707, 0.0], [681072.1656626506, 2573971.7921686745, 0.0], [681067.171686747, 2573976.7861445784, 0.0], [681062.1777108434, 2573981.7801204817, 0.0], [681057.1837349398, 2573986.7740963856, 0.0], [681052.1897590362, 2573991.768072289, 0.0], [681047.1957831325, 2573996.762048193, 0.0], [681042.2018072288, 2574001.756024096, 0.0], [681037.2078313252, 2574006.75, 0.0], [681032.2138554216, 2574011.7439759034, 0.0], [681027.219879518, 2574016.737951807, 0.0], [681022.2259036144, 2574021.7319277106, 0.0], [681017.2319277108, 2574026.7259036144, 0.0], [681012.2379518072, 2574026.7259036144, 0.0], [681007.2439759036, 2574026.7259036144, 0.0], [681002.25, 2574031.719879518, 0.0], [680997.2560240964, 2574036.7138554216, 0.0], [680992.2620481928, 2574041.707831325, 0.0], [680987.2680722892, 2574046.701807229, 0.0], [680982.2740963856, 2574051.695783132, 0.0], [680982.2740963856, 2574056.689759036, 0.0], [680977.280120482, 2574061.6837349394, 0.0], [680972.2861445782, 2574061.6837349394, 0.0], [680967.2921686746, 2574066.6777108433, 0.0], [680962.298192771, 2574071.6716867466, 0.0], [680957.3042168674, 2574076.6656626505, 0.0], [680952.3102409638, 2574076.6656626505, 0.0], [680947.3162650602, 2574076.6656626505, 0.0], [680942.3222891566, 2574076.6656626505, 0.0], [680937.328313253, 2574076.6656626505, 0.0], [680932.3343373494, 2574076.6656626505, 0.0], [680927.3403614458, 2574081.659638554, 0.0], [680922.3463855422, 2574086.6536144577, 0.0], [680917.3524096386, 2574091.647590361, 0.0], [680912.358433735, 2574096.641566265, 0.0], [680907.3644578313, 2574096.641566265, 0.0], [680902.3704819276, 2574101.6355421683, 0.0], [680897.376506024, 2574101.6355421683, 0.0], [680892.3825301204, 2574106.629518072, 0.0], [680892.3825301204, 2574111.623493976, 0.0], [680892.3825301204, 2574116.6174698793, 0.0], [680897.376506024, 2574121.611445783, 0.0], [680897.376506024, 2574126.6054216865, 0.0], [680897.376506024, 2574131.5993975904, 0.0], [680892.3825301204, 2574131.5993975904, 0.0], [680887.3885542168, 2574136.5933734938, 0.0], [680882.3945783132, 2574141.5873493976, 0.0], [680877.4006024096, 2574146.581325301, 0.0], [680872.406626506, 2574151.575301205, 0.0], [680872.406626506, 2574156.569277108, 0.0], [680872.406626506, 2574161.563253012, 0.0], [680867.4126506024, 2574166.5572289154, 0.0], [680867.4126506024, 2574171.551204819, 0.0], [680867.4126506024, 2574176.5451807226, 0.0], [680862.4186746988, 2574176.5451807226, 0.0], [680862.4186746988, 2574181.5391566264, 0.0], [680857.4246987952, 2574186.53313253, 0.0], [680852.4307228916, 2574191.5271084337, 0.0]]}}, {"type": "Feature", "properties": {"name": "R4", "length": 5570.580502299578}, "geometry": {"type": "LineString", "coordinates": [[680852.4307228916, 2574191.5271084337, 0.0], [680847.436746988, 2574191.5271084337, 0.0], [680842.4427710844, 2574191.5271084337, 0.0], [680837.4487951807, 2574186.53313253, 0.0], [680832.454819277, 2574186.53313253, 0.0], [680827.4608433734, 2574186.53313253, 0.0], [680822.4668674698, 2574186.53313253, 0.0], [680817.4728915662, 2574186.53313253, 0.0], [680812.4789156626, 2574186.53313253, 0.0], [680807.484939759, 2574186.53313253, 0.0], [680802.4909638554, 2574191.5271084337, 0.0], [680797.4969879518, 2574191.5271084337, 0.0], [680792.5030120482, 2574191.5271084337, 0.0], [680787.5090361446, 2574191.5271084337, 0.0], [680782.515060241, 2574191.5271084337, 0.0], [680777.5210843374, 2574196.521084337, 0.0], [680772.5271084337, 2574196.521084337, 0.0], [680767.53313253, 2574196.521084337, 0.0], [680762.5391566264, 2574196.521084337, 0.0], [680757.5451807228, 2574196.521084337, 0.0], [680752.5512048192, 2574196.521084337, 0.0], [680747.5572289156, 2574196.521084337, 0.0], [680742.563253012, 2574201.515060241, 0.0], [680737.5692771084, 2574206.5090361442, 0.0], [680732.5753012048, 2574206.5090361442, 0.0], [680727.5813253012, 2574206.5090361442, 0.0], [680722.5873493976, 2574206.5090361442, 0.0], [680717.593373494, 2574201.515060241, 0.0], [680712.5993975904, 2574201.515060241, 0.0], [680707.6054216868, 2574201.515060241, 0.0], [680702.6114457832, 2574201.515060241, 0.0], [680697.6174698794, 2574196.521084337, 0.0], [680692.6234939758, 2574196.521084337, 0.0], [680687.6295180722, 2574196.521084337, 0.0], [680682.6355421686, 2574196.521084337, 0.0], [680677.641566265, 2574196.521084337, 0.0], [680672.6475903614, 2574196.521084337, 0.0], [680667.6536144578, 2574196.521084337, 0.0], [680662.6596385542, 2574196.521084337, 0.0], [680657.6656626506, 2574196.521084337, 0.0], [680652.671686747, 2574196.521084337, 0.0], [680647.6777108434, 2574196.521084337, 0.0], [680642.6837349398, 2574201.515060241, 0.0], [680637.6897590362, 2574201.515060241, 0.0], [680632.6957831325, 2574206.5090361442, 0.0], [680627.7018072288, 2574206.5090361442, 0.0], [680622.7078313252, 2574206.5090361442, 0.0], [680617.7138554216, 2574206.5090361442, 0.0], [680612.719879518, 2574206.5090361442, 0.0], [680607.7259036144, 2574206.5090361442, 0.0], [680602.7319277108, 2574206.5090361442, 0.0], [680597.7379518072, 2574206.5090361442, 0.0], [680592.7439759036, 2574211.503012048, 0.0], [680587.75, 2574211.503012048, 0.0], [680582.7560240964, 2574206.5090361442, 0.0], [680577.7620481928, 2574206.5090361442, 0.0], [680572.7680722892, 2574206.5090361442, 0.0], [680567.7740963856, 2574206.5090361442, 0.0], [680562.780120482, 2574206.5090361442, 0.0], [680557.7861445782, 2574206.5090361442, 0.0], [680552.7921686746, 2574206.5090361442, 0.0], [680547.798192771, 2574206.5090361442, 0.0], [680542.8042168674, 2574201.515060241, 0.0], [680537.8102409638, 2574201.515060241, 0.0], [680532.8162650602, 2574201.515060241, 0.0], [680527.8222891566, 2574201.515060241, 0.0], [680522.828313253, 2574201.515060241, 0.0], [680517.8343373494, 2574196.521084337, 0.0], [680512.8403614458, 2574196.521084337, 0.0], [680507.8463855422, 2574196.521084337, 0.0], [680502.8524096386, 2574196.521084337, 0.0], [680497.858433735, 2574191.5271084337, 0.0], [680492.8644578313, 2574191.5271084337, 0.0], [680487.8704819276, 2574191.5271084337, 0.0], [680482.876506024, 2574186.53313253, 0.0], [680477.8825301204, 2574181.5391566264, 0.0], [680472.8885542168, 2574176.5451807226, 0.0], [680467.8945783132, 2574171.551204819, 0.0], [680462.9006024096, 2574166.5572289154, 0.0], [680457.906626506, 2574161.563253012, 0.0], [680457.906626506, 2574156.569277108, 0.0], [680457.906626506, 2574151.575301205, 0.0], [680457.906626506, 2574146.581325301, 0.0], [680457.906626506, 2574141.5873493976, 0.0], [680457.906626506, 2574136.5933734938, 0.0], [680452.9126506024, 2574131.5993975904, 0.0], [680447.9186746988, 2574126.6054216865, 0.0], [680442.9246987952, 2574126.6054216865, 0.0], [680437.9307228916, 2574121.611445783, 0.0], [680432.936746988, 2574121.611445783, 0.0], [680427.9427710844, 2574121.611445783, 0.0], [680422.9487951807, 2574116.6174698793, 0.0], [680417.954819277, 2574116.6174698793, 0.0], [680412.9608433734, 2574111.623493976, 0.0], [680407.9668674698, 2574111.623493976, 0.0], [680402.9728915662, 2574111.623493976, 0.0], [680397.9789156626, 2574111.623493976, 0.0], [680392.984939759, 2574111.623493976, 0.0], [680387.9909638554, 2574111.623493976, 0.0], [680382.9969879518, 2574111.623493976, 0.0], [680378.0030120482, 2574111.623493976, 0.0], [680373.0090361446, 2574111.623493976, 0.0], [680368.015060241, 2574111.623493976, 0.0], [680363.0210843374, 2574111.623493976, 0.0], [680358.0271084337, 2574111.623493976, 0.0], [680353.03313253, 2574111.623493976, 0.0], [680348.0391566264, 2574111.623493976, 0.0], [680343.0451807228, 2574111.623493976, 0.0], [680338.0512048192, 2574111.623493976, 0.0], [680333.0572289156, 2574111.623493976, 0.0], [680328.063253012, 2574111.623493976, 0.0], [680323.0692771084, 2574111.623493976, 0.0], [680318.0753012048, 2574116.6174698793, 0.0], [680313.0813253012, 2574121.611445783, 0.0], [680308.0873493976, 2574126.6054216865, 0.0], [680303.093373494, 2574131.5993975904, 0.0], [680298.0993975904, 2574136.5933734938, 0.0], [680293.1054216868, 2574136.5933734938, 0.0], [680288.1114457832, 2574136.5933734938, 0.0], [680283.1174698794, 2574136.5933734938, 0.0], [680278.1234939758, 2574136.5933734938, 0.0], [680273.1295180722, 2574141.5873493976, 0.0], [680268.1355421686, 2574141.5873493976, 0.0], [680263.141566265, 2574146.581325301, 0.0], [680258.1475903614, 2574151.575301205, 0.0], [680253.1536144578, 2574156.569277108, 0.0], [680248.1596385542, 2574161.563253012, 0.0], [680243.1656626506, 2574161.563253012, 0.0], [680238.171686747, 2574166.5572289154, 0.0], [680233.1777108434, 2574171.551204819, 0.0], [680228.1837349398, 2574171.551204819, 0.0], [680223.1897590362, 2574176.5451807226, 0.0], [680218.1957831325, 2574181.5391566264, 0.0], [680213.2018072288, 2574181.5391566264, 0.0], [680208.2078313252, 2574186.53313253, 0.0], [680203.2138554216, 2574186.53313253, 0.0], [680198.219879518, 2574191.5271084337, 0.0], [680193.2259036144, 2574196.521084337, 0.0], [680188.2319277108, 2574196.521084337, 0.0], [680183.2379518072, 2574196.521084337, 0.0], [680178.2439759036, 2574201.515060241, 0.0], [680173.25, 2574201.515060241, 0.0], [680168.2560240964, 2574206.5090361442, 0.0], [680163.2620481928, 2574206.5090361442, 0.0], [680158.2680722892, 2574206.5090361442, 0.0], [680153.2740963856, 2574206.5090361442, 0.0], [680148.280120482, 2574211.503012048, 0.0], [680143.2861445782, 2574211.503012048, 0.0], [680138.2921686746, 2574211.503012048, 0.0], [680133.298192771, 2574211.503012048, 0.0], [680128.3042168674, 2574211.503012048, 0.0], [680123.3102409638, 2574216.4969879515, 0.0], [680118.3162650602, 2574216.4969879515, 0.0], [680113.3222891566, 2574216.4969879515, 0.0], [680108.328313253, 2574216.4969879515, 0.0], [680103.3343373494, 2574221.4909638553, 0.0], [680098.3403614458, 2574226.4849397587, 0.0], [680093.3463855422, 2574226.4849397587, 0.0], [680088.3524096386, 2574226.4849397587, 0.0], [680083.358433735, 2574226.4849397587, 0.0], [680078.3644578313, 2574226.4849397587, 0.0], [680073.3704819276, 2574226.4849397587, 0.0], [680068.376506024, 2574226.4849397587, 0.0], [680063.3825301204, 2574226.4849397587, 0.0], [680058.3885542168, 2574226.4849397587, 0.0], [680053.3945783132, 2574226.4849397587, 0.0], [680048.4006024096, 2574226.4849397587, 0.0], [680043.406626506, 2574226.4849397587, 0.0], [680038.4126506024, 2574226.4849397587, 0.0], [680033.4186746988, 2574226.4849397587, 0.0], [680028.4246987952, 2574226.4849397587, 0.0], [680023.4307228916, 2574226.4849397587, 0.0], [680018.436746988, 2574221.4909638553, 0.0], [680013.4427710844, 2574221.4909638553, 0.0], [680008.4487951807, 2574221.4909638553, 0.0], [680003.454819277, 2574221.4909638553, 0.0], [679998.4608433734, 2574221.4909638553, 0.0], [679993.4668674698, 2574221.4909638553, 0.0], [679988.4728915662, 2574216.4969879515, 0.0], [679983.4789156626, 2574216.4969879515, 0.0], [679978.484939759, 2574211.503012048, 0.0], [679973.4909638554, 2574211.503012048, 0.0], [679968.4969879518, 2574211.503012048, 0.0], [679963.5030120482, 2574216.4969879515, 0.0], [679958.5090361446, 2574221.4909638553, 0.0], [679953.515060241, 2574226.4849397587, 0.0], [679948.5210843374, 2574231.4789156625, 0.0], [679943.5271084337, 2574231.4789156625, 0.0], [679938.53313253, 2574231.4789156625, 0.0], [679933.5391566264, 2574231.4789156625, 0.0], [679928.5451807228, 2574231.4789156625, 0.0], [679923.5512048192, 2574231.4789156625, 0.0], [679918.5572289156, 2574236.472891566, 0.0], [679913.563253012, 2574241.4668674697, 0.0], [679908.5692771084, 2574241.4668674697, 0.0], [679903.5753012048, 2574241.4668674697, 0.0], [679898.5813253012, 2574236.472891566, 0.0], [679893.5873493976, 2574236.472891566, 0.0], [679888.593373494, 2574236.472891566, 0.0], [679883.5993975904, 2574241.4668674697, 0.0], [679878.6054216868, 2574241.4668674697, 0.0], [679873.6114457832, 2574241.4668674697, 0.0], [679868.6174698794, 2574241.4668674697, 0.0], [679863.6234939758, 2574241.4668674697, 0.0], [679858.6295180722, 2574241.4668674697, 0.0], [679853.6355421686, 2574241.4668674697, 0.0], [679848.641566265, 2574241.4668674697, 0.0], [679843.6475903614, 2574236.472891566, 0.0], [679838.6536144578, 2574236.472891566, 0.0], [679833.6596385542, 2574236.472891566, 0.0], [679828.6656626506, 2574236.472891566, 0.0], [679823.671686747, 2574236.472891566, 0.0], [679818.6777108434, 2574236.472891566, 0.0], [679813.6837349398, 2574241.4668674697, 0.0], [679808.6897590362, 2574241.4668674697, 0.0], [679803.6957831325, 2574241.4668674697, 0.0], [679798.7018072288, 2574241.4668674697, 0.0], [679793.7078313252, 2574241.4668674697, 0.0], [679788.7138554216, 2574241.4668674697, 0.0], [679783.719879518, 2574241.4668674697, 0.0], [679778.7259036144, 2574241.4668674697, 0.0], [679773.7319277108, 2574241.4668674697, 0.0], [679768.7379518072, 2574241.4668674697, 0.0], [679763.7439759036, 2574241.4668674697, 0.0], [679758.75, 2574241.4668674697, 0.0], [679753.7560240964, 2574241.4668674697, 0.0], [679748.7620481928, 2574241.4668674697, 0.0], [679743.7680722892, 2574241.4668674697, 0.0], [679738.7740963856, 2574236.472891566, 0.0], [679733.780120482, 2574236.472891566, 0.0], [679728.7861445782, 2574236.472891566, 0.0], [679723.7921686746, 2574236.472891566, 0.0], [679718.798192771, 2574236.472891566, 0.0], [679713.8042168674, 2574236.472891566, 0.0], [679708.8102409638, 2574236.472891566, 0.0], [679703.8162650602, 2574236.472891566, 0.0], [679698.8222891566, 2574231.4789156625, 0.0], [679693.828313253, 2574231.4789156625, 0.0], [679688.8343373494, 2574231.4789156625, 0.0], [679683.8403614458, 2574231.4789156625, 0.0], [679683.8403614458, 2574226.4849397587, 0.0], [679683.8403614458, 2574221.4909638553, 0.0], [679683.8403614458, 2574216.4969879515, 0.0], [679683.8403614458, 2574211.503012048, 0.0], [679683.8403614458, 2574206.5090361442, 0.0], [679678.8463855422, 2574206.5090361442, 0.0], [679673.8524096386, 2574206.5090361442, 0.0], [679668.858433735, 2574201.515060241, 0.0], [679663.8644578313, 2574201.515060241, 0.0], [679658.8704819276, 2574201.515060241, 0.0], [679653.876506024, 2574206.5090361442, 0.0], [679648.8825301204, 2574206.5090361442, 0.0], [679643.8885542168, 2574206.5090361442, 0.0], [679638.8945783132, 2574211.503012048, 0.0], [679633.9006024096, 2574206.5090361442, 0.0], [679628.906626506, 2574206.5090361442, 0.0], [679623.9126506024, 2574206.5090361442, 0.0], [679618.9186746988, 2574206.5090361442, 0.0], [679613.9246987952, 2574206.5090361442, 0.0], [679608.9307228916, 2574206.5090361442, 0.0], [679603.936746988, 2574201.515060241, 0.0], [679598.9427710844, 2574201.515060241, 0.0], [679593.9487951807, 2574201.515060241, 0.0], [679588.954819277, 2574201.515060241, 0.0], [679583.9608433734, 2574201.515060241, 0.0], [679578.9668674698, 2574196.521084337, 0.0], [679573.9728915662, 2574196.521084337, 0.0], [679568.9789156626, 2574196.521084337, 0.0], [679563.984939759, 2574196.521084337, 0.0], [679558.9909638554, 2574196.521084337, 0.0], [679553.9969879518, 2574191.5271084337, 0.0], [679549.0030120482, 2574191.5271084337, 0.0], [679544.0090361446, 2574186.53313253, 0.0], [679539.015060241, 2574186.53313253, 0.0], [679534.0210843374, 2574186.53313253, 0.0], [679529.0271084337, 2574186.53313253, 0.0], [679524.03313253, 2574186.53313253, 0.0], [679519.0391566264, 2574181.5391566264, 0.0], [679514.0451807228, 2574181.5391566264, 0.0], [679509.0512048192, 2574181.5391566264, 0.0], [679504.0572289156, 2574181.5391566264, 0.0], [679499.063253012, 2574181.5391566264, 0.0], [679494.0692771084, 2574181.5391566264, 0.0], [679489.0753012048, 2574181.5391566264, 0.0], [679484.0813253012, 2574181.5391566264, 0.0], [679479.0873493976, 2574181.5391566264, 0.0], [679474.093373494, 2574186.53313253, 0.0], [679469.0993975904, 2574191.5271084337, 0.0], [679464.1054216868, 2574191.5271084337, 0.0], [679459.1114457832, 2574191.5271084337, 0.0], [679454.1174698794, 2574191.5271084337, 0.0], [679449.1234939758, 2574196.521084337, 0.0], [679444.1295180722, 2574196.521084337, 0.0], [679439.1355421686, 2574201.515060241, 0.0], [679434.141566265, 2574201.515060241, 0.0], [679429.1475903614, 2574206.5090361442, 0.0], [679424.1536144578, 2574206.5090361442, 0.0], [679419.1596385542, 2574211.503012048, 0.0], [679414.1656626506, 2574211.503012048, 0.0], [679409.171686747, 2574211.503012048, 0.0], [679404.1777108434, 2574211.503012048, 0.0], [679399.1837349398, 2574211.503012048, 0.0], [679394.1897590362, 2574211.503012048, 0.0], [679389.1957831325, 2574211.503012048, 0.0], [679384.2018072288, 2574211.503012048, 0.0], [679379.2078313252, 2574211.503012048, 0.0], [679374.2138554216, 2574216.4969879515, 0.0], [679369.219879518, 2574216.4969879515, 0.0], [679364.2259036144, 2574216.4969879515, 0.0], [679359.2319277108, 2574216.4969879515, 0.0], [679354.2379518072, 2574216.4969879515, 0.0], [679349.2439759036, 2574211.503012048, 0.0], [679344.25, 2574211.503012048, 0.0], [679339.2560240964, 2574211.503012048, 0.0], [679334.2620481928, 2574216.4969879515, 0.0], [679329.2680722892, 2574216.4969879515, 0.0], [679324.2740963856, 2574211.503012048, 0.0], [679319.280120482, 2574211.503012048, 0.0], [679314.2861445782, 2574211.503012048, 0.0], [679309.2921686746, 2574211.503012048, 0.0], [679304.298192771, 2574211.503012048, 0.0], [679299.3042168674, 2574211.503012048, 0.0], [679294.3102409638, 2574211.503012048, 0.0], [679289.3162650602, 2574206.5090361442, 0.0], [679284.3222891566, 2574206.5090361442, 0.0], [679279.328313253, 2574201.515060241, 0.0], [679274.3343373494, 2574196.521084337, 0.0], [679269.3403614458, 2574196.521084337, 0.0], [679264.3463855422, 2574191.5271084337, 0.0], [679259.3524096386, 2574186.53313253, 0.0], [679254.358433735, 2574181.5391566264, 0.0], [679249.3644578313, 2574176.5451807226, 0.0], [679244.3704819276, 2574171.551204819, 0.0], [679239.376506024, 2574166.5572289154, 0.0], [679234.3825301204, 2574161.563253012, 0.0], [679229.3885542168, 2574161.563253012, 0.0], [679224.3945783132, 2574161.563253012, 0.0], [679219.4006024096, 2574161.563253012, 0.0], [679214.406626506, 2574156.569277108, 0.0], [679209.4126506024, 2574156.569277108, 0.0], [679204.4186746988, 2574161.563253012, 0.0], [679199.4246987952, 2574166.5572289154, 0.0], [679194.4307228916, 2574166.5572289154, 0.0], [679189.436746988, 2574166.5572289154, 0.0], [679184.4427710844, 2574161.563253012, 0.0], [679179.4487951807, 2574161.563253012, 0.0], [679174.454819277, 2574161.563253012, 0.0], [679169.4608433734, 2574161.563253012, 0.0], [679164.4668674698, 2574156.569277108, 0.0], [679159.4728915662, 2574156.569277108, 0.0], [679154.4789156626, 2574156.569277108, 0.0], [679149.484939759, 2574156.569277108, 0.0], [679144.4909638554, 2574156.569277108, 0.0], [679139.4969879518, 2574156.569277108, 0.0], [679134.5030120482, 2574156.569277108, 0.0], [679129.5090361446, 2574156.569277108, 0.0], [679124.515060241, 2574156.569277108, 0.0], [679119.5210843374, 2574156.569277108, 0.0], [679114.5271084337, 2574156.569277108, 0.0], [679109.53313253, 2574156.569277108, 0.0], [679104.5391566264, 2574161.563253012, 0.0], [679099.5451807228, 2574161.563253012, 0.0], [679094.5512048192, 2574166.5572289154, 0.0], [679089.5572289156, 2574166.5572289154, 0.0], [679084.563253012, 2574171.551204819, 0.0], [679079.5692771084, 2574171.551204819, 0.0], [679074.5753012048, 2574171.551204819, 0.0], [679069.5813253012, 2574171.551204819, 0.0], [679064.5873493976, 2574171.551204819, 0.0], [679059.593373494, 2574171.551204819, 0.0], [679054.5993975904, 2574171.551204819, 0.0], [679049.6054216868, 2574176.5451807226, 0.0], [679044.6114457832, 2574176.5451807226, 0.0], [679039.6174698794, 2574181.5391566264, 0.0], [679034.6234939758, 2574186.53313253, 0.0], [679029.6295180722, 2574191.5271084337, 0.0], [679024.6355421686, 2574196.521084337, 0.0], [679019.641566265, 2574201.515060241, 0.0], [679014.6475903614, 2574206.5090361442, 0.0], [679009.6536144578, 2574211.503012048, 0.0], [679004.6596385542, 2574211.503012048, 0.0], [678999.6656626506, 2574211.503012048, 0.0], [678994.671686747, 2574211.503012048, 0.0], [678989.6777108434, 2574211.503012048, 0.0], [678984.6837349398, 2574211.503012048, 0.0], [678979.6897590362, 2574216.4969879515, 0.0], [678974.6957831325, 2574216.4969879515, 0.0], [678969.7018072288, 2574216.4969879515, 0.0], [678964.7078313252, 2574216.4969879515, 0.0], [678959.7138554216, 2574216.4969879515, 0.0], [678954.719879518, 2574216.4969879515, 0.0], [678949.7259036144, 2574216.4969879515, 0.0], [678944.7319277108, 2574221.4909638553, 0.0], [678939.7379518072, 2574221.4909638553, 0.0], [678934.7439759036, 2574221.4909638553, 0.0], [678929.75, 2574221.4909638553, 0.0], [678924.7560240964, 2574221.4909638553, 0.0], [678919.7620481928, 2574221.4909638553, 0.0], [678914.7680722892, 2574221.4909638553, 0.0], [678909.7740963856, 2574221.4909638553, 0.0], [678904.7801204819, 2574221.4909638553, 0.0], [678899.7861445782, 2574221.4909638553, 0.0], [678894.7921686746, 2574221.4909638553, 0.0], [678889.798192771, 2574221.4909638553, 0.0], [678884.8042168674, 2574221.4909638553, 0.0], [678879.8102409638, 2574221.4909638553, 0.0], [678874.8162650602, 2574221.4909638553, 0.0], [678869.8222891566, 2574221.4909638553, 0.0], [678864.828313253, 2574221.4909638553, 0.0], [678859.8343373494, 2574221.4909638553, 0.0], [678854.8403614458, 2574226.4849397587, 0.0], [678849.8463855422, 2574226.4849397587, 0.0], [678844.8524096386, 2574226.4849397587, 0.0], [678839.8584337349, 2574226.4849397587, 0.0], [678834.8644578313, 2574226.4849397587, 0.0], [678829.8704819276, 2574226.4849397587, 0.0], [678824.876506024, 2574226.4849397587, 0.0], [678819.8825301204, 2574226.4849397587, 0.0], [678814.8885542168, 2574221.4909638553, 0.0], [678809.8945783132, 2574221.4909638553, 0.0], [678804.9006024096, 2574221.4909638553, 0.0], [678799.906626506, 2574221.4909638553, 0.0], [678794.9126506024, 2574221.4909638553, 0.0], [678789.9186746988, 2574221.4909638553, 0.0], [678784.9246987952, 2574226.4849397587, 0.0], [678779.9307228916, 2574226.4849397587, 0.0], [678774.936746988, 2574226.4849397587, 0.0], [678769.9427710844, 2574226.4849397587, 0.0], [678764.9487951807, 2574221.4909638553, 0.0], [678759.954819277, 2574226.4849397587, 0.0], [678754.9608433734, 2574226.4849397587, 0.0], [678749.9668674698, 2574226.4849397587, 0.0], [678744.9728915662, 2574226.4849397587, 0.0], [678739.9789156626, 2574226.4849397587, 0.0], [678734.984939759, 2574226.4849397587, 0.0], [678729.9909638554, 2574231.4789156625, 0.0], [678724.9969879518, 2574231.4789156625, 0.0], [678720.0030120482, 2574236.472891566, 0.0], [678715.0090361446, 2574236.472891566, 0.0], [678710.015060241, 2574236.472891566, 0.0], [678705.0210843374, 2574241.4668674697, 0.0], [678700.0271084337, 2574241.4668674697, 0.0], [678695.03313253, 2574246.460843373, 0.0], [678690.0391566264, 2574246.460843373, 0.0], [678685.0451807228, 2574246.460843373, 0.0], [678680.0512048192, 2574246.460843373, 0.0], [678675.0572289156, 2574246.460843373, 0.0], [678670.063253012, 2574246.460843373, 0.0], [678665.0692771084, 2574246.460843373, 0.0], [678660.0753012048, 2574246.460843373, 0.0], [678655.0813253012, 2574246.460843373, 0.0], [678650.0873493976, 2574251.454819277, 0.0], [678645.093373494, 2574251.454819277, 0.0], [678640.0993975904, 2574251.454819277, 0.0], [678635.1054216868, 2574251.454819277, 0.0], [678630.1114457832, 2574246.460843373, 0.0], [678625.1174698794, 2574241.4668674697, 0.0], [678620.1234939758, 2574241.4668674697, 0.0], [678615.1295180722, 2574241.4668674697, 0.0], [678610.1355421686, 2574236.472891566, 0.0], [678605.141566265, 2574231.4789156625, 0.0], [678600.1475903614, 2574226.4849397587, 0.0], [678595.1536144578, 2574226.4849397587, 0.0], [678590.1596385542, 2574231.4789156625, 0.0], [678585.1656626506, 2574231.4789156625, 0.0], [678580.171686747, 2574231.4789156625, 0.0], [678575.1777108434, 2574236.472891566, 0.0], [678570.1837349398, 2574241.4668674697, 0.0], [678565.1897590362, 2574246.460843373, 0.0], [678560.1957831325, 2574246.460843373, 0.0], [678555.2018072288, 2574251.454819277, 0.0], [678550.2078313252, 2574256.448795181, 0.0], [678545.2138554216, 2574261.442771084, 0.0], [678540.219879518, 2574261.442771084, 0.0], [678535.2259036144, 2574266.436746988, 0.0], [678530.2319277108, 2574266.436746988, 0.0], [678525.2379518072, 2574266.436746988, 0.0], [678520.2439759036, 2574266.436746988, 0.0], [678515.25, 2574266.436746988, 0.0], [678510.2560240964, 2574266.436746988, 0.0], [678505.2620481928, 2574266.436746988, 0.0], [678500.2680722892, 2574266.436746988, 0.0], [678495.2740963856, 2574266.436746988, 0.0], [678490.2801204819, 2574266.436746988, 0.0], [678485.2861445782, 2574271.4307228914, 0.0], [678480.2921686746, 2574271.4307228914, 0.0], [678475.298192771, 2574271.4307228914, 0.0], [678470.3042168674, 2574271.4307228914, 0.0], [678465.3102409638, 2574276.424698795, 0.0], [678460.3162650602, 2574276.424698795, 0.0], [678455.3222891566, 2574276.424698795, 0.0], [678450.328313253, 2574281.4186746986, 0.0], [678445.3343373494, 2574281.4186746986, 0.0], [678440.3403614458, 2574281.4186746986, 0.0], [678435.3463855422, 2574281.4186746986, 0.0], [678430.3524096386, 2574281.4186746986, 0.0], [678425.3584337349, 2574281.4186746986, 0.0], [678420.3644578313, 2574281.4186746986, 0.0], [678415.3704819276, 2574281.4186746986, 0.0], [678410.376506024, 2574281.4186746986, 0.0], [678405.3825301204, 2574286.4126506024, 0.0], [678400.3885542168, 2574286.4126506024, 0.0], [678395.3945783132, 2574286.4126506024, 0.0], [678390.4006024096, 2574286.4126506024, 0.0], [678385.406626506, 2574286.4126506024, 0.0], [678380.4126506024, 2574291.406626506, 0.0], [678375.4186746988, 2574296.4006024096, 0.0], [678370.4246987952, 2574301.394578313, 0.0], [678365.4307228916, 2574306.388554217, 0.0], [678360.436746988, 2574311.38253012, 0.0], [678355.4427710844, 2574311.38253012, 0.0], [678350.4487951807, 2574311.38253012, 0.0], [678345.454819277, 2574316.376506024, 0.0], [678340.4608433734, 2574321.3704819274, 0.0], [678335.4668674698, 2574321.3704819274, 0.0], [678330.4728915662, 2574321.3704819274, 0.0], [678325.4789156626, 2574321.3704819274, 0.0], [678320.484939759, 2574321.3704819274, 0.0], [678315.4909638554, 2574321.3704819274, 0.0], [678310.4969879518, 2574321.3704819274, 0.0], [678305.5030120482, 2574321.3704819274, 0.0], [678300.5090361446, 2574321.3704819274, 0.0], [678295.515060241, 2574321.3704819274, 0.0], [678290.5210843374, 2574326.3644578313, 0.0], [678285.5271084337, 2574331.3584337346, 0.0], [678280.53313253, 2574331.3584337346, 0.0], [678275.5391566264, 2574331.3584337346, 0.0], [678270.5451807228, 2574326.3644578313, 0.0], [678265.5512048192, 2574321.3704819274, 0.0], [678260.5572289156, 2574321.3704819274, 0.0], [678255.563253012, 2574321.3704819274, 0.0], [678250.5692771084, 2574321.3704819274, 0.0], [678245.5753012048, 2574321.3704819274, 0.0], [678240.5813253012, 2574321.3704819274, 0.0], [678235.5873493976, 2574321.3704819274, 0.0], [678230.593373494, 2574321.3704819274, 0.0], [678225.5993975904, 2574321.3704819274, 0.0], [678220.6054216868, 2574316.376506024, 0.0], [678215.6114457832, 2574316.376506024, 0.0], [678210.6174698794, 2574316.376506024, 0.0], [678205.6234939758, 2574316.376506024, 0.0], [678200.6295180722, 2574316.376506024, 0.0], [678195.6355421686, 2574316.376506024, 0.0], [678190.641566265, 2574316.376506024, 0.0], [678185.6475903614, 2574316.376506024, 0.0], [678180.6536144578, 2574316.376506024, 0.0], [678175.6596385542, 2574316.376506024, 0.0], [678170.6656626506, 2574316.376506024, 0.0], [678165.671686747, 2574316.376506024, 0.0], [678160.6777108434, 2574316.376506024, 0.0], [678155.6837349398, 2574316.376506024, 0.0], [678150.6897590362, 2574316.376506024, 0.0], [678145.6957831325, 2574316.376506024, 0.0], [678140.7018072288, 2574316.376506024, 0.0], [678135.7078313252, 2574316.376506024, 0.0], [678130.7138554216, 2574316.376506024, 0.0], [678125.719879518, 2574321.3704819274, 0.0], [678120.7259036144, 2574321.3704819274, 0.0], [678115.7319277108, 2574321.3704819274, 0.0], [678110.7379518072, 2574326.3644578313, 0.0], [678105.7439759036, 2574326.3644578313, 0.0], [678100.75, 2574326.3644578313, 0.0], [678095.7560240964, 2574326.3644578313, 0.0], [678090.7620481928, 2574326.3644578313, 0.0], [678085.7680722892, 2574326.3644578313, 0.0], [678080.7740963856, 2574321.3704819274, 0.0], [678075.7801204819, 2574321.3704819274, 0.0], [678070.7861445782, 2574321.3704819274, 0.0], [678065.7921686746, 2574316.376506024, 0.0], [678060.798192771, 2574316.376506024, 0.0], [678055.8042168674, 2574316.376506024, 0.0], [678050.8102409638, 2574316.376506024, 0.0], [678045.8162650602, 2574316.376506024, 0.0], [678040.8222891566, 2574316.376506024, 0.0], [678035.828313253, 2574316.376506024, 0.0], [678030.8343373494, 2574316.376506024, 0.0], [678025.8403614458, 2574316.376506024, 0.0], [678020.8463855422, 2574316.376506024, 0.0], [678015.8524096386, 2574311.38253012, 0.0], [678010.8584337349, 2574311.38253012, 0.0], [678005.8644578313, 2574311.38253012, 0.0], [678000.8704819276, 2574311.38253012, 0.0], [677995.876506024, 2574306.388554217, 0.0], [677990.8825301204, 2574306.388554217, 0.0], [677985.8885542168, 2574306.388554217, 0.0], [677980.8945783132, 2574306.388554217, 0.0], [677975.9006024096, 2574306.388554217, 0.0], [677970.906626506, 2574306.388554217, 0.0], [677965.9126506024, 2574301.394578313, 0.0], [677960.9186746988, 2574301.394578313, 0.0], [677955.9246987952, 2574301.394578313, 0.0], [677950.9307228916, 2574301.394578313, 0.0], [677945.936746988, 2574306.388554217, 0.0], [677940.9427710844, 2574306.388554217, 0.0], [677935.9487951807, 2574306.388554217, 0.0], [677930.954819277, 2574306.388554217, 0.0], [677925.9608433734, 2574301.394578313, 0.0], [677920.9668674698, 2574301.394578313, 0.0], [677915.9728915662, 2574301.394578313, 0.0], [677910.9789156626, 2574301.394578313, 0.0], [677905.984939759, 2574301.394578313, 0.0], [677900.9909638554, 2574296.4006024096, 0.0], [677895.9969879518, 2574296.4006024096, 0.0], [677891.0030120482, 2574291.406626506, 0.0], [677886.0090361446, 2574286.4126506024, 0.0], [677881.015060241, 2574286.4126506024, 0.0], [677876.0210843374, 2574286.4126506024, 0.0], [677876.0210843374, 2574281.4186746986, 0.0], [677871.0271084337, 2574281.4186746986, 0.0], [677866.03313253, 2574276.424698795, 0.0], [677861.0391566264, 2574271.4307228914, 0.0], [677856.0451807228, 2574271.4307228914, 0.0], [677851.0512048192, 2574271.4307228914, 0.0], [677846.0572289156, 2574266.436746988, 0.0], [677841.063253012, 2574266.436746988, 0.0], [677836.0692771084, 2574266.436746988, 0.0], [677831.0753012048, 2574266.436746988, 0.0], [677826.0813253012, 2574266.436746988, 0.0], [677821.0873493976, 2574261.442771084, 0.0], [677816.093373494, 2574256.448795181, 0.0], [677811.0993975904, 2574256.448795181, 0.0], [677806.1054216868, 2574256.448795181, 0.0], [677801.1114457832, 2574256.448795181, 0.0], [677796.1174698794, 2574256.448795181, 0.0], [677791.1234939758, 2574256.448795181, 0.0], [677786.1295180722, 2574251.454819277, 0.0], [677781.1355421686, 2574251.454819277, 0.0], [677776.141566265, 2574251.454819277, 0.0], [677771.1475903614, 2574251.454819277, 0.0], [677766.1536144578, 2574251.454819277, 0.0], [677761.1596385542, 2574246.460843373, 0.0], [677756.1656626506, 2574241.4668674697, 0.0], [677756.1656626506, 2574236.472891566, 0.0], [677756.1656626506, 2574231.4789156625, 0.0], [677751.171686747, 2574226.4849397587, 0.0], [677746.1777108434, 2574221.4909638553, 0.0], [677741.1837349398, 2574216.4969879515, 0.0], [677736.1897590362, 2574211.503012048, 0.0], [677731.1957831325, 2574211.503012048, 0.0], [677726.2018072288, 2574211.503012048, 0.0], [677721.2078313252, 2574206.5090361442, 0.0], [677716.2138554216, 2574201.515060241, 0.0], [677711.219879518, 2574196.521084337, 0.0], [677706.2259036144, 2574191.5271084337, 0.0], [677701.2319277108, 2574191.5271084337, 0.0], [677696.2379518072, 2574186.53313253, 0.0], [677691.2439759036, 2574186.53313253, 0.0], [677691.2439759036, 2574181.5391566264, 0.0], [677686.25, 2574176.5451807226, 0.0], [677681.2560240964, 2574176.5451807226, 0.0], [677676.2620481928, 2574176.5451807226, 0.0], [677671.2680722892, 2574176.5451807226, 0.0], [677666.2740963856, 2574176.5451807226, 0.0], [677661.2801204819, 2574176.5451807226, 0.0], [677656.2861445782, 2574171.551204819, 0.0], [677651.2921686746, 2574166.5572289154, 0.0], [677646.298192771, 2574161.563253012, 0.0], [677641.3042168674, 2574156.569277108, 0.0], [677636.3102409638, 2574156.569277108, 0.0], [677631.3162650602, 2574151.575301205, 0.0], [677626.3222891566, 2574151.575301205, 0.0], [677621.328313253, 2574151.575301205, 0.0], [677616.3343373494, 2574146.581325301, 0.0], [677611.3403614458, 2574146.581325301, 0.0], [677606.3463855422, 2574146.581325301, 0.0], [677601.3524096386, 2574141.5873493976, 0.0], [677596.3584337349, 2574136.5933734938, 0.0], [677591.3644578313, 2574136.5933734938, 0.0], [677586.3704819276, 2574131.5993975904, 0.0], [677581.376506024, 2574131.5993975904, 0.0], [677576.3825301204, 2574131.5993975904, 0.0], [677571.3885542168, 2574126.6054216865, 0.0], [677566.3945783132, 2574126.6054216865, 0.0], [677561.4006024096, 2574121.611445783, 0.0], [677556.406626506, 2574121.611445783, 0.0], [677551.4126506024, 2574116.6174698793, 0.0], [677546.4186746988, 2574116.6174698793, 0.0], [677541.4246987952, 2574116.6174698793, 0.0], [677536.4307228916, 2574111.623493976, 0.0], [677531.436746988, 2574106.629518072, 0.0], [677531.436746988, 2574101.6355421683, 0.0], [677526.4427710844, 2574096.641566265, 0.0], [677521.4487951807, 2574091.647590361, 0.0], [677516.454819277, 2574086.6536144577, 0.0], [677511.4608433734, 2574081.659638554, 0.0], [677506.4668674698, 2574076.6656626505, 0.0], [677501.4728915662, 2574071.6716867466, 0.0], [677496.4789156626, 2574066.6777108433, 0.0], [677491.484939759, 2574066.6777108433, 0.0], [677486.4909638554, 2574061.6837349394, 0.0], [677481.4969879518, 2574056.689759036, 0.0], [677481.4969879518, 2574051.695783132, 0.0], [677476.5030120482, 2574046.701807229, 0.0], [677471.5090361446, 2574041.707831325, 0.0], [677466.515060241, 2574036.7138554216, 0.0], [677461.5210843374, 2574031.719879518, 0.0], [677456.5271084337, 2574026.7259036144, 0.0], [677451.53313253, 2574021.7319277106, 0.0], [677446.5391566264, 2574016.737951807, 0.0], [677441.5451807228, 2574011.7439759034, 0.0], [677436.5512048192, 2574006.75, 0.0], [677436.5512048192, 2574001.756024096, 0.0], [677436.5512048192, 2573996.762048193, 0.0], [677431.5572289156, 2573991.768072289, 0.0], [677426.563253012, 2573986.7740963856, 0.0], [677421.5692771084, 2573981.7801204817, 0.0], [677416.5753012048, 2573976.7861445784, 0.0], [677411.5813253012, 2573971.7921686745, 0.0], [677406.5873493976, 2573971.7921686745, 0.0], [677401.593373494, 2573971.7921686745, 0.0], [677396.5993975904, 2573966.7981927707, 0.0], [677391.6054216868, 2573966.7981927707, 0.0], [677386.6114457832, 2573961.8042168673, 0.0], [677381.6174698794, 2573956.8102409635, 0.0], [677376.6234939758, 2573956.8102409635, 0.0], [677371.6295180722, 2573951.81626506, 0.0], [677366.6355421686, 2573951.81626506, 0.0], [677361.641566265, 2573946.8222891563, 0.0], [677356.6475903614, 2573946.8222891563, 0.0], [677351.6536144578, 2573941.828313253, 0.0], [677346.6596385542, 2573936.834337349, 0.0], [677341.6656626506, 2573936.834337349, 0.0], [677336.671686747, 2573936.834337349, 0.0], [677331.6777108434, 2573931.8403614457, 0.0], [677326.6837349398, 2573931.8403614457, 0.0], [677321.6897590362, 2573926.846385542, 0.0], [677316.6957831325, 2573926.846385542, 0.0], [677311.7018072288, 2573926.846385542, 0.0], [677306.7078313252, 2573921.8524096385, 0.0], [677301.7138554216, 2573916.8584337346, 0.0], [677296.719879518, 2573911.8644578313, 0.0], [677291.7259036144, 2573911.8644578313, 0.0], [677286.7319277108, 2573906.8704819274, 0.0], [677281.7379518072, 2573901.876506024, 0.0], [677276.7439759036, 2573901.876506024, 0.0], [677271.75, 2573901.876506024, 0.0], [677266.7560240964, 2573901.876506024, 0.0], [677261.7620481928, 2573901.876506024, 0.0], [677256.7680722892, 2573901.876506024, 0.0], [677251.7740963856, 2573901.876506024, 0.0], [677246.7801204819, 2573901.876506024, 0.0], [677241.7861445782, 2573901.876506024, 0.0], [677236.7921686746, 2573896.88253012, 0.0], [677231.798192771, 2573896.88253012, 0.0], [677226.8042168674, 2573891.888554217, 0.0], [677221.8102409638, 2573891.888554217, 0.0], [677216.8162650602, 2573886.894578313, 0.0], [677211.8222891566, 2573881.9006024096, 0.0], [677206.828313253, 2573881.9006024096, 0.0], [677201.8343373494, 2573876.906626506, 0.0], [677196.8403614458, 2573876.906626506, 0.0], [677191.8463855422, 2573876.906626506, 0.0], [677186.8524096386, 2573871.9126506024, 0.0], [677181.8584337349, 2573871.9126506024, 0.0], [677176.8644578313, 2573866.9186746986, 0.0], [677171.8704819276, 2573861.924698795, 0.0], [677166.876506024, 2573856.9307228914, 0.0], [677161.8825301204, 2573856.9307228914, 0.0], [677156.8885542168, 2573856.9307228914, 0.0], [677151.8945783132, 2573851.936746988, 0.0], [677146.9006024096, 2573851.936746988, 0.0], [677141.906626506, 2573846.942771084, 0.0], [677136.9126506024, 2573841.948795181, 0.0], [677131.9186746988, 2573841.948795181, 0.0], [677126.9246987952, 2573836.954819277, 0.0], [677121.9307228916, 2573831.960843373, 0.0], [677116.936746988, 2573826.9668674697, 0.0], [677111.9427710844, 2573821.972891566, 0.0], [677106.9487951807, 2573821.972891566, 0.0], [677101.954819277, 2573816.9789156625, 0.0], [677096.9608433734, 2573811.9849397587, 0.0], [677091.9668674698, 2573806.9909638553, 0.0], [677086.9728915662, 2573801.9969879515, 0.0], [677081.9789156626, 2573801.9969879515, 0.0], [677076.984939759, 2573797.003012048, 0.0], [677071.9909638554, 2573792.0090361442, 0.0], [677066.9969879518, 2573787.015060241, 0.0], [677062.0030120482, 2573782.021084337, 0.0], [677057.0090361446, 2573777.0271084337, 0.0], [677052.015060241, 2573777.0271084337, 0.0], [677047.0210843374, 2573772.03313253, 0.0], [677042.0271084337, 2573767.0391566264, 0.0], [677037.03313253, 2573767.0391566264, 0.0], [677032.0391566264, 2573767.0391566264, 0.0], [677027.0451807228, 2573767.0391566264, 0.0], [677027.0451807228, 2573762.0451807226, 0.0], [677027.0451807228, 2573757.051204819, 0.0], [677022.0512048192, 2573752.0572289154, 0.0], [677017.0572289156, 2573747.063253012, 0.0], [677012.063253012, 2573742.069277108, 0.0], [677007.0692771084, 2573737.075301205, 0.0], [677002.0753012048, 2573742.069277108, 0.0], [676997.0813253012, 2573742.069277108, 0.0], [676992.0873493976, 2573737.075301205, 0.0], [676987.093373494, 2573732.081325301, 0.0], [676982.0993975904, 2573727.0873493976, 0.0], [676982.0993975904, 2573722.0933734938, 0.0], [676977.1054216868, 2573717.0993975904, 0.0], [676977.1054216868, 2573712.1054216865, 0.0], [676972.111445783, 2573707.111445783, 0.0], [676967.1174698794, 2573702.1174698793, 0.0], [676962.1234939758, 2573697.123493976, 0.0], [676957.1295180722, 2573697.123493976, 0.0], [676952.1355421686, 2573697.123493976, 0.0], [676947.141566265, 2573692.129518072, 0.0], [676942.1475903614, 2573687.1355421683, 0.0], [676937.1536144578, 2573682.141566265, 0.0], [676932.1596385542, 2573682.141566265, 0.0], [676927.1656626506, 2573677.147590361, 0.0], [676922.171686747, 2573672.1536144577, 0.0], [676917.1777108434, 2573672.1536144577, 0.0], [676917.1777108434, 2573667.159638554, 0.0], [676912.1837349398, 2573662.1656626505, 0.0], [676907.1897590361, 2573662.1656626505, 0.0], [676902.1957831325, 2573657.1716867466, 0.0], [676897.2018072288, 2573652.1777108433, 0.0], [676892.2078313252, 2573647.1837349394, 0.0], [676887.2138554216, 2573642.189759036, 0.0], [676882.219879518, 2573637.195783132, 0.0], [676877.2259036144, 2573637.195783132, 0.0], [676877.2259036144, 2573632.201807229, 0.0], [676877.2259036144, 2573627.207831325, 0.0], [676872.2319277108, 2573622.2138554216, 0.0], [676872.2319277108, 2573617.219879518, 0.0], [676867.2379518072, 2573612.2259036144, 0.0], [676862.2439759036, 2573607.2319277106, 0.0], [676857.25, 2573602.237951807, 0.0], [676852.2560240964, 2573597.2439759034, 0.0], [676847.2620481928, 2573592.25, 0.0], [676842.2680722892, 2573587.256024096, 0.0], [676837.2740963856, 2573582.262048193, 0.0], [676837.2740963856, 2573577.268072289, 0.0], [676832.2801204819, 2573572.2740963856, 0.0], [676827.2861445782, 2573567.2801204817, 0.0], [676827.2861445782, 2573562.2861445784, 0.0], [676827.2861445782, 2573557.2921686745, 0.0], [676822.2921686746, 2573552.2981927707, 0.0], [676822.2921686746, 2573547.3042168673, 0.0], [676817.298192771, 2573542.3102409635, 0.0], [676812.3042168674, 2573537.31626506, 0.0], [676812.3042168674, 2573532.3222891563, 0.0], [676807.3102409638, 2573527.328313253, 0.0], [676802.3162650602, 2573522.334337349, 0.0], [676797.3222891566, 2573517.3403614457, 0.0], [676792.328313253, 2573517.3403614457, 0.0], [676787.3343373494, 2573512.346385542, 0.0], [676787.3343373494, 2573507.3524096385, 0.0], [676782.3403614458, 2573507.3524096385, 0.0], [676777.3463855422, 2573507.3524096385, 0.0], [676772.3524096386, 2573502.3584337346, 0.0], [676767.3584337349, 2573497.3644578313, 0.0], [676767.3584337349, 2573492.3704819274, 0.0], [676762.3644578313, 2573487.376506024, 0.0], [676757.3704819276, 2573482.38253012, 0.0], [676752.376506024, 2573477.388554217, 0.0], [676747.3825301204, 2573472.394578313, 0.0], [676742.3885542168, 2573472.394578313, 0.0], [676737.3945783132, 2573467.4006024096, 0.0], [676732.4006024096, 2573462.406626506, 0.0], [676727.406626506, 2573457.4126506024, 0.0], [676722.4126506024, 2573452.4186746986, 0.0], [676717.4186746988, 2573452.4186746986, 0.0], [676712.4246987952, 2573447.424698795, 0.0], [676707.4307228916, 2573442.4307228914, 0.0], [676702.436746988, 2573437.436746988, 0.0], [676697.4427710844, 2573432.442771084, 0.0], [676692.4487951807, 2573427.448795181, 0.0], [676687.454819277, 2573427.448795181, 0.0], [676682.4608433734, 2573422.454819277, 0.0], [676677.4668674698, 2573422.454819277, 0.0], [676672.4728915662, 2573417.460843373, 0.0], [676667.4789156626, 2573417.460843373, 0.0], [676662.484939759, 2573412.4668674697, 0.0], [676657.4909638554, 2573407.472891566, 0.0], [676652.4969879518, 2573407.472891566, 0.0], [676647.5030120482, 2573402.4789156625, 0.0], [676642.5090361446, 2573397.4849397587, 0.0], [676637.515060241, 2573397.4849397587, 0.0], [676632.5210843374, 2573397.4849397587, 0.0], [676627.5271084337, 2573392.4909638553, 0.0], [676622.53313253, 2573392.4909638553, 0.0], [676617.5391566264, 2573392.4909638553, 0.0], [676612.5451807228, 2573387.4969879515, 0.0], [676607.5512048192, 2573382.503012048, 0.0], [676602.5572289156, 2573382.503012048, 0.0], [676597.563253012, 2573377.5090361442, 0.0], [676592.5692771084, 2573372.515060241, 0.0], [676587.5753012048, 2573367.521084337, 0.0], [676582.5813253012, 2573362.5271084337, 0.0], [676577.5873493976, 2573362.5271084337, 0.0], [676572.593373494, 2573362.5271084337, 0.0], [676567.5993975904, 2573357.53313253, 0.0], [676562.6054216868, 2573357.53313253, 0.0], [676557.611445783, 2573352.5391566264, 0.0], [676552.6174698794, 2573352.5391566264, 0.0], [676547.6234939758, 2573352.5391566264, 0.0], [676542.6295180722, 2573352.5391566264, 0.0], [676537.6355421686, 2573352.5391566264, 0.0], [676532.641566265, 2573352.5391566264, 0.0], [676527.6475903614, 2573352.5391566264, 0.0], [676522.6536144578, 2573352.5391566264, 0.0], [676517.6596385542, 2573352.5391566264, 0.0], [676512.6656626506, 2573352.5391566264, 0.0], [676507.671686747, 2573352.5391566264, 0.0], [676502.6777108434, 2573352.5391566264, 0.0], [676497.6837349398, 2573347.5451807226, 0.0], [676492.6897590361, 2573347.5451807226, 0.0], [676487.6957831325, 2573347.5451807226, 0.0], [676482.7018072288, 2573347.5451807226, 0.0], [676477.7078313252, 2573342.551204819, 0.0], [676472.7138554216, 2573342.551204819, 0.0], [676467.719879518, 2573342.551204819, 0.0], [676462.7259036144, 2573342.551204819, 0.0], [676457.7319277108, 2573342.551204819, 0.0], [676452.7379518072, 2573342.551204819, 0.0], [676447.7439759036, 2573342.551204819, 0.0], [676442.75, 2573342.551204819, 0.0], [676437.7560240964, 2573342.551204819, 0.0], [676432.7620481928, 2573337.5572289154, 0.0], [676427.7680722892, 2573337.5572289154, 0.0], [676422.7740963856, 2573332.563253012, 0.0], [676417.7801204819, 2573332.563253012, 0.0], [676412.7861445782, 2573327.569277108, 0.0], [676407.7921686746, 2573322.575301205, 0.0], [676402.798192771, 2573322.575301205, 0.0], [676397.8042168674, 2573322.575301205, 0.0], [676392.8102409638, 2573322.575301205, 0.0], [676387.8162650602, 2573322.575301205, 0.0], [676382.8222891566, 2573322.575301205, 0.0], [676377.828313253, 2573317.581325301, 0.0], [676372.8343373494, 2573317.581325301, 0.0], [676367.8403614458, 2573317.581325301, 0.0], [676362.8463855422, 2573312.5873493976, 0.0], [676357.8524096386, 2573312.5873493976, 0.0], [676352.8584337349, 2573307.5933734938, 0.0], [676347.8644578313, 2573307.5933734938, 0.0], [676342.8704819276, 2573302.5993975904, 0.0], [676337.876506024, 2573297.6054216865, 0.0], [676332.8825301204, 2573292.611445783, 0.0], [676327.8885542168, 2573292.611445783, 0.0], [676322.8945783132, 2573287.6174698793, 0.0], [676317.9006024096, 2573287.6174698793, 0.0], [676312.906626506, 2573282.623493976, 0.0], [676307.9126506024, 2573277.629518072, 0.0], [676302.9186746988, 2573277.629518072, 0.0], [676297.9246987952, 2573277.629518072, 0.0], [676292.9307228916, 2573277.629518072, 0.0], [676287.936746988, 2573272.6355421683, 0.0], [676282.9427710844, 2573272.6355421683, 0.0], [676277.9487951807, 2573267.641566265, 0.0], [676272.954819277, 2573267.641566265, 0.0], [676267.9608433734, 2573267.641566265, 0.0], [676262.9668674698, 2573262.647590361, 0.0], [676257.9728915662, 2573262.647590361, 0.0], [676252.9789156626, 2573262.647590361, 0.0], [676247.984939759, 2573262.647590361, 0.0], [676242.9909638554, 2573257.6536144577, 0.0], [676237.9969879518, 2573252.659638554, 0.0], [676233.0030120482, 2573247.6656626505, 0.0], [676228.0090361446, 2573242.6716867466, 0.0], [676223.015060241, 2573237.6777108433, 0.0], [676218.0210843374, 2573232.6837349394, 0.0], [676213.0271084337, 2573232.6837349394, 0.0], [676208.03313253, 2573227.689759036, 0.0], [676203.0391566264, 2573222.695783132, 0.0], [676198.0451807228, 2573217.701807229, 0.0], [676193.0512048192, 2573212.707831325, 0.0], [676193.0512048192, 2573207.7138554216, 0.0], [676188.0572289156, 2573202.719879518, 0.0]]}}, {"type": "Feature", "properties": {"name": "R3", "length": 3545.4140985747877}, "geometry": {"type": "LineString", "coordinates": [[676188.0572289156, 2573202.719879518, 0.0], [676193.0512048192, 2573197.7259036144, 0.0], [676193.0512048192, 2573192.7319277106, 0.0], [676193.0512048192, 2573187.737951807, 0.0], [676193.0512048192, 2573182.7439759034, 0.0], [676193.0512048192, 2573177.75, 0.0], [676193.0512048192, 2573172.756024096, 0.0], [676188.0572289156, 2573167.762048193, 0.0], [676183.063253012, 2573162.768072289, 0.0], [676183.063253012, 2573157.7740963856, 0.0], [676178.0692771084, 2573152.7801204817, 0.0], [676173.0753012048, 2573147.7861445784, 0.0], [676173.0753012048, 2573142.7921686745, 0.0], [676173.0753012048, 2573137.7981927707, 0.0], [676168.0813253012, 2573132.8042168673, 0.0], [676168.0813253012, 2573127.8102409635, 0.0], [676163.0873493976, 2573122.81626506, 0.0], [676163.0873493976, 2573117.8222891563, 0.0], [676158.093373494, 2573112.828313253, 0.0], [676153.0993975904, 2573107.834337349, 0.0], [676148.1054216868, 2573102.8403614457, 0.0], [676148.1054216868, 2573097.846385542, 0.0], [676143.111445783, 2573092.8524096385, 0.0], [676138.1174698794, 2573087.8584337346, 0.0], [676133.1234939758, 2573087.8584337346, 0.0], [676128.1295180722, 2573082.8644578313, 0.0], [676123.1355421686, 2573077.8704819274, 0.0], [676128.1295180722, 2573072.876506024, 0.0], [676128.1295180722, 2573067.88253012, 0.0], [676128.1295180722, 2573062.888554217, 0.0], [676123.1355421686, 2573057.894578313, 0.0], [676118.141566265, 2573052.9006024096, 0.0], [676118.141566265, 2573047.906626506, 0.0], [676118.141566265, 2573042.9126506024, 0.0], [676113.1475903614, 2573037.9186746986, 0.0], [676113.1475903614, 2573032.924698795, 0.0], [676118.141566265, 2573027.9307228914, 0.0], [676123.1355421686, 2573022.936746988, 0.0], [676123.1355421686, 2573017.942771084, 0.0], [676123.1355421686, 2573012.948795181, 0.0], [676128.1295180722, 2573007.954819277, 0.0], [676123.1355421686, 2573002.960843373, 0.0], [676118.141566265, 2572997.9668674697, 0.0], [676118.141566265, 2572992.972891566, 0.0], [676123.1355421686, 2572987.9789156625, 0.0], [676128.1295180722, 2572982.9849397587, 0.0], [676128.1295180722, 2572977.9909638553, 0.0], [676128.1295180722, 2572972.9969879515, 0.0], [676128.1295180722, 2572968.003012048, 0.0], [676128.1295180722, 2572963.0090361442, 0.0], [676123.1355421686, 2572958.015060241, 0.0], [676118.141566265, 2572953.021084337, 0.0], [676118.141566265, 2572948.0271084337, 0.0], [676118.141566265, 2572943.03313253, 0.0], [676118.141566265, 2572938.0391566264, 0.0], [676118.141566265, 2572933.0451807226, 0.0], [676118.141566265, 2572928.051204819, 0.0], [676123.1355421686, 2572923.0572289154, 0.0], [676123.1355421686, 2572918.063253012, 0.0], [676118.141566265, 2572913.069277108, 0.0], [676113.1475903614, 2572908.075301205, 0.0], [676113.1475903614, 2572903.081325301, 0.0], [676108.1536144578, 2572898.0873493976, 0.0], [676103.1596385542, 2572893.0933734938, 0.0], [676103.1596385542, 2572888.0993975904, 0.0], [676098.1656626506, 2572883.1054216865, 0.0], [676093.171686747, 2572878.111445783, 0.0], [676088.1777108434, 2572873.1174698793, 0.0], [676088.1777108434, 2572868.123493976, 0.0], [676088.1777108434, 2572863.129518072, 0.0], [676088.1777108434, 2572858.1355421683, 0.0], [676088.1777108434, 2572853.141566265, 0.0], [676088.1777108434, 2572848.147590361, 0.0], [676088.1777108434, 2572843.1536144577, 0.0], [676088.1777108434, 2572838.159638554, 0.0], [676088.1777108434, 2572833.1656626505, 0.0], [676093.171686747, 2572828.1716867466, 0.0], [676093.171686747, 2572823.1777108433, 0.0], [676093.171686747, 2572818.1837349394, 0.0], [676093.171686747, 2572813.189759036, 0.0], [676093.171686747, 2572808.195783132, 0.0], [676093.171686747, 2572803.201807229, 0.0], [676093.171686747, 2572798.207831325, 0.0], [676093.171686747, 2572793.2138554216, 0.0], [676088.1777108434, 2572788.219879518, 0.0], [676083.1837349398, 2572783.2259036144, 0.0], [676078.1897590361, 2572778.2319277106, 0.0], [676073.1957831325, 2572773.237951807, 0.0], [676073.1957831325, 2572768.2439759034, 0.0], [676073.1957831325, 2572763.25, 0.0], [676073.1957831325, 2572758.256024096, 0.0], [676068.2018072288, 2572753.262048193, 0.0], [676068.2018072288, 2572748.268072289, 0.0], [676068.2018072288, 2572743.2740963856, 0.0], [676068.2018072288, 2572738.2801204817, 0.0], [676068.2018072288, 2572733.2861445784, 0.0], [676068.2018072288, 2572728.2921686745, 0.0], [676068.2018072288, 2572723.2981927707, 0.0], [676063.2078313252, 2572718.3042168673, 0.0], [676063.2078313252, 2572713.3102409635, 0.0], [676063.2078313252, 2572708.31626506, 0.0], [676063.2078313252, 2572703.3222891563, 0.0], [676063.2078313252, 2572698.328313253, 0.0], [676063.2078313252, 2572693.334337349, 0.0], [676063.2078313252, 2572688.3403614457, 0.0], [676063.2078313252, 2572683.346385542, 0.0], [676063.2078313252, 2572678.3524096385, 0.0], [676058.2138554216, 2572673.3584337346, 0.0], [676053.219879518, 2572668.3644578313, 0.0], [676053.219879518, 2572663.3704819274, 0.0], [676053.219879518, 2572658.376506024, 0.0], [676048.2259036144, 2572653.38253012, 0.0], [676048.2259036144, 2572648.388554217, 0.0], [676053.219879518, 2572643.394578313, 0.0], [676053.219879518, 2572638.4006024096, 0.0], [676053.219879518, 2572633.406626506, 0.0], [676053.219879518, 2572628.4126506024, 0.0], [676058.2138554216, 2572623.4186746986, 0.0], [676058.2138554216, 2572618.424698795, 0.0], [676053.219879518, 2572613.4307228914, 0.0], [676053.219879518, 2572608.436746988, 0.0], [676053.219879518, 2572603.442771084, 0.0], [676053.219879518, 2572598.448795181, 0.0], [676053.219879518, 2572593.454819277, 0.0], [676053.219879518, 2572588.460843373, 0.0], [676053.219879518, 2572583.4668674697, 0.0], [676048.2259036144, 2572578.472891566, 0.0], [676043.2319277108, 2572573.4789156625, 0.0], [676043.2319277108, 2572568.4849397587, 0.0], [676038.2379518072, 2572563.4909638553, 0.0], [676033.2439759036, 2572558.4969879515, 0.0], [676033.2439759036, 2572553.503012048, 0.0], [676028.25, 2572548.5090361442, 0.0], [676028.25, 2572543.515060241, 0.0], [676028.25, 2572538.521084337, 0.0], [676023.2560240964, 2572533.5271084337, 0.0], [676023.2560240964, 2572528.53313253, 0.0], [676018.2620481928, 2572523.5391566264, 0.0], [676013.2680722892, 2572518.5451807226, 0.0], [676008.2740963856, 2572513.551204819, 0.0], [676003.2801204819, 2572518.5451807226, 0.0], [675998.2861445782, 2572518.5451807226, 0.0], [675993.2921686746, 2572518.5451807226, 0.0], [675988.298192771, 2572518.5451807226, 0.0], [675983.3042168674, 2572518.5451807226, 0.0], [675978.3102409638, 2572513.551204819, 0.0], [675973.3162650602, 2572508.5572289154, 0.0], [675968.3222891566, 2572508.5572289154, 0.0], [675963.328313253, 2572503.563253012, 0.0], [675958.3343373494, 2572498.569277108, 0.0], [675953.3403614458, 2572493.575301205, 0.0], [675948.3463855422, 2572488.581325301, 0.0], [675943.3524096386, 2572483.5873493976, 0.0], [675938.3584337349, 2572478.5933734938, 0.0], [675933.3644578313, 2572473.5993975904, 0.0], [675928.3704819276, 2572473.5993975904, 0.0], [675923.376506024, 2572468.6054216865, 0.0], [675918.3825301204, 2572463.611445783, 0.0], [675913.3885542168, 2572463.611445783, 0.0], [675908.3945783132, 2572458.6174698793, 0.0], [675903.4006024096, 2572453.623493976, 0.0], [675898.406626506, 2572448.629518072, 0.0], [675893.4126506024, 2572443.6355421683, 0.0], [675888.4186746988, 2572438.641566265, 0.0], [675883.4246987952, 2572433.647590361, 0.0], [675878.4307228916, 2572428.6536144577, 0.0], [675878.4307228916, 2572423.659638554, 0.0], [675873.436746988, 2572418.6656626505, 0.0], [675868.4427710844, 2572413.6716867466, 0.0], [675863.4487951807, 2572413.6716867466, 0.0], [675858.454819277, 2572408.6777108433, 0.0], [675853.4608433734, 2572408.6777108433, 0.0], [675848.4668674698, 2572408.6777108433, 0.0], [675843.4728915662, 2572403.6837349394, 0.0], [675838.4789156626, 2572403.6837349394, 0.0], [675833.484939759, 2572398.689759036, 0.0], [675828.4909638554, 2572393.695783132, 0.0], [675823.4969879518, 2572393.695783132, 0.0], [675818.5030120482, 2572393.695783132, 0.0], [675813.5090361446, 2572388.701807229, 0.0], [675808.515060241, 2572388.701807229, 0.0], [675803.5210843374, 2572388.701807229, 0.0], [675798.5271084337, 2572388.701807229, 0.0], [675793.53313253, 2572388.701807229, 0.0], [675788.5391566264, 2572388.701807229, 0.0], [675783.5451807228, 2572388.701807229, 0.0], [675778.5512048192, 2572383.707831325, 0.0], [675773.5572289156, 2572378.7138554216, 0.0], [675768.563253012, 2572373.719879518, 0.0], [675763.5692771084, 2572373.719879518, 0.0], [675758.5753012048, 2572373.719879518, 0.0], [675753.5813253012, 2572373.719879518, 0.0], [675748.5873493976, 2572373.719879518, 0.0], [675743.593373494, 2572368.7259036144, 0.0], [675738.5993975904, 2572368.7259036144, 0.0], [675733.6054216868, 2572368.7259036144, 0.0], [675728.611445783, 2572363.7319277106, 0.0], [675723.6174698794, 2572363.7319277106, 0.0], [675718.6234939758, 2572363.7319277106, 0.0], [675713.6295180722, 2572363.7319277106, 0.0], [675708.6355421686, 2572363.7319277106, 0.0], [675703.641566265, 2572363.7319277106, 0.0], [675698.6475903614, 2572358.737951807, 0.0], [675693.6536144578, 2572358.737951807, 0.0], [675688.6596385542, 2572358.737951807, 0.0], [675683.6656626506, 2572358.737951807, 0.0], [675678.671686747, 2572353.7439759034, 0.0], [675673.6777108434, 2572348.75, 0.0], [675673.6777108434, 2572343.756024096, 0.0], [675673.6777108434, 2572338.762048193, 0.0], [675673.6777108434, 2572333.768072289, 0.0], [675668.6837349398, 2572328.7740963856, 0.0], [675663.6897590361, 2572323.7801204817, 0.0], [675658.6957831325, 2572323.7801204817, 0.0], [675653.7018072288, 2572318.7861445784, 0.0], [675648.7078313252, 2572318.7861445784, 0.0], [675643.7138554216, 2572313.7921686745, 0.0], [675638.719879518, 2572313.7921686745, 0.0], [675633.7259036144, 2572308.7981927707, 0.0], [675628.7319277108, 2572303.8042168673, 0.0], [675623.7379518072, 2572298.8102409635, 0.0], [675618.7439759036, 2572293.81626506, 0.0], [675613.75, 2572293.81626506, 0.0], [675608.7560240964, 2572293.81626506, 0.0], [675603.7620481928, 2572288.8222891563, 0.0], [675598.7680722892, 2572283.828313253, 0.0], [675593.7740963856, 2572283.828313253, 0.0], [675588.7801204819, 2572278.834337349, 0.0], [675583.7861445782, 2572278.834337349, 0.0], [675578.7921686746, 2572273.8403614457, 0.0], [675573.798192771, 2572273.8403614457, 0.0], [675568.8042168674, 2572273.8403614457, 0.0], [675563.8102409638, 2572268.846385542, 0.0], [675558.8162650602, 2572268.846385542, 0.0], [675553.8222891566, 2572268.846385542, 0.0], [675548.828313253, 2572268.846385542, 0.0], [675543.8343373494, 2572268.846385542, 0.0], [675538.8403614458, 2572268.846385542, 0.0], [675533.8463855422, 2572263.8524096385, 0.0], [675528.8524096386, 2572263.8524096385, 0.0], [675523.8584337349, 2572263.8524096385, 0.0], [675518.8644578313, 2572263.8524096385, 0.0], [675513.8704819276, 2572263.8524096385, 0.0], [675508.876506024, 2572263.8524096385, 0.0], [675503.8825301204, 2572263.8524096385, 0.0], [675498.8885542168, 2572263.8524096385, 0.0], [675493.8945783132, 2572263.8524096385, 0.0], [675488.9006024096, 2572263.8524096385, 0.0], [675483.906626506, 2572263.8524096385, 0.0], [675478.9126506024, 2572263.8524096385, 0.0], [675473.9186746988, 2572263.8524096385, 0.0], [675468.9246987952, 2572263.8524096385, 0.0], [675463.9307228916, 2572258.8584337346, 0.0], [675458.936746988, 2572258.8584337346, 0.0], [675453.9427710844, 2572258.8584337346, 0.0], [675448.9487951807, 2572258.8584337346, 0.0], [675443.954819277, 2572258.8584337346, 0.0], [675438.9608433734, 2572253.8644578313, 0.0], [675433.9668674698, 2572253.8644578313, 0.0], [675428.9728915662, 2572253.8644578313, 0.0], [675423.9789156626, 2572253.8644578313, 0.0], [675418.984939759, 2572248.8704819274, 0.0], [675413.9909638554, 2572243.876506024, 0.0], [675408.9969879518, 2572243.876506024, 0.0], [675408.9969879518, 2572238.88253012, 0.0], [675408.9969879518, 2572233.888554217, 0.0], [675408.9969879518, 2572228.894578313, 0.0], [675404.0030120482, 2572223.9006024096, 0.0], [675399.0090361446, 2572218.906626506, 0.0], [675394.015060241, 2572218.906626506, 0.0], [675389.0210843374, 2572213.9126506024, 0.0], [675384.0271084337, 2572213.9126506024, 0.0], [675379.03313253, 2572208.9186746986, 0.0], [675374.0391566264, 2572203.924698795, 0.0], [675369.0451807228, 2572198.9307228914, 0.0], [675364.0512048192, 2572193.936746988, 0.0], [675359.0572289156, 2572193.936746988, 0.0], [675354.063253012, 2572193.936746988, 0.0], [675349.0692771084, 2572193.936746988, 0.0], [675344.0753012048, 2572188.942771084, 0.0], [675344.0753012048, 2572183.948795181, 0.0], [675344.0753012048, 2572178.954819277, 0.0], [675339.0813253012, 2572173.960843373, 0.0], [675334.0873493976, 2572173.960843373, 0.0], [675329.093373494, 2572168.9668674697, 0.0], [675324.0993975904, 2572163.972891566, 0.0], [675319.1054216868, 2572158.9789156625, 0.0], [675314.111445783, 2572158.9789156625, 0.0], [675309.1174698794, 2572158.9789156625, 0.0], [675304.1234939758, 2572153.9849397587, 0.0], [675299.1295180722, 2572148.9909638553, 0.0], [675294.1355421686, 2572143.9969879515, 0.0], [675294.1355421686, 2572139.003012048, 0.0], [675294.1355421686, 2572134.0090361442, 0.0], [675294.1355421686, 2572129.015060241, 0.0], [675294.1355421686, 2572124.021084337, 0.0], [675294.1355421686, 2572119.0271084337, 0.0], [675294.1355421686, 2572114.03313253, 0.0], [675294.1355421686, 2572109.0391566264, 0.0], [675294.1355421686, 2572104.0451807226, 0.0], [675294.1355421686, 2572099.051204819, 0.0], [675294.1355421686, 2572094.0572289154, 0.0], [675294.1355421686, 2572089.063253012, 0.0], [675294.1355421686, 2572084.069277108, 0.0], [675294.1355421686, 2572079.075301205, 0.0], [675294.1355421686, 2572074.081325301, 0.0], [675289.141566265, 2572069.0873493976, 0.0], [675289.141566265, 2572064.0933734938, 0.0], [675289.141566265, 2572059.0993975904, 0.0], [675289.141566265, 2572054.1054216865, 0.0], [675289.141566265, 2572049.111445783, 0.0], [675289.141566265, 2572044.1174698793, 0.0], [675289.141566265, 2572039.1234939755, 0.0], [675289.141566265, 2572034.129518072, 0.0], [675289.141566265, 2572029.1355421683, 0.0], [675289.141566265, 2572024.141566265, 0.0], [675289.141566265, 2572019.147590361, 0.0], [675294.1355421686, 2572014.1536144577, 0.0], [675294.1355421686, 2572009.159638554, 0.0], [675294.1355421686, 2572004.1656626505, 0.0], [675299.1295180722, 2571999.1716867466, 0.0], [675299.1295180722, 2571994.1777108433, 0.0], [675299.1295180722, 2571989.1837349394, 0.0], [675304.1234939758, 2571984.189759036, 0.0], [675304.1234939758, 2571979.195783132, 0.0], [675309.1174698794, 2571974.201807229, 0.0], [675314.111445783, 2571969.207831325, 0.0], [675319.1054216868, 2571964.2138554216, 0.0], [675324.0993975904, 2571959.219879518, 0.0], [675324.0993975904, 2571954.2259036144, 0.0], [675329.093373494, 2571949.2319277106, 0.0], [675334.0873493976, 2571949.2319277106, 0.0], [675339.0813253012, 2571944.237951807, 0.0], [675344.0753012048, 2571939.2439759034, 0.0], [675349.0692771084, 2571934.25, 0.0], [675354.063253012, 2571929.256024096, 0.0], [675349.0692771084, 2571924.262048193, 0.0], [675349.0692771084, 2571919.268072289, 0.0], [675354.063253012, 2571914.2740963856, 0.0], [675359.0572289156, 2571909.2801204817, 0.0], [675364.0512048192, 2571904.2861445784, 0.0], [675369.0451807228, 2571904.2861445784, 0.0], [675374.0391566264, 2571904.2861445784, 0.0], [675374.0391566264, 2571899.2921686745, 0.0], [675379.03313253, 2571894.2981927707, 0.0], [675379.03313253, 2571889.3042168673, 0.0], [675379.03313253, 2571884.3102409635, 0.0], [675379.03313253, 2571879.31626506, 0.0], [675384.0271084337, 2571879.31626506, 0.0], [675389.0210843374, 2571879.31626506, 0.0], [675394.015060241, 2571874.3222891563, 0.0], [675399.0090361446, 2571869.328313253, 0.0], [675404.0030120482, 2571869.328313253, 0.0], [675408.9969879518, 2571869.328313253, 0.0], [675413.9909638554, 2571869.328313253, 0.0], [675418.984939759, 2571869.328313253, 0.0], [675423.9789156626, 2571864.334337349, 0.0], [675428.9728915662, 2571864.334337349, 0.0], [675433.9668674698, 2571859.3403614457, 0.0], [675438.9608433734, 2571859.3403614457, 0.0], [675443.954819277, 2571859.3403614457, 0.0], [675448.9487951807, 2571854.346385542, 0.0], [675453.9427710844, 2571854.346385542, 0.0], [675458.936746988, 2571849.3524096385, 0.0], [675463.9307228916, 2571844.3584337346, 0.0], [675468.9246987952, 2571839.3644578313, 0.0], [675473.9186746988, 2571839.3644578313, 0.0], [675478.9126506024, 2571839.3644578313, 0.0], [675483.906626506, 2571834.3704819274, 0.0], [675488.9006024096, 2571834.3704819274, 0.0], [675493.8945783132, 2571829.376506024, 0.0], [675498.8885542168, 2571824.38253012, 0.0], [675503.8825301204, 2571824.38253012, 0.0], [675508.876506024, 2571819.388554217, 0.0], [675513.8704819276, 2571814.394578313, 0.0], [675518.8644578313, 2571814.394578313, 0.0], [675523.8584337349, 2571809.4006024096, 0.0], [675528.8524096386, 2571809.4006024096, 0.0], [675533.8463855422, 2571809.4006024096, 0.0], [675538.8403614458, 2571804.406626506, 0.0], [675543.8343373494, 2571804.406626506, 0.0], [675548.828313253, 2571799.4126506024, 0.0], [675548.828313253, 2571794.4186746986, 0.0], [675553.8222891566, 2571789.424698795, 0.0], [675558.8162650602, 2571789.424698795, 0.0], [675563.8102409638, 2571789.424698795, 0.0], [675568.8042168674, 2571789.424698795, 0.0], [675573.798192771, 2571789.424698795, 0.0], [675578.7921686746, 2571784.4307228914, 0.0], [675583.7861445782, 2571784.4307228914, 0.0], [675583.7861445782, 2571779.436746988, 0.0], [675588.7801204819, 2571774.442771084, 0.0], [675593.7740963856, 2571769.448795181, 0.0], [675598.7680722892, 2571764.454819277, 0.0], [675598.7680722892, 2571759.460843373, 0.0], [675603.7620481928, 2571754.4668674697, 0.0], [675608.7560240964, 2571749.472891566, 0.0], [675613.75, 2571744.4789156625, 0.0], [675613.75, 2571739.4849397587, 0.0], [675618.7439759036, 2571739.4849397587, 0.0], [675618.7439759036, 2571734.4909638553, 0.0], [675623.7379518072, 2571729.4969879515, 0.0], [675623.7379518072, 2571724.503012048, 0.0], [675623.7379518072, 2571719.5090361442, 0.0], [675628.7319277108, 2571714.515060241, 0.0], [675633.7259036144, 2571709.521084337, 0.0], [675638.719879518, 2571709.521084337, 0.0], [675643.7138554216, 2571704.5271084337, 0.0], [675648.7078313252, 2571704.5271084337, 0.0], [675653.7018072288, 2571704.5271084337, 0.0], [675658.6957831325, 2571704.5271084337, 0.0], [675663.6897590361, 2571699.53313253, 0.0], [675668.6837349398, 2571699.53313253, 0.0], [675673.6777108434, 2571699.53313253, 0.0], [675678.671686747, 2571694.5391566264, 0.0], [675683.6656626506, 2571694.5391566264, 0.0], [675688.6596385542, 2571689.5451807226, 0.0], [675693.6536144578, 2571689.5451807226, 0.0], [675698.6475903614, 2571684.551204819, 0.0], [675703.641566265, 2571684.551204819, 0.0], [675708.6355421686, 2571679.5572289154, 0.0], [675713.6295180722, 2571679.5572289154, 0.0], [675718.6234939758, 2571674.563253012, 0.0], [675723.6174698794, 2571674.563253012, 0.0], [675728.611445783, 2571669.569277108, 0.0], [675733.6054216868, 2571664.575301205, 0.0], [675738.5993975904, 2571659.581325301, 0.0], [675743.593373494, 2571659.581325301, 0.0], [675748.5873493976, 2571654.5873493976, 0.0], [675753.5813253012, 2571654.5873493976, 0.0], [675758.5753012048, 2571649.5933734938, 0.0], [675763.5692771084, 2571644.5993975904, 0.0], [675763.5692771084, 2571639.6054216865, 0.0], [675768.563253012, 2571634.611445783, 0.0], [675773.5572289156, 2571629.6174698793, 0.0], [675778.5512048192, 2571624.6234939755, 0.0], [675778.5512048192, 2571619.629518072, 0.0], [675783.5451807228, 2571614.6355421683, 0.0], [675788.5391566264, 2571609.641566265, 0.0], [675788.5391566264, 2571604.647590361, 0.0], [675788.5391566264, 2571599.6536144577, 0.0], [675793.53313253, 2571594.659638554, 0.0], [675793.53313253, 2571589.6656626505, 0.0], [675793.53313253, 2571584.6716867466, 0.0], [675793.53313253, 2571579.6777108433, 0.0], [675798.5271084337, 2571574.6837349394, 0.0], [675798.5271084337, 2571569.689759036, 0.0], [675803.5210843374, 2571564.695783132, 0.0], [675803.5210843374, 2571559.701807229, 0.0], [675808.515060241, 2571554.707831325, 0.0], [675808.515060241, 2571549.7138554216, 0.0], [675813.5090361446, 2571544.719879518, 0.0], [675818.5030120482, 2571539.7259036144, 0.0], [675818.5030120482, 2571534.7319277106, 0.0], [675823.4969879518, 2571529.737951807, 0.0], [675823.4969879518, 2571524.7439759034, 0.0], [675823.4969879518, 2571519.75, 0.0], [675823.4969879518, 2571514.756024096, 0.0], [675828.4909638554, 2571509.762048193, 0.0], [675828.4909638554, 2571504.768072289, 0.0], [675828.4909638554, 2571499.7740963856, 0.0], [675828.4909638554, 2571494.7801204817, 0.0], [675823.4969879518, 2571489.786144578, 0.0], [675823.4969879518, 2571484.7921686745, 0.0], [675823.4969879518, 2571479.7981927707, 0.0], [675823.4969879518, 2571474.8042168673, 0.0], [675823.4969879518, 2571469.8102409635, 0.0], [675823.4969879518, 2571464.81626506, 0.0], [675823.4969879518, 2571459.8222891563, 0.0], [675818.5030120482, 2571454.828313253, 0.0], [675818.5030120482, 2571449.834337349, 0.0], [675818.5030120482, 2571444.8403614457, 0.0], [675813.5090361446, 2571439.846385542, 0.0], [675813.5090361446, 2571434.8524096385, 0.0], [675808.515060241, 2571429.8584337346, 0.0], [675803.5210843374, 2571424.8644578313, 0.0], [675798.5271084337, 2571419.8704819274, 0.0], [675793.53313253, 2571414.876506024, 0.0], [675793.53313253, 2571409.88253012, 0.0], [675793.53313253, 2571404.888554217, 0.0], [675788.5391566264, 2571399.894578313, 0.0], [675783.5451807228, 2571394.9006024096, 0.0], [675778.5512048192, 2571394.9006024096, 0.0], [675773.5572289156, 2571389.906626506, 0.0], [675768.563253012, 2571384.9126506024, 0.0], [675763.5692771084, 2571379.9186746986, 0.0], [675758.5753012048, 2571374.924698795, 0.0], [675753.5813253012, 2571369.9307228914, 0.0], [675748.5873493976, 2571364.936746988, 0.0], [675743.593373494, 2571359.942771084, 0.0], [675738.5993975904, 2571354.948795181, 0.0], [675733.6054216868, 2571349.954819277, 0.0], [675728.611445783, 2571344.960843373, 0.0], [675723.6174698794, 2571339.9668674697, 0.0], [675718.6234939758, 2571334.972891566, 0.0], [675713.6295180722, 2571329.9789156625, 0.0], [675708.6355421686, 2571324.9849397587, 0.0], [675703.641566265, 2571324.9849397587, 0.0], [675698.6475903614, 2571319.9909638553, 0.0], [675693.6536144578, 2571314.9969879515, 0.0], [675688.6596385542, 2571310.003012048, 0.0], [675683.6656626506, 2571305.0090361442, 0.0], [675678.671686747, 2571300.015060241, 0.0], [675673.6777108434, 2571300.015060241, 0.0], [675668.6837349398, 2571295.021084337, 0.0], [675663.6897590361, 2571290.0271084337, 0.0], [675658.6957831325, 2571290.0271084337, 0.0], [675653.7018072288, 2571285.03313253, 0.0], [675648.7078313252, 2571285.03313253, 0.0], [675643.7138554216, 2571280.0391566264, 0.0], [675638.719879518, 2571280.0391566264, 0.0], [675633.7259036144, 2571275.0451807226, 0.0], [675628.7319277108, 2571270.051204819, 0.0], [675623.7379518072, 2571270.051204819, 0.0], [675618.7439759036, 2571265.0572289154, 0.0], [675613.75, 2571265.0572289154, 0.0], [675608.7560240964, 2571260.063253012, 0.0], [675603.7620481928, 2571255.069277108, 0.0], [675598.7680722892, 2571255.069277108, 0.0], [675593.7740963856, 2571255.069277108, 0.0], [675588.7801204819, 2571250.075301205, 0.0], [675583.7861445782, 2571250.075301205, 0.0], [675578.7921686746, 2571245.081325301, 0.0], [675573.798192771, 2571245.081325301, 0.0], [675568.8042168674, 2571245.081325301, 0.0], [675563.8102409638, 2571240.0873493976, 0.0], [675558.8162650602, 2571235.0933734938, 0.0], [675553.8222891566, 2571235.0933734938, 0.0], [675548.828313253, 2571235.0933734938, 0.0], [675543.8343373494, 2571230.0993975904, 0.0], [675538.8403614458, 2571230.0993975904, 0.0], [675533.8463855422, 2571225.1054216865, 0.0], [675528.8524096386, 2571225.1054216865, 0.0], [675523.8584337349, 2571225.1054216865, 0.0], [675518.8644578313, 2571220.111445783, 0.0], [675513.8704819276, 2571225.1054216865, 0.0], [675508.876506024, 2571230.0993975904, 0.0], [675503.8825301204, 2571235.0933734938, 0.0], [675498.8885542168, 2571235.0933734938, 0.0], [675493.8945783132, 2571230.0993975904, 0.0], [675488.9006024096, 2571225.1054216865, 0.0], [675483.906626506, 2571220.111445783, 0.0], [675478.9126506024, 2571220.111445783, 0.0], [675473.9186746988, 2571215.1174698793, 0.0], [675468.9246987952, 2571215.1174698793, 0.0], [675463.9307228916, 2571215.1174698793, 0.0], [675458.936746988, 2571215.1174698793, 0.0], [675453.9427710844, 2571210.1234939755, 0.0], [675448.9487951807, 2571210.1234939755, 0.0], [675443.954819277, 2571210.1234939755, 0.0], [675438.9608433734, 2571210.1234939755, 0.0], [675433.9668674698, 2571205.129518072, 0.0], [675428.9728915662, 2571205.129518072, 0.0], [675423.9789156626, 2571200.1355421683, 0.0], [675418.984939759, 2571200.1355421683, 0.0], [675413.9909638554, 2571200.1355421683, 0.0], [675408.9969879518, 2571200.1355421683, 0.0], [675404.0030120482, 2571200.1355421683, 0.0], [675399.0090361446, 2571200.1355421683, 0.0], [675394.015060241, 2571200.1355421683, 0.0], [675389.0210843374, 2571200.1355421683, 0.0], [675384.0271084337, 2571200.1355421683, 0.0], [675379.03313253, 2571195.141566265, 0.0], [675374.0391566264, 2571195.141566265, 0.0], [675369.0451807228, 2571195.141566265, 0.0], [675364.0512048192, 2571195.141566265, 0.0], [675359.0572289156, 2571195.141566265, 0.0], [675354.063253012, 2571195.141566265, 0.0], [675349.0692771084, 2571195.141566265, 0.0], [675344.0753012048, 2571195.141566265, 0.0], [675339.0813253012, 2571195.141566265, 0.0], [675334.0873493976, 2571195.141566265, 0.0], [675329.093373494, 2571195.141566265, 0.0], [675324.0993975904, 2571200.1355421683, 0.0], [675319.1054216868, 2571200.1355421683, 0.0], [675314.111445783, 2571200.1355421683, 0.0], [675309.1174698794, 2571200.1355421683, 0.0], [675304.1234939758, 2571205.129518072, 0.0], [675299.1295180722, 2571205.129518072, 0.0], [675294.1355421686, 2571205.129518072, 0.0], [675289.141566265, 2571200.1355421683, 0.0], [675284.1475903614, 2571195.141566265, 0.0], [675279.1536144578, 2571195.141566265, 0.0], [675274.1596385542, 2571200.1355421683, 0.0], [675269.1656626506, 2571205.129518072, 0.0], [675264.171686747, 2571210.1234939755, 0.0], [675259.1777108434, 2571210.1234939755, 0.0], [675254.1837349398, 2571210.1234939755, 0.0], [675249.1897590361, 2571210.1234939755, 0.0], [675244.1957831325, 2571215.1174698793, 0.0], [675239.2018072288, 2571215.1174698793, 0.0], [675234.2078313252, 2571220.111445783, 0.0], [675229.2138554216, 2571225.1054216865, 0.0], [675224.219879518, 2571230.0993975904, 0.0], [675219.2259036144, 2571230.0993975904, 0.0], [675214.2319277108, 2571230.0993975904, 0.0], [675209.2379518072, 2571230.0993975904, 0.0], [675204.2439759036, 2571230.0993975904, 0.0], [675199.25, 2571225.1054216865, 0.0], [675194.2560240964, 2571225.1054216865, 0.0], [675189.2620481928, 2571220.111445783, 0.0], [675184.2680722892, 2571220.111445783, 0.0]]}}, {"type": "Feature", "properties": {"name": "R5", "length": 5808.968265350112}, "geometry": {"type": "LineString", "coordinates": [[680852.4307228916, 2574191.5271084337, 0.0], [680847.436746988, 2574196.521084337, 0.0], [680847.436746988, 2574201.515060241, 0.0], [680842.4427710844, 2574206.5090361442, 0.0], [680837.4487951807, 2574211.503012048, 0.0], [680832.454819277, 2574216.4969879515, 0.0], [680827.4608433734, 2574221.4909638553, 0.0], [680822.4668674698, 2574226.4849397587, 0.0], [680817.4728915662, 2574231.4789156625, 0.0], [680812.4789156626, 2574236.472891566, 0.0], [680807.484939759, 2574236.472891566, 0.0], [680802.4909638554, 2574241.4668674697, 0.0], [680797.4969879518, 2574246.460843373, 0.0], [680792.5030120482, 2574246.460843373, 0.0], [680787.5090361446, 2574251.454819277, 0.0], [680782.515060241, 2574251.454819277, 0.0], [680777.5210843374, 2574256.448795181, 0.0], [680772.5271084337, 2574256.448795181, 0.0], [680767.53313253, 2574261.442771084, 0.0], [680762.5391566264, 2574261.442771084, 0.0], [680757.5451807228, 2574266.436746988, 0.0], [680752.5512048192, 2574271.4307228914, 0.0], [680747.5572289156, 2574276.424698795, 0.0], [680742.563253012, 2574276.424698795, 0.0], [680737.5692771084, 2574281.4186746986, 0.0], [680732.5753012048, 2574281.4186746986, 0.0], [680727.5813253012, 2574286.4126506024, 0.0], [680722.5873493976, 2574291.406626506, 0.0], [680717.593373494, 2574291.406626506, 0.0], [680712.5993975904, 2574296.4006024096, 0.0], [680707.6054216868, 2574296.4006024096, 0.0], [680702.6114457832, 2574301.394578313, 0.0], [680697.6174698794, 2574301.394578313, 0.0], [680692.6234939758, 2574301.394578313, 0.0], [680687.6295180722, 2574301.394578313, 0.0], [680682.6355421686, 2574301.394578313, 0.0], [680677.641566265, 2574301.394578313, 0.0], [680672.6475903614, 2574306.388554217, 0.0], [680667.6536144578, 2574311.38253012, 0.0], [680662.6596385542, 2574316.376506024, 0.0], [680657.6656626506, 2574321.3704819274, 0.0], [680652.671686747, 2574321.3704819274, 0.0], [680652.671686747, 2574326.3644578313, 0.0], [680647.6777108434, 2574331.3584337346, 0.0], [680642.6837349398, 2574336.3524096385, 0.0], [680637.6897590362, 2574341.346385542, 0.0], [680632.6957831325, 2574346.3403614457, 0.0], [680632.6957831325, 2574351.334337349, 0.0], [680627.7018072288, 2574356.328313253, 0.0], [680622.7078313252, 2574361.3222891563, 0.0], [680617.7138554216, 2574366.31626506, 0.0], [680617.7138554216, 2574371.3102409635, 0.0], [680617.7138554216, 2574376.3042168673, 0.0], [680612.719879518, 2574381.2981927707, 0.0], [680607.7259036144, 2574386.2921686745, 0.0], [680602.7319277108, 2574391.2861445784, 0.0], [680597.7379518072, 2574396.2801204817, 0.0], [680597.7379518072, 2574401.2740963856, 0.0], [680592.7439759036, 2574406.268072289, 0.0], [680587.75, 2574411.262048193, 0.0], [680587.75, 2574416.256024096, 0.0], [680582.7560240964, 2574421.25, 0.0], [680577.7620481928, 2574426.2439759034, 0.0], [680577.7620481928, 2574431.237951807, 0.0], [680572.7680722892, 2574436.2319277106, 0.0], [680567.7740963856, 2574441.2259036144, 0.0], [680567.7740963856, 2574446.219879518, 0.0], [680562.780120482, 2574451.2138554216, 0.0], [680557.7861445782, 2574456.207831325, 0.0], [680552.7921686746, 2574461.201807229, 0.0], [680552.7921686746, 2574466.195783132, 0.0], [680547.798192771, 2574471.189759036, 0.0], [680547.798192771, 2574476.1837349394, 0.0], [680542.8042168674, 2574481.1777108433, 0.0], [680542.8042168674, 2574486.1716867466, 0.0], [680542.8042168674, 2574491.1656626505, 0.0], [680537.8102409638, 2574496.159638554, 0.0], [680532.8162650602, 2574496.159638554, 0.0], [680527.8222891566, 2574501.1536144577, 0.0], [680522.828313253, 2574506.147590361, 0.0], [680517.8343373494, 2574511.141566265, 0.0], [680512.8403614458, 2574516.1355421683, 0.0], [680507.8463855422, 2574521.129518072, 0.0], [680502.8524096386, 2574526.123493976, 0.0], [680502.8524096386, 2574531.1174698793, 0.0], [680497.858433735, 2574531.1174698793, 0.0], [680492.8644578313, 2574531.1174698793, 0.0], [680487.8704819276, 2574536.111445783, 0.0], [680482.876506024, 2574536.111445783, 0.0], [680477.8825301204, 2574536.111445783, 0.0], [680472.8885542168, 2574536.111445783, 0.0], [680467.8945783132, 2574536.111445783, 0.0], [680462.9006024096, 2574536.111445783, 0.0], [680457.906626506, 2574536.111445783, 0.0], [680452.9126506024, 2574536.111445783, 0.0], [680447.9186746988, 2574536.111445783, 0.0], [680442.9246987952, 2574536.111445783, 0.0], [680437.9307228916, 2574536.111445783, 0.0], [680432.936746988, 2574541.1054216865, 0.0], [680427.9427710844, 2574541.1054216865, 0.0], [680427.9427710844, 2574546.0993975904, 0.0], [680422.9487951807, 2574551.0933734938, 0.0], [680417.954819277, 2574556.0873493976, 0.0], [680417.954819277, 2574561.081325301, 0.0], [680417.954819277, 2574566.075301205, 0.0], [680417.954819277, 2574571.069277108, 0.0], [680412.9608433734, 2574571.069277108, 0.0], [680407.9668674698, 2574576.063253012, 0.0], [680402.9728915662, 2574576.063253012, 0.0], [680397.9789156626, 2574581.0572289154, 0.0], [680392.984939759, 2574581.0572289154, 0.0], [680387.9909638554, 2574581.0572289154, 0.0], [680382.9969879518, 2574581.0572289154, 0.0], [680378.0030120482, 2574581.0572289154, 0.0], [680373.0090361446, 2574581.0572289154, 0.0], [680368.015060241, 2574576.063253012, 0.0], [680363.0210843374, 2574576.063253012, 0.0], [680358.0271084337, 2574571.069277108, 0.0], [680353.03313253, 2574566.075301205, 0.0], [680348.0391566264, 2574561.081325301, 0.0], [680343.0451807228, 2574556.0873493976, 0.0], [680338.0512048192, 2574561.081325301, 0.0], [680333.0572289156, 2574561.081325301, 0.0], [680328.063253012, 2574561.081325301, 0.0], [680323.0692771084, 2574566.075301205, 0.0], [680318.0753012048, 2574566.075301205, 0.0], [680313.0813253012, 2574571.069277108, 0.0], [680313.0813253012, 2574576.063253012, 0.0], [680308.0873493976, 2574581.0572289154, 0.0], [680303.093373494, 2574586.051204819, 0.0], [680298.0993975904, 2574591.0451807226, 0.0], [680293.1054216868, 2574596.0391566264, 0.0], [680288.1114457832, 2574601.03313253, 0.0], [680288.1114457832, 2574606.0271084337, 0.0], [680283.1174698794, 2574611.021084337, 0.0], [680283.1174698794, 2574616.015060241, 0.0], [680283.1174698794, 2574621.0090361442, 0.0], [680278.1234939758, 2574626.003012048, 0.0], [680273.1295180722, 2574626.003012048, 0.0], [680268.1355421686, 2574630.9969879515, 0.0], [680263.141566265, 2574630.9969879515, 0.0], [680258.1475903614, 2574635.9909638553, 0.0], [680253.1536144578, 2574640.9849397587, 0.0], [680248.1596385542, 2574645.9789156625, 0.0], [680243.1656626506, 2574650.972891566, 0.0], [680238.171686747, 2574655.9668674697, 0.0], [680233.1777108434, 2574660.960843373, 0.0], [680228.1837349398, 2574665.954819277, 0.0], [680223.1897590362, 2574665.954819277, 0.0], [680218.1957831325, 2574670.948795181, 0.0], [680213.2018072288, 2574675.942771084, 0.0], [680208.2078313252, 2574675.942771084, 0.0], [680203.2138554216, 2574675.942771084, 0.0], [680198.219879518, 2574675.942771084, 0.0], [680193.2259036144, 2574675.942771084, 0.0], [680188.2319277108, 2574670.948795181, 0.0], [680188.2319277108, 2574665.954819277, 0.0], [680188.2319277108, 2574660.960843373, 0.0], [680183.2379518072, 2574655.9668674697, 0.0], [680178.2439759036, 2574650.972891566, 0.0], [680173.25, 2574650.972891566, 0.0], [680168.2560240964, 2574650.972891566, 0.0], [680163.2620481928, 2574650.972891566, 0.0], [680158.2680722892, 2574650.972891566, 0.0], [680153.2740963856, 2574650.972891566, 0.0], [680148.280120482, 2574650.972891566, 0.0], [680143.2861445782, 2574650.972891566, 0.0], [680138.2921686746, 2574655.9668674697, 0.0], [680133.298192771, 2574655.9668674697, 0.0], [680128.3042168674, 2574655.9668674697, 0.0], [680123.3102409638, 2574655.9668674697, 0.0], [680118.3162650602, 2574650.972891566, 0.0], [680113.3222891566, 2574645.9789156625, 0.0], [680108.328313253, 2574640.9849397587, 0.0], [680103.3343373494, 2574635.9909638553, 0.0], [680098.3403614458, 2574635.9909638553, 0.0], [680093.3463855422, 2574635.9909638553, 0.0], [680088.3524096386, 2574640.9849397587, 0.0], [680083.358433735, 2574640.9849397587, 0.0], [680078.3644578313, 2574640.9849397587, 0.0], [680073.3704819276, 2574645.9789156625, 0.0], [680068.376506024, 2574650.972891566, 0.0], [680063.3825301204, 2574650.972891566, 0.0], [680058.3885542168, 2574650.972891566, 0.0], [680053.3945783132, 2574650.972891566, 0.0], [680048.4006024096, 2574655.9668674697, 0.0], [680043.406626506, 2574660.960843373, 0.0], [680038.4126506024, 2574660.960843373, 0.0], [680033.4186746988, 2574660.960843373, 0.0], [680028.4246987952, 2574665.954819277, 0.0], [680023.4307228916, 2574670.948795181, 0.0], [680018.436746988, 2574675.942771084, 0.0], [680013.4427710844, 2574680.936746988, 0.0], [680008.4487951807, 2574685.9307228914, 0.0], [680008.4487951807, 2574690.924698795, 0.0], [680003.454819277, 2574695.9186746986, 0.0], [679998.4608433734, 2574700.9126506024, 0.0], [679993.4668674698, 2574705.906626506, 0.0], [679988.4728915662, 2574710.9006024096, 0.0], [679983.4789156626, 2574715.894578313, 0.0], [679978.484939759, 2574715.894578313, 0.0], [679973.4909638554, 2574715.894578313, 0.0], [679968.4969879518, 2574720.888554217, 0.0], [679963.5030120482, 2574725.88253012, 0.0], [679958.5090361446, 2574730.876506024, 0.0], [679953.515060241, 2574735.8704819274, 0.0], [679948.5210843374, 2574740.8644578313, 0.0], [679943.5271084337, 2574740.8644578313, 0.0], [679938.53313253, 2574740.8644578313, 0.0], [679933.5391566264, 2574740.8644578313, 0.0], [679928.5451807228, 2574745.8584337346, 0.0], [679923.5512048192, 2574745.8584337346, 0.0], [679918.5572289156, 2574750.8524096385, 0.0], [679913.563253012, 2574755.846385542, 0.0], [679908.5692771084, 2574755.846385542, 0.0], [679903.5753012048, 2574755.846385542, 0.0], [679898.5813253012, 2574755.846385542, 0.0], [679893.5873493976, 2574750.8524096385, 0.0], [679888.593373494, 2574745.8584337346, 0.0], [679883.5993975904, 2574740.8644578313, 0.0], [679878.6054216868, 2574740.8644578313, 0.0], [679873.6114457832, 2574740.8644578313, 0.0], [679868.6174698794, 2574745.8584337346, 0.0], [679863.6234939758, 2574745.8584337346, 0.0], [679858.6295180722, 2574745.8584337346, 0.0], [679853.6355421686, 2574745.8584337346, 0.0], [679848.641566265, 2574750.8524096385, 0.0], [679843.6475903614, 2574750.8524096385, 0.0], [679838.6536144578, 2574755.846385542, 0.0], [679833.6596385542, 2574755.846385542, 0.0], [679828.6656626506, 2574760.8403614457, 0.0], [679823.671686747, 2574760.8403614457, 0.0], [679818.6777108434, 2574760.8403614457, 0.0], [679813.6837349398, 2574765.834337349, 0.0], [679808.6897590362, 2574765.834337349, 0.0], [679803.6957831325, 2574770.828313253, 0.0], [679798.7018072288, 2574770.828313253, 0.0], [679793.7078313252, 2574770.828313253, 0.0], [679788.7138554216, 2574770.828313253, 0.0], [679783.719879518, 2574770.828313253, 0.0], [679778.7259036144, 2574770.828313253, 0.0], [679773.7319277108, 2574775.8222891563, 0.0], [679768.7379518072, 2574775.8222891563, 0.0], [679763.7439759036, 2574775.8222891563, 0.0], [679758.75, 2574780.81626506, 0.0], [679753.7560240964, 2574785.8102409635, 0.0], [679748.7620481928, 2574790.8042168673, 0.0], [679748.7620481928, 2574795.7981927707, 0.0], [679743.7680722892, 2574800.7921686745, 0.0], [679738.7740963856, 2574805.7861445784, 0.0], [679733.780120482, 2574805.7861445784, 0.0], [679728.7861445782, 2574810.7801204817, 0.0], [679723.7921686746, 2574815.7740963856, 0.0], [679718.798192771, 2574820.768072289, 0.0], [679713.8042168674, 2574825.762048193, 0.0], [679708.8102409638, 2574825.762048193, 0.0], [679703.8162650602, 2574820.768072289, 0.0], [679698.8222891566, 2574820.768072289, 0.0], [679693.828313253, 2574820.768072289, 0.0], [679688.8343373494, 2574820.768072289, 0.0], [679683.8403614458, 2574820.768072289, 0.0], [679678.8463855422, 2574825.762048193, 0.0], [679673.8524096386, 2574825.762048193, 0.0], [679668.858433735, 2574825.762048193, 0.0], [679663.8644578313, 2574825.762048193, 0.0], [679658.8704819276, 2574830.756024096, 0.0], [679653.876506024, 2574830.756024096, 0.0], [679648.8825301204, 2574835.75, 0.0], [679643.8885542168, 2574835.75, 0.0], [679638.8945783132, 2574840.7439759034, 0.0], [679633.9006024096, 2574845.737951807, 0.0], [679628.906626506, 2574850.7319277106, 0.0], [679623.9126506024, 2574855.7259036144, 0.0], [679618.9186746988, 2574860.719879518, 0.0], [679613.9246987952, 2574865.7138554216, 0.0], [679608.9307228916, 2574870.707831325, 0.0], [679603.936746988, 2574875.701807229, 0.0], [679603.936746988, 2574880.695783132, 0.0], [679603.936746988, 2574885.689759036, 0.0], [679598.9427710844, 2574885.689759036, 0.0], [679593.9487951807, 2574885.689759036, 0.0], [679588.954819277, 2574885.689759036, 0.0], [679583.9608433734, 2574885.689759036, 0.0], [679578.9668674698, 2574885.689759036, 0.0], [679573.9728915662, 2574890.6837349394, 0.0], [679568.9789156626, 2574895.6777108433, 0.0], [679568.9789156626, 2574900.6716867466, 0.0], [679563.984939759, 2574905.6656626505, 0.0], [679558.9909638554, 2574910.659638554, 0.0], [679553.9969879518, 2574915.6536144577, 0.0], [679549.0030120482, 2574920.647590361, 0.0], [679544.0090361446, 2574925.641566265, 0.0], [679539.015060241, 2574930.6355421683, 0.0], [679534.0210843374, 2574935.629518072, 0.0], [679529.0271084337, 2574935.629518072, 0.0], [679524.03313253, 2574935.629518072, 0.0], [679519.0391566264, 2574940.623493976, 0.0], [679514.0451807228, 2574940.623493976, 0.0], [679509.0512048192, 2574940.623493976, 0.0], [679504.0572289156, 2574945.6174698793, 0.0], [679499.063253012, 2574945.6174698793, 0.0], [679494.0692771084, 2574945.6174698793, 0.0], [679489.0753012048, 2574945.6174698793, 0.0], [679484.0813253012, 2574945.6174698793, 0.0], [679479.0873493976, 2574945.6174698793, 0.0], [679474.093373494, 2574945.6174698793, 0.0], [679469.0993975904, 2574950.611445783, 0.0], [679464.1054216868, 2574950.611445783, 0.0], [679459.1114457832, 2574950.611445783, 0.0], [679454.1174698794, 2574955.6054216865, 0.0], [679449.1234939758, 2574955.6054216865, 0.0], [679444.1295180722, 2574960.5993975904, 0.0], [679439.1355421686, 2574965.5933734938, 0.0], [679434.141566265, 2574965.5933734938, 0.0], [679429.1475903614, 2574965.5933734938, 0.0], [679424.1536144578, 2574970.5873493976, 0.0], [679419.1596385542, 2574975.581325301, 0.0], [679414.1656626506, 2574975.581325301, 0.0], [679409.171686747, 2574980.575301205, 0.0], [679404.1777108434, 2574985.569277108, 0.0], [679399.1837349398, 2574990.563253012, 0.0], [679394.1897590362, 2574995.5572289154, 0.0], [679389.1957831325, 2574995.5572289154, 0.0], [679384.2018072288, 2575000.551204819, 0.0], [679379.2078313252, 2575000.551204819, 0.0], [679374.2138554216, 2575000.551204819, 0.0], [679369.219879518, 2575000.551204819, 0.0], [679364.2259036144, 2575000.551204819, 0.0], [679359.2319277108, 2575000.551204819, 0.0], [679354.2379518072, 2575000.551204819, 0.0], [679349.2439759036, 2575000.551204819, 0.0], [679344.25, 2575005.5451807226, 0.0], [679339.2560240964, 2575005.5451807226, 0.0], [679334.2620481928, 2575005.5451807226, 0.0], [679329.2680722892, 2575005.5451807226, 0.0], [679324.2740963856, 2575005.5451807226, 0.0], [679319.280120482, 2575000.551204819, 0.0], [679314.2861445782, 2575000.551204819, 0.0], [679309.2921686746, 2575000.551204819, 0.0], [679304.298192771, 2575000.551204819, 0.0], [679299.3042168674, 2575000.551204819, 0.0], [679294.3102409638, 2575000.551204819, 0.0], [679289.3162650602, 2575000.551204819, 0.0], [679284.3222891566, 2575000.551204819, 0.0], [679279.328313253, 2575000.551204819, 0.0], [679274.3343373494, 2575000.551204819, 0.0], [679269.3403614458, 2575000.551204819, 0.0], [679264.3463855422, 2575005.5451807226, 0.0], [679259.3524096386, 2575010.5391566264, 0.0], [679254.358433735, 2575015.53313253, 0.0], [679249.3644578313, 2575015.53313253, 0.0], [679244.3704819276, 2575015.53313253, 0.0], [679244.3704819276, 2575020.5271084337, 0.0], [679239.376506024, 2575025.521084337, 0.0], [679234.3825301204, 2575030.515060241, 0.0], [679229.3885542168, 2575030.515060241, 0.0], [679224.3945783132, 2575030.515060241, 0.0], [679219.4006024096, 2575030.515060241, 0.0], [679214.406626506, 2575030.515060241, 0.0], [679209.4126506024, 2575030.515060241, 0.0], [679204.4186746988, 2575030.515060241, 0.0], [679199.4246987952, 2575030.515060241, 0.0], [679194.4307228916, 2575030.515060241, 0.0], [679189.436746988, 2575035.5090361442, 0.0], [679184.4427710844, 2575035.5090361442, 0.0], [679179.4487951807, 2575035.5090361442, 0.0], [679174.454819277, 2575035.5090361442, 0.0], [679169.4608433734, 2575035.5090361442, 0.0], [679164.4668674698, 2575040.503012048, 0.0], [679159.4728915662, 2575040.503012048, 0.0], [679154.4789156626, 2575040.503012048, 0.0], [679149.484939759, 2575040.503012048, 0.0], [679144.4909638554, 2575040.503012048, 0.0], [679139.4969879518, 2575040.503012048, 0.0], [679134.5030120482, 2575040.503012048, 0.0], [679129.5090361446, 2575040.503012048, 0.0], [679124.515060241, 2575040.503012048, 0.0], [679119.5210843374, 2575040.503012048, 0.0], [679114.5271084337, 2575040.503012048, 0.0], [679109.53313253, 2575040.503012048, 0.0], [679104.5391566264, 2575040.503012048, 0.0], [679099.5451807228, 2575040.503012048, 0.0], [679094.5512048192, 2575040.503012048, 0.0], [679089.5572289156, 2575040.503012048, 0.0], [679084.563253012, 2575040.503012048, 0.0], [679079.5692771084, 2575045.4969879515, 0.0], [679074.5753012048, 2575045.4969879515, 0.0], [679069.5813253012, 2575045.4969879515, 0.0], [679064.5873493976, 2575045.4969879515, 0.0], [679059.593373494, 2575045.4969879515, 0.0], [679054.5993975904, 2575045.4969879515, 0.0], [679049.6054216868, 2575050.4909638553, 0.0], [679044.6114457832, 2575050.4909638553, 0.0], [679039.6174698794, 2575050.4909638553, 0.0], [679034.6234939758, 2575055.4849397587, 0.0], [679029.6295180722, 2575055.4849397587, 0.0], [679024.6355421686, 2575060.4789156625, 0.0], [679019.641566265, 2575060.4789156625, 0.0], [679014.6475903614, 2575065.472891566, 0.0], [679009.6536144578, 2575065.472891566, 0.0], [679004.6596385542, 2575070.4668674697, 0.0], [678999.6656626506, 2575075.4608433736, 0.0], [678994.671686747, 2575075.4608433736, 0.0], [678989.6777108434, 2575080.454819277, 0.0], [678984.6837349398, 2575080.454819277, 0.0], [678979.6897590362, 2575085.448795181, 0.0], [678974.6957831325, 2575085.448795181, 0.0], [678969.7018072288, 2575090.442771084, 0.0], [678964.7078313252, 2575095.436746988, 0.0], [678959.7138554216, 2575100.4307228914, 0.0], [678954.719879518, 2575105.424698795, 0.0], [678949.7259036144, 2575110.4186746986, 0.0], [678944.7319277108, 2575115.4126506024, 0.0], [678939.7379518072, 2575115.4126506024, 0.0], [678939.7379518072, 2575120.406626506, 0.0], [678934.7439759036, 2575125.4006024096, 0.0], [678929.75, 2575130.394578313, 0.0], [678924.7560240964, 2575135.388554217, 0.0], [678919.7620481928, 2575140.38253012, 0.0], [678914.7680722892, 2575145.376506024, 0.0], [678914.7680722892, 2575150.3704819274, 0.0], [678914.7680722892, 2575155.3644578313, 0.0], [678909.7740963856, 2575160.3584337346, 0.0], [678909.7740963856, 2575165.3524096385, 0.0], [678904.7801204819, 2575170.346385542, 0.0], [678899.7861445782, 2575175.3403614457, 0.0], [678894.7921686746, 2575180.334337349, 0.0], [678889.798192771, 2575185.328313253, 0.0], [678884.8042168674, 2575190.3222891563, 0.0], [678879.8102409638, 2575195.31626506, 0.0], [678874.8162650602, 2575200.3102409635, 0.0], [678874.8162650602, 2575205.3042168673, 0.0], [678869.8222891566, 2575210.2981927707, 0.0], [678864.828313253, 2575215.2921686745, 0.0], [678859.8343373494, 2575220.2861445784, 0.0], [678854.8403614458, 2575225.2801204817, 0.0], [678849.8463855422, 2575230.2740963856, 0.0], [678844.8524096386, 2575235.268072289, 0.0], [678839.8584337349, 2575240.262048193, 0.0], [678834.8644578313, 2575245.256024096, 0.0], [678829.8704819276, 2575250.25, 0.0], [678824.876506024, 2575255.2439759034, 0.0], [678824.876506024, 2575260.237951807, 0.0], [678819.8825301204, 2575260.237951807, 0.0], [678814.8885542168, 2575260.237951807, 0.0], [678809.8945783132, 2575260.237951807, 0.0], [678804.9006024096, 2575260.237951807, 0.0], [678799.906626506, 2575260.237951807, 0.0], [678794.9126506024, 2575260.237951807, 0.0], [678789.9186746988, 2575265.2319277106, 0.0], [678784.9246987952, 2575265.2319277106, 0.0], [678779.9307228916, 2575270.2259036144, 0.0], [678774.936746988, 2575270.2259036144, 0.0], [678769.9427710844, 2575270.2259036144, 0.0], [678764.9487951807, 2575275.219879518, 0.0], [678759.954819277, 2575275.219879518, 0.0], [678754.9608433734, 2575275.219879518, 0.0], [678749.9668674698, 2575275.219879518, 0.0], [678744.9728915662, 2575275.219879518, 0.0], [678739.9789156626, 2575275.219879518, 0.0], [678734.984939759, 2575275.219879518, 0.0], [678729.9909638554, 2575275.219879518, 0.0], [678724.9969879518, 2575280.2138554216, 0.0], [678720.0030120482, 2575285.207831325, 0.0], [678715.0090361446, 2575290.201807229, 0.0], [678715.0090361446, 2575295.195783132, 0.0], [678715.0090361446, 2575300.189759036, 0.0], [678720.0030120482, 2575305.1837349394, 0.0], [678720.0030120482, 2575310.1777108433, 0.0], [678715.0090361446, 2575315.1716867466, 0.0], [678710.015060241, 2575320.1656626505, 0.0], [678710.015060241, 2575325.159638554, 0.0], [678710.015060241, 2575330.1536144577, 0.0], [678710.015060241, 2575335.147590361, 0.0], [678710.015060241, 2575340.141566265, 0.0], [678705.0210843374, 2575345.1355421683, 0.0], [678700.0271084337, 2575350.129518072, 0.0], [678695.03313253, 2575350.129518072, 0.0], [678690.0391566264, 2575350.129518072, 0.0], [678685.0451807228, 2575355.123493976, 0.0], [678680.0512048192, 2575360.1174698793, 0.0], [678675.0572289156, 2575360.1174698793, 0.0], [678670.063253012, 2575360.1174698793, 0.0], [678665.0692771084, 2575365.111445783, 0.0], [678660.0753012048, 2575365.111445783, 0.0], [678655.0813253012, 2575365.111445783, 0.0], [678650.0873493976, 2575370.1054216865, 0.0], [678645.093373494, 2575375.0993975904, 0.0], [678640.0993975904, 2575380.0933734938, 0.0], [678635.1054216868, 2575380.0933734938, 0.0], [678630.1114457832, 2575385.0873493976, 0.0], [678625.1174698794, 2575390.081325301, 0.0], [678625.1174698794, 2575395.075301205, 0.0], [678620.1234939758, 2575400.069277108, 0.0], [678615.1295180722, 2575405.063253012, 0.0], [678610.1355421686, 2575410.0572289154, 0.0], [678605.141566265, 2575415.051204819, 0.0], [678600.1475903614, 2575420.0451807226, 0.0], [678595.1536144578, 2575425.0391566264, 0.0], [678590.1596385542, 2575430.03313253, 0.0], [678585.1656626506, 2575435.0271084337, 0.0], [678580.171686747, 2575440.021084337, 0.0], [678575.1777108434, 2575445.015060241, 0.0], [678570.1837349398, 2575450.0090361442, 0.0], [678565.1897590362, 2575455.003012048, 0.0], [678560.1957831325, 2575459.9969879515, 0.0], [678555.2018072288, 2575464.9909638553, 0.0], [678550.2078313252, 2575469.9849397587, 0.0], [678545.2138554216, 2575474.9789156625, 0.0], [678540.219879518, 2575479.972891566, 0.0], [678535.2259036144, 2575479.972891566, 0.0], [678530.2319277108, 2575479.972891566, 0.0], [678525.2379518072, 2575484.9668674697, 0.0], [678520.2439759036, 2575489.9608433736, 0.0], [678515.25, 2575494.954819277, 0.0], [678510.2560240964, 2575499.948795181, 0.0], [678505.2620481928, 2575504.942771084, 0.0], [678500.2680722892, 2575504.942771084, 0.0], [678495.2740963856, 2575509.936746988, 0.0], [678490.2801204819, 2575514.9307228914, 0.0], [678485.2861445782, 2575519.924698795, 0.0], [678480.2921686746, 2575524.9186746986, 0.0], [678475.298192771, 2575524.9186746986, 0.0], [678470.3042168674, 2575529.9126506024, 0.0], [678465.3102409638, 2575534.906626506, 0.0], [678460.3162650602, 2575539.9006024096, 0.0], [678455.3222891566, 2575539.9006024096, 0.0], [678450.328313253, 2575544.894578313, 0.0], [678445.3343373494, 2575549.888554217, 0.0], [678440.3403614458, 2575554.88253012, 0.0], [678435.3463855422, 2575554.88253012, 0.0], [678430.3524096386, 2575559.876506024, 0.0], [678425.3584337349, 2575559.876506024, 0.0], [678420.3644578313, 2575564.8704819274, 0.0], [678415.3704819276, 2575564.8704819274, 0.0], [678410.376506024, 2575569.8644578313, 0.0], [678405.3825301204, 2575574.8584337346, 0.0], [678400.3885542168, 2575579.8524096385, 0.0], [678395.3945783132, 2575579.8524096385, 0.0], [678390.4006024096, 2575584.846385542, 0.0], [678385.406626506, 2575589.8403614457, 0.0], [678380.4126506024, 2575589.8403614457, 0.0], [678375.4186746988, 2575594.834337349, 0.0], [678370.4246987952, 2575599.828313253, 0.0], [678365.4307228916, 2575599.828313253, 0.0], [678360.436746988, 2575604.8222891563, 0.0], [678355.4427710844, 2575604.8222891563, 0.0], [678350.4487951807, 2575609.81626506, 0.0], [678345.454819277, 2575609.81626506, 0.0], [678340.4608433734, 2575609.81626506, 0.0], [678335.4668674698, 2575614.8102409635, 0.0], [678330.4728915662, 2575614.8102409635, 0.0], [678325.4789156626, 2575619.8042168673, 0.0], [678320.484939759, 2575619.8042168673, 0.0], [678315.4909638554, 2575624.798192771, 0.0], [678310.4969879518, 2575629.7921686745, 0.0], [678305.5030120482, 2575629.7921686745, 0.0], [678300.5090361446, 2575634.7861445784, 0.0], [678295.515060241, 2575634.7861445784, 0.0], [678290.5210843374, 2575639.7801204817, 0.0], [678285.5271084337, 2575639.7801204817, 0.0], [678280.53313253, 2575639.7801204817, 0.0], [678275.5391566264, 2575644.7740963856, 0.0], [678270.5451807228, 2575649.768072289, 0.0], [678265.5512048192, 2575654.762048193, 0.0], [678260.5572289156, 2575659.756024096, 0.0], [678255.563253012, 2575664.75, 0.0], [678250.5692771084, 2575669.7439759034, 0.0], [678245.5753012048, 2575674.737951807, 0.0], [678240.5813253012, 2575674.737951807, 0.0], [678235.5873493976, 2575674.737951807, 0.0], [678230.593373494, 2575679.7319277106, 0.0], [678225.5993975904, 2575684.7259036144, 0.0], [678220.6054216868, 2575684.7259036144, 0.0], [678215.6114457832, 2575684.7259036144, 0.0], [678210.6174698794, 2575689.719879518, 0.0], [678205.6234939758, 2575694.7138554216, 0.0], [678200.6295180722, 2575694.7138554216, 0.0], [678195.6355421686, 2575699.707831325, 0.0], [678190.641566265, 2575704.701807229, 0.0], [678185.6475903614, 2575704.701807229, 0.0], [678180.6536144578, 2575709.695783132, 0.0], [678175.6596385542, 2575714.689759036, 0.0], [678170.6656626506, 2575719.6837349394, 0.0], [678170.6656626506, 2575724.6777108433, 0.0], [678170.6656626506, 2575729.6716867466, 0.0], [678170.6656626506, 2575734.6656626505, 0.0], [678170.6656626506, 2575739.659638554, 0.0], [678165.671686747, 2575744.6536144577, 0.0], [678165.671686747, 2575749.647590361, 0.0], [678160.6777108434, 2575754.641566265, 0.0], [678160.6777108434, 2575759.6355421683, 0.0], [678155.6837349398, 2575764.629518072, 0.0], [678155.6837349398, 2575769.623493976, 0.0], [678155.6837349398, 2575774.6174698793, 0.0], [678150.6897590362, 2575779.611445783, 0.0], [678150.6897590362, 2575784.6054216865, 0.0], [678150.6897590362, 2575789.5993975904, 0.0], [678145.6957831325, 2575794.5933734938, 0.0], [678145.6957831325, 2575799.5873493976, 0.0], [678140.7018072288, 2575804.581325301, 0.0], [678140.7018072288, 2575809.575301205, 0.0], [678140.7018072288, 2575814.569277108, 0.0], [678140.7018072288, 2575819.563253012, 0.0], [678140.7018072288, 2575824.5572289154, 0.0], [678135.7078313252, 2575829.551204819, 0.0], [678135.7078313252, 2575834.5451807226, 0.0], [678130.7138554216, 2575839.5391566264, 0.0], [678130.7138554216, 2575844.53313253, 0.0], [678130.7138554216, 2575849.5271084337, 0.0], [678130.7138554216, 2575854.521084337, 0.0], [678130.7138554216, 2575859.515060241, 0.0], [678130.7138554216, 2575864.5090361442, 0.0], [678130.7138554216, 2575869.503012048, 0.0], [678125.719879518, 2575874.4969879515, 0.0], [678125.719879518, 2575879.4909638553, 0.0], [678130.7138554216, 2575879.4909638553, 0.0], [678135.7078313252, 2575884.4849397587, 0.0], [678140.7018072288, 2575889.4789156625, 0.0], [678140.7018072288, 2575894.472891566, 0.0], [678135.7078313252, 2575899.4668674697, 0.0], [678130.7138554216, 2575904.4608433736, 0.0], [678130.7138554216, 2575909.454819277, 0.0], [678130.7138554216, 2575914.448795181, 0.0], [678130.7138554216, 2575919.442771084, 0.0], [678130.7138554216, 2575924.436746988, 0.0], [678130.7138554216, 2575929.4307228914, 0.0], [678130.7138554216, 2575934.424698795, 0.0], [678130.7138554216, 2575939.4186746986, 0.0], [678130.7138554216, 2575944.4126506024, 0.0], [678130.7138554216, 2575949.406626506, 0.0], [678130.7138554216, 2575954.4006024096, 0.0], [678130.7138554216, 2575959.394578313, 0.0], [678135.7078313252, 2575964.388554217, 0.0], [678135.7078313252, 2575969.38253012, 0.0], [678135.7078313252, 2575974.376506024, 0.0], [678140.7018072288, 2575979.3704819274, 0.0], [678140.7018072288, 2575984.3644578313, 0.0], [678145.6957831325, 2575989.3584337346, 0.0], [678145.6957831325, 2575994.3524096385, 0.0], [678150.6897590362, 2575999.346385542, 0.0], [678150.6897590362, 2576004.3403614457, 0.0], [678150.6897590362, 2576009.334337349, 0.0], [678150.6897590362, 2576014.328313253, 0.0], [678155.6837349398, 2576014.328313253, 0.0], [678160.6777108434, 2576019.3222891563, 0.0], [678165.671686747, 2576024.31626506, 0.0], [678170.6656626506, 2576029.3102409635, 0.0], [678170.6656626506, 2576034.3042168673, 0.0], [678170.6656626506, 2576039.298192771, 0.0], [678175.6596385542, 2576044.2921686745, 0.0], [678175.6596385542, 2576049.2861445784, 0.0], [678175.6596385542, 2576054.2801204817, 0.0], [678180.6536144578, 2576054.2801204817, 0.0], [678180.6536144578, 2576059.2740963856, 0.0], [678185.6475903614, 2576064.268072289, 0.0], [678190.641566265, 2576069.262048193, 0.0], [678190.641566265, 2576074.256024096, 0.0], [678190.641566265, 2576079.25, 0.0], [678190.641566265, 2576084.2439759034, 0.0], [678195.6355421686, 2576089.237951807, 0.0], [678195.6355421686, 2576094.2319277106, 0.0], [678195.6355421686, 2576099.2259036144, 0.0], [678195.6355421686, 2576104.219879518, 0.0], [678200.6295180722, 2576109.2138554216, 0.0], [678200.6295180722, 2576114.207831325, 0.0], [678205.6234939758, 2576119.201807229, 0.0], [678205.6234939758, 2576124.195783132, 0.0], [678205.6234939758, 2576129.189759036, 0.0], [678205.6234939758, 2576134.1837349394, 0.0], [678205.6234939758, 2576139.1777108433, 0.0], [678200.6295180722, 2576144.1716867466, 0.0], [678195.6355421686, 2576144.1716867466, 0.0], [678190.641566265, 2576149.1656626505, 0.0], [678185.6475903614, 2576149.1656626505, 0.0], [678180.6536144578, 2576154.159638554, 0.0], [678175.6596385542, 2576159.1536144577, 0.0], [678170.6656626506, 2576159.1536144577, 0.0], [678165.671686747, 2576159.1536144577, 0.0], [678160.6777108434, 2576164.147590361, 0.0], [678155.6837349398, 2576164.147590361, 0.0], [678150.6897590362, 2576164.147590361, 0.0], [678145.6957831325, 2576169.141566265, 0.0], [678140.7018072288, 2576169.141566265, 0.0], [678135.7078313252, 2576169.141566265, 0.0], [678130.7138554216, 2576169.141566265, 0.0], [678125.719879518, 2576174.1355421683, 0.0], [678120.7259036144, 2576174.1355421683, 0.0], [678115.7319277108, 2576174.1355421683, 0.0], [678110.7379518072, 2576179.129518072, 0.0], [678105.7439759036, 2576179.129518072, 0.0], [678100.75, 2576184.123493976, 0.0], [678095.7560240964, 2576184.123493976, 0.0], [678090.7620481928, 2576184.123493976, 0.0], [678085.7680722892, 2576189.1174698793, 0.0], [678080.7740963856, 2576194.111445783, 0.0], [678075.7801204819, 2576194.111445783, 0.0], [678070.7861445782, 2576194.111445783, 0.0], [678065.7921686746, 2576199.1054216865, 0.0], [678060.798192771, 2576199.1054216865, 0.0], [678055.8042168674, 2576204.0993975904, 0.0], [678050.8102409638, 2576204.0993975904, 0.0], [678045.8162650602, 2576209.0933734938, 0.0], [678040.8222891566, 2576209.0933734938, 0.0], [678035.828313253, 2576209.0933734938, 0.0], [678030.8343373494, 2576214.0873493976, 0.0], [678025.8403614458, 2576219.081325301, 0.0], [678020.8463855422, 2576224.075301205, 0.0], [678015.8524096386, 2576224.075301205, 0.0], [678010.8584337349, 2576229.069277108, 0.0], [678005.8644578313, 2576229.069277108, 0.0], [678000.8704819276, 2576224.075301205, 0.0], [677995.876506024, 2576219.081325301, 0.0], [677990.8825301204, 2576219.081325301, 0.0], [677985.8885542168, 2576219.081325301, 0.0], [677980.8945783132, 2576219.081325301, 0.0], [677975.9006024096, 2576219.081325301, 0.0], [677970.906626506, 2576219.081325301, 0.0], [677965.9126506024, 2576219.081325301, 0.0], [677960.9186746988, 2576219.081325301, 0.0], [677955.9246987952, 2576219.081325301, 0.0], [677950.9307228916, 2576219.081325301, 0.0], [677945.936746988, 2576224.075301205, 0.0], [677945.936746988, 2576229.069277108, 0.0], [677940.9427710844, 2576234.063253012, 0.0], [677935.9487951807, 2576234.063253012, 0.0], [677930.954819277, 2576234.063253012, 0.0], [677925.9608433734, 2576234.063253012, 0.0], [677925.9608433734, 2576229.069277108, 0.0], [677920.9668674698, 2576224.075301205, 0.0], [677915.9728915662, 2576219.081325301, 0.0], [677910.9789156626, 2576219.081325301, 0.0], [677905.984939759, 2576224.075301205, 0.0], [677900.9909638554, 2576224.075301205, 0.0], [677895.9969879518, 2576229.069277108, 0.0], [677891.0030120482, 2576229.069277108, 0.0], [677886.0090361446, 2576234.063253012, 0.0], [677881.015060241, 2576234.063253012, 0.0], [677876.0210843374, 2576234.063253012, 0.0], [677871.0271084337, 2576234.063253012, 0.0], [677866.03313253, 2576234.063253012, 0.0], [677861.0391566264, 2576239.0572289154, 0.0], [677856.0451807228, 2576244.051204819, 0.0], [677851.0512048192, 2576249.0451807226, 0.0], [677846.0572289156, 2576249.0451807226, 0.0], [677841.063253012, 2576249.0451807226, 0.0], [677836.0692771084, 2576254.0391566264, 0.0], [677831.0753012048, 2576254.0391566264, 0.0], [677826.0813253012, 2576259.03313253, 0.0], [677821.0873493976, 2576264.0271084337, 0.0], [677816.093373494, 2576269.021084337, 0.0], [677811.0993975904, 2576274.015060241, 0.0], [677806.1054216868, 2576279.0090361442, 0.0], [677801.1114457832, 2576284.003012048, 0.0], [677796.1174698794, 2576288.9969879515, 0.0], [677791.1234939758, 2576293.9909638553, 0.0], [677786.1295180722, 2576293.9909638553, 0.0], [677781.1355421686, 2576293.9909638553, 0.0], [677776.141566265, 2576293.9909638553, 0.0], [677771.1475903614, 2576293.9909638553, 0.0], [677766.1536144578, 2576293.9909638553, 0.0], [677761.1596385542, 2576298.9849397587, 0.0], [677756.1656626506, 2576298.9849397587, 0.0], [677751.171686747, 2576298.9849397587, 0.0], [677746.1777108434, 2576303.9789156625, 0.0], [677741.1837349398, 2576303.9789156625, 0.0], [677736.1897590362, 2576303.9789156625, 0.0], [677731.1957831325, 2576308.972891566, 0.0], [677726.2018072288, 2576313.9668674697, 0.0], [677721.2078313252, 2576313.9668674697, 0.0], [677716.2138554216, 2576313.9668674697, 0.0], [677711.219879518, 2576313.9668674697, 0.0], [677706.2259036144, 2576313.9668674697, 0.0], [677701.2319277108, 2576318.9608433736, 0.0], [677696.2379518072, 2576318.9608433736, 0.0], [677691.2439759036, 2576318.9608433736, 0.0], [677686.25, 2576318.9608433736, 0.0], [677681.2560240964, 2576323.954819277, 0.0], [677676.2620481928, 2576328.948795181, 0.0], [677671.2680722892, 2576328.948795181, 0.0], [677666.2740963856, 2576333.942771084, 0.0], [677661.2801204819, 2576333.942771084, 0.0], [677656.2861445782, 2576333.942771084, 0.0], [677651.2921686746, 2576338.936746988, 0.0], [677646.298192771, 2576338.936746988, 0.0], [677641.3042168674, 2576343.9307228914, 0.0], [677636.3102409638, 2576343.9307228914, 0.0], [677631.3162650602, 2576343.9307228914, 0.0], [677626.3222891566, 2576348.924698795, 0.0], [677621.328313253, 2576353.9186746986, 0.0], [677616.3343373494, 2576353.9186746986, 0.0], [677611.3403614458, 2576353.9186746986, 0.0], [677606.3463855422, 2576358.9126506024, 0.0], [677601.3524096386, 2576358.9126506024, 0.0], [677596.3584337349, 2576363.906626506, 0.0], [677591.3644578313, 2576368.9006024096, 0.0], [677586.3704819276, 2576373.894578313, 0.0], [677581.376506024, 2576378.888554217, 0.0], [677576.3825301204, 2576383.88253012, 0.0], [677571.3885542168, 2576388.876506024, 0.0], [677566.3945783132, 2576393.8704819274, 0.0], [677561.4006024096, 2576398.8644578313, 0.0], [677556.406626506, 2576398.8644578313, 0.0], [677551.4126506024, 2576403.8584337346, 0.0], [677546.4186746988, 2576403.8584337346, 0.0], [677541.4246987952, 2576408.8524096385, 0.0], [677536.4307228916, 2576408.8524096385, 0.0], [677531.436746988, 2576408.8524096385, 0.0], [677526.4427710844, 2576408.8524096385, 0.0], [677521.4487951807, 2576413.846385542, 0.0], [677516.454819277, 2576413.846385542, 0.0], [677511.4608433734, 2576418.8403614457, 0.0], [677506.4668674698, 2576418.8403614457, 0.0], [677501.4728915662, 2576423.834337349, 0.0], [677496.4789156626, 2576423.834337349, 0.0], [677491.484939759, 2576423.834337349, 0.0], [677486.4909638554, 2576423.834337349, 0.0], [677481.4969879518, 2576428.828313253, 0.0], [677476.5030120482, 2576428.828313253, 0.0], [677471.5090361446, 2576428.828313253, 0.0], [677466.515060241, 2576428.828313253, 0.0], [677461.5210843374, 2576428.828313253, 0.0], [677456.5271084337, 2576433.8222891563, 0.0], [677451.53313253, 2576433.8222891563, 0.0], [677446.5391566264, 2576433.8222891563, 0.0], [677441.5451807228, 2576433.8222891563, 0.0], [677436.5512048192, 2576438.81626506, 0.0], [677431.5572289156, 2576438.81626506, 0.0], [677426.563253012, 2576443.8102409635, 0.0], [677421.5692771084, 2576443.8102409635, 0.0], [677416.5753012048, 2576448.8042168673, 0.0], [677411.5813253012, 2576453.798192771, 0.0], [677411.5813253012, 2576458.7921686745, 0.0], [677411.5813253012, 2576463.7861445784, 0.0], [677411.5813253012, 2576468.7801204817, 0.0], [677411.5813253012, 2576473.7740963856, 0.0], [677411.5813253012, 2576478.768072289, 0.0], [677406.5873493976, 2576483.762048193, 0.0], [677406.5873493976, 2576488.756024096, 0.0], [677406.5873493976, 2576493.75, 0.0], [677406.5873493976, 2576498.7439759034, 0.0], [677401.593373494, 2576503.737951807, 0.0], [677401.593373494, 2576508.7319277106, 0.0], [677401.593373494, 2576513.7259036144, 0.0], [677396.5993975904, 2576518.719879518, 0.0], [677391.6054216868, 2576523.7138554216, 0.0], [677386.6114457832, 2576528.707831325, 0.0], [677386.6114457832, 2576533.701807229, 0.0], [677386.6114457832, 2576538.695783132, 0.0], [677386.6114457832, 2576543.689759036, 0.0], [677381.6174698794, 2576548.6837349394, 0.0], [677376.6234939758, 2576553.6777108433, 0.0], [677376.6234939758, 2576558.6716867466, 0.0], [677376.6234939758, 2576563.6656626505, 0.0], [677381.6174698794, 2576568.659638554, 0.0], [677381.6174698794, 2576573.6536144577, 0.0], [677381.6174698794, 2576578.647590361, 0.0], [677386.6114457832, 2576578.647590361, 0.0], [677391.6054216868, 2576583.641566265, 0.0], [677396.5993975904, 2576588.6355421683, 0.0], [677396.5993975904, 2576593.629518072, 0.0], [677396.5993975904, 2576598.623493976, 0.0], [677391.6054216868, 2576603.6174698793, 0.0], [677391.6054216868, 2576608.611445783, 0.0], [677396.5993975904, 2576613.6054216865, 0.0], [677401.593373494, 2576618.5993975904, 0.0], [677406.5873493976, 2576623.5933734938, 0.0], [677406.5873493976, 2576628.5873493976, 0.0], [677411.5813253012, 2576633.581325301, 0.0], [677411.5813253012, 2576638.575301205, 0.0], [677411.5813253012, 2576643.569277108, 0.0], [677411.5813253012, 2576648.563253012, 0.0], [677411.5813253012, 2576653.5572289154, 0.0], [677406.5873493976, 2576658.551204819, 0.0], [677406.5873493976, 2576663.5451807226, 0.0], [677406.5873493976, 2576668.5391566264, 0.0], [677406.5873493976, 2576673.53313253, 0.0], [677406.5873493976, 2576678.5271084337, 0.0], [677406.5873493976, 2576683.521084337, 0.0], [677406.5873493976, 2576688.515060241, 0.0], [677411.5813253012, 2576693.5090361442, 0.0], [677411.5813253012, 2576698.503012048, 0.0], [677411.5813253012, 2576703.4969879515, 0.0], [677411.5813253012, 2576708.4909638553, 0.0], [677411.5813253012, 2576713.4849397587, 0.0], [677406.5873493976, 2576718.4789156625, 0.0], [677401.593373494, 2576723.472891566, 0.0], [677401.593373494, 2576728.4668674697, 0.0], [677401.593373494, 2576733.4608433736, 0.0], [677401.593373494, 2576738.454819277, 0.0], [677396.5993975904, 2576743.448795181, 0.0], [677396.5993975904, 2576748.442771084, 0.0], [677396.5993975904, 2576753.436746988, 0.0], [677396.5993975904, 2576758.4307228914, 0.0], [677391.6054216868, 2576763.424698795, 0.0], [677391.6054216868, 2576768.4186746986, 0.0], [677391.6054216868, 2576773.4126506024, 0.0], [677391.6054216868, 2576778.406626506, 0.0], [677386.6114457832, 2576783.4006024096, 0.0], [677386.6114457832, 2576788.394578313, 0.0], [677386.6114457832, 2576793.388554217, 0.0], [677386.6114457832, 2576798.38253012, 0.0], [677391.6054216868, 2576803.376506024, 0.0], [677391.6054216868, 2576808.3704819274, 0.0], [677386.6114457832, 2576808.3704819274, 0.0], [677386.6114457832, 2576813.3644578313, 0.0], [677381.6174698794, 2576818.3584337346, 0.0], [677381.6174698794, 2576823.3524096385, 0.0], [677376.6234939758, 2576828.346385542, 0.0], [677371.6295180722, 2576833.3403614457, 0.0], [677371.6295180722, 2576838.334337349, 0.0], [677371.6295180722, 2576843.328313253, 0.0], [677371.6295180722, 2576848.3222891563, 0.0], [677366.6355421686, 2576853.31626506, 0.0], [677361.641566265, 2576858.3102409635, 0.0], [677356.6475903614, 2576863.3042168673, 0.0], [677351.6536144578, 2576868.298192771, 0.0], [677346.6596385542, 2576873.2921686745, 0.0], [677341.6656626506, 2576878.2861445784, 0.0], [677336.671686747, 2576883.2801204817, 0.0], [677331.6777108434, 2576888.2740963856, 0.0], [677326.6837349398, 2576893.268072289, 0.0], [677321.6897590362, 2576898.262048193, 0.0], [677316.6957831325, 2576903.256024096, 0.0], [677311.7018072288, 2576908.25, 0.0], [677306.7078313252, 2576908.25, 0.0], [677301.7138554216, 2576913.2439759034, 0.0], [677301.7138554216, 2576918.237951807, 0.0], [677296.719879518, 2576923.2319277106, 0.0], [677291.7259036144, 2576928.2259036144, 0.0], [677291.7259036144, 2576933.219879518, 0.0], [677286.7319277108, 2576938.2138554216, 0.0], [677281.7379518072, 2576943.207831325, 0.0], [677276.7439759036, 2576943.207831325, 0.0], [677271.75, 2576938.2138554216, 0.0], [677266.7560240964, 2576938.2138554216, 0.0], [677261.7620481928, 2576938.2138554216, 0.0], [677256.7680722892, 2576938.2138554216, 0.0], [677251.7740963856, 2576943.207831325, 0.0], [677246.7801204819, 2576948.201807229, 0.0], [677241.7861445782, 2576953.195783132, 0.0], [677236.7921686746, 2576958.189759036, 0.0], [677231.798192771, 2576963.1837349394, 0.0], [677226.8042168674, 2576968.1777108433, 0.0], [677221.8102409638, 2576973.1716867466, 0.0], [677216.8162650602, 2576978.1656626505, 0.0], [677211.8222891566, 2576983.159638554, 0.0], [677206.828313253, 2576988.1536144577, 0.0], [677201.8343373494, 2576988.1536144577, 0.0], [677196.8403614458, 2576993.147590361, 0.0], [677191.8463855422, 2576998.141566265, 0.0], [677186.8524096386, 2576998.141566265, 0.0], [677181.8584337349, 2576998.141566265, 0.0], [677176.8644578313, 2576998.141566265, 0.0], [677171.8704819276, 2576998.141566265, 0.0], [677166.876506024, 2577003.1355421683, 0.0], [677161.8825301204, 2577008.129518072, 0.0], [677156.8885542168, 2577013.123493976, 0.0], [677151.8945783132, 2577018.1174698793, 0.0], [677146.9006024096, 2577018.1174698793, 0.0], [677146.9006024096, 2577023.111445783, 0.0], [677141.906626506, 2577028.1054216865, 0.0], [677136.9126506024, 2577028.1054216865, 0.0], [677131.9186746988, 2577033.0993975904, 0.0], [677126.9246987952, 2577038.0933734938, 0.0], [677121.9307228916, 2577038.0933734938, 0.0], [677121.9307228916, 2577043.0873493976, 0.0], [677116.936746988, 2577048.081325301, 0.0], [677111.9427710844, 2577053.075301205, 0.0], [677106.9487951807, 2577058.069277108, 0.0], [677101.954819277, 2577058.069277108, 0.0], [677096.9608433734, 2577063.063253012, 0.0]]}}, {"type": "Feature", "properties": {"name": "S2", "length": 4068.5446039664766}, "geometry": {"type": "LineString", "coordinates": [[665076.4608433734, 2568962.834337349, 0.0], [665071.4668674698, 2568962.834337349, 0.0], [665066.4728915662, 2568957.8403614457, 0.0], [665061.4789156626, 2568952.846385542, 0.0], [665056.484939759, 2568952.846385542, 0.0], [665051.4909638554, 2568952.846385542, 0.0], [665046.4969879518, 2568947.8524096385, 0.0], [665041.5030120482, 2568942.8584337346, 0.0], [665036.5090361446, 2568942.8584337346, 0.0], [665031.5150602409, 2568937.8644578313, 0.0], [665026.5210843373, 2568932.8704819274, 0.0], [665021.5271084337, 2568927.876506024, 0.0], [665016.53313253, 2568922.88253012, 0.0], [665011.5391566264, 2568917.888554217, 0.0], [665006.5451807228, 2568912.894578313, 0.0], [665006.5451807228, 2568907.9006024096, 0.0], [665001.5512048192, 2568907.9006024096, 0.0], [664996.5572289156, 2568907.9006024096, 0.0], [664991.563253012, 2568907.9006024096, 0.0], [664986.5692771084, 2568902.906626506, 0.0], [664981.5753012048, 2568897.9126506024, 0.0], [664976.5813253012, 2568892.9186746986, 0.0], [664971.5873493976, 2568887.924698795, 0.0], [664966.593373494, 2568882.9307228914, 0.0], [664966.593373494, 2568877.936746988, 0.0], [664961.5993975903, 2568872.942771084, 0.0], [664956.6054216867, 2568867.9487951803, 0.0], [664951.611445783, 2568862.954819277, 0.0], [664946.6174698794, 2568857.960843373, 0.0], [664941.6234939758, 2568852.9668674697, 0.0], [664936.6295180722, 2568852.9668674697, 0.0], [664931.6355421686, 2568847.972891566, 0.0], [664926.641566265, 2568842.9789156625, 0.0], [664921.6475903614, 2568837.9849397587, 0.0], [664916.6536144578, 2568832.9909638553, 0.0], [664911.6596385542, 2568827.9969879515, 0.0], [664906.6656626506, 2568827.9969879515, 0.0], [664901.671686747, 2568823.003012048, 0.0], [664896.6777108434, 2568818.0090361442, 0.0], [664891.6837349397, 2568813.015060241, 0.0], [664886.6897590361, 2568813.015060241, 0.0], [664881.6957831325, 2568808.021084337, 0.0], [664876.7018072288, 2568803.0271084337, 0.0], [664871.7078313252, 2568803.0271084337, 0.0], [664866.7138554216, 2568798.03313253, 0.0], [664861.719879518, 2568793.0391566264, 0.0], [664856.7259036144, 2568793.0391566264, 0.0], [664851.7319277108, 2568788.0451807226, 0.0], [664846.7379518072, 2568788.0451807226, 0.0], [664841.7439759036, 2568783.051204819, 0.0], [664836.75, 2568783.051204819, 0.0], [664831.7560240964, 2568778.0572289154, 0.0], [664826.7620481928, 2568778.0572289154, 0.0], [664821.7680722891, 2568778.0572289154, 0.0], [664816.7740963855, 2568778.0572289154, 0.0], [664811.7801204819, 2568778.0572289154, 0.0], [664806.7861445782, 2568778.0572289154, 0.0], [664801.7921686746, 2568783.051204819, 0.0], [664796.798192771, 2568783.051204819, 0.0], [664791.8042168674, 2568778.0572289154, 0.0], [664786.8102409638, 2568778.0572289154, 0.0], [664781.8162650602, 2568778.0572289154, 0.0], [664776.8222891566, 2568773.063253012, 0.0], [664771.828313253, 2568773.063253012, 0.0], [664766.8343373494, 2568768.069277108, 0.0], [664761.8403614458, 2568768.069277108, 0.0], [664756.8463855421, 2568763.075301205, 0.0], [664751.8524096385, 2568763.075301205, 0.0], [664746.8584337349, 2568758.081325301, 0.0], [664741.8644578313, 2568753.0873493976, 0.0], [664736.8704819276, 2568748.0933734938, 0.0], [664731.876506024, 2568748.0933734938, 0.0], [664726.8825301204, 2568743.0993975904, 0.0], [664721.8885542168, 2568743.0993975904, 0.0], [664716.8945783132, 2568738.1054216865, 0.0], [664716.8945783132, 2568733.111445783, 0.0], [664711.9006024096, 2568728.1174698793, 0.0], [664706.906626506, 2568728.1174698793, 0.0], [664701.9126506024, 2568723.1234939755, 0.0], [664696.9186746988, 2568723.1234939755, 0.0], [664696.9186746988, 2568718.129518072, 0.0], [664691.9246987952, 2568713.1355421683, 0.0], [664691.9246987952, 2568708.141566265, 0.0], [664686.9307228916, 2568703.147590361, 0.0], [664681.9367469879, 2568698.1536144577, 0.0], [664676.9427710843, 2568693.159638554, 0.0], [664676.9427710843, 2568688.1656626505, 0.0], [664671.9487951807, 2568683.1716867466, 0.0], [664666.954819277, 2568678.1777108433, 0.0], [664666.954819277, 2568673.1837349394, 0.0], [664661.9608433734, 2568668.189759036, 0.0], [664656.9668674698, 2568663.195783132, 0.0], [664656.9668674698, 2568658.201807229, 0.0], [664651.9728915662, 2568653.207831325, 0.0], [664646.9789156626, 2568648.2138554216, 0.0], [664641.984939759, 2568643.219879518, 0.0], [664636.9909638554, 2568638.2259036144, 0.0], [664631.9969879518, 2568633.2319277106, 0.0], [664627.0030120482, 2568628.237951807, 0.0], [664622.0090361446, 2568623.2439759034, 0.0], [664617.0150602409, 2568618.25, 0.0], [664612.0210843373, 2568613.256024096, 0.0], [664607.0271084337, 2568613.256024096, 0.0], [664602.03313253, 2568613.256024096, 0.0], [664597.0391566264, 2568613.256024096, 0.0], [664592.0451807228, 2568608.262048193, 0.0], [664587.0512048192, 2568603.268072289, 0.0], [664582.0572289156, 2568603.268072289, 0.0], [664577.063253012, 2568603.268072289, 0.0], [664572.0692771084, 2568603.268072289, 0.0], [664567.0753012048, 2568603.268072289, 0.0], [664562.0813253012, 2568603.268072289, 0.0], [664557.0873493976, 2568598.2740963856, 0.0], [664552.093373494, 2568593.2801204817, 0.0], [664547.0993975903, 2568588.286144578, 0.0], [664542.1054216867, 2568583.2921686745, 0.0], [664537.111445783, 2568578.2981927707, 0.0], [664532.1174698794, 2568578.2981927707, 0.0], [664527.1234939758, 2568578.2981927707, 0.0], [664522.1295180722, 2568573.3042168673, 0.0], [664517.1355421686, 2568573.3042168673, 0.0], [664512.141566265, 2568568.3102409635, 0.0], [664507.1475903614, 2568563.31626506, 0.0], [664502.1536144578, 2568558.3222891563, 0.0], [664497.1596385542, 2568558.3222891563, 0.0], [664492.1656626506, 2568558.3222891563, 0.0], [664487.171686747, 2568553.328313253, 0.0], [664482.1777108434, 2568553.328313253, 0.0], [664477.1837349397, 2568548.334337349, 0.0], [664472.1897590361, 2568548.334337349, 0.0], [664467.1957831325, 2568548.334337349, 0.0], [664462.2018072288, 2568543.3403614457, 0.0], [664457.2078313252, 2568543.3403614457, 0.0], [664452.2138554216, 2568538.346385542, 0.0], [664447.219879518, 2568538.346385542, 0.0], [664442.2259036144, 2568538.346385542, 0.0], [664437.2319277108, 2568538.346385542, 0.0], [664432.2379518072, 2568533.3524096385, 0.0], [664427.2439759036, 2568533.3524096385, 0.0], [664422.25, 2568528.3584337346, 0.0], [664417.2560240964, 2568523.3644578313, 0.0], [664412.2620481928, 2568523.3644578313, 0.0], [664407.2680722891, 2568523.3644578313, 0.0], [664402.2740963855, 2568518.3704819274, 0.0], [664397.2801204819, 2568518.3704819274, 0.0], [664392.2861445782, 2568513.376506024, 0.0], [664387.2921686746, 2568513.376506024, 0.0], [664382.298192771, 2568508.38253012, 0.0], [664377.3042168674, 2568508.38253012, 0.0], [664372.3102409638, 2568503.388554217, 0.0], [664367.3162650602, 2568498.394578313, 0.0], [664362.3222891566, 2568493.4006024096, 0.0], [664357.328313253, 2568493.4006024096, 0.0], [664352.3343373494, 2568488.406626506, 0.0], [664347.3403614458, 2568488.406626506, 0.0], [664342.3463855421, 2568483.4126506024, 0.0], [664337.3524096385, 2568483.4126506024, 0.0], [664332.3584337349, 2568483.4126506024, 0.0], [664327.3644578313, 2568478.4186746986, 0.0], [664322.3704819276, 2568478.4186746986, 0.0], [664317.376506024, 2568473.424698795, 0.0], [664312.3825301204, 2568468.4307228914, 0.0], [664307.3885542168, 2568463.436746988, 0.0], [664302.3945783132, 2568463.436746988, 0.0], [664297.4006024096, 2568463.436746988, 0.0], [664292.406626506, 2568463.436746988, 0.0], [664287.4126506024, 2568458.442771084, 0.0], [664282.4186746988, 2568458.442771084, 0.0], [664277.4246987952, 2568453.4487951803, 0.0], [664272.4307228915, 2568448.454819277, 0.0], [664267.4367469879, 2568448.454819277, 0.0], [664262.4427710843, 2568448.454819277, 0.0], [664257.4487951807, 2568443.460843373, 0.0], [664252.454819277, 2568443.460843373, 0.0], [664247.4608433734, 2568438.4668674697, 0.0], [664242.4668674698, 2568438.4668674697, 0.0], [664237.4728915662, 2568438.4668674697, 0.0], [664232.4789156626, 2568438.4668674697, 0.0], [664227.484939759, 2568433.472891566, 0.0], [664222.4909638554, 2568428.4789156625, 0.0], [664217.4969879518, 2568423.4849397587, 0.0], [664212.5030120482, 2568423.4849397587, 0.0], [664207.5090361446, 2568418.4909638553, 0.0], [664202.5150602409, 2568418.4909638553, 0.0], [664197.5210843373, 2568418.4909638553, 0.0], [664192.5271084337, 2568413.4969879515, 0.0], [664187.53313253, 2568408.503012048, 0.0], [664182.5391566264, 2568403.5090361442, 0.0], [664177.5451807228, 2568398.515060241, 0.0], [664172.5512048192, 2568398.515060241, 0.0], [664167.5572289156, 2568393.521084337, 0.0], [664162.563253012, 2568388.5271084337, 0.0], [664157.5692771084, 2568388.5271084337, 0.0], [664152.5753012048, 2568383.53313253, 0.0], [664147.5813253012, 2568383.53313253, 0.0], [664142.5873493976, 2568378.5391566264, 0.0], [664137.593373494, 2568378.5391566264, 0.0], [664132.5993975903, 2568373.5451807226, 0.0], [664127.6054216867, 2568368.551204819, 0.0], [664122.611445783, 2568363.5572289154, 0.0], [664117.6174698794, 2568363.5572289154, 0.0], [664112.6234939758, 2568363.5572289154, 0.0], [664107.6295180722, 2568358.563253012, 0.0], [664102.6355421686, 2568358.563253012, 0.0], [664097.641566265, 2568353.569277108, 0.0], [664092.6475903614, 2568348.575301205, 0.0], [664087.6536144578, 2568343.581325301, 0.0], [664087.6536144578, 2568338.5873493976, 0.0], [664082.6596385542, 2568333.5933734938, 0.0], [664082.6596385542, 2568328.5993975904, 0.0], [664077.6656626506, 2568328.5993975904, 0.0], [664072.671686747, 2568323.6054216865, 0.0], [664067.6777108434, 2568318.6114457827, 0.0], [664062.6837349397, 2568318.6114457827, 0.0], [664057.6897590361, 2568313.6174698793, 0.0], [664052.6957831325, 2568313.6174698793, 0.0], [664047.7018072288, 2568308.6234939755, 0.0], [664042.7078313252, 2568308.6234939755, 0.0], [664037.7138554216, 2568308.6234939755, 0.0], [664032.719879518, 2568303.629518072, 0.0], [664027.7259036144, 2568298.6355421683, 0.0], [664022.7319277108, 2568298.6355421683, 0.0], [664017.7379518072, 2568298.6355421683, 0.0], [664012.7439759036, 2568293.641566265, 0.0], [664007.75, 2568293.641566265, 0.0], [664002.7560240964, 2568293.641566265, 0.0], [663997.7620481928, 2568293.641566265, 0.0], [663992.7680722891, 2568293.641566265, 0.0], [663987.7740963855, 2568288.647590361, 0.0], [663982.7801204819, 2568288.647590361, 0.0], [663977.7861445782, 2568288.647590361, 0.0], [663972.7921686746, 2568288.647590361, 0.0], [663967.798192771, 2568288.647590361, 0.0], [663962.8042168674, 2568293.641566265, 0.0], [663957.8102409638, 2568293.641566265, 0.0], [663952.8162650602, 2568293.641566265, 0.0], [663947.8222891566, 2568298.6355421683, 0.0], [663942.828313253, 2568303.629518072, 0.0], [663937.8343373494, 2568303.629518072, 0.0], [663932.8403614458, 2568308.6234939755, 0.0], [663927.8463855421, 2568313.6174698793, 0.0], [663922.8524096385, 2568313.6174698793, 0.0], [663917.8584337349, 2568318.6114457827, 0.0], [663912.8644578313, 2568323.6054216865, 0.0], [663907.8704819276, 2568323.6054216865, 0.0], [663902.876506024, 2568328.5993975904, 0.0], [663897.8825301204, 2568333.5933734938, 0.0], [663892.8885542168, 2568338.5873493976, 0.0], [663887.8945783132, 2568343.581325301, 0.0], [663882.9006024096, 2568343.581325301, 0.0], [663877.906626506, 2568343.581325301, 0.0], [663872.9126506024, 2568348.575301205, 0.0], [663867.9186746988, 2568348.575301205, 0.0], [663862.9246987952, 2568348.575301205, 0.0], [663857.9307228915, 2568348.575301205, 0.0], [663852.9367469879, 2568348.575301205, 0.0], [663847.9427710843, 2568343.581325301, 0.0], [663842.9487951807, 2568343.581325301, 0.0], [663837.954819277, 2568338.5873493976, 0.0], [663832.9608433734, 2568338.5873493976, 0.0], [663827.9668674698, 2568333.5933734938, 0.0], [663822.9728915662, 2568333.5933734938, 0.0], [663817.9789156626, 2568328.5993975904, 0.0], [663812.984939759, 2568323.6054216865, 0.0], [663807.9909638554, 2568318.6114457827, 0.0], [663802.9969879518, 2568313.6174698793, 0.0], [663798.0030120482, 2568308.6234939755, 0.0], [663793.0090361446, 2568303.629518072, 0.0], [663788.0150602409, 2568298.6355421683, 0.0], [663783.0210843373, 2568293.641566265, 0.0], [663778.0271084337, 2568288.647590361, 0.0], [663773.03313253, 2568283.6536144577, 0.0], [663773.03313253, 2568278.659638554, 0.0], [663768.0391566264, 2568273.6656626505, 0.0], [663763.0451807228, 2568268.6716867466, 0.0], [663763.0451807228, 2568263.6777108433, 0.0], [663763.0451807228, 2568258.6837349394, 0.0], [663758.0512048192, 2568253.689759036, 0.0], [663758.0512048192, 2568248.695783132, 0.0], [663753.0572289156, 2568243.701807229, 0.0], [663753.0572289156, 2568238.707831325, 0.0], [663753.0572289156, 2568233.7138554216, 0.0], [663748.063253012, 2568228.719879518, 0.0], [663743.0692771084, 2568223.7259036144, 0.0], [663743.0692771084, 2568218.7319277106, 0.0], [663743.0692771084, 2568213.737951807, 0.0], [663738.0753012048, 2568208.7439759034, 0.0], [663738.0753012048, 2568203.75, 0.0], [663733.0813253012, 2568198.756024096, 0.0], [663728.0873493976, 2568193.762048193, 0.0], [663728.0873493976, 2568188.768072289, 0.0], [663723.093373494, 2568183.7740963856, 0.0], [663723.093373494, 2568178.7801204817, 0.0], [663718.0993975903, 2568173.786144578, 0.0], [663713.1054216867, 2568168.7921686745, 0.0], [663708.111445783, 2568163.7981927707, 0.0], [663703.1174698794, 2568158.8042168673, 0.0], [663698.1234939758, 2568153.8102409635, 0.0], [663693.1295180722, 2568148.81626506, 0.0], [663688.1355421686, 2568143.8222891563, 0.0], [663688.1355421686, 2568138.828313253, 0.0], [663683.141566265, 2568133.834337349, 0.0], [663678.1475903614, 2568128.8403614457, 0.0], [663678.1475903614, 2568123.846385542, 0.0], [663673.1536144578, 2568118.8524096385, 0.0], [663673.1536144578, 2568113.8584337346, 0.0], [663668.1596385542, 2568108.8644578313, 0.0], [663663.1656626506, 2568103.8704819274, 0.0], [663658.171686747, 2568098.876506024, 0.0], [663653.1777108433, 2568098.876506024, 0.0], [663648.1837349397, 2568093.88253012, 0.0], [663643.1897590361, 2568088.888554217, 0.0], [663638.1957831325, 2568083.894578313, 0.0], [663633.2018072288, 2568078.9006024096, 0.0], [663628.2078313252, 2568073.906626506, 0.0], [663623.2138554216, 2568068.9126506024, 0.0], [663618.219879518, 2568063.9186746986, 0.0], [663613.2259036144, 2568058.924698795, 0.0], [663608.2319277108, 2568053.9307228914, 0.0], [663608.2319277108, 2568048.936746988, 0.0], [663603.2379518072, 2568043.942771084, 0.0], [663603.2379518072, 2568038.9487951803, 0.0], [663603.2379518072, 2568033.954819277, 0.0], [663603.2379518072, 2568028.960843373, 0.0], [663603.2379518072, 2568023.9668674697, 0.0], [663598.2439759036, 2568018.972891566, 0.0], [663593.25, 2568013.9789156625, 0.0], [663588.2560240964, 2568008.9849397587, 0.0], [663583.2620481928, 2568003.9909638553, 0.0], [663583.2620481928, 2567998.9969879515, 0.0], [663578.2680722891, 2567994.003012048, 0.0], [663578.2680722891, 2567989.0090361442, 0.0], [663578.2680722891, 2567984.015060241, 0.0], [663573.2740963855, 2567979.021084337, 0.0], [663573.2740963855, 2567974.0271084337, 0.0], [663573.2740963855, 2567969.03313253, 0.0], [663573.2740963855, 2567964.0391566264, 0.0], [663573.2740963855, 2567959.0451807226, 0.0], [663573.2740963855, 2567954.051204819, 0.0], [663573.2740963855, 2567949.0572289154, 0.0], [663573.2740963855, 2567944.063253012, 0.0], [663578.2680722891, 2567939.069277108, 0.0], [663578.2680722891, 2567934.075301205, 0.0], [663573.2740963855, 2567929.081325301, 0.0], [663573.2740963855, 2567924.0873493976, 0.0], [663573.2740963855, 2567919.0933734938, 0.0], [663573.2740963855, 2567914.0993975904, 0.0], [663573.2740963855, 2567909.1054216865, 0.0], [663573.2740963855, 2567904.1114457827, 0.0], [663578.2680722891, 2567899.1174698793, 0.0], [663578.2680722891, 2567894.1234939755, 0.0], [663578.2680722891, 2567889.129518072, 0.0], [663578.2680722891, 2567884.1355421683, 0.0], [663583.2620481928, 2567879.141566265, 0.0], [663583.2620481928, 2567874.147590361, 0.0], [663583.2620481928, 2567869.1536144577, 0.0], [663588.2560240964, 2567864.159638554, 0.0], [663588.2560240964, 2567859.1656626505, 0.0], [663588.2560240964, 2567854.1716867466, 0.0], [663588.2560240964, 2567849.1777108433, 0.0], [663593.25, 2567844.1837349394, 0.0], [663593.25, 2567839.189759036, 0.0], [663593.25, 2567834.195783132, 0.0], [663593.25, 2567829.201807229, 0.0], [663598.2439759036, 2567824.207831325, 0.0], [663603.2379518072, 2567819.2138554216, 0.0], [663603.2379518072, 2567814.219879518, 0.0], [663603.2379518072, 2567809.2259036144, 0.0], [663603.2379518072, 2567804.2319277106, 0.0], [663603.2379518072, 2567799.237951807, 0.0], [663603.2379518072, 2567794.2439759034, 0.0], [663608.2319277108, 2567789.25, 0.0], [663608.2319277108, 2567784.256024096, 0.0], [663608.2319277108, 2567779.262048193, 0.0], [663608.2319277108, 2567774.268072289, 0.0], [663613.2259036144, 2567769.2740963856, 0.0], [663613.2259036144, 2567764.2801204817, 0.0], [663618.219879518, 2567759.286144578, 0.0], [663618.219879518, 2567754.2921686745, 0.0], [663623.2138554216, 2567749.2981927707, 0.0], [663623.2138554216, 2567744.3042168673, 0.0], [663623.2138554216, 2567739.3102409635, 0.0], [663628.2078313252, 2567734.31626506, 0.0], [663628.2078313252, 2567729.3222891563, 0.0], [663633.2018072288, 2567724.328313253, 0.0], [663633.2018072288, 2567719.334337349, 0.0], [663633.2018072288, 2567714.3403614457, 0.0], [663638.1957831325, 2567709.346385542, 0.0], [663638.1957831325, 2567704.3524096385, 0.0], [663643.1897590361, 2567699.3584337346, 0.0], [663643.1897590361, 2567694.3644578313, 0.0], [663643.1897590361, 2567689.3704819274, 0.0], [663643.1897590361, 2567684.376506024, 0.0], [663648.1837349397, 2567679.38253012, 0.0], [663648.1837349397, 2567674.388554217, 0.0], [663653.1777108433, 2567669.394578313, 0.0], [663653.1777108433, 2567664.4006024096, 0.0], [663653.1777108433, 2567659.406626506, 0.0], [663653.1777108433, 2567654.4126506024, 0.0], [663658.171686747, 2567649.4186746986, 0.0], [663658.171686747, 2567644.424698795, 0.0], [663663.1656626506, 2567639.4307228914, 0.0], [663668.1596385542, 2567634.436746988, 0.0], [663668.1596385542, 2567629.442771084, 0.0], [663673.1536144578, 2567624.4487951803, 0.0], [663678.1475903614, 2567619.454819277, 0.0], [663678.1475903614, 2567614.460843373, 0.0], [663683.141566265, 2567609.4668674697, 0.0], [663683.141566265, 2567604.472891566, 0.0], [663688.1355421686, 2567599.4789156625, 0.0], [663693.1295180722, 2567594.4849397587, 0.0], [663698.1234939758, 2567589.4909638553, 0.0], [663703.1174698794, 2567584.4969879515, 0.0], [663708.111445783, 2567579.503012048, 0.0], [663713.1054216867, 2567574.5090361442, 0.0], [663718.0993975903, 2567569.515060241, 0.0], [663723.093373494, 2567564.521084337, 0.0], [663723.093373494, 2567559.5271084337, 0.0], [663723.093373494, 2567554.53313253, 0.0], [663723.093373494, 2567549.5391566264, 0.0], [663723.093373494, 2567544.5451807226, 0.0], [663723.093373494, 2567539.551204819, 0.0], [663723.093373494, 2567534.5572289154, 0.0], [663728.0873493976, 2567529.563253012, 0.0], [663728.0873493976, 2567524.569277108, 0.0], [663728.0873493976, 2567519.575301205, 0.0], [663728.0873493976, 2567514.581325301, 0.0], [663728.0873493976, 2567509.5873493976, 0.0], [663728.0873493976, 2567504.5933734938, 0.0], [663728.0873493976, 2567499.5993975904, 0.0], [663728.0873493976, 2567494.6054216865, 0.0], [663728.0873493976, 2567489.6114457827, 0.0], [663728.0873493976, 2567484.6174698793, 0.0], [663728.0873493976, 2567479.6234939755, 0.0], [663728.0873493976, 2567474.629518072, 0.0], [663733.0813253012, 2567469.6355421683, 0.0], [663733.0813253012, 2567464.641566265, 0.0], [663733.0813253012, 2567459.647590361, 0.0], [663738.0753012048, 2567454.6536144577, 0.0], [663738.0753012048, 2567449.659638554, 0.0], [663738.0753012048, 2567444.6656626505, 0.0], [663743.0692771084, 2567439.6716867466, 0.0], [663743.0692771084, 2567434.6777108433, 0.0], [663748.063253012, 2567429.6837349394, 0.0], [663748.063253012, 2567424.689759036, 0.0], [663753.0572289156, 2567419.695783132, 0.0], [663753.0572289156, 2567414.701807229, 0.0], [663758.0512048192, 2567409.707831325, 0.0], [663758.0512048192, 2567404.7138554216, 0.0], [663763.0451807228, 2567399.719879518, 0.0], [663768.0391566264, 2567394.7259036144, 0.0], [663773.03313253, 2567389.7319277106, 0.0], [663778.0271084337, 2567389.7319277106, 0.0], [663783.0210843373, 2567389.7319277106, 0.0], [663788.0150602409, 2567384.737951807, 0.0], [663793.0090361446, 2567384.737951807, 0.0], [663798.0030120482, 2567379.7439759034, 0.0], [663802.9969879518, 2567374.75, 0.0], [663807.9909638554, 2567369.756024096, 0.0], [663812.984939759, 2567364.762048193, 0.0], [663812.984939759, 2567359.768072289, 0.0], [663812.984939759, 2567354.7740963856, 0.0], [663812.984939759, 2567349.7801204817, 0.0], [663817.9789156626, 2567344.786144578, 0.0], [663822.9728915662, 2567339.7921686745, 0.0], [663827.9668674698, 2567334.7981927707, 0.0], [663832.9608433734, 2567329.8042168673, 0.0], [663832.9608433734, 2567324.8102409635, 0.0], [663837.954819277, 2567319.81626506, 0.0], [663837.954819277, 2567314.8222891563, 0.0], [663842.9487951807, 2567314.8222891563, 0.0], [663847.9427710843, 2567309.828313253, 0.0], [663852.9367469879, 2567304.834337349, 0.0], [663852.9367469879, 2567299.8403614457, 0.0], [663857.9307228915, 2567294.846385542, 0.0], [663862.9246987952, 2567294.846385542, 0.0], [663867.9186746988, 2567289.8524096385, 0.0], [663867.9186746988, 2567284.8584337346, 0.0], [663867.9186746988, 2567279.8644578313, 0.0], [663872.9126506024, 2567274.8704819274, 0.0], [663872.9126506024, 2567269.876506024, 0.0], [663872.9126506024, 2567264.88253012, 0.0], [663872.9126506024, 2567259.888554217, 0.0], [663872.9126506024, 2567254.894578313, 0.0], [663867.9186746988, 2567249.9006024096, 0.0], [663867.9186746988, 2567244.906626506, 0.0], [663867.9186746988, 2567239.9126506024, 0.0], [663867.9186746988, 2567234.9186746986, 0.0], [663867.9186746988, 2567229.924698795, 0.0], [663872.9126506024, 2567224.9307228914, 0.0], [663872.9126506024, 2567219.936746988, 0.0], [663872.9126506024, 2567214.942771084, 0.0], [663872.9126506024, 2567209.9487951803, 0.0], [663877.906626506, 2567204.954819277, 0.0], [663882.9006024096, 2567199.960843373, 0.0], [663887.8945783132, 2567194.9668674697, 0.0], [663892.8885542168, 2567189.972891566, 0.0], [663892.8885542168, 2567184.9789156625, 0.0], [663897.8825301204, 2567179.9849397587, 0.0], [663902.876506024, 2567174.9909638553, 0.0], [663907.8704819276, 2567169.9969879515, 0.0], [663907.8704819276, 2567165.003012048, 0.0], [663912.8644578313, 2567160.0090361442, 0.0], [663917.8584337349, 2567155.015060241, 0.0], [663922.8524096385, 2567150.021084337, 0.0], [663927.8463855421, 2567145.0271084337, 0.0], [663932.8403614458, 2567140.03313253, 0.0], [663932.8403614458, 2567135.0391566264, 0.0], [663937.8343373494, 2567130.0451807226, 0.0], [663942.828313253, 2567125.051204819, 0.0], [663942.828313253, 2567120.0572289154, 0.0], [663947.8222891566, 2567115.063253012, 0.0], [663952.8162650602, 2567110.069277108, 0.0], [663952.8162650602, 2567105.075301205, 0.0], [663957.8102409638, 2567100.081325301, 0.0], [663962.8042168674, 2567095.0873493976, 0.0], [663967.798192771, 2567090.0933734938, 0.0], [663967.798192771, 2567085.0993975904, 0.0], [663967.798192771, 2567080.1054216865, 0.0], [663967.798192771, 2567075.1114457827, 0.0], [663967.798192771, 2567070.1174698793, 0.0], [663967.798192771, 2567065.1234939755, 0.0], [663962.8042168674, 2567060.129518072, 0.0], [663962.8042168674, 2567055.1355421683, 0.0], [663962.8042168674, 2567050.141566265, 0.0], [663962.8042168674, 2567045.147590361, 0.0], [663962.8042168674, 2567040.1536144577, 0.0], [663957.8102409638, 2567035.159638554, 0.0], [663957.8102409638, 2567030.1656626505, 0.0], [663957.8102409638, 2567025.1716867466, 0.0], [663957.8102409638, 2567020.1777108433, 0.0], [663957.8102409638, 2567015.1837349394, 0.0], [663957.8102409638, 2567010.189759036, 0.0], [663952.8162650602, 2567005.195783132, 0.0], [663952.8162650602, 2567000.201807229, 0.0], [663952.8162650602, 2566995.207831325, 0.0], [663947.8222891566, 2566990.2138554216, 0.0], [663947.8222891566, 2566985.219879518, 0.0], [663947.8222891566, 2566980.2259036144, 0.0], [663942.828313253, 2566975.2319277106, 0.0], [663942.828313253, 2566970.237951807, 0.0], [663937.8343373494, 2566965.2439759034, 0.0], [663937.8343373494, 2566960.25, 0.0], [663937.8343373494, 2566955.256024096, 0.0], [663932.8403614458, 2566950.262048193, 0.0], [663932.8403614458, 2566945.268072289, 0.0], [663932.8403614458, 2566940.2740963856, 0.0], [663932.8403614458, 2566935.2801204817, 0.0], [663927.8463855421, 2566930.286144578, 0.0], [663927.8463855421, 2566925.2921686745, 0.0], [663927.8463855421, 2566920.2981927707, 0.0], [663922.8524096385, 2566915.3042168673, 0.0], [663922.8524096385, 2566910.3102409635, 0.0], [663922.8524096385, 2566905.31626506, 0.0], [663917.8584337349, 2566900.3222891563, 0.0], [663917.8584337349, 2566895.328313253, 0.0], [663917.8584337349, 2566890.334337349, 0.0], [663912.8644578313, 2566885.3403614457, 0.0], [663912.8644578313, 2566880.346385542, 0.0], [663912.8644578313, 2566875.3524096385, 0.0], [663907.8704819276, 2566870.3584337346, 0.0], [663902.876506024, 2566865.3644578313, 0.0], [663902.876506024, 2566860.3704819274, 0.0], [663897.8825301204, 2566855.376506024, 0.0], [663892.8885542168, 2566850.38253012, 0.0], [663892.8885542168, 2566845.388554217, 0.0], [663887.8945783132, 2566840.394578313, 0.0], [663887.8945783132, 2566835.4006024096, 0.0], [663882.9006024096, 2566830.406626506, 0.0], [663882.9006024096, 2566825.4126506024, 0.0], [663877.906626506, 2566820.4186746986, 0.0], [663877.906626506, 2566815.424698795, 0.0], [663872.9126506024, 2566810.4307228914, 0.0], [663867.9186746988, 2566805.436746988, 0.0], [663862.9246987952, 2566800.442771084, 0.0], [663862.9246987952, 2566795.4487951803, 0.0], [663862.9246987952, 2566790.454819277, 0.0], [663857.9307228915, 2566785.460843373, 0.0], [663857.9307228915, 2566780.4668674697, 0.0], [663852.9367469879, 2566775.472891566, 0.0], [663847.9427710843, 2566770.4789156625, 0.0], [663847.9427710843, 2566765.4849397587, 0.0], [663847.9427710843, 2566760.4909638553, 0.0], [663847.9427710843, 2566755.4969879515, 0.0], [663847.9427710843, 2566750.503012048, 0.0], [663847.9427710843, 2566745.5090361442, 0.0], [663847.9427710843, 2566740.515060241, 0.0], [663847.9427710843, 2566735.521084337, 0.0], [663852.9367469879, 2566730.5271084337, 0.0], [663852.9367469879, 2566725.53313253, 0.0], [663852.9367469879, 2566720.5391566264, 0.0], [663852.9367469879, 2566715.5451807226, 0.0], [663852.9367469879, 2566710.551204819, 0.0], [663857.9307228915, 2566705.5572289154, 0.0], [663857.9307228915, 2566700.563253012, 0.0], [663862.9246987952, 2566695.569277108, 0.0], [663862.9246987952, 2566690.575301205, 0.0], [663862.9246987952, 2566685.581325301, 0.0], [663867.9186746988, 2566680.5873493976, 0.0], [663867.9186746988, 2566675.5933734938, 0.0], [663872.9126506024, 2566670.5993975904, 0.0], [663872.9126506024, 2566665.6054216865, 0.0], [663877.906626506, 2566660.6114457827, 0.0], [663877.906626506, 2566655.6174698793, 0.0], [663882.9006024096, 2566650.6234939755, 0.0], [663882.9006024096, 2566645.629518072, 0.0], [663887.8945783132, 2566640.6355421683, 0.0], [663892.8885542168, 2566635.641566265, 0.0], [663892.8885542168, 2566630.647590361, 0.0], [663897.8825301204, 2566625.6536144577, 0.0], [663897.8825301204, 2566620.659638554, 0.0], [663902.876506024, 2566615.6656626505, 0.0], [663902.876506024, 2566610.6716867466, 0.0], [663907.8704819276, 2566605.6777108433, 0.0], [663907.8704819276, 2566600.6837349394, 0.0], [663912.8644578313, 2566595.689759036, 0.0], [663912.8644578313, 2566590.695783132, 0.0], [663912.8644578313, 2566585.701807229, 0.0], [663917.8584337349, 2566580.707831325, 0.0], [663917.8584337349, 2566575.7138554216, 0.0], [663917.8584337349, 2566570.719879518, 0.0], [663922.8524096385, 2566565.7259036144, 0.0], [663922.8524096385, 2566560.7319277106, 0.0], [663922.8524096385, 2566555.737951807, 0.0], [663927.8463855421, 2566550.7439759034, 0.0], [663927.8463855421, 2566545.75, 0.0], [663927.8463855421, 2566540.756024096, 0.0], [663927.8463855421, 2566535.762048193, 0.0], [663927.8463855421, 2566530.768072289, 0.0], [663932.8403614458, 2566525.7740963856, 0.0], [663932.8403614458, 2566520.7801204817, 0.0], [663932.8403614458, 2566515.786144578, 0.0], [663932.8403614458, 2566510.7921686745, 0.0], [663932.8403614458, 2566505.7981927707, 0.0], [663932.8403614458, 2566500.8042168673, 0.0], [663932.8403614458, 2566495.8102409635, 0.0], [663932.8403614458, 2566490.81626506, 0.0], [663932.8403614458, 2566485.8222891563, 0.0], [663932.8403614458, 2566480.828313253, 0.0], [663932.8403614458, 2566475.834337349, 0.0], [663927.8463855421, 2566470.8403614457, 0.0], [663927.8463855421, 2566465.846385542, 0.0], [663932.8403614458, 2566460.8524096385, 0.0], [663932.8403614458, 2566455.8584337346, 0.0], [663932.8403614458, 2566450.8644578313, 0.0], [663932.8403614458, 2566445.8704819274, 0.0], [663932.8403614458, 2566440.876506024, 0.0], [663932.8403614458, 2566435.88253012, 0.0], [663937.8343373494, 2566430.888554217, 0.0], [663937.8343373494, 2566425.894578313, 0.0], [663942.828313253, 2566420.9006024096, 0.0], [663942.828313253, 2566415.906626506, 0.0], [663942.828313253, 2566410.9126506024, 0.0], [663947.8222891566, 2566405.9186746986, 0.0], [663952.8162650602, 2566400.924698795, 0.0], [663957.8102409638, 2566395.9307228914, 0.0], [663957.8102409638, 2566390.936746988, 0.0], [663962.8042168674, 2566385.942771084, 0.0], [663967.798192771, 2566380.9487951803, 0.0], [663972.7921686746, 2566375.954819277, 0.0], [663972.7921686746, 2566370.960843373, 0.0], [663977.7861445782, 2566365.9668674697, 0.0], [663982.7801204819, 2566360.972891566, 0.0], [663987.7740963855, 2566355.9789156625, 0.0], [663992.7680722891, 2566355.9789156625, 0.0], [663997.7620481928, 2566350.9849397587, 0.0], [664002.7560240964, 2566345.9909638553, 0.0], [664007.75, 2566340.9969879515, 0.0], [664012.7439759036, 2566336.003012048, 0.0], [664012.7439759036, 2566331.0090361442, 0.0], [664017.7379518072, 2566326.015060241, 0.0], [664022.7319277108, 2566321.021084337, 0.0], [664022.7319277108, 2566316.0271084337, 0.0], [664022.7319277108, 2566311.03313253, 0.0], [664022.7319277108, 2566306.0391566264, 0.0], [664022.7319277108, 2566301.0451807226, 0.0], [664027.7259036144, 2566296.051204819, 0.0], [664027.7259036144, 2566291.0572289154, 0.0], [664027.7259036144, 2566286.063253012, 0.0]]}}, {"type": "Feature", "properties": {"name": "S5", "length": 165.0091068345874}, "geometry": {"type": "LineString", "coordinates": [[675184.2680722892, 2571220.111445783, 0.0], [675184.2680722892, 2571215.1174698793, 0.0], [675184.2680722892, 2571210.1234939755, 0.0], [675179.2740963856, 2571205.129518072, 0.0], [675174.2801204819, 2571200.1355421683, 0.0], [675174.2801204819, 2571195.141566265, 0.0], [675169.2861445782, 2571190.147590361, 0.0], [675164.2921686746, 2571185.1536144577, 0.0], [675159.298192771, 2571180.159638554, 0.0], [675154.3042168674, 2571175.1656626505, 0.0], [675149.3102409638, 2571170.1716867466, 0.0], [675149.3102409638, 2571165.1777108433, 0.0], [675144.3162650602, 2571160.1837349394, 0.0], [675139.3222891566, 2571155.189759036, 0.0], [675134.328313253, 2571150.195783132, 0.0], [675129.3343373494, 2571150.195783132, 0.0], [675124.3403614458, 2571145.201807229, 0.0], [675124.3403614458, 2571140.207831325, 0.0], [675119.3463855422, 2571135.2138554216, 0.0], [675119.3463855422, 2571130.219879518, 0.0], [675119.3463855422, 2571125.2259036144, 0.0], [675124.3403614458, 2571120.2319277106, 0.0], [675129.3343373494, 2571115.237951807, 0.0], [675134.328313253, 2571110.2439759034, 0.0], [675139.3222891566, 2571105.25, 0.0], [675139.3222891566, 2571100.256024096, 0.0], [675144.3162650602, 2571095.262048193, 0.0]]}}, {"type": "Feature", "properties": {"name": "S1", "length": 14344.353356224325}, "geometry": {"type": "LineString", "coordinates": [[665076.4608433734, 2568962.834337349, 0.0], [665071.4668674698, 2568967.828313253, 0.0], [665066.4728915662, 2568967.828313253, 0.0], [665061.4789156626, 2568972.8222891563, 0.0], [665056.484939759, 2568977.81626506, 0.0], [665051.4909638554, 2568982.8102409635, 0.0], [665046.4969879518, 2568987.8042168673, 0.0], [665041.5030120482, 2568987.8042168673, 0.0], [665036.5090361446, 2568992.7981927707, 0.0], [665031.5150602409, 2568992.7981927707, 0.0], [665026.5210843373, 2568997.7921686745, 0.0], [665021.5271084337, 2568997.7921686745, 0.0], [665016.53313253, 2568997.7921686745, 0.0], [665011.5391566264, 2569002.786144578, 0.0], [665006.5451807228, 2569007.7801204817, 0.0], [665001.5512048192, 2569012.7740963856, 0.0], [664996.5572289156, 2569017.768072289, 0.0], [664991.563253012, 2569017.768072289, 0.0], [664986.5692771084, 2569017.768072289, 0.0], [664981.5753012048, 2569017.768072289, 0.0], [664976.5813253012, 2569022.762048193, 0.0], [664971.5873493976, 2569022.762048193, 0.0], [664966.593373494, 2569022.762048193, 0.0], [664961.5993975903, 2569022.762048193, 0.0], [664956.6054216867, 2569022.762048193, 0.0], [664951.611445783, 2569022.762048193, 0.0], [664946.6174698794, 2569022.762048193, 0.0], [664941.6234939758, 2569022.762048193, 0.0], [664936.6295180722, 2569022.762048193, 0.0], [664931.6355421686, 2569022.762048193, 0.0], [664926.641566265, 2569022.762048193, 0.0], [664921.6475903614, 2569017.768072289, 0.0], [664916.6536144578, 2569017.768072289, 0.0], [664911.6596385542, 2569017.768072289, 0.0], [664906.6656626506, 2569017.768072289, 0.0], [664901.671686747, 2569017.768072289, 0.0], [664896.6777108434, 2569012.7740963856, 0.0], [664891.6837349397, 2569012.7740963856, 0.0], [664886.6897590361, 2569012.7740963856, 0.0], [664881.6957831325, 2569012.7740963856, 0.0], [664876.7018072288, 2569017.768072289, 0.0], [664871.7078313252, 2569017.768072289, 0.0], [664866.7138554216, 2569017.768072289, 0.0], [664861.719879518, 2569017.768072289, 0.0], [664856.7259036144, 2569017.768072289, 0.0], [664851.7319277108, 2569012.7740963856, 0.0], [664846.7379518072, 2569007.7801204817, 0.0], [664841.7439759036, 2569007.7801204817, 0.0], [664836.75, 2569007.7801204817, 0.0], [664831.7560240964, 2569007.7801204817, 0.0], [664826.7620481928, 2569012.7740963856, 0.0], [664821.7680722891, 2569007.7801204817, 0.0], [664816.7740963855, 2569007.7801204817, 0.0], [664811.7801204819, 2569007.7801204817, 0.0], [664806.7861445782, 2569007.7801204817, 0.0], [664801.7921686746, 2569007.7801204817, 0.0], [664796.798192771, 2569007.7801204817, 0.0], [664791.8042168674, 2569007.7801204817, 0.0], [664786.8102409638, 2569007.7801204817, 0.0], [664781.8162650602, 2569002.786144578, 0.0], [664776.8222891566, 2568997.7921686745, 0.0], [664771.828313253, 2568997.7921686745, 0.0], [664766.8343373494, 2568997.7921686745, 0.0], [664761.8403614458, 2569002.786144578, 0.0], [664756.8463855421, 2569002.786144578, 0.0], [664751.8524096385, 2569002.786144578, 0.0], [664746.8584337349, 2569002.786144578, 0.0], [664741.8644578313, 2569002.786144578, 0.0], [664736.8704819276, 2569002.786144578, 0.0], [664731.876506024, 2569002.786144578, 0.0], [664726.8825301204, 2569002.786144578, 0.0], [664721.8885542168, 2569007.7801204817, 0.0], [664716.8945783132, 2569007.7801204817, 0.0], [664711.9006024096, 2569007.7801204817, 0.0], [664706.906626506, 2569012.7740963856, 0.0], [664701.9126506024, 2569012.7740963856, 0.0], [664696.9186746988, 2569012.7740963856, 0.0], [664691.9246987952, 2569012.7740963856, 0.0], [664686.9307228916, 2569017.768072289, 0.0], [664681.9367469879, 2569017.768072289, 0.0], [664676.9427710843, 2569022.762048193, 0.0], [664671.9487951807, 2569022.762048193, 0.0], [664666.954819277, 2569022.762048193, 0.0], [664661.9608433734, 2569027.756024096, 0.0], [664656.9668674698, 2569032.75, 0.0], [664651.9728915662, 2569032.75, 0.0], [664646.9789156626, 2569032.75, 0.0], [664641.984939759, 2569032.75, 0.0], [664636.9909638554, 2569032.75, 0.0], [664631.9969879518, 2569037.7439759034, 0.0], [664627.0030120482, 2569037.7439759034, 0.0], [664622.0090361446, 2569037.7439759034, 0.0], [664617.0150602409, 2569037.7439759034, 0.0], [664612.0210843373, 2569042.737951807, 0.0], [664607.0271084337, 2569042.737951807, 0.0], [664602.03313253, 2569042.737951807, 0.0], [664597.0391566264, 2569047.7319277106, 0.0], [664592.0451807228, 2569047.7319277106, 0.0], [664587.0512048192, 2569047.7319277106, 0.0], [664582.0572289156, 2569052.7259036144, 0.0], [664577.063253012, 2569052.7259036144, 0.0], [664572.0692771084, 2569052.7259036144, 0.0], [664567.0753012048, 2569057.719879518, 0.0], [664562.0813253012, 2569057.719879518, 0.0], [664557.0873493976, 2569062.7138554216, 0.0], [664552.093373494, 2569062.7138554216, 0.0], [664547.0993975903, 2569067.707831325, 0.0], [664542.1054216867, 2569067.707831325, 0.0], [664537.111445783, 2569072.701807229, 0.0], [664532.1174698794, 2569077.695783132, 0.0], [664527.1234939758, 2569082.689759036, 0.0], [664522.1295180722, 2569087.6837349394, 0.0], [664517.1355421686, 2569087.6837349394, 0.0], [664512.141566265, 2569092.6777108433, 0.0], [664507.1475903614, 2569097.6716867466, 0.0], [664502.1536144578, 2569102.6656626505, 0.0], [664497.1596385542, 2569102.6656626505, 0.0], [664492.1656626506, 2569107.659638554, 0.0], [664487.171686747, 2569107.659638554, 0.0], [664482.1777108434, 2569107.659638554, 0.0], [664477.1837349397, 2569107.659638554, 0.0], [664472.1897590361, 2569107.659638554, 0.0], [664467.1957831325, 2569107.659638554, 0.0], [664462.2018072288, 2569107.659638554, 0.0], [664457.2078313252, 2569107.659638554, 0.0], [664452.2138554216, 2569107.659638554, 0.0], [664447.219879518, 2569107.659638554, 0.0], [664442.2259036144, 2569107.659638554, 0.0], [664437.2319277108, 2569107.659638554, 0.0], [664432.2379518072, 2569107.659638554, 0.0], [664427.2439759036, 2569107.659638554, 0.0], [664422.25, 2569107.659638554, 0.0], [664417.2560240964, 2569107.659638554, 0.0], [664412.2620481928, 2569107.659638554, 0.0], [664407.2680722891, 2569107.659638554, 0.0], [664402.2740963855, 2569107.659638554, 0.0], [664397.2801204819, 2569107.659638554, 0.0], [664392.2861445782, 2569107.659638554, 0.0], [664387.2921686746, 2569107.659638554, 0.0], [664382.298192771, 2569107.659638554, 0.0], [664377.3042168674, 2569107.659638554, 0.0], [664372.3102409638, 2569107.659638554, 0.0], [664367.3162650602, 2569107.659638554, 0.0], [664362.3222891566, 2569107.659638554, 0.0], [664357.328313253, 2569107.659638554, 0.0], [664352.3343373494, 2569102.6656626505, 0.0], [664347.3403614458, 2569102.6656626505, 0.0], [664342.3463855421, 2569102.6656626505, 0.0], [664337.3524096385, 2569107.659638554, 0.0], [664332.3584337349, 2569107.659638554, 0.0], [664327.3644578313, 2569107.659638554, 0.0], [664322.3704819276, 2569107.659638554, 0.0], [664317.376506024, 2569107.659638554, 0.0], [664312.3825301204, 2569107.659638554, 0.0], [664307.3885542168, 2569107.659638554, 0.0], [664302.3945783132, 2569107.659638554, 0.0], [664297.4006024096, 2569107.659638554, 0.0], [664292.406626506, 2569102.6656626505, 0.0], [664287.4126506024, 2569107.659638554, 0.0], [664282.4186746988, 2569102.6656626505, 0.0], [664277.4246987952, 2569097.6716867466, 0.0], [664272.4307228915, 2569092.6777108433, 0.0], [664267.4367469879, 2569092.6777108433, 0.0], [664262.4427710843, 2569092.6777108433, 0.0], [664257.4487951807, 2569092.6777108433, 0.0], [664252.454819277, 2569092.6777108433, 0.0], [664247.4608433734, 2569092.6777108433, 0.0], [664242.4668674698, 2569092.6777108433, 0.0], [664237.4728915662, 2569092.6777108433, 0.0], [664232.4789156626, 2569092.6777108433, 0.0], [664227.484939759, 2569092.6777108433, 0.0], [664222.4909638554, 2569092.6777108433, 0.0], [664217.4969879518, 2569092.6777108433, 0.0], [664212.5030120482, 2569092.6777108433, 0.0], [664207.5090361446, 2569097.6716867466, 0.0], [664202.5150602409, 2569097.6716867466, 0.0], [664197.5210843373, 2569097.6716867466, 0.0], [664192.5271084337, 2569097.6716867466, 0.0], [664187.53313253, 2569097.6716867466, 0.0], [664182.5391566264, 2569097.6716867466, 0.0], [664177.5451807228, 2569097.6716867466, 0.0], [664172.5512048192, 2569097.6716867466, 0.0], [664167.5572289156, 2569097.6716867466, 0.0], [664162.563253012, 2569097.6716867466, 0.0], [664157.5692771084, 2569102.6656626505, 0.0], [664152.5753012048, 2569102.6656626505, 0.0], [664147.5813253012, 2569097.6716867466, 0.0], [664142.5873493976, 2569092.6777108433, 0.0], [664137.593373494, 2569092.6777108433, 0.0], [664132.5993975903, 2569092.6777108433, 0.0], [664127.6054216867, 2569087.6837349394, 0.0], [664122.611445783, 2569087.6837349394, 0.0], [664117.6174698794, 2569087.6837349394, 0.0], [664112.6234939758, 2569087.6837349394, 0.0], [664107.6295180722, 2569087.6837349394, 0.0], [664102.6355421686, 2569087.6837349394, 0.0], [664097.641566265, 2569087.6837349394, 0.0], [664092.6475903614, 2569082.689759036, 0.0], [664087.6536144578, 2569082.689759036, 0.0], [664082.6596385542, 2569082.689759036, 0.0], [664077.6656626506, 2569077.695783132, 0.0], [664072.671686747, 2569077.695783132, 0.0], [664067.6777108434, 2569072.701807229, 0.0], [664062.6837349397, 2569067.707831325, 0.0], [664057.6897590361, 2569062.7138554216, 0.0], [664052.6957831325, 2569057.719879518, 0.0], [664047.7018072288, 2569057.719879518, 0.0], [664042.7078313252, 2569057.719879518, 0.0], [664037.7138554216, 2569062.7138554216, 0.0], [664037.7138554216, 2569067.707831325, 0.0], [664032.719879518, 2569072.701807229, 0.0], [664027.7259036144, 2569072.701807229, 0.0], [664022.7319277108, 2569077.695783132, 0.0], [664017.7379518072, 2569077.695783132, 0.0], [664012.7439759036, 2569077.695783132, 0.0], [664007.75, 2569077.695783132, 0.0], [664002.7560240964, 2569077.695783132, 0.0], [663997.7620481928, 2569077.695783132, 0.0], [663992.7680722891, 2569077.695783132, 0.0], [663987.7740963855, 2569077.695783132, 0.0], [663982.7801204819, 2569072.701807229, 0.0], [663977.7861445782, 2569072.701807229, 0.0], [663972.7921686746, 2569072.701807229, 0.0], [663967.798192771, 2569067.707831325, 0.0], [663962.8042168674, 2569062.7138554216, 0.0], [663957.8102409638, 2569062.7138554216, 0.0], [663952.8162650602, 2569062.7138554216, 0.0], [663947.8222891566, 2569057.719879518, 0.0], [663942.828313253, 2569057.719879518, 0.0], [663937.8343373494, 2569057.719879518, 0.0], [663932.8403614458, 2569057.719879518, 0.0], [663927.8463855421, 2569057.719879518, 0.0], [663922.8524096385, 2569057.719879518, 0.0], [663917.8584337349, 2569057.719879518, 0.0], [663912.8644578313, 2569052.7259036144, 0.0], [663907.8704819276, 2569052.7259036144, 0.0], [663902.876506024, 2569057.719879518, 0.0], [663897.8825301204, 2569057.719879518, 0.0], [663892.8885542168, 2569057.719879518, 0.0], [663887.8945783132, 2569057.719879518, 0.0], [663882.9006024096, 2569057.719879518, 0.0], [663877.906626506, 2569057.719879518, 0.0], [663872.9126506024, 2569057.719879518, 0.0], [663867.9186746988, 2569057.719879518, 0.0], [663862.9246987952, 2569057.719879518, 0.0], [663857.9307228915, 2569057.719879518, 0.0], [663852.9367469879, 2569052.7259036144, 0.0], [663847.9427710843, 2569052.7259036144, 0.0], [663842.9487951807, 2569052.7259036144, 0.0], [663837.954819277, 2569057.719879518, 0.0], [663832.9608433734, 2569057.719879518, 0.0], [663827.9668674698, 2569057.719879518, 0.0], [663822.9728915662, 2569057.719879518, 0.0], [663817.9789156626, 2569057.719879518, 0.0], [663812.984939759, 2569057.719879518, 0.0], [663807.9909638554, 2569057.719879518, 0.0], [663802.9969879518, 2569057.719879518, 0.0], [663798.0030120482, 2569057.719879518, 0.0], [663793.0090361446, 2569057.719879518, 0.0], [663788.0150602409, 2569052.7259036144, 0.0], [663783.0210843373, 2569047.7319277106, 0.0], [663778.0271084337, 2569047.7319277106, 0.0], [663773.03313253, 2569052.7259036144, 0.0], [663768.0391566264, 2569052.7259036144, 0.0], [663763.0451807228, 2569052.7259036144, 0.0], [663758.0512048192, 2569057.719879518, 0.0], [663753.0572289156, 2569057.719879518, 0.0], [663748.063253012, 2569057.719879518, 0.0], [663743.0692771084, 2569057.719879518, 0.0], [663738.0753012048, 2569062.7138554216, 0.0], [663733.0813253012, 2569062.7138554216, 0.0], [663728.0873493976, 2569062.7138554216, 0.0], [663723.093373494, 2569067.707831325, 0.0], [663718.0993975903, 2569067.707831325, 0.0], [663713.1054216867, 2569072.701807229, 0.0], [663708.111445783, 2569072.701807229, 0.0], [663703.1174698794, 2569077.695783132, 0.0], [663698.1234939758, 2569077.695783132, 0.0], [663693.1295180722, 2569082.689759036, 0.0], [663688.1355421686, 2569082.689759036, 0.0], [663683.141566265, 2569087.6837349394, 0.0], [663678.1475903614, 2569087.6837349394, 0.0], [663673.1536144578, 2569092.6777108433, 0.0], [663668.1596385542, 2569092.6777108433, 0.0], [663663.1656626506, 2569092.6777108433, 0.0], [663658.171686747, 2569097.6716867466, 0.0], [663653.1777108433, 2569097.6716867466, 0.0], [663648.1837349397, 2569102.6656626505, 0.0], [663643.1897590361, 2569107.659638554, 0.0], [663643.1897590361, 2569112.6536144577, 0.0], [663638.1957831325, 2569117.647590361, 0.0], [663633.2018072288, 2569122.641566265, 0.0], [663633.2018072288, 2569127.6355421683, 0.0], [663633.2018072288, 2569132.629518072, 0.0], [663628.2078313252, 2569132.629518072, 0.0], [663623.2138554216, 2569137.6234939755, 0.0], [663618.219879518, 2569137.6234939755, 0.0], [663613.2259036144, 2569142.6174698793, 0.0], [663608.2319277108, 2569142.6174698793, 0.0], [663603.2379518072, 2569147.611445783, 0.0], [663598.2439759036, 2569147.611445783, 0.0], [663593.25, 2569152.6054216865, 0.0], [663588.2560240964, 2569152.6054216865, 0.0], [663583.2620481928, 2569157.5993975904, 0.0], [663578.2680722891, 2569157.5993975904, 0.0], [663573.2740963855, 2569162.5933734938, 0.0], [663568.2801204819, 2569162.5933734938, 0.0], [663563.2861445782, 2569167.5873493976, 0.0], [663558.2921686746, 2569167.5873493976, 0.0], [663553.298192771, 2569172.581325301, 0.0], [663548.3042168674, 2569177.575301205, 0.0], [663543.3102409638, 2569182.569277108, 0.0], [663538.3162650602, 2569187.563253012, 0.0], [663538.3162650602, 2569192.5572289154, 0.0], [663533.3222891566, 2569197.551204819, 0.0], [663528.328313253, 2569202.5451807226, 0.0], [663523.3343373494, 2569207.5391566264, 0.0], [663518.3403614458, 2569207.5391566264, 0.0], [663513.3463855421, 2569212.53313253, 0.0], [663508.3524096385, 2569217.5271084337, 0.0], [663503.3584337349, 2569217.5271084337, 0.0], [663503.3584337349, 2569222.521084337, 0.0], [663498.3644578313, 2569227.515060241, 0.0], [663493.3704819276, 2569232.5090361442, 0.0], [663488.376506024, 2569237.503012048, 0.0], [663488.376506024, 2569242.4969879515, 0.0], [663488.376506024, 2569247.4909638553, 0.0], [663488.376506024, 2569252.4849397587, 0.0], [663488.376506024, 2569257.4789156625, 0.0], [663488.376506024, 2569262.472891566, 0.0], [663488.376506024, 2569267.4668674697, 0.0], [663493.3704819276, 2569272.460843373, 0.0], [663493.3704819276, 2569277.454819277, 0.0], [663488.376506024, 2569282.448795181, 0.0], [663488.376506024, 2569287.442771084, 0.0], [663488.376506024, 2569292.436746988, 0.0], [663488.376506024, 2569297.4307228914, 0.0], [663488.376506024, 2569302.424698795, 0.0], [663488.376506024, 2569307.4186746986, 0.0], [663483.3825301204, 2569312.4126506024, 0.0], [663478.3885542168, 2569317.406626506, 0.0], [663478.3885542168, 2569322.4006024096, 0.0], [663478.3885542168, 2569327.394578313, 0.0], [663473.3945783132, 2569332.388554217, 0.0], [663473.3945783132, 2569337.38253012, 0.0], [663473.3945783132, 2569342.376506024, 0.0], [663473.3945783132, 2569347.3704819274, 0.0], [663468.4006024096, 2569352.3644578313, 0.0], [663468.4006024096, 2569357.3584337346, 0.0], [663468.4006024096, 2569362.3524096385, 0.0], [663468.4006024096, 2569367.346385542, 0.0], [663463.406626506, 2569372.3403614457, 0.0], [663463.406626506, 2569377.334337349, 0.0], [663458.4126506024, 2569382.328313253, 0.0], [663458.4126506024, 2569387.3222891563, 0.0], [663458.4126506024, 2569392.31626506, 0.0], [663458.4126506024, 2569397.3102409635, 0.0], [663458.4126506024, 2569402.3042168673, 0.0], [663458.4126506024, 2569407.2981927707, 0.0], [663463.406626506, 2569412.2921686745, 0.0], [663458.4126506024, 2569417.286144578, 0.0], [663458.4126506024, 2569422.2801204817, 0.0], [663458.4126506024, 2569427.2740963856, 0.0], [663458.4126506024, 2569432.268072289, 0.0], [663458.4126506024, 2569437.262048193, 0.0], [663458.4126506024, 2569442.256024096, 0.0], [663458.4126506024, 2569447.25, 0.0], [663458.4126506024, 2569452.2439759034, 0.0], [663453.4186746988, 2569457.237951807, 0.0], [663453.4186746988, 2569462.2319277106, 0.0], [663453.4186746988, 2569467.2259036144, 0.0], [663448.4246987952, 2569472.219879518, 0.0], [663448.4246987952, 2569477.2138554216, 0.0], [663443.4307228915, 2569482.207831325, 0.0], [663443.4307228915, 2569487.201807229, 0.0], [663438.4367469879, 2569492.195783132, 0.0], [663438.4367469879, 2569497.189759036, 0.0], [663433.4427710843, 2569502.1837349394, 0.0], [663433.4427710843, 2569507.1777108433, 0.0], [663433.4427710843, 2569512.1716867466, 0.0], [663428.4487951807, 2569517.1656626505, 0.0], [663423.454819277, 2569522.159638554, 0.0], [663423.454819277, 2569527.1536144577, 0.0], [663423.454819277, 2569532.147590361, 0.0], [663418.4608433734, 2569537.141566265, 0.0], [663413.4668674698, 2569542.1355421683, 0.0], [663413.4668674698, 2569547.129518072, 0.0], [663413.4668674698, 2569552.1234939755, 0.0], [663408.4728915662, 2569557.1174698793, 0.0], [663408.4728915662, 2569562.111445783, 0.0], [663403.4789156626, 2569567.1054216865, 0.0], [663403.4789156626, 2569572.0993975904, 0.0], [663398.484939759, 2569577.0933734938, 0.0], [663398.484939759, 2569582.0873493976, 0.0], [663393.4909638554, 2569587.081325301, 0.0], [663388.4969879518, 2569592.075301205, 0.0], [663388.4969879518, 2569597.069277108, 0.0], [663383.5030120482, 2569602.063253012, 0.0], [663378.5090361446, 2569602.063253012, 0.0], [663373.5150602409, 2569602.063253012, 0.0], [663368.5210843373, 2569607.0572289154, 0.0], [663368.5210843373, 2569612.051204819, 0.0], [663363.5271084337, 2569617.0451807226, 0.0], [663363.5271084337, 2569622.0391566264, 0.0], [663363.5271084337, 2569627.03313253, 0.0], [663358.53313253, 2569632.0271084337, 0.0], [663353.5391566264, 2569637.021084337, 0.0], [663348.5451807228, 2569642.015060241, 0.0], [663348.5451807228, 2569647.0090361442, 0.0], [663348.5451807228, 2569652.003012048, 0.0], [663353.5391566264, 2569656.9969879515, 0.0], [663353.5391566264, 2569661.9909638553, 0.0], [663348.5451807228, 2569666.9849397587, 0.0], [663348.5451807228, 2569671.9789156625, 0.0], [663348.5451807228, 2569676.972891566, 0.0], [663348.5451807228, 2569681.9668674697, 0.0], [663348.5451807228, 2569686.960843373, 0.0], [663348.5451807228, 2569691.954819277, 0.0], [663348.5451807228, 2569696.948795181, 0.0], [663343.5512048192, 2569701.942771084, 0.0], [663343.5512048192, 2569706.936746988, 0.0], [663343.5512048192, 2569711.9307228914, 0.0], [663343.5512048192, 2569716.924698795, 0.0], [663343.5512048192, 2569721.9186746986, 0.0], [663348.5451807228, 2569726.9126506024, 0.0], [663348.5451807228, 2569731.906626506, 0.0], [663348.5451807228, 2569736.9006024096, 0.0], [663348.5451807228, 2569741.894578313, 0.0], [663348.5451807228, 2569746.888554217, 0.0], [663348.5451807228, 2569751.88253012, 0.0], [663348.5451807228, 2569756.876506024, 0.0], [663348.5451807228, 2569761.8704819274, 0.0], [663348.5451807228, 2569766.8644578313, 0.0], [663348.5451807228, 2569771.8584337346, 0.0], [663343.5512048192, 2569776.8524096385, 0.0], [663343.5512048192, 2569781.846385542, 0.0], [663338.5572289156, 2569786.8403614457, 0.0], [663333.563253012, 2569791.834337349, 0.0], [663328.5692771084, 2569796.828313253, 0.0], [663328.5692771084, 2569801.8222891563, 0.0], [663323.5753012048, 2569806.81626506, 0.0], [663318.5813253012, 2569811.8102409635, 0.0], [663318.5813253012, 2569816.8042168673, 0.0], [663318.5813253012, 2569821.7981927707, 0.0], [663318.5813253012, 2569826.7921686745, 0.0], [663318.5813253012, 2569831.786144578, 0.0], [663323.5753012048, 2569836.7801204817, 0.0], [663318.5813253012, 2569836.7801204817, 0.0], [663318.5813253012, 2569841.7740963856, 0.0], [663318.5813253012, 2569846.768072289, 0.0], [663318.5813253012, 2569851.762048193, 0.0], [663318.5813253012, 2569856.756024096, 0.0], [663318.5813253012, 2569861.75, 0.0], [663318.5813253012, 2569866.7439759034, 0.0], [663313.5873493976, 2569871.737951807, 0.0], [663313.5873493976, 2569876.7319277106, 0.0], [663313.5873493976, 2569881.7259036144, 0.0], [663308.593373494, 2569886.719879518, 0.0], [663308.593373494, 2569891.7138554216, 0.0], [663303.5993975903, 2569896.707831325, 0.0], [663303.5993975903, 2569901.701807229, 0.0], [663298.6054216867, 2569906.695783132, 0.0], [663298.6054216867, 2569911.689759036, 0.0], [663293.611445783, 2569916.6837349394, 0.0], [663293.611445783, 2569921.6777108433, 0.0], [663288.6174698794, 2569926.6716867466, 0.0], [663288.6174698794, 2569931.6656626505, 0.0], [663283.6234939758, 2569936.659638554, 0.0], [663278.6295180722, 2569941.6536144577, 0.0], [663278.6295180722, 2569946.647590361, 0.0], [663273.6355421686, 2569951.641566265, 0.0], [663268.641566265, 2569956.6355421683, 0.0], [663268.641566265, 2569961.629518072, 0.0], [663268.641566265, 2569966.6234939755, 0.0], [663263.6475903614, 2569971.6174698793, 0.0], [663258.6536144578, 2569976.611445783, 0.0], [663253.6596385542, 2569981.6054216865, 0.0], [663248.6656626506, 2569986.5993975904, 0.0], [663243.671686747, 2569991.5933734938, 0.0], [663238.6777108433, 2569996.5873493976, 0.0], [663233.6837349397, 2569996.5873493976, 0.0], [663228.6897590361, 2570001.581325301, 0.0], [663223.6957831325, 2570001.581325301, 0.0], [663218.7018072288, 2570006.575301205, 0.0], [663213.7078313252, 2570006.575301205, 0.0], [663208.7138554216, 2570006.575301205, 0.0], [663203.719879518, 2570011.569277108, 0.0], [663198.7259036144, 2570011.569277108, 0.0], [663193.7319277108, 2570011.569277108, 0.0], [663188.7379518072, 2570016.563253012, 0.0], [663183.7439759036, 2570016.563253012, 0.0], [663178.75, 2570021.5572289154, 0.0], [663173.7560240964, 2570021.5572289154, 0.0], [663168.7620481928, 2570021.5572289154, 0.0], [663163.7680722891, 2570026.551204819, 0.0], [663158.7740963855, 2570031.5451807226, 0.0], [663153.7801204819, 2570036.5391566264, 0.0], [663148.7861445782, 2570036.5391566264, 0.0], [663143.7921686746, 2570041.53313253, 0.0], [663138.798192771, 2570041.53313253, 0.0], [663133.8042168674, 2570046.5271084337, 0.0], [663128.8102409638, 2570046.5271084337, 0.0], [663123.8162650602, 2570051.521084337, 0.0], [663118.8222891566, 2570051.521084337, 0.0], [663113.828313253, 2570056.515060241, 0.0], [663108.8343373494, 2570056.515060241, 0.0], [663103.8403614458, 2570056.515060241, 0.0], [663098.8463855421, 2570061.5090361442, 0.0], [663093.8524096385, 2570061.5090361442, 0.0], [663088.8584337349, 2570061.5090361442, 0.0], [663083.8644578313, 2570061.5090361442, 0.0], [663078.8704819276, 2570061.5090361442, 0.0], [663073.876506024, 2570061.5090361442, 0.0], [663068.8825301204, 2570061.5090361442, 0.0], [663063.8885542168, 2570061.5090361442, 0.0], [663058.8945783132, 2570061.5090361442, 0.0], [663053.9006024096, 2570061.5090361442, 0.0], [663048.906626506, 2570061.5090361442, 0.0], [663043.9126506024, 2570061.5090361442, 0.0], [663038.9186746988, 2570061.5090361442, 0.0], [663033.9246987952, 2570066.503012048, 0.0], [663028.9307228915, 2570066.503012048, 0.0], [663023.9367469879, 2570071.4969879515, 0.0], [663018.9427710843, 2570071.4969879515, 0.0], [663013.9487951807, 2570076.4909638553, 0.0], [663008.954819277, 2570076.4909638553, 0.0], [663003.9608433734, 2570076.4909638553, 0.0], [662998.9668674698, 2570081.4849397587, 0.0], [662993.9728915662, 2570081.4849397587, 0.0], [662988.9789156626, 2570086.4789156625, 0.0], [662983.984939759, 2570086.4789156625, 0.0], [662978.9909638554, 2570086.4789156625, 0.0], [662973.9969879518, 2570091.472891566, 0.0], [662969.0030120482, 2570091.472891566, 0.0], [662964.0090361446, 2570096.4668674697, 0.0], [662959.0150602409, 2570096.4668674697, 0.0], [662954.0210843373, 2570101.460843373, 0.0], [662949.0271084337, 2570106.454819277, 0.0], [662944.03313253, 2570111.448795181, 0.0], [662939.0391566264, 2570116.442771084, 0.0], [662934.0451807228, 2570116.442771084, 0.0], [662929.0512048192, 2570121.436746988, 0.0], [662924.0572289156, 2570126.4307228914, 0.0], [662919.063253012, 2570131.424698795, 0.0], [662914.0692771084, 2570136.4186746986, 0.0], [662914.0692771084, 2570141.4126506024, 0.0], [662909.0753012048, 2570141.4126506024, 0.0], [662904.0813253012, 2570146.406626506, 0.0], [662899.0873493976, 2570151.4006024096, 0.0], [662894.093373494, 2570156.394578313, 0.0], [662889.0993975903, 2570161.388554217, 0.0], [662884.1054216867, 2570161.388554217, 0.0], [662879.111445783, 2570161.388554217, 0.0], [662874.1174698794, 2570161.388554217, 0.0], [662869.1234939758, 2570166.38253012, 0.0], [662864.1295180722, 2570166.38253012, 0.0], [662859.1355421686, 2570166.38253012, 0.0], [662854.141566265, 2570166.38253012, 0.0], [662849.1475903614, 2570171.376506024, 0.0], [662844.1536144578, 2570171.376506024, 0.0], [662839.1596385542, 2570171.376506024, 0.0], [662834.1656626506, 2570176.3704819274, 0.0], [662829.171686747, 2570176.3704819274, 0.0], [662824.1777108433, 2570176.3704819274, 0.0], [662819.1837349397, 2570171.376506024, 0.0], [662814.1897590361, 2570171.376506024, 0.0], [662809.1957831325, 2570171.376506024, 0.0], [662804.2018072288, 2570171.376506024, 0.0], [662799.2078313252, 2570171.376506024, 0.0], [662794.2138554216, 2570166.38253012, 0.0], [662789.219879518, 2570166.38253012, 0.0], [662784.2259036144, 2570166.38253012, 0.0], [662779.2319277108, 2570166.38253012, 0.0], [662774.2379518072, 2570166.38253012, 0.0], [662769.2439759036, 2570166.38253012, 0.0], [662764.25, 2570166.38253012, 0.0], [662759.2560240964, 2570166.38253012, 0.0], [662754.2620481928, 2570161.388554217, 0.0], [662749.2680722891, 2570161.388554217, 0.0], [662744.2740963855, 2570156.394578313, 0.0], [662739.2801204819, 2570156.394578313, 0.0], [662734.2861445782, 2570151.4006024096, 0.0], [662729.2921686746, 2570151.4006024096, 0.0], [662724.298192771, 2570146.406626506, 0.0], [662719.3042168674, 2570141.4126506024, 0.0], [662714.3102409638, 2570136.4186746986, 0.0], [662709.3162650602, 2570131.424698795, 0.0], [662704.3222891566, 2570131.424698795, 0.0], [662699.328313253, 2570126.4307228914, 0.0], [662694.3343373494, 2570126.4307228914, 0.0], [662689.3403614458, 2570121.436746988, 0.0], [662684.3463855421, 2570121.436746988, 0.0], [662679.3524096385, 2570116.442771084, 0.0], [662674.3584337349, 2570111.448795181, 0.0], [662669.3644578313, 2570111.448795181, 0.0], [662664.3704819276, 2570106.454819277, 0.0], [662659.376506024, 2570106.454819277, 0.0], [662654.3825301204, 2570101.460843373, 0.0], [662649.3885542168, 2570101.460843373, 0.0], [662649.3885542168, 2570096.4668674697, 0.0], [662644.3945783132, 2570096.4668674697, 0.0], [662639.4006024096, 2570096.4668674697, 0.0], [662634.406626506, 2570096.4668674697, 0.0], [662629.4126506024, 2570091.472891566, 0.0], [662624.4186746988, 2570086.4789156625, 0.0], [662619.4246987952, 2570081.4849397587, 0.0], [662614.4307228915, 2570076.4909638553, 0.0], [662609.4367469879, 2570076.4909638553, 0.0], [662604.4427710843, 2570076.4909638553, 0.0], [662599.4487951807, 2570076.4909638553, 0.0], [662594.454819277, 2570076.4909638553, 0.0], [662589.4608433734, 2570076.4909638553, 0.0], [662584.4668674698, 2570076.4909638553, 0.0], [662579.4728915662, 2570076.4909638553, 0.0], [662574.4789156626, 2570076.4909638553, 0.0], [662569.484939759, 2570076.4909638553, 0.0], [662564.4909638554, 2570076.4909638553, 0.0], [662559.4969879518, 2570076.4909638553, 0.0], [662554.5030120482, 2570076.4909638553, 0.0], [662549.5090361446, 2570076.4909638553, 0.0], [662544.5150602409, 2570076.4909638553, 0.0], [662539.5210843373, 2570076.4909638553, 0.0], [662534.5271084337, 2570071.4969879515, 0.0], [662529.53313253, 2570071.4969879515, 0.0], [662524.5391566264, 2570071.4969879515, 0.0], [662519.5451807228, 2570071.4969879515, 0.0], [662514.5512048192, 2570076.4909638553, 0.0], [662509.5572289156, 2570081.4849397587, 0.0], [662504.563253012, 2570081.4849397587, 0.0], [662499.5692771084, 2570081.4849397587, 0.0], [662494.5753012048, 2570086.4789156625, 0.0], [662489.5813253012, 2570086.4789156625, 0.0], [662484.5873493976, 2570091.472891566, 0.0], [662479.593373494, 2570096.4668674697, 0.0], [662474.5993975903, 2570096.4668674697, 0.0], [662469.6054216867, 2570101.460843373, 0.0], [662464.611445783, 2570106.454819277, 0.0], [662459.6174698794, 2570111.448795181, 0.0], [662454.6234939758, 2570116.442771084, 0.0], [662449.6295180722, 2570121.436746988, 0.0], [662444.6355421686, 2570126.4307228914, 0.0], [662439.641566265, 2570131.424698795, 0.0], [662434.6475903614, 2570136.4186746986, 0.0], [662429.6536144578, 2570141.4126506024, 0.0], [662424.6596385542, 2570146.406626506, 0.0], [662419.6656626506, 2570151.4006024096, 0.0], [662414.671686747, 2570156.394578313, 0.0], [662409.6777108433, 2570161.388554217, 0.0], [662404.6837349397, 2570166.38253012, 0.0], [662399.6897590361, 2570171.376506024, 0.0], [662394.6957831325, 2570176.3704819274, 0.0], [662389.7018072288, 2570181.3644578313, 0.0], [662384.7078313252, 2570186.3584337346, 0.0], [662379.7138554216, 2570191.3524096385, 0.0], [662374.719879518, 2570196.346385542, 0.0], [662374.719879518, 2570201.3403614457, 0.0], [662369.7259036144, 2570206.334337349, 0.0], [662364.7319277108, 2570211.328313253, 0.0], [662364.7319277108, 2570216.3222891563, 0.0], [662359.7379518072, 2570221.31626506, 0.0], [662359.7379518072, 2570226.3102409635, 0.0], [662354.7439759036, 2570231.3042168673, 0.0], [662354.7439759036, 2570236.2981927707, 0.0], [662349.75, 2570241.2921686745, 0.0], [662349.75, 2570246.286144578, 0.0], [662344.7560240964, 2570251.2801204817, 0.0], [662344.7560240964, 2570256.2740963856, 0.0], [662339.7620481927, 2570261.268072289, 0.0], [662339.7620481927, 2570266.262048193, 0.0], [662334.7680722891, 2570271.256024096, 0.0], [662334.7680722891, 2570276.25, 0.0], [662334.7680722891, 2570281.2439759034, 0.0], [662334.7680722891, 2570286.237951807, 0.0], [662329.7740963855, 2570291.2319277106, 0.0], [662329.7740963855, 2570296.2259036144, 0.0], [662334.7680722891, 2570301.219879518, 0.0], [662334.7680722891, 2570306.2138554216, 0.0], [662329.7740963855, 2570311.207831325, 0.0], [662329.7740963855, 2570316.201807229, 0.0], [662329.7740963855, 2570321.195783132, 0.0], [662329.7740963855, 2570326.189759036, 0.0], [662329.7740963855, 2570331.1837349394, 0.0], [662329.7740963855, 2570336.1777108433, 0.0], [662329.7740963855, 2570341.1716867466, 0.0], [662329.7740963855, 2570346.1656626505, 0.0], [662329.7740963855, 2570351.159638554, 0.0], [662329.7740963855, 2570356.1536144577, 0.0], [662329.7740963855, 2570361.147590361, 0.0], [662324.7801204819, 2570366.141566265, 0.0], [662324.7801204819, 2570371.1355421683, 0.0], [662324.7801204819, 2570376.129518072, 0.0], [662324.7801204819, 2570381.1234939755, 0.0], [662324.7801204819, 2570386.1174698793, 0.0], [662324.7801204819, 2570391.111445783, 0.0], [662324.7801204819, 2570396.1054216865, 0.0], [662324.7801204819, 2570401.0993975904, 0.0], [662324.7801204819, 2570406.0933734938, 0.0], [662324.7801204819, 2570411.0873493976, 0.0], [662324.7801204819, 2570416.081325301, 0.0], [662324.7801204819, 2570421.075301205, 0.0], [662324.7801204819, 2570426.069277108, 0.0], [662324.7801204819, 2570431.063253012, 0.0], [662324.7801204819, 2570436.0572289154, 0.0], [662319.7861445782, 2570441.051204819, 0.0], [662319.7861445782, 2570446.0451807226, 0.0], [662319.7861445782, 2570451.0391566264, 0.0], [662319.7861445782, 2570456.03313253, 0.0], [662319.7861445782, 2570461.0271084337, 0.0], [662319.7861445782, 2570466.021084337, 0.0], [662319.7861445782, 2570471.015060241, 0.0], [662314.7921686746, 2570476.0090361442, 0.0], [662314.7921686746, 2570481.003012048, 0.0], [662314.7921686746, 2570485.9969879515, 0.0], [662309.798192771, 2570490.9909638553, 0.0], [662309.798192771, 2570495.9849397587, 0.0], [662309.798192771, 2570500.9789156625, 0.0], [662304.8042168674, 2570505.972891566, 0.0], [662304.8042168674, 2570510.9668674697, 0.0], [662304.8042168674, 2570515.960843373, 0.0], [662304.8042168674, 2570520.954819277, 0.0], [662299.8102409638, 2570525.948795181, 0.0], [662299.8102409638, 2570530.942771084, 0.0], [662294.8162650602, 2570535.936746988, 0.0], [662294.8162650602, 2570540.9307228914, 0.0], [662294.8162650602, 2570545.924698795, 0.0], [662294.8162650602, 2570550.9186746986, 0.0], [662289.8222891566, 2570555.9126506024, 0.0], [662289.8222891566, 2570560.906626506, 0.0], [662289.8222891566, 2570565.9006024096, 0.0], [662289.8222891566, 2570570.894578313, 0.0], [662289.8222891566, 2570575.888554217, 0.0], [662294.8162650602, 2570580.88253012, 0.0], [662294.8162650602, 2570585.876506024, 0.0], [662294.8162650602, 2570590.8704819274, 0.0], [662294.8162650602, 2570595.8644578313, 0.0], [662289.8222891566, 2570600.8584337346, 0.0], [662289.8222891566, 2570605.8524096385, 0.0], [662284.828313253, 2570610.846385542, 0.0], [662284.828313253, 2570615.8403614457, 0.0], [662284.828313253, 2570620.834337349, 0.0], [662284.828313253, 2570625.828313253, 0.0], [662279.8343373494, 2570630.8222891563, 0.0], [662274.8403614458, 2570630.8222891563, 0.0], [662274.8403614458, 2570635.81626506, 0.0], [662269.8463855421, 2570640.8102409635, 0.0], [662264.8524096385, 2570645.8042168673, 0.0], [662264.8524096385, 2570650.7981927707, 0.0], [662259.8584337349, 2570655.7921686745, 0.0], [662254.8644578313, 2570660.786144578, 0.0], [662254.8644578313, 2570665.7801204817, 0.0], [662249.8704819276, 2570670.7740963856, 0.0], [662244.876506024, 2570675.768072289, 0.0], [662244.876506024, 2570680.762048193, 0.0], [662239.8825301204, 2570685.756024096, 0.0], [662239.8825301204, 2570690.75, 0.0], [662234.8885542168, 2570695.7439759034, 0.0], [662234.8885542168, 2570700.737951807, 0.0], [662234.8885542168, 2570705.7319277106, 0.0], [662229.8945783132, 2570710.7259036144, 0.0], [662224.9006024096, 2570715.719879518, 0.0], [662224.9006024096, 2570720.7138554216, 0.0], [662224.9006024096, 2570725.707831325, 0.0], [662219.906626506, 2570730.701807229, 0.0], [662219.906626506, 2570735.695783132, 0.0], [662214.9126506024, 2570740.689759036, 0.0], [662214.9126506024, 2570745.6837349394, 0.0], [662214.9126506024, 2570750.6777108433, 0.0], [662214.9126506024, 2570755.6716867466, 0.0], [662209.9186746988, 2570760.6656626505, 0.0], [662204.9246987952, 2570765.659638554, 0.0], [662199.9307228915, 2570770.6536144577, 0.0], [662194.9367469879, 2570775.647590361, 0.0], [662189.9427710843, 2570780.641566265, 0.0], [662184.9487951807, 2570785.6355421683, 0.0], [662179.954819277, 2570790.629518072, 0.0], [662174.9608433734, 2570795.6234939755, 0.0], [662174.9608433734, 2570800.6174698793, 0.0], [662174.9608433734, 2570805.611445783, 0.0], [662174.9608433734, 2570810.6054216865, 0.0], [662174.9608433734, 2570815.5993975904, 0.0], [662174.9608433734, 2570820.5933734938, 0.0], [662169.9668674698, 2570825.5873493976, 0.0], [662164.9728915662, 2570830.581325301, 0.0], [662159.9789156626, 2570835.575301205, 0.0], [662159.9789156626, 2570840.569277108, 0.0], [662154.984939759, 2570845.563253012, 0.0], [662154.984939759, 2570850.5572289154, 0.0], [662149.9909638554, 2570855.551204819, 0.0], [662144.9969879518, 2570860.5451807226, 0.0], [662144.9969879518, 2570865.5391566264, 0.0], [662140.0030120482, 2570870.53313253, 0.0], [662140.0030120482, 2570875.5271084337, 0.0], [662135.0090361446, 2570880.521084337, 0.0], [662130.0150602409, 2570885.515060241, 0.0], [662125.0210843373, 2570890.5090361442, 0.0], [662120.0271084337, 2570895.503012048, 0.0], [662115.03313253, 2570900.4969879515, 0.0], [662110.0391566264, 2570905.4909638553, 0.0], [662105.0451807228, 2570910.4849397587, 0.0], [662100.0512048192, 2570915.4789156625, 0.0], [662095.0572289156, 2570920.472891566, 0.0], [662095.0572289156, 2570925.4668674697, 0.0], [662090.063253012, 2570930.460843373, 0.0], [662090.063253012, 2570935.454819277, 0.0], [662090.063253012, 2570940.448795181, 0.0], [662085.0692771084, 2570945.442771084, 0.0], [662080.0753012048, 2570950.436746988, 0.0], [662075.0813253012, 2570955.4307228914, 0.0], [662070.0873493976, 2570960.424698795, 0.0], [662065.093373494, 2570965.4186746986, 0.0], [662060.0993975903, 2570970.4126506024, 0.0], [662055.1054216867, 2570975.406626506, 0.0], [662050.111445783, 2570975.406626506, 0.0], [662045.1174698794, 2570980.4006024096, 0.0], [662040.1234939758, 2570985.394578313, 0.0], [662035.1295180722, 2570990.388554217, 0.0], [662030.1355421686, 2570990.388554217, 0.0], [662025.141566265, 2570995.38253012, 0.0], [662020.1475903614, 2571000.376506024, 0.0], [662015.1536144578, 2571000.376506024, 0.0], [662010.1596385542, 2571005.3704819274, 0.0], [662005.1656626506, 2571010.3644578313, 0.0], [662000.171686747, 2571010.3644578313, 0.0], [661995.1777108433, 2571010.3644578313, 0.0], [661990.1837349397, 2571015.3584337346, 0.0], [661985.1897590361, 2571015.3584337346, 0.0], [661980.1957831325, 2571020.3524096385, 0.0], [661975.2018072288, 2571025.346385542, 0.0], [661970.2078313252, 2571030.3403614457, 0.0], [661965.2138554216, 2571035.334337349, 0.0], [661960.219879518, 2571035.334337349, 0.0], [661955.2259036144, 2571035.334337349, 0.0], [661950.2319277108, 2571035.334337349, 0.0], [661945.2379518072, 2571040.328313253, 0.0], [661940.2439759036, 2571040.328313253, 0.0], [661935.25, 2571045.3222891563, 0.0], [661930.2560240964, 2571045.3222891563, 0.0], [661925.2620481927, 2571045.3222891563, 0.0], [661920.2680722891, 2571050.31626506, 0.0], [661915.2740963855, 2571055.3102409635, 0.0], [661910.2801204819, 2571055.3102409635, 0.0], [661905.2861445782, 2571055.3102409635, 0.0], [661900.2921686746, 2571060.3042168673, 0.0], [661895.298192771, 2571065.2981927707, 0.0], [661890.3042168674, 2571065.2981927707, 0.0], [661885.3102409638, 2571070.2921686745, 0.0], [661880.3162650602, 2571075.286144578, 0.0], [661875.3222891566, 2571075.286144578, 0.0], [661870.328313253, 2571075.286144578, 0.0], [661865.3343373494, 2571080.2801204817, 0.0], [661860.3403614458, 2571080.2801204817, 0.0], [661855.3463855421, 2571085.2740963856, 0.0], [661850.3524096385, 2571090.268072289, 0.0], [661845.3584337349, 2571090.268072289, 0.0], [661840.3644578313, 2571090.268072289, 0.0], [661835.3704819276, 2571095.262048193, 0.0], [661830.376506024, 2571100.256024096, 0.0], [661825.3825301204, 2571100.256024096, 0.0], [661820.3885542168, 2571105.25, 0.0], [661815.3945783132, 2571105.25, 0.0], [661810.4006024096, 2571110.2439759034, 0.0], [661805.406626506, 2571115.237951807, 0.0], [661800.4126506024, 2571120.2319277106, 0.0], [661795.4186746988, 2571125.2259036144, 0.0], [661790.4246987952, 2571130.219879518, 0.0], [661785.4307228915, 2571135.2138554216, 0.0], [661780.4367469879, 2571135.2138554216, 0.0], [661775.4427710843, 2571140.207831325, 0.0], [661770.4487951807, 2571145.201807229, 0.0], [661765.454819277, 2571145.201807229, 0.0], [661760.4608433734, 2571150.195783132, 0.0], [661755.4668674698, 2571150.195783132, 0.0], [661750.4728915662, 2571150.195783132, 0.0], [661745.4789156626, 2571155.189759036, 0.0], [661740.484939759, 2571160.1837349394, 0.0], [661735.4909638554, 2571160.1837349394, 0.0], [661730.4969879518, 2571165.1777108433, 0.0], [661725.5030120482, 2571165.1777108433, 0.0], [661720.5090361445, 2571170.1716867466, 0.0], [661715.5150602409, 2571170.1716867466, 0.0], [661710.5210843373, 2571175.1656626505, 0.0], [661705.5271084337, 2571175.1656626505, 0.0], [661700.53313253, 2571175.1656626505, 0.0], [661695.5391566264, 2571180.159638554, 0.0], [661690.5451807228, 2571180.159638554, 0.0], [661685.5512048192, 2571185.1536144577, 0.0], [661680.5572289156, 2571185.1536144577, 0.0], [661675.563253012, 2571185.1536144577, 0.0], [661670.5692771084, 2571190.147590361, 0.0], [661665.5753012048, 2571190.147590361, 0.0], [661660.5813253012, 2571190.147590361, 0.0], [661655.5873493976, 2571195.141566265, 0.0], [661650.593373494, 2571195.141566265, 0.0], [661645.5993975903, 2571195.141566265, 0.0], [661640.6054216867, 2571200.1355421683, 0.0], [661635.611445783, 2571200.1355421683, 0.0], [661630.6174698794, 2571200.1355421683, 0.0], [661625.6234939758, 2571200.1355421683, 0.0], [661620.6295180722, 2571200.1355421683, 0.0], [661615.6355421686, 2571200.1355421683, 0.0], [661610.641566265, 2571200.1355421683, 0.0], [661605.6475903614, 2571200.1355421683, 0.0], [661600.6536144578, 2571200.1355421683, 0.0], [661595.6596385542, 2571200.1355421683, 0.0], [661590.6656626506, 2571200.1355421683, 0.0], [661585.671686747, 2571200.1355421683, 0.0], [661580.6777108433, 2571200.1355421683, 0.0], [661575.6837349397, 2571200.1355421683, 0.0], [661570.6897590361, 2571200.1355421683, 0.0], [661565.6957831325, 2571200.1355421683, 0.0], [661560.7018072288, 2571200.1355421683, 0.0], [661555.7078313252, 2571200.1355421683, 0.0], [661550.7138554216, 2571200.1355421683, 0.0], [661545.719879518, 2571200.1355421683, 0.0], [661540.7259036144, 2571205.129518072, 0.0], [661535.7319277108, 2571205.129518072, 0.0], [661530.7379518072, 2571210.1234939755, 0.0], [661525.7439759036, 2571210.1234939755, 0.0], [661520.75, 2571210.1234939755, 0.0], [661515.7560240964, 2571210.1234939755, 0.0], [661515.7560240964, 2571215.1174698793, 0.0], [661510.7620481927, 2571215.1174698793, 0.0], [661505.7680722891, 2571215.1174698793, 0.0], [661500.7740963855, 2571215.1174698793, 0.0], [661495.7801204819, 2571210.1234939755, 0.0], [661490.7861445782, 2571210.1234939755, 0.0], [661485.7921686746, 2571210.1234939755, 0.0], [661480.798192771, 2571210.1234939755, 0.0], [661475.8042168674, 2571210.1234939755, 0.0], [661470.8102409638, 2571210.1234939755, 0.0], [661465.8162650602, 2571205.129518072, 0.0], [661460.8222891566, 2571205.129518072, 0.0], [661455.828313253, 2571205.129518072, 0.0], [661450.8343373494, 2571205.129518072, 0.0], [661445.8403614458, 2571200.1355421683, 0.0], [661440.8463855421, 2571200.1355421683, 0.0], [661435.8524096385, 2571200.1355421683, 0.0], [661430.8584337349, 2571200.1355421683, 0.0], [661425.8644578313, 2571200.1355421683, 0.0], [661420.8704819276, 2571195.141566265, 0.0], [661415.876506024, 2571195.141566265, 0.0], [661410.8825301204, 2571195.141566265, 0.0], [661405.8885542168, 2571195.141566265, 0.0], [661400.8945783132, 2571200.1355421683, 0.0], [661395.9006024096, 2571200.1355421683, 0.0], [661390.906626506, 2571195.141566265, 0.0], [661385.9126506024, 2571195.141566265, 0.0], [661380.9186746988, 2571195.141566265, 0.0], [661375.9246987952, 2571195.141566265, 0.0], [661370.9307228915, 2571195.141566265, 0.0], [661365.9367469879, 2571190.147590361, 0.0], [661360.9427710843, 2571190.147590361, 0.0], [661355.9487951807, 2571190.147590361, 0.0], [661350.954819277, 2571190.147590361, 0.0], [661345.9608433734, 2571185.1536144577, 0.0], [661340.9668674698, 2571185.1536144577, 0.0], [661335.9728915662, 2571185.1536144577, 0.0], [661330.9789156626, 2571185.1536144577, 0.0], [661325.984939759, 2571180.159638554, 0.0], [661320.9909638554, 2571180.159638554, 0.0], [661315.9969879518, 2571180.159638554, 0.0], [661311.0030120482, 2571180.159638554, 0.0], [661306.0090361445, 2571180.159638554, 0.0], [661301.0150602409, 2571180.159638554, 0.0], [661296.0210843373, 2571180.159638554, 0.0], [661291.0271084337, 2571180.159638554, 0.0], [661286.03313253, 2571180.159638554, 0.0], [661281.0391566264, 2571180.159638554, 0.0], [661276.0451807228, 2571180.159638554, 0.0], [661271.0512048192, 2571180.159638554, 0.0], [661266.0572289156, 2571180.159638554, 0.0], [661261.063253012, 2571180.159638554, 0.0], [661256.0692771084, 2571180.159638554, 0.0], [661251.0753012048, 2571180.159638554, 0.0], [661246.0813253012, 2571180.159638554, 0.0], [661241.0873493976, 2571180.159638554, 0.0], [661236.093373494, 2571180.159638554, 0.0], [661231.0993975903, 2571180.159638554, 0.0], [661226.1054216867, 2571180.159638554, 0.0], [661221.111445783, 2571180.159638554, 0.0], [661216.1174698794, 2571180.159638554, 0.0], [661211.1234939758, 2571180.159638554, 0.0], [661206.1295180722, 2571180.159638554, 0.0], [661201.1355421686, 2571180.159638554, 0.0], [661196.141566265, 2571185.1536144577, 0.0], [661191.1475903614, 2571190.147590361, 0.0], [661186.1536144578, 2571195.141566265, 0.0], [661181.1596385542, 2571195.141566265, 0.0], [661176.1656626506, 2571200.1355421683, 0.0], [661171.171686747, 2571205.129518072, 0.0], [661166.1777108433, 2571205.129518072, 0.0], [661161.1837349397, 2571210.1234939755, 0.0], [661156.1897590361, 2571215.1174698793, 0.0], [661151.1957831325, 2571215.1174698793, 0.0], [661146.2018072288, 2571215.1174698793, 0.0], [661141.2078313252, 2571220.111445783, 0.0], [661136.2138554216, 2571225.1054216865, 0.0], [661131.219879518, 2571225.1054216865, 0.0], [661126.2259036144, 2571225.1054216865, 0.0], [661121.2319277108, 2571230.0993975904, 0.0], [661116.2379518072, 2571230.0993975904, 0.0], [661111.2439759036, 2571230.0993975904, 0.0], [661106.25, 2571235.0933734938, 0.0], [661101.2560240964, 2571235.0933734938, 0.0], [661096.2620481927, 2571240.0873493976, 0.0], [661091.2680722891, 2571240.0873493976, 0.0], [661086.2740963855, 2571240.0873493976, 0.0], [661081.2801204819, 2571240.0873493976, 0.0], [661076.2861445782, 2571245.081325301, 0.0], [661071.2921686746, 2571245.081325301, 0.0], [661066.298192771, 2571250.075301205, 0.0], [661061.3042168674, 2571250.075301205, 0.0], [661056.3102409638, 2571255.069277108, 0.0], [661051.3162650602, 2571255.069277108, 0.0], [661046.3222891566, 2571255.069277108, 0.0], [661041.328313253, 2571260.063253012, 0.0], [661036.3343373494, 2571260.063253012, 0.0], [661031.3403614458, 2571265.0572289154, 0.0], [661026.3463855421, 2571265.0572289154, 0.0], [661021.3524096385, 2571270.051204819, 0.0], [661016.3584337349, 2571270.051204819, 0.0], [661011.3644578313, 2571275.0451807226, 0.0], [661006.3704819276, 2571280.0391566264, 0.0], [661001.376506024, 2571285.03313253, 0.0], [660996.3825301204, 2571290.0271084337, 0.0], [660991.3885542168, 2571295.021084337, 0.0], [660991.3885542168, 2571300.015060241, 0.0], [660986.3945783132, 2571305.0090361442, 0.0], [660981.4006024096, 2571310.003012048, 0.0], [660981.4006024096, 2571314.9969879515, 0.0], [660981.4006024096, 2571319.9909638553, 0.0], [660976.406626506, 2571324.9849397587, 0.0], [660976.406626506, 2571329.9789156625, 0.0], [660976.406626506, 2571334.972891566, 0.0], [660971.4126506024, 2571339.9668674697, 0.0], [660971.4126506024, 2571344.960843373, 0.0], [660966.4186746988, 2571349.954819277, 0.0], [660961.4246987952, 2571354.948795181, 0.0], [660956.4307228915, 2571359.942771084, 0.0], [660951.4367469879, 2571364.936746988, 0.0], [660951.4367469879, 2571369.9307228914, 0.0], [660951.4367469879, 2571374.924698795, 0.0], [660951.4367469879, 2571379.9186746986, 0.0], [660951.4367469879, 2571384.9126506024, 0.0], [660946.4427710843, 2571389.906626506, 0.0], [660941.4487951807, 2571394.9006024096, 0.0], [660936.454819277, 2571394.9006024096, 0.0], [660931.4608433734, 2571399.894578313, 0.0], [660926.4668674698, 2571404.888554217, 0.0], [660921.4728915662, 2571409.88253012, 0.0], [660916.4789156626, 2571414.876506024, 0.0], [660911.484939759, 2571419.8704819274, 0.0], [660906.4909638554, 2571424.8644578313, 0.0], [660901.4969879518, 2571429.8584337346, 0.0], [660896.5030120482, 2571429.8584337346, 0.0], [660896.5030120482, 2571434.8524096385, 0.0], [660891.5090361445, 2571439.846385542, 0.0], [660886.5150602409, 2571444.8403614457, 0.0], [660886.5150602409, 2571449.834337349, 0.0], [660886.5150602409, 2571454.828313253, 0.0], [660881.5210843373, 2571459.8222891563, 0.0], [660876.5271084337, 2571464.81626506, 0.0], [660871.53313253, 2571469.8102409635, 0.0], [660871.53313253, 2571474.8042168673, 0.0], [660866.5391566264, 2571479.7981927707, 0.0], [660866.5391566264, 2571484.7921686745, 0.0], [660866.5391566264, 2571489.786144578, 0.0], [660861.5451807228, 2571494.7801204817, 0.0], [660856.5512048192, 2571494.7801204817, 0.0], [660851.5572289156, 2571499.7740963856, 0.0], [660846.563253012, 2571504.768072289, 0.0], [660841.5692771084, 2571509.762048193, 0.0], [660836.5753012048, 2571509.762048193, 0.0], [660831.5813253012, 2571514.756024096, 0.0], [660826.5873493976, 2571514.756024096, 0.0], [660821.593373494, 2571519.75, 0.0], [660816.5993975903, 2571519.75, 0.0], [660811.6054216867, 2571524.7439759034, 0.0], [660806.611445783, 2571524.7439759034, 0.0], [660801.6174698794, 2571529.737951807, 0.0], [660796.6234939758, 2571534.7319277106, 0.0], [660791.6295180722, 2571534.7319277106, 0.0], [660786.6355421686, 2571534.7319277106, 0.0], [660781.641566265, 2571534.7319277106, 0.0], [660776.6475903614, 2571534.7319277106, 0.0], [660771.6536144578, 2571534.7319277106, 0.0], [660766.6596385542, 2571534.7319277106, 0.0], [660761.6656626506, 2571534.7319277106, 0.0], [660756.671686747, 2571534.7319277106, 0.0], [660751.6777108433, 2571534.7319277106, 0.0], [660746.6837349397, 2571539.7259036144, 0.0], [660741.6897590361, 2571544.719879518, 0.0], [660736.6957831325, 2571549.7138554216, 0.0], [660731.7018072288, 2571554.707831325, 0.0], [660726.7078313252, 2571559.701807229, 0.0], [660721.7138554216, 2571564.695783132, 0.0], [660716.719879518, 2571564.695783132, 0.0], [660711.7259036144, 2571564.695783132, 0.0], [660706.7319277108, 2571564.695783132, 0.0], [660701.7379518072, 2571564.695783132, 0.0], [660696.7439759036, 2571564.695783132, 0.0], [660691.75, 2571564.695783132, 0.0], [660686.7560240964, 2571569.689759036, 0.0], [660681.7620481927, 2571574.6837349394, 0.0], [660676.7680722891, 2571579.6777108433, 0.0], [660671.7740963855, 2571584.6716867466, 0.0], [660666.7801204819, 2571589.6656626505, 0.0], [660661.7861445782, 2571589.6656626505, 0.0], [660656.7921686746, 2571589.6656626505, 0.0], [660651.798192771, 2571589.6656626505, 0.0], [660646.8042168674, 2571594.659638554, 0.0], [660641.8102409638, 2571594.659638554, 0.0], [660636.8162650602, 2571599.6536144577, 0.0], [660631.8222891566, 2571604.647590361, 0.0], [660626.828313253, 2571609.641566265, 0.0], [660621.8343373494, 2571614.6355421683, 0.0], [660616.8403614458, 2571619.629518072, 0.0], [660611.8463855421, 2571619.629518072, 0.0], [660606.8524096385, 2571619.629518072, 0.0], [660601.8584337349, 2571624.6234939755, 0.0], [660596.8644578313, 2571629.6174698793, 0.0], [660591.8704819276, 2571629.6174698793, 0.0], [660586.876506024, 2571629.6174698793, 0.0], [660581.8825301204, 2571624.6234939755, 0.0], [660576.8885542168, 2571624.6234939755, 0.0], [660571.8945783132, 2571624.6234939755, 0.0], [660566.9006024096, 2571629.6174698793, 0.0], [660561.906626506, 2571629.6174698793, 0.0], [660556.9126506024, 2571634.611445783, 0.0], [660551.9186746988, 2571639.6054216865, 0.0], [660546.9246987952, 2571644.5993975904, 0.0], [660541.9307228915, 2571649.5933734938, 0.0], [660536.9367469879, 2571649.5933734938, 0.0], [660531.9427710843, 2571654.5873493976, 0.0], [660526.9487951807, 2571654.5873493976, 0.0], [660521.954819277, 2571659.581325301, 0.0], [660516.9608433734, 2571659.581325301, 0.0], [660511.9668674698, 2571664.575301205, 0.0], [660506.9728915662, 2571664.575301205, 0.0], [660501.9789156626, 2571664.575301205, 0.0], [660496.984939759, 2571664.575301205, 0.0], [660491.9909638554, 2571669.569277108, 0.0], [660486.9969879518, 2571669.569277108, 0.0], [660482.0030120482, 2571669.569277108, 0.0], [660477.0090361445, 2571674.563253012, 0.0], [660472.0150602409, 2571679.5572289154, 0.0], [660467.0210843373, 2571684.551204819, 0.0], [660467.0210843373, 2571689.5451807226, 0.0], [660467.0210843373, 2571694.5391566264, 0.0], [660462.0271084337, 2571699.53313253, 0.0], [660457.03313253, 2571704.5271084337, 0.0], [660457.03313253, 2571709.521084337, 0.0], [660457.03313253, 2571714.515060241, 0.0], [660457.03313253, 2571719.5090361442, 0.0], [660457.03313253, 2571724.503012048, 0.0], [660457.03313253, 2571729.4969879515, 0.0], [660452.0391566264, 2571734.4909638553, 0.0], [660447.0451807228, 2571739.4849397587, 0.0], [660442.0512048192, 2571744.4789156625, 0.0], [660437.0572289156, 2571749.472891566, 0.0], [660432.063253012, 2571754.4668674697, 0.0], [660427.0692771084, 2571759.460843373, 0.0], [660422.0753012048, 2571764.454819277, 0.0], [660417.0813253012, 2571764.454819277, 0.0], [660412.0873493976, 2571769.448795181, 0.0], [660407.0933734939, 2571769.448795181, 0.0], [660402.0993975903, 2571774.442771084, 0.0], [660397.1054216867, 2571779.436746988, 0.0], [660392.111445783, 2571779.436746988, 0.0], [660387.1174698794, 2571779.436746988, 0.0], [660382.1234939758, 2571779.436746988, 0.0], [660377.1295180722, 2571784.4307228914, 0.0], [660372.1355421686, 2571789.424698795, 0.0], [660367.141566265, 2571789.424698795, 0.0], [660362.1475903614, 2571789.424698795, 0.0], [660357.1536144578, 2571789.424698795, 0.0], [660352.1596385542, 2571789.424698795, 0.0], [660347.1656626506, 2571789.424698795, 0.0], [660342.171686747, 2571789.424698795, 0.0], [660337.1777108433, 2571789.424698795, 0.0], [660332.1837349397, 2571789.424698795, 0.0], [660327.1897590361, 2571789.424698795, 0.0], [660322.1957831325, 2571789.424698795, 0.0], [660317.2018072288, 2571784.4307228914, 0.0], [660312.2078313252, 2571784.4307228914, 0.0], [660307.2138554216, 2571784.4307228914, 0.0], [660302.219879518, 2571784.4307228914, 0.0], [660297.2259036144, 2571779.436746988, 0.0], [660292.2319277108, 2571779.436746988, 0.0], [660287.2379518072, 2571779.436746988, 0.0], [660282.2439759036, 2571779.436746988, 0.0], [660277.25, 2571779.436746988, 0.0], [660272.2560240964, 2571779.436746988, 0.0], [660267.2620481927, 2571779.436746988, 0.0], [660262.2680722891, 2571784.4307228914, 0.0], [660257.2740963855, 2571789.424698795, 0.0], [660252.2801204819, 2571794.4186746986, 0.0], [660247.2861445782, 2571794.4186746986, 0.0], [660242.2921686746, 2571794.4186746986, 0.0], [660237.298192771, 2571794.4186746986, 0.0], [660232.3042168674, 2571794.4186746986, 0.0], [660227.3102409638, 2571794.4186746986, 0.0], [660222.3162650602, 2571794.4186746986, 0.0], [660217.3222891566, 2571794.4186746986, 0.0], [660212.328313253, 2571794.4186746986, 0.0], [660207.3343373494, 2571789.424698795, 0.0], [660202.3403614458, 2571789.424698795, 0.0], [660197.3463855421, 2571784.4307228914, 0.0], [660192.3524096385, 2571784.4307228914, 0.0], [660187.3584337349, 2571784.4307228914, 0.0], [660182.3644578313, 2571779.436746988, 0.0], [660177.3704819276, 2571779.436746988, 0.0], [660172.376506024, 2571774.442771084, 0.0], [660167.3825301204, 2571769.448795181, 0.0], [660162.3885542168, 2571769.448795181, 0.0], [660157.3945783132, 2571764.454819277, 0.0], [660152.4006024096, 2571764.454819277, 0.0], [660147.406626506, 2571759.460843373, 0.0], [660142.4126506024, 2571759.460843373, 0.0], [660137.4186746988, 2571759.460843373, 0.0], [660132.4246987952, 2571759.460843373, 0.0], [660127.4307228915, 2571759.460843373, 0.0], [660122.4367469879, 2571754.4668674697, 0.0], [660117.4427710843, 2571749.472891566, 0.0], [660112.4487951807, 2571749.472891566, 0.0], [660107.454819277, 2571744.4789156625, 0.0], [660102.4608433734, 2571739.4849397587, 0.0], [660097.4668674698, 2571734.4909638553, 0.0], [660092.4728915662, 2571734.4909638553, 0.0], [660087.4789156626, 2571729.4969879515, 0.0], [660087.4789156626, 2571724.503012048, 0.0], [660082.484939759, 2571719.5090361442, 0.0], [660082.484939759, 2571714.515060241, 0.0], [660077.4909638554, 2571714.515060241, 0.0], [660072.4969879518, 2571714.515060241, 0.0], [660067.5030120482, 2571709.521084337, 0.0], [660062.5090361445, 2571709.521084337, 0.0], [660057.5150602409, 2571704.5271084337, 0.0], [660052.5210843373, 2571699.53313253, 0.0], [660047.5271084337, 2571694.5391566264, 0.0], [660042.53313253, 2571689.5451807226, 0.0], [660037.5391566264, 2571689.5451807226, 0.0], [660032.5451807228, 2571689.5451807226, 0.0], [660027.5512048192, 2571689.5451807226, 0.0], [660022.5572289156, 2571684.551204819, 0.0], [660017.563253012, 2571684.551204819, 0.0], [660012.5692771084, 2571684.551204819, 0.0], [660007.5753012048, 2571679.5572289154, 0.0], [660002.5813253012, 2571679.5572289154, 0.0], [659997.5873493976, 2571674.563253012, 0.0], [659992.5933734939, 2571669.569277108, 0.0], [659987.5993975903, 2571664.575301205, 0.0], [659987.5993975903, 2571659.581325301, 0.0], [659982.6054216867, 2571659.581325301, 0.0], [659977.611445783, 2571654.5873493976, 0.0], [659972.6174698794, 2571649.5933734938, 0.0], [659967.6234939758, 2571644.5993975904, 0.0], [659962.6295180722, 2571644.5993975904, 0.0], [659957.6355421686, 2571639.6054216865, 0.0], [659952.641566265, 2571639.6054216865, 0.0], [659947.6475903614, 2571634.611445783, 0.0], [659942.6536144578, 2571634.611445783, 0.0], [659937.6596385542, 2571634.611445783, 0.0], [659932.6656626506, 2571629.6174698793, 0.0], [659927.671686747, 2571629.6174698793, 0.0], [659922.6777108433, 2571629.6174698793, 0.0], [659917.6837349397, 2571629.6174698793, 0.0], [659912.6897590361, 2571624.6234939755, 0.0], [659907.6957831325, 2571619.629518072, 0.0], [659902.7018072288, 2571619.629518072, 0.0], [659897.7078313252, 2571619.629518072, 0.0], [659892.7138554216, 2571619.629518072, 0.0], [659887.719879518, 2571614.6355421683, 0.0], [659882.7259036144, 2571614.6355421683, 0.0], [659877.7319277108, 2571614.6355421683, 0.0], [659872.7379518072, 2571614.6355421683, 0.0], [659867.7439759036, 2571619.629518072, 0.0], [659862.75, 2571624.6234939755, 0.0], [659857.7560240964, 2571629.6174698793, 0.0], [659852.7620481927, 2571629.6174698793, 0.0], [659847.7680722891, 2571629.6174698793, 0.0], [659842.7740963855, 2571629.6174698793, 0.0], [659837.7801204819, 2571629.6174698793, 0.0], [659832.7861445782, 2571629.6174698793, 0.0], [659827.7921686746, 2571629.6174698793, 0.0], [659822.798192771, 2571629.6174698793, 0.0], [659817.8042168674, 2571629.6174698793, 0.0], [659812.8102409638, 2571629.6174698793, 0.0], [659807.8162650602, 2571634.611445783, 0.0], [659802.8222891566, 2571634.611445783, 0.0], [659797.828313253, 2571634.611445783, 0.0], [659792.8343373494, 2571634.611445783, 0.0], [659787.8403614457, 2571634.611445783, 0.0], [659782.8463855421, 2571634.611445783, 0.0], [659777.8524096385, 2571634.611445783, 0.0], [659772.8584337349, 2571634.611445783, 0.0], [659767.8644578313, 2571634.611445783, 0.0], [659762.8704819276, 2571629.6174698793, 0.0], [659757.876506024, 2571634.611445783, 0.0], [659752.8825301204, 2571634.611445783, 0.0], [659747.8885542168, 2571634.611445783, 0.0], [659742.8945783132, 2571634.611445783, 0.0], [659737.9006024096, 2571634.611445783, 0.0], [659732.906626506, 2571634.611445783, 0.0], [659727.9126506024, 2571634.611445783, 0.0], [659722.9186746988, 2571629.6174698793, 0.0], [659717.9246987952, 2571624.6234939755, 0.0], [659712.9307228915, 2571629.6174698793, 0.0], [659707.9367469879, 2571629.6174698793, 0.0], [659702.9427710843, 2571629.6174698793, 0.0], [659697.9487951807, 2571629.6174698793, 0.0], [659692.954819277, 2571634.611445783, 0.0], [659687.9608433734, 2571634.611445783, 0.0], [659682.9668674698, 2571639.6054216865, 0.0], [659677.9728915662, 2571639.6054216865, 0.0], [659672.9789156626, 2571639.6054216865, 0.0], [659667.984939759, 2571644.5993975904, 0.0], [659662.9909638554, 2571644.5993975904, 0.0], [659657.9969879518, 2571649.5933734938, 0.0], [659653.0030120482, 2571649.5933734938, 0.0], [659648.0090361445, 2571654.5873493976, 0.0], [659643.0150602409, 2571654.5873493976, 0.0], [659638.0210843373, 2571654.5873493976, 0.0], [659633.0271084337, 2571654.5873493976, 0.0], [659628.03313253, 2571654.5873493976, 0.0], [659623.0391566264, 2571654.5873493976, 0.0], [659618.0451807228, 2571654.5873493976, 0.0], [659613.0512048192, 2571654.5873493976, 0.0], [659608.0572289156, 2571654.5873493976, 0.0], [659603.063253012, 2571654.5873493976, 0.0], [659598.0692771084, 2571654.5873493976, 0.0], [659593.0753012048, 2571654.5873493976, 0.0], [659588.0813253012, 2571654.5873493976, 0.0], [659583.0873493976, 2571654.5873493976, 0.0], [659578.0933734939, 2571654.5873493976, 0.0], [659573.0993975903, 2571654.5873493976, 0.0], [659568.1054216867, 2571654.5873493976, 0.0], [659563.111445783, 2571654.5873493976, 0.0], [659558.1174698794, 2571654.5873493976, 0.0], [659553.1234939758, 2571654.5873493976, 0.0], [659548.1295180722, 2571654.5873493976, 0.0], [659543.1355421686, 2571654.5873493976, 0.0], [659538.141566265, 2571654.5873493976, 0.0], [659533.1475903614, 2571654.5873493976, 0.0], [659528.1536144578, 2571654.5873493976, 0.0], [659523.1596385542, 2571659.581325301, 0.0], [659518.1656626506, 2571659.581325301, 0.0], [659513.171686747, 2571659.581325301, 0.0], [659508.1777108433, 2571664.575301205, 0.0], [659508.1777108433, 2571669.569277108, 0.0], [659503.1837349397, 2571674.563253012, 0.0], [659498.1897590361, 2571679.5572289154, 0.0], [659493.1957831325, 2571684.551204819, 0.0], [659488.2018072288, 2571689.5451807226, 0.0], [659483.2078313252, 2571694.5391566264, 0.0], [659478.2138554216, 2571699.53313253, 0.0], [659473.219879518, 2571704.5271084337, 0.0], [659468.2259036144, 2571704.5271084337, 0.0], [659463.2319277108, 2571709.521084337, 0.0], [659458.2379518072, 2571709.521084337, 0.0], [659453.2439759036, 2571709.521084337, 0.0], [659448.25, 2571709.521084337, 0.0], [659443.2560240964, 2571709.521084337, 0.0], [659438.2620481927, 2571709.521084337, 0.0], [659433.2680722891, 2571709.521084337, 0.0], [659428.2740963855, 2571714.515060241, 0.0], [659423.2801204819, 2571714.515060241, 0.0], [659418.2861445782, 2571709.521084337, 0.0], [659413.2921686746, 2571709.521084337, 0.0], [659408.298192771, 2571709.521084337, 0.0], [659403.3042168674, 2571709.521084337, 0.0], [659398.3102409638, 2571709.521084337, 0.0], [659393.3162650602, 2571709.521084337, 0.0], [659388.3222891566, 2571709.521084337, 0.0], [659383.328313253, 2571709.521084337, 0.0], [659378.3343373494, 2571709.521084337, 0.0], [659373.3403614457, 2571709.521084337, 0.0], [659368.3463855421, 2571709.521084337, 0.0], [659363.3524096385, 2571709.521084337, 0.0], [659358.3584337349, 2571709.521084337, 0.0], [659353.3644578313, 2571709.521084337, 0.0], [659348.3704819276, 2571709.521084337, 0.0], [659343.376506024, 2571714.515060241, 0.0], [659338.3825301204, 2571714.515060241, 0.0], [659333.3885542168, 2571714.515060241, 0.0], [659328.3945783132, 2571714.515060241, 0.0], [659323.4006024096, 2571714.515060241, 0.0], [659318.406626506, 2571714.515060241, 0.0], [659313.4126506024, 2571709.521084337, 0.0], [659308.4186746988, 2571709.521084337, 0.0], [659303.4246987952, 2571709.521084337, 0.0], [659298.4307228915, 2571709.521084337, 0.0], [659293.4367469879, 2571704.5271084337, 0.0], [659288.4427710843, 2571704.5271084337, 0.0], [659283.4487951807, 2571704.5271084337, 0.0], [659278.454819277, 2571709.521084337, 0.0], [659273.4608433734, 2571709.521084337, 0.0], [659268.4668674698, 2571709.521084337, 0.0], [659263.4728915662, 2571709.521084337, 0.0], [659258.4789156626, 2571709.521084337, 0.0], [659253.484939759, 2571709.521084337, 0.0], [659248.4909638554, 2571704.5271084337, 0.0], [659243.4969879518, 2571699.53313253, 0.0], [659238.5030120482, 2571699.53313253, 0.0], [659233.5090361445, 2571699.53313253, 0.0], [659228.5150602409, 2571699.53313253, 0.0], [659223.5210843373, 2571694.5391566264, 0.0], [659218.5271084337, 2571694.5391566264, 0.0], [659213.53313253, 2571694.5391566264, 0.0], [659208.5391566264, 2571694.5391566264, 0.0], [659203.5451807228, 2571694.5391566264, 0.0], [659198.5512048192, 2571694.5391566264, 0.0], [659193.5572289156, 2571689.5451807226, 0.0], [659188.563253012, 2571689.5451807226, 0.0], [659183.5692771084, 2571689.5451807226, 0.0], [659178.5753012048, 2571689.5451807226, 0.0], [659173.5813253012, 2571689.5451807226, 0.0], [659168.5873493976, 2571684.551204819, 0.0], [659163.5933734939, 2571684.551204819, 0.0], [659158.5993975903, 2571684.551204819, 0.0], [659153.6054216867, 2571684.551204819, 0.0], [659148.611445783, 2571679.5572289154, 0.0], [659143.6174698794, 2571679.5572289154, 0.0], [659138.6234939758, 2571679.5572289154, 0.0], [659133.6295180722, 2571679.5572289154, 0.0], [659128.6355421686, 2571679.5572289154, 0.0], [659123.641566265, 2571674.563253012, 0.0], [659118.6475903614, 2571674.563253012, 0.0], [659113.6536144578, 2571669.569277108, 0.0], [659108.6596385542, 2571669.569277108, 0.0], [659103.6656626506, 2571669.569277108, 0.0], [659098.671686747, 2571664.575301205, 0.0], [659093.6777108433, 2571664.575301205, 0.0], [659088.6837349397, 2571664.575301205, 0.0], [659083.6897590361, 2571664.575301205, 0.0], [659078.6957831325, 2571659.581325301, 0.0], [659073.7018072288, 2571659.581325301, 0.0], [659068.7078313252, 2571659.581325301, 0.0], [659063.7138554216, 2571659.581325301, 0.0], [659058.719879518, 2571659.581325301, 0.0], [659053.7259036144, 2571659.581325301, 0.0], [659048.7319277108, 2571659.581325301, 0.0], [659043.7379518072, 2571664.575301205, 0.0], [659038.7439759036, 2571669.569277108, 0.0], [659033.75, 2571669.569277108, 0.0], [659028.7560240964, 2571669.569277108, 0.0], [659023.7620481927, 2571674.563253012, 0.0], [659018.7680722891, 2571674.563253012, 0.0], [659013.7740963855, 2571674.563253012, 0.0], [659008.7801204819, 2571674.563253012, 0.0], [659003.7861445782, 2571674.563253012, 0.0], [658998.7921686746, 2571674.563253012, 0.0], [658993.798192771, 2571674.563253012, 0.0], [658988.8042168674, 2571674.563253012, 0.0], [658983.8102409638, 2571669.569277108, 0.0], [658978.8162650602, 2571664.575301205, 0.0], [658973.8222891566, 2571664.575301205, 0.0], [658968.828313253, 2571669.569277108, 0.0], [658963.8343373494, 2571669.569277108, 0.0], [658958.8403614457, 2571669.569277108, 0.0], [658953.8463855421, 2571674.563253012, 0.0], [658948.8524096385, 2571674.563253012, 0.0], [658943.8584337349, 2571674.563253012, 0.0], [658938.8644578313, 2571674.563253012, 0.0], [658933.8704819276, 2571674.563253012, 0.0], [658928.876506024, 2571674.563253012, 0.0], [658923.8825301204, 2571679.5572289154, 0.0], [658918.8885542168, 2571679.5572289154, 0.0], [658913.8945783132, 2571679.5572289154, 0.0], [658908.9006024096, 2571679.5572289154, 0.0], [658903.906626506, 2571679.5572289154, 0.0], [658898.9126506024, 2571684.551204819, 0.0], [658893.9186746988, 2571689.5451807226, 0.0], [658888.9246987952, 2571689.5451807226, 0.0], [658883.9307228915, 2571689.5451807226, 0.0], [658878.9367469879, 2571694.5391566264, 0.0], [658873.9427710843, 2571694.5391566264, 0.0], [658868.9487951807, 2571699.53313253, 0.0], [658863.954819277, 2571699.53313253, 0.0], [658858.9608433734, 2571699.53313253, 0.0], [658853.9668674698, 2571704.5271084337, 0.0], [658848.9728915662, 2571704.5271084337, 0.0], [658843.9789156626, 2571709.521084337, 0.0], [658838.984939759, 2571709.521084337, 0.0], [658833.9909638554, 2571709.521084337, 0.0], [658828.9969879518, 2571709.521084337, 0.0], [658824.0030120482, 2571714.515060241, 0.0], [658819.0090361445, 2571714.515060241, 0.0], [658814.0150602409, 2571714.515060241, 0.0], [658809.0210843373, 2571719.5090361442, 0.0], [658804.0271084337, 2571724.503012048, 0.0], [658804.0271084337, 2571729.4969879515, 0.0], [658799.03313253, 2571729.4969879515, 0.0], [658794.0391566264, 2571729.4969879515, 0.0], [658789.0451807228, 2571734.4909638553, 0.0], [658784.0512048192, 2571734.4909638553, 0.0], [658779.0572289156, 2571739.4849397587, 0.0], [658779.0572289156, 2571744.4789156625, 0.0], [658779.0572289156, 2571749.472891566, 0.0], [658779.0572289156, 2571754.4668674697, 0.0], [658774.063253012, 2571759.460843373, 0.0], [658769.0692771084, 2571759.460843373, 0.0], [658764.0753012048, 2571759.460843373, 0.0], [658759.0813253012, 2571764.454819277, 0.0], [658754.0873493976, 2571769.448795181, 0.0], [658749.0933734939, 2571769.448795181, 0.0], [658744.0993975903, 2571769.448795181, 0.0], [658739.1054216867, 2571774.442771084, 0.0], [658734.111445783, 2571779.436746988, 0.0], [658729.1174698794, 2571779.436746988, 0.0], [658729.1174698794, 2571784.4307228914, 0.0], [658724.1234939758, 2571789.424698795, 0.0], [658719.1295180722, 2571794.4186746986, 0.0], [658714.1355421686, 2571799.4126506024, 0.0], [658709.141566265, 2571804.406626506, 0.0], [658704.1475903614, 2571809.4006024096, 0.0], [658699.1536144578, 2571814.394578313, 0.0], [658694.1596385542, 2571819.388554217, 0.0], [658689.1656626506, 2571824.38253012, 0.0], [658684.171686747, 2571829.376506024, 0.0], [658679.1777108433, 2571834.3704819274, 0.0], [658674.1837349397, 2571839.3644578313, 0.0], [658669.1897590361, 2571844.3584337346, 0.0], [658669.1897590361, 2571849.3524096385, 0.0], [658664.1957831325, 2571854.346385542, 0.0], [658664.1957831325, 2571859.3403614457, 0.0], [658664.1957831325, 2571864.334337349, 0.0], [658659.2018072288, 2571869.328313253, 0.0], [658659.2018072288, 2571874.3222891563, 0.0], [658659.2018072288, 2571879.31626506, 0.0], [658659.2018072288, 2571884.3102409635, 0.0], [658654.2078313252, 2571889.3042168673, 0.0], [658654.2078313252, 2571894.2981927707, 0.0], [658649.2138554216, 2571899.2921686745, 0.0], [658644.219879518, 2571904.2861445784, 0.0], [658644.219879518, 2571909.2801204817, 0.0], [658639.2259036144, 2571914.2740963856, 0.0], [658639.2259036144, 2571919.268072289, 0.0], [658639.2259036144, 2571924.262048193, 0.0], [658634.2319277108, 2571929.256024096, 0.0], [658629.2379518072, 2571934.25, 0.0], [658624.2439759036, 2571939.2439759034, 0.0], [658619.25, 2571944.237951807, 0.0], [658614.2560240964, 2571949.2319277106, 0.0], [658609.2620481927, 2571954.2259036144, 0.0], [658604.2680722891, 2571954.2259036144, 0.0], [658599.2740963855, 2571959.219879518, 0.0], [658594.2801204819, 2571959.219879518, 0.0], [658589.2861445782, 2571964.2138554216, 0.0], [658584.2921686746, 2571969.207831325, 0.0], [658579.298192771, 2571969.207831325, 0.0], [658574.3042168674, 2571969.207831325, 0.0], [658569.3102409638, 2571969.207831325, 0.0], [658564.3162650602, 2571974.201807229, 0.0], [658559.3222891566, 2571974.201807229, 0.0], [658554.328313253, 2571979.195783132, 0.0], [658549.3343373494, 2571984.189759036, 0.0], [658544.3403614457, 2571984.189759036, 0.0], [658539.3463855421, 2571989.1837349394, 0.0], [658534.3524096385, 2571989.1837349394, 0.0], [658529.3584337349, 2571989.1837349394, 0.0], [658524.3644578313, 2571989.1837349394, 0.0], [658519.3704819276, 2571994.1777108433, 0.0], [658514.376506024, 2571999.1716867466, 0.0], [658509.3825301204, 2572004.1656626505, 0.0], [658504.3885542168, 2572004.1656626505, 0.0], [658499.3945783132, 2572009.159638554, 0.0], [658494.4006024096, 2572009.159638554, 0.0], [658489.406626506, 2572004.1656626505, 0.0], [658484.4126506024, 2571999.1716867466, 0.0], [658479.4186746988, 2571994.1777108433, 0.0], [658474.4246987951, 2571994.1777108433, 0.0], [658469.4307228915, 2571989.1837349394, 0.0], [658464.4367469879, 2571989.1837349394, 0.0], [658459.4427710843, 2571984.189759036, 0.0], [658454.4487951807, 2571979.195783132, 0.0], [658449.454819277, 2571974.201807229, 0.0], [658444.4608433734, 2571969.207831325, 0.0], [658439.4668674698, 2571969.207831325, 0.0], [658434.4728915662, 2571964.2138554216, 0.0], [658429.4789156626, 2571959.219879518, 0.0], [658424.484939759, 2571954.2259036144, 0.0], [658419.4909638554, 2571954.2259036144, 0.0], [658414.4969879518, 2571954.2259036144, 0.0], [658409.5030120482, 2571954.2259036144, 0.0], [658404.5090361445, 2571949.2319277106, 0.0], [658399.5150602409, 2571944.237951807, 0.0], [658394.5210843373, 2571939.2439759034, 0.0], [658389.5271084337, 2571934.25, 0.0], [658384.53313253, 2571929.256024096, 0.0], [658379.5391566264, 2571924.262048193, 0.0], [658374.5451807228, 2571919.268072289, 0.0], [658369.5512048192, 2571914.2740963856, 0.0], [658364.5572289156, 2571914.2740963856, 0.0], [658359.563253012, 2571909.2801204817, 0.0], [658359.563253012, 2571904.2861445784, 0.0], [658354.5692771084, 2571899.2921686745, 0.0], [658354.5692771084, 2571894.2981927707, 0.0], [658349.5753012048, 2571894.2981927707, 0.0], [658344.5813253012, 2571889.3042168673, 0.0], [658339.5873493976, 2571884.3102409635, 0.0], [658334.5933734939, 2571879.31626506, 0.0], [658329.5993975903, 2571874.3222891563, 0.0], [658324.6054216867, 2571874.3222891563, 0.0], [658319.611445783, 2571869.328313253, 0.0], [658314.6174698794, 2571864.334337349, 0.0], [658309.6234939758, 2571859.3403614457, 0.0], [658304.6295180722, 2571859.3403614457, 0.0], [658299.6355421686, 2571854.346385542, 0.0], [658294.641566265, 2571849.3524096385, 0.0], [658289.6475903614, 2571849.3524096385, 0.0], [658284.6536144578, 2571844.3584337346, 0.0], [658279.6596385542, 2571839.3644578313, 0.0], [658274.6656626506, 2571839.3644578313, 0.0], [658269.671686747, 2571834.3704819274, 0.0], [658264.6777108433, 2571834.3704819274, 0.0], [658259.6837349397, 2571834.3704819274, 0.0], [658254.6897590361, 2571829.376506024, 0.0], [658249.6957831325, 2571829.376506024, 0.0], [658244.7018072288, 2571829.376506024, 0.0], [658239.7078313252, 2571829.376506024, 0.0], [658234.7138554216, 2571829.376506024, 0.0], [658229.719879518, 2571829.376506024, 0.0], [658224.7259036144, 2571824.38253012, 0.0], [658219.7319277108, 2571824.38253012, 0.0], [658214.7379518072, 2571824.38253012, 0.0], [658209.7439759036, 2571824.38253012, 0.0], [658204.75, 2571829.376506024, 0.0], [658199.7560240964, 2571829.376506024, 0.0], [658194.7620481927, 2571834.3704819274, 0.0], [658189.7680722891, 2571834.3704819274, 0.0], [658184.7740963855, 2571839.3644578313, 0.0], [658179.7801204819, 2571839.3644578313, 0.0], [658174.7861445782, 2571844.3584337346, 0.0], [658169.7921686746, 2571844.3584337346, 0.0], [658164.798192771, 2571849.3524096385, 0.0], [658159.8042168674, 2571849.3524096385, 0.0], [658154.8102409638, 2571849.3524096385, 0.0], [658149.8162650602, 2571854.346385542, 0.0], [658144.8222891566, 2571859.3403614457, 0.0], [658139.828313253, 2571864.334337349, 0.0], [658134.8343373494, 2571869.328313253, 0.0], [658129.8403614457, 2571869.328313253, 0.0], [658124.8463855421, 2571869.328313253, 0.0], [658119.8524096385, 2571869.328313253, 0.0], [658114.8584337349, 2571874.3222891563, 0.0], [658109.8644578313, 2571874.3222891563, 0.0], [658104.8704819276, 2571874.3222891563, 0.0], [658099.876506024, 2571874.3222891563, 0.0], [658094.8825301204, 2571874.3222891563, 0.0], [658089.8885542168, 2571874.3222891563, 0.0], [658084.8945783132, 2571874.3222891563, 0.0], [658079.9006024096, 2571874.3222891563, 0.0], [658074.906626506, 2571874.3222891563, 0.0], [658069.9126506024, 2571874.3222891563, 0.0], [658064.9186746988, 2571874.3222891563, 0.0], [658059.9246987951, 2571874.3222891563, 0.0], [658054.9307228915, 2571874.3222891563, 0.0], [658049.9367469879, 2571874.3222891563, 0.0], [658044.9427710843, 2571874.3222891563, 0.0], [658039.9487951807, 2571874.3222891563, 0.0], [658034.954819277, 2571874.3222891563, 0.0], [658029.9608433734, 2571874.3222891563, 0.0], [658024.9668674698, 2571874.3222891563, 0.0], [658019.9728915662, 2571879.31626506, 0.0], [658014.9789156626, 2571879.31626506, 0.0], [658009.984939759, 2571879.31626506, 0.0], [658004.9909638554, 2571879.31626506, 0.0], [657999.9969879518, 2571874.3222891563, 0.0], [657995.0030120482, 2571874.3222891563, 0.0], [657990.0090361445, 2571869.328313253, 0.0], [657985.0150602409, 2571864.334337349, 0.0], [657980.0210843373, 2571864.334337349, 0.0], [657975.0271084337, 2571859.3403614457, 0.0], [657970.03313253, 2571859.3403614457, 0.0], [657965.0391566264, 2571859.3403614457, 0.0], [657960.0451807228, 2571854.346385542, 0.0], [657955.0512048192, 2571854.346385542, 0.0], [657950.0572289156, 2571849.3524096385, 0.0], [657945.063253012, 2571849.3524096385, 0.0], [657940.0692771084, 2571844.3584337346, 0.0], [657935.0753012048, 2571839.3644578313, 0.0], [657930.0813253012, 2571839.3644578313, 0.0], [657925.0873493976, 2571839.3644578313, 0.0], [657920.0933734939, 2571834.3704819274, 0.0], [657915.0993975903, 2571834.3704819274, 0.0], [657910.1054216867, 2571829.376506024, 0.0], [657905.111445783, 2571829.376506024, 0.0], [657900.1174698794, 2571824.38253012, 0.0], [657895.1234939758, 2571819.388554217, 0.0], [657890.1295180722, 2571814.394578313, 0.0], [657885.1355421686, 2571809.4006024096, 0.0], [657885.1355421686, 2571804.406626506, 0.0], [657880.141566265, 2571799.4126506024, 0.0], [657880.141566265, 2571794.4186746986, 0.0], [657875.1475903614, 2571789.424698795, 0.0], [657870.1536144578, 2571784.4307228914, 0.0], [657865.1596385542, 2571779.436746988, 0.0], [657860.1656626506, 2571774.442771084, 0.0], [657855.171686747, 2571769.448795181, 0.0], [657850.1777108433, 2571764.454819277, 0.0], [657845.1837349397, 2571764.454819277, 0.0], [657840.1897590361, 2571759.460843373, 0.0], [657835.1957831325, 2571759.460843373, 0.0], [657830.2018072288, 2571754.4668674697, 0.0], [657825.2078313252, 2571749.472891566, 0.0], [657820.2138554216, 2571749.472891566, 0.0], [657815.219879518, 2571744.4789156625, 0.0], [657810.2259036144, 2571744.4789156625, 0.0], [657805.2319277108, 2571739.4849397587, 0.0], [657800.2379518072, 2571734.4909638553, 0.0], [657795.2439759036, 2571734.4909638553, 0.0], [657790.25, 2571729.4969879515, 0.0], [657785.2560240964, 2571729.4969879515, 0.0], [657780.2620481927, 2571729.4969879515, 0.0], [657775.2680722891, 2571724.503012048, 0.0], [657770.2740963855, 2571719.5090361442, 0.0], [657765.2801204819, 2571714.515060241, 0.0], [657760.2861445782, 2571714.515060241, 0.0], [657755.2921686746, 2571709.521084337, 0.0], [657750.298192771, 2571704.5271084337, 0.0], [657745.3042168674, 2571704.5271084337, 0.0], [657740.3102409638, 2571699.53313253, 0.0], [657735.3162650602, 2571694.5391566264, 0.0], [657730.3222891566, 2571689.5451807226, 0.0], [657730.3222891566, 2571684.551204819, 0.0], [657725.328313253, 2571679.5572289154, 0.0], [657725.328313253, 2571674.563253012, 0.0], [657720.3343373494, 2571669.569277108, 0.0], [657720.3343373494, 2571664.575301205, 0.0], [657715.3403614457, 2571659.581325301, 0.0], [657710.3463855421, 2571654.5873493976, 0.0], [657710.3463855421, 2571649.5933734938, 0.0], [657710.3463855421, 2571644.5993975904, 0.0], [657710.3463855421, 2571639.6054216865, 0.0], [657705.3524096385, 2571634.611445783, 0.0], [657705.3524096385, 2571629.6174698793, 0.0], [657705.3524096385, 2571624.6234939755, 0.0], [657705.3524096385, 2571619.629518072, 0.0], [657700.3584337349, 2571614.6355421683, 0.0], [657700.3584337349, 2571609.641566265, 0.0], [657700.3584337349, 2571604.647590361, 0.0], [657700.3584337349, 2571599.6536144577, 0.0], [657700.3584337349, 2571594.659638554, 0.0], [657700.3584337349, 2571589.6656626505, 0.0], [657700.3584337349, 2571584.6716867466, 0.0], [657695.3644578313, 2571579.6777108433, 0.0], [657690.3704819276, 2571574.6837349394, 0.0], [657690.3704819276, 2571569.689759036, 0.0], [657690.3704819276, 2571564.695783132, 0.0], [657685.376506024, 2571559.701807229, 0.0], [657685.376506024, 2571554.707831325, 0.0], [657680.3825301204, 2571549.7138554216, 0.0], [657675.3885542168, 2571544.719879518, 0.0], [657670.3945783132, 2571539.7259036144, 0.0], [657665.4006024096, 2571534.7319277106, 0.0], [657660.406626506, 2571529.737951807, 0.0], [657655.4126506024, 2571529.737951807, 0.0], [657650.4186746988, 2571529.737951807, 0.0], [657645.4246987951, 2571529.737951807, 0.0], [657640.4307228915, 2571529.737951807, 0.0], [657635.4367469879, 2571529.737951807, 0.0], [657630.4427710843, 2571529.737951807, 0.0], [657625.4487951807, 2571529.737951807, 0.0], [657620.454819277, 2571529.737951807, 0.0], [657615.4608433734, 2571534.7319277106, 0.0], [657610.4668674698, 2571534.7319277106, 0.0], [657605.4728915662, 2571534.7319277106, 0.0], [657600.4789156626, 2571539.7259036144, 0.0], [657595.484939759, 2571539.7259036144, 0.0], [657590.4909638554, 2571544.719879518, 0.0], [657585.4969879518, 2571544.719879518, 0.0], [657580.5030120482, 2571549.7138554216, 0.0], [657575.5090361445, 2571554.707831325, 0.0], [657570.5150602409, 2571554.707831325, 0.0], [657565.5210843373, 2571559.701807229, 0.0], [657560.5271084337, 2571559.701807229, 0.0], [657555.53313253, 2571564.695783132, 0.0], [657550.5391566264, 2571564.695783132, 0.0], [657545.5451807228, 2571569.689759036, 0.0], [657540.5512048192, 2571569.689759036, 0.0], [657535.5572289156, 2571574.6837349394, 0.0], [657530.563253012, 2571574.6837349394, 0.0], [657525.5692771084, 2571574.6837349394, 0.0], [657520.5753012048, 2571574.6837349394, 0.0], [657515.5813253012, 2571579.6777108433, 0.0], [657510.5873493976, 2571579.6777108433, 0.0], [657505.5933734939, 2571579.6777108433, 0.0], [657500.5993975903, 2571579.6777108433, 0.0], [657495.6054216867, 2571579.6777108433, 0.0], [657490.611445783, 2571584.6716867466, 0.0], [657485.6174698794, 2571584.6716867466, 0.0], [657480.6234939758, 2571584.6716867466, 0.0], [657475.6295180722, 2571589.6656626505, 0.0], [657470.6355421686, 2571589.6656626505, 0.0], [657465.641566265, 2571589.6656626505, 0.0], [657460.6475903614, 2571589.6656626505, 0.0], [657455.6536144578, 2571589.6656626505, 0.0], [657450.6596385542, 2571589.6656626505, 0.0], [657445.6656626506, 2571589.6656626505, 0.0], [657440.671686747, 2571589.6656626505, 0.0], [657435.6777108433, 2571589.6656626505, 0.0], [657430.6837349397, 2571589.6656626505, 0.0], [657425.6897590361, 2571589.6656626505, 0.0], [657420.6957831325, 2571589.6656626505, 0.0], [657415.7018072288, 2571589.6656626505, 0.0], [657410.7078313252, 2571589.6656626505, 0.0], [657405.7138554216, 2571589.6656626505, 0.0], [657400.719879518, 2571589.6656626505, 0.0], [657395.7259036144, 2571589.6656626505, 0.0], [657390.7319277108, 2571589.6656626505, 0.0], [657385.7379518072, 2571589.6656626505, 0.0], [657380.7439759036, 2571589.6656626505, 0.0], [657375.75, 2571589.6656626505, 0.0], [657370.7560240964, 2571589.6656626505, 0.0], [657365.7620481927, 2571589.6656626505, 0.0], [657360.7680722891, 2571589.6656626505, 0.0], [657355.7740963855, 2571589.6656626505, 0.0], [657350.7801204819, 2571589.6656626505, 0.0], [657345.7861445782, 2571589.6656626505, 0.0], [657340.7921686746, 2571584.6716867466, 0.0], [657335.798192771, 2571584.6716867466, 0.0], [657330.8042168674, 2571584.6716867466, 0.0], [657325.8102409638, 2571584.6716867466, 0.0], [657320.8162650602, 2571584.6716867466, 0.0], [657315.8222891566, 2571584.6716867466, 0.0], [657310.828313253, 2571584.6716867466, 0.0], [657305.8343373494, 2571584.6716867466, 0.0], [657300.8403614457, 2571584.6716867466, 0.0], [657295.8463855421, 2571584.6716867466, 0.0], [657290.8524096385, 2571584.6716867466, 0.0], [657285.8584337349, 2571584.6716867466, 0.0], [657280.8644578313, 2571584.6716867466, 0.0], [657275.8704819276, 2571584.6716867466, 0.0], [657270.876506024, 2571584.6716867466, 0.0], [657265.8825301204, 2571584.6716867466, 0.0], [657260.8885542168, 2571584.6716867466, 0.0], [657255.8945783132, 2571584.6716867466, 0.0], [657250.9006024096, 2571584.6716867466, 0.0], [657245.906626506, 2571584.6716867466, 0.0], [657240.9126506024, 2571579.6777108433, 0.0], [657235.9186746988, 2571574.6837349394, 0.0], [657235.9186746988, 2571569.689759036, 0.0], [657230.9246987951, 2571564.695783132, 0.0], [657225.9307228915, 2571559.701807229, 0.0], [657220.9367469879, 2571559.701807229, 0.0], [657215.9427710843, 2571559.701807229, 0.0], [657210.9487951807, 2571554.707831325, 0.0], [657205.954819277, 2571549.7138554216, 0.0], [657200.9608433734, 2571544.719879518, 0.0], [657195.9668674698, 2571539.7259036144, 0.0], [657190.9728915662, 2571539.7259036144, 0.0], [657185.9789156626, 2571534.7319277106, 0.0], [657180.984939759, 2571529.737951807, 0.0], [657175.9909638554, 2571524.7439759034, 0.0], [657170.9969879518, 2571524.7439759034, 0.0], [657166.0030120482, 2571519.75, 0.0], [657161.0090361445, 2571514.756024096, 0.0], [657156.0150602409, 2571509.762048193, 0.0], [657151.0210843373, 2571504.768072289, 0.0], [657151.0210843373, 2571499.7740963856, 0.0], [657146.0271084337, 2571494.7801204817, 0.0], [657141.03313253, 2571489.786144578, 0.0], [657141.03313253, 2571484.7921686745, 0.0], [657136.0391566264, 2571479.7981927707, 0.0], [657131.0451807228, 2571474.8042168673, 0.0], [657131.0451807228, 2571469.8102409635, 0.0], [657131.0451807228, 2571464.81626506, 0.0], [657126.0512048192, 2571459.8222891563, 0.0], [657126.0512048192, 2571454.828313253, 0.0], [657126.0512048192, 2571449.834337349, 0.0], [657121.0572289156, 2571444.8403614457, 0.0], [657116.063253012, 2571439.846385542, 0.0], [657116.063253012, 2571434.8524096385, 0.0], [657111.0692771084, 2571429.8584337346, 0.0], [657111.0692771084, 2571424.8644578313, 0.0], [657106.0753012048, 2571419.8704819274, 0.0], [657101.0813253012, 2571414.876506024, 0.0], [657101.0813253012, 2571409.88253012, 0.0], [657101.0813253012, 2571404.888554217, 0.0], [657101.0813253012, 2571399.894578313, 0.0], [657101.0813253012, 2571394.9006024096, 0.0], [657096.0873493976, 2571389.906626506, 0.0], [657096.0873493976, 2571384.9126506024, 0.0], [657091.0933734939, 2571379.9186746986, 0.0], [657086.0993975903, 2571374.924698795, 0.0], [657086.0993975903, 2571369.9307228914, 0.0], [657086.0993975903, 2571364.936746988, 0.0], [657081.1054216867, 2571359.942771084, 0.0], [657081.1054216867, 2571354.948795181, 0.0], [657081.1054216867, 2571349.954819277, 0.0], [657081.1054216867, 2571344.960843373, 0.0], [657081.1054216867, 2571339.9668674697, 0.0], [657081.1054216867, 2571334.972891566, 0.0], [657076.111445783, 2571329.9789156625, 0.0], [657071.1174698794, 2571324.9849397587, 0.0], [657066.1234939758, 2571319.9909638553, 0.0], [657061.1295180722, 2571314.9969879515, 0.0], [657056.1355421686, 2571314.9969879515, 0.0], [657051.141566265, 2571310.003012048, 0.0], [657046.1475903614, 2571310.003012048, 0.0], [657041.1536144578, 2571310.003012048, 0.0], [657036.1596385542, 2571310.003012048, 0.0], [657031.1656626506, 2571310.003012048, 0.0], [657026.1716867469, 2571310.003012048, 0.0], [657021.1777108433, 2571310.003012048, 0.0], [657016.1837349397, 2571305.0090361442, 0.0], [657011.1897590361, 2571305.0090361442, 0.0], [657006.1957831325, 2571305.0090361442, 0.0], [657001.2018072288, 2571305.0090361442, 0.0], [656996.2078313252, 2571305.0090361442, 0.0], [656991.2138554216, 2571305.0090361442, 0.0], [656986.219879518, 2571305.0090361442, 0.0], [656981.2259036144, 2571305.0090361442, 0.0], [656976.2319277108, 2571305.0090361442, 0.0], [656971.2379518072, 2571305.0090361442, 0.0], [656966.2439759036, 2571305.0090361442, 0.0], [656961.25, 2571305.0090361442, 0.0], [656956.2560240963, 2571305.0090361442, 0.0], [656951.2620481927, 2571305.0090361442, 0.0], [656946.2680722891, 2571305.0090361442, 0.0], [656941.2740963855, 2571305.0090361442, 0.0], [656936.2801204819, 2571305.0090361442, 0.0], [656931.2861445782, 2571305.0090361442, 0.0], [656926.2921686746, 2571305.0090361442, 0.0], [656921.298192771, 2571305.0090361442, 0.0], [656916.3042168674, 2571305.0090361442, 0.0], [656911.3102409638, 2571305.0090361442, 0.0], [656906.3162650602, 2571310.003012048, 0.0], [656901.3222891566, 2571310.003012048, 0.0], [656896.328313253, 2571310.003012048, 0.0], [656891.3343373494, 2571310.003012048, 0.0], [656886.3403614457, 2571310.003012048, 0.0], [656881.3463855421, 2571310.003012048, 0.0], [656876.3524096385, 2571310.003012048, 0.0], [656871.3584337349, 2571310.003012048, 0.0], [656866.3644578313, 2571310.003012048, 0.0], [656861.3704819276, 2571314.9969879515, 0.0], [656856.376506024, 2571314.9969879515, 0.0], [656851.3825301204, 2571314.9969879515, 0.0], [656846.3885542168, 2571314.9969879515, 0.0], [656841.3945783132, 2571314.9969879515, 0.0], [656836.4006024096, 2571314.9969879515, 0.0], [656831.406626506, 2571314.9969879515, 0.0], [656826.4126506024, 2571314.9969879515, 0.0], [656821.4186746988, 2571319.9909638553, 0.0], [656816.4246987951, 2571319.9909638553, 0.0], [656811.4307228915, 2571319.9909638553, 0.0], [656806.4367469879, 2571319.9909638553, 0.0], [656801.4427710843, 2571319.9909638553, 0.0], [656796.4487951807, 2571319.9909638553, 0.0], [656791.454819277, 2571319.9909638553, 0.0], [656786.4608433734, 2571324.9849397587, 0.0], [656781.4668674698, 2571324.9849397587, 0.0], [656776.4728915662, 2571329.9789156625, 0.0], [656771.4789156626, 2571329.9789156625, 0.0], [656766.484939759, 2571334.972891566, 0.0], [656761.4909638554, 2571339.9668674697, 0.0], [656756.4969879518, 2571344.960843373, 0.0], [656751.5030120482, 2571349.954819277, 0.0], [656746.5090361445, 2571354.948795181, 0.0], [656741.5150602409, 2571354.948795181, 0.0], [656736.5210843373, 2571359.942771084, 0.0], [656731.5271084337, 2571364.936746988, 0.0], [656726.53313253, 2571364.936746988, 0.0], [656721.5391566264, 2571369.9307228914, 0.0], [656716.5451807228, 2571374.924698795, 0.0], [656711.5512048192, 2571374.924698795, 0.0], [656706.5572289156, 2571379.9186746986, 0.0], [656701.563253012, 2571379.9186746986, 0.0], [656696.5692771084, 2571384.9126506024, 0.0], [656691.5753012048, 2571389.906626506, 0.0], [656686.5813253012, 2571389.906626506, 0.0], [656681.5873493976, 2571394.9006024096, 0.0], [656676.5933734939, 2571399.894578313, 0.0], [656671.5993975903, 2571399.894578313, 0.0], [656666.6054216867, 2571404.888554217, 0.0], [656661.611445783, 2571409.88253012, 0.0], [656656.6174698794, 2571409.88253012, 0.0], [656651.6234939758, 2571414.876506024, 0.0], [656646.6295180722, 2571414.876506024, 0.0], [656641.6355421686, 2571419.8704819274, 0.0], [656636.641566265, 2571419.8704819274, 0.0], [656631.6475903614, 2571424.8644578313, 0.0], [656626.6536144578, 2571424.8644578313, 0.0], [656621.6596385542, 2571424.8644578313, 0.0], [656616.6656626506, 2571429.8584337346, 0.0], [656611.6716867469, 2571429.8584337346, 0.0], [656606.6777108433, 2571429.8584337346, 0.0], [656601.6837349397, 2571434.8524096385, 0.0], [656596.6897590361, 2571434.8524096385, 0.0], [656591.6957831325, 2571439.846385542, 0.0], [656586.7018072288, 2571439.846385542, 0.0], [656581.7078313252, 2571444.8403614457, 0.0], [656576.7138554216, 2571449.834337349, 0.0], [656571.719879518, 2571449.834337349, 0.0], [656566.7259036144, 2571449.834337349, 0.0], [656561.7319277108, 2571449.834337349, 0.0], [656556.7379518072, 2571454.828313253, 0.0], [656551.7439759036, 2571459.8222891563, 0.0], [656546.75, 2571459.8222891563, 0.0], [656541.7560240963, 2571464.81626506, 0.0], [656536.7620481927, 2571469.8102409635, 0.0], [656531.7680722891, 2571474.8042168673, 0.0], [656526.7740963855, 2571479.7981927707, 0.0], [656521.7801204819, 2571479.7981927707, 0.0], [656516.7861445782, 2571484.7921686745, 0.0], [656511.7921686746, 2571484.7921686745, 0.0], [656506.798192771, 2571489.786144578, 0.0], [656501.8042168674, 2571494.7801204817, 0.0], [656496.8102409638, 2571499.7740963856, 0.0], [656491.8162650602, 2571504.768072289, 0.0], [656491.8162650602, 2571509.762048193, 0.0], [656486.8222891566, 2571514.756024096, 0.0], [656481.828313253, 2571519.75, 0.0], [656476.8343373494, 2571524.7439759034, 0.0], [656471.8403614457, 2571529.737951807, 0.0], [656466.8463855421, 2571534.7319277106, 0.0], [656461.8524096385, 2571534.7319277106, 0.0], [656456.8584337349, 2571539.7259036144, 0.0], [656451.8644578313, 2571544.719879518, 0.0], [656451.8644578313, 2571549.7138554216, 0.0], [656446.8704819276, 2571554.707831325, 0.0], [656441.876506024, 2571559.701807229, 0.0], [656436.8825301204, 2571564.695783132, 0.0], [656436.8825301204, 2571569.689759036, 0.0], [656431.8885542168, 2571574.6837349394, 0.0], [656426.8945783132, 2571579.6777108433, 0.0], [656421.9006024096, 2571579.6777108433, 0.0], [656416.906626506, 2571584.6716867466, 0.0], [656411.9126506024, 2571589.6656626505, 0.0], [656406.9186746988, 2571594.659638554, 0.0], [656401.9246987951, 2571594.659638554, 0.0], [656396.9307228915, 2571599.6536144577, 0.0], [656391.9367469879, 2571599.6536144577, 0.0], [656386.9427710843, 2571604.647590361, 0.0], [656381.9487951807, 2571609.641566265, 0.0], [656376.954819277, 2571609.641566265, 0.0], [656371.9608433734, 2571609.641566265, 0.0], [656366.9668674698, 2571614.6355421683, 0.0], [656361.9728915662, 2571619.629518072, 0.0], [656356.9789156626, 2571619.629518072, 0.0], [656351.984939759, 2571619.629518072, 0.0], [656346.9909638554, 2571619.629518072, 0.0], [656341.9969879518, 2571619.629518072, 0.0], [656337.0030120482, 2571624.6234939755, 0.0], [656332.0090361445, 2571629.6174698793, 0.0], [656327.0150602409, 2571629.6174698793, 0.0], [656322.0210843373, 2571629.6174698793, 0.0], [656317.0271084337, 2571629.6174698793, 0.0], [656312.03313253, 2571634.611445783, 0.0], [656307.0391566264, 2571634.611445783, 0.0], [656302.0451807228, 2571639.6054216865, 0.0], [656297.0512048192, 2571644.5993975904, 0.0], [656292.0572289156, 2571649.5933734938, 0.0], [656287.063253012, 2571649.5933734938, 0.0], [656282.0692771084, 2571649.5933734938, 0.0], [656277.0753012048, 2571654.5873493976, 0.0], [656272.0813253012, 2571654.5873493976, 0.0], [656267.0873493976, 2571654.5873493976, 0.0], [656262.0933734939, 2571659.581325301, 0.0], [656257.0993975903, 2571659.581325301, 0.0], [656252.1054216867, 2571659.581325301, 0.0], [656247.111445783, 2571664.575301205, 0.0], [656242.1174698794, 2571664.575301205, 0.0], [656237.1234939758, 2571664.575301205, 0.0], [656232.1295180722, 2571669.569277108, 0.0], [656227.1355421686, 2571669.569277108, 0.0], [656222.141566265, 2571669.569277108, 0.0], [656217.1475903614, 2571674.563253012, 0.0], [656212.1536144578, 2571674.563253012, 0.0], [656207.1596385542, 2571674.563253012, 0.0], [656202.1656626506, 2571674.563253012, 0.0], [656197.1716867469, 2571674.563253012, 0.0], [656192.1777108433, 2571669.569277108, 0.0], [656187.1837349397, 2571664.575301205, 0.0], [656182.1897590361, 2571664.575301205, 0.0], [656177.1957831325, 2571669.569277108, 0.0], [656172.2018072288, 2571669.569277108, 0.0], [656167.2078313252, 2571674.563253012, 0.0], [656162.2138554216, 2571674.563253012, 0.0], [656157.219879518, 2571674.563253012, 0.0], [656152.2259036144, 2571674.563253012, 0.0], [656147.2319277108, 2571679.5572289154, 0.0], [656142.2379518072, 2571684.551204819, 0.0], [656137.2439759036, 2571689.5451807226, 0.0], [656132.25, 2571694.5391566264, 0.0], [656132.25, 2571699.53313253, 0.0], [656132.25, 2571704.5271084337, 0.0], [656127.2560240963, 2571704.5271084337, 0.0], [656122.2620481927, 2571704.5271084337, 0.0], [656117.2680722891, 2571704.5271084337, 0.0], [656112.2740963855, 2571704.5271084337, 0.0], [656107.2801204819, 2571704.5271084337, 0.0], [656102.2861445782, 2571704.5271084337, 0.0], [656097.2921686746, 2571704.5271084337, 0.0], [656092.298192771, 2571709.521084337, 0.0], [656087.3042168674, 2571709.521084337, 0.0], [656082.3102409638, 2571709.521084337, 0.0], [656077.3162650602, 2571714.515060241, 0.0], [656072.3222891566, 2571714.515060241, 0.0], [656067.328313253, 2571714.515060241, 0.0], [656062.3343373494, 2571714.515060241, 0.0], [656057.3403614457, 2571714.515060241, 0.0], [656052.3463855421, 2571719.5090361442, 0.0], [656047.3524096385, 2571719.5090361442, 0.0], [656042.3584337349, 2571719.5090361442, 0.0], [656037.3644578313, 2571719.5090361442, 0.0], [656032.3704819276, 2571719.5090361442, 0.0], [656027.376506024, 2571719.5090361442, 0.0], [656022.3825301204, 2571714.515060241, 0.0], [656017.3885542168, 2571709.521084337, 0.0], [656012.3945783132, 2571709.521084337, 0.0], [656007.4006024096, 2571704.5271084337, 0.0], [656002.406626506, 2571704.5271084337, 0.0], [655997.4126506024, 2571699.53313253, 0.0], [655992.4186746988, 2571699.53313253, 0.0], [655987.4246987951, 2571699.53313253, 0.0], [655982.4307228915, 2571699.53313253, 0.0], [655977.4367469879, 2571699.53313253, 0.0], [655972.4427710843, 2571699.53313253, 0.0], [655967.4487951807, 2571699.53313253, 0.0], [655962.454819277, 2571699.53313253, 0.0], [655957.4608433734, 2571699.53313253, 0.0], [655952.4668674698, 2571699.53313253, 0.0], [655947.4728915662, 2571699.53313253, 0.0], [655942.4789156626, 2571699.53313253, 0.0], [655937.484939759, 2571699.53313253, 0.0], [655932.4909638554, 2571699.53313253, 0.0], [655927.4969879518, 2571694.5391566264, 0.0], [655922.5030120482, 2571689.5451807226, 0.0], [655917.5090361445, 2571689.5451807226, 0.0], [655912.5150602409, 2571694.5391566264, 0.0], [655907.5210843373, 2571694.5391566264, 0.0], [655902.5271084337, 2571699.53313253, 0.0], [655897.53313253, 2571699.53313253, 0.0], [655892.5391566264, 2571699.53313253, 0.0], [655887.5451807228, 2571704.5271084337, 0.0], [655882.5512048192, 2571704.5271084337, 0.0], [655877.5572289156, 2571704.5271084337, 0.0], [655872.563253012, 2571709.521084337, 0.0], [655867.5692771084, 2571714.515060241, 0.0], [655867.5692771084, 2571719.5090361442, 0.0], [655862.5753012048, 2571724.503012048, 0.0], [655857.5813253012, 2571729.4969879515, 0.0], [655852.5873493976, 2571729.4969879515, 0.0], [655847.5933734939, 2571724.503012048, 0.0], [655842.5993975903, 2571719.5090361442, 0.0], [655837.6054216867, 2571714.515060241, 0.0], [655832.611445783, 2571714.515060241, 0.0], [655827.6174698794, 2571714.515060241, 0.0], [655822.6234939758, 2571719.5090361442, 0.0], [655817.6295180722, 2571719.5090361442, 0.0], [655812.6355421686, 2571719.5090361442, 0.0], [655807.641566265, 2571724.503012048, 0.0], [655802.6475903614, 2571724.503012048, 0.0], [655797.6536144578, 2571724.503012048, 0.0], [655792.6596385542, 2571729.4969879515, 0.0], [655787.6656626506, 2571729.4969879515, 0.0], [655782.6716867469, 2571729.4969879515, 0.0], [655777.6777108433, 2571729.4969879515, 0.0], [655772.6837349397, 2571729.4969879515, 0.0], [655767.6897590361, 2571729.4969879515, 0.0], [655762.6957831325, 2571734.4909638553, 0.0], [655757.7018072288, 2571734.4909638553, 0.0], [655752.7078313252, 2571734.4909638553, 0.0], [655747.7138554216, 2571734.4909638553, 0.0], [655742.719879518, 2571734.4909638553, 0.0], [655737.7259036144, 2571739.4849397587, 0.0], [655732.7319277108, 2571739.4849397587, 0.0], [655727.7379518072, 2571739.4849397587, 0.0], [655722.7439759036, 2571739.4849397587, 0.0], [655717.75, 2571734.4909638553, 0.0], [655712.7560240963, 2571739.4849397587, 0.0], [655707.7620481927, 2571744.4789156625, 0.0], [655702.7680722891, 2571749.472891566, 0.0], [655697.7740963855, 2571749.472891566, 0.0], [655692.7801204819, 2571749.472891566, 0.0], [655687.7861445782, 2571754.4668674697, 0.0], [655682.7921686746, 2571754.4668674697, 0.0], [655677.798192771, 2571754.4668674697, 0.0], [655672.8042168674, 2571754.4668674697, 0.0], [655667.8102409638, 2571754.4668674697, 0.0], [655662.8162650602, 2571754.4668674697, 0.0], [655657.8222891566, 2571754.4668674697, 0.0], [655652.828313253, 2571754.4668674697, 0.0], [655647.8343373494, 2571754.4668674697, 0.0], [655642.8403614457, 2571754.4668674697, 0.0], [655637.8463855421, 2571754.4668674697, 0.0], [655632.8524096385, 2571754.4668674697, 0.0], [655627.8584337349, 2571754.4668674697, 0.0], [655622.8644578313, 2571754.4668674697, 0.0], [655617.8704819276, 2571749.472891566, 0.0], [655612.876506024, 2571749.472891566, 0.0], [655607.8825301204, 2571749.472891566, 0.0], [655602.8885542168, 2571749.472891566, 0.0], [655597.8945783132, 2571749.472891566, 0.0], [655592.9006024096, 2571754.4668674697, 0.0], [655587.906626506, 2571754.4668674697, 0.0], [655582.9126506024, 2571754.4668674697, 0.0], [655577.9186746988, 2571754.4668674697, 0.0], [655572.9246987951, 2571759.460843373, 0.0], [655567.9307228915, 2571759.460843373, 0.0], [655562.9367469879, 2571759.460843373, 0.0], [655557.9427710843, 2571764.454819277, 0.0], [655552.9487951807, 2571764.454819277, 0.0], [655552.9487951807, 2571769.448795181, 0.0], [655552.9487951807, 2571774.442771084, 0.0], [655547.954819277, 2571779.436746988, 0.0], [655542.9608433734, 2571784.4307228914, 0.0], [655542.9608433734, 2571789.424698795, 0.0], [655537.9668674698, 2571794.4186746986, 0.0], [655532.9728915662, 2571799.4126506024, 0.0], [655527.9789156626, 2571804.406626506, 0.0], [655522.984939759, 2571809.4006024096, 0.0], [655517.9909638554, 2571814.394578313, 0.0], [655512.9969879518, 2571819.388554217, 0.0], [655508.0030120482, 2571819.388554217, 0.0], [655503.0090361445, 2571824.38253012, 0.0], [655498.0150602409, 2571824.38253012, 0.0], [655493.0210843373, 2571829.376506024, 0.0], [655488.0271084337, 2571829.376506024, 0.0], [655483.03313253, 2571829.376506024, 0.0], [655478.0391566264, 2571834.3704819274, 0.0], [655473.0451807228, 2571834.3704819274, 0.0], [655468.0512048192, 2571834.3704819274, 0.0], [655463.0572289156, 2571839.3644578313, 0.0], [655458.063253012, 2571839.3644578313, 0.0], [655453.0692771084, 2571839.3644578313, 0.0], [655448.0753012048, 2571844.3584337346, 0.0], [655443.0813253012, 2571844.3584337346, 0.0], [655438.0873493976, 2571844.3584337346, 0.0], [655433.0933734939, 2571844.3584337346, 0.0], [655428.0993975903, 2571844.3584337346, 0.0], [655423.1054216867, 2571844.3584337346, 0.0], [655418.111445783, 2571839.3644578313, 0.0], [655413.1174698794, 2571834.3704819274, 0.0], [655408.1234939758, 2571834.3704819274, 0.0], [655403.1295180722, 2571834.3704819274, 0.0], [655398.1355421686, 2571834.3704819274, 0.0], [655393.141566265, 2571834.3704819274, 0.0], [655388.1475903614, 2571834.3704819274, 0.0], [655383.1536144578, 2571839.3644578313, 0.0], [655378.1596385542, 2571839.3644578313, 0.0], [655373.1656626506, 2571839.3644578313, 0.0], [655368.1716867469, 2571839.3644578313, 0.0], [655363.1777108433, 2571839.3644578313, 0.0], [655358.1837349397, 2571844.3584337346, 0.0], [655353.1897590361, 2571844.3584337346, 0.0], [655348.1957831325, 2571844.3584337346, 0.0], [655343.2018072288, 2571844.3584337346, 0.0], [655338.2078313252, 2571849.3524096385, 0.0], [655333.2138554216, 2571849.3524096385, 0.0], [655328.219879518, 2571849.3524096385, 0.0], [655323.2259036144, 2571854.346385542, 0.0], [655318.2319277108, 2571854.346385542, 0.0], [655313.2379518072, 2571859.3403614457, 0.0], [655308.2439759036, 2571864.334337349, 0.0], [655303.25, 2571864.334337349, 0.0], [655298.2560240963, 2571869.328313253, 0.0], [655293.2620481927, 2571874.3222891563, 0.0], [655288.2680722891, 2571879.31626506, 0.0], [655283.2740963855, 2571884.3102409635, 0.0], [655278.2801204819, 2571884.3102409635, 0.0], [655273.2861445782, 2571889.3042168673, 0.0], [655268.2921686746, 2571889.3042168673, 0.0], [655263.298192771, 2571894.2981927707, 0.0], [655258.3042168674, 2571894.2981927707, 0.0], [655253.3102409638, 2571894.2981927707, 0.0], [655248.3162650602, 2571899.2921686745, 0.0], [655243.3222891566, 2571899.2921686745, 0.0], [655238.328313253, 2571899.2921686745, 0.0], [655233.3343373494, 2571904.2861445784, 0.0], [655228.3403614457, 2571904.2861445784, 0.0], [655223.3463855421, 2571904.2861445784, 0.0], [655218.3524096385, 2571904.2861445784, 0.0], [655213.3584337349, 2571904.2861445784, 0.0], [655208.3644578313, 2571904.2861445784, 0.0], [655203.3704819276, 2571904.2861445784, 0.0], [655198.376506024, 2571904.2861445784, 0.0], [655193.3825301204, 2571904.2861445784, 0.0], [655188.3885542168, 2571904.2861445784, 0.0], [655183.3945783132, 2571904.2861445784, 0.0], [655178.4006024096, 2571904.2861445784, 0.0], [655173.406626506, 2571899.2921686745, 0.0], [655168.4126506024, 2571894.2981927707, 0.0], [655163.4186746988, 2571889.3042168673, 0.0], [655158.4246987951, 2571889.3042168673, 0.0], [655153.4307228915, 2571889.3042168673, 0.0], [655148.4367469879, 2571894.2981927707, 0.0], [655143.4427710843, 2571894.2981927707, 0.0], [655138.4487951807, 2571894.2981927707, 0.0], [655133.454819277, 2571894.2981927707, 0.0], [655128.4608433734, 2571894.2981927707, 0.0], [655123.4668674698, 2571894.2981927707, 0.0], [655118.4728915662, 2571894.2981927707, 0.0], [655113.4789156626, 2571889.3042168673, 0.0], [655108.484939759, 2571889.3042168673, 0.0], [655103.4909638554, 2571889.3042168673, 0.0], [655098.4969879518, 2571889.3042168673, 0.0], [655093.5030120481, 2571889.3042168673, 0.0], [655088.5090361445, 2571884.3102409635, 0.0], [655083.5150602409, 2571884.3102409635, 0.0], [655078.5210843373, 2571884.3102409635, 0.0], [655073.5271084337, 2571884.3102409635, 0.0], [655068.53313253, 2571884.3102409635, 0.0], [655063.5391566264, 2571884.3102409635, 0.0], [655058.5451807228, 2571879.31626506, 0.0], [655053.5512048192, 2571879.31626506, 0.0], [655048.5572289156, 2571879.31626506, 0.0], [655043.563253012, 2571874.3222891563, 0.0], [655038.5692771084, 2571869.328313253, 0.0], [655033.5753012048, 2571869.328313253, 0.0], [655028.5813253012, 2571864.334337349, 0.0], [655023.5873493975, 2571864.334337349, 0.0], [655018.5933734939, 2571864.334337349, 0.0], [655013.5993975903, 2571864.334337349, 0.0], [655008.6054216867, 2571864.334337349, 0.0], [655003.611445783, 2571859.3403614457, 0.0], [654998.6174698794, 2571859.3403614457, 0.0], [654993.6234939758, 2571854.346385542, 0.0], [654988.6295180722, 2571854.346385542, 0.0], [654983.6355421686, 2571854.346385542, 0.0], [654978.641566265, 2571854.346385542, 0.0], [654973.6475903614, 2571854.346385542, 0.0], [654968.6536144578, 2571854.346385542, 0.0], [654963.6596385542, 2571849.3524096385, 0.0], [654958.6656626506, 2571849.3524096385, 0.0], [654953.6716867469, 2571849.3524096385, 0.0], [654948.6777108433, 2571854.346385542, 0.0], [654943.6837349397, 2571859.3403614457, 0.0], [654938.6897590361, 2571864.334337349, 0.0], [654933.6957831325, 2571864.334337349, 0.0], [654928.7018072288, 2571864.334337349, 0.0], [654923.7078313252, 2571864.334337349, 0.0], [654918.7138554216, 2571864.334337349, 0.0], [654913.719879518, 2571864.334337349, 0.0], [654908.7259036144, 2571864.334337349, 0.0], [654903.7319277108, 2571864.334337349, 0.0], [654898.7379518072, 2571864.334337349, 0.0], [654893.7439759036, 2571864.334337349, 0.0], [654888.75, 2571864.334337349, 0.0], [654883.7560240963, 2571859.3403614457, 0.0], [654878.7620481927, 2571859.3403614457, 0.0], [654873.7680722891, 2571854.346385542, 0.0], [654868.7740963855, 2571849.3524096385, 0.0], [654863.7801204819, 2571844.3584337346, 0.0], [654858.7861445782, 2571839.3644578313, 0.0], [654853.7921686746, 2571839.3644578313, 0.0], [654848.798192771, 2571834.3704819274, 0.0], [654843.8042168674, 2571829.376506024, 0.0], [654838.8102409638, 2571824.38253012, 0.0], [654833.8162650602, 2571824.38253012, 0.0], [654828.8222891566, 2571819.388554217, 0.0], [654823.828313253, 2571814.394578313, 0.0], [654818.8343373494, 2571809.4006024096, 0.0], [654818.8343373494, 2571804.406626506, 0.0], [654818.8343373494, 2571799.4126506024, 0.0], [654813.8403614457, 2571794.4186746986, 0.0], [654808.8463855421, 2571789.424698795, 0.0], [654803.8524096385, 2571789.424698795, 0.0], [654798.8584337349, 2571784.4307228914, 0.0], [654793.8644578313, 2571779.436746988, 0.0], [654788.8704819276, 2571774.442771084, 0.0], [654783.876506024, 2571769.448795181, 0.0], [654778.8825301204, 2571769.448795181, 0.0], [654773.8885542168, 2571764.454819277, 0.0], [654768.8945783132, 2571759.460843373, 0.0], [654763.9006024096, 2571759.460843373, 0.0], [654758.906626506, 2571754.4668674697, 0.0], [654753.9126506024, 2571754.4668674697, 0.0], [654748.9186746988, 2571754.4668674697, 0.0], [654743.9246987951, 2571749.472891566, 0.0], [654738.9307228915, 2571744.4789156625, 0.0], [654733.9367469879, 2571744.4789156625, 0.0], [654728.9427710843, 2571739.4849397587, 0.0], [654723.9487951807, 2571739.4849397587, 0.0], [654718.954819277, 2571739.4849397587, 0.0], [654713.9608433734, 2571739.4849397587, 0.0], [654708.9668674698, 2571739.4849397587, 0.0], [654703.9728915662, 2571739.4849397587, 0.0], [654698.9789156626, 2571739.4849397587, 0.0], [654693.984939759, 2571739.4849397587, 0.0], [654688.9909638554, 2571739.4849397587, 0.0], [654683.9969879518, 2571739.4849397587, 0.0], [654679.0030120481, 2571739.4849397587, 0.0], [654674.0090361445, 2571744.4789156625, 0.0], [654669.0150602409, 2571744.4789156625, 0.0], [654664.0210843373, 2571744.4789156625, 0.0], [654659.0271084337, 2571749.472891566, 0.0], [654654.03313253, 2571749.472891566, 0.0], [654649.0391566264, 2571754.4668674697, 0.0], [654644.0451807228, 2571759.460843373, 0.0], [654639.0512048192, 2571759.460843373, 0.0], [654634.0572289156, 2571764.454819277, 0.0], [654629.063253012, 2571764.454819277, 0.0], [654624.0692771084, 2571769.448795181, 0.0], [654619.0753012048, 2571769.448795181, 0.0], [654614.0813253012, 2571774.442771084, 0.0], [654609.0873493975, 2571774.442771084, 0.0], [654604.0933734939, 2571774.442771084, 0.0], [654599.0993975903, 2571779.436746988, 0.0], [654594.1054216867, 2571779.436746988, 0.0], [654589.111445783, 2571779.436746988, 0.0], [654584.1174698794, 2571784.4307228914, 0.0], [654579.1234939758, 2571784.4307228914, 0.0], [654574.1295180722, 2571789.424698795, 0.0], [654569.1355421686, 2571789.424698795, 0.0], [654564.141566265, 2571789.424698795, 0.0], [654559.1475903614, 2571794.4186746986, 0.0], [654554.1536144578, 2571794.4186746986, 0.0], [654549.1596385542, 2571794.4186746986, 0.0], [654544.1656626506, 2571794.4186746986, 0.0], [654539.1716867469, 2571799.4126506024, 0.0], [654534.1777108433, 2571799.4126506024, 0.0], [654529.1837349397, 2571799.4126506024, 0.0], [654524.1897590361, 2571799.4126506024, 0.0], [654519.1957831325, 2571804.406626506, 0.0], [654514.2018072288, 2571804.406626506, 0.0], [654509.2078313252, 2571804.406626506, 0.0], [654504.2138554216, 2571809.4006024096, 0.0], [654499.219879518, 2571809.4006024096, 0.0], [654494.2259036144, 2571809.4006024096, 0.0], [654489.2319277108, 2571809.4006024096, 0.0], [654484.2379518072, 2571809.4006024096, 0.0], [654479.2439759036, 2571809.4006024096, 0.0], [654474.25, 2571814.394578313, 0.0], [654469.2560240963, 2571814.394578313, 0.0], [654464.2620481927, 2571814.394578313, 0.0], [654459.2680722891, 2571814.394578313, 0.0], [654454.2740963855, 2571814.394578313, 0.0], [654449.2801204819, 2571814.394578313, 0.0], [654444.2861445782, 2571814.394578313, 0.0], [654439.2921686746, 2571814.394578313, 0.0], [654434.298192771, 2571819.388554217, 0.0], [654429.3042168674, 2571819.388554217, 0.0], [654424.3102409638, 2571819.388554217, 0.0], [654419.3162650602, 2571819.388554217, 0.0], [654414.3222891566, 2571819.388554217, 0.0], [654409.328313253, 2571819.388554217, 0.0], [654404.3343373494, 2571819.388554217, 0.0], [654399.3403614457, 2571819.388554217, 0.0], [654394.3463855421, 2571819.388554217, 0.0], [654389.3524096385, 2571819.388554217, 0.0], [654384.3584337349, 2571819.388554217, 0.0], [654379.3644578313, 2571819.388554217, 0.0], [654374.3704819276, 2571819.388554217, 0.0], [654369.376506024, 2571819.388554217, 0.0], [654364.3825301204, 2571819.388554217, 0.0], [654359.3885542168, 2571819.388554217, 0.0], [654354.3945783132, 2571819.388554217, 0.0], [654349.4006024096, 2571819.388554217, 0.0], [654344.406626506, 2571824.38253012, 0.0], [654339.4126506024, 2571824.38253012, 0.0], [654334.4186746988, 2571824.38253012, 0.0], [654329.4246987951, 2571824.38253012, 0.0], [654324.4307228915, 2571824.38253012, 0.0], [654319.4367469879, 2571824.38253012, 0.0], [654314.4427710843, 2571824.38253012, 0.0], [654309.4487951807, 2571824.38253012, 0.0], [654304.454819277, 2571824.38253012, 0.0], [654299.4608433734, 2571824.38253012, 0.0], [654294.4668674698, 2571824.38253012, 0.0], [654289.4728915662, 2571824.38253012, 0.0], [654284.4789156626, 2571824.38253012, 0.0], [654279.484939759, 2571824.38253012, 0.0], [654274.4909638554, 2571819.388554217, 0.0], [654269.4969879518, 2571819.388554217, 0.0], [654264.5030120481, 2571819.388554217, 0.0], [654259.5090361445, 2571814.394578313, 0.0], [654254.5150602409, 2571809.4006024096, 0.0], [654249.5210843373, 2571809.4006024096, 0.0], [654244.5271084337, 2571804.406626506, 0.0], [654239.53313253, 2571804.406626506, 0.0], [654234.5391566264, 2571804.406626506, 0.0], [654234.5391566264, 2571799.4126506024, 0.0], [654229.5451807228, 2571794.4186746986, 0.0], [654224.5512048192, 2571789.424698795, 0.0], [654219.5572289156, 2571789.424698795, 0.0]]}}, {"type": "Feature", "properties": {"name": "S12", "length": 647.9190098901886}, "geometry": {"type": "LineString", "coordinates": [[683679.0210843374, 2573002.960843373, 0.0], [683684.015060241, 2572997.9668674697, 0.0], [683689.0090361446, 2572992.972891566, 0.0], [683694.0030120482, 2572987.9789156625, 0.0], [683694.0030120482, 2572982.9849397587, 0.0], [683698.9969879518, 2572977.9909638553, 0.0], [683698.9969879518, 2572972.9969879515, 0.0], [683698.9969879518, 2572968.003012048, 0.0], [683703.9909638554, 2572963.0090361442, 0.0], [683703.9909638554, 2572958.015060241, 0.0], [683703.9909638554, 2572953.021084337, 0.0], [683703.9909638554, 2572948.0271084337, 0.0], [683703.9909638554, 2572943.03313253, 0.0], [683708.984939759, 2572938.0391566264, 0.0], [683708.984939759, 2572933.0451807226, 0.0], [683708.984939759, 2572928.051204819, 0.0], [683703.9909638554, 2572923.0572289154, 0.0], [683703.9909638554, 2572918.063253012, 0.0], [683698.9969879518, 2572913.069277108, 0.0], [683698.9969879518, 2572908.075301205, 0.0], [683698.9969879518, 2572903.081325301, 0.0], [683698.9969879518, 2572898.0873493976, 0.0], [683698.9969879518, 2572893.0933734938, 0.0], [683698.9969879518, 2572888.0993975904, 0.0], [683698.9969879518, 2572883.1054216865, 0.0], [683698.9969879518, 2572878.111445783, 0.0], [683698.9969879518, 2572873.1174698793, 0.0], [683698.9969879518, 2572868.123493976, 0.0], [683703.9909638554, 2572863.129518072, 0.0], [683708.984939759, 2572858.1355421683, 0.0], [683713.9789156626, 2572853.141566265, 0.0], [683713.9789156626, 2572848.147590361, 0.0], [683718.9728915662, 2572843.1536144577, 0.0], [683718.9728915662, 2572838.159638554, 0.0], [683718.9728915662, 2572833.1656626505, 0.0], [683718.9728915662, 2572828.1716867466, 0.0], [683718.9728915662, 2572823.1777108433, 0.0], [683718.9728915662, 2572818.1837349394, 0.0], [683718.9728915662, 2572813.189759036, 0.0], [683718.9728915662, 2572808.195783132, 0.0], [683718.9728915662, 2572803.201807229, 0.0], [683723.9668674698, 2572798.207831325, 0.0], [683723.9668674698, 2572793.2138554216, 0.0], [683723.9668674698, 2572788.219879518, 0.0], [683723.9668674698, 2572783.2259036144, 0.0], [683728.9608433734, 2572778.2319277106, 0.0], [683728.9608433734, 2572773.237951807, 0.0], [683728.9608433734, 2572768.2439759034, 0.0], [683728.9608433734, 2572763.25, 0.0], [683728.9608433734, 2572758.256024096, 0.0], [683728.9608433734, 2572753.262048193, 0.0], [683728.9608433734, 2572748.268072289, 0.0], [683728.9608433734, 2572743.2740963856, 0.0], [683733.954819277, 2572738.2801204817, 0.0], [683738.9487951808, 2572733.2861445784, 0.0], [683738.9487951808, 2572728.2921686745, 0.0], [683743.9427710844, 2572723.2981927707, 0.0], [683743.9427710844, 2572718.3042168673, 0.0], [683748.936746988, 2572713.3102409635, 0.0], [683748.936746988, 2572708.31626506, 0.0], [683748.936746988, 2572703.3222891563, 0.0], [683753.9307228916, 2572698.328313253, 0.0], [683758.9246987952, 2572693.334337349, 0.0], [683758.9246987952, 2572688.3403614457, 0.0], [683763.9186746988, 2572683.346385542, 0.0], [683763.9186746988, 2572678.3524096385, 0.0], [683768.9126506024, 2572673.3584337346, 0.0], [683768.9126506024, 2572668.3644578313, 0.0], [683773.906626506, 2572663.3704819274, 0.0], [683773.906626506, 2572658.376506024, 0.0], [683778.9006024096, 2572653.38253012, 0.0], [683783.8945783132, 2572648.388554217, 0.0], [683783.8945783132, 2572643.394578313, 0.0], [683788.8885542168, 2572638.4006024096, 0.0], [683793.8825301204, 2572633.406626506, 0.0], [683798.876506024, 2572628.4126506024, 0.0], [683803.8704819276, 2572623.4186746986, 0.0], [683808.8644578313, 2572618.424698795, 0.0], [683813.858433735, 2572613.4307228914, 0.0], [683813.858433735, 2572608.436746988, 0.0], [683818.8524096386, 2572603.442771084, 0.0], [683823.8463855422, 2572598.448795181, 0.0], [683823.8463855422, 2572593.454819277, 0.0], [683823.8463855422, 2572588.460843373, 0.0], [683828.8403614458, 2572583.4668674697, 0.0], [683828.8403614458, 2572578.472891566, 0.0], [683828.8403614458, 2572573.4789156625, 0.0], [683828.8403614458, 2572568.4849397587, 0.0], [683828.8403614458, 2572563.4909638553, 0.0], [683828.8403614458, 2572558.4969879515, 0.0], [683828.8403614458, 2572553.503012048, 0.0], [683828.8403614458, 2572548.5090361442, 0.0], [683828.8403614458, 2572543.515060241, 0.0], [683823.8463855422, 2572538.521084337, 0.0], [683823.8463855422, 2572533.5271084337, 0.0], [683818.8524096386, 2572528.53313253, 0.0], [683818.8524096386, 2572523.5391566264, 0.0], [683818.8524096386, 2572518.5451807226, 0.0], [683818.8524096386, 2572513.551204819, 0.0], [683818.8524096386, 2572508.5572289154, 0.0], [683813.858433735, 2572503.563253012, 0.0], [683813.858433735, 2572498.569277108, 0.0], [683818.8524096386, 2572493.575301205, 0.0], [683818.8524096386, 2572488.581325301, 0.0], [683818.8524096386, 2572483.5873493976, 0.0], [683818.8524096386, 2572478.5933734938, 0.0], [683818.8524096386, 2572473.5993975904, 0.0], [683818.8524096386, 2572468.6054216865, 0.0], [683818.8524096386, 2572463.611445783, 0.0], [683818.8524096386, 2572458.6174698793, 0.0], [683818.8524096386, 2572453.623493976, 0.0], [683823.8463855422, 2572453.623493976, 0.0], [683823.8463855422, 2572448.629518072, 0.0], [683823.8463855422, 2572443.6355421683, 0.0], [683823.8463855422, 2572438.641566265, 0.0]]}}, {"type": "Feature", "properties": {"name": "S6", "length": 4453.435659482301}, "geometry": {"type": "LineString", "coordinates": [[676188.0572289156, 2573202.719879518, 0.0], [676183.063253012, 2573197.7259036144, 0.0], [676178.0692771084, 2573192.7319277106, 0.0], [676173.0753012048, 2573192.7319277106, 0.0], [676168.0813253012, 2573192.7319277106, 0.0], [676163.0873493976, 2573192.7319277106, 0.0], [676158.093373494, 2573187.737951807, 0.0], [676153.0993975904, 2573187.737951807, 0.0], [676148.1054216868, 2573187.737951807, 0.0], [676143.111445783, 2573187.737951807, 0.0], [676138.1174698794, 2573187.737951807, 0.0], [676133.1234939758, 2573182.7439759034, 0.0], [676128.1295180722, 2573177.75, 0.0], [676123.1355421686, 2573172.756024096, 0.0], [676123.1355421686, 2573167.762048193, 0.0], [676118.141566265, 2573162.768072289, 0.0], [676118.141566265, 2573157.7740963856, 0.0], [676118.141566265, 2573152.7801204817, 0.0], [676113.1475903614, 2573147.7861445784, 0.0], [676113.1475903614, 2573142.7921686745, 0.0], [676108.1536144578, 2573137.7981927707, 0.0], [676108.1536144578, 2573132.8042168673, 0.0], [676108.1536144578, 2573127.8102409635, 0.0], [676103.1596385542, 2573122.81626506, 0.0], [676098.1656626506, 2573117.8222891563, 0.0], [676098.1656626506, 2573112.828313253, 0.0], [676098.1656626506, 2573107.834337349, 0.0], [676098.1656626506, 2573102.8403614457, 0.0], [676093.171686747, 2573097.846385542, 0.0], [676093.171686747, 2573092.8524096385, 0.0], [676093.171686747, 2573087.8584337346, 0.0], [676093.171686747, 2573082.8644578313, 0.0], [676088.1777108434, 2573077.8704819274, 0.0], [676088.1777108434, 2573072.876506024, 0.0], [676083.1837349398, 2573067.88253012, 0.0], [676078.1897590361, 2573062.888554217, 0.0], [676073.1957831325, 2573057.894578313, 0.0], [676068.2018072288, 2573057.894578313, 0.0], [676063.2078313252, 2573057.894578313, 0.0], [676058.2138554216, 2573057.894578313, 0.0], [676053.219879518, 2573062.888554217, 0.0], [676048.2259036144, 2573062.888554217, 0.0], [676043.2319277108, 2573062.888554217, 0.0], [676038.2379518072, 2573067.88253012, 0.0], [676033.2439759036, 2573067.88253012, 0.0], [676028.25, 2573072.876506024, 0.0], [676023.2560240964, 2573077.8704819274, 0.0], [676018.2620481928, 2573082.8644578313, 0.0], [676013.2680722892, 2573087.8584337346, 0.0], [676008.2740963856, 2573092.8524096385, 0.0], [676003.2801204819, 2573097.846385542, 0.0], [675998.2861445782, 2573102.8403614457, 0.0], [675993.2921686746, 2573107.834337349, 0.0], [675988.298192771, 2573107.834337349, 0.0], [675983.3042168674, 2573112.828313253, 0.0], [675978.3102409638, 2573112.828313253, 0.0], [675973.3162650602, 2573117.8222891563, 0.0], [675968.3222891566, 2573117.8222891563, 0.0], [675963.328313253, 2573122.81626506, 0.0], [675958.3343373494, 2573122.81626506, 0.0], [675953.3403614458, 2573127.8102409635, 0.0], [675948.3463855422, 2573127.8102409635, 0.0], [675943.3524096386, 2573127.8102409635, 0.0], [675938.3584337349, 2573127.8102409635, 0.0], [675933.3644578313, 2573122.81626506, 0.0], [675928.3704819276, 2573122.81626506, 0.0], [675923.376506024, 2573117.8222891563, 0.0], [675918.3825301204, 2573117.8222891563, 0.0], [675913.3885542168, 2573117.8222891563, 0.0], [675908.3945783132, 2573117.8222891563, 0.0], [675903.4006024096, 2573112.828313253, 0.0], [675898.406626506, 2573112.828313253, 0.0], [675893.4126506024, 2573112.828313253, 0.0], [675888.4186746988, 2573112.828313253, 0.0], [675883.4246987952, 2573107.834337349, 0.0], [675878.4307228916, 2573107.834337349, 0.0], [675873.436746988, 2573107.834337349, 0.0], [675868.4427710844, 2573107.834337349, 0.0], [675863.4487951807, 2573102.8403614457, 0.0], [675858.454819277, 2573102.8403614457, 0.0], [675853.4608433734, 2573097.846385542, 0.0], [675848.4668674698, 2573097.846385542, 0.0], [675843.4728915662, 2573097.846385542, 0.0], [675838.4789156626, 2573092.8524096385, 0.0], [675833.484939759, 2573092.8524096385, 0.0], [675828.4909638554, 2573087.8584337346, 0.0], [675823.4969879518, 2573087.8584337346, 0.0], [675818.5030120482, 2573082.8644578313, 0.0], [675813.5090361446, 2573082.8644578313, 0.0], [675808.515060241, 2573082.8644578313, 0.0], [675803.5210843374, 2573077.8704819274, 0.0], [675798.5271084337, 2573077.8704819274, 0.0], [675793.53313253, 2573072.876506024, 0.0], [675788.5391566264, 2573072.876506024, 0.0], [675783.5451807228, 2573067.88253012, 0.0], [675778.5512048192, 2573062.888554217, 0.0], [675773.5572289156, 2573062.888554217, 0.0], [675768.563253012, 2573057.894578313, 0.0], [675763.5692771084, 2573057.894578313, 0.0], [675758.5753012048, 2573052.9006024096, 0.0], [675753.5813253012, 2573052.9006024096, 0.0], [675748.5873493976, 2573047.906626506, 0.0], [675743.593373494, 2573047.906626506, 0.0], [675738.5993975904, 2573042.9126506024, 0.0], [675733.6054216868, 2573037.9186746986, 0.0], [675728.611445783, 2573037.9186746986, 0.0], [675723.6174698794, 2573037.9186746986, 0.0], [675718.6234939758, 2573032.924698795, 0.0], [675713.6295180722, 2573032.924698795, 0.0], [675708.6355421686, 2573027.9307228914, 0.0], [675703.641566265, 2573027.9307228914, 0.0], [675698.6475903614, 2573027.9307228914, 0.0], [675693.6536144578, 2573027.9307228914, 0.0], [675688.6596385542, 2573022.936746988, 0.0], [675683.6656626506, 2573017.942771084, 0.0], [675678.671686747, 2573012.948795181, 0.0], [675673.6777108434, 2573012.948795181, 0.0], [675668.6837349398, 2573012.948795181, 0.0], [675663.6897590361, 2573012.948795181, 0.0], [675658.6957831325, 2573007.954819277, 0.0], [675653.7018072288, 2573002.960843373, 0.0], [675648.7078313252, 2573002.960843373, 0.0], [675643.7138554216, 2572997.9668674697, 0.0], [675638.719879518, 2572997.9668674697, 0.0], [675633.7259036144, 2572992.972891566, 0.0], [675628.7319277108, 2572987.9789156625, 0.0], [675623.7379518072, 2572982.9849397587, 0.0], [675618.7439759036, 2572977.9909638553, 0.0], [675618.7439759036, 2572972.9969879515, 0.0], [675613.75, 2572968.003012048, 0.0], [675608.7560240964, 2572963.0090361442, 0.0], [675603.7620481928, 2572958.015060241, 0.0], [675598.7680722892, 2572953.021084337, 0.0], [675598.7680722892, 2572948.0271084337, 0.0], [675593.7740963856, 2572943.03313253, 0.0], [675593.7740963856, 2572938.0391566264, 0.0], [675588.7801204819, 2572933.0451807226, 0.0], [675583.7861445782, 2572928.051204819, 0.0], [675583.7861445782, 2572923.0572289154, 0.0], [675578.7921686746, 2572918.063253012, 0.0], [675578.7921686746, 2572913.069277108, 0.0], [675573.798192771, 2572908.075301205, 0.0], [675568.8042168674, 2572903.081325301, 0.0], [675568.8042168674, 2572898.0873493976, 0.0], [675568.8042168674, 2572893.0933734938, 0.0], [675568.8042168674, 2572888.0993975904, 0.0], [675568.8042168674, 2572883.1054216865, 0.0], [675568.8042168674, 2572878.111445783, 0.0], [675568.8042168674, 2572873.1174698793, 0.0], [675568.8042168674, 2572868.123493976, 0.0], [675568.8042168674, 2572863.129518072, 0.0], [675568.8042168674, 2572858.1355421683, 0.0], [675568.8042168674, 2572853.141566265, 0.0], [675568.8042168674, 2572848.147590361, 0.0], [675568.8042168674, 2572843.1536144577, 0.0], [675568.8042168674, 2572838.159638554, 0.0], [675573.798192771, 2572833.1656626505, 0.0], [675573.798192771, 2572828.1716867466, 0.0], [675573.798192771, 2572823.1777108433, 0.0], [675573.798192771, 2572818.1837349394, 0.0], [675573.798192771, 2572813.189759036, 0.0], [675578.7921686746, 2572808.195783132, 0.0], [675578.7921686746, 2572803.201807229, 0.0], [675578.7921686746, 2572798.207831325, 0.0], [675578.7921686746, 2572793.2138554216, 0.0], [675583.7861445782, 2572788.219879518, 0.0], [675588.7801204819, 2572783.2259036144, 0.0], [675588.7801204819, 2572778.2319277106, 0.0], [675593.7740963856, 2572773.237951807, 0.0], [675593.7740963856, 2572768.2439759034, 0.0], [675593.7740963856, 2572763.25, 0.0], [675593.7740963856, 2572758.256024096, 0.0], [675593.7740963856, 2572753.262048193, 0.0], [675598.7680722892, 2572748.268072289, 0.0], [675598.7680722892, 2572743.2740963856, 0.0], [675598.7680722892, 2572738.2801204817, 0.0], [675598.7680722892, 2572733.2861445784, 0.0], [675598.7680722892, 2572728.2921686745, 0.0], [675598.7680722892, 2572723.2981927707, 0.0], [675598.7680722892, 2572718.3042168673, 0.0], [675598.7680722892, 2572713.3102409635, 0.0], [675598.7680722892, 2572708.31626506, 0.0], [675598.7680722892, 2572703.3222891563, 0.0], [675598.7680722892, 2572698.328313253, 0.0], [675598.7680722892, 2572693.334337349, 0.0], [675598.7680722892, 2572688.3403614457, 0.0], [675598.7680722892, 2572683.346385542, 0.0], [675593.7740963856, 2572678.3524096385, 0.0], [675593.7740963856, 2572673.3584337346, 0.0], [675593.7740963856, 2572668.3644578313, 0.0], [675588.7801204819, 2572663.3704819274, 0.0], [675588.7801204819, 2572658.376506024, 0.0], [675583.7861445782, 2572653.38253012, 0.0], [675578.7921686746, 2572648.388554217, 0.0], [675578.7921686746, 2572643.394578313, 0.0], [675573.798192771, 2572638.4006024096, 0.0], [675573.798192771, 2572633.406626506, 0.0], [675568.8042168674, 2572628.4126506024, 0.0], [675563.8102409638, 2572623.4186746986, 0.0], [675558.8162650602, 2572618.424698795, 0.0], [675553.8222891566, 2572618.424698795, 0.0], [675548.828313253, 2572618.424698795, 0.0], [675543.8343373494, 2572618.424698795, 0.0], [675538.8403614458, 2572618.424698795, 0.0], [675533.8463855422, 2572618.424698795, 0.0], [675528.8524096386, 2572623.4186746986, 0.0], [675523.8584337349, 2572628.4126506024, 0.0], [675518.8644578313, 2572628.4126506024, 0.0], [675513.8704819276, 2572633.406626506, 0.0], [675508.876506024, 2572638.4006024096, 0.0], [675503.8825301204, 2572638.4006024096, 0.0], [675498.8885542168, 2572643.394578313, 0.0], [675493.8945783132, 2572648.388554217, 0.0], [675488.9006024096, 2572648.388554217, 0.0], [675483.906626506, 2572653.38253012, 0.0], [675478.9126506024, 2572653.38253012, 0.0], [675473.9186746988, 2572658.376506024, 0.0], [675468.9246987952, 2572663.3704819274, 0.0], [675463.9307228916, 2572663.3704819274, 0.0], [675458.936746988, 2572668.3644578313, 0.0], [675453.9427710844, 2572668.3644578313, 0.0], [675448.9487951807, 2572668.3644578313, 0.0], [675443.954819277, 2572673.3584337346, 0.0], [675438.9608433734, 2572673.3584337346, 0.0], [675433.9668674698, 2572678.3524096385, 0.0], [675428.9728915662, 2572678.3524096385, 0.0], [675423.9789156626, 2572678.3524096385, 0.0], [675418.984939759, 2572683.346385542, 0.0], [675413.9909638554, 2572683.346385542, 0.0], [675408.9969879518, 2572683.346385542, 0.0], [675404.0030120482, 2572683.346385542, 0.0], [675399.0090361446, 2572683.346385542, 0.0], [675394.015060241, 2572683.346385542, 0.0], [675389.0210843374, 2572683.346385542, 0.0], [675384.0271084337, 2572688.3403614457, 0.0], [675379.03313253, 2572688.3403614457, 0.0], [675374.0391566264, 2572688.3403614457, 0.0], [675369.0451807228, 2572688.3403614457, 0.0], [675364.0512048192, 2572688.3403614457, 0.0], [675359.0572289156, 2572693.334337349, 0.0], [675354.063253012, 2572693.334337349, 0.0], [675349.0692771084, 2572693.334337349, 0.0], [675344.0753012048, 2572693.334337349, 0.0], [675339.0813253012, 2572693.334337349, 0.0], [675334.0873493976, 2572693.334337349, 0.0], [675329.093373494, 2572693.334337349, 0.0], [675324.0993975904, 2572693.334337349, 0.0], [675319.1054216868, 2572698.328313253, 0.0], [675314.111445783, 2572698.328313253, 0.0], [675309.1174698794, 2572698.328313253, 0.0], [675304.1234939758, 2572698.328313253, 0.0], [675299.1295180722, 2572698.328313253, 0.0], [675294.1355421686, 2572698.328313253, 0.0], [675289.141566265, 2572698.328313253, 0.0], [675284.1475903614, 2572698.328313253, 0.0], [675279.1536144578, 2572698.328313253, 0.0], [675274.1596385542, 2572698.328313253, 0.0], [675269.1656626506, 2572698.328313253, 0.0], [675264.171686747, 2572693.334337349, 0.0], [675259.1777108434, 2572693.334337349, 0.0], [675254.1837349398, 2572693.334337349, 0.0], [675249.1897590361, 2572693.334337349, 0.0], [675244.1957831325, 2572693.334337349, 0.0], [675239.2018072288, 2572693.334337349, 0.0], [675234.2078313252, 2572688.3403614457, 0.0], [675229.2138554216, 2572688.3403614457, 0.0], [675224.219879518, 2572688.3403614457, 0.0], [675219.2259036144, 2572683.346385542, 0.0], [675214.2319277108, 2572683.346385542, 0.0], [675209.2379518072, 2572683.346385542, 0.0], [675204.2439759036, 2572683.346385542, 0.0], [675199.25, 2572678.3524096385, 0.0], [675194.2560240964, 2572678.3524096385, 0.0], [675189.2620481928, 2572678.3524096385, 0.0], [675184.2680722892, 2572678.3524096385, 0.0], [675179.2740963856, 2572678.3524096385, 0.0], [675174.2801204819, 2572678.3524096385, 0.0], [675169.2861445782, 2572678.3524096385, 0.0], [675164.2921686746, 2572678.3524096385, 0.0], [675159.298192771, 2572678.3524096385, 0.0], [675154.3042168674, 2572678.3524096385, 0.0], [675149.3102409638, 2572673.3584337346, 0.0], [675144.3162650602, 2572673.3584337346, 0.0], [675139.3222891566, 2572673.3584337346, 0.0], [675134.328313253, 2572673.3584337346, 0.0], [675129.3343373494, 2572673.3584337346, 0.0], [675124.3403614458, 2572678.3524096385, 0.0], [675119.3463855422, 2572678.3524096385, 0.0], [675114.3524096386, 2572678.3524096385, 0.0], [675109.3584337349, 2572683.346385542, 0.0], [675104.3644578313, 2572688.3403614457, 0.0], [675099.3704819276, 2572693.334337349, 0.0], [675099.3704819276, 2572698.328313253, 0.0], [675094.376506024, 2572703.3222891563, 0.0], [675089.3825301204, 2572708.31626506, 0.0], [675084.3885542168, 2572713.3102409635, 0.0], [675084.3885542168, 2572718.3042168673, 0.0], [675079.3945783132, 2572723.2981927707, 0.0], [675074.4006024096, 2572728.2921686745, 0.0], [675074.4006024096, 2572733.2861445784, 0.0], [675069.406626506, 2572738.2801204817, 0.0], [675069.406626506, 2572743.2740963856, 0.0], [675064.4126506024, 2572748.268072289, 0.0], [675059.4186746988, 2572753.262048193, 0.0], [675054.4246987952, 2572758.256024096, 0.0], [675049.4307228916, 2572763.25, 0.0], [675044.436746988, 2572763.25, 0.0], [675039.4427710843, 2572768.2439759034, 0.0], [675034.4487951807, 2572768.2439759034, 0.0], [675029.454819277, 2572773.237951807, 0.0], [675024.4608433734, 2572773.237951807, 0.0], [675019.4668674698, 2572773.237951807, 0.0], [675014.4728915662, 2572773.237951807, 0.0], [675009.4789156626, 2572768.2439759034, 0.0], [675004.484939759, 2572763.25, 0.0], [674999.4909638554, 2572758.256024096, 0.0], [674999.4909638554, 2572753.262048193, 0.0], [674999.4909638554, 2572748.268072289, 0.0], [674994.4969879518, 2572743.2740963856, 0.0], [674989.5030120482, 2572738.2801204817, 0.0], [674989.5030120482, 2572733.2861445784, 0.0], [674984.5090361446, 2572728.2921686745, 0.0], [674984.5090361446, 2572723.2981927707, 0.0], [674979.515060241, 2572718.3042168673, 0.0], [674979.515060241, 2572713.3102409635, 0.0], [674979.515060241, 2572708.31626506, 0.0], [674979.515060241, 2572703.3222891563, 0.0], [674974.5210843374, 2572698.328313253, 0.0], [674969.5271084337, 2572693.334337349, 0.0], [674969.5271084337, 2572688.3403614457, 0.0], [674964.53313253, 2572683.346385542, 0.0], [674964.53313253, 2572678.3524096385, 0.0], [674964.53313253, 2572673.3584337346, 0.0], [674964.53313253, 2572668.3644578313, 0.0], [674959.5391566264, 2572663.3704819274, 0.0], [674959.5391566264, 2572658.376506024, 0.0], [674954.5451807228, 2572653.38253012, 0.0], [674949.5512048192, 2572648.388554217, 0.0], [674944.5572289156, 2572643.394578313, 0.0], [674939.563253012, 2572638.4006024096, 0.0], [674934.5692771084, 2572633.406626506, 0.0], [674929.5753012048, 2572628.4126506024, 0.0], [674924.5813253012, 2572623.4186746986, 0.0], [674919.5873493976, 2572623.4186746986, 0.0], [674914.593373494, 2572618.424698795, 0.0], [674909.5993975904, 2572613.4307228914, 0.0], [674904.6054216868, 2572613.4307228914, 0.0], [674899.611445783, 2572608.436746988, 0.0], [674894.6174698794, 2572608.436746988, 0.0], [674889.6234939758, 2572608.436746988, 0.0], [674884.6295180722, 2572613.4307228914, 0.0], [674879.6355421686, 2572613.4307228914, 0.0], [674874.641566265, 2572618.424698795, 0.0], [674869.6475903614, 2572618.424698795, 0.0], [674864.6536144578, 2572623.4186746986, 0.0], [674859.6596385542, 2572628.4126506024, 0.0], [674854.6656626506, 2572633.406626506, 0.0], [674849.671686747, 2572638.4006024096, 0.0], [674844.6777108434, 2572643.394578313, 0.0], [674839.6837349398, 2572643.394578313, 0.0], [674834.6897590361, 2572648.388554217, 0.0], [674829.6957831325, 2572653.38253012, 0.0], [674824.7018072288, 2572658.376506024, 0.0], [674819.7078313252, 2572663.3704819274, 0.0], [674814.7138554216, 2572668.3644578313, 0.0], [674814.7138554216, 2572673.3584337346, 0.0], [674809.719879518, 2572678.3524096385, 0.0], [674804.7259036144, 2572683.346385542, 0.0], [674799.7319277108, 2572688.3403614457, 0.0], [674794.7379518072, 2572688.3403614457, 0.0], [674789.7439759036, 2572693.334337349, 0.0], [674784.75, 2572693.334337349, 0.0], [674779.7560240964, 2572698.328313253, 0.0], [674774.7620481928, 2572698.328313253, 0.0], [674774.7620481928, 2572703.3222891563, 0.0], [674774.7620481928, 2572708.31626506, 0.0], [674774.7620481928, 2572713.3102409635, 0.0], [674774.7620481928, 2572718.3042168673, 0.0], [674774.7620481928, 2572723.2981927707, 0.0], [674779.7560240964, 2572728.2921686745, 0.0], [674779.7560240964, 2572733.2861445784, 0.0], [674784.75, 2572738.2801204817, 0.0], [674784.75, 2572743.2740963856, 0.0], [674789.7439759036, 2572748.268072289, 0.0], [674789.7439759036, 2572753.262048193, 0.0], [674794.7379518072, 2572758.256024096, 0.0], [674794.7379518072, 2572763.25, 0.0], [674794.7379518072, 2572768.2439759034, 0.0], [674794.7379518072, 2572773.237951807, 0.0], [674794.7379518072, 2572778.2319277106, 0.0], [674789.7439759036, 2572783.2259036144, 0.0], [674789.7439759036, 2572788.219879518, 0.0], [674784.75, 2572793.2138554216, 0.0], [674779.7560240964, 2572798.207831325, 0.0], [674774.7620481928, 2572803.201807229, 0.0], [674769.7680722892, 2572808.195783132, 0.0], [674764.7740963856, 2572813.189759036, 0.0], [674764.7740963856, 2572818.1837349394, 0.0], [674759.7801204819, 2572823.1777108433, 0.0], [674754.7861445782, 2572828.1716867466, 0.0], [674749.7921686746, 2572833.1656626505, 0.0], [674744.798192771, 2572838.159638554, 0.0], [674739.8042168674, 2572838.159638554, 0.0], [674734.8102409638, 2572843.1536144577, 0.0], [674729.8162650602, 2572848.147590361, 0.0], [674724.8222891566, 2572853.141566265, 0.0], [674719.828313253, 2572858.1355421683, 0.0], [674714.8343373494, 2572863.129518072, 0.0], [674709.8403614458, 2572863.129518072, 0.0], [674704.8463855422, 2572868.123493976, 0.0], [674699.8524096386, 2572873.1174698793, 0.0], [674694.8584337349, 2572878.111445783, 0.0], [674689.8644578313, 2572878.111445783, 0.0], [674684.8704819276, 2572883.1054216865, 0.0], [674679.876506024, 2572883.1054216865, 0.0], [674674.8825301204, 2572888.0993975904, 0.0], [674669.8885542168, 2572893.0933734938, 0.0], [674664.8945783132, 2572893.0933734938, 0.0], [674659.9006024096, 2572898.0873493976, 0.0], [674654.906626506, 2572898.0873493976, 0.0], [674649.9126506024, 2572903.081325301, 0.0], [674644.9186746988, 2572903.081325301, 0.0], [674639.9246987952, 2572903.081325301, 0.0], [674634.9307228916, 2572908.075301205, 0.0], [674629.936746988, 2572908.075301205, 0.0], [674624.9427710843, 2572908.075301205, 0.0], [674619.9487951807, 2572908.075301205, 0.0], [674614.954819277, 2572908.075301205, 0.0], [674609.9608433734, 2572913.069277108, 0.0], [674604.9668674698, 2572913.069277108, 0.0], [674599.9728915662, 2572913.069277108, 0.0], [674594.9789156626, 2572908.075301205, 0.0], [674589.984939759, 2572908.075301205, 0.0], [674584.9909638554, 2572908.075301205, 0.0], [674579.9969879518, 2572908.075301205, 0.0], [674575.0030120482, 2572908.075301205, 0.0], [674570.0090361446, 2572908.075301205, 0.0], [674565.015060241, 2572913.069277108, 0.0], [674560.0210843374, 2572913.069277108, 0.0], [674555.0271084337, 2572908.075301205, 0.0], [674550.03313253, 2572913.069277108, 0.0], [674545.0391566264, 2572913.069277108, 0.0], [674540.0451807228, 2572913.069277108, 0.0], [674535.0512048192, 2572913.069277108, 0.0], [674530.0572289156, 2572908.075301205, 0.0], [674525.063253012, 2572903.081325301, 0.0], [674520.0692771084, 2572903.081325301, 0.0], [674515.0753012048, 2572903.081325301, 0.0], [674510.0813253012, 2572903.081325301, 0.0], [674505.0873493976, 2572903.081325301, 0.0], [674500.093373494, 2572903.081325301, 0.0], [674495.0993975904, 2572903.081325301, 0.0], [674490.1054216868, 2572903.081325301, 0.0], [674485.111445783, 2572903.081325301, 0.0], [674480.1174698794, 2572903.081325301, 0.0], [674475.1234939758, 2572903.081325301, 0.0], [674470.1295180722, 2572903.081325301, 0.0], [674465.1355421686, 2572903.081325301, 0.0], [674460.141566265, 2572903.081325301, 0.0], [674455.1475903614, 2572903.081325301, 0.0], [674450.1536144578, 2572898.0873493976, 0.0], [674445.1596385542, 2572898.0873493976, 0.0], [674440.1656626506, 2572898.0873493976, 0.0], [674435.171686747, 2572903.081325301, 0.0], [674435.171686747, 2572908.075301205, 0.0], [674430.1777108434, 2572913.069277108, 0.0], [674425.1837349398, 2572913.069277108, 0.0], [674420.1897590361, 2572913.069277108, 0.0], [674415.1957831325, 2572913.069277108, 0.0], [674410.2018072288, 2572913.069277108, 0.0], [674405.2078313252, 2572913.069277108, 0.0], [674400.2138554216, 2572913.069277108, 0.0], [674395.219879518, 2572913.069277108, 0.0], [674390.2259036144, 2572913.069277108, 0.0], [674385.2319277108, 2572913.069277108, 0.0], [674380.2379518072, 2572908.075301205, 0.0], [674375.2439759036, 2572903.081325301, 0.0], [674370.25, 2572898.0873493976, 0.0], [674365.2560240964, 2572898.0873493976, 0.0], [674360.2620481928, 2572898.0873493976, 0.0], [674355.2680722892, 2572903.081325301, 0.0], [674350.2740963855, 2572908.075301205, 0.0], [674345.2801204819, 2572908.075301205, 0.0], [674340.2861445782, 2572908.075301205, 0.0], [674335.2921686746, 2572908.075301205, 0.0], [674330.298192771, 2572908.075301205, 0.0], [674325.3042168674, 2572903.081325301, 0.0], [674320.3102409638, 2572903.081325301, 0.0], [674315.3162650602, 2572903.081325301, 0.0], [674310.3222891566, 2572903.081325301, 0.0], [674305.328313253, 2572903.081325301, 0.0], [674300.3343373494, 2572903.081325301, 0.0], [674295.3403614458, 2572903.081325301, 0.0], [674290.3463855422, 2572908.075301205, 0.0], [674285.3524096386, 2572908.075301205, 0.0], [674280.3584337349, 2572908.075301205, 0.0], [674275.3644578313, 2572908.075301205, 0.0], [674270.3704819276, 2572913.069277108, 0.0], [674265.376506024, 2572913.069277108, 0.0], [674260.3825301204, 2572918.063253012, 0.0], [674255.3885542168, 2572918.063253012, 0.0], [674250.3945783132, 2572918.063253012, 0.0], [674245.4006024096, 2572918.063253012, 0.0], [674240.406626506, 2572918.063253012, 0.0], [674235.4126506024, 2572923.0572289154, 0.0], [674230.4186746988, 2572923.0572289154, 0.0], [674225.4246987952, 2572928.051204819, 0.0], [674220.4307228916, 2572933.0451807226, 0.0], [674215.436746988, 2572933.0451807226, 0.0], [674210.4427710843, 2572933.0451807226, 0.0], [674205.4487951807, 2572938.0391566264, 0.0], [674200.454819277, 2572938.0391566264, 0.0], [674195.4608433734, 2572938.0391566264, 0.0], [674190.4668674698, 2572943.03313253, 0.0], [674185.4728915662, 2572948.0271084337, 0.0], [674180.4789156626, 2572953.021084337, 0.0], [674175.484939759, 2572953.021084337, 0.0], [674170.4909638554, 2572958.015060241, 0.0], [674165.4969879518, 2572963.0090361442, 0.0], [674160.5030120482, 2572968.003012048, 0.0], [674155.5090361446, 2572972.9969879515, 0.0], [674150.515060241, 2572977.9909638553, 0.0], [674145.5210843374, 2572982.9849397587, 0.0], [674140.5271084337, 2572987.9789156625, 0.0], [674135.53313253, 2572992.972891566, 0.0], [674130.5391566264, 2572997.9668674697, 0.0], [674125.5451807228, 2573002.960843373, 0.0], [674120.5512048192, 2573007.954819277, 0.0], [674115.5572289156, 2573012.948795181, 0.0], [674110.563253012, 2573017.942771084, 0.0], [674105.5692771084, 2573022.936746988, 0.0], [674100.5753012048, 2573027.9307228914, 0.0], [674100.5753012048, 2573032.924698795, 0.0], [674095.5813253012, 2573037.9186746986, 0.0], [674090.5873493976, 2573042.9126506024, 0.0], [674085.593373494, 2573047.906626506, 0.0], [674080.5993975904, 2573052.9006024096, 0.0], [674080.5993975904, 2573057.894578313, 0.0], [674075.6054216868, 2573062.888554217, 0.0], [674070.611445783, 2573067.88253012, 0.0], [674065.6174698794, 2573072.876506024, 0.0], [674060.6234939758, 2573077.8704819274, 0.0], [674055.6295180722, 2573082.8644578313, 0.0], [674050.6355421686, 2573087.8584337346, 0.0], [674045.641566265, 2573087.8584337346, 0.0], [674040.6475903614, 2573092.8524096385, 0.0], [674035.6536144578, 2573092.8524096385, 0.0], [674030.6596385542, 2573092.8524096385, 0.0], [674025.6656626506, 2573097.846385542, 0.0], [674020.671686747, 2573097.846385542, 0.0], [674015.6777108434, 2573102.8403614457, 0.0], [674010.6837349398, 2573102.8403614457, 0.0], [674005.6897590361, 2573102.8403614457, 0.0], [674005.6897590361, 2573107.834337349, 0.0], [674000.6957831325, 2573112.828313253, 0.0], [673995.7018072288, 2573117.8222891563, 0.0], [673990.7078313252, 2573122.81626506, 0.0], [673990.7078313252, 2573127.8102409635, 0.0], [673985.7138554216, 2573132.8042168673, 0.0], [673985.7138554216, 2573137.7981927707, 0.0], [673985.7138554216, 2573142.7921686745, 0.0], [673985.7138554216, 2573147.7861445784, 0.0], [673980.719879518, 2573152.7801204817, 0.0], [673980.719879518, 2573157.7740963856, 0.0], [673980.719879518, 2573162.768072289, 0.0], [673975.7259036144, 2573167.762048193, 0.0], [673975.7259036144, 2573172.756024096, 0.0], [673975.7259036144, 2573177.75, 0.0], [673975.7259036144, 2573182.7439759034, 0.0], [673975.7259036144, 2573187.737951807, 0.0], [673975.7259036144, 2573192.7319277106, 0.0], [673970.7319277108, 2573197.7259036144, 0.0], [673970.7319277108, 2573202.719879518, 0.0], [673970.7319277108, 2573207.7138554216, 0.0], [673970.7319277108, 2573212.707831325, 0.0], [673975.7259036144, 2573217.701807229, 0.0], [673975.7259036144, 2573222.695783132, 0.0], [673975.7259036144, 2573227.689759036, 0.0], [673975.7259036144, 2573232.6837349394, 0.0], [673975.7259036144, 2573237.6777108433, 0.0], [673975.7259036144, 2573242.6716867466, 0.0], [673980.719879518, 2573247.6656626505, 0.0], [673980.719879518, 2573252.659638554, 0.0], [673980.719879518, 2573257.6536144577, 0.0], [673980.719879518, 2573262.647590361, 0.0], [673980.719879518, 2573267.641566265, 0.0], [673985.7138554216, 2573272.6355421683, 0.0], [673985.7138554216, 2573277.629518072, 0.0], [673985.7138554216, 2573282.623493976, 0.0], [673990.7078313252, 2573287.6174698793, 0.0], [673995.7018072288, 2573287.6174698793, 0.0], [674000.6957831325, 2573292.611445783, 0.0], [674000.6957831325, 2573297.6054216865, 0.0], [674005.6897590361, 2573302.5993975904, 0.0], [674005.6897590361, 2573307.5933734938, 0.0], [674010.6837349398, 2573312.5873493976, 0.0], [674010.6837349398, 2573317.581325301, 0.0], [674010.6837349398, 2573322.575301205, 0.0], [674015.6777108434, 2573327.569277108, 0.0], [674015.6777108434, 2573332.563253012, 0.0], [674020.671686747, 2573337.5572289154, 0.0], [674020.671686747, 2573342.551204819, 0.0], [674025.6656626506, 2573347.5451807226, 0.0], [674025.6656626506, 2573352.5391566264, 0.0], [674025.6656626506, 2573357.53313253, 0.0], [674030.6596385542, 2573362.5271084337, 0.0], [674030.6596385542, 2573367.521084337, 0.0], [674035.6536144578, 2573372.515060241, 0.0], [674035.6536144578, 2573377.5090361442, 0.0], [674035.6536144578, 2573382.503012048, 0.0], [674035.6536144578, 2573387.4969879515, 0.0], [674035.6536144578, 2573392.4909638553, 0.0], [674035.6536144578, 2573397.4849397587, 0.0], [674040.6475903614, 2573402.4789156625, 0.0], [674040.6475903614, 2573407.472891566, 0.0], [674045.641566265, 2573412.4668674697, 0.0], [674045.641566265, 2573417.460843373, 0.0], [674050.6355421686, 2573422.454819277, 0.0], [674050.6355421686, 2573427.448795181, 0.0], [674055.6295180722, 2573432.442771084, 0.0], [674055.6295180722, 2573437.436746988, 0.0], [674055.6295180722, 2573442.4307228914, 0.0], [674060.6234939758, 2573447.424698795, 0.0], [674060.6234939758, 2573452.4186746986, 0.0], [674065.6174698794, 2573457.4126506024, 0.0], [674070.611445783, 2573462.406626506, 0.0], [674075.6054216868, 2573467.4006024096, 0.0], [674080.5993975904, 2573472.394578313, 0.0], [674085.593373494, 2573477.388554217, 0.0], [674090.5873493976, 2573482.38253012, 0.0], [674095.5813253012, 2573482.38253012, 0.0], [674100.5753012048, 2573487.376506024, 0.0], [674105.5692771084, 2573492.3704819274, 0.0], [674110.563253012, 2573497.3644578313, 0.0], [674115.5572289156, 2573497.3644578313, 0.0], [674120.5512048192, 2573502.3584337346, 0.0], [674125.5451807228, 2573502.3584337346, 0.0], [674130.5391566264, 2573507.3524096385, 0.0], [674135.53313253, 2573512.346385542, 0.0], [674140.5271084337, 2573517.3403614457, 0.0], [674145.5210843374, 2573522.334337349, 0.0], [674150.515060241, 2573522.334337349, 0.0], [674155.5090361446, 2573522.334337349, 0.0], [674160.5030120482, 2573527.328313253, 0.0], [674165.4969879518, 2573532.3222891563, 0.0], [674165.4969879518, 2573537.31626506, 0.0], [674165.4969879518, 2573542.3102409635, 0.0], [674170.4909638554, 2573547.3042168673, 0.0], [674170.4909638554, 2573552.2981927707, 0.0], [674170.4909638554, 2573557.2921686745, 0.0], [674175.484939759, 2573562.2861445784, 0.0], [674175.484939759, 2573567.2801204817, 0.0], [674175.484939759, 2573572.2740963856, 0.0], [674180.4789156626, 2573577.268072289, 0.0], [674180.4789156626, 2573582.262048193, 0.0], [674180.4789156626, 2573587.256024096, 0.0], [674185.4728915662, 2573592.25, 0.0], [674185.4728915662, 2573597.2439759034, 0.0], [674185.4728915662, 2573602.237951807, 0.0], [674185.4728915662, 2573607.2319277106, 0.0], [674185.4728915662, 2573612.2259036144, 0.0], [674185.4728915662, 2573617.219879518, 0.0], [674185.4728915662, 2573622.2138554216, 0.0], [674185.4728915662, 2573627.207831325, 0.0], [674185.4728915662, 2573632.201807229, 0.0], [674185.4728915662, 2573637.195783132, 0.0], [674185.4728915662, 2573642.189759036, 0.0], [674185.4728915662, 2573647.1837349394, 0.0], [674185.4728915662, 2573652.1777108433, 0.0], [674185.4728915662, 2573657.1716867466, 0.0], [674185.4728915662, 2573662.1656626505, 0.0], [674185.4728915662, 2573667.159638554, 0.0], [674180.4789156626, 2573672.1536144577, 0.0], [674175.484939759, 2573672.1536144577, 0.0], [674170.4909638554, 2573672.1536144577, 0.0], [674165.4969879518, 2573672.1536144577, 0.0], [674160.5030120482, 2573677.147590361, 0.0], [674155.5090361446, 2573677.147590361, 0.0], [674150.515060241, 2573682.141566265, 0.0], [674145.5210843374, 2573687.1355421683, 0.0], [674140.5271084337, 2573692.129518072, 0.0], [674135.53313253, 2573697.123493976, 0.0], [674130.5391566264, 2573702.1174698793, 0.0], [674125.5451807228, 2573707.111445783, 0.0], [674120.5512048192, 2573712.1054216865, 0.0], [674115.5572289156, 2573717.0993975904, 0.0], [674110.563253012, 2573722.0933734938, 0.0], [674110.563253012, 2573727.0873493976, 0.0], [674105.5692771084, 2573732.081325301, 0.0], [674100.5753012048, 2573737.075301205, 0.0], [674095.5813253012, 2573742.069277108, 0.0], [674095.5813253012, 2573747.063253012, 0.0], [674090.5873493976, 2573752.0572289154, 0.0], [674085.593373494, 2573757.051204819, 0.0], [674085.593373494, 2573762.0451807226, 0.0], [674080.5993975904, 2573767.0391566264, 0.0], [674075.6054216868, 2573772.03313253, 0.0], [674070.611445783, 2573777.0271084337, 0.0], [674065.6174698794, 2573782.021084337, 0.0], [674060.6234939758, 2573787.015060241, 0.0], [674055.6295180722, 2573792.0090361442, 0.0], [674050.6355421686, 2573797.003012048, 0.0], [674045.641566265, 2573801.9969879515, 0.0], [674040.6475903614, 2573806.9909638553, 0.0], [674035.6536144578, 2573806.9909638553, 0.0], [674030.6596385542, 2573811.9849397587, 0.0], [674025.6656626506, 2573816.9789156625, 0.0], [674020.671686747, 2573816.9789156625, 0.0], [674015.6777108434, 2573821.972891566, 0.0], [674010.6837349398, 2573821.972891566, 0.0], [674005.6897590361, 2573826.9668674697, 0.0], [674000.6957831325, 2573826.9668674697, 0.0], [673995.7018072288, 2573826.9668674697, 0.0], [673990.7078313252, 2573826.9668674697, 0.0], [673985.7138554216, 2573826.9668674697, 0.0], [673980.719879518, 2573831.960843373, 0.0], [673975.7259036144, 2573831.960843373, 0.0], [673970.7319277108, 2573826.9668674697, 0.0], [673965.7379518072, 2573821.972891566, 0.0], [673960.7439759036, 2573821.972891566, 0.0], [673955.75, 2573816.9789156625, 0.0], [673950.7560240964, 2573816.9789156625, 0.0], [673945.7620481928, 2573816.9789156625, 0.0], [673940.7680722892, 2573811.9849397587, 0.0], [673935.7740963855, 2573806.9909638553, 0.0], [673930.7801204819, 2573801.9969879515, 0.0], [673925.7861445782, 2573797.003012048, 0.0], [673920.7921686746, 2573792.0090361442, 0.0], [673915.798192771, 2573787.015060241, 0.0], [673910.8042168674, 2573787.015060241, 0.0], [673905.8102409638, 2573787.015060241, 0.0], [673900.8162650602, 2573787.015060241, 0.0], [673895.8222891566, 2573792.0090361442, 0.0], [673890.828313253, 2573792.0090361442, 0.0], [673885.8343373494, 2573792.0090361442, 0.0], [673880.8403614458, 2573792.0090361442, 0.0], [673875.8463855422, 2573792.0090361442, 0.0], [673870.8524096386, 2573797.003012048, 0.0], [673865.8584337349, 2573797.003012048, 0.0], [673860.8644578313, 2573797.003012048, 0.0], [673855.8704819276, 2573801.9969879515, 0.0], [673850.876506024, 2573801.9969879515, 0.0], [673845.8825301204, 2573801.9969879515, 0.0], [673840.8885542168, 2573806.9909638553, 0.0], [673835.8945783132, 2573806.9909638553, 0.0], [673830.9006024096, 2573811.9849397587, 0.0], [673825.906626506, 2573816.9789156625, 0.0], [673820.9126506024, 2573816.9789156625, 0.0], [673815.9186746988, 2573821.972891566, 0.0], [673810.9246987952, 2573826.9668674697, 0.0], [673805.9307228916, 2573826.9668674697, 0.0], [673800.936746988, 2573831.960843373, 0.0], [673795.9427710843, 2573836.954819277, 0.0], [673790.9487951807, 2573841.948795181, 0.0]]}}, {"type": "Feature", "properties": {"name": "S8", "length": 8057.185593476236}, "geometry": {"type": "LineString", "coordinates": [[677096.9608433734, 2577063.063253012, 0.0], [677101.954819277, 2577063.063253012, 0.0], [677106.9487951807, 2577068.0572289154, 0.0], [677111.9427710844, 2577073.051204819, 0.0], [677111.9427710844, 2577078.0451807226, 0.0], [677106.9487951807, 2577083.0391566264, 0.0], [677106.9487951807, 2577088.03313253, 0.0], [677106.9487951807, 2577093.0271084337, 0.0], [677101.954819277, 2577098.021084337, 0.0], [677096.9608433734, 2577103.015060241, 0.0], [677091.9668674698, 2577108.0090361442, 0.0], [677091.9668674698, 2577113.003012048, 0.0], [677091.9668674698, 2577117.9969879515, 0.0], [677091.9668674698, 2577122.9909638553, 0.0], [677091.9668674698, 2577127.9849397587, 0.0], [677091.9668674698, 2577132.9789156625, 0.0], [677091.9668674698, 2577137.972891566, 0.0], [677096.9608433734, 2577142.9668674697, 0.0], [677096.9608433734, 2577147.9608433736, 0.0], [677096.9608433734, 2577152.954819277, 0.0], [677096.9608433734, 2577157.948795181, 0.0], [677101.954819277, 2577162.942771084, 0.0], [677106.9487951807, 2577167.936746988, 0.0], [677106.9487951807, 2577172.9307228914, 0.0], [677106.9487951807, 2577177.924698795, 0.0], [677101.954819277, 2577182.9186746986, 0.0], [677101.954819277, 2577187.9126506024, 0.0], [677101.954819277, 2577192.906626506, 0.0], [677101.954819277, 2577197.9006024096, 0.0], [677106.9487951807, 2577202.894578313, 0.0], [677106.9487951807, 2577207.888554217, 0.0], [677101.954819277, 2577212.88253012, 0.0], [677101.954819277, 2577217.876506024, 0.0], [677101.954819277, 2577222.8704819274, 0.0], [677096.9608433734, 2577227.8644578313, 0.0], [677091.9668674698, 2577232.8584337346, 0.0], [677086.9728915662, 2577232.8584337346, 0.0], [677081.9789156626, 2577237.8524096385, 0.0], [677076.984939759, 2577237.8524096385, 0.0], [677071.9909638554, 2577237.8524096385, 0.0], [677066.9969879518, 2577242.846385542, 0.0], [677062.0030120482, 2577247.8403614457, 0.0], [677057.0090361446, 2577252.834337349, 0.0], [677057.0090361446, 2577257.828313253, 0.0], [677057.0090361446, 2577262.8222891563, 0.0], [677052.015060241, 2577267.81626506, 0.0], [677047.0210843374, 2577272.8102409635, 0.0], [677042.0271084337, 2577277.8042168673, 0.0], [677037.03313253, 2577277.8042168673, 0.0], [677032.0391566264, 2577277.8042168673, 0.0], [677027.0451807228, 2577282.798192771, 0.0], [677032.0391566264, 2577287.7921686745, 0.0], [677032.0391566264, 2577292.7861445784, 0.0], [677027.0451807228, 2577297.7801204817, 0.0], [677022.0512048192, 2577302.7740963856, 0.0], [677017.0572289156, 2577302.7740963856, 0.0], [677012.063253012, 2577302.7740963856, 0.0], [677007.0692771084, 2577307.768072289, 0.0], [677007.0692771084, 2577312.762048193, 0.0], [677002.0753012048, 2577317.756024096, 0.0], [677002.0753012048, 2577322.75, 0.0], [677002.0753012048, 2577327.7439759034, 0.0], [676997.0813253012, 2577332.737951807, 0.0], [676997.0813253012, 2577337.7319277106, 0.0], [676997.0813253012, 2577342.7259036144, 0.0], [676997.0813253012, 2577347.719879518, 0.0], [676992.0873493976, 2577352.7138554216, 0.0], [676987.093373494, 2577357.707831325, 0.0], [676982.0993975904, 2577362.701807229, 0.0], [676977.1054216868, 2577362.701807229, 0.0], [676972.111445783, 2577362.701807229, 0.0], [676967.1174698794, 2577367.695783132, 0.0], [676962.1234939758, 2577372.689759036, 0.0], [676962.1234939758, 2577377.6837349394, 0.0], [676962.1234939758, 2577382.6777108433, 0.0], [676962.1234939758, 2577387.6716867466, 0.0], [676962.1234939758, 2577392.6656626505, 0.0], [676957.1295180722, 2577397.659638554, 0.0], [676957.1295180722, 2577402.6536144577, 0.0], [676957.1295180722, 2577407.647590361, 0.0], [676957.1295180722, 2577412.641566265, 0.0], [676957.1295180722, 2577417.6355421683, 0.0], [676957.1295180722, 2577422.629518072, 0.0], [676957.1295180722, 2577427.623493976, 0.0], [676957.1295180722, 2577432.6174698793, 0.0], [676957.1295180722, 2577437.611445783, 0.0], [676957.1295180722, 2577442.6054216865, 0.0], [676957.1295180722, 2577447.5993975904, 0.0], [676952.1355421686, 2577447.5993975904, 0.0], [676952.1355421686, 2577452.5933734938, 0.0], [676952.1355421686, 2577457.5873493976, 0.0], [676952.1355421686, 2577462.581325301, 0.0], [676957.1295180722, 2577462.581325301, 0.0], [676962.1234939758, 2577467.575301205, 0.0], [676967.1174698794, 2577472.569277108, 0.0], [676967.1174698794, 2577477.563253012, 0.0], [676962.1234939758, 2577482.5572289154, 0.0], [676962.1234939758, 2577487.551204819, 0.0], [676962.1234939758, 2577492.5451807226, 0.0], [676962.1234939758, 2577497.5391566264, 0.0], [676962.1234939758, 2577502.53313253, 0.0], [676962.1234939758, 2577507.5271084337, 0.0], [676962.1234939758, 2577512.521084337, 0.0], [676957.1295180722, 2577517.515060241, 0.0], [676957.1295180722, 2577522.5090361442, 0.0], [676957.1295180722, 2577527.503012048, 0.0], [676957.1295180722, 2577532.4969879515, 0.0], [676952.1355421686, 2577537.4909638553, 0.0], [676952.1355421686, 2577542.4849397587, 0.0], [676952.1355421686, 2577547.4789156625, 0.0], [676947.141566265, 2577552.472891566, 0.0], [676947.141566265, 2577557.4668674697, 0.0], [676947.141566265, 2577562.4608433736, 0.0], [676947.141566265, 2577567.454819277, 0.0], [676947.141566265, 2577572.448795181, 0.0], [676947.141566265, 2577577.442771084, 0.0], [676947.141566265, 2577582.436746988, 0.0], [676942.1475903614, 2577587.4307228914, 0.0], [676942.1475903614, 2577592.424698795, 0.0], [676937.1536144578, 2577597.4186746986, 0.0], [676937.1536144578, 2577602.4126506024, 0.0], [676937.1536144578, 2577607.406626506, 0.0], [676937.1536144578, 2577612.4006024096, 0.0], [676942.1475903614, 2577617.394578313, 0.0], [676947.141566265, 2577622.388554217, 0.0], [676952.1355421686, 2577627.38253012, 0.0], [676952.1355421686, 2577632.376506024, 0.0], [676947.141566265, 2577632.376506024, 0.0], [676947.141566265, 2577637.3704819274, 0.0], [676942.1475903614, 2577642.3644578313, 0.0], [676937.1536144578, 2577647.3584337346, 0.0], [676932.1596385542, 2577652.3524096385, 0.0], [676927.1656626506, 2577657.346385542, 0.0], [676922.171686747, 2577662.3403614457, 0.0], [676917.1777108434, 2577667.334337349, 0.0], [676917.1777108434, 2577672.328313253, 0.0], [676922.171686747, 2577677.3222891563, 0.0], [676922.171686747, 2577682.31626506, 0.0], [676927.1656626506, 2577682.31626506, 0.0], [676932.1596385542, 2577687.3102409635, 0.0], [676937.1536144578, 2577692.3042168673, 0.0], [676942.1475903614, 2577697.298192771, 0.0], [676947.141566265, 2577702.2921686745, 0.0], [676947.141566265, 2577707.2861445784, 0.0], [676947.141566265, 2577712.2801204817, 0.0], [676947.141566265, 2577717.2740963856, 0.0], [676952.1355421686, 2577722.268072289, 0.0], [676957.1295180722, 2577722.268072289, 0.0], [676962.1234939758, 2577727.262048193, 0.0], [676967.1174698794, 2577732.256024096, 0.0], [676972.111445783, 2577737.25, 0.0], [676972.111445783, 2577742.2439759034, 0.0], [676977.1054216868, 2577747.237951807, 0.0], [676982.0993975904, 2577747.237951807, 0.0], [676987.093373494, 2577752.2319277106, 0.0], [676992.0873493976, 2577752.2319277106, 0.0], [676997.0813253012, 2577757.2259036144, 0.0], [677002.0753012048, 2577757.2259036144, 0.0], [677002.0753012048, 2577752.2319277106, 0.0], [677007.0692771084, 2577747.237951807, 0.0], [677012.063253012, 2577742.2439759034, 0.0], [677017.0572289156, 2577737.25, 0.0], [677022.0512048192, 2577737.25, 0.0], [677027.0451807228, 2577737.25, 0.0], [677032.0391566264, 2577742.2439759034, 0.0], [677037.03313253, 2577747.237951807, 0.0], [677042.0271084337, 2577752.2319277106, 0.0], [677047.0210843374, 2577757.2259036144, 0.0], [677052.015060241, 2577762.219879518, 0.0], [677057.0090361446, 2577767.2138554216, 0.0], [677057.0090361446, 2577772.207831325, 0.0], [677057.0090361446, 2577777.201807229, 0.0], [677062.0030120482, 2577777.201807229, 0.0], [677062.0030120482, 2577782.195783132, 0.0], [677066.9969879518, 2577787.189759036, 0.0], [677071.9909638554, 2577787.189759036, 0.0], [677071.9909638554, 2577792.1837349394, 0.0], [677076.984939759, 2577797.1777108433, 0.0], [677081.9789156626, 2577797.1777108433, 0.0], [677086.9728915662, 2577802.1716867466, 0.0], [677091.9668674698, 2577802.1716867466, 0.0], [677096.9608433734, 2577807.1656626505, 0.0], [677096.9608433734, 2577812.159638554, 0.0], [677096.9608433734, 2577817.1536144577, 0.0], [677101.954819277, 2577822.147590361, 0.0], [677106.9487951807, 2577827.141566265, 0.0], [677111.9427710844, 2577832.1355421687, 0.0], [677116.936746988, 2577837.129518072, 0.0], [677121.9307228916, 2577837.129518072, 0.0], [677126.9246987952, 2577842.123493976, 0.0], [677131.9186746988, 2577847.1174698793, 0.0], [677136.9126506024, 2577852.111445783, 0.0], [677141.906626506, 2577857.1054216865, 0.0], [677146.9006024096, 2577862.0993975904, 0.0], [677146.9006024096, 2577867.0933734938, 0.0], [677151.8945783132, 2577872.0873493976, 0.0], [677156.8885542168, 2577877.081325301, 0.0], [677161.8825301204, 2577882.075301205, 0.0], [677166.876506024, 2577887.069277108, 0.0], [677171.8704819276, 2577892.063253012, 0.0], [677171.8704819276, 2577897.0572289154, 0.0], [677176.8644578313, 2577902.051204819, 0.0], [677181.8584337349, 2577907.0451807226, 0.0], [677181.8584337349, 2577912.0391566264, 0.0], [677186.8524096386, 2577917.03313253, 0.0], [677191.8463855422, 2577922.0271084337, 0.0], [677191.8463855422, 2577927.021084337, 0.0], [677191.8463855422, 2577932.015060241, 0.0], [677191.8463855422, 2577937.0090361442, 0.0], [677191.8463855422, 2577942.003012048, 0.0], [677196.8403614458, 2577946.9969879515, 0.0], [677201.8343373494, 2577951.9909638553, 0.0], [677206.828313253, 2577956.9849397587, 0.0], [677211.8222891566, 2577961.9789156625, 0.0], [677211.8222891566, 2577966.972891566, 0.0], [677216.8162650602, 2577971.9668674697, 0.0], [677216.8162650602, 2577976.9608433736, 0.0], [677216.8162650602, 2577981.954819277, 0.0], [677221.8102409638, 2577986.948795181, 0.0], [677226.8042168674, 2577991.942771084, 0.0], [677231.798192771, 2577996.936746988, 0.0], [677236.7921686746, 2578001.9307228914, 0.0], [677236.7921686746, 2578006.924698795, 0.0], [677241.7861445782, 2578011.9186746986, 0.0], [677246.7801204819, 2578016.9126506024, 0.0], [677251.7740963856, 2578021.906626506, 0.0], [677256.7680722892, 2578021.906626506, 0.0], [677256.7680722892, 2578026.9006024096, 0.0], [677261.7620481928, 2578031.894578313, 0.0], [677261.7620481928, 2578036.888554217, 0.0], [677261.7620481928, 2578041.88253012, 0.0], [677261.7620481928, 2578046.876506024, 0.0], [677261.7620481928, 2578051.8704819274, 0.0], [677261.7620481928, 2578056.8644578313, 0.0], [677261.7620481928, 2578061.8584337346, 0.0], [677266.7560240964, 2578066.8524096385, 0.0], [677266.7560240964, 2578071.846385542, 0.0], [677266.7560240964, 2578076.8403614457, 0.0], [677271.75, 2578081.834337349, 0.0], [677271.75, 2578086.828313253, 0.0], [677271.75, 2578091.8222891563, 0.0], [677276.7439759036, 2578096.81626506, 0.0], [677276.7439759036, 2578101.8102409635, 0.0], [677276.7439759036, 2578106.8042168673, 0.0], [677276.7439759036, 2578111.798192771, 0.0], [677281.7379518072, 2578116.7921686745, 0.0], [677276.7439759036, 2578121.7861445784, 0.0], [677276.7439759036, 2578126.7801204817, 0.0], [677276.7439759036, 2578131.7740963856, 0.0], [677276.7439759036, 2578136.768072289, 0.0], [677281.7379518072, 2578141.762048193, 0.0], [677286.7319277108, 2578146.756024096, 0.0], [677286.7319277108, 2578151.75, 0.0], [677291.7259036144, 2578156.7439759034, 0.0], [677291.7259036144, 2578161.737951807, 0.0], [677291.7259036144, 2578166.7319277106, 0.0], [677291.7259036144, 2578171.7259036144, 0.0], [677296.719879518, 2578176.719879518, 0.0], [677296.719879518, 2578181.7138554216, 0.0], [677296.719879518, 2578186.707831325, 0.0], [677296.719879518, 2578191.701807229, 0.0], [677301.7138554216, 2578196.695783132, 0.0], [677306.7078313252, 2578201.689759036, 0.0], [677306.7078313252, 2578206.6837349394, 0.0], [677311.7018072288, 2578211.6777108433, 0.0], [677311.7018072288, 2578216.6716867466, 0.0], [677311.7018072288, 2578221.6656626505, 0.0], [677316.6957831325, 2578221.6656626505, 0.0], [677321.6897590362, 2578226.659638554, 0.0], [677321.6897590362, 2578231.6536144577, 0.0], [677326.6837349398, 2578236.647590361, 0.0], [677326.6837349398, 2578241.641566265, 0.0], [677326.6837349398, 2578246.6355421687, 0.0], [677326.6837349398, 2578251.629518072, 0.0], [677326.6837349398, 2578256.623493976, 0.0], [677331.6777108434, 2578261.6174698793, 0.0], [677331.6777108434, 2578266.611445783, 0.0], [677336.671686747, 2578271.6054216865, 0.0], [677336.671686747, 2578276.5993975904, 0.0], [677336.671686747, 2578281.5933734938, 0.0], [677336.671686747, 2578286.5873493976, 0.0], [677341.6656626506, 2578291.581325301, 0.0], [677341.6656626506, 2578296.575301205, 0.0], [677341.6656626506, 2578301.569277108, 0.0], [677341.6656626506, 2578306.563253012, 0.0], [677346.6596385542, 2578306.563253012, 0.0], [677346.6596385542, 2578311.5572289154, 0.0], [677351.6536144578, 2578316.551204819, 0.0], [677356.6475903614, 2578316.551204819, 0.0], [677361.641566265, 2578316.551204819, 0.0], [677366.6355421686, 2578316.551204819, 0.0], [677371.6295180722, 2578311.5572289154, 0.0], [677376.6234939758, 2578311.5572289154, 0.0], [677381.6174698794, 2578311.5572289154, 0.0], [677386.6114457832, 2578311.5572289154, 0.0], [677391.6054216868, 2578316.551204819, 0.0], [677396.5993975904, 2578316.551204819, 0.0], [677401.593373494, 2578316.551204819, 0.0], [677406.5873493976, 2578321.5451807226, 0.0], [677411.5813253012, 2578326.5391566264, 0.0], [677416.5753012048, 2578331.53313253, 0.0], [677421.5692771084, 2578336.5271084337, 0.0], [677426.563253012, 2578341.521084337, 0.0], [677426.563253012, 2578346.515060241, 0.0], [677426.563253012, 2578351.5090361442, 0.0], [677426.563253012, 2578356.503012048, 0.0], [677431.5572289156, 2578361.4969879515, 0.0], [677436.5512048192, 2578361.4969879515, 0.0], [677441.5451807228, 2578361.4969879515, 0.0], [677446.5391566264, 2578366.4909638553, 0.0], [677451.53313253, 2578371.4849397587, 0.0], [677456.5271084337, 2578376.4789156625, 0.0], [677456.5271084337, 2578381.472891566, 0.0], [677461.5210843374, 2578386.4668674697, 0.0], [677461.5210843374, 2578391.4608433736, 0.0], [677466.515060241, 2578396.454819277, 0.0], [677471.5090361446, 2578401.448795181, 0.0], [677476.5030120482, 2578406.442771084, 0.0], [677481.4969879518, 2578406.442771084, 0.0], [677486.4909638554, 2578406.442771084, 0.0], [677491.484939759, 2578411.436746988, 0.0], [677496.4789156626, 2578416.4307228914, 0.0], [677501.4728915662, 2578416.4307228914, 0.0], [677506.4668674698, 2578421.424698795, 0.0], [677511.4608433734, 2578426.4186746986, 0.0], [677516.454819277, 2578426.4186746986, 0.0], [677521.4487951807, 2578426.4186746986, 0.0], [677526.4427710844, 2578431.4126506024, 0.0], [677531.436746988, 2578431.4126506024, 0.0], [677536.4307228916, 2578436.406626506, 0.0], [677541.4246987952, 2578441.4006024096, 0.0], [677546.4186746988, 2578446.394578313, 0.0], [677551.4126506024, 2578446.394578313, 0.0], [677556.406626506, 2578451.388554217, 0.0], [677561.4006024096, 2578456.38253012, 0.0], [677566.3945783132, 2578461.376506024, 0.0], [677566.3945783132, 2578466.3704819274, 0.0], [677571.3885542168, 2578471.3644578313, 0.0], [677576.3825301204, 2578476.3584337346, 0.0], [677581.376506024, 2578481.3524096385, 0.0], [677586.3704819276, 2578486.346385542, 0.0], [677591.3644578313, 2578486.346385542, 0.0], [677596.3584337349, 2578491.3403614457, 0.0], [677601.3524096386, 2578496.334337349, 0.0], [677606.3463855422, 2578501.328313253, 0.0], [677611.3403614458, 2578501.328313253, 0.0], [677616.3343373494, 2578501.328313253, 0.0], [677621.328313253, 2578506.3222891563, 0.0], [677626.3222891566, 2578511.31626506, 0.0], [677631.3162650602, 2578516.3102409635, 0.0], [677636.3102409638, 2578521.3042168673, 0.0], [677641.3042168674, 2578526.298192771, 0.0], [677646.298192771, 2578531.2921686745, 0.0], [677651.2921686746, 2578536.2861445784, 0.0], [677656.2861445782, 2578541.2801204817, 0.0], [677661.2801204819, 2578546.2740963856, 0.0], [677666.2740963856, 2578551.268072289, 0.0], [677671.2680722892, 2578556.262048193, 0.0], [677676.2620481928, 2578561.256024096, 0.0], [677681.2560240964, 2578566.25, 0.0], [677686.25, 2578571.2439759034, 0.0], [677691.2439759036, 2578576.237951807, 0.0], [677696.2379518072, 2578581.2319277106, 0.0], [677696.2379518072, 2578586.2259036144, 0.0], [677701.2319277108, 2578591.219879518, 0.0], [677701.2319277108, 2578596.2138554216, 0.0], [677701.2319277108, 2578601.207831325, 0.0], [677701.2319277108, 2578606.201807229, 0.0], [677706.2259036144, 2578611.195783132, 0.0], [677711.219879518, 2578616.189759036, 0.0], [677711.219879518, 2578621.1837349394, 0.0], [677716.2138554216, 2578626.1777108433, 0.0], [677721.2078313252, 2578626.1777108433, 0.0], [677721.2078313252, 2578631.1716867466, 0.0], [677726.2018072288, 2578636.1656626505, 0.0], [677731.1957831325, 2578641.159638554, 0.0], [677736.1897590362, 2578646.1536144577, 0.0], [677741.1837349398, 2578646.1536144577, 0.0], [677741.1837349398, 2578651.147590361, 0.0], [677746.1777108434, 2578656.141566265, 0.0], [677751.171686747, 2578661.1355421687, 0.0], [677756.1656626506, 2578666.129518072, 0.0], [677756.1656626506, 2578671.123493976, 0.0], [677761.1596385542, 2578676.1174698793, 0.0], [677761.1596385542, 2578681.111445783, 0.0], [677761.1596385542, 2578686.1054216865, 0.0], [677766.1536144578, 2578691.0993975904, 0.0], [677766.1536144578, 2578696.0933734938, 0.0], [677771.1475903614, 2578701.0873493976, 0.0], [677776.141566265, 2578706.081325301, 0.0], [677781.1355421686, 2578711.075301205, 0.0], [677781.1355421686, 2578716.069277108, 0.0], [677786.1295180722, 2578721.063253012, 0.0], [677791.1234939758, 2578726.0572289154, 0.0], [677796.1174698794, 2578731.051204819, 0.0], [677801.1114457832, 2578736.0451807226, 0.0], [677806.1054216868, 2578736.0451807226, 0.0], [677811.0993975904, 2578741.0391566264, 0.0], [677816.093373494, 2578746.03313253, 0.0], [677821.0873493976, 2578746.03313253, 0.0], [677826.0813253012, 2578746.03313253, 0.0], [677831.0753012048, 2578746.03313253, 0.0], [677836.0692771084, 2578751.0271084337, 0.0], [677841.063253012, 2578751.0271084337, 0.0], [677846.0572289156, 2578756.021084337, 0.0], [677851.0512048192, 2578761.015060241, 0.0], [677856.0451807228, 2578766.0090361442, 0.0], [677861.0391566264, 2578766.0090361442, 0.0], [677866.03313253, 2578771.003012048, 0.0], [677866.03313253, 2578775.9969879515, 0.0], [677866.03313253, 2578780.9909638553, 0.0], [677866.03313253, 2578785.9849397587, 0.0], [677871.0271084337, 2578790.9789156625, 0.0], [677876.0210843374, 2578795.9728915663, 0.0], [677876.0210843374, 2578800.9668674697, 0.0], [677876.0210843374, 2578805.9608433736, 0.0], [677876.0210843374, 2578810.954819277, 0.0], [677881.015060241, 2578815.948795181, 0.0], [677881.015060241, 2578820.942771084, 0.0], [677886.0090361446, 2578825.936746988, 0.0], [677886.0090361446, 2578830.9307228914, 0.0], [677886.0090361446, 2578835.924698795, 0.0], [677891.0030120482, 2578840.9186746986, 0.0], [677891.0030120482, 2578845.9126506024, 0.0], [677895.9969879518, 2578850.906626506, 0.0], [677895.9969879518, 2578855.9006024096, 0.0], [677900.9909638554, 2578860.894578313, 0.0], [677905.984939759, 2578860.894578313, 0.0], [677910.9789156626, 2578860.894578313, 0.0], [677915.9728915662, 2578865.888554217, 0.0], [677920.9668674698, 2578870.88253012, 0.0], [677925.9608433734, 2578875.876506024, 0.0], [677925.9608433734, 2578880.8704819274, 0.0], [677930.954819277, 2578885.8644578313, 0.0], [677930.954819277, 2578890.8584337346, 0.0], [677935.9487951807, 2578895.8524096385, 0.0], [677935.9487951807, 2578900.846385542, 0.0], [677940.9427710844, 2578905.8403614457, 0.0], [677940.9427710844, 2578910.834337349, 0.0], [677940.9427710844, 2578915.828313253, 0.0], [677945.936746988, 2578920.8222891563, 0.0], [677945.936746988, 2578925.81626506, 0.0], [677945.936746988, 2578930.8102409635, 0.0], [677950.9307228916, 2578935.8042168673, 0.0], [677950.9307228916, 2578940.798192771, 0.0], [677955.9246987952, 2578945.7921686745, 0.0], [677955.9246987952, 2578950.7861445784, 0.0], [677960.9186746988, 2578955.7801204817, 0.0], [677965.9126506024, 2578960.7740963856, 0.0], [677965.9126506024, 2578965.768072289, 0.0], [677965.9126506024, 2578970.762048193, 0.0], [677965.9126506024, 2578975.756024096, 0.0], [677965.9126506024, 2578980.75, 0.0], [677965.9126506024, 2578985.7439759034, 0.0], [677965.9126506024, 2578990.737951807, 0.0], [677970.906626506, 2578995.7319277106, 0.0], [677970.906626506, 2579000.7259036144, 0.0], [677975.9006024096, 2579005.719879518, 0.0], [677975.9006024096, 2579010.7138554216, 0.0], [677980.8945783132, 2579015.707831325, 0.0], [677985.8885542168, 2579020.701807229, 0.0], [677990.8825301204, 2579025.695783132, 0.0], [677990.8825301204, 2579030.689759036, 0.0], [677995.876506024, 2579035.6837349394, 0.0], [677995.876506024, 2579040.6777108433, 0.0], [678000.8704819276, 2579045.6716867466, 0.0], [678005.8644578313, 2579050.6656626505, 0.0], [678010.8584337349, 2579055.659638554, 0.0], [678010.8584337349, 2579060.6536144577, 0.0], [678015.8524096386, 2579065.647590361, 0.0], [678020.8463855422, 2579070.641566265, 0.0], [678025.8403614458, 2579075.6355421687, 0.0], [678030.8343373494, 2579080.629518072, 0.0], [678035.828313253, 2579085.623493976, 0.0], [678040.8222891566, 2579090.6174698793, 0.0], [678045.8162650602, 2579095.611445783, 0.0], [678050.8102409638, 2579100.6054216865, 0.0], [678055.8042168674, 2579105.5993975904, 0.0], [678060.798192771, 2579105.5993975904, 0.0], [678065.7921686746, 2579105.5993975904, 0.0], [678070.7861445782, 2579105.5993975904, 0.0], [678075.7801204819, 2579105.5993975904, 0.0], [678080.7740963856, 2579105.5993975904, 0.0], [678085.7680722892, 2579105.5993975904, 0.0], [678090.7620481928, 2579110.5933734938, 0.0], [678095.7560240964, 2579110.5933734938, 0.0], [678100.75, 2579110.5933734938, 0.0], [678105.7439759036, 2579110.5933734938, 0.0], [678110.7379518072, 2579110.5933734938, 0.0], [678115.7319277108, 2579115.5873493976, 0.0], [678120.7259036144, 2579115.5873493976, 0.0], [678125.719879518, 2579115.5873493976, 0.0], [678130.7138554216, 2579115.5873493976, 0.0], [678135.7078313252, 2579120.581325301, 0.0], [678140.7018072288, 2579120.581325301, 0.0], [678145.6957831325, 2579120.581325301, 0.0], [678150.6897590362, 2579120.581325301, 0.0], [678155.6837349398, 2579125.575301205, 0.0], [678160.6777108434, 2579125.575301205, 0.0], [678165.671686747, 2579125.575301205, 0.0], [678170.6656626506, 2579130.569277108, 0.0], [678175.6596385542, 2579130.569277108, 0.0], [678180.6536144578, 2579130.569277108, 0.0], [678185.6475903614, 2579135.563253012, 0.0], [678190.641566265, 2579135.563253012, 0.0], [678195.6355421686, 2579135.563253012, 0.0], [678200.6295180722, 2579140.5572289154, 0.0], [678205.6234939758, 2579140.5572289154, 0.0], [678210.6174698794, 2579140.5572289154, 0.0], [678215.6114457832, 2579145.551204819, 0.0], [678220.6054216868, 2579145.551204819, 0.0], [678225.5993975904, 2579150.5451807226, 0.0], [678230.593373494, 2579155.5391566264, 0.0], [678235.5873493976, 2579155.5391566264, 0.0], [678240.5813253012, 2579155.5391566264, 0.0], [678245.5753012048, 2579160.53313253, 0.0], [678250.5692771084, 2579165.5271084337, 0.0], [678255.563253012, 2579165.5271084337, 0.0], [678260.5572289156, 2579170.521084337, 0.0], [678265.5512048192, 2579175.515060241, 0.0], [678270.5451807228, 2579175.515060241, 0.0], [678275.5391566264, 2579180.5090361442, 0.0], [678280.53313253, 2579180.5090361442, 0.0], [678285.5271084337, 2579185.503012048, 0.0], [678290.5210843374, 2579190.4969879515, 0.0], [678295.515060241, 2579195.4909638553, 0.0], [678300.5090361446, 2579195.4909638553, 0.0], [678305.5030120482, 2579200.4849397587, 0.0], [678310.4969879518, 2579205.4789156625, 0.0], [678315.4909638554, 2579210.4728915663, 0.0], [678320.484939759, 2579215.4668674697, 0.0], [678325.4789156626, 2579220.4608433736, 0.0], [678330.4728915662, 2579220.4608433736, 0.0], [678330.4728915662, 2579225.454819277, 0.0], [678335.4668674698, 2579230.448795181, 0.0], [678340.4608433734, 2579235.442771084, 0.0], [678345.454819277, 2579240.436746988, 0.0], [678350.4487951807, 2579245.4307228914, 0.0], [678355.4427710844, 2579250.424698795, 0.0], [678355.4427710844, 2579255.4186746986, 0.0], [678360.436746988, 2579260.4126506024, 0.0], [678365.4307228916, 2579265.406626506, 0.0], [678365.4307228916, 2579270.4006024096, 0.0], [678370.4246987952, 2579275.394578313, 0.0], [678375.4186746988, 2579280.388554217, 0.0], [678380.4126506024, 2579285.38253012, 0.0], [678385.406626506, 2579290.376506024, 0.0], [678385.406626506, 2579295.3704819274, 0.0], [678390.4006024096, 2579300.3644578313, 0.0], [678390.4006024096, 2579305.3584337346, 0.0], [678395.3945783132, 2579310.3524096385, 0.0], [678400.3885542168, 2579315.346385542, 0.0], [678405.3825301204, 2579320.3403614457, 0.0], [678410.376506024, 2579325.334337349, 0.0], [678415.3704819276, 2579330.328313253, 0.0], [678420.3644578313, 2579335.3222891563, 0.0], [678420.3644578313, 2579340.31626506, 0.0], [678425.3584337349, 2579345.3102409635, 0.0], [678430.3524096386, 2579350.3042168673, 0.0], [678430.3524096386, 2579355.298192771, 0.0], [678435.3463855422, 2579360.2921686745, 0.0], [678440.3403614458, 2579365.2861445784, 0.0], [678440.3403614458, 2579370.2801204817, 0.0], [678445.3343373494, 2579375.2740963856, 0.0], [678450.328313253, 2579380.268072289, 0.0], [678455.3222891566, 2579385.262048193, 0.0], [678455.3222891566, 2579390.256024096, 0.0], [678460.3162650602, 2579395.25, 0.0], [678465.3102409638, 2579400.2439759034, 0.0], [678470.3042168674, 2579405.237951807, 0.0], [678475.298192771, 2579410.2319277106, 0.0], [678480.2921686746, 2579415.2259036144, 0.0], [678485.2861445782, 2579420.219879518, 0.0], [678490.2801204819, 2579425.2138554216, 0.0], [678490.2801204819, 2579430.207831325, 0.0], [678495.2740963856, 2579435.201807229, 0.0], [678500.2680722892, 2579440.195783132, 0.0], [678505.2620481928, 2579445.189759036, 0.0], [678510.2560240964, 2579450.1837349394, 0.0], [678515.25, 2579455.1777108433, 0.0], [678520.2439759036, 2579460.1716867466, 0.0], [678525.2379518072, 2579465.1656626505, 0.0], [678530.2319277108, 2579465.1656626505, 0.0], [678535.2259036144, 2579470.159638554, 0.0], [678540.219879518, 2579475.1536144577, 0.0], [678545.2138554216, 2579480.147590361, 0.0], [678550.2078313252, 2579485.141566265, 0.0], [678555.2018072288, 2579490.1355421687, 0.0], [678560.1957831325, 2579495.129518072, 0.0], [678565.1897590362, 2579500.123493976, 0.0], [678570.1837349398, 2579500.123493976, 0.0], [678575.1777108434, 2579505.1174698793, 0.0], [678580.171686747, 2579510.111445783, 0.0], [678585.1656626506, 2579515.1054216865, 0.0], [678590.1596385542, 2579520.0993975904, 0.0], [678595.1536144578, 2579525.0933734938, 0.0], [678600.1475903614, 2579530.0873493976, 0.0], [678605.141566265, 2579535.081325301, 0.0], [678605.141566265, 2579540.075301205, 0.0], [678605.141566265, 2579545.069277108, 0.0], [678610.1355421686, 2579550.063253012, 0.0], [678615.1295180722, 2579555.0572289154, 0.0], [678620.1234939758, 2579560.051204819, 0.0], [678625.1174698794, 2579565.0451807226, 0.0], [678630.1114457832, 2579570.0391566264, 0.0], [678635.1054216868, 2579575.03313253, 0.0], [678640.0993975904, 2579580.0271084337, 0.0], [678645.093373494, 2579585.021084337, 0.0], [678650.0873493976, 2579590.015060241, 0.0], [678655.0813253012, 2579595.0090361442, 0.0], [678660.0753012048, 2579600.003012048, 0.0], [678665.0692771084, 2579604.9969879515, 0.0], [678670.063253012, 2579609.9909638553, 0.0], [678675.0572289156, 2579614.9849397587, 0.0], [678680.0512048192, 2579619.9789156625, 0.0], [678685.0451807228, 2579624.9728915663, 0.0], [678690.0391566264, 2579624.9728915663, 0.0], [678695.03313253, 2579629.9668674697, 0.0], [678700.0271084337, 2579629.9668674697, 0.0], [678705.0210843374, 2579634.9608433736, 0.0], [678710.015060241, 2579639.954819277, 0.0], [678715.0090361446, 2579644.948795181, 0.0], [678720.0030120482, 2579649.942771084, 0.0], [678724.9969879518, 2579654.936746988, 0.0], [678729.9909638554, 2579654.936746988, 0.0], [678734.984939759, 2579659.9307228914, 0.0], [678739.9789156626, 2579659.9307228914, 0.0], [678744.9728915662, 2579664.924698795, 0.0], [678749.9668674698, 2579669.9186746986, 0.0], [678754.9608433734, 2579674.9126506024, 0.0], [678759.954819277, 2579674.9126506024, 0.0], [678764.9487951807, 2579679.906626506, 0.0], [678769.9427710844, 2579684.9006024096, 0.0], [678774.936746988, 2579689.894578313, 0.0], [678779.9307228916, 2579694.888554217, 0.0], [678779.9307228916, 2579699.88253012, 0.0], [678784.9246987952, 2579704.876506024, 0.0], [678784.9246987952, 2579709.8704819274, 0.0], [678789.9186746988, 2579714.8644578313, 0.0], [678794.9126506024, 2579719.8584337346, 0.0], [678794.9126506024, 2579724.8524096385, 0.0], [678799.906626506, 2579729.846385542, 0.0], [678799.906626506, 2579734.8403614457, 0.0], [678799.906626506, 2579739.834337349, 0.0], [678804.9006024096, 2579744.828313253, 0.0], [678799.906626506, 2579749.8222891563, 0.0], [678799.906626506, 2579754.81626506, 0.0], [678794.9126506024, 2579759.8102409635, 0.0], [678794.9126506024, 2579764.8042168673, 0.0], [678794.9126506024, 2579769.798192771, 0.0], [678794.9126506024, 2579774.7921686745, 0.0], [678794.9126506024, 2579779.7861445784, 0.0], [678794.9126506024, 2579784.7801204817, 0.0], [678794.9126506024, 2579789.7740963856, 0.0], [678794.9126506024, 2579794.768072289, 0.0], [678799.906626506, 2579799.762048193, 0.0], [678799.906626506, 2579804.756024096, 0.0], [678804.9006024096, 2579809.75, 0.0], [678804.9006024096, 2579814.7439759034, 0.0], [678809.8945783132, 2579819.737951807, 0.0], [678809.8945783132, 2579824.7319277106, 0.0], [678814.8885542168, 2579829.7259036144, 0.0], [678819.8825301204, 2579834.719879518, 0.0], [678824.876506024, 2579839.7138554216, 0.0], [678829.8704819276, 2579844.707831325, 0.0], [678829.8704819276, 2579849.701807229, 0.0], [678834.8644578313, 2579854.695783132, 0.0], [678839.8584337349, 2579859.689759036, 0.0], [678844.8524096386, 2579864.6837349394, 0.0], [678844.8524096386, 2579869.6777108433, 0.0], [678849.8463855422, 2579874.6716867466, 0.0], [678849.8463855422, 2579879.6656626505, 0.0], [678854.8403614458, 2579884.659638554, 0.0], [678859.8343373494, 2579889.6536144577, 0.0], [678864.828313253, 2579894.647590361, 0.0], [678864.828313253, 2579899.641566265, 0.0], [678869.8222891566, 2579904.6355421687, 0.0], [678874.8162650602, 2579909.629518072, 0.0], [678879.8102409638, 2579914.623493976, 0.0], [678884.8042168674, 2579919.6174698793, 0.0], [678889.798192771, 2579924.611445783, 0.0], [678894.7921686746, 2579929.6054216865, 0.0], [678894.7921686746, 2579934.5993975904, 0.0], [678899.7861445782, 2579939.5933734938, 0.0], [678904.7801204819, 2579944.5873493976, 0.0], [678909.7740963856, 2579949.581325301, 0.0], [678914.7680722892, 2579954.575301205, 0.0], [678919.7620481928, 2579954.575301205, 0.0], [678924.7560240964, 2579959.569277108, 0.0], [678929.75, 2579964.563253012, 0.0], [678934.7439759036, 2579969.5572289154, 0.0], [678939.7379518072, 2579974.551204819, 0.0], [678944.7319277108, 2579979.5451807226, 0.0], [678949.7259036144, 2579984.5391566264, 0.0], [678949.7259036144, 2579989.53313253, 0.0], [678954.719879518, 2579994.5271084337, 0.0], [678959.7138554216, 2579999.521084337, 0.0], [678964.7078313252, 2579999.521084337, 0.0], [678969.7018072288, 2580004.515060241, 0.0], [678974.6957831325, 2580009.5090361442, 0.0], [678979.6897590362, 2580014.503012048, 0.0], [678984.6837349398, 2580019.4969879515, 0.0], [678989.6777108434, 2580024.4909638553, 0.0], [678994.671686747, 2580029.4849397587, 0.0], [678999.6656626506, 2580034.4789156625, 0.0], [679004.6596385542, 2580039.4728915663, 0.0], [679009.6536144578, 2580044.4668674697, 0.0], [679014.6475903614, 2580044.4668674697, 0.0], [679019.641566265, 2580049.4608433736, 0.0], [679024.6355421686, 2580049.4608433736, 0.0], [679029.6295180722, 2580054.454819277, 0.0], [679034.6234939758, 2580059.448795181, 0.0], [679039.6174698794, 2580059.448795181, 0.0], [679044.6114457832, 2580064.442771084, 0.0], [679049.6054216868, 2580069.436746988, 0.0], [679054.5993975904, 2580074.4307228914, 0.0], [679059.593373494, 2580074.4307228914, 0.0], [679064.5873493976, 2580079.424698795, 0.0], [679069.5813253012, 2580084.4186746986, 0.0], [679074.5753012048, 2580084.4186746986, 0.0], [679079.5692771084, 2580089.4126506024, 0.0], [679084.563253012, 2580094.406626506, 0.0], [679089.5572289156, 2580094.406626506, 0.0], [679094.5512048192, 2580094.406626506, 0.0], [679099.5451807228, 2580099.4006024096, 0.0], [679104.5391566264, 2580099.4006024096, 0.0], [679109.53313253, 2580099.4006024096, 0.0], [679114.5271084337, 2580104.394578313, 0.0], [679119.5210843374, 2580104.394578313, 0.0], [679124.515060241, 2580104.394578313, 0.0], [679129.5090361446, 2580104.394578313, 0.0], [679134.5030120482, 2580109.388554217, 0.0], [679139.4969879518, 2580109.388554217, 0.0], [679144.4909638554, 2580109.388554217, 0.0], [679149.484939759, 2580109.388554217, 0.0], [679154.4789156626, 2580114.38253012, 0.0], [679159.4728915662, 2580114.38253012, 0.0], [679164.4668674698, 2580114.38253012, 0.0], [679169.4608433734, 2580119.376506024, 0.0], [679174.454819277, 2580119.376506024, 0.0], [679179.4487951807, 2580119.376506024, 0.0], [679184.4427710844, 2580124.3704819274, 0.0], [679189.436746988, 2580124.3704819274, 0.0], [679194.4307228916, 2580124.3704819274, 0.0], [679199.4246987952, 2580124.3704819274, 0.0], [679204.4186746988, 2580129.3644578313, 0.0], [679209.4126506024, 2580129.3644578313, 0.0], [679214.406626506, 2580129.3644578313, 0.0], [679219.4006024096, 2580129.3644578313, 0.0], [679224.3945783132, 2580129.3644578313, 0.0], [679229.3885542168, 2580129.3644578313, 0.0], [679234.3825301204, 2580129.3644578313, 0.0], [679239.376506024, 2580134.3584337346, 0.0], [679244.3704819276, 2580134.3584337346, 0.0], [679249.3644578313, 2580134.3584337346, 0.0], [679254.358433735, 2580134.3584337346, 0.0], [679259.3524096386, 2580139.3524096385, 0.0], [679264.3463855422, 2580139.3524096385, 0.0], [679269.3403614458, 2580144.346385542, 0.0], [679274.3343373494, 2580149.3403614457, 0.0], [679279.328313253, 2580149.3403614457, 0.0], [679284.3222891566, 2580154.334337349, 0.0], [679289.3162650602, 2580154.334337349, 0.0], [679294.3102409638, 2580159.328313253, 0.0], [679299.3042168674, 2580159.328313253, 0.0], [679304.298192771, 2580164.3222891563, 0.0], [679309.2921686746, 2580164.3222891563, 0.0], [679314.2861445782, 2580164.3222891563, 0.0], [679319.280120482, 2580164.3222891563, 0.0], [679324.2740963856, 2580164.3222891563, 0.0], [679329.2680722892, 2580164.3222891563, 0.0], [679334.2620481928, 2580159.328313253, 0.0], [679339.2560240964, 2580159.328313253, 0.0], [679344.25, 2580159.328313253, 0.0], [679349.2439759036, 2580159.328313253, 0.0], [679354.2379518072, 2580159.328313253, 0.0], [679359.2319277108, 2580159.328313253, 0.0], [679364.2259036144, 2580164.3222891563, 0.0], [679369.219879518, 2580164.3222891563, 0.0], [679374.2138554216, 2580164.3222891563, 0.0], [679379.2078313252, 2580169.31626506, 0.0], [679384.2018072288, 2580169.31626506, 0.0], [679389.1957831325, 2580169.31626506, 0.0], [679394.1897590362, 2580174.3102409635, 0.0], [679399.1837349398, 2580174.3102409635, 0.0], [679404.1777108434, 2580174.3102409635, 0.0], [679409.171686747, 2580179.3042168673, 0.0], [679414.1656626506, 2580179.3042168673, 0.0], [679419.1596385542, 2580184.298192771, 0.0], [679424.1536144578, 2580184.298192771, 0.0], [679429.1475903614, 2580184.298192771, 0.0], [679434.141566265, 2580189.2921686745, 0.0], [679439.1355421686, 2580189.2921686745, 0.0], [679444.1295180722, 2580189.2921686745, 0.0], [679449.1234939758, 2580189.2921686745, 0.0], [679454.1174698794, 2580194.2861445784, 0.0], [679459.1114457832, 2580194.2861445784, 0.0], [679464.1054216868, 2580194.2861445784, 0.0], [679469.0993975904, 2580199.2801204817, 0.0], [679474.093373494, 2580199.2801204817, 0.0], [679479.0873493976, 2580199.2801204817, 0.0], [679484.0813253012, 2580199.2801204817, 0.0], [679489.0753012048, 2580204.2740963856, 0.0], [679494.0692771084, 2580204.2740963856, 0.0], [679499.063253012, 2580204.2740963856, 0.0], [679504.0572289156, 2580204.2740963856, 0.0], [679509.0512048192, 2580209.268072289, 0.0], [679514.0451807228, 2580209.268072289, 0.0], [679519.0391566264, 2580214.262048193, 0.0], [679524.03313253, 2580214.262048193, 0.0], [679529.0271084337, 2580219.256024096, 0.0], [679534.0210843374, 2580219.256024096, 0.0], [679539.015060241, 2580224.25, 0.0], [679544.0090361446, 2580229.2439759034, 0.0], [679549.0030120482, 2580229.2439759034, 0.0], [679553.9969879518, 2580234.237951807, 0.0], [679558.9909638554, 2580239.2319277106, 0.0], [679563.984939759, 2580239.2319277106, 0.0], [679568.9789156626, 2580244.2259036144, 0.0], [679573.9728915662, 2580244.2259036144, 0.0], [679578.9668674698, 2580249.219879518, 0.0], [679583.9608433734, 2580254.2138554216, 0.0], [679588.954819277, 2580259.207831325, 0.0], [679593.9487951807, 2580264.201807229, 0.0], [679598.9427710844, 2580269.195783132, 0.0], [679603.936746988, 2580274.189759036, 0.0], [679608.9307228916, 2580279.1837349394, 0.0], [679608.9307228916, 2580284.1777108433, 0.0], [679613.9246987952, 2580289.1716867466, 0.0], [679613.9246987952, 2580294.1656626505, 0.0], [679613.9246987952, 2580299.159638554, 0.0], [679613.9246987952, 2580304.1536144577, 0.0], [679618.9186746988, 2580309.147590361, 0.0], [679618.9186746988, 2580314.141566265, 0.0], [679623.9126506024, 2580319.1355421687, 0.0], [679628.906626506, 2580324.129518072, 0.0], [679633.9006024096, 2580324.129518072, 0.0], [679638.8945783132, 2580324.129518072, 0.0], [679643.8885542168, 2580329.123493976, 0.0], [679648.8825301204, 2580329.123493976, 0.0], [679653.876506024, 2580329.123493976, 0.0], [679658.8704819276, 2580329.123493976, 0.0], [679663.8644578313, 2580329.123493976, 0.0], [679668.858433735, 2580329.123493976, 0.0], [679668.858433735, 2580324.129518072, 0.0], [679673.8524096386, 2580319.1355421687, 0.0], [679678.8463855422, 2580314.141566265, 0.0], [679683.8403614458, 2580314.141566265, 0.0], [679688.8343373494, 2580314.141566265, 0.0], [679693.828313253, 2580314.141566265, 0.0], [679698.8222891566, 2580314.141566265, 0.0], [679703.8162650602, 2580314.141566265, 0.0], [679708.8102409638, 2580314.141566265, 0.0], [679713.8042168674, 2580314.141566265, 0.0], [679718.798192771, 2580314.141566265, 0.0], [679723.7921686746, 2580314.141566265, 0.0], [679728.7861445782, 2580319.1355421687, 0.0], [679733.780120482, 2580319.1355421687, 0.0], [679738.7740963856, 2580319.1355421687, 0.0], [679743.7680722892, 2580319.1355421687, 0.0], [679748.7620481928, 2580324.129518072, 0.0], [679753.7560240964, 2580324.129518072, 0.0], [679758.75, 2580324.129518072, 0.0], [679763.7439759036, 2580329.123493976, 0.0], [679768.7379518072, 2580329.123493976, 0.0], [679773.7319277108, 2580329.123493976, 0.0], [679778.7259036144, 2580329.123493976, 0.0], [679783.719879518, 2580329.123493976, 0.0], [679788.7138554216, 2580329.123493976, 0.0], [679793.7078313252, 2580329.123493976, 0.0], [679798.7018072288, 2580329.123493976, 0.0], [679803.6957831325, 2580329.123493976, 0.0], [679808.6897590362, 2580329.123493976, 0.0], [679813.6837349398, 2580329.123493976, 0.0], [679818.6777108434, 2580329.123493976, 0.0], [679823.671686747, 2580329.123493976, 0.0], [679828.6656626506, 2580324.129518072, 0.0], [679833.6596385542, 2580319.1355421687, 0.0], [679838.6536144578, 2580314.141566265, 0.0], [679843.6475903614, 2580309.147590361, 0.0], [679848.641566265, 2580304.1536144577, 0.0], [679853.6355421686, 2580304.1536144577, 0.0], [679858.6295180722, 2580299.159638554, 0.0], [679863.6234939758, 2580299.159638554, 0.0], [679868.6174698794, 2580299.159638554, 0.0], [679873.6114457832, 2580294.1656626505, 0.0], [679878.6054216868, 2580294.1656626505, 0.0], [679883.5993975904, 2580294.1656626505, 0.0], [679888.593373494, 2580294.1656626505, 0.0], [679893.5873493976, 2580294.1656626505, 0.0], [679898.5813253012, 2580289.1716867466, 0.0], [679903.5753012048, 2580289.1716867466, 0.0], [679908.5692771084, 2580289.1716867466, 0.0], [679913.563253012, 2580289.1716867466, 0.0], [679918.5572289156, 2580289.1716867466, 0.0], [679923.5512048192, 2580289.1716867466, 0.0], [679928.5451807228, 2580289.1716867466, 0.0], [679933.5391566264, 2580284.1777108433, 0.0], [679938.53313253, 2580284.1777108433, 0.0], [679943.5271084337, 2580284.1777108433, 0.0], [679948.5210843374, 2580284.1777108433, 0.0], [679953.515060241, 2580284.1777108433, 0.0], [679958.5090361446, 2580284.1777108433, 0.0], [679963.5030120482, 2580284.1777108433, 0.0], [679968.4969879518, 2580284.1777108433, 0.0], [679973.4909638554, 2580284.1777108433, 0.0], [679978.484939759, 2580284.1777108433, 0.0], [679983.4789156626, 2580289.1716867466, 0.0], [679988.4728915662, 2580289.1716867466, 0.0], [679993.4668674698, 2580294.1656626505, 0.0], [679998.4608433734, 2580294.1656626505, 0.0], [680003.454819277, 2580299.159638554, 0.0], [680008.4487951807, 2580299.159638554, 0.0], [680013.4427710844, 2580304.1536144577, 0.0], [680018.436746988, 2580309.147590361, 0.0], [680023.4307228916, 2580309.147590361, 0.0], [680028.4246987952, 2580314.141566265, 0.0], [680033.4186746988, 2580319.1355421687, 0.0], [680033.4186746988, 2580324.129518072, 0.0], [680038.4126506024, 2580329.123493976, 0.0], [680043.406626506, 2580334.1174698793, 0.0], [680043.406626506, 2580339.111445783, 0.0], [680048.4006024096, 2580344.1054216865, 0.0], [680048.4006024096, 2580349.0993975904, 0.0], [680053.3945783132, 2580354.0933734938, 0.0], [680058.3885542168, 2580359.0873493976, 0.0], [680058.3885542168, 2580364.081325301, 0.0], [680063.3825301204, 2580369.075301205, 0.0], [680063.3825301204, 2580374.069277108, 0.0], [680063.3825301204, 2580379.063253012, 0.0], [680068.376506024, 2580384.0572289154, 0.0], [680073.3704819276, 2580389.051204819, 0.0], [680078.3644578313, 2580394.0451807226, 0.0], [680083.358433735, 2580399.0391566264, 0.0], [680088.3524096386, 2580404.03313253, 0.0], [680093.3463855422, 2580404.03313253, 0.0], [680098.3403614458, 2580409.0271084337, 0.0], [680103.3343373494, 2580414.021084337, 0.0], [680103.3343373494, 2580419.015060241, 0.0], [680108.328313253, 2580424.0090361442, 0.0], [680113.3222891566, 2580429.003012048, 0.0], [680118.3162650602, 2580433.9969879515, 0.0], [680123.3102409638, 2580438.9909638553, 0.0], [680128.3042168674, 2580443.9849397587, 0.0], [680133.298192771, 2580448.9789156625, 0.0], [680138.2921686746, 2580448.9789156625, 0.0], [680143.2861445782, 2580453.9728915663, 0.0], [680148.280120482, 2580453.9728915663, 0.0], [680153.2740963856, 2580458.9668674697, 0.0], [680158.2680722892, 2580463.9608433736, 0.0], [680163.2620481928, 2580468.954819277, 0.0], [680168.2560240964, 2580468.954819277, 0.0], [680173.25, 2580473.948795181, 0.0], [680178.2439759036, 2580473.948795181, 0.0], [680183.2379518072, 2580473.948795181, 0.0], [680188.2319277108, 2580478.942771084, 0.0], [680193.2259036144, 2580478.942771084, 0.0], [680198.219879518, 2580478.942771084, 0.0], [680203.2138554216, 2580483.936746988, 0.0], [680208.2078313252, 2580483.936746988, 0.0], [680213.2018072288, 2580483.936746988, 0.0], [680218.1957831325, 2580488.9307228914, 0.0], [680223.1897590362, 2580488.9307228914, 0.0], [680228.1837349398, 2580488.9307228914, 0.0], [680233.1777108434, 2580493.924698795, 0.0], [680238.171686747, 2580493.924698795, 0.0], [680243.1656626506, 2580498.9186746986, 0.0], [680248.1596385542, 2580498.9186746986, 0.0], [680253.1536144578, 2580498.9186746986, 0.0], [680258.1475903614, 2580503.9126506024, 0.0], [680263.141566265, 2580508.906626506, 0.0], [680268.1355421686, 2580508.906626506, 0.0], [680273.1295180722, 2580508.906626506, 0.0], [680278.1234939758, 2580513.9006024096, 0.0], [680283.1174698794, 2580518.894578313, 0.0], [680288.1114457832, 2580518.894578313, 0.0], [680293.1054216868, 2580523.888554217, 0.0], [680298.0993975904, 2580523.888554217, 0.0], [680303.093373494, 2580528.88253012, 0.0], [680308.0873493976, 2580533.876506024, 0.0], [680313.0813253012, 2580538.8704819274, 0.0], [680318.0753012048, 2580538.8704819274, 0.0], [680323.0692771084, 2580538.8704819274, 0.0], [680328.063253012, 2580538.8704819274, 0.0], [680333.0572289156, 2580538.8704819274, 0.0], [680338.0512048192, 2580538.8704819274, 0.0], [680343.0451807228, 2580543.8644578313, 0.0], [680348.0391566264, 2580548.8584337346, 0.0], [680353.03313253, 2580548.8584337346, 0.0], [680358.0271084337, 2580553.8524096385, 0.0], [680363.0210843374, 2580553.8524096385, 0.0], [680368.015060241, 2580558.846385542, 0.0], [680373.0090361446, 2580558.846385542, 0.0], [680378.0030120482, 2580563.8403614457, 0.0], [680382.9969879518, 2580563.8403614457, 0.0], [680387.9909638554, 2580568.834337349, 0.0], [680392.984939759, 2580573.828313253, 0.0], [680397.9789156626, 2580578.8222891563, 0.0], [680402.9728915662, 2580578.8222891563, 0.0], [680407.9668674698, 2580583.81626506, 0.0], [680412.9608433734, 2580588.8102409635, 0.0], [680417.954819277, 2580593.8042168673, 0.0], [680417.954819277, 2580598.798192771, 0.0], [680422.9487951807, 2580603.7921686745, 0.0], [680422.9487951807, 2580608.7861445784, 0.0], [680427.9427710844, 2580613.7801204817, 0.0], [680432.936746988, 2580618.7740963856, 0.0], [680432.936746988, 2580623.768072289, 0.0], [680437.9307228916, 2580628.762048193, 0.0], [680442.9246987952, 2580633.756024096, 0.0], [680442.9246987952, 2580638.75, 0.0], [680447.9186746988, 2580643.7439759034, 0.0], [680447.9186746988, 2580648.737951807, 0.0], [680447.9186746988, 2580653.7319277106, 0.0], [680452.9126506024, 2580658.7259036144, 0.0], [680457.906626506, 2580663.719879518, 0.0], [680457.906626506, 2580668.7138554216, 0.0], [680462.9006024096, 2580673.707831325, 0.0], [680462.9006024096, 2580678.701807229, 0.0], [680467.8945783132, 2580683.695783132, 0.0], [680467.8945783132, 2580688.689759036, 0.0], [680467.8945783132, 2580693.6837349394, 0.0], [680462.9006024096, 2580698.6777108433, 0.0], [680462.9006024096, 2580703.6716867466, 0.0], [680462.9006024096, 2580708.6656626505, 0.0], [680462.9006024096, 2580713.659638554, 0.0], [680467.8945783132, 2580718.6536144577, 0.0], [680467.8945783132, 2580723.647590361, 0.0], [680467.8945783132, 2580728.641566265, 0.0], [680472.8885542168, 2580733.6355421687, 0.0], [680472.8885542168, 2580738.629518072, 0.0], [680477.8825301204, 2580743.623493976, 0.0], [680477.8825301204, 2580748.6174698793, 0.0], [680477.8825301204, 2580753.611445783, 0.0], [680482.876506024, 2580758.6054216865, 0.0], [680482.876506024, 2580763.5993975904, 0.0], [680482.876506024, 2580768.5933734938, 0.0], [680487.8704819276, 2580773.5873493976, 0.0], [680492.8644578313, 2580778.581325301, 0.0], [680492.8644578313, 2580783.575301205, 0.0], [680492.8644578313, 2580788.569277108, 0.0], [680497.858433735, 2580793.563253012, 0.0], [680497.858433735, 2580798.5572289154, 0.0], [680502.8524096386, 2580803.551204819, 0.0], [680502.8524096386, 2580808.5451807226, 0.0], [680507.8463855422, 2580813.5391566264, 0.0], [680507.8463855422, 2580818.53313253, 0.0], [680512.8403614458, 2580823.5271084337, 0.0], [680512.8403614458, 2580828.521084337, 0.0], [680517.8343373494, 2580833.515060241, 0.0], [680522.828313253, 2580838.5090361442, 0.0], [680522.828313253, 2580843.503012048, 0.0], [680527.8222891566, 2580848.4969879515, 0.0], [680532.8162650602, 2580853.4909638553, 0.0], [680532.8162650602, 2580858.4849397587, 0.0], [680537.8102409638, 2580863.4789156625, 0.0], [680542.8042168674, 2580863.4789156625, 0.0], [680547.798192771, 2580868.4728915663, 0.0], [680552.7921686746, 2580873.4668674697, 0.0], [680557.7861445782, 2580878.4608433736, 0.0], [680562.780120482, 2580883.454819277, 0.0], [680567.7740963856, 2580888.448795181, 0.0], [680572.7680722892, 2580893.442771084, 0.0], [680577.7620481928, 2580898.436746988, 0.0], [680582.7560240964, 2580903.4307228914, 0.0], [680582.7560240964, 2580908.424698795, 0.0], [680587.75, 2580913.4186746986, 0.0], [680592.7439759036, 2580918.4126506024, 0.0], [680597.7379518072, 2580923.406626506, 0.0], [680602.7319277108, 2580928.4006024096, 0.0], [680607.7259036144, 2580933.394578313, 0.0], [680612.719879518, 2580933.394578313, 0.0], [680617.7138554216, 2580938.388554217, 0.0], [680622.7078313252, 2580943.38253012, 0.0], [680622.7078313252, 2580948.376506024, 0.0], [680627.7018072288, 2580953.3704819274, 0.0], [680632.6957831325, 2580958.3644578313, 0.0], [680637.6897590362, 2580963.3584337346, 0.0], [680637.6897590362, 2580968.3524096385, 0.0], [680642.6837349398, 2580973.346385542, 0.0], [680647.6777108434, 2580978.3403614457, 0.0], [680647.6777108434, 2580983.334337349, 0.0], [680647.6777108434, 2580988.328313253, 0.0], [680647.6777108434, 2580993.3222891563, 0.0], [680652.671686747, 2580998.31626506, 0.0], [680657.6656626506, 2580998.31626506, 0.0], [680662.6596385542, 2581003.310240964, 0.0], [680667.6536144578, 2581003.310240964, 0.0], [680672.6475903614, 2581003.310240964, 0.0], [680677.641566265, 2581008.3042168673, 0.0], [680677.641566265, 2581013.298192771, 0.0], [680682.6355421686, 2581013.298192771, 0.0], [680687.6295180722, 2581013.298192771, 0.0], [680692.6234939758, 2581013.298192771, 0.0], [680697.6174698794, 2581018.2921686745, 0.0], [680702.6114457832, 2581018.2921686745, 0.0], [680707.6054216868, 2581018.2921686745, 0.0], [680712.5993975904, 2581018.2921686745, 0.0], [680717.593373494, 2581018.2921686745, 0.0], [680722.5873493976, 2581018.2921686745, 0.0], [680727.5813253012, 2581023.2861445784, 0.0], [680732.5753012048, 2581023.2861445784, 0.0], [680737.5692771084, 2581023.2861445784, 0.0], [680742.563253012, 2581023.2861445784, 0.0], [680747.5572289156, 2581023.2861445784, 0.0], [680752.5512048192, 2581028.2801204817, 0.0], [680757.5451807228, 2581028.2801204817, 0.0], [680762.5391566264, 2581028.2801204817, 0.0], [680767.53313253, 2581028.2801204817, 0.0], [680772.5271084337, 2581033.2740963856, 0.0], [680777.5210843374, 2581033.2740963856, 0.0], [680782.515060241, 2581038.268072289, 0.0], [680787.5090361446, 2581038.268072289, 0.0], [680792.5030120482, 2581043.262048193, 0.0], [680797.4969879518, 2581043.262048193, 0.0], [680802.4909638554, 2581048.256024096, 0.0], [680807.484939759, 2581053.25, 0.0], [680812.4789156626, 2581058.2439759034, 0.0], [680812.4789156626, 2581063.237951807, 0.0], [680817.4728915662, 2581068.2319277106, 0.0], [680822.4668674698, 2581068.2319277106, 0.0], [680827.4608433734, 2581073.2259036144, 0.0], [680832.454819277, 2581078.219879518, 0.0], [680837.4487951807, 2581083.2138554216, 0.0], [680842.4427710844, 2581088.207831325, 0.0], [680847.436746988, 2581093.201807229, 0.0], [680852.4307228916, 2581098.195783132, 0.0], [680857.4246987952, 2581103.189759036, 0.0], [680862.4186746988, 2581103.189759036, 0.0], [680867.4126506024, 2581103.189759036, 0.0], [680872.406626506, 2581108.1837349394, 0.0], [680877.4006024096, 2581108.1837349394, 0.0], [680882.3945783132, 2581113.1777108433, 0.0], [680887.3885542168, 2581113.1777108433, 0.0], [680892.3825301204, 2581113.1777108433, 0.0], [680897.376506024, 2581118.1716867466, 0.0], [680902.3704819276, 2581113.1777108433, 0.0], [680907.3644578313, 2581113.1777108433, 0.0], [680912.358433735, 2581113.1777108433, 0.0], [680917.3524096386, 2581113.1777108433, 0.0], [680922.3463855422, 2581113.1777108433, 0.0], [680927.3403614458, 2581108.1837349394, 0.0], [680932.3343373494, 2581108.1837349394, 0.0], [680937.328313253, 2581108.1837349394, 0.0], [680942.3222891566, 2581108.1837349394, 0.0], [680947.3162650602, 2581103.189759036, 0.0], [680952.3102409638, 2581103.189759036, 0.0], [680957.3042168674, 2581098.195783132, 0.0], [680962.298192771, 2581093.201807229, 0.0], [680967.2921686746, 2581088.207831325, 0.0], [680972.2861445782, 2581088.207831325, 0.0], [680977.280120482, 2581083.2138554216, 0.0], [680982.2740963856, 2581083.2138554216, 0.0], [680987.2680722892, 2581078.219879518, 0.0], [680992.2620481928, 2581073.2259036144, 0.0], [680997.2560240964, 2581073.2259036144, 0.0], [681002.25, 2581068.2319277106, 0.0], [681007.2439759036, 2581063.237951807, 0.0], [681012.2379518072, 2581063.237951807, 0.0], [681017.2319277108, 2581058.2439759034, 0.0], [681022.2259036144, 2581053.25, 0.0], [681027.219879518, 2581053.25, 0.0], [681032.2138554216, 2581048.256024096, 0.0], [681037.2078313252, 2581043.262048193, 0.0], [681042.2018072288, 2581038.268072289, 0.0], [681047.1957831325, 2581038.268072289, 0.0], [681052.1897590362, 2581038.268072289, 0.0], [681057.1837349398, 2581033.2740963856, 0.0], [681062.1777108434, 2581028.2801204817, 0.0], [681067.171686747, 2581023.2861445784, 0.0], [681072.1656626506, 2581018.2921686745, 0.0], [681072.1656626506, 2581013.298192771, 0.0], [681077.1596385542, 2581008.3042168673, 0.0], [681082.1536144578, 2581003.310240964, 0.0], [681087.1475903614, 2581003.310240964, 0.0], [681092.141566265, 2581003.310240964, 0.0], [681097.1355421686, 2581003.310240964, 0.0], [681102.1295180722, 2581003.310240964, 0.0], [681107.1234939758, 2581003.310240964, 0.0], [681112.1174698794, 2581008.3042168673, 0.0], [681117.1114457832, 2581008.3042168673, 0.0], [681122.1054216868, 2581013.298192771, 0.0], [681127.0993975904, 2581013.298192771, 0.0], [681132.093373494, 2581013.298192771, 0.0], [681137.0873493976, 2581013.298192771, 0.0], [681142.0813253012, 2581013.298192771, 0.0], [681147.0753012048, 2581013.298192771, 0.0], [681152.0692771084, 2581008.3042168673, 0.0], [681157.063253012, 2581008.3042168673, 0.0], [681162.0572289156, 2581008.3042168673, 0.0], [681167.0512048192, 2581008.3042168673, 0.0], [681172.0451807228, 2581013.298192771, 0.0], [681177.0391566264, 2581013.298192771, 0.0], [681182.03313253, 2581013.298192771, 0.0], [681187.0271084337, 2581013.298192771, 0.0], [681192.0210843374, 2581008.3042168673, 0.0], [681197.015060241, 2581008.3042168673, 0.0], [681202.0090361446, 2581008.3042168673, 0.0], [681207.0030120482, 2581013.298192771, 0.0], [681211.9969879518, 2581013.298192771, 0.0], [681216.9909638554, 2581013.298192771, 0.0], [681221.984939759, 2581018.2921686745, 0.0], [681226.9789156626, 2581018.2921686745, 0.0], [681231.9728915662, 2581018.2921686745, 0.0], [681236.9668674698, 2581023.2861445784, 0.0], [681241.9608433734, 2581023.2861445784, 0.0], [681246.954819277, 2581023.2861445784, 0.0], [681251.9487951808, 2581023.2861445784, 0.0], [681256.9427710844, 2581028.2801204817, 0.0], [681261.936746988, 2581033.2740963856, 0.0], [681266.9307228916, 2581038.268072289, 0.0], [681271.9246987952, 2581043.262048193, 0.0], [681271.9246987952, 2581048.256024096, 0.0], [681276.9186746988, 2581053.25, 0.0], [681281.9126506024, 2581058.2439759034, 0.0], [681281.9126506024, 2581063.237951807, 0.0], [681286.906626506, 2581068.2319277106, 0.0], [681291.9006024096, 2581073.2259036144, 0.0], [681291.9006024096, 2581078.219879518, 0.0], [681296.8945783132, 2581083.2138554216, 0.0], [681296.8945783132, 2581088.207831325, 0.0], [681301.8885542168, 2581093.201807229, 0.0], [681301.8885542168, 2581098.195783132, 0.0], [681301.8885542168, 2581103.189759036, 0.0], [681306.8825301204, 2581108.1837349394, 0.0], [681306.8825301204, 2581113.1777108433, 0.0], [681311.876506024, 2581118.1716867466, 0.0], [681311.876506024, 2581123.1656626505, 0.0], [681316.8704819276, 2581128.159638554, 0.0], [681321.8644578313, 2581133.1536144577, 0.0], [681321.8644578313, 2581138.147590361, 0.0], [681321.8644578313, 2581143.141566265, 0.0], [681326.858433735, 2581148.1355421687, 0.0], [681331.8524096386, 2581153.129518072, 0.0], [681336.8463855422, 2581158.123493976, 0.0], [681341.8403614458, 2581163.1174698793, 0.0], [681346.8343373494, 2581168.111445783, 0.0], [681351.828313253, 2581173.1054216865, 0.0], [681356.8222891566, 2581178.0993975904, 0.0], [681361.8162650602, 2581183.0933734938, 0.0], [681361.8162650602, 2581188.0873493976, 0.0], [681366.8102409638, 2581193.081325301, 0.0], [681366.8102409638, 2581198.075301205, 0.0], [681371.8042168674, 2581203.069277108, 0.0], [681376.798192771, 2581208.063253012, 0.0], [681381.7921686746, 2581213.0572289154, 0.0], [681386.7861445782, 2581218.051204819, 0.0], [681386.7861445782, 2581223.0451807226, 0.0], [681391.780120482, 2581228.0391566264, 0.0], [681396.7740963856, 2581233.03313253, 0.0], [681401.7680722892, 2581238.0271084337, 0.0], [681406.7620481928, 2581243.021084337, 0.0], [681406.7620481928, 2581248.015060241, 0.0], [681411.7560240964, 2581253.0090361442, 0.0], [681416.75, 2581258.003012048, 0.0], [681421.7439759036, 2581258.003012048, 0.0], [681426.7379518072, 2581262.9969879515, 0.0], [681431.7319277108, 2581262.9969879515, 0.0], [681436.7259036144, 2581267.9909638553, 0.0], [681441.719879518, 2581267.9909638553, 0.0], [681446.7138554216, 2581267.9909638553, 0.0], [681451.7078313252, 2581267.9909638553, 0.0], [681456.7018072288, 2581267.9909638553, 0.0], [681461.6957831325, 2581267.9909638553, 0.0], [681466.6897590362, 2581267.9909638553, 0.0], [681471.6837349398, 2581267.9909638553, 0.0], [681476.6777108434, 2581267.9909638553, 0.0], [681481.671686747, 2581267.9909638553, 0.0], [681486.6656626506, 2581267.9909638553, 0.0], [681491.6596385542, 2581267.9909638553, 0.0], [681496.6536144578, 2581267.9909638553, 0.0], [681501.6475903614, 2581267.9909638553, 0.0], [681506.641566265, 2581267.9909638553, 0.0], [681511.6355421686, 2581262.9969879515, 0.0], [681516.6295180722, 2581262.9969879515, 0.0], [681521.6234939758, 2581262.9969879515, 0.0], [681526.6174698794, 2581262.9969879515, 0.0], [681531.6114457832, 2581262.9969879515, 0.0], [681536.6054216868, 2581267.9909638553, 0.0], [681541.5993975904, 2581272.9849397587, 0.0], [681546.593373494, 2581272.9849397587, 0.0], [681551.5873493976, 2581272.9849397587, 0.0], [681556.5813253012, 2581277.9789156625, 0.0], [681561.5753012048, 2581282.9728915663, 0.0], [681566.5692771084, 2581287.9668674697, 0.0], [681571.563253012, 2581287.9668674697, 0.0], [681576.5572289156, 2581287.9668674697, 0.0], [681581.5512048192, 2581287.9668674697, 0.0], [681586.5451807228, 2581287.9668674697, 0.0], [681591.5391566264, 2581292.9608433736, 0.0], [681596.53313253, 2581292.9608433736, 0.0], [681601.5271084338, 2581292.9608433736, 0.0], [681606.5210843374, 2581292.9608433736, 0.0], [681611.515060241, 2581292.9608433736, 0.0], [681616.5090361446, 2581292.9608433736, 0.0], [681621.5030120482, 2581292.9608433736, 0.0], [681626.4969879518, 2581292.9608433736, 0.0], [681631.4909638554, 2581292.9608433736, 0.0], [681636.484939759, 2581292.9608433736, 0.0], [681641.4789156626, 2581297.954819277, 0.0], [681646.4728915662, 2581297.954819277, 0.0], [681651.4668674698, 2581297.954819277, 0.0], [681656.4608433734, 2581297.954819277, 0.0], [681661.454819277, 2581297.954819277, 0.0], [681666.4487951808, 2581297.954819277, 0.0], [681671.4427710844, 2581297.954819277, 0.0], [681676.436746988, 2581297.954819277, 0.0], [681681.4307228916, 2581297.954819277, 0.0], [681686.4246987952, 2581297.954819277, 0.0], [681691.4186746988, 2581297.954819277, 0.0], [681696.4126506024, 2581297.954819277, 0.0], [681701.406626506, 2581297.954819277, 0.0], [681706.4006024096, 2581292.9608433736, 0.0], [681711.3945783132, 2581292.9608433736, 0.0], [681716.3885542168, 2581292.9608433736, 0.0], [681721.3825301204, 2581292.9608433736, 0.0], [681726.376506024, 2581292.9608433736, 0.0], [681731.3704819276, 2581292.9608433736, 0.0], [681736.3644578313, 2581292.9608433736, 0.0], [681741.358433735, 2581292.9608433736, 0.0], [681746.3524096386, 2581292.9608433736, 0.0], [681751.3463855422, 2581292.9608433736, 0.0], [681756.3403614458, 2581287.9668674697, 0.0], [681761.3343373494, 2581287.9668674697, 0.0], [681766.328313253, 2581287.9668674697, 0.0], [681771.3222891566, 2581287.9668674697, 0.0], [681776.3162650602, 2581287.9668674697, 0.0], [681781.3102409638, 2581287.9668674697, 0.0], [681786.3042168674, 2581287.9668674697, 0.0], [681791.298192771, 2581287.9668674697, 0.0], [681796.2921686746, 2581287.9668674697, 0.0], [681801.2861445782, 2581287.9668674697, 0.0], [681806.280120482, 2581292.9608433736, 0.0], [681811.2740963856, 2581292.9608433736, 0.0], [681816.2680722892, 2581292.9608433736, 0.0], [681821.2620481928, 2581292.9608433736, 0.0], [681826.2560240964, 2581292.9608433736, 0.0], [681831.25, 2581292.9608433736, 0.0], [681836.2439759036, 2581297.954819277, 0.0], [681841.2379518072, 2581302.948795181, 0.0], [681846.2319277108, 2581302.948795181, 0.0]]}}, {"type": "Feature", "properties": {"name": "S9", "length": 10915.463919556527}, "geometry": {"type": "LineString", "coordinates": [[677096.9608433734, 2577063.063253012, 0.0], [677091.9668674698, 2577063.063253012, 0.0], [677086.9728915662, 2577068.0572289154, 0.0], [677081.9789156626, 2577068.0572289154, 0.0], [677076.984939759, 2577073.051204819, 0.0], [677071.9909638554, 2577073.051204819, 0.0], [677066.9969879518, 2577078.0451807226, 0.0], [677062.0030120482, 2577083.0391566264, 0.0], [677057.0090361446, 2577088.03313253, 0.0], [677052.015060241, 2577093.0271084337, 0.0], [677047.0210843374, 2577098.021084337, 0.0], [677047.0210843374, 2577103.015060241, 0.0], [677042.0271084337, 2577103.015060241, 0.0], [677037.03313253, 2577108.0090361442, 0.0], [677037.03313253, 2577113.003012048, 0.0], [677037.03313253, 2577117.9969879515, 0.0], [677032.0391566264, 2577122.9909638553, 0.0], [677027.0451807228, 2577127.9849397587, 0.0], [677022.0512048192, 2577127.9849397587, 0.0], [677022.0512048192, 2577132.9789156625, 0.0], [677022.0512048192, 2577137.972891566, 0.0], [677022.0512048192, 2577142.9668674697, 0.0], [677022.0512048192, 2577147.9608433736, 0.0], [677017.0572289156, 2577152.954819277, 0.0], [677012.063253012, 2577157.948795181, 0.0], [677007.0692771084, 2577157.948795181, 0.0], [677002.0753012048, 2577157.948795181, 0.0], [676997.0813253012, 2577162.942771084, 0.0], [676992.0873493976, 2577162.942771084, 0.0], [676987.093373494, 2577167.936746988, 0.0], [676982.0993975904, 2577167.936746988, 0.0], [676977.1054216868, 2577172.9307228914, 0.0], [676972.111445783, 2577177.924698795, 0.0], [676967.1174698794, 2577182.9186746986, 0.0], [676967.1174698794, 2577187.9126506024, 0.0], [676962.1234939758, 2577187.9126506024, 0.0], [676957.1295180722, 2577187.9126506024, 0.0], [676952.1355421686, 2577187.9126506024, 0.0], [676947.141566265, 2577192.906626506, 0.0], [676942.1475903614, 2577192.906626506, 0.0], [676937.1536144578, 2577192.906626506, 0.0], [676932.1596385542, 2577197.9006024096, 0.0], [676927.1656626506, 2577202.894578313, 0.0], [676922.171686747, 2577202.894578313, 0.0], [676917.1777108434, 2577207.888554217, 0.0], [676912.1837349398, 2577207.888554217, 0.0], [676907.1897590361, 2577212.88253012, 0.0], [676902.1957831325, 2577212.88253012, 0.0], [676897.2018072288, 2577212.88253012, 0.0], [676892.2078313252, 2577217.876506024, 0.0], [676887.2138554216, 2577222.8704819274, 0.0], [676882.219879518, 2577227.8644578313, 0.0], [676877.2259036144, 2577227.8644578313, 0.0], [676872.2319277108, 2577232.8584337346, 0.0], [676867.2379518072, 2577237.8524096385, 0.0], [676862.2439759036, 2577242.846385542, 0.0], [676857.25, 2577242.846385542, 0.0], [676852.2560240964, 2577247.8403614457, 0.0], [676847.2620481928, 2577252.834337349, 0.0], [676842.2680722892, 2577257.828313253, 0.0], [676837.2740963856, 2577262.8222891563, 0.0], [676832.2801204819, 2577267.81626506, 0.0], [676827.2861445782, 2577272.8102409635, 0.0], [676822.2921686746, 2577277.8042168673, 0.0], [676817.298192771, 2577282.798192771, 0.0], [676812.3042168674, 2577287.7921686745, 0.0], [676807.3102409638, 2577292.7861445784, 0.0], [676802.3162650602, 2577297.7801204817, 0.0], [676797.3222891566, 2577297.7801204817, 0.0], [676792.328313253, 2577297.7801204817, 0.0], [676787.3343373494, 2577297.7801204817, 0.0], [676782.3403614458, 2577297.7801204817, 0.0], [676777.3463855422, 2577297.7801204817, 0.0], [676772.3524096386, 2577292.7861445784, 0.0], [676767.3584337349, 2577287.7921686745, 0.0], [676762.3644578313, 2577287.7921686745, 0.0], [676757.3704819276, 2577287.7921686745, 0.0], [676752.376506024, 2577282.798192771, 0.0], [676747.3825301204, 2577282.798192771, 0.0], [676742.3885542168, 2577282.798192771, 0.0], [676737.3945783132, 2577287.7921686745, 0.0], [676732.4006024096, 2577292.7861445784, 0.0], [676727.406626506, 2577297.7801204817, 0.0], [676722.4126506024, 2577297.7801204817, 0.0], [676717.4186746988, 2577302.7740963856, 0.0], [676712.4246987952, 2577307.768072289, 0.0], [676707.4307228916, 2577312.762048193, 0.0], [676702.436746988, 2577317.756024096, 0.0], [676697.4427710844, 2577322.75, 0.0], [676692.4487951807, 2577322.75, 0.0], [676692.4487951807, 2577327.7439759034, 0.0], [676687.454819277, 2577327.7439759034, 0.0], [676682.4608433734, 2577332.737951807, 0.0], [676677.4668674698, 2577337.7319277106, 0.0], [676672.4728915662, 2577342.7259036144, 0.0], [676667.4789156626, 2577347.719879518, 0.0], [676662.484939759, 2577347.719879518, 0.0], [676657.4909638554, 2577352.7138554216, 0.0], [676652.4969879518, 2577357.707831325, 0.0], [676652.4969879518, 2577362.701807229, 0.0], [676647.5030120482, 2577367.695783132, 0.0], [676647.5030120482, 2577372.689759036, 0.0], [676642.5090361446, 2577377.6837349394, 0.0], [676642.5090361446, 2577382.6777108433, 0.0], [676642.5090361446, 2577387.6716867466, 0.0], [676642.5090361446, 2577392.6656626505, 0.0], [676642.5090361446, 2577397.659638554, 0.0], [676642.5090361446, 2577402.6536144577, 0.0], [676642.5090361446, 2577407.647590361, 0.0], [676647.5030120482, 2577412.641566265, 0.0], [676652.4969879518, 2577417.6355421683, 0.0], [676652.4969879518, 2577422.629518072, 0.0], [676657.4909638554, 2577422.629518072, 0.0], [676662.484939759, 2577422.629518072, 0.0], [676667.4789156626, 2577422.629518072, 0.0], [676672.4728915662, 2577427.623493976, 0.0], [676677.4668674698, 2577432.6174698793, 0.0], [676677.4668674698, 2577437.611445783, 0.0], [676677.4668674698, 2577442.6054216865, 0.0], [676677.4668674698, 2577447.5993975904, 0.0], [676677.4668674698, 2577452.5933734938, 0.0], [676677.4668674698, 2577457.5873493976, 0.0], [676682.4608433734, 2577462.581325301, 0.0], [676687.454819277, 2577467.575301205, 0.0], [676692.4487951807, 2577467.575301205, 0.0], [676697.4427710844, 2577472.569277108, 0.0], [676697.4427710844, 2577477.563253012, 0.0], [676702.436746988, 2577482.5572289154, 0.0], [676707.4307228916, 2577487.551204819, 0.0], [676712.4246987952, 2577492.5451807226, 0.0], [676712.4246987952, 2577497.5391566264, 0.0], [676712.4246987952, 2577502.53313253, 0.0], [676717.4186746988, 2577507.5271084337, 0.0], [676717.4186746988, 2577512.521084337, 0.0], [676722.4126506024, 2577517.515060241, 0.0], [676722.4126506024, 2577522.5090361442, 0.0], [676722.4126506024, 2577527.503012048, 0.0], [676727.406626506, 2577532.4969879515, 0.0], [676732.4006024096, 2577537.4909638553, 0.0], [676737.3945783132, 2577542.4849397587, 0.0], [676742.3885542168, 2577547.4789156625, 0.0], [676742.3885542168, 2577552.472891566, 0.0], [676747.3825301204, 2577557.4668674697, 0.0], [676752.376506024, 2577562.4608433736, 0.0], [676752.376506024, 2577567.454819277, 0.0], [676757.3704819276, 2577572.448795181, 0.0], [676757.3704819276, 2577577.442771084, 0.0], [676762.3644578313, 2577582.436746988, 0.0], [676762.3644578313, 2577587.4307228914, 0.0], [676762.3644578313, 2577592.424698795, 0.0], [676762.3644578313, 2577597.4186746986, 0.0], [676762.3644578313, 2577602.4126506024, 0.0], [676762.3644578313, 2577607.406626506, 0.0], [676762.3644578313, 2577612.4006024096, 0.0], [676767.3584337349, 2577612.4006024096, 0.0], [676772.3524096386, 2577617.394578313, 0.0], [676772.3524096386, 2577622.388554217, 0.0], [676772.3524096386, 2577627.38253012, 0.0], [676772.3524096386, 2577632.376506024, 0.0], [676772.3524096386, 2577637.3704819274, 0.0], [676772.3524096386, 2577642.3644578313, 0.0], [676772.3524096386, 2577647.3584337346, 0.0], [676767.3584337349, 2577652.3524096385, 0.0], [676767.3584337349, 2577657.346385542, 0.0], [676767.3584337349, 2577662.3403614457, 0.0], [676762.3644578313, 2577667.334337349, 0.0], [676757.3704819276, 2577672.328313253, 0.0], [676757.3704819276, 2577677.3222891563, 0.0], [676757.3704819276, 2577682.31626506, 0.0], [676752.376506024, 2577687.3102409635, 0.0], [676747.3825301204, 2577692.3042168673, 0.0], [676742.3885542168, 2577697.298192771, 0.0], [676742.3885542168, 2577702.2921686745, 0.0], [676742.3885542168, 2577707.2861445784, 0.0], [676742.3885542168, 2577712.2801204817, 0.0], [676742.3885542168, 2577717.2740963856, 0.0], [676737.3945783132, 2577722.268072289, 0.0], [676737.3945783132, 2577727.262048193, 0.0], [676732.4006024096, 2577732.256024096, 0.0], [676732.4006024096, 2577737.25, 0.0], [676727.406626506, 2577742.2439759034, 0.0], [676727.406626506, 2577747.237951807, 0.0], [676727.406626506, 2577752.2319277106, 0.0], [676727.406626506, 2577757.2259036144, 0.0], [676727.406626506, 2577762.219879518, 0.0], [676722.4126506024, 2577767.2138554216, 0.0], [676722.4126506024, 2577772.207831325, 0.0], [676722.4126506024, 2577777.201807229, 0.0], [676717.4186746988, 2577782.195783132, 0.0], [676712.4246987952, 2577787.189759036, 0.0], [676707.4307228916, 2577787.189759036, 0.0], [676702.436746988, 2577787.189759036, 0.0], [676697.4427710844, 2577792.1837349394, 0.0], [676697.4427710844, 2577797.1777108433, 0.0], [676697.4427710844, 2577802.1716867466, 0.0], [676697.4427710844, 2577807.1656626505, 0.0], [676697.4427710844, 2577812.159638554, 0.0], [676697.4427710844, 2577817.1536144577, 0.0], [676697.4427710844, 2577822.147590361, 0.0], [676692.4487951807, 2577827.141566265, 0.0], [676697.4427710844, 2577827.141566265, 0.0], [676697.4427710844, 2577832.1355421687, 0.0], [676692.4487951807, 2577837.129518072, 0.0], [676692.4487951807, 2577842.123493976, 0.0], [676692.4487951807, 2577847.1174698793, 0.0], [676687.454819277, 2577852.111445783, 0.0], [676687.454819277, 2577857.1054216865, 0.0], [676687.454819277, 2577862.0993975904, 0.0], [676687.454819277, 2577867.0933734938, 0.0], [676687.454819277, 2577872.0873493976, 0.0], [676687.454819277, 2577877.081325301, 0.0], [676687.454819277, 2577882.075301205, 0.0], [676682.4608433734, 2577887.069277108, 0.0], [676682.4608433734, 2577892.063253012, 0.0], [676682.4608433734, 2577897.0572289154, 0.0], [676682.4608433734, 2577902.051204819, 0.0], [676677.4668674698, 2577907.0451807226, 0.0], [676677.4668674698, 2577912.0391566264, 0.0], [676677.4668674698, 2577917.03313253, 0.0], [676677.4668674698, 2577922.0271084337, 0.0], [676677.4668674698, 2577927.021084337, 0.0], [676677.4668674698, 2577932.015060241, 0.0], [676677.4668674698, 2577937.0090361442, 0.0], [676677.4668674698, 2577942.003012048, 0.0], [676672.4728915662, 2577946.9969879515, 0.0], [676672.4728915662, 2577951.9909638553, 0.0], [676672.4728915662, 2577956.9849397587, 0.0], [676672.4728915662, 2577961.9789156625, 0.0], [676667.4789156626, 2577966.972891566, 0.0], [676667.4789156626, 2577971.9668674697, 0.0], [676667.4789156626, 2577976.9608433736, 0.0], [676662.484939759, 2577981.954819277, 0.0], [676657.4909638554, 2577981.954819277, 0.0], [676657.4909638554, 2577986.948795181, 0.0], [676652.4969879518, 2577991.942771084, 0.0], [676652.4969879518, 2577996.936746988, 0.0], [676647.5030120482, 2578001.9307228914, 0.0], [676642.5090361446, 2578006.924698795, 0.0], [676637.515060241, 2578011.9186746986, 0.0], [676632.5210843374, 2578011.9186746986, 0.0], [676627.5271084337, 2578016.9126506024, 0.0], [676622.53313253, 2578021.906626506, 0.0], [676622.53313253, 2578026.9006024096, 0.0], [676617.5391566264, 2578031.894578313, 0.0], [676612.5451807228, 2578031.894578313, 0.0], [676607.5512048192, 2578036.888554217, 0.0], [676607.5512048192, 2578041.88253012, 0.0], [676607.5512048192, 2578046.876506024, 0.0], [676602.5572289156, 2578051.8704819274, 0.0], [676597.563253012, 2578056.8644578313, 0.0], [676592.5692771084, 2578061.8584337346, 0.0], [676587.5753012048, 2578066.8524096385, 0.0], [676587.5753012048, 2578071.846385542, 0.0], [676582.5813253012, 2578076.8403614457, 0.0], [676577.5873493976, 2578081.834337349, 0.0], [676577.5873493976, 2578086.828313253, 0.0], [676577.5873493976, 2578091.8222891563, 0.0], [676572.593373494, 2578096.81626506, 0.0], [676567.5993975904, 2578101.8102409635, 0.0], [676562.6054216868, 2578106.8042168673, 0.0], [676557.611445783, 2578111.798192771, 0.0], [676552.6174698794, 2578116.7921686745, 0.0], [676552.6174698794, 2578121.7861445784, 0.0], [676552.6174698794, 2578126.7801204817, 0.0], [676547.6234939758, 2578131.7740963856, 0.0], [676542.6295180722, 2578136.768072289, 0.0], [676542.6295180722, 2578141.762048193, 0.0], [676537.6355421686, 2578146.756024096, 0.0], [676532.641566265, 2578151.75, 0.0], [676532.641566265, 2578156.7439759034, 0.0], [676527.6475903614, 2578161.737951807, 0.0], [676527.6475903614, 2578166.7319277106, 0.0], [676532.641566265, 2578171.7259036144, 0.0], [676532.641566265, 2578176.719879518, 0.0], [676532.641566265, 2578181.7138554216, 0.0], [676532.641566265, 2578186.707831325, 0.0], [676532.641566265, 2578191.701807229, 0.0], [676532.641566265, 2578196.695783132, 0.0], [676527.6475903614, 2578196.695783132, 0.0], [676527.6475903614, 2578201.689759036, 0.0], [676522.6536144578, 2578206.6837349394, 0.0], [676517.6596385542, 2578211.6777108433, 0.0], [676512.6656626506, 2578216.6716867466, 0.0], [676507.671686747, 2578216.6716867466, 0.0], [676502.6777108434, 2578221.6656626505, 0.0], [676497.6837349398, 2578226.659638554, 0.0], [676497.6837349398, 2578231.6536144577, 0.0], [676492.6897590361, 2578236.647590361, 0.0], [676487.6957831325, 2578236.647590361, 0.0], [676482.7018072288, 2578241.641566265, 0.0], [676477.7078313252, 2578246.6355421687, 0.0], [676477.7078313252, 2578251.629518072, 0.0], [676472.7138554216, 2578256.623493976, 0.0], [676467.719879518, 2578261.6174698793, 0.0], [676462.7259036144, 2578266.611445783, 0.0], [676467.719879518, 2578271.6054216865, 0.0], [676467.719879518, 2578276.5993975904, 0.0], [676467.719879518, 2578281.5933734938, 0.0], [676467.719879518, 2578286.5873493976, 0.0], [676462.7259036144, 2578291.581325301, 0.0], [676457.7319277108, 2578296.575301205, 0.0], [676452.7379518072, 2578301.569277108, 0.0], [676447.7439759036, 2578306.563253012, 0.0], [676442.75, 2578306.563253012, 0.0], [676442.75, 2578311.5572289154, 0.0], [676437.7560240964, 2578316.551204819, 0.0], [676432.7620481928, 2578321.5451807226, 0.0], [676432.7620481928, 2578326.5391566264, 0.0], [676427.7680722892, 2578331.53313253, 0.0], [676422.7740963856, 2578331.53313253, 0.0], [676417.7801204819, 2578336.5271084337, 0.0], [676412.7861445782, 2578341.521084337, 0.0], [676412.7861445782, 2578346.515060241, 0.0], [676407.7921686746, 2578351.5090361442, 0.0], [676407.7921686746, 2578356.503012048, 0.0], [676402.798192771, 2578361.4969879515, 0.0], [676402.798192771, 2578366.4909638553, 0.0], [676402.798192771, 2578371.4849397587, 0.0], [676402.798192771, 2578376.4789156625, 0.0], [676402.798192771, 2578381.472891566, 0.0], [676407.7921686746, 2578386.4668674697, 0.0], [676412.7861445782, 2578391.4608433736, 0.0], [676417.7801204819, 2578396.454819277, 0.0], [676422.7740963856, 2578401.448795181, 0.0], [676427.7680722892, 2578406.442771084, 0.0], [676432.7620481928, 2578411.436746988, 0.0], [676432.7620481928, 2578416.4307228914, 0.0], [676437.7560240964, 2578421.424698795, 0.0], [676442.75, 2578426.4186746986, 0.0], [676442.75, 2578431.4126506024, 0.0], [676442.75, 2578436.406626506, 0.0], [676447.7439759036, 2578441.4006024096, 0.0], [676452.7379518072, 2578446.394578313, 0.0], [676452.7379518072, 2578451.388554217, 0.0], [676452.7379518072, 2578456.38253012, 0.0], [676457.7319277108, 2578461.376506024, 0.0], [676457.7319277108, 2578466.3704819274, 0.0], [676462.7259036144, 2578471.3644578313, 0.0], [676462.7259036144, 2578476.3584337346, 0.0], [676462.7259036144, 2578481.3524096385, 0.0], [676462.7259036144, 2578486.346385542, 0.0], [676467.719879518, 2578486.346385542, 0.0], [676472.7138554216, 2578491.3403614457, 0.0], [676477.7078313252, 2578496.334337349, 0.0], [676477.7078313252, 2578501.328313253, 0.0], [676477.7078313252, 2578506.3222891563, 0.0], [676482.7018072288, 2578511.31626506, 0.0], [676482.7018072288, 2578516.3102409635, 0.0], [676487.6957831325, 2578521.3042168673, 0.0], [676487.6957831325, 2578526.298192771, 0.0], [676492.6897590361, 2578531.2921686745, 0.0], [676492.6897590361, 2578536.2861445784, 0.0], [676492.6897590361, 2578541.2801204817, 0.0], [676497.6837349398, 2578546.2740963856, 0.0], [676502.6777108434, 2578551.268072289, 0.0], [676502.6777108434, 2578556.262048193, 0.0], [676502.6777108434, 2578561.256024096, 0.0], [676502.6777108434, 2578566.25, 0.0], [676507.671686747, 2578571.2439759034, 0.0], [676507.671686747, 2578576.237951807, 0.0], [676512.6656626506, 2578581.2319277106, 0.0], [676512.6656626506, 2578586.2259036144, 0.0], [676512.6656626506, 2578591.219879518, 0.0], [676512.6656626506, 2578596.2138554216, 0.0], [676512.6656626506, 2578601.207831325, 0.0], [676512.6656626506, 2578606.201807229, 0.0], [676512.6656626506, 2578611.195783132, 0.0], [676512.6656626506, 2578616.189759036, 0.0], [676512.6656626506, 2578621.1837349394, 0.0], [676507.671686747, 2578626.1777108433, 0.0], [676507.671686747, 2578631.1716867466, 0.0], [676507.671686747, 2578636.1656626505, 0.0], [676507.671686747, 2578641.159638554, 0.0], [676507.671686747, 2578646.1536144577, 0.0], [676507.671686747, 2578651.147590361, 0.0], [676507.671686747, 2578656.141566265, 0.0], [676507.671686747, 2578661.1355421687, 0.0], [676507.671686747, 2578666.129518072, 0.0], [676507.671686747, 2578671.123493976, 0.0], [676507.671686747, 2578676.1174698793, 0.0], [676507.671686747, 2578681.111445783, 0.0], [676507.671686747, 2578686.1054216865, 0.0], [676507.671686747, 2578691.0993975904, 0.0], [676512.6656626506, 2578696.0933734938, 0.0], [676512.6656626506, 2578701.0873493976, 0.0], [676512.6656626506, 2578706.081325301, 0.0], [676512.6656626506, 2578711.075301205, 0.0], [676512.6656626506, 2578716.069277108, 0.0], [676512.6656626506, 2578721.063253012, 0.0], [676512.6656626506, 2578726.0572289154, 0.0], [676512.6656626506, 2578731.051204819, 0.0], [676512.6656626506, 2578736.0451807226, 0.0], [676512.6656626506, 2578741.0391566264, 0.0], [676512.6656626506, 2578746.03313253, 0.0], [676512.6656626506, 2578751.0271084337, 0.0], [676512.6656626506, 2578756.021084337, 0.0], [676512.6656626506, 2578761.015060241, 0.0], [676512.6656626506, 2578766.0090361442, 0.0], [676512.6656626506, 2578771.003012048, 0.0], [676517.6596385542, 2578775.9969879515, 0.0], [676517.6596385542, 2578780.9909638553, 0.0], [676517.6596385542, 2578785.9849397587, 0.0], [676517.6596385542, 2578790.9789156625, 0.0], [676517.6596385542, 2578795.9728915663, 0.0], [676522.6536144578, 2578800.9668674697, 0.0], [676522.6536144578, 2578805.9608433736, 0.0], [676522.6536144578, 2578810.954819277, 0.0], [676522.6536144578, 2578815.948795181, 0.0], [676527.6475903614, 2578820.942771084, 0.0], [676527.6475903614, 2578825.936746988, 0.0], [676532.641566265, 2578830.9307228914, 0.0], [676532.641566265, 2578835.924698795, 0.0], [676532.641566265, 2578840.9186746986, 0.0], [676532.641566265, 2578845.9126506024, 0.0], [676532.641566265, 2578850.906626506, 0.0], [676532.641566265, 2578855.9006024096, 0.0], [676532.641566265, 2578860.894578313, 0.0], [676532.641566265, 2578865.888554217, 0.0], [676532.641566265, 2578870.88253012, 0.0], [676537.6355421686, 2578875.876506024, 0.0], [676537.6355421686, 2578880.8704819274, 0.0], [676542.6295180722, 2578885.8644578313, 0.0], [676542.6295180722, 2578890.8584337346, 0.0], [676542.6295180722, 2578895.8524096385, 0.0], [676547.6234939758, 2578900.846385542, 0.0], [676547.6234939758, 2578905.8403614457, 0.0], [676552.6174698794, 2578910.834337349, 0.0], [676552.6174698794, 2578915.828313253, 0.0], [676557.611445783, 2578920.8222891563, 0.0], [676557.611445783, 2578925.81626506, 0.0], [676557.611445783, 2578930.8102409635, 0.0], [676562.6054216868, 2578935.8042168673, 0.0], [676562.6054216868, 2578940.798192771, 0.0], [676567.5993975904, 2578945.7921686745, 0.0], [676572.593373494, 2578950.7861445784, 0.0], [676572.593373494, 2578955.7801204817, 0.0], [676577.5873493976, 2578960.7740963856, 0.0], [676577.5873493976, 2578965.768072289, 0.0], [676577.5873493976, 2578970.762048193, 0.0], [676582.5813253012, 2578975.756024096, 0.0], [676582.5813253012, 2578980.75, 0.0], [676587.5753012048, 2578985.7439759034, 0.0], [676587.5753012048, 2578990.737951807, 0.0], [676592.5692771084, 2578995.7319277106, 0.0], [676592.5692771084, 2579000.7259036144, 0.0], [676597.563253012, 2579005.719879518, 0.0], [676602.5572289156, 2579010.7138554216, 0.0], [676607.5512048192, 2579015.707831325, 0.0], [676607.5512048192, 2579020.701807229, 0.0], [676612.5451807228, 2579025.695783132, 0.0], [676612.5451807228, 2579030.689759036, 0.0], [676612.5451807228, 2579035.6837349394, 0.0], [676617.5391566264, 2579040.6777108433, 0.0], [676617.5391566264, 2579045.6716867466, 0.0], [676622.53313253, 2579050.6656626505, 0.0], [676627.5271084337, 2579055.659638554, 0.0], [676632.5210843374, 2579060.6536144577, 0.0], [676637.515060241, 2579065.647590361, 0.0], [676642.5090361446, 2579070.641566265, 0.0], [676647.5030120482, 2579075.6355421687, 0.0], [676652.4969879518, 2579080.629518072, 0.0], [676657.4909638554, 2579085.623493976, 0.0], [676662.484939759, 2579090.6174698793, 0.0], [676667.4789156626, 2579090.6174698793, 0.0], [676672.4728915662, 2579095.611445783, 0.0], [676677.4668674698, 2579100.6054216865, 0.0], [676682.4608433734, 2579105.5993975904, 0.0], [676687.454819277, 2579105.5993975904, 0.0], [676692.4487951807, 2579110.5933734938, 0.0], [676697.4427710844, 2579115.5873493976, 0.0], [676702.436746988, 2579120.581325301, 0.0], [676707.4307228916, 2579120.581325301, 0.0], [676712.4246987952, 2579120.581325301, 0.0], [676712.4246987952, 2579125.575301205, 0.0], [676712.4246987952, 2579130.569277108, 0.0], [676712.4246987952, 2579135.563253012, 0.0], [676717.4186746988, 2579140.5572289154, 0.0], [676722.4126506024, 2579145.551204819, 0.0], [676727.406626506, 2579145.551204819, 0.0], [676732.4006024096, 2579150.5451807226, 0.0], [676737.3945783132, 2579150.5451807226, 0.0], [676742.3885542168, 2579150.5451807226, 0.0], [676747.3825301204, 2579150.5451807226, 0.0], [676752.376506024, 2579155.5391566264, 0.0], [676757.3704819276, 2579155.5391566264, 0.0], [676762.3644578313, 2579155.5391566264, 0.0], [676767.3584337349, 2579160.53313253, 0.0], [676772.3524096386, 2579160.53313253, 0.0], [676777.3463855422, 2579160.53313253, 0.0], [676782.3403614458, 2579160.53313253, 0.0], [676787.3343373494, 2579165.5271084337, 0.0], [676792.328313253, 2579165.5271084337, 0.0], [676797.3222891566, 2579165.5271084337, 0.0], [676802.3162650602, 2579165.5271084337, 0.0], [676807.3102409638, 2579165.5271084337, 0.0], [676812.3042168674, 2579170.521084337, 0.0], [676817.298192771, 2579170.521084337, 0.0], [676822.2921686746, 2579170.521084337, 0.0], [676827.2861445782, 2579170.521084337, 0.0], [676832.2801204819, 2579170.521084337, 0.0], [676837.2740963856, 2579175.515060241, 0.0], [676842.2680722892, 2579180.5090361442, 0.0], [676847.2620481928, 2579180.5090361442, 0.0], [676852.2560240964, 2579185.503012048, 0.0], [676852.2560240964, 2579190.4969879515, 0.0], [676857.25, 2579195.4909638553, 0.0], [676862.2439759036, 2579200.4849397587, 0.0], [676867.2379518072, 2579205.4789156625, 0.0], [676867.2379518072, 2579210.4728915663, 0.0], [676867.2379518072, 2579215.4668674697, 0.0], [676872.2319277108, 2579220.4608433736, 0.0], [676872.2319277108, 2579225.454819277, 0.0], [676877.2259036144, 2579230.448795181, 0.0], [676877.2259036144, 2579235.442771084, 0.0], [676877.2259036144, 2579240.436746988, 0.0], [676877.2259036144, 2579245.4307228914, 0.0], [676877.2259036144, 2579250.424698795, 0.0], [676882.219879518, 2579255.4186746986, 0.0], [676882.219879518, 2579260.4126506024, 0.0], [676882.219879518, 2579265.406626506, 0.0], [676882.219879518, 2579270.4006024096, 0.0], [676887.2138554216, 2579275.394578313, 0.0], [676887.2138554216, 2579280.388554217, 0.0], [676887.2138554216, 2579285.38253012, 0.0], [676887.2138554216, 2579290.376506024, 0.0], [676887.2138554216, 2579295.3704819274, 0.0], [676887.2138554216, 2579300.3644578313, 0.0], [676887.2138554216, 2579305.3584337346, 0.0], [676887.2138554216, 2579310.3524096385, 0.0], [676887.2138554216, 2579315.346385542, 0.0], [676887.2138554216, 2579320.3403614457, 0.0], [676887.2138554216, 2579325.334337349, 0.0], [676887.2138554216, 2579330.328313253, 0.0], [676887.2138554216, 2579335.3222891563, 0.0], [676887.2138554216, 2579340.31626506, 0.0], [676887.2138554216, 2579345.3102409635, 0.0], [676887.2138554216, 2579350.3042168673, 0.0], [676887.2138554216, 2579355.298192771, 0.0], [676887.2138554216, 2579360.2921686745, 0.0], [676887.2138554216, 2579365.2861445784, 0.0], [676887.2138554216, 2579370.2801204817, 0.0], [676887.2138554216, 2579375.2740963856, 0.0], [676887.2138554216, 2579380.268072289, 0.0], [676887.2138554216, 2579385.262048193, 0.0], [676887.2138554216, 2579390.256024096, 0.0], [676887.2138554216, 2579395.25, 0.0], [676887.2138554216, 2579400.2439759034, 0.0], [676887.2138554216, 2579405.237951807, 0.0], [676887.2138554216, 2579410.2319277106, 0.0], [676887.2138554216, 2579415.2259036144, 0.0], [676887.2138554216, 2579420.219879518, 0.0], [676887.2138554216, 2579425.2138554216, 0.0], [676887.2138554216, 2579430.207831325, 0.0], [676887.2138554216, 2579435.201807229, 0.0], [676887.2138554216, 2579440.195783132, 0.0], [676882.219879518, 2579445.189759036, 0.0], [676882.219879518, 2579450.1837349394, 0.0], [676882.219879518, 2579455.1777108433, 0.0], [676882.219879518, 2579460.1716867466, 0.0], [676882.219879518, 2579465.1656626505, 0.0], [676882.219879518, 2579470.159638554, 0.0], [676882.219879518, 2579475.1536144577, 0.0], [676882.219879518, 2579480.147590361, 0.0], [676882.219879518, 2579485.141566265, 0.0], [676882.219879518, 2579490.1355421687, 0.0], [676877.2259036144, 2579495.129518072, 0.0], [676877.2259036144, 2579500.123493976, 0.0], [676877.2259036144, 2579505.1174698793, 0.0], [676877.2259036144, 2579510.111445783, 0.0], [676872.2319277108, 2579515.1054216865, 0.0], [676872.2319277108, 2579520.0993975904, 0.0], [676867.2379518072, 2579525.0933734938, 0.0], [676867.2379518072, 2579530.0873493976, 0.0], [676862.2439759036, 2579535.081325301, 0.0], [676862.2439759036, 2579540.075301205, 0.0], [676862.2439759036, 2579545.069277108, 0.0], [676862.2439759036, 2579550.063253012, 0.0], [676857.25, 2579555.0572289154, 0.0], [676857.25, 2579560.051204819, 0.0], [676857.25, 2579565.0451807226, 0.0], [676852.2560240964, 2579570.0391566264, 0.0], [676847.2620481928, 2579575.03313253, 0.0], [676842.2680722892, 2579580.0271084337, 0.0], [676842.2680722892, 2579585.021084337, 0.0], [676837.2740963856, 2579590.015060241, 0.0], [676832.2801204819, 2579590.015060241, 0.0], [676827.2861445782, 2579590.015060241, 0.0], [676822.2921686746, 2579585.021084337, 0.0], [676817.298192771, 2579585.021084337, 0.0], [676812.3042168674, 2579585.021084337, 0.0], [676807.3102409638, 2579585.021084337, 0.0], [676807.3102409638, 2579590.015060241, 0.0], [676807.3102409638, 2579595.0090361442, 0.0], [676802.3162650602, 2579600.003012048, 0.0], [676797.3222891566, 2579604.9969879515, 0.0], [676792.328313253, 2579609.9909638553, 0.0], [676792.328313253, 2579614.9849397587, 0.0], [676787.3343373494, 2579614.9849397587, 0.0], [676782.3403614458, 2579614.9849397587, 0.0], [676777.3463855422, 2579619.9789156625, 0.0], [676772.3524096386, 2579624.9728915663, 0.0], [676767.3584337349, 2579629.9668674697, 0.0], [676762.3644578313, 2579634.9608433736, 0.0], [676762.3644578313, 2579639.954819277, 0.0], [676762.3644578313, 2579644.948795181, 0.0], [676762.3644578313, 2579649.942771084, 0.0], [676757.3704819276, 2579654.936746988, 0.0], [676752.376506024, 2579659.9307228914, 0.0], [676752.376506024, 2579664.924698795, 0.0], [676747.3825301204, 2579669.9186746986, 0.0], [676747.3825301204, 2579674.9126506024, 0.0], [676747.3825301204, 2579679.906626506, 0.0], [676742.3885542168, 2579684.9006024096, 0.0], [676742.3885542168, 2579689.894578313, 0.0], [676737.3945783132, 2579694.888554217, 0.0], [676732.4006024096, 2579699.88253012, 0.0], [676727.406626506, 2579704.876506024, 0.0], [676722.4126506024, 2579709.8704819274, 0.0], [676717.4186746988, 2579714.8644578313, 0.0], [676717.4186746988, 2579719.8584337346, 0.0], [676712.4246987952, 2579724.8524096385, 0.0], [676707.4307228916, 2579724.8524096385, 0.0], [676702.436746988, 2579729.846385542, 0.0], [676697.4427710844, 2579734.8403614457, 0.0], [676692.4487951807, 2579734.8403614457, 0.0], [676687.454819277, 2579739.834337349, 0.0], [676682.4608433734, 2579744.828313253, 0.0], [676677.4668674698, 2579744.828313253, 0.0], [676672.4728915662, 2579749.8222891563, 0.0], [676667.4789156626, 2579749.8222891563, 0.0], [676662.484939759, 2579754.81626506, 0.0], [676657.4909638554, 2579754.81626506, 0.0], [676652.4969879518, 2579759.8102409635, 0.0], [676647.5030120482, 2579759.8102409635, 0.0], [676642.5090361446, 2579764.8042168673, 0.0], [676637.515060241, 2579769.798192771, 0.0], [676632.5210843374, 2579774.7921686745, 0.0], [676627.5271084337, 2579779.7861445784, 0.0], [676622.53313253, 2579784.7801204817, 0.0], [676617.5391566264, 2579784.7801204817, 0.0], [676612.5451807228, 2579789.7740963856, 0.0], [676607.5512048192, 2579789.7740963856, 0.0], [676602.5572289156, 2579789.7740963856, 0.0], [676597.563253012, 2579794.768072289, 0.0], [676592.5692771084, 2579794.768072289, 0.0], [676587.5753012048, 2579794.768072289, 0.0], [676582.5813253012, 2579794.768072289, 0.0], [676577.5873493976, 2579799.762048193, 0.0], [676577.5873493976, 2579804.756024096, 0.0], [676572.593373494, 2579809.75, 0.0], [676567.5993975904, 2579814.7439759034, 0.0], [676562.6054216868, 2579819.737951807, 0.0], [676562.6054216868, 2579824.7319277106, 0.0], [676562.6054216868, 2579829.7259036144, 0.0], [676557.611445783, 2579834.719879518, 0.0], [676557.611445783, 2579839.7138554216, 0.0], [676557.611445783, 2579844.707831325, 0.0], [676557.611445783, 2579849.701807229, 0.0], [676552.6174698794, 2579854.695783132, 0.0], [676552.6174698794, 2579859.689759036, 0.0], [676552.6174698794, 2579864.6837349394, 0.0], [676552.6174698794, 2579869.6777108433, 0.0], [676547.6234939758, 2579874.6716867466, 0.0], [676542.6295180722, 2579879.6656626505, 0.0], [676542.6295180722, 2579884.659638554, 0.0], [676542.6295180722, 2579889.6536144577, 0.0], [676542.6295180722, 2579894.647590361, 0.0], [676537.6355421686, 2579899.641566265, 0.0], [676537.6355421686, 2579904.6355421687, 0.0], [676537.6355421686, 2579909.629518072, 0.0], [676537.6355421686, 2579914.623493976, 0.0], [676537.6355421686, 2579919.6174698793, 0.0], [676537.6355421686, 2579924.611445783, 0.0], [676532.641566265, 2579929.6054216865, 0.0], [676532.641566265, 2579934.5993975904, 0.0], [676527.6475903614, 2579939.5933734938, 0.0], [676527.6475903614, 2579944.5873493976, 0.0], [676527.6475903614, 2579949.581325301, 0.0], [676522.6536144578, 2579954.575301205, 0.0], [676517.6596385542, 2579959.569277108, 0.0], [676517.6596385542, 2579964.563253012, 0.0], [676517.6596385542, 2579969.5572289154, 0.0], [676517.6596385542, 2579974.551204819, 0.0], [676517.6596385542, 2579979.5451807226, 0.0], [676512.6656626506, 2579984.5391566264, 0.0], [676507.671686747, 2579989.53313253, 0.0], [676502.6777108434, 2579994.5271084337, 0.0], [676497.6837349398, 2579994.5271084337, 0.0], [676492.6897590361, 2579999.521084337, 0.0], [676487.6957831325, 2580004.515060241, 0.0], [676482.7018072288, 2580009.5090361442, 0.0], [676477.7078313252, 2580014.503012048, 0.0], [676477.7078313252, 2580019.4969879515, 0.0], [676477.7078313252, 2580024.4909638553, 0.0], [676477.7078313252, 2580029.4849397587, 0.0], [676472.7138554216, 2580034.4789156625, 0.0], [676472.7138554216, 2580039.4728915663, 0.0], [676472.7138554216, 2580044.4668674697, 0.0], [676472.7138554216, 2580049.4608433736, 0.0], [676467.719879518, 2580054.454819277, 0.0], [676467.719879518, 2580059.448795181, 0.0], [676462.7259036144, 2580064.442771084, 0.0], [676457.7319277108, 2580069.436746988, 0.0], [676452.7379518072, 2580074.4307228914, 0.0], [676452.7379518072, 2580079.424698795, 0.0], [676447.7439759036, 2580084.4186746986, 0.0], [676447.7439759036, 2580089.4126506024, 0.0], [676447.7439759036, 2580094.406626506, 0.0], [676442.75, 2580099.4006024096, 0.0], [676442.75, 2580104.394578313, 0.0], [676437.7560240964, 2580109.388554217, 0.0], [676437.7560240964, 2580114.38253012, 0.0], [676432.7620481928, 2580119.376506024, 0.0], [676427.7680722892, 2580124.3704819274, 0.0], [676427.7680722892, 2580129.3644578313, 0.0], [676427.7680722892, 2580134.3584337346, 0.0], [676422.7740963856, 2580139.3524096385, 0.0], [676417.7801204819, 2580144.346385542, 0.0], [676417.7801204819, 2580149.3403614457, 0.0], [676412.7861445782, 2580154.334337349, 0.0], [676412.7861445782, 2580159.328313253, 0.0], [676412.7861445782, 2580164.3222891563, 0.0], [676407.7921686746, 2580169.31626506, 0.0], [676402.798192771, 2580174.3102409635, 0.0], [676397.8042168674, 2580179.3042168673, 0.0], [676392.8102409638, 2580184.298192771, 0.0], [676392.8102409638, 2580189.2921686745, 0.0], [676387.8162650602, 2580194.2861445784, 0.0], [676387.8162650602, 2580199.2801204817, 0.0], [676382.8222891566, 2580204.2740963856, 0.0], [676377.828313253, 2580209.268072289, 0.0], [676377.828313253, 2580214.262048193, 0.0], [676372.8343373494, 2580219.256024096, 0.0], [676367.8403614458, 2580224.25, 0.0], [676362.8463855422, 2580229.2439759034, 0.0], [676362.8463855422, 2580234.237951807, 0.0], [676357.8524096386, 2580239.2319277106, 0.0], [676352.8584337349, 2580239.2319277106, 0.0], [676347.8644578313, 2580244.2259036144, 0.0], [676342.8704819276, 2580249.219879518, 0.0], [676337.876506024, 2580254.2138554216, 0.0], [676332.8825301204, 2580259.207831325, 0.0], [676332.8825301204, 2580264.201807229, 0.0], [676327.8885542168, 2580269.195783132, 0.0], [676322.8945783132, 2580274.189759036, 0.0], [676317.9006024096, 2580279.1837349394, 0.0], [676312.906626506, 2580279.1837349394, 0.0], [676307.9126506024, 2580284.1777108433, 0.0], [676302.9186746988, 2580289.1716867466, 0.0], [676297.9246987952, 2580294.1656626505, 0.0], [676292.9307228916, 2580299.159638554, 0.0], [676287.936746988, 2580304.1536144577, 0.0], [676282.9427710844, 2580309.147590361, 0.0], [676282.9427710844, 2580314.141566265, 0.0], [676282.9427710844, 2580319.1355421687, 0.0], [676277.9487951807, 2580324.129518072, 0.0], [676277.9487951807, 2580329.123493976, 0.0], [676277.9487951807, 2580334.1174698793, 0.0], [676277.9487951807, 2580339.111445783, 0.0], [676272.954819277, 2580344.1054216865, 0.0], [676272.954819277, 2580349.0993975904, 0.0], [676272.954819277, 2580354.0933734938, 0.0], [676272.954819277, 2580359.0873493976, 0.0], [676272.954819277, 2580364.081325301, 0.0], [676272.954819277, 2580369.075301205, 0.0], [676272.954819277, 2580374.069277108, 0.0], [676267.9608433734, 2580379.063253012, 0.0], [676267.9608433734, 2580384.0572289154, 0.0], [676267.9608433734, 2580389.051204819, 0.0], [676267.9608433734, 2580394.0451807226, 0.0], [676262.9668674698, 2580394.0451807226, 0.0], [676257.9728915662, 2580399.0391566264, 0.0], [676252.9789156626, 2580404.03313253, 0.0], [676247.984939759, 2580409.0271084337, 0.0], [676242.9909638554, 2580414.021084337, 0.0], [676242.9909638554, 2580419.015060241, 0.0], [676242.9909638554, 2580424.0090361442, 0.0], [676242.9909638554, 2580429.003012048, 0.0], [676242.9909638554, 2580433.9969879515, 0.0], [676237.9969879518, 2580438.9909638553, 0.0], [676237.9969879518, 2580443.9849397587, 0.0], [676237.9969879518, 2580448.9789156625, 0.0], [676233.0030120482, 2580448.9789156625, 0.0], [676228.0090361446, 2580453.9728915663, 0.0], [676223.015060241, 2580458.9668674697, 0.0], [676218.0210843374, 2580463.9608433736, 0.0], [676213.0271084337, 2580468.954819277, 0.0], [676208.03313253, 2580473.948795181, 0.0], [676203.0391566264, 2580473.948795181, 0.0], [676198.0451807228, 2580478.942771084, 0.0], [676193.0512048192, 2580483.936746988, 0.0], [676193.0512048192, 2580488.9307228914, 0.0], [676188.0572289156, 2580493.924698795, 0.0], [676183.063253012, 2580498.9186746986, 0.0], [676178.0692771084, 2580503.9126506024, 0.0], [676173.0753012048, 2580508.906626506, 0.0], [676168.0813253012, 2580513.9006024096, 0.0], [676163.0873493976, 2580518.894578313, 0.0], [676158.093373494, 2580523.888554217, 0.0], [676153.0993975904, 2580528.88253012, 0.0], [676148.1054216868, 2580528.88253012, 0.0], [676143.111445783, 2580533.876506024, 0.0], [676138.1174698794, 2580533.876506024, 0.0], [676133.1234939758, 2580538.8704819274, 0.0], [676128.1295180722, 2580543.8644578313, 0.0], [676123.1355421686, 2580548.8584337346, 0.0], [676118.141566265, 2580553.8524096385, 0.0], [676118.141566265, 2580558.846385542, 0.0], [676113.1475903614, 2580563.8403614457, 0.0], [676108.1536144578, 2580568.834337349, 0.0], [676103.1596385542, 2580573.828313253, 0.0], [676098.1656626506, 2580578.8222891563, 0.0], [676093.171686747, 2580578.8222891563, 0.0], [676093.171686747, 2580583.81626506, 0.0], [676088.1777108434, 2580588.8102409635, 0.0], [676083.1837349398, 2580593.8042168673, 0.0], [676078.1897590361, 2580598.798192771, 0.0], [676073.1957831325, 2580598.798192771, 0.0], [676068.2018072288, 2580598.798192771, 0.0], [676063.2078313252, 2580603.7921686745, 0.0], [676058.2138554216, 2580608.7861445784, 0.0], [676053.219879518, 2580613.7801204817, 0.0], [676048.2259036144, 2580618.7740963856, 0.0], [676043.2319277108, 2580618.7740963856, 0.0], [676038.2379518072, 2580623.768072289, 0.0], [676033.2439759036, 2580628.762048193, 0.0], [676028.25, 2580633.756024096, 0.0], [676023.2560240964, 2580633.756024096, 0.0], [676018.2620481928, 2580633.756024096, 0.0], [676013.2680722892, 2580633.756024096, 0.0], [676008.2740963856, 2580638.75, 0.0], [676003.2801204819, 2580643.7439759034, 0.0], [675998.2861445782, 2580643.7439759034, 0.0], [675998.2861445782, 2580648.737951807, 0.0], [675998.2861445782, 2580653.7319277106, 0.0], [675998.2861445782, 2580658.7259036144, 0.0], [675993.2921686746, 2580663.719879518, 0.0], [675988.298192771, 2580663.719879518, 0.0], [675983.3042168674, 2580663.719879518, 0.0], [675978.3102409638, 2580663.719879518, 0.0], [675973.3162650602, 2580668.7138554216, 0.0], [675973.3162650602, 2580673.707831325, 0.0], [675973.3162650602, 2580678.701807229, 0.0], [675968.3222891566, 2580683.695783132, 0.0], [675963.328313253, 2580683.695783132, 0.0], [675958.3343373494, 2580688.689759036, 0.0], [675953.3403614458, 2580693.6837349394, 0.0], [675948.3463855422, 2580698.6777108433, 0.0], [675943.3524096386, 2580703.6716867466, 0.0], [675938.3584337349, 2580708.6656626505, 0.0], [675933.3644578313, 2580713.659638554, 0.0], [675928.3704819276, 2580713.659638554, 0.0], [675923.376506024, 2580718.6536144577, 0.0], [675918.3825301204, 2580723.647590361, 0.0], [675913.3885542168, 2580728.641566265, 0.0], [675908.3945783132, 2580728.641566265, 0.0], [675903.4006024096, 2580733.6355421687, 0.0], [675898.406626506, 2580738.629518072, 0.0], [675893.4126506024, 2580738.629518072, 0.0], [675888.4186746988, 2580743.623493976, 0.0], [675883.4246987952, 2580748.6174698793, 0.0], [675878.4307228916, 2580753.611445783, 0.0], [675873.436746988, 2580753.611445783, 0.0], [675868.4427710844, 2580758.6054216865, 0.0], [675863.4487951807, 2580763.5993975904, 0.0], [675858.454819277, 2580768.5933734938, 0.0], [675853.4608433734, 2580768.5933734938, 0.0], [675848.4668674698, 2580773.5873493976, 0.0], [675843.4728915662, 2580778.581325301, 0.0], [675838.4789156626, 2580783.575301205, 0.0], [675833.484939759, 2580788.569277108, 0.0], [675828.4909638554, 2580793.563253012, 0.0], [675823.4969879518, 2580798.5572289154, 0.0], [675818.5030120482, 2580803.551204819, 0.0], [675813.5090361446, 2580808.5451807226, 0.0], [675808.515060241, 2580813.5391566264, 0.0], [675803.5210843374, 2580813.5391566264, 0.0], [675798.5271084337, 2580818.53313253, 0.0], [675793.53313253, 2580823.5271084337, 0.0], [675788.5391566264, 2580828.521084337, 0.0], [675783.5451807228, 2580828.521084337, 0.0], [675778.5512048192, 2580833.515060241, 0.0], [675773.5572289156, 2580838.5090361442, 0.0], [675768.563253012, 2580838.5090361442, 0.0], [675763.5692771084, 2580843.503012048, 0.0], [675758.5753012048, 2580848.4969879515, 0.0], [675753.5813253012, 2580853.4909638553, 0.0], [675748.5873493976, 2580858.4849397587, 0.0], [675743.593373494, 2580863.4789156625, 0.0], [675738.5993975904, 2580868.4728915663, 0.0], [675733.6054216868, 2580868.4728915663, 0.0], [675728.611445783, 2580873.4668674697, 0.0], [675723.6174698794, 2580878.4608433736, 0.0], [675718.6234939758, 2580878.4608433736, 0.0], [675713.6295180722, 2580883.454819277, 0.0], [675708.6355421686, 2580888.448795181, 0.0], [675703.641566265, 2580888.448795181, 0.0], [675698.6475903614, 2580893.442771084, 0.0], [675693.6536144578, 2580898.436746988, 0.0], [675688.6596385542, 2580898.436746988, 0.0], [675683.6656626506, 2580903.4307228914, 0.0], [675678.671686747, 2580908.424698795, 0.0], [675673.6777108434, 2580913.4186746986, 0.0], [675668.6837349398, 2580913.4186746986, 0.0], [675663.6897590361, 2580918.4126506024, 0.0], [675658.6957831325, 2580923.406626506, 0.0], [675653.7018072288, 2580923.406626506, 0.0], [675648.7078313252, 2580928.4006024096, 0.0], [675643.7138554216, 2580928.4006024096, 0.0], [675638.719879518, 2580933.394578313, 0.0], [675633.7259036144, 2580933.394578313, 0.0], [675628.7319277108, 2580938.388554217, 0.0], [675623.7379518072, 2580943.38253012, 0.0], [675618.7439759036, 2580943.38253012, 0.0], [675613.75, 2580948.376506024, 0.0], [675608.7560240964, 2580953.3704819274, 0.0], [675603.7620481928, 2580953.3704819274, 0.0], [675598.7680722892, 2580958.3644578313, 0.0], [675598.7680722892, 2580963.3584337346, 0.0], [675603.7620481928, 2580963.3584337346, 0.0], [675608.7560240964, 2580968.3524096385, 0.0], [675613.75, 2580973.346385542, 0.0], [675618.7439759036, 2580978.3403614457, 0.0], [675623.7379518072, 2580983.334337349, 0.0], [675623.7379518072, 2580988.328313253, 0.0], [675623.7379518072, 2580993.3222891563, 0.0], [675623.7379518072, 2580998.31626506, 0.0], [675623.7379518072, 2581003.310240964, 0.0], [675618.7439759036, 2581008.3042168673, 0.0], [675613.75, 2581013.298192771, 0.0], [675613.75, 2581018.2921686745, 0.0], [675608.7560240964, 2581023.2861445784, 0.0], [675603.7620481928, 2581028.2801204817, 0.0], [675598.7680722892, 2581028.2801204817, 0.0], [675593.7740963856, 2581033.2740963856, 0.0], [675588.7801204819, 2581038.268072289, 0.0], [675583.7861445782, 2581043.262048193, 0.0], [675578.7921686746, 2581048.256024096, 0.0], [675573.798192771, 2581053.25, 0.0], [675568.8042168674, 2581058.2439759034, 0.0], [675563.8102409638, 2581063.237951807, 0.0], [675558.8162650602, 2581068.2319277106, 0.0], [675553.8222891566, 2581073.2259036144, 0.0], [675548.828313253, 2581073.2259036144, 0.0], [675543.8343373494, 2581073.2259036144, 0.0], [675538.8403614458, 2581073.2259036144, 0.0], [675533.8463855422, 2581073.2259036144, 0.0], [675528.8524096386, 2581073.2259036144, 0.0], [675523.8584337349, 2581073.2259036144, 0.0], [675518.8644578313, 2581073.2259036144, 0.0], [675513.8704819276, 2581078.219879518, 0.0], [675508.876506024, 2581078.219879518, 0.0], [675503.8825301204, 2581083.2138554216, 0.0], [675498.8885542168, 2581088.207831325, 0.0], [675493.8945783132, 2581088.207831325, 0.0], [675488.9006024096, 2581088.207831325, 0.0], [675483.906626506, 2581093.201807229, 0.0], [675478.9126506024, 2581098.195783132, 0.0], [675473.9186746988, 2581098.195783132, 0.0], [675468.9246987952, 2581103.189759036, 0.0], [675463.9307228916, 2581103.189759036, 0.0], [675458.936746988, 2581108.1837349394, 0.0], [675453.9427710844, 2581113.1777108433, 0.0], [675448.9487951807, 2581113.1777108433, 0.0], [675443.954819277, 2581118.1716867466, 0.0], [675438.9608433734, 2581118.1716867466, 0.0], [675433.9668674698, 2581123.1656626505, 0.0], [675428.9728915662, 2581123.1656626505, 0.0], [675423.9789156626, 2581128.159638554, 0.0], [675418.984939759, 2581128.159638554, 0.0], [675413.9909638554, 2581128.159638554, 0.0], [675408.9969879518, 2581133.1536144577, 0.0], [675404.0030120482, 2581133.1536144577, 0.0], [675399.0090361446, 2581133.1536144577, 0.0], [675394.015060241, 2581133.1536144577, 0.0], [675389.0210843374, 2581138.147590361, 0.0], [675384.0271084337, 2581138.147590361, 0.0], [675379.03313253, 2581143.141566265, 0.0], [675374.0391566264, 2581143.141566265, 0.0], [675369.0451807228, 2581148.1355421687, 0.0], [675364.0512048192, 2581148.1355421687, 0.0], [675359.0572289156, 2581153.129518072, 0.0], [675354.063253012, 2581158.123493976, 0.0], [675349.0692771084, 2581158.123493976, 0.0], [675344.0753012048, 2581158.123493976, 0.0], [675339.0813253012, 2581158.123493976, 0.0], [675334.0873493976, 2581163.1174698793, 0.0], [675329.093373494, 2581168.111445783, 0.0], [675324.0993975904, 2581168.111445783, 0.0], [675319.1054216868, 2581173.1054216865, 0.0], [675314.111445783, 2581173.1054216865, 0.0], [675309.1174698794, 2581178.0993975904, 0.0], [675304.1234939758, 2581178.0993975904, 0.0], [675299.1295180722, 2581183.0933734938, 0.0], [675294.1355421686, 2581183.0933734938, 0.0], [675289.141566265, 2581183.0933734938, 0.0], [675284.1475903614, 2581188.0873493976, 0.0], [675279.1536144578, 2581188.0873493976, 0.0], [675274.1596385542, 2581193.081325301, 0.0], [675269.1656626506, 2581193.081325301, 0.0], [675264.171686747, 2581193.081325301, 0.0], [675259.1777108434, 2581198.075301205, 0.0], [675254.1837349398, 2581198.075301205, 0.0], [675249.1897590361, 2581198.075301205, 0.0], [675244.1957831325, 2581203.069277108, 0.0], [675239.2018072288, 2581203.069277108, 0.0], [675234.2078313252, 2581208.063253012, 0.0], [675229.2138554216, 2581208.063253012, 0.0], [675224.219879518, 2581208.063253012, 0.0], [675219.2259036144, 2581213.0572289154, 0.0], [675214.2319277108, 2581213.0572289154, 0.0], [675209.2379518072, 2581213.0572289154, 0.0], [675204.2439759036, 2581213.0572289154, 0.0], [675199.25, 2581218.051204819, 0.0], [675194.2560240964, 2581218.051204819, 0.0], [675189.2620481928, 2581218.051204819, 0.0], [675184.2680722892, 2581223.0451807226, 0.0], [675179.2740963856, 2581223.0451807226, 0.0], [675174.2801204819, 2581223.0451807226, 0.0], [675169.2861445782, 2581228.0391566264, 0.0], [675164.2921686746, 2581233.03313253, 0.0], [675159.298192771, 2581233.03313253, 0.0], [675154.3042168674, 2581238.0271084337, 0.0], [675149.3102409638, 2581243.021084337, 0.0], [675144.3162650602, 2581243.021084337, 0.0], [675139.3222891566, 2581243.021084337, 0.0], [675134.328313253, 2581243.021084337, 0.0], [675129.3343373494, 2581243.021084337, 0.0], [675124.3403614458, 2581243.021084337, 0.0], [675119.3463855422, 2581248.015060241, 0.0], [675114.3524096386, 2581248.015060241, 0.0], [675109.3584337349, 2581248.015060241, 0.0], [675104.3644578313, 2581248.015060241, 0.0], [675099.3704819276, 2581248.015060241, 0.0], [675094.376506024, 2581248.015060241, 0.0], [675089.3825301204, 2581253.0090361442, 0.0], [675084.3885542168, 2581253.0090361442, 0.0], [675079.3945783132, 2581253.0090361442, 0.0], [675074.4006024096, 2581253.0090361442, 0.0], [675069.406626506, 2581253.0090361442, 0.0], [675064.4126506024, 2581258.003012048, 0.0], [675059.4186746988, 2581258.003012048, 0.0], [675054.4246987952, 2581262.9969879515, 0.0], [675049.4307228916, 2581262.9969879515, 0.0], [675044.436746988, 2581267.9909638553, 0.0], [675039.4427710843, 2581267.9909638553, 0.0], [675034.4487951807, 2581272.9849397587, 0.0], [675029.454819277, 2581272.9849397587, 0.0], [675024.4608433734, 2581272.9849397587, 0.0], [675019.4668674698, 2581272.9849397587, 0.0], [675014.4728915662, 2581277.9789156625, 0.0], [675009.4789156626, 2581277.9789156625, 0.0], [675004.484939759, 2581277.9789156625, 0.0], [674999.4909638554, 2581282.9728915663, 0.0], [674994.4969879518, 2581282.9728915663, 0.0], [674989.5030120482, 2581282.9728915663, 0.0], [674984.5090361446, 2581287.9668674697, 0.0], [674979.515060241, 2581287.9668674697, 0.0], [674974.5210843374, 2581287.9668674697, 0.0], [674969.5271084337, 2581287.9668674697, 0.0], [674964.53313253, 2581287.9668674697, 0.0], [674959.5391566264, 2581292.9608433736, 0.0], [674954.5451807228, 2581292.9608433736, 0.0], [674949.5512048192, 2581297.954819277, 0.0], [674944.5572289156, 2581297.954819277, 0.0], [674939.563253012, 2581297.954819277, 0.0], [674934.5692771084, 2581297.954819277, 0.0], [674929.5753012048, 2581297.954819277, 0.0], [674924.5813253012, 2581297.954819277, 0.0], [674919.5873493976, 2581297.954819277, 0.0], [674914.593373494, 2581302.948795181, 0.0], [674909.5993975904, 2581307.942771084, 0.0], [674904.6054216868, 2581307.942771084, 0.0], [674899.611445783, 2581307.942771084, 0.0], [674899.611445783, 2581312.936746988, 0.0], [674894.6174698794, 2581317.9307228914, 0.0], [674889.6234939758, 2581317.9307228914, 0.0], [674884.6295180722, 2581317.9307228914, 0.0], [674879.6355421686, 2581322.924698795, 0.0], [674874.641566265, 2581327.9186746986, 0.0], [674874.641566265, 2581332.9126506024, 0.0], [674874.641566265, 2581337.906626506, 0.0], [674874.641566265, 2581342.9006024096, 0.0], [674869.6475903614, 2581347.894578313, 0.0], [674864.6536144578, 2581347.894578313, 0.0], [674859.6596385542, 2581352.888554217, 0.0], [674854.6656626506, 2581352.888554217, 0.0], [674849.671686747, 2581347.894578313, 0.0], [674844.6777108434, 2581347.894578313, 0.0], [674839.6837349398, 2581342.9006024096, 0.0], [674834.6897590361, 2581337.906626506, 0.0], [674829.6957831325, 2581332.9126506024, 0.0], [674824.7018072288, 2581332.9126506024, 0.0], [674819.7078313252, 2581332.9126506024, 0.0], [674814.7138554216, 2581332.9126506024, 0.0], [674809.719879518, 2581332.9126506024, 0.0], [674804.7259036144, 2581332.9126506024, 0.0], [674799.7319277108, 2581337.906626506, 0.0], [674794.7379518072, 2581337.906626506, 0.0], [674789.7439759036, 2581337.906626506, 0.0], [674784.75, 2581337.906626506, 0.0], [674779.7560240964, 2581337.906626506, 0.0], [674774.7620481928, 2581337.906626506, 0.0], [674769.7680722892, 2581342.9006024096, 0.0], [674764.7740963856, 2581342.9006024096, 0.0], [674759.7801204819, 2581342.9006024096, 0.0], [674754.7861445782, 2581342.9006024096, 0.0], [674749.7921686746, 2581347.894578313, 0.0], [674744.798192771, 2581347.894578313, 0.0], [674739.8042168674, 2581347.894578313, 0.0], [674734.8102409638, 2581347.894578313, 0.0], [674729.8162650602, 2581352.888554217, 0.0], [674724.8222891566, 2581352.888554217, 0.0], [674719.828313253, 2581352.888554217, 0.0], [674714.8343373494, 2581352.888554217, 0.0], [674709.8403614458, 2581357.88253012, 0.0], [674704.8463855422, 2581357.88253012, 0.0], [674699.8524096386, 2581357.88253012, 0.0], [674694.8584337349, 2581357.88253012, 0.0], [674689.8644578313, 2581362.876506024, 0.0], [674684.8704819276, 2581362.876506024, 0.0], [674679.876506024, 2581362.876506024, 0.0], [674674.8825301204, 2581362.876506024, 0.0], [674669.8885542168, 2581367.8704819274, 0.0], [674664.8945783132, 2581372.8644578313, 0.0], [674659.9006024096, 2581372.8644578313, 0.0], [674654.906626506, 2581377.8584337346, 0.0], [674649.9126506024, 2581377.8584337346, 0.0], [674644.9186746988, 2581382.8524096385, 0.0], [674639.9246987952, 2581387.846385542, 0.0], [674639.9246987952, 2581392.8403614457, 0.0], [674639.9246987952, 2581397.834337349, 0.0], [674639.9246987952, 2581402.828313253, 0.0], [674639.9246987952, 2581407.8222891563, 0.0], [674639.9246987952, 2581412.81626506, 0.0], [674639.9246987952, 2581417.810240964, 0.0], [674639.9246987952, 2581422.8042168673, 0.0], [674639.9246987952, 2581427.798192771, 0.0], [674639.9246987952, 2581432.7921686745, 0.0], [674634.9307228916, 2581437.7861445784, 0.0], [674634.9307228916, 2581442.7801204817, 0.0], [674634.9307228916, 2581447.7740963856, 0.0], [674634.9307228916, 2581452.768072289, 0.0], [674629.936746988, 2581452.768072289, 0.0], [674624.9427710843, 2581452.768072289, 0.0], [674619.9487951807, 2581457.762048193, 0.0], [674614.954819277, 2581462.756024096, 0.0], [674609.9608433734, 2581467.75, 0.0], [674604.9668674698, 2581467.75, 0.0], [674599.9728915662, 2581467.75, 0.0], [674599.9728915662, 2581472.7439759034, 0.0], [674594.9789156626, 2581477.737951807, 0.0], [674589.984939759, 2581482.7319277106, 0.0], [674589.984939759, 2581487.7259036144, 0.0], [674584.9909638554, 2581492.719879518, 0.0], [674579.9969879518, 2581497.7138554216, 0.0], [674579.9969879518, 2581502.707831325, 0.0], [674579.9969879518, 2581507.701807229, 0.0], [674579.9969879518, 2581512.695783132, 0.0], [674579.9969879518, 2581517.689759036, 0.0], [674575.0030120482, 2581522.6837349394, 0.0], [674579.9969879518, 2581527.6777108433, 0.0], [674579.9969879518, 2581532.6716867466, 0.0], [674579.9969879518, 2581537.6656626505, 0.0], [674579.9969879518, 2581542.659638554, 0.0], [674579.9969879518, 2581547.6536144577, 0.0], [674579.9969879518, 2581552.647590361, 0.0], [674579.9969879518, 2581557.641566265, 0.0], [674575.0030120482, 2581562.6355421687, 0.0], [674575.0030120482, 2581567.629518072, 0.0], [674575.0030120482, 2581572.623493976, 0.0], [674575.0030120482, 2581577.6174698793, 0.0], [674570.0090361446, 2581582.611445783, 0.0], [674570.0090361446, 2581587.6054216865, 0.0], [674565.015060241, 2581592.5993975904, 0.0], [674565.015060241, 2581597.5933734938, 0.0], [674565.015060241, 2581602.5873493976, 0.0], [674565.015060241, 2581607.581325301, 0.0], [674560.0210843374, 2581612.575301205, 0.0], [674560.0210843374, 2581617.569277108, 0.0], [674555.0271084337, 2581622.563253012, 0.0], [674555.0271084337, 2581627.5572289154, 0.0], [674555.0271084337, 2581632.551204819, 0.0], [674550.03313253, 2581637.5451807226, 0.0], [674550.03313253, 2581642.5391566264, 0.0], [674545.0391566264, 2581647.53313253, 0.0], [674545.0391566264, 2581652.5271084337, 0.0], [674540.0451807228, 2581657.521084337, 0.0], [674535.0512048192, 2581662.515060241, 0.0], [674530.0572289156, 2581667.5090361442, 0.0], [674530.0572289156, 2581672.503012048, 0.0], [674530.0572289156, 2581677.4969879515, 0.0], [674525.063253012, 2581682.4909638553, 0.0], [674525.063253012, 2581687.4849397587, 0.0], [674525.063253012, 2581692.4789156625, 0.0], [674520.0692771084, 2581697.4728915663, 0.0], [674520.0692771084, 2581702.4668674697, 0.0], [674515.0753012048, 2581707.4608433736, 0.0], [674515.0753012048, 2581712.454819277, 0.0], [674510.0813253012, 2581717.448795181, 0.0], [674510.0813253012, 2581722.442771084, 0.0], [674510.0813253012, 2581727.436746988, 0.0], [674505.0873493976, 2581732.4307228914, 0.0], [674505.0873493976, 2581737.424698795, 0.0], [674505.0873493976, 2581742.4186746986, 0.0], [674505.0873493976, 2581747.4126506024, 0.0], [674500.093373494, 2581752.406626506, 0.0], [674495.0993975904, 2581757.4006024096, 0.0], [674495.0993975904, 2581762.394578313, 0.0], [674490.1054216868, 2581767.388554217, 0.0], [674490.1054216868, 2581772.38253012, 0.0], [674490.1054216868, 2581777.376506024, 0.0], [674485.111445783, 2581782.3704819274, 0.0], [674485.111445783, 2581787.3644578313, 0.0], [674480.1174698794, 2581792.3584337346, 0.0], [674480.1174698794, 2581797.3524096385, 0.0], [674475.1234939758, 2581802.346385542, 0.0], [674475.1234939758, 2581807.3403614457, 0.0], [674470.1295180722, 2581812.334337349, 0.0], [674470.1295180722, 2581817.328313253, 0.0], [674470.1295180722, 2581822.3222891563, 0.0], [674470.1295180722, 2581827.31626506, 0.0], [674470.1295180722, 2581832.310240964, 0.0], [674470.1295180722, 2581837.3042168673, 0.0], [674475.1234939758, 2581842.298192771, 0.0], [674480.1174698794, 2581847.2921686745, 0.0], [674480.1174698794, 2581852.2861445784, 0.0], [674485.111445783, 2581857.2801204817, 0.0], [674485.111445783, 2581862.2740963856, 0.0], [674480.1174698794, 2581867.268072289, 0.0], [674475.1234939758, 2581872.262048193, 0.0], [674470.1295180722, 2581877.256024096, 0.0], [674470.1295180722, 2581882.25, 0.0], [674465.1355421686, 2581887.2439759034, 0.0], [674460.141566265, 2581892.237951807, 0.0], [674460.141566265, 2581897.2319277106, 0.0], [674455.1475903614, 2581902.2259036144, 0.0], [674450.1536144578, 2581902.2259036144, 0.0], [674445.1596385542, 2581902.2259036144, 0.0], [674440.1656626506, 2581902.2259036144, 0.0], [674435.171686747, 2581907.219879518, 0.0], [674435.171686747, 2581912.2138554216, 0.0], [674435.171686747, 2581917.207831325, 0.0], [674435.171686747, 2581922.201807229, 0.0], [674430.1777108434, 2581927.195783132, 0.0], [674425.1837349398, 2581932.189759036, 0.0], [674425.1837349398, 2581937.1837349394, 0.0], [674425.1837349398, 2581942.1777108433, 0.0], [674420.1897590361, 2581947.1716867466, 0.0], [674415.1957831325, 2581952.1656626505, 0.0], [674415.1957831325, 2581957.159638554, 0.0], [674410.2018072288, 2581962.1536144577, 0.0], [674410.2018072288, 2581967.1475903615, 0.0], [674405.2078313252, 2581972.141566265, 0.0], [674405.2078313252, 2581977.1355421687, 0.0], [674405.2078313252, 2581982.129518072, 0.0], [674405.2078313252, 2581987.123493976, 0.0], [674400.2138554216, 2581992.1174698793, 0.0], [674400.2138554216, 2581997.111445783, 0.0], [674405.2078313252, 2582002.1054216865, 0.0], [674405.2078313252, 2582007.0993975904, 0.0], [674410.2018072288, 2582012.0933734938, 0.0], [674410.2018072288, 2582017.0873493976, 0.0], [674410.2018072288, 2582022.081325301, 0.0], [674410.2018072288, 2582027.075301205, 0.0], [674415.1957831325, 2582032.069277108, 0.0], [674415.1957831325, 2582037.063253012, 0.0], [674415.1957831325, 2582042.0572289154, 0.0], [674420.1897590361, 2582047.051204819, 0.0], [674425.1837349398, 2582047.051204819, 0.0], [674430.1777108434, 2582052.0451807226, 0.0], [674435.171686747, 2582057.0391566264, 0.0], [674440.1656626506, 2582062.03313253, 0.0], [674445.1596385542, 2582067.0271084337, 0.0], [674445.1596385542, 2582072.021084337, 0.0], [674445.1596385542, 2582077.015060241, 0.0], [674450.1536144578, 2582082.0090361442, 0.0], [674450.1536144578, 2582087.003012048, 0.0], [674450.1536144578, 2582091.9969879515, 0.0], [674450.1536144578, 2582096.9909638553, 0.0], [674445.1596385542, 2582101.9849397587, 0.0], [674445.1596385542, 2582106.9789156625, 0.0], [674445.1596385542, 2582111.9728915663, 0.0], [674440.1656626506, 2582116.9668674697, 0.0], [674440.1656626506, 2582121.9608433736, 0.0], [674435.171686747, 2582126.954819277, 0.0], [674430.1777108434, 2582131.948795181, 0.0], [674430.1777108434, 2582136.942771084, 0.0], [674425.1837349398, 2582141.936746988, 0.0], [674420.1897590361, 2582146.9307228914, 0.0], [674415.1957831325, 2582151.924698795, 0.0], [674410.2018072288, 2582156.9186746986, 0.0], [674405.2078313252, 2582161.9126506024, 0.0], [674400.2138554216, 2582166.906626506, 0.0], [674395.219879518, 2582171.9006024096, 0.0], [674390.2259036144, 2582176.894578313, 0.0], [674385.2319277108, 2582181.888554217, 0.0], [674380.2379518072, 2582181.888554217, 0.0], [674375.2439759036, 2582186.88253012, 0.0], [674370.25, 2582191.876506024, 0.0], [674365.2560240964, 2582196.8704819274, 0.0], [674360.2620481928, 2582201.8644578313, 0.0], [674355.2680722892, 2582201.8644578313, 0.0], [674350.2740963855, 2582206.8584337346, 0.0], [674345.2801204819, 2582206.8584337346, 0.0], [674340.2861445782, 2582211.8524096385, 0.0], [674335.2921686746, 2582211.8524096385, 0.0], [674330.298192771, 2582216.846385542, 0.0], [674325.3042168674, 2582216.846385542, 0.0], [674320.3102409638, 2582216.846385542, 0.0], [674315.3162650602, 2582221.8403614457, 0.0], [674310.3222891566, 2582221.8403614457, 0.0], [674305.328313253, 2582226.834337349, 0.0], [674300.3343373494, 2582231.828313253, 0.0], [674295.3403614458, 2582231.828313253, 0.0], [674290.3463855422, 2582236.8222891563, 0.0], [674285.3524096386, 2582241.81626506, 0.0], [674280.3584337349, 2582246.810240964, 0.0], [674275.3644578313, 2582251.8042168673, 0.0], [674270.3704819276, 2582251.8042168673, 0.0], [674265.376506024, 2582256.798192771, 0.0], [674260.3825301204, 2582261.7921686745, 0.0], [674255.3885542168, 2582266.7861445784, 0.0], [674250.3945783132, 2582271.7801204817, 0.0], [674245.4006024096, 2582276.7740963856, 0.0], [674240.406626506, 2582281.768072289, 0.0], [674235.4126506024, 2582286.762048193, 0.0], [674235.4126506024, 2582291.756024096, 0.0], [674230.4186746988, 2582296.75, 0.0], [674225.4246987952, 2582301.7439759034, 0.0], [674225.4246987952, 2582306.737951807, 0.0], [674220.4307228916, 2582311.7319277106, 0.0], [674215.436746988, 2582316.7259036144, 0.0], [674210.4427710843, 2582321.719879518, 0.0], [674210.4427710843, 2582326.7138554216, 0.0], [674215.436746988, 2582331.707831325, 0.0], [674215.436746988, 2582336.701807229, 0.0], [674215.436746988, 2582341.695783132, 0.0], [674210.4427710843, 2582341.695783132, 0.0], [674205.4487951807, 2582346.689759036, 0.0], [674200.454819277, 2582351.6837349394, 0.0], [674195.4608433734, 2582356.6777108433, 0.0], [674190.4668674698, 2582356.6777108433, 0.0], [674185.4728915662, 2582361.6716867466, 0.0], [674180.4789156626, 2582361.6716867466, 0.0], [674175.484939759, 2582361.6716867466, 0.0], [674170.4909638554, 2582366.6656626505, 0.0], [674165.4969879518, 2582371.659638554, 0.0], [674160.5030120482, 2582376.6536144577, 0.0], [674155.5090361446, 2582381.6475903615, 0.0], [674150.515060241, 2582386.641566265, 0.0], [674145.5210843374, 2582386.641566265, 0.0], [674140.5271084337, 2582391.6355421687, 0.0], [674135.53313253, 2582391.6355421687, 0.0], [674130.5391566264, 2582396.629518072, 0.0], [674125.5451807228, 2582401.623493976, 0.0], [674120.5512048192, 2582406.6174698793, 0.0], [674115.5572289156, 2582411.611445783, 0.0], [674110.563253012, 2582416.6054216865, 0.0], [674105.5692771084, 2582416.6054216865, 0.0], [674100.5753012048, 2582421.5993975904, 0.0], [674095.5813253012, 2582426.5933734938, 0.0], [674090.5873493976, 2582431.5873493976, 0.0], [674085.593373494, 2582431.5873493976, 0.0], [674080.5993975904, 2582436.581325301, 0.0], [674075.6054216868, 2582441.575301205, 0.0], [674070.611445783, 2582446.569277108, 0.0], [674070.611445783, 2582451.563253012, 0.0], [674065.6174698794, 2582456.5572289154, 0.0], [674065.6174698794, 2582461.551204819, 0.0], [674065.6174698794, 2582466.5451807226, 0.0], [674065.6174698794, 2582471.5391566264, 0.0], [674060.6234939758, 2582476.53313253, 0.0], [674060.6234939758, 2582481.5271084337, 0.0], [674060.6234939758, 2582486.521084337, 0.0], [674055.6295180722, 2582491.515060241, 0.0], [674055.6295180722, 2582496.5090361442, 0.0], [674055.6295180722, 2582501.503012048, 0.0], [674050.6355421686, 2582506.4969879515, 0.0], [674050.6355421686, 2582511.4909638553, 0.0], [674050.6355421686, 2582516.4849397587, 0.0], [674045.641566265, 2582521.4789156625, 0.0], [674045.641566265, 2582526.4728915663, 0.0], [674040.6475903614, 2582526.4728915663, 0.0], [674035.6536144578, 2582531.4668674697, 0.0], [674030.6596385542, 2582536.4608433736, 0.0], [674030.6596385542, 2582541.454819277, 0.0], [674030.6596385542, 2582546.448795181, 0.0], [674030.6596385542, 2582551.442771084, 0.0], [674030.6596385542, 2582556.436746988, 0.0], [674030.6596385542, 2582561.4307228914, 0.0], [674030.6596385542, 2582566.424698795, 0.0], [674030.6596385542, 2582571.4186746986, 0.0], [674025.6656626506, 2582576.4126506024, 0.0], [674025.6656626506, 2582581.406626506, 0.0], [674025.6656626506, 2582586.4006024096, 0.0], [674025.6656626506, 2582591.394578313, 0.0], [674020.671686747, 2582596.388554217, 0.0], [674020.671686747, 2582601.38253012, 0.0], [674015.6777108434, 2582606.376506024, 0.0], [674015.6777108434, 2582611.3704819274, 0.0], [674015.6777108434, 2582616.3644578313, 0.0], [674015.6777108434, 2582621.3584337346, 0.0], [674015.6777108434, 2582626.3524096385, 0.0], [674010.6837349398, 2582631.346385542, 0.0], [674010.6837349398, 2582636.3403614457, 0.0], [674005.6897590361, 2582641.334337349, 0.0], [674005.6897590361, 2582646.328313253, 0.0], [674005.6897590361, 2582651.3222891563, 0.0], [674005.6897590361, 2582656.31626506, 0.0], [674000.6957831325, 2582661.310240964, 0.0], [673995.7018072288, 2582666.3042168673, 0.0], [673995.7018072288, 2582671.298192771, 0.0], [673995.7018072288, 2582676.2921686745, 0.0], [673995.7018072288, 2582681.2861445784, 0.0], [673995.7018072288, 2582686.2801204817, 0.0], [673990.7078313252, 2582691.2740963856, 0.0], [673990.7078313252, 2582696.268072289, 0.0], [673990.7078313252, 2582701.262048193, 0.0], [673990.7078313252, 2582706.256024096, 0.0], [673990.7078313252, 2582711.25, 0.0], [673985.7138554216, 2582716.2439759034, 0.0], [673985.7138554216, 2582721.237951807, 0.0], [673985.7138554216, 2582726.2319277106, 0.0], [673980.719879518, 2582731.2259036144, 0.0], [673980.719879518, 2582736.219879518, 0.0], [673975.7259036144, 2582741.2138554216, 0.0], [673975.7259036144, 2582746.207831325, 0.0], [673970.7319277108, 2582751.201807229, 0.0], [673970.7319277108, 2582756.195783132, 0.0], [673970.7319277108, 2582761.189759036, 0.0], [673965.7379518072, 2582766.1837349394, 0.0], [673960.7439759036, 2582771.1777108433, 0.0], [673960.7439759036, 2582776.1716867466, 0.0], [673955.75, 2582776.1716867466, 0.0], [673950.7560240964, 2582781.1656626505, 0.0], [673945.7620481928, 2582786.159638554, 0.0], [673940.7680722892, 2582786.159638554, 0.0], [673935.7740963855, 2582791.1536144577, 0.0], [673935.7740963855, 2582796.1475903615, 0.0], [673935.7740963855, 2582801.141566265, 0.0], [673935.7740963855, 2582806.1355421687, 0.0], [673930.7801204819, 2582811.129518072, 0.0], [673930.7801204819, 2582816.123493976, 0.0], [673925.7861445782, 2582821.1174698793, 0.0], [673920.7921686746, 2582826.111445783, 0.0], [673915.798192771, 2582831.1054216865, 0.0], [673910.8042168674, 2582831.1054216865, 0.0], [673905.8102409638, 2582836.0993975904, 0.0], [673900.8162650602, 2582841.0933734938, 0.0], [673895.8222891566, 2582841.0933734938, 0.0], [673890.828313253, 2582841.0933734938, 0.0], [673885.8343373494, 2582846.0873493976, 0.0], [673880.8403614458, 2582851.081325301, 0.0], [673875.8463855422, 2582851.081325301, 0.0], [673870.8524096386, 2582856.075301205, 0.0], [673865.8584337349, 2582861.069277108, 0.0], [673860.8644578313, 2582866.063253012, 0.0], [673855.8704819276, 2582866.063253012, 0.0], [673850.876506024, 2582871.0572289154, 0.0], [673845.8825301204, 2582876.051204819, 0.0], [673840.8885542168, 2582876.051204819, 0.0], [673835.8945783132, 2582881.0451807226, 0.0], [673830.9006024096, 2582886.0391566264, 0.0], [673825.906626506, 2582891.03313253, 0.0], [673820.9126506024, 2582896.0271084337, 0.0], [673815.9186746988, 2582901.021084337, 0.0], [673810.9246987952, 2582906.015060241, 0.0], [673805.9307228916, 2582911.0090361442, 0.0], [673800.936746988, 2582911.0090361442, 0.0], [673795.9427710843, 2582916.003012048, 0.0], [673790.9487951807, 2582920.9969879515, 0.0], [673785.954819277, 2582925.9909638553, 0.0], [673780.9608433734, 2582925.9909638553, 0.0], [673775.9668674698, 2582930.9849397587, 0.0], [673770.9728915662, 2582935.9789156625, 0.0], [673765.9789156626, 2582935.9789156625, 0.0], [673760.984939759, 2582940.9728915663, 0.0], [673755.9909638554, 2582940.9728915663, 0.0], [673750.9969879518, 2582945.9668674697, 0.0], [673746.0030120482, 2582950.9608433736, 0.0], [673741.0090361446, 2582955.954819277, 0.0], [673736.015060241, 2582955.954819277, 0.0], [673731.0210843373, 2582955.954819277, 0.0], [673726.0271084337, 2582955.954819277, 0.0], [673721.03313253, 2582960.948795181, 0.0], [673716.0391566264, 2582960.948795181, 0.0], [673711.0451807228, 2582960.948795181, 0.0], [673706.0512048192, 2582960.948795181, 0.0], [673701.0572289156, 2582960.948795181, 0.0], [673696.063253012, 2582960.948795181, 0.0], [673691.0692771084, 2582965.942771084, 0.0], [673686.0753012048, 2582965.942771084, 0.0], [673681.0813253012, 2582965.942771084, 0.0], [673676.0873493976, 2582965.942771084, 0.0], [673671.093373494, 2582965.942771084, 0.0], [673666.0993975904, 2582965.942771084, 0.0], [673661.1054216868, 2582965.942771084, 0.0], [673656.111445783, 2582970.936746988, 0.0], [673651.1174698794, 2582965.942771084, 0.0], [673646.1234939758, 2582970.936746988, 0.0], [673641.1295180722, 2582970.936746988, 0.0], [673636.1355421686, 2582970.936746988, 0.0], [673631.141566265, 2582970.936746988, 0.0], [673626.1475903614, 2582970.936746988, 0.0], [673621.1536144578, 2582970.936746988, 0.0], [673616.1596385542, 2582970.936746988, 0.0], [673611.1656626506, 2582970.936746988, 0.0], [673606.171686747, 2582970.936746988, 0.0], [673601.1777108434, 2582970.936746988, 0.0], [673596.1837349398, 2582970.936746988, 0.0], [673591.1897590361, 2582970.936746988, 0.0], [673586.1957831325, 2582970.936746988, 0.0], [673581.2018072288, 2582970.936746988, 0.0], [673576.2078313252, 2582965.942771084, 0.0], [673571.2138554216, 2582965.942771084, 0.0], [673566.219879518, 2582965.942771084, 0.0], [673561.2259036144, 2582965.942771084, 0.0], [673556.2319277108, 2582965.942771084, 0.0], [673551.2379518072, 2582965.942771084, 0.0], [673546.2439759036, 2582965.942771084, 0.0], [673541.25, 2582960.948795181, 0.0], [673536.2560240964, 2582960.948795181, 0.0], [673531.2620481928, 2582960.948795181, 0.0], [673526.2680722892, 2582960.948795181, 0.0], [673521.2740963855, 2582960.948795181, 0.0], [673516.2801204819, 2582960.948795181, 0.0], [673511.2861445782, 2582960.948795181, 0.0], [673506.2921686746, 2582960.948795181, 0.0], [673501.298192771, 2582960.948795181, 0.0], [673496.3042168674, 2582960.948795181, 0.0], [673491.3102409638, 2582960.948795181, 0.0], [673486.3162650602, 2582955.954819277, 0.0], [673481.3222891566, 2582955.954819277, 0.0], [673476.328313253, 2582955.954819277, 0.0], [673471.3343373494, 2582955.954819277, 0.0], [673466.3403614458, 2582955.954819277, 0.0], [673461.3463855422, 2582955.954819277, 0.0], [673456.3524096386, 2582955.954819277, 0.0], [673451.3584337349, 2582950.9608433736, 0.0], [673446.3644578313, 2582950.9608433736, 0.0], [673441.3704819276, 2582950.9608433736, 0.0], [673436.376506024, 2582950.9608433736, 0.0], [673431.3825301204, 2582950.9608433736, 0.0], [673426.3885542168, 2582950.9608433736, 0.0], [673421.3945783132, 2582945.9668674697, 0.0], [673416.4006024096, 2582945.9668674697, 0.0], [673411.406626506, 2582940.9728915663, 0.0], [673406.4126506024, 2582940.9728915663, 0.0], [673401.4186746988, 2582940.9728915663, 0.0], [673396.4246987952, 2582935.9789156625, 0.0], [673391.4307228916, 2582935.9789156625, 0.0], [673386.436746988, 2582935.9789156625, 0.0], [673381.4427710843, 2582935.9789156625, 0.0], [673376.4487951807, 2582935.9789156625, 0.0], [673376.4487951807, 2582940.9728915663, 0.0], [673371.454819277, 2582945.9668674697, 0.0], [673366.4608433734, 2582945.9668674697, 0.0], [673361.4668674698, 2582950.9608433736, 0.0], [673356.4728915662, 2582950.9608433736, 0.0], [673351.4789156626, 2582950.9608433736, 0.0], [673346.484939759, 2582950.9608433736, 0.0], [673341.4909638554, 2582950.9608433736, 0.0], [673336.4969879518, 2582945.9668674697, 0.0], [673331.5030120482, 2582945.9668674697, 0.0], [673326.5090361446, 2582945.9668674697, 0.0], [673321.515060241, 2582945.9668674697, 0.0], [673316.5210843373, 2582940.9728915663, 0.0], [673311.5271084337, 2582940.9728915663, 0.0], [673306.53313253, 2582940.9728915663, 0.0], [673301.5391566264, 2582940.9728915663, 0.0], [673296.5451807228, 2582940.9728915663, 0.0], [673291.5512048192, 2582940.9728915663, 0.0], [673286.5572289156, 2582940.9728915663, 0.0], [673281.563253012, 2582940.9728915663, 0.0], [673276.5692771084, 2582940.9728915663, 0.0], [673271.5753012048, 2582940.9728915663, 0.0], [673266.5813253012, 2582940.9728915663, 0.0], [673261.5873493976, 2582940.9728915663, 0.0], [673256.593373494, 2582940.9728915663, 0.0], [673251.5993975904, 2582945.9668674697, 0.0], [673246.6054216868, 2582945.9668674697, 0.0], [673241.611445783, 2582945.9668674697, 0.0], [673236.6174698794, 2582945.9668674697, 0.0], [673231.6234939758, 2582945.9668674697, 0.0], [673226.6295180722, 2582950.9608433736, 0.0], [673221.6355421686, 2582950.9608433736, 0.0], [673216.641566265, 2582950.9608433736, 0.0], [673211.6475903614, 2582950.9608433736, 0.0], [673206.6536144578, 2582950.9608433736, 0.0], [673201.6596385542, 2582955.954819277, 0.0], [673196.6656626506, 2582955.954819277, 0.0], [673191.671686747, 2582960.948795181, 0.0], [673186.6777108434, 2582960.948795181, 0.0], [673181.6837349398, 2582965.942771084, 0.0], [673176.6897590361, 2582970.936746988, 0.0], [673171.6957831325, 2582970.936746988, 0.0], [673166.7018072288, 2582970.936746988, 0.0], [673161.7078313252, 2582975.9307228914, 0.0], [673156.7138554216, 2582975.9307228914, 0.0], [673151.719879518, 2582975.9307228914, 0.0], [673146.7259036144, 2582980.924698795, 0.0], [673141.7319277108, 2582985.9186746986, 0.0], [673136.7379518072, 2582990.9126506024, 0.0], [673131.7439759036, 2582995.906626506, 0.0], [673131.7439759036, 2583000.9006024096, 0.0], [673126.75, 2583005.894578313, 0.0], [673121.7560240964, 2583010.888554217, 0.0], [673121.7560240964, 2583015.88253012, 0.0], [673121.7560240964, 2583020.876506024, 0.0], [673116.7620481928, 2583025.8704819274, 0.0], [673111.7680722892, 2583030.8644578313, 0.0], [673111.7680722892, 2583035.8584337346, 0.0], [673111.7680722892, 2583040.8524096385, 0.0], [673116.7620481928, 2583045.846385542, 0.0], [673116.7620481928, 2583050.8403614457, 0.0], [673116.7620481928, 2583055.834337349, 0.0], [673116.7620481928, 2583060.828313253, 0.0], [673116.7620481928, 2583065.8222891563, 0.0], [673116.7620481928, 2583070.81626506, 0.0], [673116.7620481928, 2583075.810240964, 0.0], [673116.7620481928, 2583080.8042168673, 0.0], [673116.7620481928, 2583085.798192771, 0.0], [673116.7620481928, 2583090.7921686745, 0.0], [673116.7620481928, 2583095.7861445784, 0.0], [673121.7560240964, 2583100.7801204817, 0.0], [673121.7560240964, 2583105.7740963856, 0.0], [673121.7560240964, 2583110.768072289, 0.0], [673126.75, 2583115.762048193, 0.0], [673126.75, 2583120.756024096, 0.0], [673126.75, 2583125.75, 0.0], [673126.75, 2583130.7439759034, 0.0], [673131.7439759036, 2583135.737951807, 0.0], [673131.7439759036, 2583140.7319277106, 0.0], [673136.7379518072, 2583145.7259036144, 0.0], [673141.7319277108, 2583150.719879518, 0.0], [673146.7259036144, 2583155.7138554216, 0.0], [673151.719879518, 2583160.707831325, 0.0], [673156.7138554216, 2583165.701807229, 0.0], [673161.7078313252, 2583170.695783132, 0.0], [673166.7018072288, 2583175.689759036, 0.0], [673166.7018072288, 2583180.6837349394, 0.0], [673166.7018072288, 2583185.6777108433, 0.0], [673166.7018072288, 2583190.6716867466, 0.0], [673166.7018072288, 2583195.6656626505, 0.0], [673166.7018072288, 2583200.659638554, 0.0], [673166.7018072288, 2583205.6536144577, 0.0], [673171.6957831325, 2583210.6475903615, 0.0], [673171.6957831325, 2583215.641566265, 0.0], [673171.6957831325, 2583220.6355421687, 0.0], [673176.6897590361, 2583225.629518072, 0.0], [673176.6897590361, 2583230.623493976, 0.0], [673171.6957831325, 2583235.6174698793, 0.0], [673166.7018072288, 2583240.611445783, 0.0], [673161.7078313252, 2583245.6054216865, 0.0], [673156.7138554216, 2583250.5993975904, 0.0], [673161.7078313252, 2583255.5933734938, 0.0], [673161.7078313252, 2583260.5873493976, 0.0], [673166.7018072288, 2583265.581325301, 0.0], [673166.7018072288, 2583270.575301205, 0.0], [673171.6957831325, 2583275.569277108, 0.0], [673166.7018072288, 2583280.563253012, 0.0], [673166.7018072288, 2583285.5572289154, 0.0], [673166.7018072288, 2583290.551204819, 0.0], [673166.7018072288, 2583295.5451807226, 0.0], [673161.7078313252, 2583300.5391566264, 0.0], [673156.7138554216, 2583305.53313253, 0.0], [673151.719879518, 2583310.5271084337, 0.0], [673146.7259036144, 2583315.521084337, 0.0], [673146.7259036144, 2583320.515060241, 0.0], [673146.7259036144, 2583325.5090361442, 0.0], [673146.7259036144, 2583330.503012048, 0.0], [673146.7259036144, 2583335.4969879515, 0.0], [673141.7319277108, 2583335.4969879515, 0.0], [673136.7379518072, 2583335.4969879515, 0.0], [673131.7439759036, 2583335.4969879515, 0.0], [673126.75, 2583340.4909638553, 0.0], [673121.7560240964, 2583345.4849397587, 0.0], [673116.7620481928, 2583350.4789156625, 0.0], [673111.7680722892, 2583355.4728915663, 0.0], [673111.7680722892, 2583360.4668674697, 0.0], [673111.7680722892, 2583365.4608433736, 0.0], [673111.7680722892, 2583370.454819277, 0.0], [673106.7740963855, 2583375.448795181, 0.0], [673101.7801204819, 2583380.442771084, 0.0], [673096.7861445782, 2583385.436746988, 0.0], [673096.7861445782, 2583390.4307228914, 0.0], [673096.7861445782, 2583395.424698795, 0.0], [673096.7861445782, 2583400.4186746986, 0.0], [673096.7861445782, 2583405.4126506024, 0.0], [673096.7861445782, 2583410.406626506, 0.0], [673091.7921686746, 2583415.4006024096, 0.0], [673091.7921686746, 2583420.394578313, 0.0], [673096.7861445782, 2583425.388554217, 0.0], [673101.7801204819, 2583430.38253012, 0.0], [673106.7740963855, 2583435.376506024, 0.0], [673111.7680722892, 2583440.3704819274, 0.0], [673111.7680722892, 2583445.3644578313, 0.0], [673111.7680722892, 2583450.3584337346, 0.0], [673111.7680722892, 2583455.3524096385, 0.0], [673111.7680722892, 2583460.346385542, 0.0], [673111.7680722892, 2583465.3403614457, 0.0], [673111.7680722892, 2583470.334337349, 0.0], [673111.7680722892, 2583475.328313253, 0.0], [673106.7740963855, 2583480.3222891563, 0.0], [673101.7801204819, 2583485.31626506, 0.0], [673096.7861445782, 2583490.310240964, 0.0], [673096.7861445782, 2583495.3042168673, 0.0], [673096.7861445782, 2583500.298192771, 0.0], [673091.7921686746, 2583505.2921686745, 0.0], [673086.798192771, 2583510.2861445784, 0.0], [673081.8042168674, 2583515.2801204817, 0.0], [673076.8102409638, 2583515.2801204817, 0.0], [673071.8162650602, 2583520.2740963856, 0.0], [673071.8162650602, 2583525.268072289, 0.0], [673066.8222891566, 2583530.262048193, 0.0], [673066.8222891566, 2583535.256024096, 0.0], [673066.8222891566, 2583540.25, 0.0], [673066.8222891566, 2583545.2439759034, 0.0], [673066.8222891566, 2583550.237951807, 0.0], [673066.8222891566, 2583555.2319277106, 0.0], [673061.828313253, 2583560.2259036144, 0.0], [673056.8343373494, 2583565.219879518, 0.0], [673051.8403614458, 2583570.2138554216, 0.0], [673046.8463855422, 2583575.207831325, 0.0], [673041.8524096386, 2583580.201807229, 0.0], [673041.8524096386, 2583585.195783132, 0.0], [673036.8584337349, 2583590.189759036, 0.0], [673036.8584337349, 2583595.1837349394, 0.0], [673031.8644578313, 2583600.1777108433, 0.0], [673026.8704819276, 2583605.1716867466, 0.0], [673021.876506024, 2583610.1656626505, 0.0], [673016.8825301204, 2583615.159638554, 0.0], [673011.8885542168, 2583620.1536144577, 0.0], [673006.8945783132, 2583625.1475903615, 0.0], [673001.9006024096, 2583630.141566265, 0.0], [672996.906626506, 2583630.141566265, 0.0], [672991.9126506024, 2583635.1355421687, 0.0], [672986.9186746988, 2583640.129518072, 0.0], [672981.9246987952, 2583640.129518072, 0.0], [672976.9307228916, 2583645.123493976, 0.0], [672971.936746988, 2583645.123493976, 0.0], [672966.9427710843, 2583650.1174698793, 0.0], [672961.9487951807, 2583650.1174698793, 0.0], [672956.954819277, 2583650.1174698793, 0.0], [672951.9608433734, 2583650.1174698793, 0.0], [672946.9668674698, 2583650.1174698793, 0.0], [672941.9728915662, 2583655.111445783, 0.0], [672941.9728915662, 2583660.1054216865, 0.0], [672936.9789156626, 2583665.0993975904, 0.0], [672931.984939759, 2583670.0933734938, 0.0], [672931.984939759, 2583675.0873493976, 0.0], [672926.9909638554, 2583680.081325301, 0.0], [672926.9909638554, 2583685.075301205, 0.0], [672921.9969879518, 2583690.069277108, 0.0], [672917.0030120482, 2583695.063253012, 0.0], [672912.0090361446, 2583700.0572289154, 0.0], [672912.0090361446, 2583705.051204819, 0.0], [672912.0090361446, 2583710.0451807226, 0.0], [672907.015060241, 2583715.0391566264, 0.0], [672902.0210843373, 2583720.03313253, 0.0], [672897.0271084337, 2583725.0271084337, 0.0], [672892.03313253, 2583725.0271084337, 0.0], [672887.0391566264, 2583730.021084337, 0.0], [672882.0451807228, 2583735.015060241, 0.0], [672877.0512048192, 2583740.0090361442, 0.0], [672872.0572289156, 2583740.0090361442, 0.0], [672867.063253012, 2583745.003012048, 0.0], [672862.0692771084, 2583745.003012048, 0.0], [672857.0753012048, 2583749.9969879515, 0.0], [672852.0813253012, 2583754.9909638553, 0.0], [672847.0873493976, 2583754.9909638553, 0.0], [672842.093373494, 2583754.9909638553, 0.0], [672837.0993975904, 2583759.9849397587, 0.0], [672832.1054216868, 2583764.9789156625, 0.0], [672827.111445783, 2583769.9728915663, 0.0], [672822.1174698794, 2583774.9668674697, 0.0], [672817.1234939758, 2583774.9668674697, 0.0], [672812.1295180722, 2583774.9668674697, 0.0], [672807.1355421686, 2583774.9668674697, 0.0], [672802.141566265, 2583779.9608433736, 0.0], [672797.1475903614, 2583784.954819277, 0.0], [672792.1536144578, 2583784.954819277, 0.0], [672787.1596385542, 2583789.948795181, 0.0], [672782.1656626506, 2583789.948795181, 0.0], [672777.171686747, 2583794.942771084, 0.0], [672772.1777108434, 2583794.942771084, 0.0], [672767.1837349398, 2583794.942771084, 0.0], [672762.1897590361, 2583799.936746988, 0.0], [672757.1957831325, 2583804.9307228914, 0.0], [672752.2018072288, 2583804.9307228914, 0.0], [672747.2078313252, 2583809.924698795, 0.0], [672742.2138554216, 2583809.924698795, 0.0], [672737.219879518, 2583809.924698795, 0.0], [672732.2259036144, 2583814.9186746986, 0.0], [672727.2319277108, 2583814.9186746986, 0.0], [672722.2379518072, 2583819.9126506024, 0.0], [672717.2439759036, 2583819.9126506024, 0.0], [672712.25, 2583814.9186746986, 0.0], [672707.2560240964, 2583809.924698795, 0.0], [672702.2620481928, 2583804.9307228914, 0.0], [672697.2680722892, 2583809.924698795, 0.0], [672692.2740963855, 2583809.924698795, 0.0], [672687.2801204819, 2583809.924698795, 0.0], [672682.2861445782, 2583809.924698795, 0.0], [672677.2921686746, 2583809.924698795, 0.0], [672672.298192771, 2583809.924698795, 0.0], [672667.3042168674, 2583809.924698795, 0.0], [672662.3102409638, 2583809.924698795, 0.0], [672657.3162650602, 2583809.924698795, 0.0], [672652.3222891566, 2583809.924698795, 0.0], [672647.328313253, 2583809.924698795, 0.0], [672642.3343373494, 2583809.924698795, 0.0], [672637.3403614458, 2583809.924698795, 0.0], [672632.3463855422, 2583809.924698795, 0.0], [672627.3524096386, 2583809.924698795, 0.0], [672622.3584337349, 2583809.924698795, 0.0], [672617.3644578313, 2583814.9186746986, 0.0], [672617.3644578313, 2583819.9126506024, 0.0], [672617.3644578313, 2583824.906626506, 0.0], [672612.3704819276, 2583829.9006024096, 0.0], [672607.376506024, 2583834.894578313, 0.0], [672602.3825301204, 2583839.888554217, 0.0], [672597.3885542168, 2583844.88253012, 0.0], [672592.3945783132, 2583849.876506024, 0.0], [672587.4006024096, 2583849.876506024, 0.0], [672582.406626506, 2583854.8704819274, 0.0], [672577.4126506024, 2583859.8644578313, 0.0], [672572.4186746988, 2583859.8644578313, 0.0], [672567.4246987952, 2583864.8584337346, 0.0], [672562.4307228916, 2583869.8524096385, 0.0], [672557.436746988, 2583874.846385542, 0.0], [672552.4427710843, 2583879.8403614457, 0.0], [672547.4487951807, 2583884.834337349, 0.0], [672542.454819277, 2583884.834337349, 0.0], [672537.4608433734, 2583889.828313253, 0.0], [672532.4668674698, 2583894.8222891563, 0.0], [672527.4728915662, 2583899.81626506, 0.0], [672522.4789156626, 2583899.81626506, 0.0], [672517.484939759, 2583899.81626506, 0.0], [672512.4909638554, 2583904.810240964, 0.0], [672507.4969879518, 2583904.810240964, 0.0], [672502.5030120482, 2583909.8042168673, 0.0], [672497.5090361446, 2583909.8042168673, 0.0], [672492.515060241, 2583909.8042168673, 0.0]]}}, {"type": "Feature", "properties": {"name": "R7", "length": null}, "geometry": {"type": "LineString", "coordinates": [[683679.0210843374, 2573002.960843373, 0.0], [683679.0210843374, 2573007.954819277, 0.0], [683679.0210843374, 2573012.948795181, 0.0], [683679.0210843374, 2573017.942771084, 0.0], [683679.0210843374, 2573022.936746988, 0.0], [683674.0271084338, 2573027.9307228914, 0.0], [683674.0271084338, 2573032.924698795, 0.0], [683674.0271084338, 2573037.9186746986, 0.0], [683669.03313253, 2573042.9126506024, 0.0], [683669.03313253, 2573047.906626506, 0.0], [683664.0391566264, 2573052.9006024096, 0.0], [683664.0391566264, 2573057.894578313, 0.0], [683659.0451807228, 2573062.888554217, 0.0], [683659.0451807228, 2573067.88253012, 0.0], [683654.0512048192, 2573072.876506024, 0.0], [683654.0512048192, 2573077.8704819274, 0.0], [683649.0572289156, 2573082.8644578313, 0.0], [683649.0572289156, 2573087.8584337346, 0.0], [683644.063253012, 2573092.8524096385, 0.0], [683639.0692771084, 2573097.846385542, 0.0], [683634.0753012048, 2573102.8403614457, 0.0], [683634.0753012048, 2573107.834337349, 0.0], [683629.0813253012, 2573112.828313253, 0.0], [683629.0813253012, 2573117.8222891563, 0.0], [683624.0873493976, 2573122.81626506, 0.0], [683624.0873493976, 2573127.8102409635, 0.0], [683624.0873493976, 2573132.8042168673, 0.0], [683624.0873493976, 2573137.7981927707, 0.0], [683624.0873493976, 2573142.7921686745, 0.0], [683619.093373494, 2573147.7861445784, 0.0], [683619.093373494, 2573152.7801204817, 0.0], [683619.093373494, 2573157.7740963856, 0.0], [683619.093373494, 2573162.768072289, 0.0], [683619.093373494, 2573167.762048193, 0.0], [683619.093373494, 2573172.756024096, 0.0], [683614.0993975904, 2573177.75, 0.0], [683614.0993975904, 2573182.7439759034, 0.0], [683614.0993975904, 2573187.737951807, 0.0], [683614.0993975904, 2573192.7319277106, 0.0], [683619.093373494, 2573197.7259036144, 0.0], [683619.093373494, 2573202.719879518, 0.0], [683619.093373494, 2573207.7138554216, 0.0], [683619.093373494, 2573212.707831325, 0.0], [683619.093373494, 2573217.701807229, 0.0], [683619.093373494, 2573222.695783132, 0.0], [683614.0993975904, 2573227.689759036, 0.0], [683614.0993975904, 2573232.6837349394, 0.0], [683614.0993975904, 2573237.6777108433, 0.0], [683614.0993975904, 2573242.6716867466, 0.0], [683614.0993975904, 2573247.6656626505, 0.0], [683609.1054216868, 2573252.659638554, 0.0], [683609.1054216868, 2573257.6536144577, 0.0], [683609.1054216868, 2573262.647590361, 0.0], [683609.1054216868, 2573267.641566265, 0.0], [683609.1054216868, 2573272.6355421683, 0.0], [683609.1054216868, 2573277.629518072, 0.0], [683609.1054216868, 2573282.623493976, 0.0], [683604.1114457832, 2573287.6174698793, 0.0], [683604.1114457832, 2573292.611445783, 0.0], [683609.1054216868, 2573297.6054216865, 0.0], [683614.0993975904, 2573302.5993975904, 0.0], [683619.093373494, 2573307.5933734938, 0.0], [683619.093373494, 2573312.5873493976, 0.0], [683619.093373494, 2573317.581325301, 0.0], [683619.093373494, 2573322.575301205, 0.0], [683619.093373494, 2573327.569277108, 0.0], [683619.093373494, 2573332.563253012, 0.0], [683619.093373494, 2573337.5572289154, 0.0], [683619.093373494, 2573342.551204819, 0.0], [683614.0993975904, 2573347.5451807226, 0.0], [683614.0993975904, 2573352.5391566264, 0.0], [683614.0993975904, 2573357.53313253, 0.0], [683614.0993975904, 2573362.5271084337, 0.0], [683609.1054216868, 2573367.521084337, 0.0], [683609.1054216868, 2573372.515060241, 0.0], [683604.1114457832, 2573377.5090361442, 0.0], [683604.1114457832, 2573382.503012048, 0.0], [683599.1174698796, 2573387.4969879515, 0.0], [683599.1174698796, 2573392.4909638553, 0.0], [683594.1234939758, 2573397.4849397587, 0.0], [683594.1234939758, 2573402.4789156625, 0.0], [683594.1234939758, 2573407.472891566, 0.0], [683589.1295180722, 2573412.4668674697, 0.0], [683589.1295180722, 2573417.460843373, 0.0], [683584.1355421686, 2573422.454819277, 0.0], [683589.1295180722, 2573427.448795181, 0.0], [683584.1355421686, 2573432.442771084, 0.0], [683584.1355421686, 2573437.436746988, 0.0], [683579.141566265, 2573442.4307228914, 0.0], [683574.1475903614, 2573447.424698795, 0.0], [683569.1536144578, 2573447.424698795, 0.0], [683569.1536144578, 2573452.4186746986, 0.0], [683564.1596385542, 2573457.4126506024, 0.0], [683564.1596385542, 2573462.406626506, 0.0], [683564.1596385542, 2573467.4006024096, 0.0], [683559.1656626506, 2573472.394578313, 0.0], [683554.171686747, 2573477.388554217, 0.0], [683549.1777108434, 2573482.38253012, 0.0], [683549.1777108434, 2573487.376506024, 0.0], [683544.1837349398, 2573492.3704819274, 0.0], [683539.1897590362, 2573497.3644578313, 0.0], [683534.1957831326, 2573502.3584337346, 0.0], [683534.1957831326, 2573507.3524096385, 0.0], [683529.2018072288, 2573512.346385542, 0.0], [683529.2018072288, 2573517.3403614457, 0.0], [683524.2078313252, 2573522.334337349, 0.0], [683524.2078313252, 2573527.328313253, 0.0], [683524.2078313252, 2573532.3222891563, 0.0], [683524.2078313252, 2573537.31626506, 0.0], [683524.2078313252, 2573542.3102409635, 0.0], [683524.2078313252, 2573547.3042168673, 0.0], [683524.2078313252, 2573552.2981927707, 0.0], [683524.2078313252, 2573557.2921686745, 0.0], [683529.2018072288, 2573562.2861445784, 0.0], [683529.2018072288, 2573567.2801204817, 0.0], [683529.2018072288, 2573572.2740963856, 0.0], [683529.2018072288, 2573577.268072289, 0.0], [683534.1957831326, 2573582.262048193, 0.0], [683534.1957831326, 2573587.256024096, 0.0], [683539.1897590362, 2573592.25, 0.0], [683539.1897590362, 2573597.2439759034, 0.0], [683539.1897590362, 2573602.237951807, 0.0], [683544.1837349398, 2573607.2319277106, 0.0], [683549.1777108434, 2573612.2259036144, 0.0], [683549.1777108434, 2573617.219879518, 0.0], [683549.1777108434, 2573622.2138554216, 0.0], [683554.171686747, 2573627.207831325, 0.0], [683559.1656626506, 2573632.201807229, 0.0], [683554.171686747, 2573637.195783132, 0.0], [683554.171686747, 2573642.189759036, 0.0], [683554.171686747, 2573647.1837349394, 0.0], [683554.171686747, 2573652.1777108433, 0.0], [683559.1656626506, 2573657.1716867466, 0.0], [683559.1656626506, 2573662.1656626505, 0.0], [683559.1656626506, 2573667.159638554, 0.0], [683559.1656626506, 2573672.1536144577, 0.0], [683564.1596385542, 2573677.147590361, 0.0], [683564.1596385542, 2573682.141566265, 0.0], [683564.1596385542, 2573687.1355421683, 0.0], [683564.1596385542, 2573692.129518072, 0.0], [683569.1536144578, 2573697.123493976, 0.0], [683569.1536144578, 2573702.1174698793, 0.0], [683569.1536144578, 2573707.111445783, 0.0], [683569.1536144578, 2573712.1054216865, 0.0], [683569.1536144578, 2573717.0993975904, 0.0], [683574.1475903614, 2573722.0933734938, 0.0], [683579.141566265, 2573727.0873493976, 0.0], [683579.141566265, 2573732.081325301, 0.0], [683579.141566265, 2573737.075301205, 0.0], [683579.141566265, 2573742.069277108, 0.0], [683579.141566265, 2573747.063253012, 0.0], [683579.141566265, 2573752.0572289154, 0.0], [683574.1475903614, 2573757.051204819, 0.0], [683574.1475903614, 2573762.0451807226, 0.0], [683569.1536144578, 2573767.0391566264, 0.0], [683569.1536144578, 2573772.03313253, 0.0], [683569.1536144578, 2573777.0271084337, 0.0], [683569.1536144578, 2573782.021084337, 0.0], [683564.1596385542, 2573787.015060241, 0.0], [683564.1596385542, 2573792.0090361442, 0.0], [683559.1656626506, 2573797.003012048, 0.0], [683559.1656626506, 2573801.9969879515, 0.0], [683554.171686747, 2573806.9909638553, 0.0], [683554.171686747, 2573811.9849397587, 0.0], [683554.171686747, 2573816.9789156625, 0.0], [683554.171686747, 2573821.972891566, 0.0], [683549.1777108434, 2573826.9668674697, 0.0], [683549.1777108434, 2573831.960843373, 0.0], [683544.1837349398, 2573836.954819277, 0.0], [683539.1897590362, 2573841.948795181, 0.0], [683539.1897590362, 2573846.942771084, 0.0], [683539.1897590362, 2573851.936746988, 0.0], [683534.1957831326, 2573856.9307228914, 0.0], [683534.1957831326, 2573861.924698795, 0.0], [683534.1957831326, 2573866.9186746986, 0.0], [683529.2018072288, 2573871.9126506024, 0.0], [683524.2078313252, 2573876.906626506, 0.0], [683524.2078313252, 2573881.9006024096, 0.0], [683519.2138554216, 2573886.894578313, 0.0], [683519.2138554216, 2573891.888554217, 0.0], [683519.2138554216, 2573896.88253012, 0.0], [683514.219879518, 2573901.876506024, 0.0], [683514.219879518, 2573906.8704819274, 0.0], [683509.2259036144, 2573911.8644578313, 0.0], [683509.2259036144, 2573916.8584337346, 0.0], [683504.2319277108, 2573921.8524096385, 0.0], [683499.2379518072, 2573926.846385542, 0.0], [683499.2379518072, 2573931.8403614457, 0.0], [683499.2379518072, 2573936.834337349, 0.0], [683499.2379518072, 2573941.828313253, 0.0], [683494.2439759036, 2573946.8222891563, 0.0], [683489.25, 2573951.81626506, 0.0], [683484.2560240964, 2573956.8102409635, 0.0], [683479.2620481928, 2573956.8102409635, 0.0], [683474.2680722892, 2573961.8042168673, 0.0], [683474.2680722892, 2573966.7981927707, 0.0], [683469.2740963856, 2573971.7921686745, 0.0], [683464.280120482, 2573976.7861445784, 0.0], [683464.280120482, 2573981.7801204817, 0.0], [683459.2861445782, 2573986.7740963856, 0.0], [683454.2921686746, 2573991.768072289, 0.0], [683449.298192771, 2573996.762048193, 0.0], [683449.298192771, 2574001.756024096, 0.0], [683449.298192771, 2574006.75, 0.0], [683444.3042168674, 2574011.7439759034, 0.0], [683439.3102409638, 2574016.737951807, 0.0], [683434.3162650602, 2574021.7319277106, 0.0], [683429.3222891566, 2574026.7259036144, 0.0], [683424.328313253, 2574031.719879518, 0.0], [683419.3343373494, 2574036.7138554216, 0.0], [683419.3343373494, 2574041.707831325, 0.0], [683414.3403614458, 2574046.701807229, 0.0], [683409.3463855422, 2574051.695783132, 0.0], [683404.3524096386, 2574056.689759036, 0.0], [683404.3524096386, 2574061.6837349394, 0.0], [683399.358433735, 2574066.6777108433, 0.0], [683394.3644578313, 2574071.6716867466, 0.0], [683389.3704819276, 2574076.6656626505, 0.0], [683384.376506024, 2574081.659638554, 0.0], [683384.376506024, 2574086.6536144577, 0.0], [683379.3825301204, 2574091.647590361, 0.0], [683374.3885542168, 2574096.641566265, 0.0], [683369.3945783132, 2574101.6355421683, 0.0], [683364.4006024096, 2574106.629518072, 0.0], [683359.406626506, 2574111.623493976, 0.0], [683354.4126506024, 2574116.6174698793, 0.0], [683349.4186746988, 2574121.611445783, 0.0], [683344.4246987952, 2574126.6054216865, 0.0], [683339.4307228916, 2574131.5993975904, 0.0], [683339.4307228916, 2574136.5933734938, 0.0], [683334.436746988, 2574141.5873493976, 0.0], [683329.4427710844, 2574146.581325301, 0.0], [683324.4487951808, 2574151.575301205, 0.0], [683319.454819277, 2574156.569277108, 0.0], [683314.4608433734, 2574161.563253012, 0.0], [683309.4668674698, 2574166.5572289154, 0.0], [683304.4728915662, 2574166.5572289154, 0.0], [683299.4789156626, 2574171.551204819, 0.0], [683294.484939759, 2574176.5451807226, 0.0], [683289.4909638554, 2574181.5391566264, 0.0], [683284.4969879518, 2574186.53313253, 0.0], [683279.5030120482, 2574191.5271084337, 0.0], [683274.5090361446, 2574196.521084337, 0.0], [683269.515060241, 2574201.515060241, 0.0], [683264.5210843374, 2574206.5090361442, 0.0], [683259.5271084338, 2574211.503012048, 0.0], [683254.53313253, 2574216.4969879515, 0.0], [683254.53313253, 2574221.4909638553, 0.0], [683249.5391566264, 2574226.4849397587, 0.0], [683244.5451807228, 2574231.4789156625, 0.0], [683239.5512048192, 2574231.4789156625, 0.0], [683234.5572289156, 2574236.472891566, 0.0], [683229.563253012, 2574241.4668674697, 0.0], [683224.5692771084, 2574246.460843373, 0.0], [683219.5753012048, 2574251.454819277, 0.0], [683214.5813253012, 2574256.448795181, 0.0], [683209.5873493976, 2574261.442771084, 0.0], [683204.593373494, 2574266.436746988, 0.0], [683199.5993975904, 2574271.4307228914, 0.0], [683194.6054216868, 2574271.4307228914, 0.0], [683189.6114457832, 2574276.424698795, 0.0], [683184.6174698796, 2574281.4186746986, 0.0], [683179.6234939758, 2574286.4126506024, 0.0], [683174.6295180722, 2574291.406626506, 0.0], [683169.6355421686, 2574291.406626506, 0.0], [683164.641566265, 2574291.406626506, 0.0], [683159.6475903614, 2574291.406626506, 0.0], [683154.6536144578, 2574296.4006024096, 0.0], [683149.6596385542, 2574296.4006024096, 0.0], [683144.6656626506, 2574301.394578313, 0.0], [683139.671686747, 2574301.394578313, 0.0], [683134.6777108434, 2574306.388554217, 0.0], [683129.6837349398, 2574311.38253012, 0.0], [683129.6837349398, 2574316.376506024, 0.0], [683124.6897590362, 2574321.3704819274, 0.0], [683119.6957831325, 2574326.3644578313, 0.0], [683114.7018072288, 2574331.3584337346, 0.0], [683109.7078313252, 2574336.3524096385, 0.0], [683104.7138554216, 2574341.346385542, 0.0], [683099.719879518, 2574341.346385542, 0.0], [683094.7259036144, 2574346.3403614457, 0.0], [683089.7319277108, 2574351.334337349, 0.0], [683084.7379518072, 2574356.328313253, 0.0], [683079.7439759036, 2574356.328313253, 0.0], [683074.75, 2574361.3222891563, 0.0], [683069.7560240964, 2574366.31626506, 0.0], [683064.7620481928, 2574371.3102409635, 0.0], [683059.7680722892, 2574376.3042168673, 0.0], [683054.7740963856, 2574381.2981927707, 0.0], [683049.780120482, 2574381.2981927707, 0.0], [683044.7861445782, 2574386.2921686745, 0.0], [683044.7861445782, 2574391.2861445784, 0.0], [683039.7921686746, 2574396.2801204817, 0.0], [683034.798192771, 2574401.2740963856, 0.0], [683029.8042168674, 2574406.268072289, 0.0], [683024.8102409638, 2574411.262048193, 0.0], [683024.8102409638, 2574416.256024096, 0.0], [683019.8162650602, 2574421.25, 0.0], [683014.8222891566, 2574426.2439759034, 0.0], [683009.828313253, 2574431.237951807, 0.0], [683004.8343373494, 2574436.2319277106, 0.0], [682999.8403614458, 2574436.2319277106, 0.0], [682994.8463855422, 2574441.2259036144, 0.0], [682989.8524096386, 2574441.2259036144, 0.0], [682984.858433735, 2574446.219879518, 0.0], [682979.8644578313, 2574451.2138554216, 0.0], [682974.8704819276, 2574456.207831325, 0.0], [682969.876506024, 2574461.201807229, 0.0], [682964.8825301204, 2574466.195783132, 0.0], [682959.8885542168, 2574471.189759036, 0.0], [682959.8885542168, 2574476.1837349394, 0.0], [682954.8945783132, 2574481.1777108433, 0.0], [682949.9006024096, 2574486.1716867466, 0.0], [682944.906626506, 2574491.1656626505, 0.0], [682939.9126506024, 2574496.159638554, 0.0], [682934.9186746988, 2574501.1536144577, 0.0], [682934.9186746988, 2574506.147590361, 0.0], [682934.9186746988, 2574511.141566265, 0.0], [682929.9246987952, 2574516.1355421683, 0.0], [682929.9246987952, 2574521.129518072, 0.0], [682929.9246987952, 2574526.123493976, 0.0], [682924.9307228916, 2574531.1174698793, 0.0], [682924.9307228916, 2574536.111445783, 0.0], [682924.9307228916, 2574541.1054216865, 0.0], [682924.9307228916, 2574546.0993975904, 0.0], [682919.936746988, 2574551.0933734938, 0.0], [682919.936746988, 2574556.0873493976, 0.0], [682919.936746988, 2574561.081325301, 0.0], [682919.936746988, 2574566.075301205, 0.0], [682919.936746988, 2574571.069277108, 0.0], [682919.936746988, 2574576.063253012, 0.0], [682919.936746988, 2574581.0572289154, 0.0], [682919.936746988, 2574586.051204819, 0.0], [682919.936746988, 2574591.0451807226, 0.0], [682919.936746988, 2574596.0391566264, 0.0], [682919.936746988, 2574601.03313253, 0.0], [682924.9307228916, 2574606.0271084337, 0.0], [682924.9307228916, 2574611.021084337, 0.0], [682924.9307228916, 2574616.015060241, 0.0], [682924.9307228916, 2574621.0090361442, 0.0], [682929.9246987952, 2574626.003012048, 0.0], [682934.9186746988, 2574630.9969879515, 0.0], [682939.9126506024, 2574635.9909638553, 0.0], [682939.9126506024, 2574640.9849397587, 0.0], [682944.906626506, 2574640.9849397587, 0.0], [682949.9006024096, 2574645.9789156625, 0.0], [682954.8945783132, 2574650.972891566, 0.0], [682954.8945783132, 2574655.9668674697, 0.0], [682959.8885542168, 2574660.960843373, 0.0], [682964.8825301204, 2574665.954819277, 0.0], [682969.876506024, 2574665.954819277, 0.0], [682974.8704819276, 2574670.948795181, 0.0], [682979.8644578313, 2574670.948795181, 0.0], [682984.858433735, 2574675.942771084, 0.0], [682989.8524096386, 2574675.942771084, 0.0], [682994.8463855422, 2574675.942771084, 0.0], [682999.8403614458, 2574680.936746988, 0.0], [683004.8343373494, 2574680.936746988, 0.0], [683009.828313253, 2574680.936746988, 0.0], [683014.8222891566, 2574685.9307228914, 0.0], [683019.8162650602, 2574685.9307228914, 0.0], [683024.8102409638, 2574690.924698795, 0.0], [683029.8042168674, 2574690.924698795, 0.0], [683034.798192771, 2574695.9186746986, 0.0], [683039.7921686746, 2574695.9186746986, 0.0], [683044.7861445782, 2574700.9126506024, 0.0], [683049.780120482, 2574700.9126506024, 0.0], [683054.7740963856, 2574700.9126506024, 0.0], [683059.7680722892, 2574705.906626506, 0.0], [683064.7620481928, 2574705.906626506, 0.0], [683069.7560240964, 2574710.9006024096, 0.0], [683074.75, 2574710.9006024096, 0.0], [683079.7439759036, 2574710.9006024096, 0.0], [683084.7379518072, 2574715.894578313, 0.0], [683089.7319277108, 2574715.894578313, 0.0], [683094.7259036144, 2574715.894578313, 0.0], [683099.719879518, 2574715.894578313, 0.0], [683104.7138554216, 2574715.894578313, 0.0], [683109.7078313252, 2574715.894578313, 0.0], [683114.7018072288, 2574715.894578313, 0.0], [683119.6957831325, 2574720.888554217, 0.0], [683124.6897590362, 2574720.888554217, 0.0], [683129.6837349398, 2574720.888554217, 0.0], [683134.6777108434, 2574720.888554217, 0.0], [683139.671686747, 2574720.888554217, 0.0], [683144.6656626506, 2574720.888554217, 0.0], [683149.6596385542, 2574720.888554217, 0.0], [683154.6536144578, 2574720.888554217, 0.0], [683159.6475903614, 2574720.888554217, 0.0], [683164.641566265, 2574715.894578313, 0.0], [683169.6355421686, 2574715.894578313, 0.0], [683174.6295180722, 2574710.9006024096, 0.0], [683179.6234939758, 2574710.9006024096, 0.0], [683184.6174698796, 2574710.9006024096, 0.0], [683189.6114457832, 2574710.9006024096, 0.0], [683194.6054216868, 2574710.9006024096, 0.0], [683199.5993975904, 2574710.9006024096, 0.0], [683204.593373494, 2574710.9006024096, 0.0], [683209.5873493976, 2574710.9006024096, 0.0], [683214.5813253012, 2574710.9006024096, 0.0], [683219.5753012048, 2574705.906626506, 0.0], [683224.5692771084, 2574700.9126506024, 0.0], [683229.563253012, 2574700.9126506024, 0.0], [683234.5572289156, 2574695.9186746986, 0.0], [683239.5512048192, 2574695.9186746986, 0.0], [683244.5451807228, 2574690.924698795, 0.0], [683249.5391566264, 2574690.924698795, 0.0], [683254.53313253, 2574685.9307228914, 0.0], [683259.5271084338, 2574685.9307228914, 0.0], [683264.5210843374, 2574685.9307228914, 0.0], [683269.515060241, 2574680.936746988, 0.0], [683274.5090361446, 2574675.942771084, 0.0], [683279.5030120482, 2574670.948795181, 0.0], [683284.4969879518, 2574665.954819277, 0.0], [683289.4909638554, 2574665.954819277, 0.0], [683294.484939759, 2574660.960843373, 0.0], [683299.4789156626, 2574660.960843373, 0.0], [683304.4728915662, 2574655.9668674697, 0.0], [683309.4668674698, 2574650.972891566, 0.0], [683314.4608433734, 2574645.9789156625, 0.0], [683319.454819277, 2574645.9789156625, 0.0], [683324.4487951808, 2574640.9849397587, 0.0], [683329.4427710844, 2574640.9849397587, 0.0], [683334.436746988, 2574640.9849397587, 0.0], [683339.4307228916, 2574635.9909638553, 0.0], [683344.4246987952, 2574630.9969879515, 0.0], [683344.4246987952, 2574626.003012048, 0.0], [683349.4186746988, 2574621.0090361442, 0.0], [683354.4126506024, 2574616.015060241, 0.0], [683359.406626506, 2574611.021084337, 0.0], [683364.4006024096, 2574606.0271084337, 0.0], [683369.3945783132, 2574601.03313253, 0.0], [683374.3885542168, 2574596.0391566264, 0.0], [683379.3825301204, 2574591.0451807226, 0.0], [683384.376506024, 2574586.051204819, 0.0], [683389.3704819276, 2574586.051204819, 0.0], [683394.3644578313, 2574581.0572289154, 0.0], [683399.358433735, 2574576.063253012, 0.0], [683399.358433735, 2574571.069277108, 0.0], [683399.358433735, 2574566.075301205, 0.0], [683404.3524096386, 2574561.081325301, 0.0], [683404.3524096386, 2574556.0873493976, 0.0], [683409.3463855422, 2574551.0933734938, 0.0], [683409.3463855422, 2574546.0993975904, 0.0], [683409.3463855422, 2574541.1054216865, 0.0], [683414.3403614458, 2574536.111445783, 0.0], [683414.3403614458, 2574531.1174698793, 0.0], [683419.3343373494, 2574526.123493976, 0.0], [683424.328313253, 2574521.129518072, 0.0], [683429.3222891566, 2574521.129518072, 0.0], [683434.3162650602, 2574516.1355421683, 0.0], [683439.3102409638, 2574516.1355421683, 0.0], [683444.3042168674, 2574511.141566265, 0.0], [683449.298192771, 2574506.147590361, 0.0], [683449.298192771, 2574501.1536144577, 0.0], [683454.2921686746, 2574496.159638554, 0.0], [683459.2861445782, 2574491.1656626505, 0.0], [683459.2861445782, 2574486.1716867466, 0.0], [683464.280120482, 2574481.1777108433, 0.0], [683464.280120482, 2574476.1837349394, 0.0], [683469.2740963856, 2574471.189759036, 0.0], [683474.2680722892, 2574466.195783132, 0.0], [683479.2620481928, 2574461.201807229, 0.0], [683479.2620481928, 2574456.207831325, 0.0], [683484.2560240964, 2574451.2138554216, 0.0], [683484.2560240964, 2574446.219879518, 0.0], [683489.25, 2574441.2259036144, 0.0], [683489.25, 2574436.2319277106, 0.0], [683494.2439759036, 2574431.237951807, 0.0], [683494.2439759036, 2574426.2439759034, 0.0], [683499.2379518072, 2574421.25, 0.0], [683499.2379518072, 2574416.256024096, 0.0], [683504.2319277108, 2574411.262048193, 0.0], [683504.2319277108, 2574406.268072289, 0.0], [683504.2319277108, 2574401.2740963856, 0.0], [683509.2259036144, 2574396.2801204817, 0.0], [683509.2259036144, 2574391.2861445784, 0.0], [683509.2259036144, 2574386.2921686745, 0.0], [683514.219879518, 2574381.2981927707, 0.0], [683514.219879518, 2574376.3042168673, 0.0], [683514.219879518, 2574371.3102409635, 0.0], [683519.2138554216, 2574366.31626506, 0.0], [683519.2138554216, 2574361.3222891563, 0.0], [683524.2078313252, 2574356.328313253, 0.0], [683524.2078313252, 2574351.334337349, 0.0], [683529.2018072288, 2574346.3403614457, 0.0], [683534.1957831326, 2574341.346385542, 0.0], [683539.1897590362, 2574336.3524096385, 0.0], [683539.1897590362, 2574331.3584337346, 0.0], [683544.1837349398, 2574326.3644578313, 0.0], [683549.1777108434, 2574321.3704819274, 0.0], [683554.171686747, 2574316.376506024, 0.0], [683559.1656626506, 2574311.38253012, 0.0], [683564.1596385542, 2574311.38253012, 0.0], [683569.1536144578, 2574306.388554217, 0.0], [683574.1475903614, 2574301.394578313, 0.0], [683579.141566265, 2574301.394578313, 0.0], [683584.1355421686, 2574296.4006024096, 0.0], [683589.1295180722, 2574296.4006024096, 0.0], [683594.1234939758, 2574291.406626506, 0.0], [683599.1174698796, 2574291.406626506, 0.0], [683604.1114457832, 2574286.4126506024, 0.0], [683609.1054216868, 2574286.4126506024, 0.0], [683614.0993975904, 2574281.4186746986, 0.0], [683619.093373494, 2574281.4186746986, 0.0], [683624.0873493976, 2574276.424698795, 0.0], [683629.0813253012, 2574271.4307228914, 0.0], [683634.0753012048, 2574271.4307228914, 0.0], [683639.0692771084, 2574271.4307228914, 0.0], [683644.063253012, 2574271.4307228914, 0.0], [683649.0572289156, 2574271.4307228914, 0.0], [683654.0512048192, 2574276.424698795, 0.0], [683659.0451807228, 2574276.424698795, 0.0], [683664.0391566264, 2574281.4186746986, 0.0], [683669.03313253, 2574281.4186746986, 0.0], [683674.0271084338, 2574286.4126506024, 0.0], [683679.0210843374, 2574286.4126506024, 0.0], [683684.015060241, 2574291.406626506, 0.0], [683689.0090361446, 2574291.406626506, 0.0], [683694.0030120482, 2574291.406626506, 0.0], [683698.9969879518, 2574291.406626506, 0.0], [683703.9909638554, 2574296.4006024096, 0.0], [683708.984939759, 2574301.394578313, 0.0], [683713.9789156626, 2574301.394578313, 0.0], [683718.9728915662, 2574301.394578313, 0.0], [683723.9668674698, 2574301.394578313, 0.0], [683728.9608433734, 2574301.394578313, 0.0], [683733.954819277, 2574306.388554217, 0.0], [683738.9487951808, 2574306.388554217, 0.0], [683743.9427710844, 2574301.394578313, 0.0], [683748.936746988, 2574301.394578313, 0.0], [683753.9307228916, 2574301.394578313, 0.0], [683758.9246987952, 2574301.394578313, 0.0], [683763.9186746988, 2574306.388554217, 0.0], [683768.9126506024, 2574311.38253012, 0.0], [683773.906626506, 2574316.376506024, 0.0], [683778.9006024096, 2574321.3704819274, 0.0], [683783.8945783132, 2574321.3704819274, 0.0], [683788.8885542168, 2574326.3644578313, 0.0], [683793.8825301204, 2574326.3644578313, 0.0], [683798.876506024, 2574331.3584337346, 0.0], [683803.8704819276, 2574331.3584337346, 0.0], [683808.8644578313, 2574336.3524096385, 0.0], [683813.858433735, 2574341.346385542, 0.0], [683818.8524096386, 2574346.3403614457, 0.0], [683823.8463855422, 2574346.3403614457, 0.0], [683828.8403614458, 2574351.334337349, 0.0], [683833.8343373494, 2574351.334337349, 0.0], [683838.828313253, 2574356.328313253, 0.0], [683843.8222891566, 2574356.328313253, 0.0], [683848.8162650602, 2574361.3222891563, 0.0], [683853.8102409638, 2574361.3222891563, 0.0], [683858.8042168674, 2574366.31626506, 0.0], [683863.798192771, 2574371.3102409635, 0.0], [683868.7921686746, 2574376.3042168673, 0.0], [683873.7861445782, 2574381.2981927707, 0.0], [683878.780120482, 2574386.2921686745, 0.0], [683878.780120482, 2574391.2861445784, 0.0], [683883.7740963856, 2574396.2801204817, 0.0], [683888.7680722892, 2574401.2740963856, 0.0], [683893.7620481928, 2574406.268072289, 0.0], [683898.7560240964, 2574411.262048193, 0.0], [683903.75, 2574416.256024096, 0.0], [683908.7439759036, 2574421.25, 0.0], [683913.7379518072, 2574426.2439759034, 0.0], [683918.7319277108, 2574431.237951807, 0.0], [683923.7259036144, 2574431.237951807, 0.0], [683923.7259036144, 2574436.2319277106, 0.0], [683928.719879518, 2574441.2259036144, 0.0], [683933.7138554216, 2574446.219879518, 0.0], [683938.7078313252, 2574451.2138554216, 0.0], [683943.7018072288, 2574456.207831325, 0.0], [683948.6957831326, 2574461.201807229, 0.0], [683953.6897590362, 2574466.195783132, 0.0], [683958.6837349398, 2574471.189759036, 0.0], [683963.6777108434, 2574471.189759036, 0.0], [683968.671686747, 2574476.1837349394, 0.0], [683973.6656626506, 2574481.1777108433, 0.0], [683973.6656626506, 2574486.1716867466, 0.0], [683978.6596385542, 2574491.1656626505, 0.0], [683983.6536144578, 2574491.1656626505, 0.0], [683988.6475903614, 2574496.159638554, 0.0], [683988.6475903614, 2574501.1536144577, 0.0], [683993.641566265, 2574506.147590361, 0.0], [683993.641566265, 2574511.141566265, 0.0], [683998.6355421686, 2574516.1355421683, 0.0], [683998.6355421686, 2574521.129518072, 0.0], [684003.6295180722, 2574526.123493976, 0.0], [684008.6234939758, 2574531.1174698793, 0.0], [684013.6174698796, 2574536.111445783, 0.0], [684013.6174698796, 2574541.1054216865, 0.0], [684018.6114457832, 2574546.0993975904, 0.0], [684023.6054216868, 2574551.0933734938, 0.0], [684028.5993975904, 2574551.0933734938, 0.0], [684033.593373494, 2574556.0873493976, 0.0], [684038.5873493976, 2574561.081325301, 0.0], [684043.5813253012, 2574566.075301205, 0.0], [684048.5753012048, 2574571.069277108, 0.0], [684053.5692771084, 2574576.063253012, 0.0], [684058.563253012, 2574581.0572289154, 0.0], [684063.5572289156, 2574586.051204819, 0.0], [684068.5512048192, 2574591.0451807226, 0.0], [684073.5451807228, 2574596.0391566264, 0.0], [684078.5391566264, 2574601.03313253, 0.0], [684083.53313253, 2574606.0271084337, 0.0], [684083.53313253, 2574611.021084337, 0.0], [684088.5271084338, 2574616.015060241, 0.0], [684093.5210843374, 2574621.0090361442, 0.0], [684093.5210843374, 2574626.003012048, 0.0], [684093.5210843374, 2574630.9969879515, 0.0], [684093.5210843374, 2574635.9909638553, 0.0], [684098.515060241, 2574640.9849397587, 0.0], [684103.5090361446, 2574645.9789156625, 0.0], [684103.5090361446, 2574650.972891566, 0.0], [684103.5090361446, 2574655.9668674697, 0.0], [684103.5090361446, 2574660.960843373, 0.0], [684108.5030120482, 2574665.954819277, 0.0], [684113.4969879518, 2574665.954819277, 0.0], [684118.4909638554, 2574670.948795181, 0.0], [684123.484939759, 2574675.942771084, 0.0], [684123.484939759, 2574680.936746988, 0.0], [684128.4789156626, 2574685.9307228914, 0.0], [684128.4789156626, 2574690.924698795, 0.0], [684133.4728915662, 2574695.9186746986, 0.0], [684138.4668674698, 2574700.9126506024, 0.0], [684143.4608433734, 2574705.906626506, 0.0], [684148.454819277, 2574710.9006024096, 0.0], [684153.4487951808, 2574715.894578313, 0.0], [684158.4427710844, 2574715.894578313, 0.0], [684163.436746988, 2574710.9006024096, 0.0], [684168.4307228916, 2574710.9006024096, 0.0], [684173.4246987952, 2574715.894578313, 0.0], [684178.4186746988, 2574720.888554217, 0.0], [684183.4126506024, 2574720.888554217, 0.0], [684188.406626506, 2574715.894578313, 0.0], [684193.4006024096, 2574710.9006024096, 0.0], [684198.3945783132, 2574705.906626506, 0.0], [684203.3885542168, 2574700.9126506024, 0.0], [684208.3825301204, 2574700.9126506024, 0.0], [684213.376506024, 2574695.9186746986, 0.0], [684218.3704819276, 2574695.9186746986, 0.0], [684223.3644578313, 2574700.9126506024, 0.0], [684228.358433735, 2574705.906626506, 0.0], [684228.358433735, 2574710.9006024096, 0.0], [684233.3524096386, 2574710.9006024096, 0.0], [684238.3463855422, 2574715.894578313, 0.0], [684243.3403614458, 2574720.888554217, 0.0], [684248.3343373494, 2574725.88253012, 0.0], [684253.328313253, 2574730.876506024, 0.0], [684258.3222891566, 2574730.876506024, 0.0], [684263.3162650602, 2574730.876506024, 0.0], [684268.3102409638, 2574730.876506024, 0.0], [684273.3042168674, 2574730.876506024, 0.0], [684278.298192771, 2574730.876506024, 0.0], [684283.2921686746, 2574735.8704819274, 0.0], [684288.2861445782, 2574735.8704819274, 0.0], [684293.280120482, 2574740.8644578313, 0.0], [684298.2740963856, 2574740.8644578313, 0.0], [684303.2680722892, 2574745.8584337346, 0.0], [684308.2620481928, 2574750.8524096385, 0.0], [684313.2560240964, 2574755.846385542, 0.0], [684318.25, 2574760.8403614457, 0.0], [684323.2439759036, 2574765.834337349, 0.0], [684328.2379518072, 2574770.828313253, 0.0], [684333.2319277108, 2574775.8222891563, 0.0], [684338.2259036144, 2574775.8222891563, 0.0], [684343.219879518, 2574770.828313253, 0.0], [684348.2138554216, 2574765.834337349, 0.0], [684353.2078313252, 2574765.834337349, 0.0], [684358.2018072288, 2574765.834337349, 0.0], [684363.1957831326, 2574770.828313253, 0.0], [684368.1897590362, 2574770.828313253, 0.0], [684373.1837349398, 2574765.834337349, 0.0], [684378.1777108434, 2574760.8403614457, 0.0], [684378.1777108434, 2574755.846385542, 0.0], [684383.171686747, 2574755.846385542, 0.0], [684388.1656626506, 2574755.846385542, 0.0], [684393.1596385542, 2574755.846385542, 0.0], [684398.1536144578, 2574760.8403614457, 0.0], [684403.1475903614, 2574760.8403614457, 0.0], [684408.141566265, 2574765.834337349, 0.0], [684413.1355421686, 2574765.834337349, 0.0], [684418.1295180722, 2574770.828313253, 0.0], [684423.1234939758, 2574770.828313253, 0.0], [684428.1174698796, 2574770.828313253, 0.0], [684433.1114457832, 2574770.828313253, 0.0], [684438.1054216868, 2574770.828313253, 0.0], [684443.0993975904, 2574770.828313253, 0.0], [684448.093373494, 2574770.828313253, 0.0], [684453.0873493976, 2574770.828313253, 0.0], [684458.0813253012, 2574770.828313253, 0.0], [684463.0753012048, 2574770.828313253, 0.0], [684468.0692771084, 2574775.8222891563, 0.0], [684473.063253012, 2574775.8222891563, 0.0], [684478.0572289156, 2574775.8222891563, 0.0], [684483.0512048192, 2574775.8222891563, 0.0], [684488.0451807228, 2574775.8222891563, 0.0], [684493.0391566264, 2574775.8222891563, 0.0], [684498.03313253, 2574775.8222891563, 0.0], [684503.0271084338, 2574770.828313253, 0.0], [684508.0210843374, 2574770.828313253, 0.0], [684513.015060241, 2574770.828313253, 0.0], [684518.0090361446, 2574770.828313253, 0.0], [684523.0030120482, 2574775.8222891563, 0.0], [684527.9969879518, 2574770.828313253, 0.0], [684532.9909638554, 2574770.828313253, 0.0], [684537.984939759, 2574770.828313253, 0.0], [684542.9789156626, 2574770.828313253, 0.0], [684547.9728915662, 2574770.828313253, 0.0], [684552.9668674698, 2574770.828313253, 0.0], [684557.9608433734, 2574770.828313253, 0.0], [684562.954819277, 2574770.828313253, 0.0], [684567.9487951808, 2574770.828313253, 0.0], [684572.9427710844, 2574775.8222891563, 0.0], [684577.936746988, 2574780.81626506, 0.0], [684582.9307228916, 2574780.81626506, 0.0], [684587.9246987952, 2574785.8102409635, 0.0], [684592.9186746988, 2574785.8102409635, 0.0], [684597.9126506024, 2574790.8042168673, 0.0], [684602.906626506, 2574790.8042168673, 0.0], [684607.9006024096, 2574790.8042168673, 0.0], [684612.8945783132, 2574790.8042168673, 0.0], [684617.8885542168, 2574790.8042168673, 0.0], [684622.8825301204, 2574790.8042168673, 0.0], [684627.876506024, 2574785.8102409635, 0.0], [684632.8704819276, 2574785.8102409635, 0.0], [684637.8644578313, 2574785.8102409635, 0.0], [684642.858433735, 2574780.81626506, 0.0], [684647.8524096386, 2574780.81626506, 0.0], [684652.8463855422, 2574785.8102409635, 0.0], [684657.8403614458, 2574785.8102409635, 0.0], [684662.8343373494, 2574790.8042168673, 0.0], [684667.828313253, 2574795.7981927707, 0.0], [684672.8222891566, 2574795.7981927707, 0.0], [684677.8162650602, 2574795.7981927707, 0.0], [684682.8102409638, 2574795.7981927707, 0.0], [684687.8042168674, 2574795.7981927707, 0.0], [684692.798192771, 2574795.7981927707, 0.0], [684697.7921686746, 2574795.7981927707, 0.0], [684702.7861445782, 2574795.7981927707, 0.0], [684707.780120482, 2574795.7981927707, 0.0], [684712.7740963856, 2574795.7981927707, 0.0], [684717.7680722892, 2574795.7981927707, 0.0], [684722.7620481928, 2574795.7981927707, 0.0], [684727.7560240964, 2574790.8042168673, 0.0], [684732.75, 2574790.8042168673, 0.0], [684737.7439759036, 2574790.8042168673, 0.0], [684742.7379518072, 2574785.8102409635, 0.0], [684747.7319277108, 2574785.8102409635, 0.0], [684752.7259036144, 2574785.8102409635, 0.0], [684757.719879518, 2574780.81626506, 0.0], [684762.7138554216, 2574780.81626506, 0.0], [684767.7078313252, 2574775.8222891563, 0.0], [684772.7018072288, 2574775.8222891563, 0.0], [684777.6957831326, 2574770.828313253, 0.0], [684782.6897590362, 2574770.828313253, 0.0], [684787.6837349398, 2574765.834337349, 0.0], [684792.6777108434, 2574765.834337349, 0.0], [684797.671686747, 2574760.8403614457, 0.0], [684802.6656626506, 2574760.8403614457, 0.0], [684807.6596385542, 2574760.8403614457, 0.0], [684812.6536144578, 2574755.846385542, 0.0], [684817.6475903614, 2574755.846385542, 0.0], [684822.641566265, 2574755.846385542, 0.0], [684827.6355421686, 2574750.8524096385, 0.0], [684832.6295180722, 2574745.8584337346, 0.0], [684837.6234939758, 2574745.8584337346, 0.0], [684842.6174698796, 2574745.8584337346, 0.0], [684847.6114457832, 2574740.8644578313, 0.0], [684852.6054216868, 2574735.8704819274, 0.0], [684857.5993975904, 2574730.876506024, 0.0], [684862.593373494, 2574730.876506024, 0.0], [684867.5873493976, 2574725.88253012, 0.0], [684872.5813253012, 2574720.888554217, 0.0], [684877.5753012048, 2574720.888554217, 0.0], [684882.5692771084, 2574715.894578313, 0.0], [684887.563253012, 2574710.9006024096, 0.0], [684892.5572289156, 2574705.906626506, 0.0], [684897.5512048192, 2574700.9126506024, 0.0], [684902.5451807228, 2574695.9186746986, 0.0], [684907.5391566264, 2574690.924698795, 0.0], [684912.53313253, 2574690.924698795, 0.0], [684917.5271084338, 2574685.9307228914, 0.0], [684922.5210843374, 2574680.936746988, 0.0], [684927.515060241, 2574675.942771084, 0.0], [684932.5090361446, 2574675.942771084, 0.0], [684937.5030120482, 2574670.948795181, 0.0], [684942.4969879518, 2574670.948795181, 0.0], [684947.4909638554, 2574665.954819277, 0.0], [684952.484939759, 2574665.954819277, 0.0], [684952.484939759, 2574660.960843373, 0.0], [684957.4789156626, 2574655.9668674697, 0.0], [684962.4728915662, 2574655.9668674697, 0.0], [684967.4668674698, 2574650.972891566, 0.0], [684972.4608433734, 2574645.9789156625, 0.0], [684977.454819277, 2574645.9789156625, 0.0], [684982.4487951808, 2574645.9789156625, 0.0], [684987.4427710844, 2574640.9849397587, 0.0], [684992.436746988, 2574640.9849397587, 0.0], [684997.4307228916, 2574635.9909638553, 0.0], [685002.4246987952, 2574635.9909638553, 0.0], [685007.4186746988, 2574630.9969879515, 0.0], [685012.4126506024, 2574630.9969879515, 0.0], [685017.406626506, 2574626.003012048, 0.0], [685022.4006024096, 2574621.0090361442, 0.0], [685027.3945783132, 2574621.0090361442, 0.0], [685032.3885542168, 2574616.015060241, 0.0], [685037.3825301204, 2574611.021084337, 0.0], [685042.376506024, 2574611.021084337, 0.0], [685047.3704819276, 2574606.0271084337, 0.0], [685052.3644578313, 2574606.0271084337, 0.0], [685052.3644578313, 2574601.03313253, 0.0], [685057.358433735, 2574596.0391566264, 0.0], [685052.3644578313, 2574591.0451807226, 0.0], [685052.3644578313, 2574586.051204819, 0.0], [685052.3644578313, 2574581.0572289154, 0.0], [685052.3644578313, 2574576.063253012, 0.0], [685052.3644578313, 2574571.069277108, 0.0], [685047.3704819276, 2574566.075301205, 0.0], [685047.3704819276, 2574561.081325301, 0.0], [685042.376506024, 2574556.0873493976, 0.0], [685037.3825301204, 2574551.0933734938, 0.0], [685032.3885542168, 2574551.0933734938, 0.0], [685032.3885542168, 2574546.0993975904, 0.0], [685032.3885542168, 2574541.1054216865, 0.0], [685032.3885542168, 2574536.111445783, 0.0], [685032.3885542168, 2574531.1174698793, 0.0], [685032.3885542168, 2574526.123493976, 0.0], [685032.3885542168, 2574521.129518072, 0.0], [685032.3885542168, 2574516.1355421683, 0.0], [685032.3885542168, 2574511.141566265, 0.0], [685032.3885542168, 2574506.147590361, 0.0], [685032.3885542168, 2574501.1536144577, 0.0], [685032.3885542168, 2574496.159638554, 0.0], [685037.3825301204, 2574491.1656626505, 0.0], [685042.376506024, 2574486.1716867466, 0.0], [685047.3704819276, 2574481.1777108433, 0.0], [685052.3644578313, 2574476.1837349394, 0.0], [685052.3644578313, 2574471.189759036, 0.0], [685052.3644578313, 2574466.195783132, 0.0], [685052.3644578313, 2574461.201807229, 0.0], [685052.3644578313, 2574456.207831325, 0.0], [685052.3644578313, 2574451.2138554216, 0.0], [685057.358433735, 2574446.219879518, 0.0], [685062.3524096386, 2574441.2259036144, 0.0], [685062.3524096386, 2574436.2319277106, 0.0], [685057.358433735, 2574431.237951807, 0.0], [685057.358433735, 2574426.2439759034, 0.0], [685057.358433735, 2574421.25, 0.0], [685062.3524096386, 2574416.256024096, 0.0], [685062.3524096386, 2574411.262048193, 0.0], [685062.3524096386, 2574406.268072289, 0.0], [685057.358433735, 2574401.2740963856, 0.0], [685057.358433735, 2574396.2801204817, 0.0], [685057.358433735, 2574391.2861445784, 0.0], [685057.358433735, 2574386.2921686745, 0.0], [685057.358433735, 2574381.2981927707, 0.0], [685057.358433735, 2574376.3042168673, 0.0], [685057.358433735, 2574371.3102409635, 0.0], [685057.358433735, 2574366.31626506, 0.0], [685057.358433735, 2574361.3222891563, 0.0], [685057.358433735, 2574356.328313253, 0.0], [685052.3644578313, 2574351.334337349, 0.0], [685052.3644578313, 2574346.3403614457, 0.0], [685052.3644578313, 2574341.346385542, 0.0], [685052.3644578313, 2574336.3524096385, 0.0], [685052.3644578313, 2574331.3584337346, 0.0], [685057.358433735, 2574326.3644578313, 0.0], [685057.358433735, 2574321.3704819274, 0.0], [685062.3524096386, 2574316.376506024, 0.0], [685062.3524096386, 2574311.38253012, 0.0], [685062.3524096386, 2574306.388554217, 0.0], [685062.3524096386, 2574301.394578313, 0.0], [685062.3524096386, 2574296.4006024096, 0.0], [685062.3524096386, 2574291.406626506, 0.0], [685062.3524096386, 2574286.4126506024, 0.0], [685062.3524096386, 2574281.4186746986, 0.0], [685057.358433735, 2574276.424698795, 0.0], [685057.358433735, 2574271.4307228914, 0.0], [685052.3644578313, 2574266.436746988, 0.0], [685047.3704819276, 2574261.442771084, 0.0], [685042.376506024, 2574261.442771084, 0.0], [685037.3825301204, 2574256.448795181, 0.0], [685032.3885542168, 2574256.448795181, 0.0], [685027.3945783132, 2574256.448795181, 0.0], [685022.4006024096, 2574256.448795181, 0.0], [685017.406626506, 2574256.448795181, 0.0], [685012.4126506024, 2574251.454819277, 0.0], [685007.4186746988, 2574246.460843373, 0.0], [685002.4246987952, 2574241.4668674697, 0.0], [684997.4307228916, 2574236.472891566, 0.0], [684992.436746988, 2574231.4789156625, 0.0], [684992.436746988, 2574226.4849397587, 0.0], [684992.436746988, 2574221.4909638553, 0.0], [684992.436746988, 2574216.4969879515, 0.0], [684992.436746988, 2574211.503012048, 0.0], [684987.4427710844, 2574206.5090361442, 0.0], [684982.4487951808, 2574201.515060241, 0.0], [684977.454819277, 2574196.521084337, 0.0], [684977.454819277, 2574191.5271084337, 0.0], [684977.454819277, 2574186.53313253, 0.0], [684977.454819277, 2574181.5391566264, 0.0], [684972.4608433734, 2574176.5451807226, 0.0], [684972.4608433734, 2574171.551204819, 0.0], [684967.4668674698, 2574166.5572289154, 0.0], [684967.4668674698, 2574161.563253012, 0.0], [684962.4728915662, 2574156.569277108, 0.0], [684962.4728915662, 2574151.575301205, 0.0], [684967.4668674698, 2574146.581325301, 0.0], [684967.4668674698, 2574141.5873493976, 0.0], [684967.4668674698, 2574136.5933734938, 0.0], [684967.4668674698, 2574131.5993975904, 0.0], [684962.4728915662, 2574126.6054216865, 0.0], [684957.4789156626, 2574121.611445783, 0.0], [684957.4789156626, 2574116.6174698793, 0.0], [684957.4789156626, 2574111.623493976, 0.0], [684952.484939759, 2574106.629518072, 0.0], [684947.4909638554, 2574101.6355421683, 0.0], [684942.4969879518, 2574096.641566265, 0.0], [684937.5030120482, 2574091.647590361, 0.0], [684932.5090361446, 2574086.6536144577, 0.0], [684927.515060241, 2574081.659638554, 0.0], [684927.515060241, 2574076.6656626505, 0.0], [684922.5210843374, 2574071.6716867466, 0.0], [684917.5271084338, 2574066.6777108433, 0.0], [684912.53313253, 2574066.6777108433, 0.0], [684907.5391566264, 2574061.6837349394, 0.0], [684907.5391566264, 2574056.689759036, 0.0], [684902.5451807228, 2574051.695783132, 0.0], [684897.5512048192, 2574046.701807229, 0.0], [684892.5572289156, 2574041.707831325, 0.0], [684892.5572289156, 2574036.7138554216, 0.0], [684887.563253012, 2574031.719879518, 0.0], [684887.563253012, 2574026.7259036144, 0.0], [684882.5692771084, 2574021.7319277106, 0.0], [684877.5753012048, 2574016.737951807, 0.0], [684877.5753012048, 2574011.7439759034, 0.0], [684877.5753012048, 2574006.75, 0.0], [684877.5753012048, 2574001.756024096, 0.0], [684872.5813253012, 2573996.762048193, 0.0], [684867.5873493976, 2573991.768072289, 0.0], [684862.593373494, 2573986.7740963856, 0.0], [684857.5993975904, 2573981.7801204817, 0.0], [684857.5993975904, 2573976.7861445784, 0.0], [684857.5993975904, 2573971.7921686745, 0.0], [684862.593373494, 2573966.7981927707, 0.0], [684857.5993975904, 2573961.8042168673, 0.0], [684857.5993975904, 2573956.8102409635, 0.0], [684857.5993975904, 2573951.81626506, 0.0], [684857.5993975904, 2573946.8222891563, 0.0], [684857.5993975904, 2573941.828313253, 0.0], [684852.6054216868, 2573936.834337349, 0.0], [684852.6054216868, 2573931.8403614457, 0.0], [684847.6114457832, 2573926.846385542, 0.0], [684847.6114457832, 2573921.8524096385, 0.0], [684842.6174698796, 2573916.8584337346, 0.0], [684837.6234939758, 2573911.8644578313, 0.0], [684837.6234939758, 2573906.8704819274, 0.0], [684832.6295180722, 2573901.876506024, 0.0], [684827.6355421686, 2573896.88253012, 0.0], [684827.6355421686, 2573891.888554217, 0.0], [684827.6355421686, 2573886.894578313, 0.0], [684827.6355421686, 2573881.9006024096, 0.0], [684827.6355421686, 2573876.906626506, 0.0], [684827.6355421686, 2573871.9126506024, 0.0], [684827.6355421686, 2573866.9186746986, 0.0], [684827.6355421686, 2573861.924698795, 0.0], [684827.6355421686, 2573856.9307228914, 0.0], [684832.6295180722, 2573851.936746988, 0.0], [684832.6295180722, 2573846.942771084, 0.0], [684832.6295180722, 2573841.948795181, 0.0], [684837.6234939758, 2573836.954819277, 0.0], [684837.6234939758, 2573831.960843373, 0.0], [684837.6234939758, 2573826.9668674697, 0.0], [684837.6234939758, 2573821.972891566, 0.0], [684837.6234939758, 2573816.9789156625, 0.0], [684837.6234939758, 2573811.9849397587, 0.0], [684837.6234939758, 2573806.9909638553, 0.0], [684837.6234939758, 2573801.9969879515, 0.0], [684837.6234939758, 2573797.003012048, 0.0], [684837.6234939758, 2573792.0090361442, 0.0], [684837.6234939758, 2573787.015060241, 0.0], [684842.6174698796, 2573782.021084337, 0.0], [684847.6114457832, 2573777.0271084337, 0.0], [684852.6054216868, 2573772.03313253, 0.0], [684857.5993975904, 2573767.0391566264, 0.0], [684857.5993975904, 2573762.0451807226, 0.0], [684862.593373494, 2573757.051204819, 0.0], [684867.5873493976, 2573752.0572289154, 0.0], [684872.5813253012, 2573747.063253012, 0.0], [684877.5753012048, 2573742.069277108, 0.0], [684882.5692771084, 2573742.069277108, 0.0], [684887.563253012, 2573737.075301205, 0.0], [684892.5572289156, 2573737.075301205, 0.0], [684897.5512048192, 2573732.081325301, 0.0], [684897.5512048192, 2573727.0873493976, 0.0], [684902.5451807228, 2573722.0933734938, 0.0], [684907.5391566264, 2573717.0993975904, 0.0], [684912.53313253, 2573712.1054216865, 0.0], [684912.53313253, 2573707.111445783, 0.0], [684912.53313253, 2573702.1174698793, 0.0], [684917.5271084338, 2573702.1174698793, 0.0], [684922.5210843374, 2573697.123493976, 0.0], [684927.515060241, 2573692.129518072, 0.0], [684932.5090361446, 2573687.1355421683, 0.0], [684937.5030120482, 2573682.141566265, 0.0], [684937.5030120482, 2573677.147590361, 0.0], [684932.5090361446, 2573672.1536144577, 0.0], [684932.5090361446, 2573667.159638554, 0.0], [684932.5090361446, 2573662.1656626505, 0.0], [684937.5030120482, 2573657.1716867466, 0.0], [684937.5030120482, 2573652.1777108433, 0.0], [684942.4969879518, 2573647.1837349394, 0.0], [684947.4909638554, 2573647.1837349394, 0.0], [684952.484939759, 2573642.189759036, 0.0], [684957.4789156626, 2573637.195783132, 0.0], [684962.4728915662, 2573637.195783132, 0.0], [684967.4668674698, 2573632.201807229, 0.0], [684972.4608433734, 2573632.201807229, 0.0], [684977.454819277, 2573627.207831325, 0.0], [684982.4487951808, 2573627.207831325, 0.0], [684987.4427710844, 2573622.2138554216, 0.0], [684992.436746988, 2573617.219879518, 0.0], [684997.4307228916, 2573617.219879518, 0.0], [685002.4246987952, 2573612.2259036144, 0.0], [685007.4186746988, 2573607.2319277106, 0.0], [685012.4126506024, 2573602.237951807, 0.0], [685012.4126506024, 2573597.2439759034, 0.0], [685017.406626506, 2573592.25, 0.0], [685022.4006024096, 2573587.256024096, 0.0], [685027.3945783132, 2573587.256024096, 0.0], [685032.3885542168, 2573582.262048193, 0.0], [685037.3825301204, 2573577.268072289, 0.0], [685042.376506024, 2573572.2740963856, 0.0], [685047.3704819276, 2573572.2740963856, 0.0], [685052.3644578313, 2573567.2801204817, 0.0], [685057.358433735, 2573567.2801204817, 0.0], [685062.3524096386, 2573562.2861445784, 0.0], [685067.3463855422, 2573562.2861445784, 0.0], [685072.3403614458, 2573557.2921686745, 0.0], [685077.3343373494, 2573557.2921686745, 0.0], [685082.328313253, 2573557.2921686745, 0.0], [685087.3222891566, 2573552.2981927707, 0.0], [685092.3162650602, 2573552.2981927707, 0.0], [685097.3102409638, 2573552.2981927707, 0.0], [685102.3042168674, 2573552.2981927707, 0.0], [685107.298192771, 2573547.3042168673, 0.0], [685112.2921686746, 2573547.3042168673, 0.0], [685117.2861445784, 2573547.3042168673, 0.0], [685122.280120482, 2573547.3042168673, 0.0], [685127.2740963856, 2573547.3042168673, 0.0], [685132.2680722892, 2573542.3102409635, 0.0], [685137.2620481928, 2573542.3102409635, 0.0], [685142.2560240964, 2573537.31626506, 0.0], [685147.25, 2573532.3222891563, 0.0], [685152.2439759036, 2573532.3222891563, 0.0], [685157.2379518072, 2573532.3222891563, 0.0], [685162.2319277108, 2573537.31626506, 0.0], [685167.2259036144, 2573537.31626506, 0.0], [685172.219879518, 2573537.31626506, 0.0], [685177.2138554216, 2573532.3222891563, 0.0], [685182.2078313252, 2573532.3222891563, 0.0], [685182.2078313252, 2573527.328313253, 0.0], [685187.2018072288, 2573522.334337349, 0.0], [685192.1957831326, 2573517.3403614457, 0.0], [685197.1897590362, 2573512.346385542, 0.0], [685202.1837349398, 2573512.346385542, 0.0], [685207.1777108434, 2573507.3524096385, 0.0], [685212.171686747, 2573507.3524096385, 0.0], [685217.1656626506, 2573502.3584337346, 0.0], [685222.1596385542, 2573497.3644578313, 0.0], [685227.1536144578, 2573497.3644578313, 0.0], [685232.1475903614, 2573497.3644578313, 0.0], [685237.141566265, 2573497.3644578313, 0.0], [685242.1355421686, 2573492.3704819274, 0.0], [685247.1295180722, 2573492.3704819274, 0.0], [685252.1234939758, 2573492.3704819274, 0.0], [685257.1174698796, 2573492.3704819274, 0.0], [685262.1114457832, 2573492.3704819274, 0.0], [685267.1054216868, 2573492.3704819274, 0.0], [685272.0993975904, 2573492.3704819274, 0.0], [685277.093373494, 2573492.3704819274, 0.0], [685282.0873493976, 2573492.3704819274, 0.0], [685287.0813253012, 2573487.376506024, 0.0], [685292.0753012048, 2573482.38253012, 0.0], [685297.0692771084, 2573477.388554217, 0.0], [685302.063253012, 2573472.394578313, 0.0], [685302.063253012, 2573467.4006024096, 0.0], [685302.063253012, 2573462.406626506, 0.0], [685302.063253012, 2573457.4126506024, 0.0], [685307.0572289156, 2573452.4186746986, 0.0], [685312.0512048192, 2573452.4186746986, 0.0], [685317.0451807228, 2573452.4186746986, 0.0], [685322.0391566264, 2573452.4186746986, 0.0], [685327.03313253, 2573452.4186746986, 0.0], [685332.0271084338, 2573447.424698795, 0.0], [685337.0210843374, 2573447.424698795, 0.0], [685342.015060241, 2573447.424698795, 0.0], [685347.0090361446, 2573447.424698795, 0.0], [685352.0030120482, 2573447.424698795, 0.0], [685356.9969879518, 2573442.4307228914, 0.0], [685361.9909638554, 2573442.4307228914, 0.0], [685366.984939759, 2573442.4307228914, 0.0], [685371.9789156626, 2573442.4307228914, 0.0], [685376.9728915662, 2573437.436746988, 0.0], [685381.9668674698, 2573437.436746988, 0.0], [685386.9608433734, 2573437.436746988, 0.0], [685391.954819277, 2573437.436746988, 0.0], [685396.9487951808, 2573437.436746988, 0.0], [685401.9427710844, 2573437.436746988, 0.0], [685406.936746988, 2573437.436746988, 0.0], [685411.9307228916, 2573437.436746988, 0.0], [685416.9246987952, 2573437.436746988, 0.0], [685421.9186746988, 2573437.436746988, 0.0], [685426.9126506024, 2573437.436746988, 0.0], [685431.906626506, 2573437.436746988, 0.0], [685436.9006024096, 2573437.436746988, 0.0], [685441.8945783132, 2573437.436746988, 0.0], [685446.8885542168, 2573437.436746988, 0.0], [685451.8825301204, 2573437.436746988, 0.0], [685456.876506024, 2573437.436746988, 0.0], [685461.8704819276, 2573432.442771084, 0.0], [685466.8644578314, 2573432.442771084, 0.0], [685471.858433735, 2573432.442771084, 0.0], [685476.8524096386, 2573432.442771084, 0.0], [685481.8463855422, 2573432.442771084, 0.0], [685486.8403614458, 2573432.442771084, 0.0], [685491.8343373494, 2573432.442771084, 0.0], [685496.828313253, 2573432.442771084, 0.0], [685501.8222891566, 2573437.436746988, 0.0], [685506.8162650602, 2573437.436746988, 0.0], [685511.8102409638, 2573442.4307228914, 0.0], [685511.8102409638, 2573447.424698795, 0.0], [685511.8102409638, 2573452.4186746986, 0.0], [685516.8042168674, 2573457.4126506024, 0.0], [685516.8042168674, 2573462.406626506, 0.0], [685521.798192771, 2573467.4006024096, 0.0], [685526.7921686746, 2573467.4006024096, 0.0], [685531.7861445784, 2573472.394578313, 0.0], [685536.780120482, 2573472.394578313, 0.0], [685541.7740963856, 2573472.394578313, 0.0], [685546.7680722892, 2573477.388554217, 0.0], [685551.7620481928, 2573477.388554217, 0.0], [685556.7560240964, 2573477.388554217, 0.0], [685561.75, 2573477.388554217, 0.0], [685566.7439759036, 2573477.388554217, 0.0], [685571.7379518072, 2573477.388554217, 0.0], [685576.7319277108, 2573477.388554217, 0.0], [685581.7259036144, 2573482.38253012, 0.0], [685586.719879518, 2573482.38253012, 0.0], [685591.7138554216, 2573477.388554217, 0.0], [685596.7078313252, 2573477.388554217, 0.0], [685601.7018072288, 2573477.388554217, 0.0], [685606.6957831326, 2573477.388554217, 0.0], [685611.6897590362, 2573477.388554217, 0.0], [685616.6837349398, 2573482.38253012, 0.0], [685621.6777108434, 2573482.38253012, 0.0], [685626.671686747, 2573487.376506024, 0.0], [685631.6656626506, 2573487.376506024, 0.0], [685636.6596385542, 2573492.3704819274, 0.0], [685641.6536144578, 2573497.3644578313, 0.0], [685646.6475903614, 2573502.3584337346, 0.0], [685651.641566265, 2573507.3524096385, 0.0], [685656.6355421686, 2573507.3524096385, 0.0], [685661.6295180722, 2573512.346385542, 0.0], [685661.6295180722, 2573517.3403614457, 0.0], [685666.6234939758, 2573522.334337349, 0.0], [685671.6174698796, 2573522.334337349, 0.0], [685676.6114457832, 2573527.328313253, 0.0], [685681.6054216868, 2573532.3222891563, 0.0], [685686.5993975904, 2573537.31626506, 0.0], [685691.593373494, 2573542.3102409635, 0.0], [685696.5873493976, 2573547.3042168673, 0.0], [685701.5813253012, 2573552.2981927707, 0.0], [685706.5753012048, 2573557.2921686745, 0.0], [685711.5692771084, 2573562.2861445784, 0.0], [685716.563253012, 2573562.2861445784, 0.0], [685721.5572289156, 2573562.2861445784, 0.0], [685726.5512048192, 2573562.2861445784, 0.0], [685731.5451807228, 2573567.2801204817, 0.0], [685736.5391566264, 2573567.2801204817, 0.0], [685741.53313253, 2573572.2740963856, 0.0], [685746.5271084338, 2573577.268072289, 0.0], [685751.5210843374, 2573582.262048193, 0.0], [685756.515060241, 2573582.262048193, 0.0], [685761.5090361446, 2573582.262048193, 0.0], [685766.5030120482, 2573587.256024096, 0.0], [685771.4969879518, 2573592.25, 0.0], [685776.4909638554, 2573592.25, 0.0], [685781.484939759, 2573592.25, 0.0], [685786.4789156626, 2573597.2439759034, 0.0], [685791.4728915662, 2573602.237951807, 0.0], [685796.4668674698, 2573607.2319277106, 0.0], [685801.4608433734, 2573612.2259036144, 0.0], [685806.454819277, 2573607.2319277106, 0.0], [685811.4487951808, 2573607.2319277106, 0.0], [685816.4427710844, 2573612.2259036144, 0.0], [685821.436746988, 2573617.219879518, 0.0], [685826.4307228916, 2573622.2138554216, 0.0], [685831.4246987952, 2573627.207831325, 0.0], [685836.4186746988, 2573627.207831325, 0.0], [685841.4126506024, 2573632.201807229, 0.0], [685846.406626506, 2573637.195783132, 0.0], [685851.4006024096, 2573642.189759036, 0.0], [685856.3945783132, 2573647.1837349394, 0.0], [685856.3945783132, 2573652.1777108433, 0.0], [685861.3885542168, 2573657.1716867466, 0.0], [685861.3885542168, 2573662.1656626505, 0.0], [685861.3885542168, 2573667.159638554, 0.0], [685866.3825301204, 2573672.1536144577, 0.0], [685871.376506024, 2573677.147590361, 0.0], [685876.3704819276, 2573677.147590361, 0.0], [685876.3704819276, 2573682.141566265, 0.0], [685881.3644578314, 2573687.1355421683, 0.0], [685886.358433735, 2573692.129518072, 0.0], [685891.3524096386, 2573697.123493976, 0.0], [685896.3463855422, 2573702.1174698793, 0.0], [685901.3403614458, 2573707.111445783, 0.0], [685906.3343373494, 2573712.1054216865, 0.0], [685911.328313253, 2573717.0993975904, 0.0], [685916.3222891566, 2573722.0933734938, 0.0], [685921.3162650602, 2573727.0873493976, 0.0], [685921.3162650602, 2573732.081325301, 0.0], [685926.3102409638, 2573737.075301205, 0.0], [685931.3042168674, 2573742.069277108, 0.0], [685931.3042168674, 2573747.063253012, 0.0], [685936.298192771, 2573752.0572289154, 0.0], [685941.2921686746, 2573757.051204819, 0.0], [685946.2861445784, 2573757.051204819, 0.0], [685951.280120482, 2573762.0451807226, 0.0], [685956.2740963856, 2573767.0391566264, 0.0], [685961.2680722892, 2573772.03313253, 0.0], [685966.2620481928, 2573777.0271084337, 0.0], [685966.2620481928, 2573782.021084337, 0.0], [685966.2620481928, 2573787.015060241, 0.0], [685966.2620481928, 2573792.0090361442, 0.0], [685971.2560240964, 2573797.003012048, 0.0], [685976.25, 2573801.9969879515, 0.0], [685981.2439759036, 2573806.9909638553, 0.0], [685986.2379518072, 2573811.9849397587, 0.0], [685991.2319277108, 2573816.9789156625, 0.0], [685996.2259036144, 2573821.972891566, 0.0], [686001.219879518, 2573821.972891566, 0.0], [686006.2138554216, 2573826.9668674697, 0.0], [686011.2078313252, 2573831.960843373, 0.0], [686011.2078313252, 2573836.954819277, 0.0], [686016.2018072288, 2573841.948795181, 0.0], [686021.1957831326, 2573846.942771084, 0.0], [686021.1957831326, 2573851.936746988, 0.0], [686021.1957831326, 2573856.9307228914, 0.0], [686026.1897590362, 2573861.924698795, 0.0], [686031.1837349398, 2573866.9186746986, 0.0], [686031.1837349398, 2573871.9126506024, 0.0], [686031.1837349398, 2573876.906626506, 0.0], [686036.1777108434, 2573881.9006024096, 0.0], [686041.171686747, 2573886.894578313, 0.0], [686041.171686747, 2573891.888554217, 0.0], [686046.1656626506, 2573896.88253012, 0.0], [686046.1656626506, 2573901.876506024, 0.0], [686046.1656626506, 2573906.8704819274, 0.0], [686051.1596385542, 2573911.8644578313, 0.0], [686051.1596385542, 2573916.8584337346, 0.0], [686056.1536144578, 2573921.8524096385, 0.0], [686056.1536144578, 2573926.846385542, 0.0], [686056.1536144578, 2573931.8403614457, 0.0], [686056.1536144578, 2573936.834337349, 0.0], [686061.1475903614, 2573941.828313253, 0.0], [686061.1475903614, 2573946.8222891563, 0.0], [686066.141566265, 2573951.81626506, 0.0], [686071.1355421686, 2573956.8102409635, 0.0], [686071.1355421686, 2573961.8042168673, 0.0], [686071.1355421686, 2573966.7981927707, 0.0], [686071.1355421686, 2573971.7921686745, 0.0], [686071.1355421686, 2573976.7861445784, 0.0], [686076.1295180722, 2573981.7801204817, 0.0], [686076.1295180722, 2573986.7740963856, 0.0], [686076.1295180722, 2573991.768072289, 0.0], [686081.1234939758, 2573996.762048193, 0.0], [686081.1234939758, 2574001.756024096, 0.0], [686086.1174698796, 2574006.75, 0.0], [686091.1114457832, 2574006.75, 0.0], [686096.1054216868, 2574011.7439759034, 0.0], [686101.0993975904, 2574016.737951807, 0.0], [686106.093373494, 2574021.7319277106, 0.0], [686111.0873493976, 2574021.7319277106, 0.0], [686116.0813253012, 2574021.7319277106, 0.0], [686121.0753012048, 2574021.7319277106, 0.0], [686126.0692771084, 2574021.7319277106, 0.0], [686131.063253012, 2574021.7319277106, 0.0], [686136.0572289156, 2574026.7259036144, 0.0], [686141.0512048192, 2574031.719879518, 0.0], [686141.0512048192, 2574036.7138554216, 0.0], [686141.0512048192, 2574041.707831325, 0.0], [686146.0451807228, 2574046.701807229, 0.0], [686146.0451807228, 2574051.695783132, 0.0], [686151.0391566264, 2574056.689759036, 0.0], [686156.03313253, 2574061.6837349394, 0.0], [686161.0271084338, 2574066.6777108433, 0.0], [686166.0210843374, 2574071.6716867466, 0.0], [686171.015060241, 2574076.6656626505, 0.0], [686171.015060241, 2574081.659638554, 0.0], [686176.0090361446, 2574086.6536144577, 0.0], [686181.0030120482, 2574086.6536144577, 0.0], [686185.9969879518, 2574086.6536144577, 0.0], [686190.9909638554, 2574081.659638554, 0.0], [686195.984939759, 2574086.6536144577, 0.0], [686200.9789156626, 2574091.647590361, 0.0], [686205.9728915662, 2574096.641566265, 0.0], [686210.9668674698, 2574101.6355421683, 0.0], [686215.9608433734, 2574106.629518072, 0.0], [686220.954819277, 2574111.623493976, 0.0], [686220.954819277, 2574116.6174698793, 0.0], [686225.9487951808, 2574116.6174698793, 0.0], [686230.9427710844, 2574116.6174698793, 0.0], [686235.936746988, 2574121.611445783, 0.0], [686240.9307228916, 2574126.6054216865, 0.0], [686245.9246987952, 2574131.5993975904, 0.0], [686250.9186746988, 2574136.5933734938, 0.0], [686255.9126506024, 2574141.5873493976, 0.0], [686260.906626506, 2574141.5873493976, 0.0], [686265.9006024096, 2574141.5873493976, 0.0], [686270.8945783132, 2574141.5873493976, 0.0], [686275.8885542168, 2574136.5933734938, 0.0], [686280.8825301204, 2574136.5933734938, 0.0], [686285.876506024, 2574136.5933734938, 0.0], [686290.8704819276, 2574136.5933734938, 0.0], [686295.8644578314, 2574136.5933734938, 0.0], [686300.858433735, 2574131.5993975904, 0.0], [686305.8524096386, 2574131.5993975904, 0.0], [686310.8463855422, 2574131.5993975904, 0.0], [686315.8403614458, 2574131.5993975904, 0.0], [686320.8343373494, 2574131.5993975904, 0.0], [686325.828313253, 2574131.5993975904, 0.0], [686330.8222891566, 2574131.5993975904, 0.0], [686335.8162650602, 2574131.5993975904, 0.0], [686340.8102409638, 2574131.5993975904, 0.0], [686345.8042168674, 2574126.6054216865, 0.0], [686350.798192771, 2574126.6054216865, 0.0], [686355.7921686746, 2574121.611445783, 0.0], [686360.7861445784, 2574121.611445783, 0.0], [686365.780120482, 2574121.611445783, 0.0], [686370.7740963856, 2574116.6174698793, 0.0], [686375.7680722892, 2574116.6174698793, 0.0], [686380.7620481928, 2574116.6174698793, 0.0], [686385.7560240964, 2574111.623493976, 0.0], [686385.7560240964, 2574106.629518072, 0.0], [686390.75, 2574106.629518072, 0.0], [686395.7439759036, 2574101.6355421683, 0.0], [686400.7379518072, 2574101.6355421683, 0.0], [686405.7319277108, 2574096.641566265, 0.0], [686410.7259036144, 2574091.647590361, 0.0], [686415.719879518, 2574091.647590361, 0.0], [686420.7138554216, 2574091.647590361, 0.0], [686425.7078313252, 2574091.647590361, 0.0], [686430.7018072288, 2574086.6536144577, 0.0], [686435.6957831326, 2574081.659638554, 0.0], [686440.6897590362, 2574081.659638554, 0.0], [686445.6837349398, 2574081.659638554, 0.0], [686450.6777108434, 2574081.659638554, 0.0], [686455.671686747, 2574081.659638554, 0.0], [686460.6656626506, 2574081.659638554, 0.0], [686465.6596385542, 2574081.659638554, 0.0], [686470.6536144578, 2574081.659638554, 0.0], [686475.6475903614, 2574081.659638554, 0.0], [686480.641566265, 2574076.6656626505, 0.0], [686485.6355421686, 2574076.6656626505, 0.0], [686490.6295180722, 2574076.6656626505, 0.0], [686495.6234939758, 2574076.6656626505, 0.0], [686500.6174698796, 2574076.6656626505, 0.0], [686505.6114457832, 2574076.6656626505, 0.0], [686510.6054216868, 2574076.6656626505, 0.0], [686515.5993975904, 2574071.6716867466, 0.0], [686520.593373494, 2574066.6777108433, 0.0], [686525.5873493976, 2574061.6837349394, 0.0], [686525.5873493976, 2574056.689759036, 0.0], [686530.5813253012, 2574056.689759036, 0.0], [686535.5753012048, 2574056.689759036, 0.0], [686540.5692771084, 2574061.6837349394, 0.0], [686545.563253012, 2574066.6777108433, 0.0], [686550.5572289156, 2574066.6777108433, 0.0], [686555.5512048192, 2574071.6716867466, 0.0], [686560.5451807228, 2574071.6716867466, 0.0], [686565.5391566264, 2574076.6656626505, 0.0], [686570.53313253, 2574076.6656626505, 0.0], [686575.5271084338, 2574076.6656626505, 0.0], [686580.5210843374, 2574076.6656626505, 0.0], [686585.515060241, 2574076.6656626505, 0.0], [686590.5090361446, 2574076.6656626505, 0.0], [686595.5030120482, 2574076.6656626505, 0.0], [686600.4969879518, 2574076.6656626505, 0.0], [686605.4909638554, 2574071.6716867466, 0.0], [686610.484939759, 2574071.6716867466, 0.0], [686615.4789156626, 2574066.6777108433, 0.0], [686620.4728915662, 2574066.6777108433, 0.0], [686625.4668674698, 2574061.6837349394, 0.0], [686630.4608433734, 2574056.689759036, 0.0], [686635.454819277, 2574056.689759036, 0.0], [686640.4487951808, 2574051.695783132, 0.0], [686645.4427710844, 2574046.701807229, 0.0], [686650.436746988, 2574046.701807229, 0.0], [686655.4307228916, 2574041.707831325, 0.0], [686660.4246987952, 2574041.707831325, 0.0], [686665.4186746988, 2574036.7138554216, 0.0], [686670.4126506024, 2574036.7138554216, 0.0], [686675.406626506, 2574031.719879518, 0.0], [686680.4006024096, 2574031.719879518, 0.0], [686685.3945783132, 2574026.7259036144, 0.0], [686690.3885542168, 2574021.7319277106, 0.0], [686695.3825301204, 2574016.737951807, 0.0], [686700.376506024, 2574011.7439759034, 0.0], [686705.3704819276, 2574006.75, 0.0], [686710.3644578314, 2574001.756024096, 0.0], [686715.358433735, 2573996.762048193, 0.0], [686720.3524096386, 2573996.762048193, 0.0], [686725.3463855422, 2573996.762048193, 0.0], [686730.3403614458, 2573991.768072289, 0.0], [686735.3343373494, 2573991.768072289, 0.0], [686740.328313253, 2573986.7740963856, 0.0], [686745.3222891566, 2573986.7740963856, 0.0], [686750.3162650602, 2573981.7801204817, 0.0], [686755.3102409638, 2573981.7801204817, 0.0], [686760.3042168674, 2573981.7801204817, 0.0], [686765.298192771, 2573976.7861445784, 0.0], [686770.2921686746, 2573971.7921686745, 0.0], [686775.2861445784, 2573966.7981927707, 0.0], [686780.280120482, 2573966.7981927707, 0.0], [686780.280120482, 2573961.8042168673, 0.0], [686785.2740963856, 2573956.8102409635, 0.0], [686790.2680722892, 2573956.8102409635, 0.0], [686795.2620481928, 2573951.81626506, 0.0], [686800.2560240964, 2573946.8222891563, 0.0], [686805.25, 2573941.828313253, 0.0], [686810.2439759036, 2573936.834337349, 0.0], [686815.2379518072, 2573931.8403614457, 0.0], [686820.2319277108, 2573931.8403614457, 0.0], [686825.2259036144, 2573931.8403614457, 0.0], [686830.219879518, 2573926.846385542, 0.0], [686835.2138554216, 2573921.8524096385, 0.0], [686840.2078313252, 2573921.8524096385, 0.0], [686845.2018072288, 2573916.8584337346, 0.0], [686850.1957831326, 2573911.8644578313, 0.0], [686850.1957831326, 2573906.8704819274, 0.0], [686855.1897590362, 2573901.876506024, 0.0], [686855.1897590362, 2573896.88253012, 0.0], [686860.1837349398, 2573891.888554217, 0.0], [686865.1777108434, 2573886.894578313, 0.0], [686870.171686747, 2573881.9006024096, 0.0], [686875.1656626506, 2573876.906626506, 0.0], [686880.1596385542, 2573871.9126506024, 0.0], [686885.1536144578, 2573866.9186746986, 0.0], [686890.1475903614, 2573861.924698795, 0.0], [686895.141566265, 2573856.9307228914, 0.0], [686900.1355421686, 2573851.936746988, 0.0], [686905.1295180722, 2573846.942771084, 0.0], [686910.1234939758, 2573841.948795181, 0.0], [686915.1174698796, 2573841.948795181, 0.0], [686915.1174698796, 2573846.942771084, 0.0], [686920.1114457832, 2573851.936746988, 0.0], [686925.1054216868, 2573851.936746988, 0.0], [686930.0993975904, 2573851.936746988, 0.0], [686935.093373494, 2573851.936746988, 0.0], [686940.0873493976, 2573846.942771084, 0.0], [686945.0813253012, 2573841.948795181, 0.0], [686950.0753012048, 2573836.954819277, 0.0], [686955.0692771084, 2573836.954819277, 0.0], [686960.063253012, 2573831.960843373, 0.0], [686960.063253012, 2573826.9668674697, 0.0], [686955.0692771084, 2573821.972891566, 0.0], [686955.0692771084, 2573816.9789156625, 0.0], [686950.0753012048, 2573811.9849397587, 0.0], [686950.0753012048, 2573806.9909638553, 0.0], [686950.0753012048, 2573801.9969879515, 0.0], [686955.0692771084, 2573797.003012048, 0.0], [686955.0692771084, 2573792.0090361442, 0.0], [686955.0692771084, 2573787.015060241, 0.0], [686960.063253012, 2573782.021084337, 0.0], [686965.0572289156, 2573777.0271084337, 0.0], [686970.0512048192, 2573772.03313253, 0.0], [686975.0451807228, 2573767.0391566264, 0.0], [686975.0451807228, 2573762.0451807226, 0.0], [686980.0391566264, 2573762.0451807226, 0.0], [686985.03313253, 2573757.051204819, 0.0], [686990.0271084338, 2573752.0572289154, 0.0], [686995.0210843374, 2573747.063253012, 0.0], [687000.015060241, 2573742.069277108, 0.0], [687005.0090361446, 2573742.069277108, 0.0], [687010.0030120482, 2573737.075301205, 0.0], [687014.9969879518, 2573732.081325301, 0.0], [687019.9909638554, 2573732.081325301, 0.0], [687024.984939759, 2573732.081325301, 0.0], [687029.9789156626, 2573732.081325301, 0.0], [687034.9728915662, 2573727.0873493976, 0.0], [687039.9668674698, 2573722.0933734938, 0.0], [687044.9608433734, 2573722.0933734938, 0.0], [687049.9548192772, 2573717.0993975904, 0.0], [687054.9487951808, 2573717.0993975904, 0.0], [687059.9427710844, 2573717.0993975904, 0.0], [687064.936746988, 2573712.1054216865, 0.0], [687069.9307228916, 2573717.0993975904, 0.0], [687074.9246987952, 2573717.0993975904, 0.0], [687079.9186746988, 2573717.0993975904, 0.0], [687084.9126506024, 2573722.0933734938, 0.0], [687089.906626506, 2573722.0933734938, 0.0], [687094.9006024096, 2573722.0933734938, 0.0], [687099.8945783132, 2573722.0933734938, 0.0], [687104.8885542168, 2573727.0873493976, 0.0], [687109.8825301204, 2573727.0873493976, 0.0], [687114.876506024, 2573727.0873493976, 0.0], [687119.8704819276, 2573727.0873493976, 0.0], [687124.8644578314, 2573727.0873493976, 0.0], [687129.858433735, 2573722.0933734938, 0.0], [687134.8524096386, 2573722.0933734938, 0.0], [687139.8463855422, 2573722.0933734938, 0.0], [687144.8403614458, 2573722.0933734938, 0.0], [687149.8343373494, 2573722.0933734938, 0.0], [687154.828313253, 2573717.0993975904, 0.0], [687159.8222891566, 2573722.0933734938, 0.0], [687164.8162650602, 2573722.0933734938, 0.0], [687169.8102409638, 2573722.0933734938, 0.0], [687174.8042168674, 2573727.0873493976, 0.0], [687179.798192771, 2573732.081325301, 0.0], [687184.7921686746, 2573732.081325301, 0.0], [687189.7861445784, 2573732.081325301, 0.0], [687194.780120482, 2573732.081325301, 0.0], [687199.7740963856, 2573732.081325301, 0.0], [687204.7680722892, 2573732.081325301, 0.0], [687209.7620481928, 2573727.0873493976, 0.0], [687209.7620481928, 2573722.0933734938, 0.0], [687214.7560240964, 2573717.0993975904, 0.0], [687219.75, 2573712.1054216865, 0.0], [687219.75, 2573707.111445783, 0.0], [687224.7439759036, 2573702.1174698793, 0.0], [687229.7379518072, 2573697.123493976, 0.0], [687234.7319277108, 2573697.123493976, 0.0], [687239.7259036144, 2573697.123493976, 0.0], [687239.7259036144, 2573692.129518072, 0.0], [687244.719879518, 2573687.1355421683, 0.0], [687249.7138554216, 2573682.141566265, 0.0], [687254.7078313252, 2573677.147590361, 0.0], [687259.7018072288, 2573672.1536144577, 0.0], [687264.6957831326, 2573667.159638554, 0.0], [687269.6897590362, 2573662.1656626505, 0.0], [687269.6897590362, 2573657.1716867466, 0.0], [687269.6897590362, 2573652.1777108433, 0.0], [687274.6837349398, 2573647.1837349394, 0.0], [687279.6777108434, 2573642.189759036, 0.0], [687279.6777108434, 2573637.195783132, 0.0], [687279.6777108434, 2573632.201807229, 0.0], [687279.6777108434, 2573627.207831325, 0.0], [687279.6777108434, 2573622.2138554216, 0.0], [687279.6777108434, 2573617.219879518, 0.0], [687284.671686747, 2573612.2259036144, 0.0], [687284.671686747, 2573607.2319277106, 0.0], [687289.6656626506, 2573602.237951807, 0.0], [687294.6596385542, 2573597.2439759034, 0.0], [687299.6536144578, 2573592.25, 0.0], [687304.6475903614, 2573587.256024096, 0.0], [687309.641566265, 2573582.262048193, 0.0], [687314.6355421686, 2573582.262048193, 0.0], [687319.6295180722, 2573582.262048193, 0.0], [687319.6295180722, 2573577.268072289, 0.0], [687324.6234939758, 2573572.2740963856, 0.0], [687319.6295180722, 2573567.2801204817, 0.0], [687319.6295180722, 2573562.2861445784, 0.0], [687319.6295180722, 2573557.2921686745, 0.0], [687319.6295180722, 2573552.2981927707, 0.0], [687319.6295180722, 2573547.3042168673, 0.0], [687324.6234939758, 2573542.3102409635, 0.0], [687324.6234939758, 2573537.31626506, 0.0], [687329.6174698796, 2573537.31626506, 0.0], [687334.6114457832, 2573532.3222891563, 0.0], [687339.6054216868, 2573532.3222891563, 0.0], [687344.5993975904, 2573527.328313253, 0.0], [687349.593373494, 2573522.334337349, 0.0], [687354.5873493976, 2573517.3403614457, 0.0], [687359.5813253012, 2573512.346385542, 0.0], [687364.5753012048, 2573507.3524096385, 0.0], [687369.5692771084, 2573502.3584337346, 0.0], [687374.563253012, 2573497.3644578313, 0.0], [687379.5572289156, 2573492.3704819274, 0.0], [687384.5512048192, 2573487.376506024, 0.0], [687389.5451807228, 2573482.38253012, 0.0], [687394.5391566264, 2573477.388554217, 0.0], [687399.5331325302, 2573472.394578313, 0.0], [687404.5271084338, 2573467.4006024096, 0.0], [687409.5210843374, 2573462.406626506, 0.0], [687414.515060241, 2573462.406626506, 0.0], [687419.5090361446, 2573462.406626506, 0.0], [687424.5030120482, 2573467.4006024096, 0.0], [687429.4969879518, 2573472.394578313, 0.0], [687434.4909638554, 2573467.4006024096, 0.0], [687439.484939759, 2573467.4006024096, 0.0], [687444.4789156626, 2573462.406626506, 0.0], [687444.4789156626, 2573457.4126506024, 0.0], [687444.4789156626, 2573452.4186746986, 0.0], [687449.4728915662, 2573447.424698795, 0.0], [687454.4668674698, 2573442.4307228914, 0.0], [687454.4668674698, 2573437.436746988, 0.0], [687459.4608433734, 2573432.442771084, 0.0], [687459.4608433734, 2573427.448795181, 0.0], [687459.4608433734, 2573422.454819277, 0.0], [687459.4608433734, 2573417.460843373, 0.0], [687464.4548192772, 2573412.4668674697, 0.0], [687469.4487951808, 2573407.472891566, 0.0], [687474.4427710844, 2573402.4789156625, 0.0], [687474.4427710844, 2573397.4849397587, 0.0], [687474.4427710844, 2573392.4909638553, 0.0], [687474.4427710844, 2573387.4969879515, 0.0], [687479.436746988, 2573382.503012048, 0.0], [687484.4307228916, 2573377.5090361442, 0.0], [687489.4246987952, 2573372.515060241, 0.0], [687489.4246987952, 2573367.521084337, 0.0], [687494.4186746988, 2573362.5271084337, 0.0], [687499.4126506024, 2573357.53313253, 0.0], [687504.406626506, 2573352.5391566264, 0.0], [687504.406626506, 2573347.5451807226, 0.0], [687504.406626506, 2573342.551204819, 0.0], [687504.406626506, 2573337.5572289154, 0.0], [687504.406626506, 2573332.563253012, 0.0], [687509.4006024096, 2573327.569277108, 0.0], [687514.3945783132, 2573322.575301205, 0.0], [687519.3885542168, 2573322.575301205, 0.0], [687524.3825301204, 2573322.575301205, 0.0], [687529.376506024, 2573322.575301205, 0.0], [687534.3704819276, 2573317.581325301, 0.0], [687539.3644578314, 2573317.581325301, 0.0], [687539.3644578314, 2573312.5873493976, 0.0], [687539.3644578314, 2573307.5933734938, 0.0], [687539.3644578314, 2573302.5993975904, 0.0], [687534.3704819276, 2573297.6054216865, 0.0], [687529.376506024, 2573292.611445783, 0.0], [687524.3825301204, 2573287.6174698793, 0.0], [687519.3885542168, 2573282.623493976, 0.0], [687524.3825301204, 2573277.629518072, 0.0], [687524.3825301204, 2573272.6355421683, 0.0], [687519.3885542168, 2573267.641566265, 0.0], [687519.3885542168, 2573262.647590361, 0.0], [687519.3885542168, 2573257.6536144577, 0.0], [687519.3885542168, 2573252.659638554, 0.0], [687519.3885542168, 2573247.6656626505, 0.0], [687519.3885542168, 2573242.6716867466, 0.0], [687514.3945783132, 2573237.6777108433, 0.0], [687514.3945783132, 2573232.6837349394, 0.0], [687519.3885542168, 2573227.689759036, 0.0], [687524.3825301204, 2573222.695783132, 0.0], [687529.376506024, 2573217.701807229, 0.0], [687534.3704819276, 2573212.707831325, 0.0], [687534.3704819276, 2573207.7138554216, 0.0], [687534.3704819276, 2573202.719879518, 0.0], [687539.3644578314, 2573197.7259036144, 0.0], [687544.358433735, 2573192.7319277106, 0.0], [687549.3524096386, 2573187.737951807, 0.0], [687554.3463855422, 2573182.7439759034, 0.0], [687554.3463855422, 2573177.75, 0.0], [687559.3403614458, 2573172.756024096, 0.0], [687559.3403614458, 2573167.762048193, 0.0], [687559.3403614458, 2573162.768072289, 0.0], [687564.3343373494, 2573157.7740963856, 0.0], [687569.328313253, 2573152.7801204817, 0.0], [687574.3222891566, 2573147.7861445784, 0.0], [687579.3162650602, 2573142.7921686745, 0.0], [687579.3162650602, 2573137.7981927707, 0.0], [687584.3102409638, 2573132.8042168673, 0.0], [687584.3102409638, 2573127.8102409635, 0.0], [687589.3042168674, 2573122.81626506, 0.0], [687594.298192771, 2573122.81626506, 0.0], [687594.298192771, 2573117.8222891563, 0.0], [687599.2921686746, 2573112.828313253, 0.0], [687604.2861445784, 2573107.834337349, 0.0], [687609.280120482, 2573102.8403614457, 0.0], [687614.2740963856, 2573097.846385542, 0.0], [687619.2680722892, 2573092.8524096385, 0.0], [687624.2620481928, 2573087.8584337346, 0.0], [687624.2620481928, 2573082.8644578313, 0.0], [687624.2620481928, 2573077.8704819274, 0.0], [687624.2620481928, 2573072.876506024, 0.0], [687629.2560240964, 2573067.88253012, 0.0], [687634.25, 2573062.888554217, 0.0], [687634.25, 2573057.894578313, 0.0], [687639.2439759036, 2573052.9006024096, 0.0], [687644.2379518072, 2573052.9006024096, 0.0], [687649.2319277108, 2573047.906626506, 0.0], [687654.2259036144, 2573042.9126506024, 0.0], [687654.2259036144, 2573037.9186746986, 0.0], [687659.219879518, 2573037.9186746986, 0.0], [687664.2138554216, 2573037.9186746986, 0.0], [687669.2078313252, 2573032.924698795, 0.0], [687674.2018072288, 2573032.924698795, 0.0], [687679.1957831326, 2573037.9186746986, 0.0], [687684.1897590362, 2573042.9126506024, 0.0], [687689.1837349398, 2573042.9126506024, 0.0], [687694.1777108434, 2573042.9126506024, 0.0], [687699.171686747, 2573042.9126506024, 0.0], [687704.1656626506, 2573042.9126506024, 0.0], [687709.1596385542, 2573042.9126506024, 0.0], [687714.1536144578, 2573042.9126506024, 0.0], [687719.1475903614, 2573042.9126506024, 0.0], [687724.141566265, 2573037.9186746986, 0.0], [687729.1355421686, 2573037.9186746986, 0.0], [687734.1295180722, 2573037.9186746986, 0.0], [687739.1234939758, 2573037.9186746986, 0.0], [687744.1174698796, 2573032.924698795, 0.0], [687749.1114457832, 2573027.9307228914, 0.0], [687754.1054216868, 2573022.936746988, 0.0], [687754.1054216868, 2573017.942771084, 0.0], [687759.0993975904, 2573012.948795181, 0.0], [687764.093373494, 2573007.954819277, 0.0], [687764.093373494, 2573002.960843373, 0.0], [687769.0873493976, 2572997.9668674697, 0.0], [687769.0873493976, 2572992.972891566, 0.0], [687769.0873493976, 2572987.9789156625, 0.0], [687774.0813253012, 2572982.9849397587, 0.0], [687774.0813253012, 2572977.9909638553, 0.0], [687774.0813253012, 2572972.9969879515, 0.0], [687779.0753012048, 2572968.003012048, 0.0], [687779.0753012048, 2572963.0090361442, 0.0], [687779.0753012048, 2572958.015060241, 0.0], [687779.0753012048, 2572953.021084337, 0.0], [687784.0692771084, 2572948.0271084337, 0.0], [687784.0692771084, 2572943.03313253, 0.0], [687784.0692771084, 2572938.0391566264, 0.0], [687784.0692771084, 2572933.0451807226, 0.0], [687784.0692771084, 2572928.051204819, 0.0], [687784.0692771084, 2572923.0572289154, 0.0], [687784.0692771084, 2572920.560240964, NaN]]}}, {"type": "Feature", "properties": {"name": "R8", "length": null}, "geometry": {"type": "LineString", "coordinates": [[687784.0692771084, 2572920.560240964, NaN], [687784.0692771084, 2572918.063253012, 0.0], [687784.0692771084, 2572913.069277108, 0.0], [687784.0692771084, 2572908.075301205, 0.0], [687789.063253012, 2572903.081325301, 0.0], [687794.0572289156, 2572898.0873493976, 0.0], [687794.0572289156, 2572893.0933734938, 0.0], [687794.0572289156, 2572888.0993975904, 0.0], [687794.0572289156, 2572883.1054216865, 0.0], [687794.0572289156, 2572878.111445783, 0.0], [687794.0572289156, 2572873.1174698793, 0.0], [687794.0572289156, 2572868.123493976, 0.0], [687794.0572289156, 2572863.129518072, 0.0], [687789.063253012, 2572858.1355421683, 0.0], [687789.063253012, 2572853.141566265, 0.0], [687789.063253012, 2572848.147590361, 0.0], [687784.0692771084, 2572843.1536144577, 0.0], [687784.0692771084, 2572838.159638554, 0.0], [687784.0692771084, 2572833.1656626505, 0.0], [687784.0692771084, 2572828.1716867466, 0.0], [687784.0692771084, 2572823.1777108433, 0.0], [687784.0692771084, 2572818.1837349394, 0.0], [687784.0692771084, 2572813.189759036, 0.0], [687784.0692771084, 2572808.195783132, 0.0], [687784.0692771084, 2572803.201807229, 0.0], [687784.0692771084, 2572798.207831325, 0.0], [687784.0692771084, 2572793.2138554216, 0.0], [687784.0692771084, 2572788.219879518, 0.0], [687784.0692771084, 2572783.2259036144, 0.0], [687784.0692771084, 2572778.2319277106, 0.0], [687779.0753012048, 2572773.237951807, 0.0], [687774.0813253012, 2572768.2439759034, 0.0], [687769.0873493976, 2572768.2439759034, 0.0], [687769.0873493976, 2572763.25, 0.0], [687769.0873493976, 2572758.256024096, 0.0], [687774.0813253012, 2572758.256024096, 0.0], [687769.0873493976, 2572753.262048193, 0.0], [687764.093373494, 2572748.268072289, 0.0], [687764.093373494, 2572743.2740963856, 0.0], [687764.093373494, 2572738.2801204817, 0.0], [687759.0993975904, 2572733.2861445784, 0.0], [687754.1054216868, 2572728.2921686745, 0.0], [687749.1114457832, 2572723.2981927707, 0.0], [687749.1114457832, 2572718.3042168673, 0.0], [687744.1174698796, 2572713.3102409635, 0.0], [687744.1174698796, 2572708.31626506, 0.0], [687744.1174698796, 2572703.3222891563, 0.0], [687744.1174698796, 2572698.328313253, 0.0], [687744.1174698796, 2572693.334337349, 0.0], [687744.1174698796, 2572688.3403614457, 0.0], [687739.1234939758, 2572683.346385542, 0.0], [687739.1234939758, 2572678.3524096385, 0.0], [687739.1234939758, 2572673.3584337346, 0.0], [687739.1234939758, 2572668.3644578313, 0.0], [687739.1234939758, 2572663.3704819274, 0.0], [687739.1234939758, 2572658.376506024, 0.0], [687739.1234939758, 2572653.38253012, 0.0], [687739.1234939758, 2572648.388554217, 0.0], [687739.1234939758, 2572643.394578313, 0.0], [687739.1234939758, 2572638.4006024096, 0.0], [687739.1234939758, 2572633.406626506, 0.0], [687739.1234939758, 2572628.4126506024, 0.0], [687739.1234939758, 2572623.4186746986, 0.0], [687739.1234939758, 2572618.424698795, 0.0], [687739.1234939758, 2572613.4307228914, 0.0], [687744.1174698796, 2572608.436746988, 0.0], [687744.1174698796, 2572603.442771084, 0.0], [687744.1174698796, 2572598.448795181, 0.0], [687744.1174698796, 2572593.454819277, 0.0], [687749.1114457832, 2572588.460843373, 0.0], [687754.1054216868, 2572583.4668674697, 0.0], [687754.1054216868, 2572578.472891566, 0.0], [687754.1054216868, 2572573.4789156625, 0.0], [687759.0993975904, 2572568.4849397587, 0.0], [687759.0993975904, 2572563.4909638553, 0.0], [687764.093373494, 2572558.4969879515, 0.0], [687764.093373494, 2572553.503012048, 0.0], [687764.093373494, 2572548.5090361442, 0.0], [687769.0873493976, 2572543.515060241, 0.0], [687774.0813253012, 2572538.521084337, 0.0], [687779.0753012048, 2572533.5271084337, 0.0], [687784.0692771084, 2572528.53313253, 0.0], [687789.063253012, 2572523.5391566264, 0.0], [687794.0572289156, 2572518.5451807226, 0.0], [687799.0512048192, 2572518.5451807226, 0.0], [687799.0512048192, 2572513.551204819, 0.0], [687804.0451807228, 2572508.5572289154, 0.0], [687804.0451807228, 2572503.563253012, 0.0], [687809.0391566264, 2572498.569277108, 0.0], [687809.0391566264, 2572493.575301205, 0.0], [687809.0391566264, 2572488.581325301, 0.0], [687809.0391566264, 2572483.5873493976, 0.0], [687809.0391566264, 2572478.5933734938, 0.0], [687814.0331325302, 2572473.5993975904, 0.0], [687819.0271084338, 2572468.6054216865, 0.0], [687824.0210843374, 2572463.611445783, 0.0], [687829.015060241, 2572458.6174698793, 0.0], [687829.015060241, 2572453.623493976, 0.0], [687829.015060241, 2572448.629518072, 0.0], [687829.015060241, 2572443.6355421683, 0.0], [687829.015060241, 2572438.641566265, 0.0], [687829.015060241, 2572433.647590361, 0.0], [687834.0090361446, 2572428.6536144577, 0.0], [687834.0090361446, 2572423.659638554, 0.0], [687839.0030120482, 2572418.6656626505, 0.0], [687843.9969879518, 2572413.6716867466, 0.0], [687848.9909638554, 2572413.6716867466, 0.0], [687853.984939759, 2572408.6777108433, 0.0], [687858.9789156626, 2572408.6777108433, 0.0], [687863.9728915662, 2572403.6837349394, 0.0], [687868.9668674698, 2572398.689759036, 0.0], [687873.9608433734, 2572393.695783132, 0.0], [687878.9548192772, 2572393.695783132, 0.0], [687883.9487951808, 2572393.695783132, 0.0], [687888.9427710844, 2572388.701807229, 0.0], [687893.936746988, 2572388.701807229, 0.0], [687898.9307228916, 2572383.707831325, 0.0], [687903.9246987952, 2572383.707831325, 0.0], [687908.9186746988, 2572383.707831325, 0.0], [687913.9126506024, 2572378.7138554216, 0.0], [687918.906626506, 2572373.719879518, 0.0], [687923.9006024096, 2572368.7259036144, 0.0], [687928.8945783132, 2572363.7319277106, 0.0], [687933.8885542168, 2572358.737951807, 0.0], [687933.8885542168, 2572353.7439759034, 0.0], [687938.8825301204, 2572348.75, 0.0], [687938.8825301204, 2572343.756024096, 0.0], [687943.876506024, 2572338.762048193, 0.0], [687948.8704819276, 2572338.762048193, 0.0], [687953.8644578314, 2572333.768072289, 0.0], [687958.858433735, 2572333.768072289, 0.0], [687963.8524096386, 2572328.7740963856, 0.0], [687968.8463855422, 2572323.7801204817, 0.0], [687973.8403614458, 2572318.7861445784, 0.0], [687978.8343373494, 2572318.7861445784, 0.0], [687983.828313253, 2572313.7921686745, 0.0], [687988.8222891566, 2572308.7981927707, 0.0], [687988.8222891566, 2572303.8042168673, 0.0], [687988.8222891566, 2572298.8102409635, 0.0], [687993.8162650602, 2572293.81626506, 0.0], [687993.8162650602, 2572288.8222891563, 0.0], [687998.8102409638, 2572288.8222891563, 0.0], [688003.8042168674, 2572283.828313253, 0.0], [688008.798192771, 2572278.834337349, 0.0], [688013.7921686746, 2572273.8403614457, 0.0], [688018.7861445784, 2572273.8403614457, 0.0], [688023.780120482, 2572268.846385542, 0.0], [688028.7740963856, 2572268.846385542, 0.0], [688033.7680722892, 2572263.8524096385, 0.0], [688038.7620481928, 2572258.8584337346, 0.0], [688043.7560240964, 2572258.8584337346, 0.0], [688048.75, 2572258.8584337346, 0.0], [688053.7439759036, 2572258.8584337346, 0.0], [688058.7379518072, 2572253.8644578313, 0.0], [688063.7319277108, 2572253.8644578313, 0.0], [688068.7259036144, 2572253.8644578313, 0.0], [688073.719879518, 2572253.8644578313, 0.0], [688078.7138554216, 2572253.8644578313, 0.0], [688083.7078313252, 2572253.8644578313, 0.0], [688088.7018072288, 2572253.8644578313, 0.0], [688093.6957831326, 2572253.8644578313, 0.0], [688098.6897590362, 2572258.8584337346, 0.0], [688103.6837349398, 2572258.8584337346, 0.0], [688108.6777108434, 2572258.8584337346, 0.0], [688113.671686747, 2572258.8584337346, 0.0], [688118.6656626506, 2572253.8644578313, 0.0], [688123.6596385542, 2572253.8644578313, 0.0], [688128.6536144578, 2572253.8644578313, 0.0], [688133.6475903614, 2572258.8584337346, 0.0], [688138.641566265, 2572258.8584337346, 0.0], [688143.6355421686, 2572258.8584337346, 0.0], [688148.6295180722, 2572258.8584337346, 0.0], [688153.6234939758, 2572258.8584337346, 0.0], [688158.6174698796, 2572258.8584337346, 0.0], [688163.6114457832, 2572253.8644578313, 0.0], [688168.6054216868, 2572253.8644578313, 0.0], [688173.5993975904, 2572253.8644578313, 0.0], [688178.593373494, 2572253.8644578313, 0.0], [688183.5873493976, 2572248.8704819274, 0.0], [688188.5813253012, 2572243.876506024, 0.0], [688188.5813253012, 2572238.88253012, 0.0], [688193.5753012048, 2572238.88253012, 0.0], [688198.5692771084, 2572238.88253012, 0.0], [688203.563253012, 2572238.88253012, 0.0], [688208.5572289156, 2572238.88253012, 0.0], [688213.5512048192, 2572238.88253012, 0.0], [688218.5451807228, 2572238.88253012, 0.0], [688223.5391566264, 2572238.88253012, 0.0], [688228.5331325302, 2572238.88253012, 0.0], [688233.5271084338, 2572238.88253012, 0.0], [688238.5210843374, 2572238.88253012, 0.0], [688243.515060241, 2572238.88253012, 0.0], [688248.5090361446, 2572238.88253012, 0.0], [688253.5030120482, 2572238.88253012, 0.0], [688258.4969879518, 2572238.88253012, 0.0], [688263.4909638554, 2572238.88253012, 0.0], [688268.484939759, 2572238.88253012, 0.0], [688273.4789156626, 2572243.876506024, 0.0], [688278.4728915662, 2572243.876506024, 0.0], [688283.4668674698, 2572243.876506024, 0.0], [688288.4608433734, 2572248.8704819274, 0.0], [688293.4548192772, 2572248.8704819274, 0.0], [688298.4487951808, 2572253.8644578313, 0.0], [688303.4427710844, 2572253.8644578313, 0.0], [688308.436746988, 2572258.8584337346, 0.0], [688313.4307228916, 2572258.8584337346, 0.0], [688318.4246987952, 2572258.8584337346, 0.0], [688323.4186746988, 2572263.8524096385, 0.0], [688328.4126506024, 2572263.8524096385, 0.0], [688333.406626506, 2572268.846385542, 0.0], [688338.4006024096, 2572268.846385542, 0.0], [688343.3945783132, 2572268.846385542, 0.0], [688348.3885542168, 2572268.846385542, 0.0], [688353.3825301204, 2572268.846385542, 0.0], [688358.376506024, 2572273.8403614457, 0.0], [688363.3704819276, 2572273.8403614457, 0.0], [688368.3644578314, 2572273.8403614457, 0.0], [688373.358433735, 2572273.8403614457, 0.0], [688378.3524096386, 2572273.8403614457, 0.0], [688383.3463855422, 2572273.8403614457, 0.0], [688388.3403614458, 2572273.8403614457, 0.0], [688393.3343373494, 2572273.8403614457, 0.0], [688398.328313253, 2572273.8403614457, 0.0], [688403.3222891566, 2572273.8403614457, 0.0], [688408.3162650602, 2572278.834337349, 0.0], [688413.3102409638, 2572278.834337349, 0.0], [688418.3042168674, 2572278.834337349, 0.0], [688423.298192771, 2572278.834337349, 0.0], [688428.2921686746, 2572278.834337349, 0.0], [688433.2861445784, 2572278.834337349, 0.0], [688438.280120482, 2572278.834337349, 0.0], [688443.2740963856, 2572278.834337349, 0.0], [688448.2680722892, 2572283.828313253, 0.0], [688453.2620481928, 2572288.8222891563, 0.0], [688458.2560240964, 2572293.81626506, 0.0], [688463.25, 2572293.81626506, 0.0], [688468.2439759036, 2572298.8102409635, 0.0], [688473.2379518072, 2572303.8042168673, 0.0], [688473.2379518072, 2572308.7981927707, 0.0], [688473.2379518072, 2572313.7921686745, 0.0], [688478.2319277108, 2572318.7861445784, 0.0], [688478.2319277108, 2572323.7801204817, 0.0], [688483.2259036144, 2572328.7740963856, 0.0], [688488.219879518, 2572333.768072289, 0.0], [688493.2138554216, 2572338.762048193, 0.0], [688498.2078313252, 2572343.756024096, 0.0], [688498.2078313252, 2572348.75, 0.0], [688503.2018072288, 2572353.7439759034, 0.0], [688508.1957831326, 2572358.737951807, 0.0], [688513.1897590362, 2572363.7319277106, 0.0], [688518.1837349398, 2572368.7259036144, 0.0], [688518.1837349398, 2572373.719879518, 0.0], [688518.1837349398, 2572378.7138554216, 0.0], [688513.1897590362, 2572383.707831325, 0.0], [688513.1897590362, 2572388.701807229, 0.0], [688513.1897590362, 2572393.695783132, 0.0], [688518.1837349398, 2572398.689759036, 0.0], [688523.1777108434, 2572403.6837349394, 0.0], [688528.171686747, 2572408.6777108433, 0.0], [688528.171686747, 2572413.6716867466, 0.0], [688533.1656626506, 2572418.6656626505, 0.0], [688538.1596385542, 2572423.659638554, 0.0], [688543.1536144578, 2572428.6536144577, 0.0], [688548.1475903614, 2572433.647590361, 0.0], [688548.1475903614, 2572438.641566265, 0.0], [688553.141566265, 2572443.6355421683, 0.0], [688558.1355421686, 2572448.629518072, 0.0], [688563.1295180722, 2572453.623493976, 0.0], [688568.1234939758, 2572458.6174698793, 0.0], [688573.1174698796, 2572458.6174698793, 0.0], [688578.1114457832, 2572463.611445783, 0.0], [688583.1054216868, 2572463.611445783, 0.0], [688588.0993975904, 2572463.611445783, 0.0], [688593.093373494, 2572463.611445783, 0.0], [688598.0873493976, 2572463.611445783, 0.0], [688603.0813253012, 2572463.611445783, 0.0], [688608.0753012048, 2572468.6054216865, 0.0], [688613.0692771084, 2572473.5993975904, 0.0], [688618.063253012, 2572473.5993975904, 0.0], [688623.0572289156, 2572478.5933734938, 0.0], [688623.0572289156, 2572483.5873493976, 0.0], [688628.0512048192, 2572488.581325301, 0.0], [688628.0512048192, 2572493.575301205, 0.0], [688628.0512048192, 2572498.569277108, 0.0], [688633.0451807228, 2572503.563253012, 0.0], [688633.0451807228, 2572508.5572289154, 0.0], [688638.0391566264, 2572513.551204819, 0.0], [688643.0331325302, 2572518.5451807226, 0.0], [688643.0331325302, 2572523.5391566264, 0.0], [688643.0331325302, 2572528.53313253, 0.0], [688643.0331325302, 2572533.5271084337, 0.0], [688648.0271084338, 2572538.521084337, 0.0], [688648.0271084338, 2572543.515060241, 0.0], [688653.0210843374, 2572548.5090361442, 0.0], [688653.0210843374, 2572553.503012048, 0.0], [688658.015060241, 2572558.4969879515, 0.0], [688663.0090361446, 2572563.4909638553, 0.0], [688663.0090361446, 2572568.4849397587, 0.0], [688668.0030120482, 2572573.4789156625, 0.0], [688668.0030120482, 2572578.472891566, 0.0], [688668.0030120482, 2572583.4668674697, 0.0], [688672.9969879518, 2572588.460843373, 0.0], [688677.9909638554, 2572593.454819277, 0.0], [688682.984939759, 2572598.448795181, 0.0], [688687.9789156626, 2572603.442771084, 0.0], [688687.9789156626, 2572608.436746988, 0.0], [688687.9789156626, 2572613.4307228914, 0.0], [688682.984939759, 2572618.424698795, 0.0], [688682.984939759, 2572623.4186746986, 0.0], [688682.984939759, 2572628.4126506024, 0.0], [688682.984939759, 2572633.406626506, 0.0], [688682.984939759, 2572638.4006024096, 0.0], [688682.984939759, 2572643.394578313, 0.0], [688687.9789156626, 2572648.388554217, 0.0], [688687.9789156626, 2572653.38253012, 0.0], [688692.9728915662, 2572658.376506024, 0.0], [688697.9668674698, 2572663.3704819274, 0.0], [688702.9608433734, 2572663.3704819274, 0.0], [688702.9608433734, 2572668.3644578313, 0.0], [688702.9608433734, 2572673.3584337346, 0.0], [688702.9608433734, 2572678.3524096385, 0.0], [688697.9668674698, 2572683.346385542, 0.0], [688692.9728915662, 2572688.3403614457, 0.0], [688692.9728915662, 2572693.334337349, 0.0], [688697.9668674698, 2572698.328313253, 0.0], [688697.9668674698, 2572703.3222891563, 0.0], [688702.9608433734, 2572703.3222891563, 0.0], [688707.9548192772, 2572708.31626506, 0.0], [688712.9487951808, 2572713.3102409635, 0.0], [688717.9427710844, 2572718.3042168673, 0.0], [688722.936746988, 2572723.2981927707, 0.0], [688727.9307228916, 2572728.2921686745, 0.0], [688732.9246987952, 2572733.2861445784, 0.0], [688732.9246987952, 2572738.2801204817, 0.0], [688737.9186746988, 2572743.2740963856, 0.0], [688737.9186746988, 2572748.268072289, 0.0], [688737.9186746988, 2572753.262048193, 0.0], [688742.9126506024, 2572758.256024096, 0.0], [688747.906626506, 2572763.25, 0.0], [688752.9006024096, 2572763.25, 0.0], [688757.8945783132, 2572768.2439759034, 0.0], [688762.8885542168, 2572773.237951807, 0.0], [688767.8825301204, 2572778.2319277106, 0.0], [688767.8825301204, 2572783.2259036144, 0.0], [688772.876506024, 2572788.219879518, 0.0], [688772.876506024, 2572793.2138554216, 0.0], [688777.8704819276, 2572798.207831325, 0.0], [688777.8704819276, 2572803.201807229, 0.0], [688782.8644578314, 2572808.195783132, 0.0], [688782.8644578314, 2572813.189759036, 0.0], [688787.858433735, 2572818.1837349394, 0.0], [688787.858433735, 2572823.1777108433, 0.0], [688787.858433735, 2572828.1716867466, 0.0], [688792.8524096386, 2572833.1656626505, 0.0], [688792.8524096386, 2572838.159638554, 0.0], [688797.8463855422, 2572843.1536144577, 0.0], [688797.8463855422, 2572848.147590361, 0.0], [688802.8403614458, 2572853.141566265, 0.0], [688802.8403614458, 2572858.1355421683, 0.0], [688807.8343373494, 2572863.129518072, 0.0], [688807.8343373494, 2572868.123493976, 0.0], [688812.828313253, 2572873.1174698793, 0.0], [688812.828313253, 2572878.111445783, 0.0], [688817.8222891566, 2572883.1054216865, 0.0], [688817.8222891566, 2572888.0993975904, 0.0], [688822.8162650602, 2572893.0933734938, 0.0], [688822.8162650602, 2572898.0873493976, 0.0], [688822.8162650602, 2572903.081325301, 0.0], [688827.8102409638, 2572908.075301205, 0.0], [688832.8042168674, 2572913.069277108, 0.0], [688837.798192771, 2572918.063253012, 0.0], [688842.7921686746, 2572923.0572289154, 0.0], [688847.7861445784, 2572928.051204819, 0.0], [688852.780120482, 2572928.051204819, 0.0], [688857.7740963856, 2572928.051204819, 0.0], [688862.7680722892, 2572928.051204819, 0.0], [688867.7620481928, 2572928.051204819, 0.0], [688872.7560240964, 2572928.051204819, 0.0], [688877.75, 2572933.0451807226, 0.0], [688882.7439759036, 2572933.0451807226, 0.0], [688887.7379518072, 2572933.0451807226, 0.0], [688892.7319277108, 2572933.0451807226, 0.0], [688897.7259036144, 2572928.051204819, 0.0], [688902.719879518, 2572933.0451807226, 0.0], [688907.7138554216, 2572933.0451807226, 0.0], [688912.7078313252, 2572933.0451807226, 0.0], [688917.7018072288, 2572933.0451807226, 0.0], [688922.6957831326, 2572933.0451807226, 0.0], [688927.6897590362, 2572933.0451807226, 0.0], [688932.6837349398, 2572933.0451807226, 0.0], [688937.6777108434, 2572933.0451807226, 0.0], [688942.671686747, 2572933.0451807226, 0.0], [688947.6656626506, 2572933.0451807226, 0.0], [688952.6596385542, 2572928.051204819, 0.0], [688957.6536144578, 2572928.051204819, 0.0], [688962.6475903614, 2572933.0451807226, 0.0], [688967.641566265, 2572938.0391566264, 0.0], [688972.6355421686, 2572938.0391566264, 0.0], [688977.6295180722, 2572938.0391566264, 0.0], [688982.6234939758, 2572938.0391566264, 0.0], [688987.6174698796, 2572938.0391566264, 0.0], [688992.6114457832, 2572943.03313253, 0.0], [688997.6054216868, 2572943.03313253, 0.0], [689002.5993975904, 2572943.03313253, 0.0], [689007.593373494, 2572943.03313253, 0.0], [689012.5873493976, 2572943.03313253, 0.0], [689017.5813253012, 2572948.0271084337, 0.0], [689022.5753012048, 2572953.021084337, 0.0], [689027.5692771084, 2572953.021084337, 0.0], [689032.563253012, 2572958.015060241, 0.0], [689037.5572289156, 2572963.0090361442, 0.0], [689037.5572289156, 2572968.003012048, 0.0], [689042.5512048192, 2572968.003012048, 0.0], [689047.5451807228, 2572968.003012048, 0.0], [689052.5391566264, 2572972.9969879515, 0.0], [689057.5331325302, 2572977.9909638553, 0.0], [689062.5271084338, 2572977.9909638553, 0.0], [689067.5210843374, 2572977.9909638553, 0.0], [689072.515060241, 2572977.9909638553, 0.0], [689077.5090361446, 2572977.9909638553, 0.0], [689082.5030120482, 2572977.9909638553, 0.0], [689087.4969879518, 2572982.9849397587, 0.0], [689092.4909638554, 2572982.9849397587, 0.0], [689097.484939759, 2572987.9789156625, 0.0], [689102.4789156626, 2572987.9789156625, 0.0], [689107.4728915662, 2572992.972891566, 0.0], [689112.4668674698, 2572997.9668674697, 0.0], [689117.4608433734, 2572997.9668674697, 0.0], [689122.4548192772, 2572997.9668674697, 0.0], [689127.4487951808, 2572997.9668674697, 0.0], [689132.4427710844, 2572997.9668674697, 0.0], [689137.436746988, 2573002.960843373, 0.0], [689142.4307228916, 2573002.960843373, 0.0], [689147.4246987952, 2573002.960843373, 0.0], [689152.4186746988, 2573002.960843373, 0.0], [689157.4126506024, 2573007.954819277, 0.0], [689162.406626506, 2573007.954819277, 0.0], [689167.4006024096, 2573007.954819277, 0.0], [689172.3945783132, 2573007.954819277, 0.0], [689177.3885542168, 2573007.954819277, 0.0], [689182.3825301204, 2573007.954819277, 0.0], [689187.376506024, 2573012.948795181, 0.0], [689192.3704819276, 2573012.948795181, 0.0], [689197.3644578314, 2573012.948795181, 0.0], [689202.358433735, 2573012.948795181, 0.0], [689207.3524096386, 2573012.948795181, 0.0], [689212.3463855422, 2573007.954819277, 0.0], [689217.3403614458, 2573007.954819277, 0.0], [689222.3343373494, 2573012.948795181, 0.0], [689227.328313253, 2573012.948795181, 0.0], [689232.3222891566, 2573007.954819277, 0.0], [689237.3162650602, 2573007.954819277, 0.0], [689242.3102409638, 2573012.948795181, 0.0], [689247.3042168674, 2573012.948795181, 0.0], [689252.298192771, 2573012.948795181, 0.0], [689257.2921686746, 2573012.948795181, 0.0], [689262.2861445784, 2573012.948795181, 0.0], [689267.280120482, 2573012.948795181, 0.0], [689272.2740963856, 2573012.948795181, 0.0], [689277.2680722892, 2573012.948795181, 0.0], [689282.2620481928, 2573012.948795181, 0.0], [689287.2560240964, 2573012.948795181, 0.0], [689292.25, 2573012.948795181, 0.0], [689297.2439759036, 2573012.948795181, 0.0], [689302.2379518072, 2573007.954819277, 0.0], [689307.2319277108, 2573002.960843373, 0.0], [689312.2259036144, 2573002.960843373, 0.0], [689317.219879518, 2573002.960843373, 0.0], [689322.2138554216, 2573002.960843373, 0.0], [689327.2078313252, 2573002.960843373, 0.0], [689332.201807229, 2573002.960843373, 0.0], [689337.1957831326, 2573002.960843373, 0.0], [689342.1897590362, 2573002.960843373, 0.0], [689347.1837349398, 2573002.960843373, 0.0], [689352.1777108434, 2573002.960843373, 0.0], [689357.171686747, 2573002.960843373, 0.0], [689362.1656626506, 2573002.960843373, 0.0], [689367.1596385542, 2573002.960843373, 0.0], [689372.1536144578, 2573002.960843373, 0.0], [689377.1475903614, 2573002.960843373, 0.0], [689382.141566265, 2573002.960843373, 0.0], [689387.1355421686, 2573007.954819277, 0.0], [689392.1295180722, 2573007.954819277, 0.0], [689397.123493976, 2573007.954819277, 0.0], [689402.1174698796, 2573007.954819277, 0.0], [689407.1114457832, 2573007.954819277, 0.0], [689412.1054216868, 2573012.948795181, 0.0], [689417.0993975904, 2573007.954819277, 0.0], [689422.093373494, 2573007.954819277, 0.0], [689427.0873493976, 2573007.954819277, 0.0], [689432.0813253012, 2573007.954819277, 0.0], [689437.0753012048, 2573012.948795181, 0.0], [689442.0692771084, 2573017.942771084, 0.0], [689442.0692771084, 2573022.936746988, 0.0], [689442.0692771084, 2573027.9307228914, 0.0], [689447.063253012, 2573027.9307228914, 0.0], [689452.0572289156, 2573027.9307228914, 0.0], [689457.0512048192, 2573027.9307228914, 0.0], [689462.0451807228, 2573027.9307228914, 0.0], [689467.0391566264, 2573027.9307228914, 0.0], [689472.0331325302, 2573032.924698795, 0.0], [689477.0271084338, 2573032.924698795, 0.0], [689482.0210843374, 2573032.924698795, 0.0], [689487.015060241, 2573032.924698795, 0.0], [689492.0090361446, 2573032.924698795, 0.0], [689497.0030120482, 2573032.924698795, 0.0], [689501.9969879518, 2573032.924698795, 0.0], [689506.9909638554, 2573037.9186746986, 0.0], [689511.984939759, 2573037.9186746986, 0.0], [689516.9789156626, 2573037.9186746986, 0.0], [689521.9728915662, 2573037.9186746986, 0.0], [689526.9668674698, 2573037.9186746986, 0.0], [689531.9608433734, 2573037.9186746986, 0.0], [689536.9548192772, 2573037.9186746986, 0.0], [689541.9487951808, 2573037.9186746986, 0.0], [689546.9427710844, 2573037.9186746986, 0.0], [689551.936746988, 2573032.924698795, 0.0], [689556.9307228916, 2573032.924698795, 0.0], [689561.9246987952, 2573032.924698795, 0.0], [689566.9186746988, 2573032.924698795, 0.0], [689571.9126506024, 2573032.924698795, 0.0], [689576.906626506, 2573027.9307228914, 0.0], [689581.9006024096, 2573027.9307228914, 0.0], [689586.8945783132, 2573027.9307228914, 0.0], [689591.8885542168, 2573027.9307228914, 0.0], [689596.8825301204, 2573027.9307228914, 0.0], [689601.876506024, 2573027.9307228914, 0.0], [689606.8704819276, 2573027.9307228914, 0.0], [689611.8644578314, 2573027.9307228914, 0.0], [689616.858433735, 2573027.9307228914, 0.0], [689621.8524096386, 2573032.924698795, 0.0], [689626.8463855422, 2573032.924698795, 0.0], [689631.8403614458, 2573032.924698795, 0.0], [689636.8343373494, 2573032.924698795, 0.0], [689641.828313253, 2573027.9307228914, 0.0], [689646.8222891566, 2573022.936746988, 0.0], [689651.8162650602, 2573022.936746988, 0.0], [689656.8102409638, 2573022.936746988, 0.0], [689661.8042168674, 2573022.936746988, 0.0], [689666.798192771, 2573017.942771084, 0.0], [689671.7921686746, 2573017.942771084, 0.0], [689676.7861445784, 2573017.942771084, 0.0], [689681.780120482, 2573012.948795181, 0.0], [689686.7740963856, 2573012.948795181, 0.0], [689691.7680722892, 2573007.954819277, 0.0], [689696.7620481928, 2573007.954819277, 0.0], [689701.7560240964, 2573007.954819277, 0.0], [689706.75, 2573007.954819277, 0.0], [689711.7439759036, 2573007.954819277, 0.0], [689716.7379518072, 2573007.954819277, 0.0], [689721.7319277108, 2573007.954819277, 0.0], [689726.7259036144, 2573007.954819277, 0.0], [689731.719879518, 2573007.954819277, 0.0], [689736.7138554216, 2573002.960843373, 0.0], [689741.7078313252, 2573002.960843373, 0.0], [689746.701807229, 2573002.960843373, 0.0], [689751.6957831326, 2573002.960843373, 0.0], [689756.6897590362, 2573002.960843373, 0.0], [689761.6837349398, 2572997.9668674697, 0.0], [689766.6777108434, 2572997.9668674697, 0.0], [689771.671686747, 2572997.9668674697, 0.0], [689776.6656626506, 2572992.972891566, 0.0], [689781.6596385542, 2572992.972891566, 0.0], [689786.6536144578, 2572987.9789156625, 0.0], [689791.6475903614, 2572987.9789156625, 0.0], [689796.641566265, 2572992.972891566, 0.0], [689801.6355421686, 2572992.972891566, 0.0], [689806.6295180722, 2572992.972891566, 0.0], [689811.623493976, 2572987.9789156625, 0.0], [689816.6174698796, 2572987.9789156625, 0.0], [689821.6114457832, 2572982.9849397587, 0.0], [689826.6054216868, 2572982.9849397587, 0.0], [689831.5993975904, 2572982.9849397587, 0.0], [689836.593373494, 2572977.9909638553, 0.0], [689841.5873493976, 2572977.9909638553, 0.0], [689846.5813253012, 2572972.9969879515, 0.0], [689851.5753012048, 2572972.9969879515, 0.0], [689856.5692771084, 2572968.003012048, 0.0], [689861.563253012, 2572968.003012048, 0.0], [689866.5572289156, 2572963.0090361442, 0.0], [689871.5512048192, 2572958.015060241, 0.0], [689876.5451807228, 2572958.015060241, 0.0], [689881.5391566264, 2572953.021084337, 0.0], [689886.5331325302, 2572948.0271084337, 0.0], [689891.5271084338, 2572943.03313253, 0.0], [689896.5210843374, 2572943.03313253, 0.0], [689901.515060241, 2572938.0391566264, 0.0], [689906.5090361446, 2572938.0391566264, 0.0], [689911.5030120482, 2572933.0451807226, 0.0], [689916.4969879518, 2572933.0451807226, 0.0], [689921.4909638554, 2572933.0451807226, 0.0], [689926.484939759, 2572928.051204819, 0.0], [689931.4789156626, 2572923.0572289154, 0.0], [689936.4728915662, 2572918.063253012, 0.0], [689941.4668674698, 2572918.063253012, 0.0], [689946.4608433734, 2572913.069277108, 0.0], [689951.4548192772, 2572913.069277108, 0.0], [689956.4487951808, 2572913.069277108, 0.0], [689961.4427710844, 2572908.075301205, 0.0], [689966.436746988, 2572908.075301205, 0.0], [689971.4307228916, 2572903.081325301, 0.0], [689976.4246987952, 2572898.0873493976, 0.0], [689981.4186746988, 2572898.0873493976, 0.0], [689986.4126506024, 2572893.0933734938, 0.0], [689991.406626506, 2572888.0993975904, 0.0], [689996.4006024096, 2572883.1054216865, 0.0], [690001.3945783132, 2572878.111445783, 0.0], [690006.3885542168, 2572873.1174698793, 0.0], [690011.3825301204, 2572868.123493976, 0.0], [690011.3825301204, 2572863.129518072, 0.0], [690016.376506024, 2572858.1355421683, 0.0], [690021.3704819276, 2572853.141566265, 0.0], [690021.3704819276, 2572848.147590361, 0.0], [690026.3644578314, 2572843.1536144577, 0.0], [690026.3644578314, 2572838.159638554, 0.0], [690031.358433735, 2572833.1656626505, 0.0], [690036.3524096386, 2572833.1656626505, 0.0], [690041.3463855422, 2572828.1716867466, 0.0], [690046.3403614458, 2572823.1777108433, 0.0], [690051.3343373494, 2572818.1837349394, 0.0], [690056.328313253, 2572818.1837349394, 0.0], [690056.328313253, 2572813.189759036, 0.0], [690061.3222891566, 2572808.195783132, 0.0], [690066.3162650602, 2572803.201807229, 0.0], [690071.3102409638, 2572798.207831325, 0.0], [690076.3042168674, 2572793.2138554216, 0.0], [690081.298192771, 2572793.2138554216, 0.0], [690086.2921686746, 2572793.2138554216, 0.0], [690091.2861445784, 2572788.219879518, 0.0], [690096.280120482, 2572783.2259036144, 0.0], [690096.280120482, 2572778.2319277106, 0.0], [690096.280120482, 2572773.237951807, 0.0], [690096.280120482, 2572768.2439759034, 0.0], [690101.2740963856, 2572763.25, 0.0], [690106.2680722892, 2572763.25, 0.0], [690111.2620481928, 2572758.256024096, 0.0], [690116.2560240964, 2572753.262048193, 0.0], [690121.25, 2572748.268072289, 0.0], [690126.2439759036, 2572748.268072289, 0.0], [690131.2379518072, 2572743.2740963856, 0.0], [690136.2319277108, 2572743.2740963856, 0.0], [690141.2259036144, 2572738.2801204817, 0.0], [690146.219879518, 2572738.2801204817, 0.0], [690151.2138554216, 2572733.2861445784, 0.0], [690156.2078313252, 2572733.2861445784, 0.0], [690161.201807229, 2572728.2921686745, 0.0], [690166.1957831326, 2572728.2921686745, 0.0], [690171.1897590362, 2572728.2921686745, 0.0], [690176.1837349398, 2572723.2981927707, 0.0], [690181.1777108434, 2572723.2981927707, 0.0], [690186.171686747, 2572728.2921686745, 0.0], [690191.1656626506, 2572728.2921686745, 0.0], [690196.1596385542, 2572728.2921686745, 0.0], [690201.1536144578, 2572728.2921686745, 0.0], [690206.1475903614, 2572728.2921686745, 0.0], [690211.141566265, 2572723.2981927707, 0.0], [690216.1355421686, 2572718.3042168673, 0.0], [690221.1295180722, 2572718.3042168673, 0.0], [690226.123493976, 2572713.3102409635, 0.0], [690231.1174698796, 2572708.31626506, 0.0], [690236.1114457832, 2572703.3222891563, 0.0], [690241.1054216868, 2572698.328313253, 0.0], [690246.0993975904, 2572693.334337349, 0.0], [690251.093373494, 2572688.3403614457, 0.0], [690256.0873493976, 2572683.346385542, 0.0], [690261.0813253012, 2572678.3524096385, 0.0], [690261.0813253012, 2572673.3584337346, 0.0], [690266.0753012048, 2572673.3584337346, 0.0], [690271.0692771084, 2572673.3584337346, 0.0], [690276.063253012, 2572673.3584337346, 0.0], [690281.0572289156, 2572673.3584337346, 0.0], [690286.0512048192, 2572673.3584337346, 0.0], [690291.0451807228, 2572673.3584337346, 0.0], [690296.0391566264, 2572673.3584337346, 0.0], [690301.0331325302, 2572673.3584337346, 0.0], [690306.0271084338, 2572673.3584337346, 0.0], [690311.0210843374, 2572668.3644578313, 0.0], [690316.015060241, 2572668.3644578313, 0.0], [690321.0090361446, 2572668.3644578313, 0.0], [690326.0030120482, 2572668.3644578313, 0.0], [690330.9969879518, 2572668.3644578313, 0.0], [690335.9909638554, 2572668.3644578313, 0.0], [690340.984939759, 2572668.3644578313, 0.0], [690345.9789156626, 2572673.3584337346, 0.0], [690350.9728915662, 2572678.3524096385, 0.0], [690355.9668674698, 2572683.346385542, 0.0], [690360.9608433734, 2572688.3403614457, 0.0], [690365.9548192772, 2572693.334337349, 0.0], [690370.9487951808, 2572698.328313253, 0.0], [690375.9427710844, 2572703.3222891563, 0.0], [690380.936746988, 2572703.3222891563, 0.0], [690385.9307228916, 2572708.31626506, 0.0], [690390.9246987952, 2572708.31626506, 0.0], [690395.9186746988, 2572703.3222891563, 0.0], [690400.9126506024, 2572703.3222891563, 0.0], [690405.906626506, 2572703.3222891563, 0.0], [690410.9006024096, 2572708.31626506, 0.0], [690415.8945783132, 2572713.3102409635, 0.0], [690420.8885542168, 2572718.3042168673, 0.0], [690425.8825301204, 2572718.3042168673, 0.0], [690430.876506024, 2572723.2981927707, 0.0], [690435.8704819276, 2572728.2921686745, 0.0], [690440.8644578314, 2572728.2921686745, 0.0], [690445.858433735, 2572733.2861445784, 0.0], [690450.8524096386, 2572733.2861445784, 0.0], [690455.8463855422, 2572738.2801204817, 0.0], [690460.8403614458, 2572738.2801204817, 0.0], [690465.8343373494, 2572738.2801204817, 0.0], [690470.828313253, 2572738.2801204817, 0.0], [690475.8222891566, 2572738.2801204817, 0.0], [690480.8162650602, 2572738.2801204817, 0.0], [690485.8102409638, 2572738.2801204817, 0.0], [690490.8042168674, 2572743.2740963856, 0.0], [690495.798192771, 2572743.2740963856, 0.0], [690500.7921686746, 2572748.268072289, 0.0], [690505.7861445784, 2572748.268072289, 0.0], [690510.780120482, 2572748.268072289, 0.0], [690515.7740963856, 2572748.268072289, 0.0], [690520.7680722892, 2572753.262048193, 0.0], [690525.7620481928, 2572753.262048193, 0.0], [690530.7560240964, 2572758.256024096, 0.0], [690535.75, 2572758.256024096, 0.0], [690540.7439759036, 2572763.25, 0.0], [690545.7379518072, 2572763.25, 0.0], [690550.7319277108, 2572768.2439759034, 0.0], [690555.7259036144, 2572773.237951807, 0.0], [690560.719879518, 2572773.237951807, 0.0], [690565.7138554216, 2572778.2319277106, 0.0], [690570.7078313252, 2572778.2319277106, 0.0], [690575.701807229, 2572778.2319277106, 0.0], [690580.6957831326, 2572783.2259036144, 0.0], [690585.6897590362, 2572783.2259036144, 0.0], [690590.6837349398, 2572783.2259036144, 0.0], [690595.6777108434, 2572788.219879518, 0.0], [690600.671686747, 2572793.2138554216, 0.0], [690605.6656626506, 2572793.2138554216, 0.0], [690610.6596385542, 2572793.2138554216, 0.0], [690615.6536144578, 2572793.2138554216, 0.0], [690620.6475903614, 2572793.2138554216, 0.0], [690625.641566265, 2572798.207831325, 0.0], [690630.6355421686, 2572803.201807229, 0.0], [690635.6295180722, 2572808.195783132, 0.0], [690640.623493976, 2572813.189759036, 0.0], [690645.6174698796, 2572818.1837349394, 0.0], [690650.6114457832, 2572823.1777108433, 0.0], [690650.6114457832, 2572828.1716867466, 0.0], [690650.6114457832, 2572833.1656626505, 0.0], [690655.6054216868, 2572838.159638554, 0.0], [690660.5993975904, 2572843.1536144577, 0.0], [690660.5993975904, 2572848.147590361, 0.0], [690665.593373494, 2572853.141566265, 0.0], [690670.5873493976, 2572858.1355421683, 0.0], [690675.5813253012, 2572858.1355421683, 0.0], [690680.5753012048, 2572863.129518072, 0.0], [690685.5692771084, 2572868.123493976, 0.0], [690690.563253012, 2572873.1174698793, 0.0], [690695.5572289156, 2572878.111445783, 0.0], [690700.5512048192, 2572883.1054216865, 0.0], [690705.5451807228, 2572888.0993975904, 0.0], [690710.5391566264, 2572893.0933734938, 0.0], [690715.5331325302, 2572898.0873493976, 0.0], [690720.5271084338, 2572903.081325301, 0.0], [690725.5210843374, 2572908.075301205, 0.0], [690730.515060241, 2572913.069277108, 0.0], [690735.5090361446, 2572918.063253012, 0.0], [690740.5030120482, 2572923.0572289154, 0.0], [690745.4969879518, 2572928.051204819, 0.0], [690750.4909638554, 2572933.0451807226, 0.0], [690750.4909638554, 2572938.0391566264, 0.0], [690755.484939759, 2572938.0391566264, 0.0], [690760.4789156626, 2572943.03313253, 0.0], [690765.4728915662, 2572948.0271084337, 0.0], [690765.4728915662, 2572953.021084337, 0.0], [690765.4728915662, 2572958.015060241, 0.0], [690765.4728915662, 2572963.0090361442, 0.0], [690765.4728915662, 2572968.003012048, 0.0], [690765.4728915662, 2572972.9969879515, 0.0], [690765.4728915662, 2572977.9909638553, 0.0], [690765.4728915662, 2572982.9849397587, 0.0], [690770.4668674698, 2572987.9789156625, 0.0], [690775.4608433734, 2572992.972891566, 0.0], [690780.4548192772, 2572997.9668674697, 0.0], [690780.4548192772, 2573002.960843373, 0.0], [690785.4487951808, 2573007.954819277, 0.0], [690790.4427710844, 2573012.948795181, 0.0], [690795.436746988, 2573017.942771084, 0.0], [690800.4307228916, 2573022.936746988, 0.0], [690805.4246987952, 2573027.9307228914, 0.0], [690810.4186746988, 2573032.924698795, 0.0], [690815.4126506024, 2573037.9186746986, 0.0], [690820.406626506, 2573042.9126506024, 0.0], [690825.4006024096, 2573047.906626506, 0.0], [690830.3945783132, 2573052.9006024096, 0.0], [690835.3885542168, 2573057.894578313, 0.0], [690840.3825301204, 2573062.888554217, 0.0], [690845.376506024, 2573067.88253012, 0.0], [690850.3704819276, 2573072.876506024, 0.0], [690855.3644578314, 2573072.876506024, 0.0], [690860.358433735, 2573077.8704819274, 0.0], [690860.358433735, 2573082.8644578313, 0.0], [690865.3524096386, 2573087.8584337346, 0.0], [690870.3463855422, 2573087.8584337346, 0.0], [690875.3403614458, 2573092.8524096385, 0.0], [690880.3343373494, 2573097.846385542, 0.0], [690885.328313253, 2573102.8403614457, 0.0], [690885.328313253, 2573107.834337349, 0.0], [690890.3222891566, 2573112.828313253, 0.0], [690895.3162650602, 2573117.8222891563, 0.0], [690900.3102409638, 2573122.81626506, 0.0], [690905.3042168674, 2573127.8102409635, 0.0], [690910.298192771, 2573132.8042168673, 0.0], [690915.2921686746, 2573137.7981927707, 0.0], [690915.2921686746, 2573142.7921686745, 0.0], [690915.2921686746, 2573147.7861445784, 0.0], [690915.2921686746, 2573152.7801204817, 0.0], [690915.2921686746, 2573157.7740963856, 0.0], [690920.2861445784, 2573162.768072289, 0.0], [690925.280120482, 2573167.762048193, 0.0], [690920.2861445784, 2573172.756024096, 0.0], [690915.2921686746, 2573177.75, 0.0], [690910.298192771, 2573182.7439759034, 0.0], [690910.298192771, 2573187.737951807, 0.0], [690910.298192771, 2573192.7319277106, 0.0], [690915.2921686746, 2573197.7259036144, 0.0], [690920.2861445784, 2573197.7259036144, 0.0], [690925.280120482, 2573197.7259036144, 0.0], [690930.2740963856, 2573197.7259036144, 0.0], [690935.2680722892, 2573202.719879518, 0.0], [690940.2620481928, 2573207.7138554216, 0.0], [690945.2560240964, 2573212.707831325, 0.0], [690950.25, 2573217.701807229, 0.0], [690955.2439759036, 2573222.695783132, 0.0], [690960.2379518072, 2573222.695783132, 0.0], [690965.2319277108, 2573227.689759036, 0.0], [690970.2259036144, 2573232.6837349394, 0.0], [690975.219879518, 2573237.6777108433, 0.0], [690980.2138554216, 2573237.6777108433, 0.0], [690985.2078313252, 2573242.6716867466, 0.0], [690990.201807229, 2573242.6716867466, 0.0], [690995.1957831326, 2573247.6656626505, 0.0], [691000.1897590362, 2573252.659638554, 0.0], [691005.1837349398, 2573252.659638554, 0.0], [691010.1777108434, 2573257.6536144577, 0.0], [691015.171686747, 2573262.647590361, 0.0], [691020.1656626506, 2573262.647590361, 0.0], [691025.1596385542, 2573267.641566265, 0.0], [691030.1536144578, 2573267.641566265, 0.0], [691035.1475903614, 2573272.6355421683, 0.0], [691040.141566265, 2573272.6355421683, 0.0], [691045.1355421686, 2573277.629518072, 0.0], [691050.1295180722, 2573277.629518072, 0.0], [691055.123493976, 2573282.623493976, 0.0], [691060.1174698796, 2573282.623493976, 0.0], [691065.1114457832, 2573287.6174698793, 0.0], [691070.1054216868, 2573287.6174698793, 0.0], [691075.0993975904, 2573292.611445783, 0.0], [691080.093373494, 2573292.611445783, 0.0], [691085.0873493976, 2573297.6054216865, 0.0], [691090.0813253012, 2573297.6054216865, 0.0], [691095.0753012048, 2573302.5993975904, 0.0], [691100.0692771084, 2573302.5993975904, 0.0], [691105.063253012, 2573307.5933734938, 0.0], [691110.0572289156, 2573307.5933734938, 0.0], [691115.0512048192, 2573312.5873493976, 0.0], [691120.0451807228, 2573312.5873493976, 0.0], [691125.0391566264, 2573317.581325301, 0.0], [691130.0331325302, 2573317.581325301, 0.0], [691135.0271084338, 2573317.581325301, 0.0], [691140.0210843374, 2573317.581325301, 0.0], [691145.015060241, 2573317.581325301, 0.0], [691150.0090361446, 2573317.581325301, 0.0], [691155.0030120482, 2573317.581325301, 0.0], [691159.9969879518, 2573317.581325301, 0.0], [691164.9909638554, 2573312.5873493976, 0.0], [691169.984939759, 2573312.5873493976, 0.0], [691174.9789156626, 2573312.5873493976, 0.0], [691179.9728915662, 2573312.5873493976, 0.0], [691184.9668674698, 2573312.5873493976, 0.0], [691189.9608433734, 2573312.5873493976, 0.0], [691194.9548192772, 2573312.5873493976, 0.0], [691199.9487951808, 2573307.5933734938, 0.0], [691204.9427710844, 2573307.5933734938, 0.0], [691209.936746988, 2573302.5993975904, 0.0], [691214.9307228916, 2573302.5993975904, 0.0], [691219.9246987952, 2573302.5993975904, 0.0], [691224.9186746988, 2573297.6054216865, 0.0], [691229.9126506024, 2573297.6054216865, 0.0], [691234.906626506, 2573292.611445783, 0.0], [691239.9006024096, 2573292.611445783, 0.0], [691244.8945783132, 2573292.611445783, 0.0], [691249.8885542168, 2573287.6174698793, 0.0], [691254.8825301204, 2573282.623493976, 0.0], [691259.876506024, 2573277.629518072, 0.0], [691264.8704819278, 2573272.6355421683, 0.0], [691269.8644578314, 2573267.641566265, 0.0], [691274.858433735, 2573267.641566265, 0.0], [691279.8524096386, 2573267.641566265, 0.0], [691284.8463855422, 2573262.647590361, 0.0], [691289.8403614458, 2573257.6536144577, 0.0], [691294.8343373494, 2573252.659638554, 0.0], [691294.8343373494, 2573247.6656626505, 0.0], [691294.8343373494, 2573242.6716867466, 0.0], [691299.828313253, 2573237.6777108433, 0.0], [691304.8222891566, 2573237.6777108433, 0.0], [691309.8162650602, 2573232.6837349394, 0.0], [691314.8102409638, 2573227.689759036, 0.0], [691319.8042168674, 2573222.695783132, 0.0], [691324.798192771, 2573217.701807229, 0.0], [691329.7921686748, 2573212.707831325, 0.0], [691334.7861445784, 2573207.7138554216, 0.0], [691339.780120482, 2573207.7138554216, 0.0], [691344.7740963856, 2573207.7138554216, 0.0], [691349.7680722892, 2573207.7138554216, 0.0], [691354.7620481928, 2573207.7138554216, 0.0], [691359.7560240964, 2573202.719879518, 0.0], [691364.75, 2573197.7259036144, 0.0], [691369.7439759036, 2573192.7319277106, 0.0], [691374.7379518072, 2573187.737951807, 0.0], [691374.7379518072, 2573182.7439759034, 0.0], [691379.7319277108, 2573177.75, 0.0], [691384.7259036144, 2573172.756024096, 0.0], [691389.719879518, 2573167.762048193, 0.0], [691394.7138554216, 2573162.768072289, 0.0], [691394.7138554216, 2573157.7740963856, 0.0], [691394.7138554216, 2573152.7801204817, 0.0], [691394.7138554216, 2573147.7861445784, 0.0], [691394.7138554216, 2573142.7921686745, 0.0], [691394.7138554216, 2573137.7981927707, 0.0], [691389.719879518, 2573132.8042168673, 0.0], [691389.719879518, 2573127.8102409635, 0.0], [691389.719879518, 2573122.81626506, 0.0], [691394.7138554216, 2573117.8222891563, 0.0], [691394.7138554216, 2573112.828313253, 0.0], [691399.7078313252, 2573107.834337349, 0.0], [691399.7078313252, 2573102.8403614457, 0.0], [691404.701807229, 2573097.846385542, 0.0], [691409.6957831326, 2573092.8524096385, 0.0], [691414.6897590362, 2573087.8584337346, 0.0], [691419.6837349398, 2573082.8644578313, 0.0], [691424.6777108434, 2573077.8704819274, 0.0], [691429.671686747, 2573072.876506024, 0.0], [691434.6656626506, 2573067.88253012, 0.0], [691439.6596385542, 2573062.888554217, 0.0], [691444.6536144578, 2573057.894578313, 0.0], [691449.6475903614, 2573052.9006024096, 0.0], [691454.641566265, 2573047.906626506, 0.0], [691459.6355421686, 2573042.9126506024, 0.0], [691464.6295180722, 2573037.9186746986, 0.0], [691469.623493976, 2573032.924698795, 0.0], [691469.623493976, 2573027.9307228914, 0.0], [691469.623493976, 2573022.936746988, 0.0], [691469.623493976, 2573017.942771084, 0.0], [691464.6295180722, 2573012.948795181, 0.0], [691459.6355421686, 2573012.948795181, 0.0], [691459.6355421686, 2573007.954819277, 0.0], [691459.6355421686, 2573002.960843373, 0.0], [691459.6355421686, 2572997.9668674697, 0.0], [691459.6355421686, 2572992.972891566, 0.0], [691459.6355421686, 2572987.9789156625, 0.0], [691459.6355421686, 2572982.9849397587, 0.0], [691464.6295180722, 2572977.9909638553, 0.0], [691464.6295180722, 2572972.9969879515, 0.0], [691464.6295180722, 2572968.003012048, 0.0], [691464.6295180722, 2572963.0090361442, 0.0], [691464.6295180722, 2572958.015060241, 0.0], [691469.623493976, 2572953.021084337, 0.0], [691469.623493976, 2572948.0271084337, 0.0], [691469.623493976, 2572943.03313253, 0.0], [691469.623493976, 2572938.0391566264, 0.0], [691474.6174698796, 2572933.0451807226, 0.0], [691479.6114457832, 2572928.051204819, 0.0], [691484.6054216868, 2572923.0572289154, 0.0], [691484.6054216868, 2572918.063253012, 0.0], [691489.5993975904, 2572913.069277108, 0.0], [691489.5993975904, 2572908.075301205, 0.0], [691489.5993975904, 2572903.081325301, 0.0], [691494.593373494, 2572898.0873493976, 0.0], [691499.5873493976, 2572893.0933734938, 0.0], [691504.5813253012, 2572893.0933734938, 0.0], [691509.5753012048, 2572888.0993975904, 0.0], [691514.5692771084, 2572888.0993975904, 0.0], [691519.563253012, 2572888.0993975904, 0.0], [691524.5572289156, 2572888.0993975904, 0.0], [691529.5512048192, 2572888.0993975904, 0.0], [691534.5451807228, 2572888.0993975904, 0.0], [691539.5391566264, 2572888.0993975904, 0.0], [691544.5331325302, 2572888.0993975904, 0.0], [691549.5271084338, 2572888.0993975904, 0.0], [691554.5210843374, 2572888.0993975904, 0.0], [691559.515060241, 2572888.0993975904, 0.0], [691564.5090361446, 2572893.0933734938, 0.0], [691564.5090361446, 2572898.0873493976, 0.0], [691564.5090361446, 2572903.081325301, 0.0], [691569.5030120482, 2572903.081325301, 0.0], [691574.4969879518, 2572908.075301205, 0.0], [691579.4909638554, 2572908.075301205, 0.0], [691584.484939759, 2572908.075301205, 0.0], [691589.4789156626, 2572908.075301205, 0.0], [691594.4728915662, 2572903.081325301, 0.0], [691599.4668674698, 2572898.0873493976, 0.0], [691604.4608433734, 2572898.0873493976, 0.0], [691609.4548192772, 2572898.0873493976, 0.0], [691614.4487951808, 2572898.0873493976, 0.0], [691619.4427710844, 2572898.0873493976, 0.0], [691624.436746988, 2572898.0873493976, 0.0], [691629.4307228916, 2572898.0873493976, 0.0], [691634.4246987952, 2572898.0873493976, 0.0], [691639.4186746988, 2572903.081325301, 0.0], [691644.4126506024, 2572903.081325301, 0.0], [691649.406626506, 2572908.075301205, 0.0], [691654.4006024096, 2572908.075301205, 0.0], [691659.3945783132, 2572913.069277108, 0.0], [691664.3885542168, 2572913.069277108, 0.0], [691669.3825301204, 2572918.063253012, 0.0], [691674.376506024, 2572923.0572289154, 0.0], [691679.3704819278, 2572923.0572289154, 0.0], [691684.3644578314, 2572928.051204819, 0.0], [691689.358433735, 2572933.0451807226, 0.0], [691689.358433735, 2572938.0391566264, 0.0], [691694.3524096386, 2572938.0391566264, 0.0], [691699.3463855422, 2572943.03313253, 0.0], [691704.3403614458, 2572948.0271084337, 0.0], [691709.3343373494, 2572953.021084337, 0.0], [691714.328313253, 2572953.021084337, 0.0], [691719.3222891566, 2572958.015060241, 0.0], [691724.3162650602, 2572963.0090361442, 0.0], [691729.3102409638, 2572968.003012048, 0.0], [691734.3042168674, 2572968.003012048, 0.0], [691739.298192771, 2572968.003012048, 0.0], [691744.2921686748, 2572972.9969879515, 0.0], [691749.2861445784, 2572972.9969879515, 0.0], [691754.280120482, 2572972.9969879515, 0.0], [691759.2740963856, 2572977.9909638553, 0.0]]}}, {"type": "Feature", "properties": {"name": "R1", "length": null}, "geometry": {"type": "LineString", "coordinates": [[665076.4608433734, 2568962.834337349, 0.0], [665081.454819277, 2568962.834337349, 0.0], [665086.4487951807, 2568962.834337349, 0.0], [665091.4427710843, 2568962.834337349, 0.0], [665096.4367469879, 2568962.834337349, 0.0], [665101.4307228916, 2568957.8403614457, 0.0], [665106.4246987952, 2568952.846385542, 0.0], [665111.4186746988, 2568952.846385542, 0.0], [665116.4126506024, 2568952.846385542, 0.0], [665121.406626506, 2568952.846385542, 0.0], [665126.4006024096, 2568947.8524096385, 0.0], [665131.3945783132, 2568947.8524096385, 0.0], [665136.3885542168, 2568942.8584337346, 0.0], [665141.3825301204, 2568942.8584337346, 0.0], [665146.376506024, 2568937.8644578313, 0.0], [665151.3704819276, 2568937.8644578313, 0.0], [665156.3644578313, 2568932.8704819274, 0.0], [665161.3584337349, 2568932.8704819274, 0.0], [665166.3524096385, 2568927.876506024, 0.0], [665166.3524096385, 2568922.88253012, 0.0], [665166.3524096385, 2568917.888554217, 0.0], [665166.3524096385, 2568912.894578313, 0.0], [665171.3463855421, 2568907.9006024096, 0.0], [665176.3403614458, 2568902.906626506, 0.0], [665181.3343373494, 2568897.9126506024, 0.0], [665186.328313253, 2568897.9126506024, 0.0], [665191.3222891566, 2568897.9126506024, 0.0], [665196.3162650602, 2568897.9126506024, 0.0], [665201.3102409638, 2568897.9126506024, 0.0], [665206.3042168674, 2568897.9126506024, 0.0], [665211.298192771, 2568892.9186746986, 0.0], [665216.2921686746, 2568892.9186746986, 0.0], [665221.2861445782, 2568887.924698795, 0.0], [665226.2801204819, 2568882.9307228914, 0.0], [665226.2801204819, 2568877.936746988, 0.0], [665231.2740963855, 2568872.942771084, 0.0], [665236.2680722891, 2568872.942771084, 0.0], [665241.2620481928, 2568872.942771084, 0.0], [665246.2560240964, 2568867.9487951803, 0.0], [665251.25, 2568867.9487951803, 0.0], [665256.2439759036, 2568862.954819277, 0.0], [665261.2379518072, 2568862.954819277, 0.0], [665266.2319277108, 2568857.960843373, 0.0], [665271.2259036144, 2568857.960843373, 0.0], [665276.219879518, 2568857.960843373, 0.0], [665281.2138554216, 2568852.9668674697, 0.0], [665286.2078313252, 2568852.9668674697, 0.0], [665291.2018072288, 2568852.9668674697, 0.0], [665296.1957831325, 2568852.9668674697, 0.0], [665301.1897590361, 2568847.972891566, 0.0], [665306.1837349397, 2568847.972891566, 0.0], [665311.1777108434, 2568842.9789156625, 0.0], [665316.171686747, 2568842.9789156625, 0.0], [665321.1656626506, 2568842.9789156625, 0.0], [665326.1596385542, 2568837.9849397587, 0.0], [665331.1536144578, 2568837.9849397587, 0.0], [665336.1475903614, 2568837.9849397587, 0.0], [665341.141566265, 2568837.9849397587, 0.0], [665346.1355421686, 2568837.9849397587, 0.0], [665351.1295180722, 2568837.9849397587, 0.0], [665356.1234939758, 2568837.9849397587, 0.0], [665361.1174698794, 2568832.9909638553, 0.0], [665366.111445783, 2568832.9909638553, 0.0], [665371.1054216867, 2568832.9909638553, 0.0], [665376.0993975903, 2568827.9969879515, 0.0], [665381.093373494, 2568827.9969879515, 0.0], [665386.0873493976, 2568827.9969879515, 0.0], [665391.0813253012, 2568823.003012048, 0.0], [665396.0753012048, 2568823.003012048, 0.0], [665401.0692771084, 2568823.003012048, 0.0], [665406.063253012, 2568823.003012048, 0.0], [665411.0572289156, 2568818.0090361442, 0.0], [665416.0512048192, 2568818.0090361442, 0.0], [665421.0451807228, 2568813.015060241, 0.0], [665426.0391566264, 2568813.015060241, 0.0], [665431.03313253, 2568813.015060241, 0.0], [665436.0271084337, 2568813.015060241, 0.0], [665441.0210843373, 2568813.015060241, 0.0], [665446.0150602409, 2568813.015060241, 0.0], [665451.0090361446, 2568813.015060241, 0.0], [665456.0030120482, 2568813.015060241, 0.0], [665460.9969879518, 2568813.015060241, 0.0], [665465.9909638554, 2568813.015060241, 0.0], [665470.984939759, 2568808.021084337, 0.0], [665475.9789156626, 2568808.021084337, 0.0], [665480.9728915662, 2568808.021084337, 0.0], [665485.9668674698, 2568808.021084337, 0.0], [665490.9608433734, 2568808.021084337, 0.0], [665495.954819277, 2568808.021084337, 0.0], [665500.9487951807, 2568808.021084337, 0.0], [665505.9427710843, 2568808.021084337, 0.0], [665510.9367469879, 2568808.021084337, 0.0], [665515.9307228916, 2568808.021084337, 0.0], [665520.9246987952, 2568808.021084337, 0.0], [665525.9186746988, 2568808.021084337, 0.0], [665530.9126506024, 2568808.021084337, 0.0], [665535.906626506, 2568808.021084337, 0.0], [665540.9006024096, 2568803.0271084337, 0.0], [665545.8945783132, 2568803.0271084337, 0.0], [665550.8885542168, 2568798.03313253, 0.0], [665555.8825301204, 2568798.03313253, 0.0], [665560.876506024, 2568798.03313253, 0.0], [665565.8704819276, 2568793.0391566264, 0.0], [665570.8644578313, 2568788.0451807226, 0.0], [665575.8584337349, 2568783.051204819, 0.0], [665580.8524096385, 2568778.0572289154, 0.0], [665585.8463855421, 2568773.063253012, 0.0], [665590.8403614458, 2568773.063253012, 0.0], [665595.8343373494, 2568768.069277108, 0.0], [665600.828313253, 2568768.069277108, 0.0], [665605.8222891566, 2568768.069277108, 0.0], [665610.8162650602, 2568763.075301205, 0.0], [665615.8102409638, 2568763.075301205, 0.0], [665620.8042168674, 2568763.075301205, 0.0], [665625.798192771, 2568763.075301205, 0.0], [665630.7921686746, 2568763.075301205, 0.0], [665635.7861445782, 2568758.081325301, 0.0], [665640.7801204819, 2568758.081325301, 0.0], [665645.7740963855, 2568758.081325301, 0.0], [665650.7680722891, 2568758.081325301, 0.0], [665655.7620481928, 2568758.081325301, 0.0], [665660.7560240964, 2568758.081325301, 0.0], [665665.75, 2568758.081325301, 0.0], [665670.7439759036, 2568758.081325301, 0.0], [665675.7379518072, 2568758.081325301, 0.0], [665680.7319277108, 2568758.081325301, 0.0], [665685.7259036144, 2568758.081325301, 0.0], [665690.719879518, 2568758.081325301, 0.0], [665695.7138554216, 2568758.081325301, 0.0], [665700.7078313252, 2568758.081325301, 0.0], [665705.7018072288, 2568758.081325301, 0.0], [665710.6957831325, 2568758.081325301, 0.0], [665715.6897590361, 2568763.075301205, 0.0], [665720.6837349397, 2568763.075301205, 0.0], [665725.6777108434, 2568763.075301205, 0.0], [665730.671686747, 2568763.075301205, 0.0], [665735.6656626506, 2568763.075301205, 0.0], [665740.6596385542, 2568763.075301205, 0.0], [665745.6536144578, 2568763.075301205, 0.0], [665750.6475903614, 2568763.075301205, 0.0], [665755.641566265, 2568763.075301205, 0.0], [665760.6355421686, 2568763.075301205, 0.0], [665765.6295180722, 2568763.075301205, 0.0], [665770.6234939758, 2568763.075301205, 0.0], [665775.6174698794, 2568763.075301205, 0.0], [665780.611445783, 2568763.075301205, 0.0], [665785.6054216867, 2568763.075301205, 0.0], [665790.5993975903, 2568763.075301205, 0.0], [665795.593373494, 2568763.075301205, 0.0], [665800.5873493976, 2568763.075301205, 0.0], [665805.5813253012, 2568763.075301205, 0.0], [665810.5753012048, 2568763.075301205, 0.0], [665815.5692771084, 2568768.069277108, 0.0], [665820.563253012, 2568773.063253012, 0.0], [665825.5572289156, 2568778.0572289154, 0.0], [665830.5512048192, 2568783.051204819, 0.0], [665835.5451807228, 2568783.051204819, 0.0], [665840.5391566264, 2568788.0451807226, 0.0], [665845.53313253, 2568793.0391566264, 0.0], [665850.5271084337, 2568798.03313253, 0.0], [665855.5210843373, 2568798.03313253, 0.0], [665860.5150602409, 2568798.03313253, 0.0], [665865.5090361446, 2568803.0271084337, 0.0], [665870.5030120482, 2568808.021084337, 0.0], [665875.4969879518, 2568808.021084337, 0.0], [665880.4909638554, 2568813.015060241, 0.0], [665885.484939759, 2568813.015060241, 0.0], [665890.4789156626, 2568818.0090361442, 0.0], [665895.4728915662, 2568823.003012048, 0.0], [665900.4668674698, 2568823.003012048, 0.0], [665905.4608433734, 2568827.9969879515, 0.0], [665910.454819277, 2568827.9969879515, 0.0], [665915.4487951807, 2568832.9909638553, 0.0], [665920.4427710843, 2568832.9909638553, 0.0], [665925.4367469879, 2568832.9909638553, 0.0], [665930.4307228916, 2568837.9849397587, 0.0], [665935.4246987952, 2568842.9789156625, 0.0], [665940.4186746988, 2568842.9789156625, 0.0], [665945.4126506024, 2568847.972891566, 0.0], [665950.406626506, 2568852.9668674697, 0.0], [665955.4006024096, 2568852.9668674697, 0.0], [665960.3945783132, 2568857.960843373, 0.0], [665965.3885542168, 2568857.960843373, 0.0], [665970.3825301204, 2568857.960843373, 0.0], [665975.376506024, 2568857.960843373, 0.0], [665980.3704819276, 2568857.960843373, 0.0], [665985.3644578313, 2568857.960843373, 0.0], [665985.3644578313, 2568862.954819277, 0.0], [665990.3584337349, 2568867.9487951803, 0.0], [665995.3524096385, 2568872.942771084, 0.0], [666000.3463855422, 2568877.936746988, 0.0], [666000.3463855422, 2568882.9307228914, 0.0], [666005.3403614458, 2568887.924698795, 0.0], [666010.3343373494, 2568892.9186746986, 0.0], [666010.3343373494, 2568897.9126506024, 0.0], [666015.328313253, 2568902.906626506, 0.0], [666015.328313253, 2568907.9006024096, 0.0], [666015.328313253, 2568912.894578313, 0.0], [666020.3222891566, 2568917.888554217, 0.0], [666025.3162650602, 2568922.88253012, 0.0], [666030.3102409638, 2568922.88253012, 0.0], [666035.3042168674, 2568922.88253012, 0.0], [666035.3042168674, 2568927.876506024, 0.0], [666040.298192771, 2568932.8704819274, 0.0], [666045.2921686746, 2568937.8644578313, 0.0], [666045.2921686746, 2568942.8584337346, 0.0], [666045.2921686746, 2568947.8524096385, 0.0], [666050.2861445782, 2568952.846385542, 0.0], [666055.2801204819, 2568957.8403614457, 0.0], [666060.2740963855, 2568962.834337349, 0.0], [666065.2680722891, 2568967.828313253, 0.0], [666070.2620481928, 2568972.8222891563, 0.0], [666070.2620481928, 2568977.81626506, 0.0], [666070.2620481928, 2568982.8102409635, 0.0], [666070.2620481928, 2568987.8042168673, 0.0], [666070.2620481928, 2568992.7981927707, 0.0], [666065.2680722891, 2568997.7921686745, 0.0], [666070.2620481928, 2569002.786144578, 0.0], [666075.2560240964, 2569007.7801204817, 0.0], [666075.2560240964, 2569012.7740963856, 0.0], [666080.25, 2569017.768072289, 0.0], [666085.2439759036, 2569022.762048193, 0.0], [666085.2439759036, 2569027.756024096, 0.0], [666090.2379518072, 2569032.75, 0.0], [666095.2319277108, 2569037.7439759034, 0.0], [666100.2259036144, 2569042.737951807, 0.0], [666100.2259036144, 2569047.7319277106, 0.0], [666105.219879518, 2569052.7259036144, 0.0], [666110.2138554216, 2569057.719879518, 0.0], [666115.2078313252, 2569062.7138554216, 0.0], [666120.2018072288, 2569067.707831325, 0.0], [666125.1957831325, 2569067.707831325, 0.0], [666130.1897590361, 2569072.701807229, 0.0], [666135.1837349397, 2569077.695783132, 0.0], [666140.1777108434, 2569082.689759036, 0.0], [666145.171686747, 2569087.6837349394, 0.0], [666150.1656626506, 2569087.6837349394, 0.0], [666155.1596385542, 2569092.6777108433, 0.0], [666160.1536144578, 2569097.6716867466, 0.0], [666165.1475903614, 2569097.6716867466, 0.0], [666170.141566265, 2569097.6716867466, 0.0], [666175.1355421686, 2569102.6656626505, 0.0], [666180.1295180722, 2569102.6656626505, 0.0], [666185.1234939758, 2569102.6656626505, 0.0], [666190.1174698794, 2569102.6656626505, 0.0], [666195.111445783, 2569102.6656626505, 0.0], [666200.1054216867, 2569097.6716867466, 0.0], [666205.0993975903, 2569092.6777108433, 0.0], [666210.093373494, 2569092.6777108433, 0.0], [666215.0873493976, 2569097.6716867466, 0.0], [666220.0813253012, 2569097.6716867466, 0.0], [666225.0753012048, 2569097.6716867466, 0.0], [666230.0692771084, 2569102.6656626505, 0.0], [666235.063253012, 2569107.659638554, 0.0], [666240.0572289156, 2569112.6536144577, 0.0], [666245.0512048192, 2569112.6536144577, 0.0], [666250.0451807228, 2569112.6536144577, 0.0], [666255.0391566264, 2569117.647590361, 0.0], [666260.03313253, 2569122.641566265, 0.0], [666265.0271084337, 2569122.641566265, 0.0], [666270.0210843373, 2569122.641566265, 0.0], [666275.0150602409, 2569122.641566265, 0.0], [666280.0090361446, 2569122.641566265, 0.0], [666285.0030120482, 2569122.641566265, 0.0], [666285.0030120482, 2569127.6355421683, 0.0], [666289.9969879518, 2569132.629518072, 0.0], [666294.9909638554, 2569137.6234939755, 0.0], [666299.984939759, 2569142.6174698793, 0.0], [666304.9789156626, 2569147.611445783, 0.0], [666309.9728915662, 2569147.611445783, 0.0], [666314.9668674698, 2569152.6054216865, 0.0], [666319.9608433734, 2569152.6054216865, 0.0], [666324.954819277, 2569157.5993975904, 0.0], [666329.9487951807, 2569162.5933734938, 0.0], [666334.9427710843, 2569162.5933734938, 0.0], [666339.9367469879, 2569162.5933734938, 0.0], [666344.9307228916, 2569167.5873493976, 0.0], [666349.9246987952, 2569172.581325301, 0.0], [666354.9186746988, 2569172.581325301, 0.0], [666359.9126506024, 2569177.575301205, 0.0], [666364.906626506, 2569177.575301205, 0.0], [666369.9006024096, 2569177.575301205, 0.0], [666374.8945783132, 2569177.575301205, 0.0], [666379.8885542168, 2569182.569277108, 0.0], [666384.8825301204, 2569187.563253012, 0.0], [666389.876506024, 2569187.563253012, 0.0], [666394.8704819276, 2569192.5572289154, 0.0], [666399.8644578313, 2569192.5572289154, 0.0], [666404.8584337349, 2569197.551204819, 0.0], [666409.8524096385, 2569202.5451807226, 0.0], [666414.8463855422, 2569207.5391566264, 0.0], [666419.8403614458, 2569212.53313253, 0.0], [666424.8343373494, 2569217.5271084337, 0.0], [666429.828313253, 2569222.521084337, 0.0], [666434.8222891566, 2569227.515060241, 0.0], [666439.8162650602, 2569232.5090361442, 0.0], [666444.8102409638, 2569237.503012048, 0.0], [666449.8042168674, 2569242.4969879515, 0.0], [666454.798192771, 2569247.4909638553, 0.0], [666459.7921686746, 2569252.4849397587, 0.0], [666459.7921686746, 2569257.4789156625, 0.0], [666464.7861445782, 2569262.472891566, 0.0], [666469.7801204819, 2569267.4668674697, 0.0], [666474.7740963855, 2569272.460843373, 0.0], [666479.7680722891, 2569277.454819277, 0.0], [666484.7620481928, 2569282.448795181, 0.0], [666484.7620481928, 2569287.442771084, 0.0], [666489.7560240964, 2569292.436746988, 0.0], [666494.75, 2569297.4307228914, 0.0], [666494.75, 2569302.424698795, 0.0], [666499.7439759036, 2569307.4186746986, 0.0], [666499.7439759036, 2569312.4126506024, 0.0], [666504.7379518072, 2569317.406626506, 0.0], [666509.7319277108, 2569322.4006024096, 0.0], [666514.7259036144, 2569327.394578313, 0.0], [666514.7259036144, 2569332.388554217, 0.0], [666514.7259036144, 2569337.38253012, 0.0], [666514.7259036144, 2569342.376506024, 0.0], [666514.7259036144, 2569347.3704819274, 0.0], [666514.7259036144, 2569352.3644578313, 0.0], [666519.719879518, 2569357.3584337346, 0.0], [666524.7138554216, 2569362.3524096385, 0.0], [666524.7138554216, 2569367.346385542, 0.0], [666529.7078313252, 2569372.3403614457, 0.0], [666534.7018072288, 2569377.334337349, 0.0], [666539.6957831325, 2569382.328313253, 0.0], [666539.6957831325, 2569387.3222891563, 0.0], [666544.6897590361, 2569392.31626506, 0.0], [666549.6837349397, 2569397.3102409635, 0.0], [666549.6837349397, 2569402.3042168673, 0.0], [666554.6777108434, 2569407.2981927707, 0.0], [666559.671686747, 2569412.2921686745, 0.0], [666564.6656626506, 2569417.286144578, 0.0], [666569.6596385542, 2569422.2801204817, 0.0], [666569.6596385542, 2569427.2740963856, 0.0], [666569.6596385542, 2569432.268072289, 0.0], [666569.6596385542, 2569437.262048193, 0.0], [666569.6596385542, 2569442.256024096, 0.0], [666574.6536144578, 2569447.25, 0.0], [666579.6475903614, 2569452.2439759034, 0.0], [666579.6475903614, 2569457.237951807, 0.0], [666584.641566265, 2569462.2319277106, 0.0], [666584.641566265, 2569467.2259036144, 0.0], [666589.6355421686, 2569472.219879518, 0.0], [666594.6295180722, 2569477.2138554216, 0.0], [666599.6234939758, 2569482.207831325, 0.0], [666604.6174698794, 2569482.207831325, 0.0], [666609.611445783, 2569487.201807229, 0.0], [666614.6054216867, 2569492.195783132, 0.0], [666619.5993975904, 2569492.195783132, 0.0], [666624.593373494, 2569497.189759036, 0.0], [666629.5873493976, 2569502.1837349394, 0.0], [666634.5813253012, 2569507.1777108433, 0.0], [666639.5753012048, 2569512.1716867466, 0.0], [666644.5692771084, 2569512.1716867466, 0.0], [666649.563253012, 2569517.1656626505, 0.0], [666654.5572289156, 2569522.159638554, 0.0], [666659.5512048192, 2569522.159638554, 0.0], [666664.5451807228, 2569527.1536144577, 0.0], [666669.5391566264, 2569532.147590361, 0.0], [666674.53313253, 2569537.141566265, 0.0], [666679.5271084337, 2569537.141566265, 0.0], [666684.5210843373, 2569542.1355421683, 0.0], [666689.5150602409, 2569547.129518072, 0.0], [666689.5150602409, 2569552.1234939755, 0.0], [666694.5090361446, 2569557.1174698793, 0.0], [666694.5090361446, 2569562.111445783, 0.0], [666699.5030120482, 2569567.1054216865, 0.0], [666699.5030120482, 2569572.0993975904, 0.0], [666704.4969879518, 2569577.0933734938, 0.0], [666709.4909638554, 2569582.0873493976, 0.0], [666709.4909638554, 2569587.081325301, 0.0], [666714.484939759, 2569592.075301205, 0.0], [666719.4789156626, 2569597.069277108, 0.0], [666719.4789156626, 2569602.063253012, 0.0], [666724.4728915662, 2569607.0572289154, 0.0], [666724.4728915662, 2569612.051204819, 0.0], [666729.4668674698, 2569617.0451807226, 0.0], [666734.4608433734, 2569622.0391566264, 0.0], [666739.454819277, 2569627.03313253, 0.0], [666744.4487951807, 2569632.0271084337, 0.0], [666749.4427710843, 2569637.021084337, 0.0], [666754.4367469879, 2569642.015060241, 0.0], [666759.4307228916, 2569642.015060241, 0.0], [666764.4246987952, 2569647.0090361442, 0.0], [666769.4186746988, 2569647.0090361442, 0.0], [666774.4126506024, 2569647.0090361442, 0.0], [666779.406626506, 2569647.0090361442, 0.0], [666784.4006024096, 2569642.015060241, 0.0], [666789.3945783132, 2569642.015060241, 0.0], [666794.3885542168, 2569637.021084337, 0.0], [666799.3825301204, 2569637.021084337, 0.0], [666804.376506024, 2569637.021084337, 0.0], [666809.3704819276, 2569637.021084337, 0.0], [666814.3644578313, 2569637.021084337, 0.0], [666819.3584337349, 2569642.015060241, 0.0], [666824.3524096385, 2569647.0090361442, 0.0], [666829.3463855422, 2569652.003012048, 0.0], [666834.3403614458, 2569656.9969879515, 0.0], [666834.3403614458, 2569661.9909638553, 0.0], [666834.3403614458, 2569666.9849397587, 0.0], [666834.3403614458, 2569671.9789156625, 0.0], [666839.3343373494, 2569676.972891566, 0.0], [666844.328313253, 2569681.9668674697, 0.0], [666849.3222891566, 2569686.960843373, 0.0], [666849.3222891566, 2569691.954819277, 0.0], [666854.3162650602, 2569696.948795181, 0.0], [666859.3102409638, 2569701.942771084, 0.0], [666864.3042168674, 2569706.936746988, 0.0], [666869.298192771, 2569711.9307228914, 0.0], [666874.2921686746, 2569716.924698795, 0.0], [666879.2861445782, 2569721.9186746986, 0.0], [666884.2801204819, 2569726.9126506024, 0.0], [666884.2801204819, 2569731.906626506, 0.0], [666889.2740963855, 2569736.9006024096, 0.0], [666894.2680722891, 2569741.894578313, 0.0], [666899.2620481928, 2569746.888554217, 0.0], [666904.2560240964, 2569751.88253012, 0.0], [666909.25, 2569751.88253012, 0.0], [666914.2439759036, 2569751.88253012, 0.0], [666919.2379518072, 2569751.88253012, 0.0], [666924.2319277108, 2569756.876506024, 0.0], [666929.2259036144, 2569756.876506024, 0.0], [666929.2259036144, 2569761.8704819274, 0.0], [666934.219879518, 2569766.8644578313, 0.0], [666939.2138554216, 2569766.8644578313, 0.0], [666944.2078313252, 2569766.8644578313, 0.0], [666949.2018072288, 2569766.8644578313, 0.0], [666954.1957831325, 2569771.8584337346, 0.0], [666959.1897590361, 2569776.8524096385, 0.0], [666964.1837349397, 2569776.8524096385, 0.0], [666969.1777108434, 2569781.846385542, 0.0], [666974.171686747, 2569786.8403614457, 0.0], [666979.1656626506, 2569786.8403614457, 0.0], [666984.1596385542, 2569786.8403614457, 0.0], [666989.1536144578, 2569786.8403614457, 0.0], [666994.1475903614, 2569791.834337349, 0.0], [666999.141566265, 2569791.834337349, 0.0], [667004.1355421686, 2569796.828313253, 0.0], [667009.1295180722, 2569796.828313253, 0.0], [667014.1234939758, 2569801.8222891563, 0.0], [667019.1174698794, 2569801.8222891563, 0.0], [667024.111445783, 2569806.81626506, 0.0], [667029.1054216867, 2569811.8102409635, 0.0], [667034.0993975904, 2569816.8042168673, 0.0], [667039.093373494, 2569821.7981927707, 0.0], [667044.0873493976, 2569821.7981927707, 0.0], [667049.0813253012, 2569826.7921686745, 0.0], [667054.0753012048, 2569831.786144578, 0.0], [667059.0692771084, 2569836.7801204817, 0.0], [667064.063253012, 2569841.7740963856, 0.0], [667069.0572289156, 2569846.768072289, 0.0], [667074.0512048192, 2569851.762048193, 0.0], [667079.0451807228, 2569856.756024096, 0.0], [667084.0391566264, 2569861.75, 0.0], [667089.03313253, 2569866.7439759034, 0.0], [667089.03313253, 2569871.737951807, 0.0], [667094.0271084337, 2569876.7319277106, 0.0], [667099.0210843373, 2569881.7259036144, 0.0], [667104.0150602409, 2569886.719879518, 0.0], [667109.0090361446, 2569891.7138554216, 0.0], [667114.0030120482, 2569891.7138554216, 0.0], [667118.9969879518, 2569896.707831325, 0.0], [667123.9909638554, 2569901.701807229, 0.0], [667128.984939759, 2569906.695783132, 0.0], [667133.9789156626, 2569906.695783132, 0.0], [667138.9728915662, 2569906.695783132, 0.0], [667143.9668674698, 2569911.689759036, 0.0], [667148.9608433734, 2569911.689759036, 0.0], [667153.954819277, 2569911.689759036, 0.0], [667158.9487951807, 2569911.689759036, 0.0], [667163.9427710843, 2569911.689759036, 0.0], [667168.9367469879, 2569911.689759036, 0.0], [667173.9307228916, 2569911.689759036, 0.0], [667178.9246987952, 2569916.6837349394, 0.0], [667183.9186746988, 2569916.6837349394, 0.0], [667188.9126506024, 2569916.6837349394, 0.0], [667193.906626506, 2569916.6837349394, 0.0], [667198.9006024096, 2569916.6837349394, 0.0], [667203.8945783132, 2569916.6837349394, 0.0], [667208.8885542168, 2569916.6837349394, 0.0], [667213.8825301204, 2569916.6837349394, 0.0], [667218.876506024, 2569916.6837349394, 0.0], [667223.8704819276, 2569916.6837349394, 0.0], [667228.8644578313, 2569916.6837349394, 0.0], [667233.8584337349, 2569916.6837349394, 0.0], [667238.8524096385, 2569916.6837349394, 0.0], [667243.8463855422, 2569916.6837349394, 0.0], [667243.8463855422, 2569921.6777108433, 0.0], [667248.8403614458, 2569926.6716867466, 0.0], [667253.8343373494, 2569926.6716867466, 0.0], [667258.828313253, 2569926.6716867466, 0.0], [667263.8222891566, 2569926.6716867466, 0.0], [667268.8162650602, 2569926.6716867466, 0.0], [667273.8102409638, 2569926.6716867466, 0.0], [667278.8042168674, 2569926.6716867466, 0.0], [667283.798192771, 2569926.6716867466, 0.0], [667288.7921686746, 2569926.6716867466, 0.0], [667293.7861445782, 2569931.6656626505, 0.0], [667298.7801204819, 2569931.6656626505, 0.0], [667303.7740963855, 2569931.6656626505, 0.0], [667308.7680722891, 2569931.6656626505, 0.0], [667313.7620481928, 2569936.659638554, 0.0], [667318.7560240964, 2569936.659638554, 0.0], [667323.75, 2569936.659638554, 0.0], [667328.7439759036, 2569936.659638554, 0.0], [667333.7379518072, 2569936.659638554, 0.0], [667338.7319277108, 2569936.659638554, 0.0], [667343.7259036144, 2569936.659638554, 0.0], [667348.719879518, 2569936.659638554, 0.0], [667353.7138554216, 2569936.659638554, 0.0], [667358.7078313252, 2569936.659638554, 0.0], [667363.7018072288, 2569936.659638554, 0.0], [667368.6957831325, 2569936.659638554, 0.0], [667373.6897590361, 2569931.6656626505, 0.0], [667378.6837349397, 2569926.6716867466, 0.0], [667383.6777108434, 2569926.6716867466, 0.0], [667388.671686747, 2569926.6716867466, 0.0], [667393.6656626506, 2569931.6656626505, 0.0], [667398.6596385542, 2569931.6656626505, 0.0], [667403.6536144578, 2569931.6656626505, 0.0], [667408.6475903614, 2569936.659638554, 0.0], [667413.641566265, 2569936.659638554, 0.0], [667418.6355421686, 2569941.6536144577, 0.0], [667423.6295180722, 2569941.6536144577, 0.0], [667428.6234939758, 2569941.6536144577, 0.0], [667433.6174698794, 2569941.6536144577, 0.0], [667438.611445783, 2569946.647590361, 0.0], [667443.6054216867, 2569946.647590361, 0.0], [667448.5993975904, 2569946.647590361, 0.0], [667453.593373494, 2569946.647590361, 0.0], [667458.5873493976, 2569946.647590361, 0.0], [667463.5813253012, 2569946.647590361, 0.0], [667468.5753012048, 2569951.641566265, 0.0], [667473.5692771084, 2569951.641566265, 0.0], [667478.563253012, 2569951.641566265, 0.0], [667483.5572289156, 2569951.641566265, 0.0], [667488.5512048192, 2569951.641566265, 0.0], [667493.5451807228, 2569951.641566265, 0.0], [667498.5391566264, 2569951.641566265, 0.0], [667503.53313253, 2569951.641566265, 0.0], [667508.5271084337, 2569946.647590361, 0.0], [667513.5210843373, 2569946.647590361, 0.0], [667518.5150602409, 2569946.647590361, 0.0], [667523.5090361446, 2569951.641566265, 0.0], [667528.5030120482, 2569951.641566265, 0.0], [667533.4969879518, 2569951.641566265, 0.0], [667538.4909638554, 2569951.641566265, 0.0], [667543.484939759, 2569951.641566265, 0.0], [667548.4789156626, 2569946.647590361, 0.0], [667553.4728915662, 2569941.6536144577, 0.0], [667558.4668674698, 2569941.6536144577, 0.0], [667563.4608433734, 2569941.6536144577, 0.0], [667568.454819277, 2569941.6536144577, 0.0], [667573.4487951807, 2569941.6536144577, 0.0], [667578.4427710843, 2569941.6536144577, 0.0], [667583.4367469879, 2569941.6536144577, 0.0], [667588.4307228916, 2569946.647590361, 0.0], [667593.4246987952, 2569946.647590361, 0.0], [667598.4186746988, 2569946.647590361, 0.0], [667603.4126506024, 2569946.647590361, 0.0], [667608.406626506, 2569951.641566265, 0.0], [667613.4006024096, 2569956.6355421683, 0.0], [667618.3945783132, 2569956.6355421683, 0.0], [667623.3885542168, 2569961.629518072, 0.0], [667628.3825301204, 2569966.6234939755, 0.0], [667628.3825301204, 2569971.6174698793, 0.0], [667633.376506024, 2569976.611445783, 0.0], [667633.376506024, 2569981.6054216865, 0.0], [667633.376506024, 2569986.5993975904, 0.0], [667633.376506024, 2569991.5933734938, 0.0], [667638.3704819276, 2569996.5873493976, 0.0], [667638.3704819276, 2570001.581325301, 0.0], [667638.3704819276, 2570006.575301205, 0.0], [667638.3704819276, 2570011.569277108, 0.0], [667638.3704819276, 2570016.563253012, 0.0], [667633.376506024, 2570021.5572289154, 0.0], [667633.376506024, 2570026.551204819, 0.0], [667638.3704819276, 2570031.5451807226, 0.0], [667638.3704819276, 2570036.5391566264, 0.0], [667643.3644578313, 2570041.53313253, 0.0], [667643.3644578313, 2570046.5271084337, 0.0], [667648.3584337349, 2570051.521084337, 0.0], [667648.3584337349, 2570056.515060241, 0.0], [667653.3524096385, 2570061.5090361442, 0.0], [667658.3463855422, 2570066.503012048, 0.0], [667658.3463855422, 2570071.4969879515, 0.0], [667658.3463855422, 2570076.4909638553, 0.0], [667658.3463855422, 2570081.4849397587, 0.0], [667663.3403614458, 2570086.4789156625, 0.0], [667663.3403614458, 2570091.472891566, 0.0], [667663.3403614458, 2570096.4668674697, 0.0], [667668.3343373494, 2570101.460843373, 0.0], [667668.3343373494, 2570106.454819277, 0.0], [667668.3343373494, 2570111.448795181, 0.0], [667673.328313253, 2570116.442771084, 0.0], [667673.328313253, 2570121.436746988, 0.0], [667678.3222891566, 2570126.4307228914, 0.0], [667678.3222891566, 2570131.424698795, 0.0], [667683.3162650602, 2570136.4186746986, 0.0], [667688.3102409638, 2570141.4126506024, 0.0], [667693.3042168674, 2570146.406626506, 0.0], [667693.3042168674, 2570151.4006024096, 0.0], [667698.298192771, 2570156.394578313, 0.0], [667703.2921686746, 2570156.394578313, 0.0], [667708.2861445782, 2570156.394578313, 0.0], [667713.2801204819, 2570151.4006024096, 0.0], [667718.2740963855, 2570151.4006024096, 0.0], [667723.2680722891, 2570151.4006024096, 0.0], [667728.2620481928, 2570146.406626506, 0.0], [667733.2560240964, 2570146.406626506, 0.0], [667738.25, 2570141.4126506024, 0.0], [667743.2439759036, 2570136.4186746986, 0.0], [667748.2379518072, 2570136.4186746986, 0.0], [667753.2319277108, 2570131.424698795, 0.0], [667758.2259036144, 2570131.424698795, 0.0], [667763.219879518, 2570126.4307228914, 0.0], [667768.2138554216, 2570126.4307228914, 0.0], [667773.2078313252, 2570126.4307228914, 0.0], [667778.2018072288, 2570126.4307228914, 0.0], [667783.1957831325, 2570121.436746988, 0.0], [667788.1897590361, 2570121.436746988, 0.0], [667793.1837349397, 2570116.442771084, 0.0], [667798.1777108434, 2570116.442771084, 0.0], [667803.171686747, 2570116.442771084, 0.0], [667808.1656626506, 2570116.442771084, 0.0], [667813.1596385542, 2570116.442771084, 0.0], [667818.1536144578, 2570111.448795181, 0.0], [667823.1475903614, 2570111.448795181, 0.0], [667828.141566265, 2570111.448795181, 0.0], [667833.1355421686, 2570111.448795181, 0.0], [667838.1295180722, 2570111.448795181, 0.0], [667843.1234939758, 2570111.448795181, 0.0], [667848.1174698794, 2570111.448795181, 0.0], [667853.111445783, 2570111.448795181, 0.0], [667858.1054216867, 2570111.448795181, 0.0], [667863.0993975904, 2570111.448795181, 0.0], [667868.093373494, 2570111.448795181, 0.0], [667873.0873493976, 2570111.448795181, 0.0], [667878.0813253012, 2570111.448795181, 0.0], [667883.0753012048, 2570111.448795181, 0.0], [667888.0692771084, 2570111.448795181, 0.0], [667893.063253012, 2570116.442771084, 0.0], [667898.0572289156, 2570116.442771084, 0.0], [667903.0512048192, 2570116.442771084, 0.0], [667908.0451807228, 2570116.442771084, 0.0], [667913.0391566264, 2570116.442771084, 0.0], [667918.03313253, 2570121.436746988, 0.0], [667923.0271084337, 2570121.436746988, 0.0], [667928.0210843373, 2570126.4307228914, 0.0], [667933.0150602409, 2570126.4307228914, 0.0], [667938.0090361446, 2570131.424698795, 0.0], [667943.0030120482, 2570131.424698795, 0.0], [667947.9969879518, 2570131.424698795, 0.0], [667952.9909638554, 2570131.424698795, 0.0], [667957.984939759, 2570136.4186746986, 0.0], [667962.9789156626, 2570136.4186746986, 0.0], [667967.9728915662, 2570136.4186746986, 0.0], [667972.9668674698, 2570136.4186746986, 0.0], [667977.9608433734, 2570141.4126506024, 0.0], [667982.954819277, 2570141.4126506024, 0.0], [667987.9487951807, 2570141.4126506024, 0.0], [667992.9427710843, 2570146.406626506, 0.0], [667997.9367469879, 2570151.4006024096, 0.0], [668002.9307228916, 2570156.394578313, 0.0], [668007.9246987952, 2570161.388554217, 0.0], [668012.9186746988, 2570166.38253012, 0.0], [668017.9126506024, 2570171.376506024, 0.0], [668017.9126506024, 2570176.3704819274, 0.0], [668022.906626506, 2570181.3644578313, 0.0], [668022.906626506, 2570186.3584337346, 0.0], [668027.9006024096, 2570191.3524096385, 0.0], [668027.9006024096, 2570196.346385542, 0.0], [668027.9006024096, 2570201.3403614457, 0.0], [668032.8945783132, 2570206.334337349, 0.0], [668032.8945783132, 2570211.328313253, 0.0], [668037.8885542168, 2570216.3222891563, 0.0], [668037.8885542168, 2570221.31626506, 0.0], [668042.8825301204, 2570226.3102409635, 0.0], [668042.8825301204, 2570231.3042168673, 0.0], [668047.876506024, 2570236.2981927707, 0.0], [668052.8704819276, 2570241.2921686745, 0.0], [668052.8704819276, 2570246.286144578, 0.0], [668057.8644578313, 2570251.2801204817, 0.0], [668062.8584337349, 2570256.2740963856, 0.0], [668062.8584337349, 2570261.268072289, 0.0], [668067.8524096385, 2570261.268072289, 0.0], [668072.8463855422, 2570266.262048193, 0.0], [668077.8403614458, 2570271.256024096, 0.0], [668082.8343373494, 2570276.25, 0.0], [668087.828313253, 2570276.25, 0.0], [668092.8222891566, 2570281.2439759034, 0.0], [668097.8162650602, 2570281.2439759034, 0.0], [668102.8102409638, 2570281.2439759034, 0.0], [668107.8042168674, 2570281.2439759034, 0.0], [668112.798192771, 2570281.2439759034, 0.0], [668117.7921686746, 2570281.2439759034, 0.0], [668122.7861445782, 2570276.25, 0.0], [668127.7801204819, 2570276.25, 0.0], [668132.7740963855, 2570271.256024096, 0.0], [668137.7680722891, 2570266.262048193, 0.0], [668142.7620481928, 2570261.268072289, 0.0], [668147.7560240964, 2570256.2740963856, 0.0], [668152.75, 2570256.2740963856, 0.0], [668157.7439759036, 2570251.2801204817, 0.0], [668162.7379518072, 2570246.286144578, 0.0], [668167.7319277108, 2570246.286144578, 0.0], [668172.7259036144, 2570246.286144578, 0.0], [668177.719879518, 2570246.286144578, 0.0], [668182.7138554216, 2570246.286144578, 0.0], [668187.7078313252, 2570246.286144578, 0.0], [668192.7018072288, 2570251.2801204817, 0.0], [668197.6957831325, 2570256.2740963856, 0.0], [668202.6897590361, 2570261.268072289, 0.0], [668207.6837349397, 2570266.262048193, 0.0], [668212.6777108434, 2570271.256024096, 0.0], [668217.671686747, 2570271.256024096, 0.0], [668222.6656626506, 2570271.256024096, 0.0], [668227.6596385542, 2570271.256024096, 0.0], [668232.6536144578, 2570276.25, 0.0], [668237.6475903614, 2570276.25, 0.0], [668242.641566265, 2570276.25, 0.0], [668247.6355421686, 2570276.25, 0.0], [668252.6295180722, 2570276.25, 0.0], [668257.6234939758, 2570276.25, 0.0], [668262.6174698794, 2570276.25, 0.0], [668267.611445783, 2570276.25, 0.0], [668272.6054216867, 2570276.25, 0.0], [668277.5993975904, 2570276.25, 0.0], [668282.593373494, 2570276.25, 0.0], [668287.5873493976, 2570276.25, 0.0], [668292.5813253012, 2570276.25, 0.0], [668297.5753012048, 2570276.25, 0.0], [668302.5692771084, 2570281.2439759034, 0.0], [668307.563253012, 2570286.237951807, 0.0], [668312.5572289156, 2570291.2319277106, 0.0], [668312.5572289156, 2570296.2259036144, 0.0], [668312.5572289156, 2570301.219879518, 0.0], [668317.5512048192, 2570301.219879518, 0.0], [668322.5451807228, 2570301.219879518, 0.0], [668327.5391566264, 2570301.219879518, 0.0], [668332.53313253, 2570301.219879518, 0.0], [668337.5271084337, 2570301.219879518, 0.0], [668342.5210843373, 2570296.2259036144, 0.0], [668347.515060241, 2570296.2259036144, 0.0], [668352.5090361446, 2570296.2259036144, 0.0], [668357.5030120482, 2570296.2259036144, 0.0], [668362.4969879518, 2570296.2259036144, 0.0], [668367.4909638554, 2570291.2319277106, 0.0], [668372.484939759, 2570291.2319277106, 0.0], [668377.4789156626, 2570291.2319277106, 0.0], [668382.4728915662, 2570296.2259036144, 0.0], [668387.4668674698, 2570296.2259036144, 0.0], [668392.4608433734, 2570296.2259036144, 0.0], [668397.454819277, 2570296.2259036144, 0.0], [668402.4487951807, 2570301.219879518, 0.0], [668407.4427710843, 2570301.219879518, 0.0], [668412.4367469879, 2570301.219879518, 0.0], [668417.4307228916, 2570301.219879518, 0.0], [668422.4246987952, 2570301.219879518, 0.0], [668427.4186746988, 2570301.219879518, 0.0], [668432.4126506024, 2570301.219879518, 0.0], [668437.406626506, 2570296.2259036144, 0.0], [668442.4006024096, 2570296.2259036144, 0.0], [668447.3945783132, 2570296.2259036144, 0.0], [668452.3885542168, 2570296.2259036144, 0.0], [668457.3825301204, 2570291.2319277106, 0.0], [668462.376506024, 2570286.237951807, 0.0], [668467.3704819276, 2570286.237951807, 0.0], [668472.3644578313, 2570286.237951807, 0.0], [668477.3584337349, 2570286.237951807, 0.0], [668482.3524096385, 2570286.237951807, 0.0], [668487.3463855422, 2570286.237951807, 0.0], [668492.3403614458, 2570286.237951807, 0.0], [668497.3343373494, 2570286.237951807, 0.0], [668502.328313253, 2570286.237951807, 0.0], [668507.3222891566, 2570286.237951807, 0.0], [668512.3162650602, 2570286.237951807, 0.0], [668517.3102409638, 2570291.2319277106, 0.0], [668522.3042168674, 2570291.2319277106, 0.0], [668527.298192771, 2570286.237951807, 0.0], [668532.2921686746, 2570281.2439759034, 0.0], [668537.2861445782, 2570276.25, 0.0], [668537.2861445782, 2570271.256024096, 0.0], [668542.2801204819, 2570266.262048193, 0.0], [668547.2740963855, 2570261.268072289, 0.0], [668552.2680722892, 2570261.268072289, 0.0], [668557.2620481928, 2570261.268072289, 0.0], [668562.2560240964, 2570256.2740963856, 0.0], [668567.25, 2570251.2801204817, 0.0], [668572.2439759036, 2570246.286144578, 0.0], [668572.2439759036, 2570241.2921686745, 0.0], [668577.2379518072, 2570236.2981927707, 0.0], [668582.2319277108, 2570236.2981927707, 0.0], [668587.2259036144, 2570231.3042168673, 0.0], [668592.219879518, 2570231.3042168673, 0.0], [668597.2138554216, 2570231.3042168673, 0.0], [668602.2078313252, 2570231.3042168673, 0.0], [668607.2018072288, 2570226.3102409635, 0.0], [668612.1957831325, 2570226.3102409635, 0.0], [668617.1897590361, 2570226.3102409635, 0.0], [668622.1837349397, 2570226.3102409635, 0.0], [668627.1777108434, 2570226.3102409635, 0.0], [668632.171686747, 2570221.31626506, 0.0], [668637.1656626506, 2570221.31626506, 0.0], [668642.1596385542, 2570221.31626506, 0.0], [668647.1536144578, 2570221.31626506, 0.0], [668652.1475903614, 2570221.31626506, 0.0], [668657.141566265, 2570216.3222891563, 0.0], [668662.1355421686, 2570216.3222891563, 0.0], [668667.1295180722, 2570216.3222891563, 0.0], [668672.1234939758, 2570216.3222891563, 0.0], [668677.1174698794, 2570216.3222891563, 0.0], [668682.111445783, 2570221.31626506, 0.0], [668687.1054216867, 2570226.3102409635, 0.0], [668687.1054216867, 2570231.3042168673, 0.0], [668692.0993975904, 2570231.3042168673, 0.0], [668697.093373494, 2570231.3042168673, 0.0], [668702.0873493976, 2570231.3042168673, 0.0], [668707.0813253012, 2570231.3042168673, 0.0], [668712.0753012048, 2570226.3102409635, 0.0], [668717.0692771084, 2570226.3102409635, 0.0], [668722.063253012, 2570226.3102409635, 0.0], [668727.0572289156, 2570226.3102409635, 0.0], [668732.0512048192, 2570226.3102409635, 0.0], [668737.0451807228, 2570226.3102409635, 0.0], [668742.0391566264, 2570226.3102409635, 0.0], [668747.03313253, 2570226.3102409635, 0.0], [668752.0271084337, 2570226.3102409635, 0.0], [668757.0210843373, 2570226.3102409635, 0.0], [668762.015060241, 2570226.3102409635, 0.0], [668767.0090361446, 2570231.3042168673, 0.0], [668772.0030120482, 2570231.3042168673, 0.0], [668776.9969879518, 2570231.3042168673, 0.0], [668781.9909638554, 2570231.3042168673, 0.0], [668786.984939759, 2570226.3102409635, 0.0], [668791.9789156626, 2570226.3102409635, 0.0], [668796.9728915662, 2570226.3102409635, 0.0], [668801.9668674698, 2570221.31626506, 0.0], [668806.9608433734, 2570216.3222891563, 0.0], [668811.954819277, 2570216.3222891563, 0.0], [668816.9487951807, 2570216.3222891563, 0.0], [668821.9427710843, 2570216.3222891563, 0.0], [668826.9367469879, 2570216.3222891563, 0.0], [668831.9307228916, 2570216.3222891563, 0.0], [668836.9246987952, 2570216.3222891563, 0.0], [668841.9186746988, 2570216.3222891563, 0.0], [668846.9126506024, 2570216.3222891563, 0.0], [668851.906626506, 2570216.3222891563, 0.0], [668856.9006024096, 2570216.3222891563, 0.0], [668861.8945783132, 2570216.3222891563, 0.0], [668866.8885542168, 2570216.3222891563, 0.0], [668871.8825301204, 2570216.3222891563, 0.0], [668876.876506024, 2570211.328313253, 0.0], [668881.8704819276, 2570206.334337349, 0.0], [668886.8644578313, 2570206.334337349, 0.0], [668891.8584337349, 2570206.334337349, 0.0], [668896.8524096385, 2570206.334337349, 0.0], [668901.8463855422, 2570206.334337349, 0.0], [668906.8403614458, 2570206.334337349, 0.0], [668911.8343373494, 2570206.334337349, 0.0], [668916.828313253, 2570206.334337349, 0.0], [668921.8222891566, 2570206.334337349, 0.0], [668926.8162650602, 2570206.334337349, 0.0], [668931.8102409638, 2570206.334337349, 0.0], [668936.8042168674, 2570206.334337349, 0.0], [668941.798192771, 2570206.334337349, 0.0], [668946.7921686746, 2570206.334337349, 0.0], [668951.7861445782, 2570206.334337349, 0.0], [668956.7801204819, 2570206.334337349, 0.0], [668961.7740963855, 2570206.334337349, 0.0], [668966.7680722892, 2570211.328313253, 0.0], [668971.7620481928, 2570216.3222891563, 0.0], [668976.7560240964, 2570216.3222891563, 0.0], [668981.75, 2570216.3222891563, 0.0], [668986.7439759036, 2570216.3222891563, 0.0], [668991.7379518072, 2570216.3222891563, 0.0], [668996.7319277108, 2570221.31626506, 0.0], [669001.7259036144, 2570221.31626506, 0.0], [669006.719879518, 2570221.31626506, 0.0], [669011.7138554216, 2570221.31626506, 0.0], [669016.7078313252, 2570221.31626506, 0.0], [669021.7018072288, 2570216.3222891563, 0.0], [669026.6957831325, 2570216.3222891563, 0.0], [669031.6897590361, 2570216.3222891563, 0.0], [669036.6837349397, 2570211.328313253, 0.0], [669041.6777108434, 2570211.328313253, 0.0], [669046.671686747, 2570211.328313253, 0.0], [669051.6656626506, 2570206.334337349, 0.0], [669056.6596385542, 2570201.3403614457, 0.0], [669061.6536144578, 2570201.3403614457, 0.0], [669066.6475903614, 2570196.346385542, 0.0], [669071.641566265, 2570196.346385542, 0.0], [669076.6355421686, 2570196.346385542, 0.0], [669081.6295180722, 2570196.346385542, 0.0], [669086.6234939758, 2570196.346385542, 0.0], [669091.6174698794, 2570196.346385542, 0.0], [669096.611445783, 2570196.346385542, 0.0], [669101.6054216867, 2570196.346385542, 0.0], [669106.5993975904, 2570196.346385542, 0.0], [669111.593373494, 2570196.346385542, 0.0], [669116.5873493976, 2570196.346385542, 0.0], [669121.5813253012, 2570196.346385542, 0.0], [669126.5753012048, 2570196.346385542, 0.0], [669131.5692771084, 2570201.3403614457, 0.0], [669136.563253012, 2570201.3403614457, 0.0], [669141.5572289156, 2570201.3403614457, 0.0], [669146.5512048192, 2570201.3403614457, 0.0], [669151.5451807228, 2570201.3403614457, 0.0], [669156.5391566264, 2570201.3403614457, 0.0], [669161.53313253, 2570201.3403614457, 0.0], [669166.5271084337, 2570201.3403614457, 0.0], [669171.5210843373, 2570201.3403614457, 0.0], [669176.515060241, 2570206.334337349, 0.0], [669181.5090361446, 2570206.334337349, 0.0], [669186.5030120482, 2570206.334337349, 0.0], [669191.4969879518, 2570206.334337349, 0.0], [669196.4909638554, 2570206.334337349, 0.0], [669201.484939759, 2570206.334337349, 0.0], [669206.4789156626, 2570206.334337349, 0.0], [669211.4728915662, 2570206.334337349, 0.0], [669216.4668674698, 2570206.334337349, 0.0], [669221.4608433734, 2570206.334337349, 0.0], [669226.454819277, 2570206.334337349, 0.0], [669231.4487951807, 2570206.334337349, 0.0], [669236.4427710843, 2570206.334337349, 0.0], [669241.4367469879, 2570201.3403614457, 0.0], [669246.4307228916, 2570201.3403614457, 0.0], [669251.4246987952, 2570201.3403614457, 0.0], [669256.4186746988, 2570201.3403614457, 0.0], [669261.4126506024, 2570201.3403614457, 0.0], [669266.406626506, 2570201.3403614457, 0.0], [669271.4006024096, 2570201.3403614457, 0.0], [669276.3945783132, 2570201.3403614457, 0.0], [669281.3885542168, 2570201.3403614457, 0.0], [669286.3825301204, 2570201.3403614457, 0.0], [669291.376506024, 2570201.3403614457, 0.0], [669296.3704819276, 2570201.3403614457, 0.0], [669301.3644578313, 2570201.3403614457, 0.0], [669306.3584337349, 2570201.3403614457, 0.0], [669311.3524096385, 2570201.3403614457, 0.0], [669316.3463855422, 2570201.3403614457, 0.0], [669321.3403614458, 2570201.3403614457, 0.0], [669326.3343373494, 2570201.3403614457, 0.0], [669331.328313253, 2570201.3403614457, 0.0], [669336.3222891566, 2570201.3403614457, 0.0], [669341.3162650602, 2570201.3403614457, 0.0], [669346.3102409638, 2570201.3403614457, 0.0], [669351.3042168674, 2570196.346385542, 0.0], [669356.298192771, 2570196.346385542, 0.0], [669361.2921686746, 2570196.346385542, 0.0], [669366.2861445782, 2570196.346385542, 0.0], [669371.2801204819, 2570191.3524096385, 0.0], [669376.2740963855, 2570191.3524096385, 0.0], [669381.2680722892, 2570186.3584337346, 0.0], [669386.2620481928, 2570186.3584337346, 0.0], [669391.2560240964, 2570186.3584337346, 0.0], [669396.25, 2570181.3644578313, 0.0], [669401.2439759036, 2570181.3644578313, 0.0], [669406.2379518072, 2570181.3644578313, 0.0], [669411.2319277108, 2570181.3644578313, 0.0], [669416.2259036144, 2570176.3704819274, 0.0], [669421.219879518, 2570171.376506024, 0.0], [669426.2138554216, 2570166.38253012, 0.0], [669431.2078313252, 2570166.38253012, 0.0], [669436.2018072288, 2570166.38253012, 0.0], [669441.1957831325, 2570161.388554217, 0.0], [669446.1897590361, 2570156.394578313, 0.0], [669451.1837349397, 2570151.4006024096, 0.0], [669456.1777108434, 2570146.406626506, 0.0], [669461.171686747, 2570146.406626506, 0.0], [669466.1656626506, 2570141.4126506024, 0.0], [669471.1596385542, 2570141.4126506024, 0.0], [669476.1536144578, 2570136.4186746986, 0.0], [669481.1475903614, 2570131.424698795, 0.0], [669486.141566265, 2570131.424698795, 0.0], [669491.1355421686, 2570126.4307228914, 0.0], [669496.1295180722, 2570121.436746988, 0.0], [669501.1234939758, 2570121.436746988, 0.0], [669506.1174698794, 2570121.436746988, 0.0], [669511.111445783, 2570121.436746988, 0.0], [669516.1054216867, 2570116.442771084, 0.0], [669521.0993975904, 2570116.442771084, 0.0], [669526.093373494, 2570116.442771084, 0.0], [669531.0873493976, 2570116.442771084, 0.0], [669536.0813253012, 2570116.442771084, 0.0], [669541.0753012048, 2570116.442771084, 0.0], [669546.0692771084, 2570116.442771084, 0.0], [669551.063253012, 2570116.442771084, 0.0], [669556.0572289156, 2570116.442771084, 0.0], [669561.0512048192, 2570116.442771084, 0.0], [669566.0451807228, 2570116.442771084, 0.0], [669571.0391566264, 2570116.442771084, 0.0], [669576.03313253, 2570116.442771084, 0.0], [669581.0271084337, 2570111.448795181, 0.0], [669586.0210843373, 2570111.448795181, 0.0], [669591.015060241, 2570111.448795181, 0.0], [669596.0090361446, 2570106.454819277, 0.0], [669601.0030120482, 2570106.454819277, 0.0], [669605.9969879518, 2570106.454819277, 0.0], [669610.9909638554, 2570106.454819277, 0.0], [669615.984939759, 2570101.460843373, 0.0], [669620.9789156626, 2570101.460843373, 0.0], [669625.9728915662, 2570096.4668674697, 0.0], [669630.9668674698, 2570091.472891566, 0.0], [669635.9608433734, 2570086.4789156625, 0.0], [669635.9608433734, 2570081.4849397587, 0.0], [669640.954819277, 2570076.4909638553, 0.0], [669645.9487951807, 2570071.4969879515, 0.0], [669650.9427710843, 2570066.503012048, 0.0], [669655.9367469879, 2570061.5090361442, 0.0], [669655.9367469879, 2570056.515060241, 0.0], [669660.9307228916, 2570051.521084337, 0.0], [669665.9246987952, 2570046.5271084337, 0.0], [669670.9186746988, 2570046.5271084337, 0.0], [669675.9126506024, 2570041.53313253, 0.0], [669680.906626506, 2570036.5391566264, 0.0], [669685.9006024096, 2570031.5451807226, 0.0], [669680.906626506, 2570026.551204819, 0.0], [669685.9006024096, 2570021.5572289154, 0.0], [669690.8945783132, 2570016.563253012, 0.0], [669695.8885542168, 2570011.569277108, 0.0], [669690.8945783132, 2570006.575301205, 0.0], [669695.8885542168, 2570001.581325301, 0.0], [669700.8825301204, 2569996.5873493976, 0.0], [669705.876506024, 2569991.5933734938, 0.0], [669710.8704819276, 2569986.5993975904, 0.0], [669715.8644578313, 2569981.6054216865, 0.0], [669720.8584337349, 2569976.611445783, 0.0], [669725.8524096385, 2569971.6174698793, 0.0], [669730.8463855422, 2569966.6234939755, 0.0], [669735.8403614458, 2569966.6234939755, 0.0], [669740.8343373494, 2569961.629518072, 0.0], [669745.828313253, 2569956.6355421683, 0.0], [669750.8222891566, 2569956.6355421683, 0.0], [669755.8162650602, 2569951.641566265, 0.0], [669760.8102409638, 2569946.647590361, 0.0], [669765.8042168674, 2569941.6536144577, 0.0], [669770.798192771, 2569941.6536144577, 0.0], [669775.7921686746, 2569936.659638554, 0.0], [669780.7861445782, 2569936.659638554, 0.0], [669785.7801204819, 2569931.6656626505, 0.0], [669790.7740963855, 2569926.6716867466, 0.0], [669795.7680722892, 2569921.6777108433, 0.0], [669800.7620481928, 2569916.6837349394, 0.0], [669805.7560240964, 2569916.6837349394, 0.0], [669810.75, 2569911.689759036, 0.0], [669815.7439759036, 2569906.695783132, 0.0], [669820.7379518072, 2569906.695783132, 0.0], [669825.7319277108, 2569901.701807229, 0.0], [669830.7259036144, 2569896.707831325, 0.0], [669835.719879518, 2569896.707831325, 0.0], [669840.7138554216, 2569891.7138554216, 0.0], [669845.7078313252, 2569886.719879518, 0.0], [669850.7018072288, 2569881.7259036144, 0.0], [669855.6957831325, 2569876.7319277106, 0.0], [669860.6897590361, 2569871.737951807, 0.0], [669865.6837349397, 2569866.7439759034, 0.0], [669870.6777108434, 2569866.7439759034, 0.0], [669875.671686747, 2569861.75, 0.0], [669880.6656626506, 2569861.75, 0.0], [669885.6596385542, 2569856.756024096, 0.0], [669890.6536144578, 2569851.762048193, 0.0], [669895.6475903614, 2569846.768072289, 0.0], [669900.641566265, 2569841.7740963856, 0.0], [669900.641566265, 2569836.7801204817, 0.0], [669905.6355421686, 2569831.786144578, 0.0], [669910.6295180722, 2569831.786144578, 0.0], [669915.6234939758, 2569826.7921686745, 0.0], [669920.6174698794, 2569821.7981927707, 0.0], [669925.611445783, 2569816.8042168673, 0.0], [669930.6054216867, 2569816.8042168673, 0.0], [669935.5993975904, 2569816.8042168673, 0.0], [669940.593373494, 2569816.8042168673, 0.0], [669945.5873493976, 2569816.8042168673, 0.0], [669950.5813253012, 2569816.8042168673, 0.0], [669950.5813253012, 2569811.8102409635, 0.0], [669950.5813253012, 2569806.81626506, 0.0], [669950.5813253012, 2569801.8222891563, 0.0], [669950.5813253012, 2569796.828313253, 0.0], [669950.5813253012, 2569791.834337349, 0.0], [669950.5813253012, 2569786.8403614457, 0.0], [669950.5813253012, 2569781.846385542, 0.0], [669950.5813253012, 2569776.8524096385, 0.0], [669950.5813253012, 2569771.8584337346, 0.0], [669950.5813253012, 2569766.8644578313, 0.0], [669950.5813253012, 2569761.8704819274, 0.0], [669945.5873493976, 2569756.876506024, 0.0], [669945.5873493976, 2569751.88253012, 0.0], [669945.5873493976, 2569746.888554217, 0.0], [669945.5873493976, 2569741.894578313, 0.0], [669945.5873493976, 2569736.9006024096, 0.0], [669945.5873493976, 2569731.906626506, 0.0], [669945.5873493976, 2569726.9126506024, 0.0], [669945.5873493976, 2569721.9186746986, 0.0], [669945.5873493976, 2569716.924698795, 0.0], [669945.5873493976, 2569711.9307228914, 0.0], [669940.593373494, 2569706.936746988, 0.0], [669940.593373494, 2569701.942771084, 0.0], [669940.593373494, 2569696.948795181, 0.0], [669940.593373494, 2569691.954819277, 0.0], [669940.593373494, 2569686.960843373, 0.0], [669940.593373494, 2569681.9668674697, 0.0], [669935.5993975904, 2569676.972891566, 0.0], [669935.5993975904, 2569671.9789156625, 0.0], [669940.593373494, 2569666.9849397587, 0.0], [669945.5873493976, 2569661.9909638553, 0.0], [669950.5813253012, 2569666.9849397587, 0.0], [669955.5753012048, 2569666.9849397587, 0.0], [669958.0722891566, 2569666.9849397587, NaN]]}}, {"type": "Feature", "properties": {"name": "R2", "length": null}, "geometry": {"type": "LineString", "coordinates": [[669958.0722891566, 2569666.9849397587, NaN], [669960.5692771084, 2569666.9849397587, 0.0], [669965.563253012, 2569666.9849397587, 0.0], [669970.5572289156, 2569666.9849397587, 0.0], [669975.5512048192, 2569666.9849397587, 0.0], [669980.5451807228, 2569666.9849397587, 0.0], [669985.5391566264, 2569671.9789156625, 0.0], [669990.53313253, 2569676.972891566, 0.0], [669995.5271084337, 2569681.9668674697, 0.0], [670000.5210843373, 2569681.9668674697, 0.0], [670005.515060241, 2569681.9668674697, 0.0], [670010.5090361446, 2569681.9668674697, 0.0], [670015.5030120482, 2569686.960843373, 0.0], [670020.4969879518, 2569686.960843373, 0.0], [670025.4909638554, 2569691.954819277, 0.0], [670030.484939759, 2569696.948795181, 0.0], [670035.4789156626, 2569701.942771084, 0.0], [670040.4728915662, 2569701.942771084, 0.0], [670045.4668674698, 2569706.936746988, 0.0], [670050.4608433734, 2569706.936746988, 0.0], [670055.454819277, 2569711.9307228914, 0.0], [670060.4487951807, 2569711.9307228914, 0.0], [670065.4427710843, 2569711.9307228914, 0.0], [670070.4367469879, 2569711.9307228914, 0.0], [670075.4307228916, 2569711.9307228914, 0.0], [670080.4246987952, 2569711.9307228914, 0.0], [670085.4186746988, 2569711.9307228914, 0.0], [670090.4126506024, 2569711.9307228914, 0.0], [670095.406626506, 2569711.9307228914, 0.0], [670100.4006024096, 2569711.9307228914, 0.0], [670105.3945783132, 2569711.9307228914, 0.0], [670110.3885542168, 2569711.9307228914, 0.0], [670115.3825301204, 2569716.924698795, 0.0], [670120.376506024, 2569716.924698795, 0.0], [670125.3704819276, 2569716.924698795, 0.0], [670130.3644578313, 2569716.924698795, 0.0], [670135.3584337349, 2569721.9186746986, 0.0], [670140.3524096385, 2569721.9186746986, 0.0], [670145.3463855422, 2569721.9186746986, 0.0], [670150.3403614458, 2569721.9186746986, 0.0], [670155.3343373494, 2569726.9126506024, 0.0], [670160.328313253, 2569726.9126506024, 0.0], [670165.3222891566, 2569726.9126506024, 0.0], [670170.3162650602, 2569726.9126506024, 0.0], [670175.3102409638, 2569726.9126506024, 0.0], [670180.3042168674, 2569726.9126506024, 0.0], [670185.298192771, 2569726.9126506024, 0.0], [670190.2921686746, 2569726.9126506024, 0.0], [670195.2861445782, 2569726.9126506024, 0.0], [670200.2801204819, 2569726.9126506024, 0.0], [670205.2740963855, 2569726.9126506024, 0.0], [670210.2680722892, 2569726.9126506024, 0.0], [670215.2620481928, 2569726.9126506024, 0.0], [670220.2560240964, 2569731.906626506, 0.0], [670225.25, 2569731.906626506, 0.0], [670230.2439759036, 2569731.906626506, 0.0], [670235.2379518072, 2569731.906626506, 0.0], [670240.2319277108, 2569731.906626506, 0.0], [670245.2259036144, 2569731.906626506, 0.0], [670250.219879518, 2569731.906626506, 0.0], [670255.2138554216, 2569731.906626506, 0.0], [670260.2078313252, 2569731.906626506, 0.0], [670265.2018072288, 2569731.906626506, 0.0], [670270.1957831325, 2569731.906626506, 0.0], [670275.1897590361, 2569731.906626506, 0.0], [670280.1837349398, 2569726.9126506024, 0.0], [670285.1777108434, 2569726.9126506024, 0.0], [670290.171686747, 2569726.9126506024, 0.0], [670295.1656626506, 2569726.9126506024, 0.0], [670300.1596385542, 2569726.9126506024, 0.0], [670305.1536144578, 2569726.9126506024, 0.0], [670310.1475903614, 2569726.9126506024, 0.0], [670315.141566265, 2569726.9126506024, 0.0], [670320.1355421686, 2569731.906626506, 0.0], [670325.1295180722, 2569736.9006024096, 0.0], [670330.1234939758, 2569741.894578313, 0.0], [670335.1174698794, 2569746.888554217, 0.0], [670340.111445783, 2569751.88253012, 0.0], [670345.1054216867, 2569751.88253012, 0.0], [670350.0993975904, 2569751.88253012, 0.0], [670355.093373494, 2569751.88253012, 0.0], [670360.0873493976, 2569751.88253012, 0.0], [670365.0813253012, 2569751.88253012, 0.0], [670370.0753012048, 2569756.876506024, 0.0], [670375.0692771084, 2569756.876506024, 0.0], [670380.063253012, 2569756.876506024, 0.0], [670385.0572289156, 2569761.8704819274, 0.0], [670390.0512048192, 2569761.8704819274, 0.0], [670395.0451807228, 2569766.8644578313, 0.0], [670400.0391566264, 2569771.8584337346, 0.0], [670405.03313253, 2569776.8524096385, 0.0], [670410.0271084337, 2569781.846385542, 0.0], [670415.0210843373, 2569786.8403614457, 0.0], [670420.015060241, 2569791.834337349, 0.0], [670425.0090361446, 2569796.828313253, 0.0], [670430.0030120482, 2569801.8222891563, 0.0], [670430.0030120482, 2569806.81626506, 0.0], [670430.0030120482, 2569811.8102409635, 0.0], [670430.0030120482, 2569816.8042168673, 0.0], [670434.9969879518, 2569821.7981927707, 0.0], [670439.9909638554, 2569821.7981927707, 0.0], [670439.9909638554, 2569826.7921686745, 0.0], [670444.984939759, 2569826.7921686745, 0.0], [670449.9789156626, 2569831.786144578, 0.0], [670454.9728915662, 2569836.7801204817, 0.0], [670454.9728915662, 2569841.7740963856, 0.0], [670459.9668674698, 2569846.768072289, 0.0], [670464.9608433734, 2569851.762048193, 0.0], [670469.954819277, 2569856.756024096, 0.0], [670474.9487951807, 2569861.75, 0.0], [670479.9427710843, 2569866.7439759034, 0.0], [670484.936746988, 2569871.737951807, 0.0], [670489.9307228916, 2569876.7319277106, 0.0], [670494.9246987952, 2569881.7259036144, 0.0], [670499.9186746988, 2569881.7259036144, 0.0], [670504.9126506024, 2569881.7259036144, 0.0], [670509.906626506, 2569886.719879518, 0.0], [670514.9006024096, 2569891.7138554216, 0.0], [670519.8945783132, 2569896.707831325, 0.0], [670524.8885542168, 2569896.707831325, 0.0], [670529.8825301204, 2569896.707831325, 0.0], [670534.876506024, 2569901.701807229, 0.0], [670539.8704819276, 2569906.695783132, 0.0], [670544.8644578313, 2569911.689759036, 0.0], [670549.8584337349, 2569916.6837349394, 0.0], [670554.8524096385, 2569921.6777108433, 0.0], [670559.8463855422, 2569926.6716867466, 0.0], [670564.8403614458, 2569926.6716867466, 0.0], [670569.8343373494, 2569931.6656626505, 0.0], [670574.828313253, 2569936.659638554, 0.0], [670579.8222891566, 2569941.6536144577, 0.0], [670584.8162650602, 2569946.647590361, 0.0], [670589.8102409638, 2569951.641566265, 0.0], [670594.8042168674, 2569951.641566265, 0.0], [670599.798192771, 2569956.6355421683, 0.0], [670604.7921686746, 2569956.6355421683, 0.0], [670609.7861445782, 2569961.629518072, 0.0], [670614.7801204819, 2569961.629518072, 0.0], [670619.7740963855, 2569966.6234939755, 0.0], [670624.7680722892, 2569966.6234939755, 0.0], [670629.7620481928, 2569966.6234939755, 0.0], [670634.7560240964, 2569961.629518072, 0.0], [670639.75, 2569956.6355421683, 0.0], [670644.7439759036, 2569951.641566265, 0.0], [670649.7379518072, 2569951.641566265, 0.0], [670654.7319277108, 2569946.647590361, 0.0], [670659.7259036144, 2569941.6536144577, 0.0], [670664.719879518, 2569936.659638554, 0.0], [670669.7138554216, 2569931.6656626505, 0.0], [670674.7078313252, 2569926.6716867466, 0.0], [670679.7018072288, 2569921.6777108433, 0.0], [670684.6957831325, 2569916.6837349394, 0.0], [670689.6897590361, 2569911.689759036, 0.0], [670694.6837349398, 2569906.695783132, 0.0], [670699.6777108434, 2569906.695783132, 0.0], [670704.671686747, 2569906.695783132, 0.0], [670709.6656626506, 2569906.695783132, 0.0], [670714.6596385542, 2569901.701807229, 0.0], [670719.6536144578, 2569896.707831325, 0.0], [670724.6475903614, 2569891.7138554216, 0.0], [670729.641566265, 2569891.7138554216, 0.0], [670734.6355421686, 2569886.719879518, 0.0], [670739.6295180722, 2569886.719879518, 0.0], [670744.6234939758, 2569881.7259036144, 0.0], [670749.6174698794, 2569876.7319277106, 0.0], [670754.611445783, 2569871.737951807, 0.0], [670759.6054216867, 2569871.737951807, 0.0], [670764.5993975904, 2569866.7439759034, 0.0], [670769.593373494, 2569866.7439759034, 0.0], [670774.5873493976, 2569861.75, 0.0], [670779.5813253012, 2569861.75, 0.0], [670784.5753012048, 2569861.75, 0.0], [670789.5692771084, 2569856.756024096, 0.0], [670794.563253012, 2569851.762048193, 0.0], [670799.5572289156, 2569846.768072289, 0.0], [670804.5512048192, 2569841.7740963856, 0.0], [670809.5451807228, 2569841.7740963856, 0.0], [670814.5391566264, 2569836.7801204817, 0.0], [670819.53313253, 2569831.786144578, 0.0], [670824.5271084337, 2569826.7921686745, 0.0], [670829.5210843373, 2569826.7921686745, 0.0], [670834.515060241, 2569826.7921686745, 0.0], [670839.5090361446, 2569826.7921686745, 0.0], [670844.5030120482, 2569821.7981927707, 0.0], [670849.4969879518, 2569821.7981927707, 0.0], [670854.4909638554, 2569821.7981927707, 0.0], [670859.484939759, 2569816.8042168673, 0.0], [670864.4789156626, 2569816.8042168673, 0.0], [670869.4728915662, 2569816.8042168673, 0.0], [670874.4668674698, 2569816.8042168673, 0.0], [670879.4608433734, 2569816.8042168673, 0.0], [670884.454819277, 2569811.8102409635, 0.0], [670889.4487951807, 2569811.8102409635, 0.0], [670894.4427710843, 2569811.8102409635, 0.0], [670899.436746988, 2569811.8102409635, 0.0], [670904.4307228916, 2569811.8102409635, 0.0], [670909.4246987952, 2569811.8102409635, 0.0], [670914.4186746988, 2569806.81626506, 0.0], [670919.4126506024, 2569806.81626506, 0.0], [670924.406626506, 2569806.81626506, 0.0], [670929.4006024096, 2569806.81626506, 0.0], [670934.3945783132, 2569801.8222891563, 0.0], [670939.3885542168, 2569801.8222891563, 0.0], [670944.3825301204, 2569801.8222891563, 0.0], [670949.376506024, 2569801.8222891563, 0.0], [670954.3704819276, 2569801.8222891563, 0.0], [670959.3644578313, 2569801.8222891563, 0.0], [670964.3584337349, 2569801.8222891563, 0.0], [670969.3524096385, 2569796.828313253, 0.0], [670974.3463855422, 2569796.828313253, 0.0], [670979.3403614458, 2569796.828313253, 0.0], [670984.3343373494, 2569801.8222891563, 0.0], [670989.328313253, 2569796.828313253, 0.0], [670994.3222891566, 2569796.828313253, 0.0], [670999.3162650602, 2569796.828313253, 0.0], [671004.3102409638, 2569796.828313253, 0.0], [671009.3042168674, 2569796.828313253, 0.0], [671014.298192771, 2569791.834337349, 0.0], [671019.2921686746, 2569791.834337349, 0.0], [671024.2861445782, 2569791.834337349, 0.0], [671029.2801204819, 2569791.834337349, 0.0], [671034.2740963855, 2569791.834337349, 0.0], [671039.2680722892, 2569791.834337349, 0.0], [671044.2620481928, 2569791.834337349, 0.0], [671049.2560240964, 2569791.834337349, 0.0], [671054.25, 2569796.828313253, 0.0], [671059.2439759036, 2569796.828313253, 0.0], [671064.2379518072, 2569796.828313253, 0.0], [671069.2319277108, 2569796.828313253, 0.0], [671074.2259036144, 2569796.828313253, 0.0], [671079.219879518, 2569801.8222891563, 0.0], [671084.2138554216, 2569801.8222891563, 0.0], [671089.2078313252, 2569801.8222891563, 0.0], [671094.2018072288, 2569801.8222891563, 0.0], [671099.1957831325, 2569801.8222891563, 0.0], [671104.1897590361, 2569806.81626506, 0.0], [671109.1837349398, 2569806.81626506, 0.0], [671114.1777108434, 2569806.81626506, 0.0], [671119.171686747, 2569801.8222891563, 0.0], [671124.1656626506, 2569796.828313253, 0.0], [671129.1596385542, 2569791.834337349, 0.0], [671134.1536144578, 2569791.834337349, 0.0], [671139.1475903614, 2569791.834337349, 0.0], [671144.141566265, 2569786.8403614457, 0.0], [671149.1355421686, 2569781.846385542, 0.0], [671154.1295180722, 2569781.846385542, 0.0], [671159.1234939758, 2569776.8524096385, 0.0], [671164.1174698794, 2569776.8524096385, 0.0], [671169.111445783, 2569771.8584337346, 0.0], [671174.1054216867, 2569771.8584337346, 0.0], [671179.0993975904, 2569766.8644578313, 0.0], [671184.093373494, 2569761.8704819274, 0.0], [671189.0873493976, 2569756.876506024, 0.0], [671194.0813253012, 2569756.876506024, 0.0], [671199.0753012048, 2569751.88253012, 0.0], [671204.0692771084, 2569746.888554217, 0.0], [671209.063253012, 2569741.894578313, 0.0], [671214.0572289156, 2569741.894578313, 0.0], [671214.0572289156, 2569736.9006024096, 0.0], [671219.0512048192, 2569736.9006024096, 0.0], [671224.0451807228, 2569731.906626506, 0.0], [671229.0391566264, 2569726.9126506024, 0.0], [671229.0391566264, 2569721.9186746986, 0.0], [671234.03313253, 2569721.9186746986, 0.0], [671239.0271084337, 2569721.9186746986, 0.0], [671244.0210843373, 2569721.9186746986, 0.0], [671249.015060241, 2569716.924698795, 0.0], [671254.0090361446, 2569711.9307228914, 0.0], [671259.0030120482, 2569711.9307228914, 0.0], [671263.9969879518, 2569706.936746988, 0.0], [671268.9909638554, 2569701.942771084, 0.0], [671273.984939759, 2569696.948795181, 0.0], [671278.9789156626, 2569691.954819277, 0.0], [671283.9728915662, 2569686.960843373, 0.0], [671288.9668674698, 2569681.9668674697, 0.0], [671293.9608433734, 2569676.972891566, 0.0], [671298.954819277, 2569676.972891566, 0.0], [671303.9487951807, 2569671.9789156625, 0.0], [671308.9427710843, 2569671.9789156625, 0.0], [671313.936746988, 2569666.9849397587, 0.0], [671318.9307228916, 2569666.9849397587, 0.0], [671323.9246987952, 2569666.9849397587, 0.0], [671328.9186746988, 2569666.9849397587, 0.0], [671333.9126506024, 2569666.9849397587, 0.0], [671338.906626506, 2569661.9909638553, 0.0], [671343.9006024096, 2569661.9909638553, 0.0], [671348.8945783132, 2569656.9969879515, 0.0], [671353.8885542168, 2569656.9969879515, 0.0], [671358.8825301204, 2569652.003012048, 0.0], [671363.876506024, 2569652.003012048, 0.0], [671368.8704819276, 2569652.003012048, 0.0], [671373.8644578313, 2569647.0090361442, 0.0], [671378.8584337349, 2569642.015060241, 0.0], [671383.8524096385, 2569637.021084337, 0.0], [671388.8463855422, 2569632.0271084337, 0.0], [671393.8403614458, 2569632.0271084337, 0.0], [671398.8343373494, 2569632.0271084337, 0.0], [671403.828313253, 2569627.03313253, 0.0], [671408.8222891566, 2569627.03313253, 0.0], [671413.8162650602, 2569627.03313253, 0.0], [671418.8102409638, 2569627.03313253, 0.0], [671423.8042168674, 2569622.0391566264, 0.0], [671428.798192771, 2569622.0391566264, 0.0], [671433.7921686746, 2569617.0451807226, 0.0], [671438.7861445782, 2569617.0451807226, 0.0], [671443.7801204819, 2569617.0451807226, 0.0], [671448.7740963855, 2569612.051204819, 0.0], [671453.7680722892, 2569612.051204819, 0.0], [671458.7620481928, 2569612.051204819, 0.0], [671463.7560240964, 2569607.0572289154, 0.0], [671468.75, 2569607.0572289154, 0.0], [671473.7439759036, 2569607.0572289154, 0.0], [671478.7379518072, 2569607.0572289154, 0.0], [671483.7319277108, 2569607.0572289154, 0.0], [671488.7259036144, 2569607.0572289154, 0.0], [671493.719879518, 2569612.051204819, 0.0], [671498.7138554216, 2569612.051204819, 0.0], [671503.7078313252, 2569612.051204819, 0.0], [671508.7018072288, 2569612.051204819, 0.0], [671513.6957831325, 2569612.051204819, 0.0], [671518.6897590361, 2569612.051204819, 0.0], [671523.6837349398, 2569612.051204819, 0.0], [671528.6777108434, 2569612.051204819, 0.0], [671533.671686747, 2569612.051204819, 0.0], [671538.6656626506, 2569612.051204819, 0.0], [671543.6596385542, 2569612.051204819, 0.0], [671548.6536144578, 2569612.051204819, 0.0], [671553.6475903614, 2569612.051204819, 0.0], [671558.641566265, 2569612.051204819, 0.0], [671563.6355421686, 2569612.051204819, 0.0], [671568.6295180722, 2569612.051204819, 0.0], [671573.6234939758, 2569612.051204819, 0.0], [671578.6174698794, 2569607.0572289154, 0.0], [671583.611445783, 2569607.0572289154, 0.0], [671588.6054216867, 2569607.0572289154, 0.0], [671593.5993975904, 2569607.0572289154, 0.0], [671598.593373494, 2569602.063253012, 0.0], [671603.5873493976, 2569602.063253012, 0.0], [671608.5813253012, 2569602.063253012, 0.0], [671613.5753012048, 2569602.063253012, 0.0], [671618.5692771084, 2569602.063253012, 0.0], [671623.563253012, 2569597.069277108, 0.0], [671628.5572289156, 2569597.069277108, 0.0], [671633.5512048192, 2569597.069277108, 0.0], [671638.5451807228, 2569597.069277108, 0.0], [671643.5391566264, 2569597.069277108, 0.0], [671648.53313253, 2569597.069277108, 0.0], [671653.5271084337, 2569597.069277108, 0.0], [671658.5210843373, 2569597.069277108, 0.0], [671663.515060241, 2569597.069277108, 0.0], [671668.5090361446, 2569597.069277108, 0.0], [671673.5030120482, 2569592.075301205, 0.0], [671678.4969879518, 2569592.075301205, 0.0], [671683.4909638554, 2569592.075301205, 0.0], [671688.484939759, 2569592.075301205, 0.0], [671693.4789156626, 2569592.075301205, 0.0], [671698.4728915662, 2569592.075301205, 0.0], [671703.4668674698, 2569592.075301205, 0.0], [671708.4608433734, 2569592.075301205, 0.0], [671713.454819277, 2569592.075301205, 0.0], [671718.4487951807, 2569592.075301205, 0.0], [671723.4427710843, 2569592.075301205, 0.0], [671728.436746988, 2569592.075301205, 0.0], [671733.4307228916, 2569592.075301205, 0.0], [671738.4246987952, 2569592.075301205, 0.0], [671743.4186746988, 2569587.081325301, 0.0], [671748.4126506024, 2569587.081325301, 0.0], [671753.406626506, 2569587.081325301, 0.0], [671758.4006024096, 2569587.081325301, 0.0], [671763.3945783132, 2569587.081325301, 0.0], [671768.3885542168, 2569582.0873493976, 0.0], [671773.3825301204, 2569582.0873493976, 0.0], [671778.376506024, 2569582.0873493976, 0.0], [671783.3704819276, 2569582.0873493976, 0.0], [671788.3644578313, 2569582.0873493976, 0.0], [671793.3584337349, 2569582.0873493976, 0.0], [671798.3524096385, 2569582.0873493976, 0.0], [671803.3463855422, 2569577.0933734938, 0.0], [671808.3403614458, 2569577.0933734938, 0.0], [671813.3343373494, 2569577.0933734938, 0.0], [671818.328313253, 2569572.0993975904, 0.0], [671823.3222891566, 2569572.0993975904, 0.0], [671828.3162650602, 2569572.0993975904, 0.0], [671833.3102409638, 2569572.0993975904, 0.0], [671838.3042168674, 2569567.1054216865, 0.0], [671843.298192771, 2569567.1054216865, 0.0], [671848.2921686746, 2569562.111445783, 0.0], [671853.2861445782, 2569562.111445783, 0.0], [671858.2801204819, 2569557.1174698793, 0.0], [671863.2740963855, 2569557.1174698793, 0.0], [671868.2680722892, 2569552.1234939755, 0.0], [671873.2620481928, 2569547.129518072, 0.0], [671878.2560240964, 2569547.129518072, 0.0], [671883.25, 2569547.129518072, 0.0], [671888.2439759036, 2569542.1355421683, 0.0], [671893.2379518072, 2569542.1355421683, 0.0], [671898.2319277108, 2569537.141566265, 0.0], [671898.2319277108, 2569532.147590361, 0.0], [671903.2259036144, 2569527.1536144577, 0.0], [671908.219879518, 2569522.159638554, 0.0], [671913.2138554216, 2569522.159638554, 0.0], [671918.2078313252, 2569517.1656626505, 0.0], [671923.2018072288, 2569512.1716867466, 0.0], [671928.1957831325, 2569512.1716867466, 0.0], [671933.1897590361, 2569507.1777108433, 0.0], [671938.1837349398, 2569507.1777108433, 0.0], [671943.1777108434, 2569502.1837349394, 0.0], [671948.171686747, 2569502.1837349394, 0.0], [671953.1656626506, 2569502.1837349394, 0.0], [671958.1596385542, 2569502.1837349394, 0.0], [671963.1536144578, 2569497.189759036, 0.0], [671968.1475903614, 2569497.189759036, 0.0], [671973.141566265, 2569497.189759036, 0.0], [671978.1355421686, 2569497.189759036, 0.0], [671983.1295180722, 2569497.189759036, 0.0], [671988.1234939758, 2569497.189759036, 0.0], [671993.1174698794, 2569497.189759036, 0.0], [671998.111445783, 2569497.189759036, 0.0], [672003.1054216867, 2569497.189759036, 0.0], [672008.0993975904, 2569497.189759036, 0.0], [672013.093373494, 2569497.189759036, 0.0], [672018.0873493976, 2569497.189759036, 0.0], [672023.0813253012, 2569497.189759036, 0.0], [672028.0753012048, 2569497.189759036, 0.0], [672033.0692771084, 2569497.189759036, 0.0], [672038.063253012, 2569497.189759036, 0.0], [672043.0572289156, 2569497.189759036, 0.0], [672048.0512048192, 2569497.189759036, 0.0], [672053.0451807228, 2569497.189759036, 0.0], [672058.0391566264, 2569497.189759036, 0.0], [672063.03313253, 2569497.189759036, 0.0], [672068.0271084337, 2569497.189759036, 0.0], [672073.0210843373, 2569492.195783132, 0.0], [672078.015060241, 2569492.195783132, 0.0], [672083.0090361446, 2569492.195783132, 0.0], [672088.0030120482, 2569492.195783132, 0.0], [672092.9969879518, 2569492.195783132, 0.0], [672097.9909638554, 2569492.195783132, 0.0], [672102.984939759, 2569492.195783132, 0.0], [672107.9789156626, 2569492.195783132, 0.0], [672112.9728915662, 2569492.195783132, 0.0], [672117.9668674698, 2569492.195783132, 0.0], [672122.9608433734, 2569492.195783132, 0.0], [672127.954819277, 2569497.189759036, 0.0], [672132.9487951807, 2569502.1837349394, 0.0], [672137.9427710843, 2569507.1777108433, 0.0], [672142.936746988, 2569512.1716867466, 0.0], [672147.9307228916, 2569512.1716867466, 0.0], [672152.9246987952, 2569517.1656626505, 0.0], [672157.9186746988, 2569517.1656626505, 0.0], [672162.9126506024, 2569512.1716867466, 0.0], [672167.906626506, 2569512.1716867466, 0.0], [672172.9006024096, 2569512.1716867466, 0.0], [672177.8945783132, 2569512.1716867466, 0.0], [672182.8885542168, 2569507.1777108433, 0.0], [672187.8825301204, 2569507.1777108433, 0.0], [672192.876506024, 2569507.1777108433, 0.0], [672197.8704819276, 2569507.1777108433, 0.0], [672202.8644578313, 2569507.1777108433, 0.0], [672207.8584337349, 2569507.1777108433, 0.0], [672212.8524096386, 2569502.1837349394, 0.0], [672217.8463855422, 2569502.1837349394, 0.0], [672222.8403614458, 2569497.189759036, 0.0], [672227.8343373494, 2569497.189759036, 0.0], [672232.828313253, 2569497.189759036, 0.0], [672237.8222891566, 2569492.195783132, 0.0], [672242.8162650602, 2569487.201807229, 0.0], [672247.8102409638, 2569482.207831325, 0.0], [672252.8042168674, 2569477.2138554216, 0.0], [672257.798192771, 2569472.219879518, 0.0], [672262.7921686746, 2569467.2259036144, 0.0], [672267.7861445782, 2569467.2259036144, 0.0], [672272.7801204819, 2569472.219879518, 0.0], [672277.7740963855, 2569477.2138554216, 0.0], [672282.7680722892, 2569477.2138554216, 0.0], [672287.7620481928, 2569482.207831325, 0.0], [672292.7560240964, 2569487.201807229, 0.0], [672297.75, 2569487.201807229, 0.0], [672302.7439759036, 2569487.201807229, 0.0], [672307.7379518072, 2569487.201807229, 0.0], [672312.7319277108, 2569487.201807229, 0.0], [672317.7259036144, 2569482.207831325, 0.0], [672322.719879518, 2569482.207831325, 0.0], [672327.7138554216, 2569482.207831325, 0.0], [672332.7078313252, 2569477.2138554216, 0.0], [672337.7018072288, 2569477.2138554216, 0.0], [672342.6957831325, 2569477.2138554216, 0.0], [672347.6897590361, 2569477.2138554216, 0.0], [672352.6837349398, 2569472.219879518, 0.0], [672357.6777108434, 2569472.219879518, 0.0], [672362.671686747, 2569472.219879518, 0.0], [672367.6656626506, 2569472.219879518, 0.0], [672372.6596385542, 2569472.219879518, 0.0], [672377.6536144578, 2569467.2259036144, 0.0], [672382.6475903614, 2569467.2259036144, 0.0], [672387.641566265, 2569467.2259036144, 0.0], [672392.6355421686, 2569467.2259036144, 0.0], [672397.6295180722, 2569462.2319277106, 0.0], [672402.6234939758, 2569462.2319277106, 0.0], [672407.6174698794, 2569462.2319277106, 0.0], [672412.611445783, 2569457.237951807, 0.0], [672417.6054216868, 2569457.237951807, 0.0], [672422.5993975904, 2569457.237951807, 0.0], [672427.593373494, 2569452.2439759034, 0.0], [672432.5873493976, 2569452.2439759034, 0.0], [672437.5813253012, 2569447.25, 0.0], [672442.5753012048, 2569447.25, 0.0], [672447.5692771084, 2569442.256024096, 0.0], [672452.563253012, 2569442.256024096, 0.0], [672457.5572289156, 2569442.256024096, 0.0], [672462.5512048192, 2569437.262048193, 0.0], [672467.5451807228, 2569432.268072289, 0.0], [672472.5391566264, 2569432.268072289, 0.0], [672477.53313253, 2569427.2740963856, 0.0], [672477.53313253, 2569422.2801204817, 0.0], [672482.5271084337, 2569422.2801204817, 0.0], [672482.5271084337, 2569417.286144578, 0.0], [672482.5271084337, 2569412.2921686745, 0.0], [672477.53313253, 2569407.2981927707, 0.0], [672477.53313253, 2569402.3042168673, 0.0], [672477.53313253, 2569397.3102409635, 0.0], [672477.53313253, 2569392.31626506, 0.0], [672477.53313253, 2569387.3222891563, 0.0], [672482.5271084337, 2569382.328313253, 0.0], [672482.5271084337, 2569377.334337349, 0.0], [672487.5210843373, 2569372.3403614457, 0.0], [672487.5210843373, 2569367.346385542, 0.0], [672492.515060241, 2569362.3524096385, 0.0], [672492.515060241, 2569357.3584337346, 0.0], [672497.5090361446, 2569352.3644578313, 0.0], [672497.5090361446, 2569347.3704819274, 0.0], [672502.5030120482, 2569342.376506024, 0.0], [672502.5030120482, 2569337.38253012, 0.0], [672502.5030120482, 2569332.388554217, 0.0], [672507.4969879518, 2569327.394578313, 0.0], [672512.4909638554, 2569322.4006024096, 0.0], [672512.4909638554, 2569317.406626506, 0.0], [672517.484939759, 2569312.4126506024, 0.0], [672522.4789156626, 2569312.4126506024, 0.0], [672527.4728915662, 2569307.4186746986, 0.0], [672532.4668674698, 2569302.424698795, 0.0], [672537.4608433734, 2569297.4307228914, 0.0], [672542.454819277, 2569297.4307228914, 0.0], [672547.4487951807, 2569292.436746988, 0.0], [672552.4427710843, 2569292.436746988, 0.0], [672557.436746988, 2569287.442771084, 0.0], [672562.4307228916, 2569287.442771084, 0.0], [672567.4246987952, 2569282.448795181, 0.0], [672572.4186746988, 2569277.454819277, 0.0], [672577.4126506024, 2569272.460843373, 0.0], [672582.406626506, 2569272.460843373, 0.0], [672587.4006024096, 2569267.4668674697, 0.0], [672592.3945783132, 2569262.472891566, 0.0], [672597.3885542168, 2569257.4789156625, 0.0], [672602.3825301204, 2569257.4789156625, 0.0], [672607.376506024, 2569257.4789156625, 0.0], [672612.3704819276, 2569257.4789156625, 0.0], [672617.3644578313, 2569252.4849397587, 0.0], [672622.3584337349, 2569252.4849397587, 0.0], [672627.3524096386, 2569252.4849397587, 0.0], [672632.3463855422, 2569252.4849397587, 0.0], [672637.3403614458, 2569252.4849397587, 0.0], [672642.3343373494, 2569247.4909638553, 0.0], [672647.328313253, 2569242.4969879515, 0.0], [672652.3222891566, 2569242.4969879515, 0.0], [672657.3162650602, 2569237.503012048, 0.0], [672662.3102409638, 2569237.503012048, 0.0], [672662.3102409638, 2569232.5090361442, 0.0], [672667.3042168674, 2569227.515060241, 0.0], [672672.298192771, 2569222.521084337, 0.0], [672677.2921686746, 2569222.521084337, 0.0], [672682.2861445782, 2569217.5271084337, 0.0], [672687.2801204819, 2569212.53313253, 0.0], [672692.2740963855, 2569207.5391566264, 0.0], [672697.2680722892, 2569207.5391566264, 0.0], [672702.2620481928, 2569207.5391566264, 0.0], [672707.2560240964, 2569202.5451807226, 0.0], [672712.25, 2569197.551204819, 0.0], [672717.2439759036, 2569192.5572289154, 0.0], [672722.2379518072, 2569187.563253012, 0.0], [672727.2319277108, 2569187.563253012, 0.0], [672732.2259036144, 2569187.563253012, 0.0], [672737.219879518, 2569182.569277108, 0.0], [672742.2138554216, 2569177.575301205, 0.0], [672742.2138554216, 2569172.581325301, 0.0], [672747.2078313252, 2569172.581325301, 0.0], [672752.2018072288, 2569167.5873493976, 0.0], [672757.1957831325, 2569167.5873493976, 0.0], [672762.1897590361, 2569167.5873493976, 0.0], [672767.1837349398, 2569162.5933734938, 0.0], [672772.1777108434, 2569157.5993975904, 0.0], [672777.171686747, 2569157.5993975904, 0.0], [672782.1656626506, 2569152.6054216865, 0.0], [672787.1596385542, 2569152.6054216865, 0.0], [672792.1536144578, 2569147.611445783, 0.0], [672797.1475903614, 2569147.611445783, 0.0], [672802.141566265, 2569142.6174698793, 0.0], [672807.1355421686, 2569137.6234939755, 0.0], [672812.1295180722, 2569137.6234939755, 0.0], [672817.1234939758, 2569137.6234939755, 0.0], [672822.1174698794, 2569137.6234939755, 0.0], [672827.111445783, 2569137.6234939755, 0.0], [672832.1054216868, 2569137.6234939755, 0.0], [672837.0993975904, 2569132.629518072, 0.0], [672842.093373494, 2569132.629518072, 0.0], [672847.0873493976, 2569127.6355421683, 0.0], [672852.0813253012, 2569127.6355421683, 0.0], [672857.0753012048, 2569122.641566265, 0.0], [672862.0692771084, 2569117.647590361, 0.0], [672867.063253012, 2569117.647590361, 0.0], [672872.0572289156, 2569112.6536144577, 0.0], [672877.0512048192, 2569107.659638554, 0.0], [672882.0451807228, 2569107.659638554, 0.0], [672887.0391566264, 2569102.6656626505, 0.0], [672892.03313253, 2569102.6656626505, 0.0], [672897.0271084337, 2569097.6716867466, 0.0], [672902.0210843373, 2569097.6716867466, 0.0], [672907.015060241, 2569097.6716867466, 0.0], [672912.0090361446, 2569092.6777108433, 0.0], [672917.0030120482, 2569092.6777108433, 0.0], [672921.9969879518, 2569092.6777108433, 0.0], [672926.9909638554, 2569087.6837349394, 0.0], [672931.984939759, 2569082.689759036, 0.0], [672936.9789156626, 2569077.695783132, 0.0], [672941.9728915662, 2569072.701807229, 0.0], [672946.9668674698, 2569067.707831325, 0.0], [672951.9608433734, 2569072.701807229, 0.0], [672956.954819277, 2569067.707831325, 0.0], [672961.9487951807, 2569067.707831325, 0.0], [672966.9427710843, 2569062.7138554216, 0.0], [672971.936746988, 2569057.719879518, 0.0], [672976.9307228916, 2569057.719879518, 0.0], [672981.9246987952, 2569052.7259036144, 0.0], [672986.9186746988, 2569052.7259036144, 0.0], [672991.9126506024, 2569047.7319277106, 0.0], [672996.906626506, 2569042.737951807, 0.0], [673001.9006024096, 2569037.7439759034, 0.0], [673006.8945783132, 2569032.75, 0.0], [673011.8885542168, 2569032.75, 0.0], [673016.8825301204, 2569032.75, 0.0], [673021.876506024, 2569027.756024096, 0.0], [673026.8704819276, 2569027.756024096, 0.0], [673031.8644578313, 2569027.756024096, 0.0], [673036.8584337349, 2569027.756024096, 0.0], [673041.8524096386, 2569027.756024096, 0.0], [673046.8463855422, 2569022.762048193, 0.0], [673051.8403614458, 2569017.768072289, 0.0], [673056.8343373494, 2569012.7740963856, 0.0], [673061.828313253, 2569007.7801204817, 0.0], [673066.8222891566, 2569002.786144578, 0.0], [673071.8162650602, 2569002.786144578, 0.0], [673076.8102409638, 2569002.786144578, 0.0], [673081.8042168674, 2569002.786144578, 0.0], [673086.798192771, 2568997.7921686745, 0.0], [673091.7921686746, 2568997.7921686745, 0.0], [673091.7921686746, 2568992.7981927707, 0.0], [673096.7861445782, 2568987.8042168673, 0.0], [673101.7801204819, 2568987.8042168673, 0.0], [673106.7740963855, 2568982.8102409635, 0.0], [673111.7680722892, 2568982.8102409635, 0.0], [673116.7620481928, 2568977.81626506, 0.0], [673121.7560240964, 2568977.81626506, 0.0], [673126.75, 2568977.81626506, 0.0], [673131.7439759036, 2568972.8222891563, 0.0], [673136.7379518072, 2568972.8222891563, 0.0], [673141.7319277108, 2568967.828313253, 0.0], [673146.7259036144, 2568967.828313253, 0.0], [673151.719879518, 2568967.828313253, 0.0], [673156.7138554216, 2568967.828313253, 0.0], [673161.7078313252, 2568967.828313253, 0.0], [673166.7018072288, 2568967.828313253, 0.0], [673171.6957831325, 2568967.828313253, 0.0], [673176.6897590361, 2568967.828313253, 0.0], [673181.6837349398, 2568967.828313253, 0.0], [673186.6777108434, 2568962.834337349, 0.0], [673191.671686747, 2568962.834337349, 0.0], [673196.6656626506, 2568957.8403614457, 0.0], [673201.6596385542, 2568957.8403614457, 0.0], [673206.6536144578, 2568957.8403614457, 0.0], [673211.6475903614, 2568957.8403614457, 0.0], [673216.641566265, 2568952.846385542, 0.0], [673221.6355421686, 2568947.8524096385, 0.0], [673226.6295180722, 2568942.8584337346, 0.0], [673231.6234939758, 2568942.8584337346, 0.0], [673236.6174698794, 2568942.8584337346, 0.0], [673241.611445783, 2568942.8584337346, 0.0], [673246.6054216868, 2568942.8584337346, 0.0], [673251.5993975904, 2568942.8584337346, 0.0], [673256.593373494, 2568947.8524096385, 0.0], [673261.5873493976, 2568947.8524096385, 0.0], [673266.5813253012, 2568942.8584337346, 0.0], [673271.5753012048, 2568937.8644578313, 0.0], [673276.5692771084, 2568937.8644578313, 0.0], [673281.563253012, 2568937.8644578313, 0.0], [673286.5572289156, 2568937.8644578313, 0.0], [673286.5572289156, 2568942.8584337346, 0.0], [673291.5512048192, 2568947.8524096385, 0.0], [673291.5512048192, 2568952.846385542, 0.0], [673296.5451807228, 2568957.8403614457, 0.0], [673301.5391566264, 2568962.834337349, 0.0], [673306.53313253, 2568967.828313253, 0.0], [673306.53313253, 2568972.8222891563, 0.0], [673306.53313253, 2568977.81626506, 0.0], [673311.5271084337, 2568982.8102409635, 0.0], [673311.5271084337, 2568987.8042168673, 0.0], [673316.5210843373, 2568992.7981927707, 0.0], [673321.515060241, 2568997.7921686745, 0.0], [673326.5090361446, 2569002.786144578, 0.0], [673331.5030120482, 2569002.786144578, 0.0], [673331.5030120482, 2569007.7801204817, 0.0], [673336.4969879518, 2569012.7740963856, 0.0], [673341.4909638554, 2569017.768072289, 0.0], [673341.4909638554, 2569022.762048193, 0.0], [673346.484939759, 2569027.756024096, 0.0], [673351.4789156626, 2569027.756024096, 0.0], [673356.4728915662, 2569032.75, 0.0], [673361.4668674698, 2569037.7439759034, 0.0], [673366.4608433734, 2569037.7439759034, 0.0], [673371.454819277, 2569042.737951807, 0.0], [673376.4487951807, 2569047.7319277106, 0.0], [673381.4427710843, 2569047.7319277106, 0.0], [673386.436746988, 2569047.7319277106, 0.0], [673391.4307228916, 2569052.7259036144, 0.0], [673396.4246987952, 2569052.7259036144, 0.0], [673401.4186746988, 2569057.719879518, 0.0], [673406.4126506024, 2569052.7259036144, 0.0], [673411.406626506, 2569052.7259036144, 0.0], [673416.4006024096, 2569052.7259036144, 0.0], [673421.3945783132, 2569052.7259036144, 0.0], [673426.3885542168, 2569052.7259036144, 0.0], [673431.3825301204, 2569057.719879518, 0.0], [673436.376506024, 2569062.7138554216, 0.0], [673441.3704819276, 2569067.707831325, 0.0], [673446.3644578313, 2569067.707831325, 0.0], [673451.3584337349, 2569072.701807229, 0.0], [673456.3524096386, 2569077.695783132, 0.0], [673461.3463855422, 2569077.695783132, 0.0], [673461.3463855422, 2569082.689759036, 0.0], [673466.3403614458, 2569087.6837349394, 0.0], [673461.3463855422, 2569092.6777108433, 0.0], [673456.3524096386, 2569097.6716867466, 0.0], [673456.3524096386, 2569102.6656626505, 0.0], [673456.3524096386, 2569107.659638554, 0.0], [673461.3463855422, 2569112.6536144577, 0.0], [673466.3403614458, 2569117.647590361, 0.0], [673466.3403614458, 2569122.641566265, 0.0], [673471.3343373494, 2569127.6355421683, 0.0], [673471.3343373494, 2569132.629518072, 0.0], [673476.328313253, 2569137.6234939755, 0.0], [673481.3222891566, 2569142.6174698793, 0.0], [673481.3222891566, 2569147.611445783, 0.0], [673481.3222891566, 2569152.6054216865, 0.0], [673486.3162650602, 2569157.5993975904, 0.0], [673486.3162650602, 2569162.5933734938, 0.0], [673486.3162650602, 2569167.5873493976, 0.0], [673491.3102409638, 2569172.581325301, 0.0], [673491.3102409638, 2569177.575301205, 0.0], [673486.3162650602, 2569182.569277108, 0.0], [673486.3162650602, 2569187.563253012, 0.0], [673486.3162650602, 2569192.5572289154, 0.0], [673486.3162650602, 2569197.551204819, 0.0], [673486.3162650602, 2569202.5451807226, 0.0], [673486.3162650602, 2569207.5391566264, 0.0], [673486.3162650602, 2569212.53313253, 0.0], [673491.3102409638, 2569217.5271084337, 0.0], [673491.3102409638, 2569222.521084337, 0.0], [673496.3042168674, 2569227.515060241, 0.0], [673496.3042168674, 2569232.5090361442, 0.0], [673496.3042168674, 2569237.503012048, 0.0], [673496.3042168674, 2569242.4969879515, 0.0], [673496.3042168674, 2569247.4909638553, 0.0], [673496.3042168674, 2569252.4849397587, 0.0], [673496.3042168674, 2569257.4789156625, 0.0], [673496.3042168674, 2569262.472891566, 0.0], [673496.3042168674, 2569267.4668674697, 0.0], [673496.3042168674, 2569272.460843373, 0.0], [673501.298192771, 2569277.454819277, 0.0], [673501.298192771, 2569282.448795181, 0.0], [673501.298192771, 2569287.442771084, 0.0], [673501.298192771, 2569292.436746988, 0.0], [673506.2921686746, 2569297.4307228914, 0.0], [673506.2921686746, 2569302.424698795, 0.0], [673511.2861445782, 2569307.4186746986, 0.0], [673511.2861445782, 2569312.4126506024, 0.0], [673511.2861445782, 2569317.406626506, 0.0], [673516.2801204819, 2569322.4006024096, 0.0], [673516.2801204819, 2569327.394578313, 0.0], [673516.2801204819, 2569332.388554217, 0.0], [673516.2801204819, 2569337.38253012, 0.0], [673516.2801204819, 2569342.376506024, 0.0], [673516.2801204819, 2569347.3704819274, 0.0], [673521.2740963855, 2569352.3644578313, 0.0], [673516.2801204819, 2569357.3584337346, 0.0], [673516.2801204819, 2569362.3524096385, 0.0], [673516.2801204819, 2569367.346385542, 0.0], [673516.2801204819, 2569372.3403614457, 0.0], [673516.2801204819, 2569377.334337349, 0.0], [673516.2801204819, 2569382.328313253, 0.0], [673516.2801204819, 2569387.3222891563, 0.0], [673516.2801204819, 2569392.31626506, 0.0], [673511.2861445782, 2569397.3102409635, 0.0], [673516.2801204819, 2569402.3042168673, 0.0], [673511.2861445782, 2569407.2981927707, 0.0], [673511.2861445782, 2569412.2921686745, 0.0], [673511.2861445782, 2569417.286144578, 0.0], [673511.2861445782, 2569422.2801204817, 0.0], [673511.2861445782, 2569427.2740963856, 0.0], [673511.2861445782, 2569432.268072289, 0.0], [673506.2921686746, 2569437.262048193, 0.0], [673506.2921686746, 2569442.256024096, 0.0], [673501.298192771, 2569447.25, 0.0], [673501.298192771, 2569452.2439759034, 0.0], [673501.298192771, 2569457.237951807, 0.0], [673501.298192771, 2569462.2319277106, 0.0], [673496.3042168674, 2569467.2259036144, 0.0], [673496.3042168674, 2569472.219879518, 0.0], [673496.3042168674, 2569477.2138554216, 0.0], [673496.3042168674, 2569482.207831325, 0.0], [673496.3042168674, 2569487.201807229, 0.0], [673496.3042168674, 2569492.195783132, 0.0], [673496.3042168674, 2569497.189759036, 0.0], [673496.3042168674, 2569502.1837349394, 0.0], [673496.3042168674, 2569507.1777108433, 0.0], [673496.3042168674, 2569512.1716867466, 0.0], [673501.298192771, 2569517.1656626505, 0.0], [673506.2921686746, 2569522.159638554, 0.0], [673506.2921686746, 2569527.1536144577, 0.0], [673511.2861445782, 2569532.147590361, 0.0], [673511.2861445782, 2569537.141566265, 0.0], [673516.2801204819, 2569542.1355421683, 0.0], [673516.2801204819, 2569547.129518072, 0.0], [673521.2740963855, 2569552.1234939755, 0.0], [673526.2680722892, 2569557.1174698793, 0.0], [673526.2680722892, 2569562.111445783, 0.0], [673531.2620481928, 2569567.1054216865, 0.0], [673531.2620481928, 2569572.0993975904, 0.0], [673536.2560240964, 2569577.0933734938, 0.0], [673536.2560240964, 2569582.0873493976, 0.0], [673541.25, 2569587.081325301, 0.0], [673541.25, 2569592.075301205, 0.0], [673546.2439759036, 2569597.069277108, 0.0], [673546.2439759036, 2569602.063253012, 0.0], [673546.2439759036, 2569607.0572289154, 0.0], [673546.2439759036, 2569612.051204819, 0.0], [673546.2439759036, 2569617.0451807226, 0.0], [673546.2439759036, 2569622.0391566264, 0.0], [673546.2439759036, 2569627.03313253, 0.0], [673546.2439759036, 2569632.0271084337, 0.0], [673546.2439759036, 2569637.021084337, 0.0], [673546.2439759036, 2569642.015060241, 0.0], [673546.2439759036, 2569647.0090361442, 0.0], [673546.2439759036, 2569652.003012048, 0.0], [673546.2439759036, 2569656.9969879515, 0.0], [673546.2439759036, 2569661.9909638553, 0.0], [673546.2439759036, 2569666.9849397587, 0.0], [673546.2439759036, 2569671.9789156625, 0.0], [673551.2379518072, 2569676.972891566, 0.0], [673551.2379518072, 2569681.9668674697, 0.0], [673551.2379518072, 2569686.960843373, 0.0], [673551.2379518072, 2569691.954819277, 0.0], [673546.2439759036, 2569696.948795181, 0.0], [673541.25, 2569696.948795181, 0.0], [673541.25, 2569701.942771084, 0.0], [673541.25, 2569706.936746988, 0.0], [673541.25, 2569711.9307228914, 0.0], [673541.25, 2569716.924698795, 0.0], [673541.25, 2569721.9186746986, 0.0], [673541.25, 2569726.9126506024, 0.0], [673541.25, 2569731.906626506, 0.0], [673541.25, 2569736.9006024096, 0.0], [673541.25, 2569741.894578313, 0.0], [673541.25, 2569746.888554217, 0.0], [673546.2439759036, 2569751.88253012, 0.0], [673551.2379518072, 2569756.876506024, 0.0], [673551.2379518072, 2569761.8704819274, 0.0], [673556.2319277108, 2569766.8644578313, 0.0], [673556.2319277108, 2569771.8584337346, 0.0], [673556.2319277108, 2569776.8524096385, 0.0], [673561.2259036144, 2569781.846385542, 0.0], [673561.2259036144, 2569786.8403614457, 0.0], [673566.219879518, 2569791.834337349, 0.0], [673566.219879518, 2569796.828313253, 0.0], [673571.2138554216, 2569801.8222891563, 0.0], [673571.2138554216, 2569806.81626506, 0.0], [673576.2078313252, 2569811.8102409635, 0.0], [673576.2078313252, 2569816.8042168673, 0.0], [673581.2018072288, 2569821.7981927707, 0.0], [673581.2018072288, 2569826.7921686745, 0.0], [673586.1957831325, 2569831.786144578, 0.0], [673586.1957831325, 2569836.7801204817, 0.0], [673586.1957831325, 2569841.7740963856, 0.0], [673586.1957831325, 2569846.768072289, 0.0], [673591.1897590361, 2569851.762048193, 0.0], [673591.1897590361, 2569856.756024096, 0.0], [673596.1837349398, 2569861.75, 0.0], [673601.1777108434, 2569866.7439759034, 0.0], [673601.1777108434, 2569871.737951807, 0.0], [673601.1777108434, 2569876.7319277106, 0.0], [673601.1777108434, 2569881.7259036144, 0.0], [673596.1837349398, 2569886.719879518, 0.0], [673596.1837349398, 2569891.7138554216, 0.0], [673596.1837349398, 2569896.707831325, 0.0], [673601.1777108434, 2569901.701807229, 0.0], [673606.171686747, 2569906.695783132, 0.0], [673611.1656626506, 2569911.689759036, 0.0], [673611.1656626506, 2569916.6837349394, 0.0], [673616.1596385542, 2569921.6777108433, 0.0], [673616.1596385542, 2569926.6716867466, 0.0], [673621.1536144578, 2569931.6656626505, 0.0], [673626.1475903614, 2569936.659638554, 0.0], [673631.141566265, 2569936.659638554, 0.0], [673636.1355421686, 2569941.6536144577, 0.0], [673641.1295180722, 2569946.647590361, 0.0], [673646.1234939758, 2569951.641566265, 0.0], [673651.1174698794, 2569956.6355421683, 0.0], [673656.111445783, 2569956.6355421683, 0.0], [673661.1054216868, 2569956.6355421683, 0.0], [673666.0993975904, 2569956.6355421683, 0.0], [673671.093373494, 2569956.6355421683, 0.0], [673676.0873493976, 2569956.6355421683, 0.0], [673681.0813253012, 2569956.6355421683, 0.0], [673686.0753012048, 2569956.6355421683, 0.0], [673691.0692771084, 2569956.6355421683, 0.0], [673696.063253012, 2569956.6355421683, 0.0], [673701.0572289156, 2569956.6355421683, 0.0], [673706.0512048192, 2569961.629518072, 0.0], [673711.0451807228, 2569961.629518072, 0.0], [673716.0391566264, 2569966.6234939755, 0.0], [673721.03313253, 2569966.6234939755, 0.0], [673726.0271084337, 2569961.629518072, 0.0], [673731.0210843373, 2569961.629518072, 0.0], [673736.015060241, 2569961.629518072, 0.0], [673741.0090361446, 2569961.629518072, 0.0], [673746.0030120482, 2569966.6234939755, 0.0], [673750.9969879518, 2569966.6234939755, 0.0], [673755.9909638554, 2569966.6234939755, 0.0], [673760.984939759, 2569966.6234939755, 0.0], [673765.9789156626, 2569971.6174698793, 0.0], [673770.9728915662, 2569976.611445783, 0.0], [673775.9668674698, 2569981.6054216865, 0.0], [673780.9608433734, 2569986.5993975904, 0.0], [673785.954819277, 2569991.5933734938, 0.0], [673790.9487951807, 2569996.5873493976, 0.0], [673795.9427710843, 2569996.5873493976, 0.0], [673800.936746988, 2570001.581325301, 0.0], [673805.9307228916, 2570006.575301205, 0.0], [673810.9246987952, 2570011.569277108, 0.0], [673815.9186746988, 2570016.563253012, 0.0], [673820.9126506024, 2570021.5572289154, 0.0], [673825.906626506, 2570021.5572289154, 0.0], [673830.9006024096, 2570026.551204819, 0.0], [673835.8945783132, 2570026.551204819, 0.0], [673840.8885542168, 2570031.5451807226, 0.0], [673845.8825301204, 2570036.5391566264, 0.0], [673850.876506024, 2570041.53313253, 0.0], [673855.8704819276, 2570046.5271084337, 0.0], [673860.8644578313, 2570051.521084337, 0.0], [673865.8584337349, 2570056.515060241, 0.0], [673870.8524096386, 2570061.5090361442, 0.0], [673875.8463855422, 2570061.5090361442, 0.0], [673880.8403614458, 2570066.503012048, 0.0], [673885.8343373494, 2570071.4969879515, 0.0], [673890.828313253, 2570071.4969879515, 0.0], [673895.8222891566, 2570071.4969879515, 0.0], [673900.8162650602, 2570071.4969879515, 0.0], [673905.8102409638, 2570076.4909638553, 0.0], [673910.8042168674, 2570081.4849397587, 0.0], [673915.798192771, 2570086.4789156625, 0.0], [673920.7921686746, 2570091.472891566, 0.0], [673925.7861445782, 2570096.4668674697, 0.0], [673930.7801204819, 2570096.4668674697, 0.0], [673930.7801204819, 2570101.460843373, 0.0], [673935.7740963855, 2570106.454819277, 0.0], [673940.7680722892, 2570111.448795181, 0.0], [673945.7620481928, 2570116.442771084, 0.0], [673950.7560240964, 2570121.436746988, 0.0], [673955.75, 2570121.436746988, 0.0], [673960.7439759036, 2570116.442771084, 0.0], [673965.7379518072, 2570116.442771084, 0.0], [673970.7319277108, 2570116.442771084, 0.0], [673975.7259036144, 2570116.442771084, 0.0], [673980.719879518, 2570121.436746988, 0.0], [673985.7138554216, 2570126.4307228914, 0.0], [673985.7138554216, 2570131.424698795, 0.0], [673990.7078313252, 2570136.4186746986, 0.0], [673990.7078313252, 2570141.4126506024, 0.0], [673995.7018072288, 2570146.406626506, 0.0], [674000.6957831325, 2570151.4006024096, 0.0], [674000.6957831325, 2570156.394578313, 0.0], [674005.6897590361, 2570161.388554217, 0.0], [674010.6837349398, 2570166.38253012, 0.0], [674015.6777108434, 2570171.376506024, 0.0], [674015.6777108434, 2570176.3704819274, 0.0], [674020.671686747, 2570181.3644578313, 0.0], [674025.6656626506, 2570186.3584337346, 0.0], [674030.6596385542, 2570191.3524096385, 0.0], [674035.6536144578, 2570196.346385542, 0.0], [674040.6475903614, 2570201.3403614457, 0.0], [674045.641566265, 2570206.334337349, 0.0], [674050.6355421686, 2570211.328313253, 0.0], [674055.6295180722, 2570216.3222891563, 0.0], [674060.6234939758, 2570216.3222891563, 0.0], [674065.6174698794, 2570221.31626506, 0.0], [674070.611445783, 2570221.31626506, 0.0], [674075.6054216868, 2570221.31626506, 0.0], [674080.5993975904, 2570216.3222891563, 0.0], [674085.593373494, 2570216.3222891563, 0.0], [674090.5873493976, 2570216.3222891563, 0.0], [674095.5813253012, 2570211.328313253, 0.0], [674100.5753012048, 2570211.328313253, 0.0], [674105.5692771084, 2570211.328313253, 0.0], [674110.563253012, 2570211.328313253, 0.0], [674115.5572289156, 2570211.328313253, 0.0], [674120.5512048192, 2570211.328313253, 0.0], [674125.5451807228, 2570211.328313253, 0.0], [674130.5391566264, 2570211.328313253, 0.0], [674135.53313253, 2570211.328313253, 0.0], [674140.5271084337, 2570211.328313253, 0.0], [674145.5210843374, 2570211.328313253, 0.0], [674150.515060241, 2570211.328313253, 0.0], [674155.5090361446, 2570211.328313253, 0.0], [674160.5030120482, 2570211.328313253, 0.0], [674165.4969879518, 2570211.328313253, 0.0], [674170.4909638554, 2570211.328313253, 0.0], [674175.484939759, 2570211.328313253, 0.0], [674180.4789156626, 2570216.3222891563, 0.0], [674185.4728915662, 2570216.3222891563, 0.0], [674190.4668674698, 2570216.3222891563, 0.0], [674195.4608433734, 2570221.31626506, 0.0], [674200.454819277, 2570221.31626506, 0.0], [674205.4487951807, 2570221.31626506, 0.0], [674210.4427710843, 2570221.31626506, 0.0], [674215.436746988, 2570221.31626506, 0.0], [674220.4307228916, 2570226.3102409635, 0.0], [674225.4246987952, 2570226.3102409635, 0.0], [674230.4186746988, 2570231.3042168673, 0.0], [674235.4126506024, 2570236.2981927707, 0.0], [674240.406626506, 2570236.2981927707, 0.0], [674245.4006024096, 2570241.2921686745, 0.0], [674250.3945783132, 2570241.2921686745, 0.0], [674255.3885542168, 2570241.2921686745, 0.0], [674260.3825301204, 2570246.286144578, 0.0], [674265.376506024, 2570251.2801204817, 0.0], [674270.3704819276, 2570256.2740963856, 0.0], [674275.3644578313, 2570261.268072289, 0.0], [674280.3584337349, 2570261.268072289, 0.0], [674285.3524096386, 2570266.262048193, 0.0], [674290.3463855422, 2570271.256024096, 0.0], [674295.3403614458, 2570276.25, 0.0], [674295.3403614458, 2570281.2439759034, 0.0], [674300.3343373494, 2570286.237951807, 0.0], [674305.328313253, 2570286.237951807, 0.0], [674310.3222891566, 2570291.2319277106, 0.0], [674315.3162650602, 2570296.2259036144, 0.0], [674315.3162650602, 2570301.219879518, 0.0], [674320.3102409638, 2570306.2138554216, 0.0], [674325.3042168674, 2570311.207831325, 0.0], [674330.298192771, 2570316.201807229, 0.0], [674335.2921686746, 2570321.195783132, 0.0], [674340.2861445782, 2570326.189759036, 0.0], [674345.2801204819, 2570331.1837349394, 0.0], [674350.2740963855, 2570336.1777108433, 0.0], [674355.2680722892, 2570341.1716867466, 0.0], [674360.2620481928, 2570346.1656626505, 0.0], [674365.2560240964, 2570351.159638554, 0.0], [674365.2560240964, 2570356.1536144577, 0.0], [674365.2560240964, 2570361.147590361, 0.0], [674365.2560240964, 2570366.141566265, 0.0], [674370.25, 2570371.1355421683, 0.0], [674375.2439759036, 2570376.129518072, 0.0], [674375.2439759036, 2570381.1234939755, 0.0], [674380.2379518072, 2570386.1174698793, 0.0], [674380.2379518072, 2570391.111445783, 0.0], [674385.2319277108, 2570396.1054216865, 0.0], [674390.2259036144, 2570401.0993975904, 0.0], [674395.219879518, 2570406.0933734938, 0.0], [674400.2138554216, 2570411.0873493976, 0.0], [674405.2078313252, 2570416.081325301, 0.0], [674410.2018072288, 2570411.0873493976, 0.0], [674415.1957831325, 2570411.0873493976, 0.0], [674420.1897590361, 2570416.081325301, 0.0], [674425.1837349398, 2570421.075301205, 0.0], [674430.1777108434, 2570426.069277108, 0.0], [674435.171686747, 2570431.063253012, 0.0], [674440.1656626506, 2570436.0572289154, 0.0], [674440.1656626506, 2570441.051204819, 0.0], [674445.1596385542, 2570446.0451807226, 0.0], [674450.1536144578, 2570451.0391566264, 0.0], [674450.1536144578, 2570456.03313253, 0.0], [674450.1536144578, 2570461.0271084337, 0.0], [674455.1475903614, 2570466.021084337, 0.0], [674460.141566265, 2570471.015060241, 0.0], [674460.141566265, 2570476.0090361442, 0.0], [674465.1355421686, 2570481.003012048, 0.0], [674465.1355421686, 2570485.9969879515, 0.0], [674470.1295180722, 2570490.9909638553, 0.0], [674475.1234939758, 2570495.9849397587, 0.0], [674475.1234939758, 2570500.9789156625, 0.0], [674475.1234939758, 2570505.972891566, 0.0], [674480.1174698794, 2570510.9668674697, 0.0], [674485.111445783, 2570515.960843373, 0.0], [674490.1054216868, 2570520.954819277, 0.0], [674490.1054216868, 2570525.948795181, 0.0], [674495.0993975904, 2570530.942771084, 0.0], [674495.0993975904, 2570535.936746988, 0.0], [674495.0993975904, 2570540.9307228914, 0.0], [674500.093373494, 2570545.924698795, 0.0], [674500.093373494, 2570550.9186746986, 0.0], [674505.0873493976, 2570555.9126506024, 0.0], [674505.0873493976, 2570560.906626506, 0.0], [674500.093373494, 2570565.9006024096, 0.0], [674495.0993975904, 2570570.894578313, 0.0], [674500.093373494, 2570575.888554217, 0.0], [674505.0873493976, 2570580.88253012, 0.0], [674505.0873493976, 2570585.876506024, 0.0], [674510.0813253012, 2570590.8704819274, 0.0], [674510.0813253012, 2570595.8644578313, 0.0], [674515.0753012048, 2570600.8584337346, 0.0], [674520.0692771084, 2570605.8524096385, 0.0], [674525.063253012, 2570610.846385542, 0.0], [674525.063253012, 2570615.8403614457, 0.0], [674530.0572289156, 2570620.834337349, 0.0], [674530.0572289156, 2570625.828313253, 0.0], [674535.0512048192, 2570630.8222891563, 0.0], [674535.0512048192, 2570635.81626506, 0.0], [674540.0451807228, 2570640.8102409635, 0.0], [674540.0451807228, 2570645.8042168673, 0.0], [674545.0391566264, 2570650.7981927707, 0.0], [674545.0391566264, 2570655.7921686745, 0.0], [674545.0391566264, 2570660.786144578, 0.0], [674545.0391566264, 2570665.7801204817, 0.0], [674545.0391566264, 2570670.7740963856, 0.0], [674550.03313253, 2570675.768072289, 0.0], [674550.03313253, 2570680.762048193, 0.0], [674550.03313253, 2570685.756024096, 0.0], [674550.03313253, 2570690.75, 0.0], [674550.03313253, 2570695.7439759034, 0.0], [674550.03313253, 2570700.737951807, 0.0], [674550.03313253, 2570705.7319277106, 0.0], [674555.0271084337, 2570705.7319277106, 0.0], [674560.0210843374, 2570705.7319277106, 0.0], [674565.015060241, 2570710.7259036144, 0.0], [674570.0090361446, 2570715.719879518, 0.0], [674575.0030120482, 2570715.719879518, 0.0], [674579.9969879518, 2570720.7138554216, 0.0], [674584.9909638554, 2570725.707831325, 0.0], [674589.984939759, 2570730.701807229, 0.0], [674594.9789156626, 2570730.701807229, 0.0], [674599.9728915662, 2570735.695783132, 0.0], [674604.9668674698, 2570735.695783132, 0.0], [674609.9608433734, 2570740.689759036, 0.0], [674614.954819277, 2570745.6837349394, 0.0], [674619.9487951807, 2570750.6777108433, 0.0], [674619.9487951807, 2570755.6716867466, 0.0], [674624.9427710843, 2570755.6716867466, 0.0], [674629.936746988, 2570760.6656626505, 0.0], [674634.9307228916, 2570765.659638554, 0.0], [674639.9246987952, 2570770.6536144577, 0.0], [674644.9186746988, 2570775.647590361, 0.0], [674649.9126506024, 2570780.641566265, 0.0], [674654.906626506, 2570785.6355421683, 0.0], [674654.906626506, 2570790.629518072, 0.0], [674659.9006024096, 2570795.6234939755, 0.0], [674664.8945783132, 2570800.6174698793, 0.0], [674669.8885542168, 2570800.6174698793, 0.0], [674669.8885542168, 2570805.611445783, 0.0], [674669.8885542168, 2570810.6054216865, 0.0], [674674.8825301204, 2570815.5993975904, 0.0], [674679.876506024, 2570820.5933734938, 0.0], [674684.8704819276, 2570825.5873493976, 0.0], [674689.8644578313, 2570830.581325301, 0.0], [674689.8644578313, 2570835.575301205, 0.0], [674694.8584337349, 2570840.569277108, 0.0], [674699.8524096386, 2570845.563253012, 0.0], [674704.8463855422, 2570850.5572289154, 0.0], [674704.8463855422, 2570855.551204819, 0.0], [674704.8463855422, 2570860.5451807226, 0.0], [674709.8403614458, 2570865.5391566264, 0.0], [674714.8343373494, 2570870.53313253, 0.0], [674719.828313253, 2570875.5271084337, 0.0], [674719.828313253, 2570880.521084337, 0.0], [674724.8222891566, 2570885.515060241, 0.0], [674724.8222891566, 2570890.5090361442, 0.0], [674729.8162650602, 2570895.503012048, 0.0], [674729.8162650602, 2570900.4969879515, 0.0], [674729.8162650602, 2570905.4909638553, 0.0], [674729.8162650602, 2570910.4849397587, 0.0], [674729.8162650602, 2570915.4789156625, 0.0], [674734.8102409638, 2570920.472891566, 0.0], [674739.8042168674, 2570920.472891566, 0.0], [674744.798192771, 2570925.4668674697, 0.0], [674749.7921686746, 2570930.460843373, 0.0], [674754.7861445782, 2570930.460843373, 0.0], [674759.7801204819, 2570935.454819277, 0.0], [674764.7740963856, 2570935.454819277, 0.0], [674769.7680722892, 2570940.448795181, 0.0], [674774.7620481928, 2570940.448795181, 0.0], [674779.7560240964, 2570945.442771084, 0.0], [674784.75, 2570945.442771084, 0.0], [674789.7439759036, 2570945.442771084, 0.0], [674794.7379518072, 2570945.442771084, 0.0], [674799.7319277108, 2570945.442771084, 0.0], [674804.7259036144, 2570945.442771084, 0.0], [674809.719879518, 2570950.436746988, 0.0], [674814.7138554216, 2570955.4307228914, 0.0], [674819.7078313252, 2570960.424698795, 0.0], [674824.7018072288, 2570965.4186746986, 0.0], [674829.6957831325, 2570965.4186746986, 0.0], [674834.6897590361, 2570970.4126506024, 0.0], [674839.6837349398, 2570975.406626506, 0.0], [674844.6777108434, 2570980.4006024096, 0.0], [674849.671686747, 2570985.394578313, 0.0], [674849.671686747, 2570990.388554217, 0.0], [674854.6656626506, 2570995.38253012, 0.0], [674859.6596385542, 2571000.376506024, 0.0], [674864.6536144578, 2571005.3704819274, 0.0], [674869.6475903614, 2571010.3644578313, 0.0], [674874.641566265, 2571015.3584337346, 0.0], [674879.6355421686, 2571020.3524096385, 0.0], [674884.6295180722, 2571025.346385542, 0.0], [674889.6234939758, 2571030.3403614457, 0.0], [674894.6174698794, 2571035.334337349, 0.0], [674899.611445783, 2571040.328313253, 0.0], [674904.6054216868, 2571040.328313253, 0.0], [674909.5993975904, 2571045.3222891563, 0.0], [674914.593373494, 2571050.31626506, 0.0], [674919.5873493976, 2571050.31626506, 0.0], [674924.5813253012, 2571050.31626506, 0.0], [674929.5753012048, 2571050.31626506, 0.0], [674934.5692771084, 2571050.31626506, 0.0], [674939.563253012, 2571055.3102409635, 0.0], [674944.5572289156, 2571060.3042168673, 0.0], [674949.5512048192, 2571060.3042168673, 0.0], [674954.5451807228, 2571060.3042168673, 0.0], [674959.5391566264, 2571060.3042168673, 0.0], [674964.53313253, 2571065.2981927707, 0.0], [674969.5271084337, 2571065.2981927707, 0.0], [674974.5210843374, 2571070.2921686745, 0.0], [674979.515060241, 2571070.2921686745, 0.0], [674984.5090361446, 2571070.2921686745, 0.0], [674989.5030120482, 2571075.286144578, 0.0], [674994.4969879518, 2571080.2801204817, 0.0], [674999.4909638554, 2571085.2740963856, 0.0], [675004.484939759, 2571085.2740963856, 0.0], [675009.4789156626, 2571085.2740963856, 0.0], [675014.4728915662, 2571085.2740963856, 0.0], [675019.4668674698, 2571085.2740963856, 0.0], [675024.4608433734, 2571090.268072289, 0.0], [675029.454819277, 2571095.262048193, 0.0], [675034.4487951807, 2571100.256024096, 0.0], [675039.4427710843, 2571105.25, 0.0], [675044.436746988, 2571110.2439759034, 0.0], [675049.4307228916, 2571115.237951807, 0.0], [675054.4246987952, 2571120.2319277106, 0.0], [675054.4246987952, 2571125.2259036144, 0.0], [675054.4246987952, 2571130.219879518, 0.0], [675054.4246987952, 2571135.2138554216, 0.0], [675049.4307228916, 2571140.207831325, 0.0], [675054.4246987952, 2571145.201807229, 0.0], [675059.4186746988, 2571150.195783132, 0.0], [675064.4126506024, 2571155.189759036, 0.0], [675069.406626506, 2571160.1837349394, 0.0], [675074.4006024096, 2571160.1837349394, 0.0], [675079.3945783132, 2571165.1777108433, 0.0], [675084.3885542168, 2571165.1777108433, 0.0], [675089.3825301204, 2571170.1716867466, 0.0], [675094.376506024, 2571170.1716867466, 0.0], [675099.3704819276, 2571175.1656626505, 0.0], [675104.3644578313, 2571180.159638554, 0.0], [675109.3584337349, 2571180.159638554, 0.0], [675114.3524096386, 2571185.1536144577, 0.0], [675119.3463855422, 2571185.1536144577, 0.0], [675124.3403614458, 2571190.147590361, 0.0], [675129.3343373494, 2571195.141566265, 0.0], [675134.328313253, 2571200.1355421683, 0.0], [675139.3222891566, 2571200.1355421683, 0.0], [675144.3162650602, 2571205.129518072, 0.0], [675149.3102409638, 2571210.1234939755, 0.0], [675154.3042168674, 2571215.1174698793, 0.0], [675159.298192771, 2571220.111445783, 0.0], [675164.2921686746, 2571220.111445783, 0.0], [675169.2861445782, 2571220.111445783, 0.0], [675174.2801204819, 2571220.111445783, 0.0], [675179.2740963856, 2571220.111445783, 0.0], [675184.2680722892, 2571220.111445783, 0.0]]}}, {"type": "Feature", "properties": {"name": "Reach-1", "length": null}, "geometry": {"type": "LineString", "coordinates": [[679576.469879518, 2580286.6746987947], [679573.9728915662, 2580284.177710843], [679568.9789156626, 2580284.177710843], [679563.984939759, 2580284.177710843], [679558.9909638554, 2580284.177710843], [679553.9969879518, 2580279.183734939], [679549.0030120482, 2580279.183734939], [679544.0090361446, 2580279.183734939], [679539.015060241, 2580274.189759035], [679534.0210843374, 2580274.189759035], [679529.0271084338, 2580274.189759035], [679524.0331325302, 2580269.1957831313], [679519.0391566266, 2580269.1957831313], [679514.045180723, 2580269.1957831313], [679509.0512048193, 2580264.2018072275], [679504.0572289157, 2580264.2018072275], [679499.0632530121, 2580264.2018072275], [679494.0692771085, 2580259.2078313236], [679489.0753012049, 2580259.2078313236], [679484.0813253013, 2580259.2078313236], [679479.0873493977, 2580254.21385542], [679474.0933734941, 2580254.21385542], [679469.0993975905, 2580254.21385542], [679464.1054216869, 2580249.219879516], [679459.1114457833, 2580249.219879516], [679454.1174698797, 2580249.219879516], [679449.1234939761, 2580244.225903612], [679444.1295180725, 2580244.225903612], [679439.1355421689, 2580244.225903612], [679434.1415662653, 2580239.2319277083], [679429.1475903617, 2580239.2319277083], [679424.153614458, 2580239.2319277083], [679419.1596385544, 2580234.2379518044], [679414.1656626508, 2580234.2379518044], [679409.1716867472, 2580234.2379518044], [679404.1777108436, 2580229.2439759006], [679399.18373494, 2580229.2439759006], [679394.1897590364, 2580229.2439759006], [679389.1957831328, 2580224.2499999967], [679384.2018072292, 2580224.2499999967], [679379.2078313256, 2580224.2499999967], [679374.213855422, 2580224.2499999967], [679369.2198795184, 2580219.256024093], [679364.2259036148, 2580219.256024093], [679359.2319277112, 2580219.256024093], [679354.2379518076, 2580214.262048189], [679349.243975904, 2580214.262048189], [679344.2500000003, 2580214.262048189], [679339.2560240967, 2580214.262048189], [679334.2620481931, 2580214.262048189], [679329.2680722895, 2580209.268072285], [679324.2740963859, 2580209.268072285], [679319.2801204823, 2580209.268072285], [679314.2861445787, 2580204.2740963814], [679309.2921686751, 2580204.2740963814], [679304.2981927715, 2580204.2740963814], [679299.3042168679, 2580199.2801204775], [679294.3102409643, 2580199.2801204775], [679289.3162650607, 2580199.2801204775], [679284.3222891571, 2580194.2861445737], [679279.3283132535, 2580194.2861445737], [679274.3343373499, 2580194.2861445737], [679269.3403614463, 2580189.29216867], [679264.3463855427, 2580189.29216867], [679259.352409639, 2580189.29216867], [679254.3584337354, 2580184.298192766], [679249.3644578318, 2580179.304216862], [679244.3704819282, 2580179.304216862], [679239.3765060246, 2580179.304216862], [679234.382530121, 2580174.3102409584], [679229.3885542174, 2580174.3102409584], [679224.3945783138, 2580174.3102409584], [679219.4006024102, 2580174.3102409584], [679214.4066265066, 2580174.3102409584], [679209.412650603, 2580169.3162650545], [679204.4186746994, 2580169.3162650545], [679199.4246987958, 2580169.3162650545], [679194.4307228922, 2580164.3222891507], [679189.4367469886, 2580164.3222891507], [679184.442771085, 2580164.3222891507], [679179.4487951813, 2580159.328313247], [679174.4548192777, 2580159.328313247], [679169.4608433741, 2580159.328313247], [679164.4668674705, 2580154.334337343], [679159.4728915669, 2580154.334337343], [679154.4789156633, 2580154.334337343], [679149.4849397597, 2580154.334337343], [679144.4909638561, 2580154.334337343], [679139.4969879525, 2580154.334337343], [679134.5030120489, 2580154.334337343], [679129.5090361453, 2580149.340361439], [679124.5150602417, 2580144.3463855353], [679119.5210843381, 2580144.3463855353], [679114.5271084345, 2580139.3524096315], [679109.5331325309, 2580134.3584337276], [679104.5391566273, 2580129.364457824], [679099.5451807237, 2580124.37048192], [679094.55120482, 2580119.376506016], [679089.5572289164, 2580114.3825301123], [679084.5632530128, 2580109.3885542084], [679079.5692771092, 2580104.3945783046], [679079.5692771092, 2580099.400602401], [679079.5692771092, 2580094.406626497], [679074.5753012056, 2580089.412650593], [679069.581325302, 2580084.4186746893], [679064.5873493984, 2580079.4246987854], [679059.5933734948, 2580074.4307228816], [679054.5993975912, 2580074.4307228816], [679049.6054216876, 2580069.4367469777], [679044.611445784, 2580064.442771074], [679039.6174698804, 2580059.44879517], [679034.6234939768, 2580059.44879517], [679029.6295180732, 2580054.454819266], [679024.6355421696, 2580049.4608433624], [679019.641566266, 2580049.4608433624], [679014.6475903624, 2580044.4668674585], [679009.6536144587, 2580044.4668674585], [679004.6596385551, 2580039.4728915547], [678999.6656626515, 2580034.478915651], [678994.6716867479, 2580029.484939747], [678989.6777108443, 2580024.490963843], [678984.6837349407, 2580019.4969879393], [678979.6897590371, 2580014.5030120355], [678974.6957831335, 2580009.5090361317], [678969.7018072299, 2580004.515060228], [678964.7078313263, 2579999.521084324], [678959.7138554227, 2579999.521084324], [678954.7198795191, 2579994.52710842], [678949.7259036155, 2579989.5331325163], [678949.7259036155, 2579984.5391566125], [678944.7319277119, 2579979.5451807086], [678939.7379518083, 2579974.551204805], [678934.7439759047, 2579969.557228901], [678929.750000001, 2579964.563252997], [678924.7560240974, 2579959.5692770933], [678919.7620481938, 2579954.5753011894], [678914.7680722902, 2579954.5753011894], [678909.7740963866, 2579949.5813252856], [678904.780120483, 2579944.5873493818], [678899.7861445794, 2579939.593373478], [678894.7921686758, 2579934.599397574], [678894.7921686758, 2579929.6054216702], [678889.7981927722, 2579924.6114457664], [678884.8042168686, 2579919.6174698626], [678879.810240965, 2579914.6234939587], [678874.8162650614, 2579909.629518055], [678869.8222891578, 2579904.635542151], [678864.8283132542, 2579899.641566247], [678864.8283132542, 2579894.6475903434], [678859.8343373506, 2579889.6536144395], [678854.840361447, 2579884.6596385357], [678849.8463855434, 2579879.665662632], [678849.8463855434, 2579874.671686728], [678844.8524096397, 2579869.677710824], [678844.8524096397, 2579864.6837349203], [678839.8584337361, 2579859.6897590165], [678834.8644578325, 2579854.6957831127], [678829.8704819289, 2579849.701807209], [678829.8704819289, 2579844.707831305], [678824.8765060253, 2579839.713855401], [678819.8825301217, 2579834.7198794973], [678814.8885542181, 2579829.7259035935], [678809.8945783145, 2579824.7319276896], [678809.8945783145, 2579819.737951786], [678804.9006024109, 2579814.743975882], [678804.9006024109, 2579809.749999978], [678799.9066265073, 2579804.7560240743], [678799.9066265073, 2579799.7620481704], [678794.9126506037, 2579794.7680722666], [678794.9126506037, 2579789.7740963628], [678794.9126506037, 2579784.780120459], [678794.9126506037, 2579779.786144555], [678794.9126506037, 2579774.7921686512], [678794.9126506037, 2579769.7981927474], [678794.9126506037, 2579764.8042168436], [678794.9126506037, 2579759.8102409397], [678799.9066265073, 2579754.816265036], [678799.9066265073, 2579749.822289132], [678804.9006024109, 2579744.828313228], [678799.9066265073, 2579739.8343373244], [678799.9066265073, 2579734.8403614205], [678799.9066265073, 2579729.8463855167], [678794.9126506037, 2579724.852409613], [678794.9126506037, 2579719.858433709], [678789.9186747001, 2579714.864457805], [678784.9246987965, 2579709.8704819013], [678784.9246987965, 2579704.8765059975], [678779.9307228929, 2579699.8825300937], [678779.9307228929, 2579694.88855419], [678774.9367469893, 2579689.894578286], [678769.9427710857, 2579684.900602382], [678764.948795182, 2579679.9066264783], [678759.9548192784, 2579674.9126505745], [678754.9608433748, 2579674.9126505745], [678749.9668674712, 2579669.9186746706], [678744.9728915676, 2579664.924698767], [678739.978915664, 2579659.930722863], [678734.9849397604, 2579659.930722863], [678729.9909638568, 2579654.936746959], [678724.9969879532, 2579654.936746959], [678720.0030120496, 2579649.9427710553], [678715.009036146, 2579644.9487951514], [678710.0150602424, 2579639.9548192476], [678705.0210843388, 2579634.9608433438], [678700.0271084352, 2579629.96686744], [678695.0331325316, 2579629.96686744], [678690.039156628, 2579624.972891536], [678685.0451807244, 2579624.972891536], [678680.0512048207, 2579619.9789156322], [678675.0572289171, 2579614.9849397284], [678670.0632530135, 2579609.9909638246], [678665.0692771099, 2579604.9969879207], [678660.0753012063, 2579600.003012017], [678655.0813253027, 2579595.009036113], [678650.0873493991, 2579590.015060209], [678645.0933734955, 2579585.0210843054], [678640.0993975919, 2579580.0271084015], [678635.1054216883, 2579575.0331324977], [678630.1114457847, 2579570.039156594], [678625.1174698811, 2579565.04518069], [678620.1234939775, 2579560.051204786], [678615.1295180739, 2579555.0572288823], [678610.1355421703, 2579550.0632529785], [678605.1415662667, 2579545.0692770747], [678605.1415662667, 2579540.075301171], [678605.1415662667, 2579535.081325267], [678600.147590363, 2579530.087349363], [678595.1536144594, 2579525.0933734593], [678590.1596385558, 2579520.0993975555], [678585.1656626522, 2579515.1054216516], [678580.1716867486, 2579510.111445748], [678575.177710845, 2579505.117469844], [678570.1837349414, 2579500.12349394], [678565.1897590378, 2579500.12349394], [678560.1957831342, 2579495.1295180363], [678555.2018072306, 2579490.1355421324], [678550.207831327, 2579485.1415662286], [678545.2138554234, 2579480.1475903247], [678540.2198795198, 2579475.153614421], [678535.2259036162, 2579470.159638517], [678530.2319277126, 2579465.165662613], [678525.237951809, 2579465.165662613], [678520.2439759054, 2579460.1716867094], [678515.2500000017, 2579455.1777108056], [678510.2560240981, 2579450.1837349017], [678505.2620481945, 2579445.189758998], [678500.2680722909, 2579440.195783094], [678495.2740963873, 2579435.20180719], [678490.2801204837, 2579430.2078312864], [678490.2801204837, 2579425.2138553825], [678485.2861445801, 2579420.2198794787], [678480.2921686765, 2579415.225903575], [678475.2981927729, 2579410.231927671], [678470.3042168693, 2579405.237951767], [678465.3102409657, 2579400.2439758633], [678460.3162650621, 2579395.2499999595], [678455.3222891585, 2579390.2560240556], [678455.3222891585, 2579385.262048152], [678450.3283132549, 2579380.268072248], [678445.3343373513, 2579375.274096344], [678440.3403614477, 2579370.2801204403], [678440.3403614477, 2579365.2861445365], [678435.346385544, 2579360.2921686326], [678430.3524096404, 2579355.298192729], [678430.3524096404, 2579350.304216825], [678425.3584337368, 2579345.310240921], [678420.3644578332, 2579340.3162650173], [678420.3644578332, 2579335.3222891134], [678415.3704819296, 2579330.3283132096], [678410.376506026, 2579325.3343373057], [678405.3825301224, 2579320.340361402], [678400.3885542188, 2579315.346385498], [678395.3945783152, 2579310.352409594], [678390.4006024116, 2579305.3584336904], [678390.4006024116, 2579300.3644577865], [678385.406626508, 2579295.3704818827], [678385.406626508, 2579290.376505979], [678380.4126506044, 2579285.382530075], [678375.4186747008, 2579280.388554171], [678370.4246987972, 2579275.3945782674], [678365.4307228936, 2579270.4006023635], [678365.4307228936, 2579265.4066264597], [678360.43674699, 2579260.412650556], [678355.4427710864, 2579255.418674652], [678355.4427710864, 2579250.424698748], [678350.4487951827, 2579245.4307228443], [678345.4548192791, 2579240.4367469405], [678340.4608433755, 2579235.4427710366], [678335.4668674719, 2579230.448795133], [678330.4728915683, 2579225.454819229], [678330.4728915683, 2579220.460843325], [678325.4789156647, 2579220.460843325], [678320.4849397611, 2579215.4668674213], [678315.4909638575, 2579210.4728915174], [678310.4969879539, 2579205.4789156136], [678305.5030120503, 2579200.48493971], [678300.5090361467, 2579195.490963806], [678295.5150602431, 2579195.490963806], [678290.5210843395, 2579190.496987902], [678285.5271084359, 2579185.5030119983], [678280.5331325323, 2579180.5090360944], [678275.5391566287, 2579180.5090360944], [678270.545180725, 2579175.5150601906], [678265.5512048214, 2579175.5150601906], [678260.5572289178, 2579170.5210842867], [678255.5632530142, 2579165.527108383], [678250.5692771106, 2579165.527108383], [678245.575301207, 2579160.533132479], [678240.5813253034, 2579155.539156575], [678235.5873493998, 2579155.539156575], [678230.5933734962, 2579155.539156575], [678225.5993975926, 2579150.5451806714], [678220.605421689, 2579145.5512047675], [678215.6114457854, 2579145.5512047675], [678210.6174698818, 2579140.5572288637], [678205.6234939782, 2579140.5572288637], [678200.6295180746, 2579140.5572288637], [678195.635542171, 2579135.56325296], [678190.6415662674, 2579135.56325296], [678185.6475903637, 2579135.56325296], [678180.6536144601, 2579130.569277056], [678175.6596385565, 2579130.569277056], [678170.6656626529, 2579130.569277056], [678165.6716867493, 2579125.575301152], [678160.6777108457, 2579125.575301152], [678155.6837349421, 2579125.575301152], [678150.6897590385, 2579120.5813252483], [678145.6957831349, 2579120.5813252483], [678140.7018072313, 2579120.5813252483], [678135.7078313277, 2579120.5813252483], [678130.7138554241, 2579115.5873493445], [678125.7198795205, 2579115.5873493445], [678120.7259036169, 2579115.5873493445], [678115.7319277133, 2579115.5873493445], [678110.7379518097, 2579110.5933734407], [678105.743975906, 2579110.5933734407], [678100.7500000024, 2579110.5933734407], [678095.7560240988, 2579110.5933734407], [678090.7620481952, 2579110.5933734407], [678085.7680722916, 2579105.599397537], [678080.774096388, 2579105.599397537], [678075.7801204844, 2579105.599397537], [678070.7861445808, 2579105.599397537], [678065.7921686772, 2579105.599397537], [678060.7981927736, 2579105.599397537], [678055.80421687, 2579105.599397537], [678050.8102409664, 2579100.605421633], [678045.8162650628, 2579095.611445729], [678040.8222891592, 2579090.6174698253], [678035.8283132556, 2579085.6234939215], [678030.834337352, 2579080.6295180176], [678025.8403614484, 2579075.635542114], [678020.8463855447, 2579070.64156621], [678015.8524096411, 2579065.647590306], [678010.8584337375, 2579060.6536144023], [678010.8584337375, 2579055.6596384984], [678005.8644578339, 2579050.6656625946], [678000.8704819303, 2579045.6716866908], [677995.8765060267, 2579040.677710787], [677995.8765060267, 2579035.683734883], [677990.8825301231, 2579030.6897589792], [677990.8825301231, 2579025.6957830754], [677985.8885542195, 2579020.7018071716], [677980.8945783159, 2579015.7078312677], [677975.9006024123, 2579010.713855364], [677975.9006024123, 2579005.71987946], [677970.9066265087, 2579000.725903556], [677970.9066265087, 2578995.7319276524], [677965.9126506051, 2578990.7379517485], [677965.9126506051, 2578985.7439758447], [677965.9126506051, 2578980.749999941], [677965.9126506051, 2578975.756024037], [677965.9126506051, 2578970.762048133], [677965.9126506051, 2578965.7680722293], [677965.9126506051, 2578960.7740963255], [677960.9186747015, 2578955.7801204217], [677955.9246987979, 2578950.786144518], [677955.9246987979, 2578945.792168614], [677950.9307228943, 2578940.79819271], [677950.9307228943, 2578935.8042168063], [677945.9367469907, 2578930.8102409025], [677945.9367469907, 2578925.8162649986], [677945.9367469907, 2578920.822289095], [677940.942771087, 2578915.828313191], [677940.942771087, 2578910.834337287], [677940.942771087, 2578905.8403613833], [677935.9487951834, 2578900.8463854794], [677935.9487951834, 2578895.8524095756], [677930.9548192798, 2578890.8584336718], [677930.9548192798, 2578885.864457768], [677925.9608433762, 2578880.870481864], [677925.9608433762, 2578875.8765059602], [677920.9668674726, 2578870.8825300564], [677915.972891569, 2578865.8885541526], [677910.9789156654, 2578860.8945782487], [677905.9849397618, 2578860.8945782487], [677900.9909638582, 2578860.8945782487], [677895.9969879546, 2578855.900602345], [677895.9969879546, 2578850.906626441], [677891.003012051, 2578845.912650537], [677891.003012051, 2578840.9186746334], [677886.0090361474, 2578835.9246987295], [677886.0090361474, 2578830.9307228257], [677886.0090361474, 2578825.936746922], [677881.0150602438, 2578820.942771018], [677881.0150602438, 2578815.948795114], [677876.0210843402, 2578810.9548192103], [677876.0210843402, 2578805.9608433065], [677876.0210843402, 2578800.9668674027], [677876.0210843402, 2578795.972891499], [677871.0271084366, 2578790.978915595], [677866.033132533, 2578785.984939691], [677866.033132533, 2578780.9909637873], [677866.033132533, 2578775.9969878835], [677866.033132533, 2578771.0030119796], [677861.0391566294, 2578766.009036076], [677856.0451807257, 2578766.009036076], [677851.0512048221, 2578761.015060172], [677846.0572289185, 2578756.021084268], [677841.0632530149, 2578751.0271083643], [677836.0692771113, 2578751.0271083643], [677831.0753012077, 2578746.0331324604], [677826.0813253041, 2578746.0331324604], [677821.0873494005, 2578746.0331324604], [677816.0933734969, 2578746.0331324604], [677811.0993975933, 2578741.0391565566], [677806.1054216897, 2578736.0451806528], [677801.1114457861, 2578736.0451806528], [677796.1174698825, 2578731.051204749], [677791.1234939789, 2578726.057228845], [677786.1295180753, 2578721.0632529412], [677781.1355421717, 2578716.0692770374], [677781.1355421717, 2578711.0753011336], [677776.141566268, 2578706.0813252297], [677771.1475903644, 2578701.087349326], [677766.1536144608, 2578696.093373422], [677766.1536144608, 2578691.099397518], [677761.1596385572, 2578686.1054216144], [677761.1596385572, 2578681.1114457105], [677761.1596385572, 2578676.1174698067], [677756.1656626536, 2578671.123493903], [677756.1656626536, 2578666.129517999], [677751.17168675, 2578661.135542095], [677746.1777108464, 2578656.1415661913], [677741.1837349428, 2578651.1475902875], [677741.1837349428, 2578646.1536143837], [677736.1897590392, 2578646.1536143837], [677731.1957831356, 2578641.15963848], [677726.201807232, 2578636.165662576], [677721.2078313284, 2578631.171686672], [677721.2078313284, 2578626.1777107683], [677716.2138554248, 2578626.1777107683], [677711.2198795212, 2578621.1837348645], [677711.2198795212, 2578616.1897589606], [677706.2259036176, 2578611.195783057], [677701.231927714, 2578606.201807153], [677701.231927714, 2578601.207831249], [677701.231927714, 2578596.2138553453], [677701.231927714, 2578591.2198794414], [677696.2379518104, 2578586.2259035376], [677696.2379518104, 2578581.2319276338], [677691.2439759067, 2578576.23795173], [677686.2500000031, 2578571.243975826], [677681.2560240995, 2578566.2499999222], [677676.2620481959, 2578561.2560240184], [677671.2680722923, 2578556.2620481146], [677666.2740963887, 2578551.2680722107], [677661.2801204851, 2578546.274096307], [677656.2861445815, 2578541.280120403], [677651.2921686779, 2578536.286144499], [677646.2981927743, 2578531.2921685954], [677641.3042168707, 2578526.2981926915], [677636.3102409671, 2578521.3042167877], [677631.3162650635, 2578516.310240884], [677626.3222891599, 2578511.31626498], [677621.3283132563, 2578506.322289076], [677616.3343373527, 2578501.3283131723], [677611.340361449, 2578501.3283131723], [677606.3463855454, 2578501.3283131723], [677601.3524096418, 2578496.3343372685], [677596.3584337382, 2578491.3403613647], [677591.3644578346, 2578486.346385461], [677586.370481931, 2578486.346385461], [677581.3765060274, 2578481.352409557], [677576.3825301238, 2578476.358433653], [677571.3885542202, 2578471.3644577493], [677566.3945783166, 2578466.3704818455], [677566.3945783166, 2578461.3765059416], [677561.400602413, 2578456.382530038], [677556.4066265094, 2578451.388554134], [677551.4126506058, 2578446.39457823], [677546.4186747022, 2578446.39457823], [677541.4246987986, 2578441.4006023263], [677536.430722895, 2578436.4066264224], [677531.4367469914, 2578431.4126505186], [677526.4427710877, 2578431.4126505186], [677521.4487951841, 2578426.4186746147], [677516.4548192805, 2578426.4186746147], [677511.4608433769, 2578426.4186746147], [677506.4668674733, 2578421.424698711], [677501.4728915697, 2578416.430722807], [677496.4789156661, 2578416.430722807], [677491.4849397625, 2578411.436746903], [677486.4909638589, 2578406.4427709994], [677481.4969879553, 2578406.4427709994], [677476.5030120517, 2578406.4427709994], [677471.5090361481, 2578401.4487950956], [677466.5150602445, 2578396.4548191917], [677461.5210843409, 2578391.460843288], [677461.5210843409, 2578386.466867384], [677456.5271084373, 2578381.47289148], [677456.5271084373, 2578376.4789155764], [677451.5331325337, 2578371.4849396725], [677446.53915663, 2578366.4909637687], [677441.5451807264, 2578361.496987865], [677436.5512048228, 2578361.496987865], [677431.5572289192, 2578361.496987865], [677426.5632530156, 2578356.503011961], [677426.5632530156, 2578351.509036057], [677426.5632530156, 2578346.5150601533], [677426.5632530156, 2578341.5210842495], [677421.569277112, 2578336.5271083456], [677416.5753012084, 2578331.533132442], [677411.5813253048, 2578326.539156538], [677406.5873494012, 2578321.545180634], [677401.5933734976, 2578316.5512047303], [677396.599397594, 2578316.5512047303], [677391.6054216904, 2578316.5512047303], [677386.6114457868, 2578311.5572288265], [677381.6174698832, 2578311.5572288265], [677376.6234939796, 2578311.5572288265], [677371.629518076, 2578311.5572288265], [677366.6355421724, 2578316.5512047303], [677361.6415662688, 2578316.5512047303], [677356.6475903651, 2578316.5512047303], [677351.6536144615, 2578316.5512047303], [677346.6596385579, 2578311.5572288265], [677346.6596385579, 2578306.5632529226], [677341.6656626543, 2578306.5632529226], [677341.6656626543, 2578301.569277019], [677341.6656626543, 2578296.575301115], [677341.6656626543, 2578291.581325211], [677336.6716867507, 2578286.5873493073], [677336.6716867507, 2578281.5933734034], [677336.6716867507, 2578276.5993974996], [677336.6716867507, 2578271.6054215957], [677331.6777108471, 2578266.611445692], [677331.6777108471, 2578261.617469788], [677326.6837349435, 2578256.623493884], [677326.6837349435, 2578251.6295179804], [677326.6837349435, 2578246.6355420765], [677326.6837349435, 2578241.6415661727], [677326.6837349435, 2578236.647590269], [677321.6897590399, 2578231.653614365], [677321.6897590399, 2578226.659638461], [677316.6957831363, 2578221.6656625574], [677311.7018072327, 2578221.6656625574], [677311.7018072327, 2578216.6716866535], [677311.7018072327, 2578211.6777107497], [677306.7078313291, 2578206.683734846], [677306.7078313291, 2578201.689758942], [677301.7138554255, 2578196.695783038], [677296.7198795219, 2578191.7018071343], [677296.7198795219, 2578186.7078312305], [677296.7198795219, 2578181.7138553266], [677296.7198795219, 2578176.719879423], [677291.7259036183, 2578171.725903519], [677291.7259036183, 2578166.731927615], [677291.7259036183, 2578161.7379517113], [677291.7259036183, 2578156.7439758074], [677286.7319277147, 2578151.7499999036], [677286.7319277147, 2578146.756024], [677281.737951811, 2578141.762048096], [677276.7439759074, 2578136.768072192], [677276.7439759074, 2578131.7740962883], [677276.7439759074, 2578126.7801203844], [677276.7439759074, 2578121.7861444806], [677281.737951811, 2578116.7921685767], [677276.7439759074, 2578111.798192673], [677276.7439759074, 2578106.804216769], [677276.7439759074, 2578101.810240865], [677276.7439759074, 2578096.8162649614], [677271.7500000038, 2578091.8222890575], [677271.7500000038, 2578086.8283131537], [677271.7500000038, 2578081.83433725], [677266.7560241002, 2578076.840361346], [677266.7560241002, 2578071.846385442], [677266.7560241002, 2578066.8524095383], [677261.7620481966, 2578061.8584336345], [677261.7620481966, 2578056.8644577307], [677261.7620481966, 2578051.870481827], [677261.7620481966, 2578046.876505923], [677261.7620481966, 2578041.882530019], [677261.7620481966, 2578036.8885541153], [677261.7620481966, 2578031.8945782115], [677256.768072293, 2578026.9006023076], [677256.768072293, 2578021.906626404], [677251.7740963894, 2578021.906626404], [677246.7801204858, 2578016.9126505], [677241.7861445822, 2578011.918674596], [677236.7921686786, 2578006.9246986923], [677236.7921686786, 2578001.9307227884], [677231.798192775, 2577996.9367468846], [677226.8042168714, 2577991.9427709808], [677221.8102409678, 2577986.948795077], [677216.8162650642, 2577981.954819173], [677216.8162650642, 2577976.9608432692], [677216.8162650642, 2577971.9668673654], [677211.8222891606, 2577966.9728914616], [677211.8222891606, 2577961.9789155577], [677206.828313257, 2577956.984939654], [677201.8343373534, 2577951.99096375], [677196.8403614498, 2577946.996987846], [677191.8463855461, 2577942.0030119424], [677191.8463855461, 2577937.0090360385], [677191.8463855461, 2577932.0150601347], [677191.8463855461, 2577927.021084231], [677191.8463855461, 2577922.027108327], [677186.8524096425, 2577917.033132423], [677181.8584337389, 2577912.0391565193], [677181.8584337389, 2577907.0451806155], [677176.8644578353, 2577902.0512047117], [677171.8704819317, 2577897.057228808], [677171.8704819317, 2577892.063252904], [677166.8765060281, 2577887.069277], [677161.8825301245, 2577882.0753010963], [677156.8885542209, 2577877.0813251925], [677151.8945783173, 2577872.0873492886], [677146.9006024137, 2577867.093373385], [677146.9006024137, 2577862.099397481], [677141.9066265101, 2577857.105421577], [677136.9126506065, 2577852.1114456733], [677131.9186747029, 2577847.1174697694], [677126.9246987993, 2577842.1234938656], [677121.9307228957, 2577837.1295179618], [677116.936746992, 2577837.1295179618], [677111.9427710884, 2577832.135542058], [677106.9487951848, 2577827.141566154], [677101.9548192812, 2577822.1475902502], [677096.9608433776, 2577817.1536143464], [677096.9608433776, 2577812.1596384426], [677096.9608433776, 2577807.1656625387], [677091.966867474, 2577802.171686635], [677086.9728915704, 2577802.171686635], [677081.9789156668, 2577797.177710731], [677076.9849397632, 2577797.177710731], [677071.9909638596, 2577792.183734827], [677071.9909638596, 2577787.1897589234], [677066.996987956, 2577787.1897589234], [677062.0030120524, 2577782.1957830195], [677062.0030120524, 2577777.2018071157], [677057.0090361488, 2577777.2018071157], [677057.0090361488, 2577772.207831212], [677057.0090361488, 2577767.213855308], [677052.0150602452, 2577762.219879404], [677047.0210843416, 2577757.2259035003], [677042.027108438, 2577752.2319275965], [677037.0331325344, 2577747.2379516927], [677032.0391566308, 2577742.243975789], [677027.0451807271, 2577737.249999885], [677022.0512048235, 2577737.249999885], [677017.0572289199, 2577737.249999885], [677012.0632530163, 2577742.243975789], [677007.0692771127, 2577747.2379516927], [677002.0753012091, 2577752.2319275965], [677002.0753012091, 2577757.2259035003], [676997.0813253055, 2577757.2259035003], [676992.0873494019, 2577752.2319275965], [676987.0933734983, 2577752.2319275965], [676982.0993975947, 2577747.2379516927], [676977.1054216911, 2577747.2379516927], [676972.1114457875, 2577742.243975789], [676972.1114457875, 2577737.249999885], [676967.1174698839, 2577732.256023981], [676962.1234939803, 2577727.2620480773], [676957.1295180767, 2577722.2680721735], [676952.135542173, 2577722.2680721735], [676947.1415662694, 2577717.2740962696], [676947.1415662694, 2577712.280120366], [676947.1415662694, 2577707.286144462], [676947.1415662694, 2577702.292168558], [676942.1475903658, 2577697.2981926543], [676937.1536144622, 2577692.3042167504], [676932.1596385586, 2577687.3102408466], [676927.165662655, 2577682.3162649428], [676922.1716867514, 2577682.3162649428], [676922.1716867514, 2577677.322289039], [676917.1777108478, 2577672.328313135], [676917.1777108478, 2577667.3343372312], [676922.1716867514, 2577662.3403613274], [676927.165662655, 2577657.3463854236], [676932.1596385586, 2577652.3524095197], [676937.1536144622, 2577647.358433616], [676942.1475903658, 2577642.364457712], [676947.1415662694, 2577637.370481808], [676947.1415662694, 2577632.3765059044], [676952.135542173, 2577632.3765059044], [676952.135542173, 2577627.3825300005], [676947.1415662694, 2577622.3885540967], [676942.1475903658, 2577617.394578193], [676937.1536144622, 2577612.400602289], [676937.1536144622, 2577607.406626385], [676937.1536144622, 2577602.4126504813], [676937.1536144622, 2577597.4186745775], [676942.1475903658, 2577592.4246986737], [676942.1475903658, 2577587.43072277], [676947.1415662694, 2577582.436746866], [676947.1415662694, 2577577.442770962], [676947.1415662694, 2577572.4487950583], [676947.1415662694, 2577567.4548191545], [676947.1415662694, 2577562.4608432506], [676947.1415662694, 2577557.466867347], [676947.1415662694, 2577552.472891443], [676952.135542173, 2577547.478915539], [676952.135542173, 2577542.4849396353], [676952.135542173, 2577537.4909637314], [676957.1295180767, 2577532.4969878276], [676957.1295180767, 2577527.5030119237], [676957.1295180767, 2577522.50903602], [676957.1295180767, 2577517.515060116], [676962.1234939803, 2577512.521084212], [676962.1234939803, 2577507.5271083084], [676962.1234939803, 2577502.5331324046], [676962.1234939803, 2577497.5391565007], [676962.1234939803, 2577492.545180597], [676962.1234939803, 2577487.551204693], [676962.1234939803, 2577482.557228789], [676967.1174698839, 2577477.5632528854], [676967.1174698839, 2577472.5692769815], [676962.1234939803, 2577467.5753010777], [676957.1295180767, 2577462.581325174], [676952.135542173, 2577462.581325174], [676952.135542173, 2577457.58734927], [676952.135542173, 2577452.593373366], [676952.135542173, 2577447.5993974623], [676957.1295180767, 2577447.5993974623], [676957.1295180767, 2577442.6054215585], [676957.1295180767, 2577437.6114456546], [676957.1295180767, 2577432.617469751], [676957.1295180767, 2577427.623493847], [676957.1295180767, 2577422.629517943], [676957.1295180767, 2577417.6355420393], [676957.1295180767, 2577412.6415661355], [676957.1295180767, 2577407.6475902316], [676957.1295180767, 2577402.653614328], [676957.1295180767, 2577397.659638424], [676962.1234939803, 2577392.66566252], [676962.1234939803, 2577387.6716866163], [676962.1234939803, 2577382.6777107124], [676962.1234939803, 2577377.6837348086], [676962.1234939803, 2577372.6897589047], [676967.1174698839, 2577367.695783001], [676972.1114457875, 2577362.701807097], [676977.1054216911, 2577362.701807097], [676982.0993975947, 2577362.701807097], [676987.0933734983, 2577357.707831193], [676992.0873494019, 2577352.7138552894], [676997.0813253055, 2577347.7198793855], [676997.0813253055, 2577342.7259034817], [676997.0813253055, 2577337.731927578], [676997.0813253055, 2577332.737951674], [677002.0753012091, 2577327.74397577], [677002.0753012091, 2577322.7499998664], [677002.0753012091, 2577317.7560239625], [677007.0692771127, 2577312.7620480587], [677007.0692771127, 2577307.768072155], [677012.0632530163, 2577302.774096251], [677017.0572289199, 2577302.774096251], [677022.0512048235, 2577302.774096251], [677027.0451807271, 2577297.780120347], [677032.0391566308, 2577292.7861444433], [677032.0391566308, 2577287.7921685395], [677027.0451807271, 2577282.7981926356], [677032.0391566308, 2577277.804216732], [677037.0331325344, 2577277.804216732], [677042.027108438, 2577277.804216732], [677047.0210843416, 2577272.810240828], [677052.0150602452, 2577267.816264924], [677057.0090361488, 2577262.8222890203], [677057.0090361488, 2577257.8283131164], [677057.0090361488, 2577252.8343372126], [677062.0030120524, 2577247.840361309], [677066.996987956, 2577242.846385405], [677071.9909638596, 2577237.852409501], [677076.9849397632, 2577237.852409501], [677081.9789156668, 2577237.852409501], [677086.9728915704, 2577232.8584335973], [677091.966867474, 2577232.8584335973], [677096.9608433776, 2577227.8644576934], [677101.9548192812, 2577222.8704817896], [677101.9548192812, 2577217.8765058857], [677101.9548192812, 2577212.882529982], [677106.9487951848, 2577207.888554078], [677106.9487951848, 2577202.894578174], [677101.9548192812, 2577197.9006022704], [677101.9548192812, 2577192.9066263665], [677101.9548192812, 2577187.9126504627], [677101.9548192812, 2577182.918674559], [677106.9487951848, 2577177.924698655], [677106.9487951848, 2577172.930722751], [677106.9487951848, 2577167.9367468474], [677101.9548192812, 2577162.9427709435], [677096.9608433776, 2577157.9487950397], [677096.9608433776, 2577152.954819136], [677096.9608433776, 2577147.960843232], [677096.9608433776, 2577142.966867328], [677091.966867474, 2577137.9728914243], [677091.966867474, 2577132.9789155205], [677091.966867474, 2577127.9849396166], [677091.966867474, 2577122.990963713], [677091.966867474, 2577117.996987809], [677091.966867474, 2577113.003011905], [677091.966867474, 2577108.0090360013], [677096.9608433776, 2577103.0150600974], [677101.9548192812, 2577098.0210841936], [677106.9487951848, 2577093.0271082898], [677106.9487951848, 2577088.033132386], [677106.9487951848, 2577083.039156482], [677111.9427710884, 2577078.0451805783], [677111.9427710884, 2577073.0512046744], [677106.9487951848, 2577068.0572287706], [677101.9548192812, 2577063.0632528667], [677099.4578313294, 2577063.0632528667]]}}, {"type": "Feature", "properties": {"name": "Rdn2", "length": null}, "geometry": {"type": "LineString", "coordinates": [[692665.6807228916, 2575023.024096385], [692668.1777108434, 2575020.5271084337], [692668.1777108434, 2575015.53313253], [692673.171686747, 2575010.5391566264], [692678.1656626506, 2575005.5451807226], [692678.1656626506, 2575000.551204819], [692683.1596385542, 2575000.551204819], [692688.1536144578, 2574995.5572289154], [692693.1475903614, 2574995.5572289154], [692698.141566265, 2574990.563253012], [692703.1355421686, 2574985.569277108], [692708.1295180722, 2574980.575301205], [692713.123493976, 2574975.581325301], [692718.1174698796, 2574970.5873493976], [692723.1114457832, 2574970.5873493976], [692728.1054216868, 2574970.5873493976], [692733.0993975904, 2574965.5933734938], [692738.093373494, 2574965.5933734938], [692743.0873493976, 2574965.5933734938], [692748.0813253012, 2574965.5933734938], [692753.0753012048, 2574965.5933734938], [692758.0692771084, 2574965.5933734938], [692763.063253012, 2574965.5933734938], [692768.0572289156, 2574965.5933734938], [692773.0512048192, 2574965.5933734938], [692778.0451807228, 2574960.5993975904], [692783.0391566264, 2574960.5993975904], [692788.0331325302, 2574960.5993975904], [692793.0271084338, 2574960.5993975904], [692798.0210843374, 2574955.6054216865], [692803.015060241, 2574955.6054216865], [692808.0090361446, 2574950.611445783], [692813.0030120482, 2574950.611445783], [692813.0030120482, 2574945.6174698793], [692817.9969879518, 2574940.623493976], [692822.9909638554, 2574940.623493976], [692827.984939759, 2574935.629518072], [692832.9789156626, 2574935.629518072], [692837.9728915662, 2574930.6355421683], [692842.9668674698, 2574925.641566265], [692847.9608433734, 2574920.647590361], [692852.9548192772, 2574915.6536144577], [692857.9487951808, 2574910.659638554], [692857.9487951808, 2574905.6656626505], [692857.9487951808, 2574900.6716867466], [692862.9427710844, 2574895.6777108433], [692862.9427710844, 2574890.6837349394], [692867.936746988, 2574885.689759036], [692867.936746988, 2574880.695783132], [692872.9307228916, 2574875.701807229], [692877.9246987952, 2574870.707831325], [692877.9246987952, 2574865.7138554216], [692877.9246987952, 2574860.719879518], [692882.9186746988, 2574855.7259036144], [692882.9186746988, 2574850.7319277106], [692887.9126506024, 2574845.737951807], [692887.9126506024, 2574840.7439759034], [692887.9126506024, 2574835.75], [692892.906626506, 2574830.756024096], [692897.9006024096, 2574825.762048193], [692902.8945783132, 2574825.762048193], [692907.8885542168, 2574825.762048193], [692912.8825301204, 2574825.762048193], [692917.876506024, 2574825.762048193], [692922.8704819278, 2574825.762048193], [692927.8644578314, 2574825.762048193], [692932.858433735, 2574820.768072289], [692937.8524096386, 2574820.768072289], [692942.8463855422, 2574815.7740963856], [692947.8403614458, 2574810.7801204817], [692952.8343373494, 2574810.7801204817], [692957.828313253, 2574805.7861445784], [692962.8222891566, 2574800.7921686745], [692967.8162650602, 2574795.7981927707], [692972.8102409638, 2574795.7981927707], [692977.8042168674, 2574790.8042168673], [692982.798192771, 2574785.8102409635], [692987.7921686748, 2574780.81626506], [692992.7861445784, 2574775.8222891563], [692997.780120482, 2574770.828313253], [693002.7740963856, 2574765.834337349], [693007.7680722892, 2574760.8403614457], [693012.7620481928, 2574760.8403614457], [693017.7560240964, 2574760.8403614457], [693022.75, 2574755.846385542], [693027.7439759036, 2574750.8524096385], [693032.7379518072, 2574745.8584337346], [693037.7319277108, 2574740.8644578313], [693042.7259036144, 2574735.8704819274], [693047.719879518, 2574730.876506024], [693047.719879518, 2574725.88253012], [693052.7138554216, 2574720.888554217], [693052.7138554216, 2574715.894578313], [693057.7078313252, 2574710.9006024096], [693062.701807229, 2574705.906626506], [693062.701807229, 2574700.9126506024], [693062.701807229, 2574695.9186746986], [693062.701807229, 2574690.924698795], [693067.6957831326, 2574685.9307228914], [693072.6897590362, 2574685.9307228914], [693077.6837349398, 2574685.9307228914], [693082.6777108434, 2574680.936746988], [693087.671686747, 2574680.936746988], [693092.6656626506, 2574680.936746988], [693097.6596385542, 2574680.936746988], [693102.6536144578, 2574680.936746988], [693107.6475903614, 2574680.936746988], [693112.641566265, 2574680.936746988], [693117.6355421686, 2574680.936746988], [693122.6295180722, 2574680.936746988], [693127.623493976, 2574680.936746988], [693132.6174698796, 2574675.942771084], [693137.6114457832, 2574670.948795181], [693137.6114457832, 2574665.954819277], [693142.6054216868, 2574665.954819277], [693147.5993975904, 2574665.954819277], [693152.593373494, 2574665.954819277], [693157.5873493976, 2574670.948795181], [693162.5813253012, 2574670.948795181], [693167.5753012048, 2574670.948795181], [693172.5692771084, 2574670.948795181], [693177.563253012, 2574675.942771084], [693182.5572289156, 2574675.942771084], [693187.5512048192, 2574680.936746988], [693192.5451807228, 2574680.936746988], [693197.5391566266, 2574680.936746988], [693202.5331325302, 2574680.936746988], [693207.5271084338, 2574680.936746988], [693212.5210843374, 2574685.9307228914], [693217.515060241, 2574690.924698795], [693222.5090361446, 2574690.924698795], [693227.5030120482, 2574690.924698795], [693232.4969879518, 2574690.924698795], [693237.4909638554, 2574695.9186746986], [693242.484939759, 2574695.9186746986], [693247.4789156626, 2574695.9186746986], [693247.4789156626, 2574700.9126506024], [693252.4728915662, 2574700.9126506024], [693257.4668674698, 2574705.906626506], [693262.4608433736, 2574705.906626506], [693267.4548192772, 2574710.9006024096], [693272.4487951808, 2574710.9006024096], [693277.4427710844, 2574715.894578313], [693282.436746988, 2574720.888554217], [693287.4307228916, 2574725.88253012], [693292.4246987952, 2574725.88253012], [693297.4186746988, 2574730.876506024], [693302.4126506024, 2574730.876506024], [693307.406626506, 2574735.8704819274], [693312.4006024096, 2574740.8644578313], [693317.3945783132, 2574740.8644578313], [693322.3885542168, 2574745.8584337346], [693327.3825301204, 2574745.8584337346], [693332.376506024, 2574750.8524096385], [693337.3704819278, 2574755.846385542], [693342.3644578314, 2574755.846385542], [693347.358433735, 2574760.8403614457], [693352.3524096386, 2574760.8403614457], [693357.3463855422, 2574760.8403614457], [693362.3403614458, 2574765.834337349], [693367.3343373494, 2574765.834337349], [693372.328313253, 2574765.834337349], [693377.3222891566, 2574765.834337349], [693382.3162650602, 2574765.834337349], [693387.3102409638, 2574765.834337349], [693392.3042168674, 2574765.834337349], [693397.298192771, 2574765.834337349], [693402.2921686748, 2574765.834337349], [693407.2861445784, 2574765.834337349], [693412.280120482, 2574765.834337349], [693417.2740963856, 2574765.834337349], [693422.2680722892, 2574765.834337349], [693427.2620481928, 2574765.834337349], [693432.2560240964, 2574765.834337349], [693437.25, 2574765.834337349], [693442.2439759036, 2574765.834337349], [693447.2379518072, 2574770.828313253], [693452.2319277108, 2574770.828313253], [693457.2259036144, 2574770.828313253], [693462.219879518, 2574770.828313253], [693467.2138554216, 2574775.8222891563], [693472.2078313252, 2574775.8222891563], [693477.201807229, 2574775.8222891563], [693482.1957831326, 2574775.8222891563], [693487.1897590362, 2574775.8222891563], [693492.1837349398, 2574775.8222891563], [693497.1777108434, 2574775.8222891563], [693502.171686747, 2574770.828313253], [693507.1656626506, 2574765.834337349], [693512.1596385542, 2574765.834337349], [693517.1536144578, 2574765.834337349], [693522.1475903614, 2574760.8403614457], [693527.141566265, 2574755.846385542], [693532.1355421686, 2574755.846385542], [693537.1295180722, 2574755.846385542], [693542.123493976, 2574755.846385542], [693547.1174698796, 2574760.8403614457], [693552.1114457832, 2574765.834337349], [693557.1054216868, 2574770.828313253], [693562.0993975904, 2574775.8222891563], [693562.0993975904, 2574780.81626506], [693567.093373494, 2574780.81626506], [693572.0873493976, 2574785.8102409635], [693577.0813253012, 2574790.8042168673], [693582.0753012048, 2574790.8042168673], [693587.0692771084, 2574795.7981927707], [693592.063253012, 2574800.7921686745], [693597.0572289156, 2574800.7921686745], [693602.0512048192, 2574805.7861445784], [693607.0451807228, 2574805.7861445784], [693612.0391566266, 2574805.7861445784], [693617.0331325302, 2574810.7801204817], [693622.0271084338, 2574810.7801204817], [693627.0210843374, 2574810.7801204817], [693632.015060241, 2574815.7740963856], [693637.0090361446, 2574820.768072289], [693642.0030120482, 2574820.768072289], [693646.9969879518, 2574820.768072289], [693651.9909638554, 2574825.762048193], [693656.984939759, 2574825.762048193], [693661.9789156626, 2574830.756024096], [693666.9728915662, 2574830.756024096], [693671.9668674698, 2574830.756024096], [693676.9608433736, 2574830.756024096], [693681.9548192772, 2574830.756024096], [693686.9487951808, 2574830.756024096], [693691.9427710844, 2574830.756024096], [693696.936746988, 2574830.756024096], [693701.9307228916, 2574830.756024096], [693706.9246987952, 2574835.75], [693711.9186746988, 2574835.75], [693716.9126506024, 2574840.7439759034], [693721.906626506, 2574835.75], [693726.9006024096, 2574830.756024096], [693731.8945783132, 2574835.75], [693736.8885542168, 2574835.75], [693741.8825301204, 2574835.75], [693746.876506024, 2574835.75], [693751.8704819278, 2574840.7439759034], [693756.8644578314, 2574840.7439759034], [693761.858433735, 2574845.737951807], [693766.8524096386, 2574845.737951807], [693771.8463855422, 2574850.7319277106], [693776.8403614458, 2574855.7259036144], [693781.8343373494, 2574855.7259036144], [693786.828313253, 2574855.7259036144], [693791.8222891566, 2574855.7259036144], [693796.8162650602, 2574855.7259036144], [693801.8102409638, 2574855.7259036144], [693806.8042168674, 2574855.7259036144], [693811.798192771, 2574855.7259036144], [693816.7921686748, 2574860.719879518], [693821.7861445784, 2574860.719879518], [693826.780120482, 2574865.7138554216], [693831.7740963856, 2574865.7138554216], [693836.7680722892, 2574865.7138554216], [693841.7620481928, 2574870.707831325], [693846.7560240964, 2574875.701807229], [693851.75, 2574880.695783132], [693856.7439759036, 2574880.695783132], [693861.7379518072, 2574885.689759036], [693866.7319277108, 2574890.6837349394], [693871.7259036144, 2574890.6837349394], [693876.719879518, 2574895.6777108433], [693881.7138554216, 2574900.6716867466], [693881.7138554216, 2574905.6656626505], [693886.7078313252, 2574910.659638554], [693891.701807229, 2574915.6536144577], [693896.6957831326, 2574920.647590361], [693901.6897590362, 2574925.641566265], [693901.6897590362, 2574930.6355421683], [693906.6837349398, 2574935.629518072], [693911.6777108434, 2574935.629518072], [693916.671686747, 2574940.623493976], [693921.6656626506, 2574940.623493976], [693921.6656626506, 2574945.6174698793], [693926.6596385542, 2574945.6174698793], [693931.6536144578, 2574950.611445783], [693936.6475903614, 2574955.6054216865], [693941.641566265, 2574960.5993975904], [693941.641566265, 2574965.5933734938], [693941.641566265, 2574970.5873493976], [693946.6355421686, 2574975.581325301], [693946.6355421686, 2574980.575301205], [693946.6355421686, 2574985.569277108], [693951.6295180722, 2574990.563253012], [693956.623493976, 2574995.5572289154], [693961.6174698796, 2575000.551204819], [693961.6174698796, 2575005.5451807226], [693966.6114457832, 2575005.5451807226], [693971.6054216868, 2575005.5451807226], [693976.5993975904, 2575010.5391566264], [693981.593373494, 2575010.5391566264], [693986.5873493976, 2575010.5391566264], [693991.5813253012, 2575010.5391566264], [693996.5753012048, 2575015.53313253], [694001.5692771084, 2575015.53313253], [694006.563253012, 2575015.53313253], [694011.5572289156, 2575015.53313253], [694016.5512048192, 2575015.53313253], [694021.5451807228, 2575015.53313253], [694026.5391566266, 2575015.53313253], [694031.5331325302, 2575015.53313253], [694036.5271084338, 2575015.53313253], [694041.5210843374, 2575015.53313253], [694046.515060241, 2575015.53313253], [694051.5090361446, 2575015.53313253], [694056.5030120482, 2575015.53313253], [694061.4969879518, 2575015.53313253], [694066.4909638554, 2575015.53313253], [694071.484939759, 2575015.53313253], [694076.4789156626, 2575015.53313253], [694081.4728915662, 2575015.53313253], [694086.4668674698, 2575010.5391566264], [694091.4608433736, 2575005.5451807226], [694096.4548192772, 2575005.5451807226], [694101.4487951808, 2575005.5451807226], [694106.4427710844, 2575005.5451807226], [694111.436746988, 2575005.5451807226], [694116.4307228916, 2575005.5451807226], [694121.4246987952, 2575005.5451807226], [694126.4186746988, 2575005.5451807226], [694131.4126506024, 2575000.551204819], [694131.4126506024, 2574995.5572289154], [694136.406626506, 2574990.563253012], [694136.406626506, 2574985.569277108], [694141.4006024096, 2574980.575301205], [694146.3945783132, 2574975.581325301], [694151.3885542168, 2574975.581325301], [694156.3825301204, 2574975.581325301], [694161.376506024, 2574970.5873493976], [694166.3704819278, 2574965.5933734938], [694171.3644578314, 2574965.5933734938], [694176.358433735, 2574960.5993975904], [694181.3524096386, 2574960.5993975904], [694186.3463855422, 2574955.6054216865], [694191.3403614458, 2574955.6054216865], [694196.3343373494, 2574955.6054216865], [694201.328313253, 2574955.6054216865], [694206.3222891566, 2574950.611445783], [694211.3162650602, 2574950.611445783], [694216.3102409638, 2574945.6174698793], [694221.3042168674, 2574945.6174698793], [694226.298192771, 2574950.611445783], [694231.2921686748, 2574950.611445783], [694236.2861445784, 2574950.611445783], [694241.280120482, 2574950.611445783], [694246.2740963856, 2574955.6054216865], [694251.2680722892, 2574960.5993975904], [694256.2620481928, 2574960.5993975904], [694261.2560240964, 2574960.5993975904], [694266.25, 2574955.6054216865], [694271.2439759036, 2574955.6054216865], [694276.2379518072, 2574955.6054216865], [694281.2319277108, 2574955.6054216865], [694286.2259036144, 2574955.6054216865], [694291.219879518, 2574955.6054216865], [694296.2138554216, 2574955.6054216865], [694301.2078313252, 2574950.611445783], [694306.201807229, 2574950.611445783], [694311.1957831326, 2574950.611445783], [694316.1897590362, 2574945.6174698793], [694321.1837349398, 2574940.623493976], [694326.1777108434, 2574940.623493976], [694331.171686747, 2574935.629518072], [694336.1656626506, 2574935.629518072], [694341.1596385542, 2574930.6355421683], [694346.1536144578, 2574930.6355421683], [694351.1475903614, 2574930.6355421683], [694356.141566265, 2574925.641566265], [694361.1355421686, 2574925.641566265], [694366.1295180722, 2574925.641566265], [694371.123493976, 2574925.641566265], [694376.1174698796, 2574920.647590361], [694381.1114457832, 2574920.647590361], [694386.1054216868, 2574915.6536144577], [694391.0993975904, 2574915.6536144577], [694396.093373494, 2574910.659638554], [694401.0873493976, 2574910.659638554], [694406.0813253012, 2574905.6656626505], [694411.0753012048, 2574900.6716867466], [694416.0692771084, 2574900.6716867466], [694421.063253012, 2574895.6777108433], [694426.0572289156, 2574890.6837349394], [694426.0572289156, 2574885.689759036], [694431.0512048192, 2574885.689759036], [694436.0451807228, 2574880.695783132], [694441.0391566266, 2574880.695783132], [694446.0331325302, 2574880.695783132], [694451.0271084338, 2574880.695783132], [694456.0210843374, 2574880.695783132], [694461.015060241, 2574880.695783132], [694466.0090361446, 2574880.695783132], [694471.0030120482, 2574885.689759036], [694475.9969879518, 2574885.689759036], [694480.9909638554, 2574885.689759036], [694485.984939759, 2574885.689759036], [694490.9789156626, 2574885.689759036], [694495.9728915662, 2574885.689759036], [694500.9668674698, 2574885.689759036], [694505.9608433736, 2574885.689759036], [694510.9548192772, 2574890.6837349394], [694515.9487951808, 2574890.6837349394], [694520.9427710844, 2574890.6837349394], [694525.936746988, 2574890.6837349394], [694530.9307228916, 2574890.6837349394], [694535.9246987952, 2574890.6837349394], [694540.9186746988, 2574890.6837349394], [694545.9126506024, 2574895.6777108433], [694550.906626506, 2574895.6777108433], [694555.9006024096, 2574895.6777108433], [694560.8945783132, 2574895.6777108433], [694565.8885542168, 2574890.6837349394], [694570.8825301204, 2574895.6777108433], [694575.876506024, 2574895.6777108433], [694580.8704819278, 2574895.6777108433], [694585.8644578314, 2574900.6716867466], [694590.858433735, 2574900.6716867466], [694595.8524096386, 2574905.6656626505], [694600.8463855422, 2574905.6656626505], [694605.8403614458, 2574910.659638554], [694610.8343373494, 2574910.659638554], [694615.828313253, 2574910.659638554], [694620.8222891566, 2574910.659638554], [694625.8162650602, 2574910.659638554], [694630.8102409638, 2574910.659638554], [694635.8042168674, 2574910.659638554], [694640.798192771, 2574915.6536144577], [694645.7921686748, 2574920.647590361], [694650.7861445784, 2574925.641566265], [694655.780120482, 2574925.641566265], [694660.7740963856, 2574930.6355421683], [694665.7680722892, 2574935.629518072], [694670.7620481928, 2574940.623493976], [694675.7560240964, 2574940.623493976], [694680.75, 2574940.623493976], [694685.7439759036, 2574940.623493976]]}}, {"type": "Feature", "properties": {"name": "Rdn3", "length": 659.828525322826}, "geometry": {"type": "LineString", "coordinates": [[694685.7439759036, 2574940.623493976], [694685.7439759036, 2574935.629518072], [694685.7439759036, 2574930.6355421683], [694680.75, 2574925.641566265], [694680.75, 2574920.647590361], [694680.75, 2574915.6536144577], [694680.75, 2574910.659638554], [694680.75, 2574905.6656626505], [694680.75, 2574900.6716867466], [694680.75, 2574895.6777108433], [694675.7560240964, 2574895.6777108433], [694670.7620481928, 2574895.6777108433], [694665.7680722892, 2574890.6837349394], [694660.7740963856, 2574885.689759036], [694660.7740963856, 2574880.695783132], [694660.7740963856, 2574875.701807229], [694660.7740963856, 2574870.707831325], [694655.780120482, 2574865.7138554216], [694650.7861445784, 2574865.7138554216], [694645.7921686748, 2574860.719879518], [694645.7921686748, 2574855.7259036144], [694645.7921686748, 2574850.7319277106], [694640.798192771, 2574850.7319277106], [694635.8042168674, 2574845.737951807], [694630.8102409638, 2574840.7439759034], [694625.8162650602, 2574835.75], [694625.8162650602, 2574830.756024096], [694620.8222891566, 2574825.762048193], [694615.828313253, 2574820.768072289], [694615.828313253, 2574815.7740963856], [694610.8343373494, 2574810.7801204817], [694605.8403614458, 2574805.7861445784], [694600.8463855422, 2574800.7921686745], [694595.8524096386, 2574800.7921686745], [694590.858433735, 2574795.7981927707], [694585.8644578314, 2574795.7981927707], [694580.8704819278, 2574795.7981927707], [694575.876506024, 2574790.8042168673], [694575.876506024, 2574785.8102409635], [694575.876506024, 2574780.81626506], [694570.8825301204, 2574775.8222891563], [694565.8885542168, 2574770.828313253], [694560.8945783132, 2574765.834337349], [694555.9006024096, 2574760.8403614457], [694550.906626506, 2574755.846385542], [694550.906626506, 2574750.8524096385], [694545.9126506024, 2574745.8584337346], [694540.9186746988, 2574745.8584337346], [694535.9246987952, 2574740.8644578313], [694535.9246987952, 2574735.8704819274], [694530.9307228916, 2574730.876506024], [694525.936746988, 2574725.88253012], [694520.9427710844, 2574725.88253012], [694515.9487951808, 2574720.888554217], [694510.9548192772, 2574715.894578313], [694505.9608433736, 2574710.9006024096], [694505.9608433736, 2574705.906626506], [694500.9668674698, 2574700.9126506024], [694495.9728915662, 2574695.9186746986], [694495.9728915662, 2574690.924698795], [694500.9668674698, 2574685.9307228914], [694505.9608433736, 2574680.936746988], [694510.9548192772, 2574675.942771084], [694515.9487951808, 2574670.948795181], [694515.9487951808, 2574665.954819277], [694515.9487951808, 2574660.960843373], [694520.9427710844, 2574655.9668674697], [694520.9427710844, 2574650.972891566], [694520.9427710844, 2574645.9789156625], [694525.936746988, 2574640.9849397587], [694525.936746988, 2574635.9909638553], [694525.936746988, 2574630.9969879515], [694525.936746988, 2574626.003012048], [694525.936746988, 2574621.0090361442], [694525.936746988, 2574616.015060241], [694520.9427710844, 2574611.021084337], [694520.9427710844, 2574606.0271084337], [694515.9487951808, 2574601.03313253], [694515.9487951808, 2574596.0391566264], [694515.9487951808, 2574591.0451807226], [694515.9487951808, 2574586.051204819], [694510.9548192772, 2574581.0572289154], [694510.9548192772, 2574576.063253012], [694510.9548192772, 2574571.069277108], [694510.9548192772, 2574566.075301205], [694510.9548192772, 2574561.081325301], [694510.9548192772, 2574556.0873493976], [694505.9608433736, 2574551.0933734938], [694505.9608433736, 2574546.0993975904], [694500.9668674698, 2574541.1054216865], [694500.9668674698, 2574536.111445783], [694500.9668674698, 2574531.1174698793], [694495.9728915662, 2574526.123493976], [694495.9728915662, 2574521.129518072], [694490.9789156626, 2574516.1355421683], [694490.9789156626, 2574511.141566265], [694485.984939759, 2574506.147590361], [694485.984939759, 2574501.1536144577], [694480.9909638554, 2574496.159638554], [694480.9909638554, 2574491.1656626505], [694475.9969879518, 2574486.1716867466], [694471.0030120482, 2574481.1777108433], [694466.0090361446, 2574476.1837349394], [694461.015060241, 2574476.1837349394], [694456.0210843374, 2574471.189759036], [694451.0271084338, 2574471.189759036], [694451.0271084338, 2574466.195783132], [694451.0271084338, 2574461.201807229], [694446.0331325302, 2574456.207831325], [694441.0391566266, 2574451.2138554216], [694436.0451807228, 2574446.219879518], [694431.0512048192, 2574446.219879518]]}}, {"type": "Feature", "properties": {"name": "Rdn1", "length": null}, "geometry": {"type": "LineString", "coordinates": [[691746.7891566264, 2572972.9969879515], [691749.2861445784, 2572972.9969879515], [691754.280120482, 2572972.9969879515], [691759.2740963856, 2572977.9909638553], [691764.2680722892, 2572982.9849397587], [691769.2620481928, 2572982.9849397587], [691774.2560240964, 2572982.9849397587], [691779.25, 2572987.9789156625], [691784.2439759036, 2572987.9789156625], [691789.2379518072, 2572992.972891566], [691794.2319277108, 2572997.9668674697], [691799.2259036144, 2573002.960843373], [691804.219879518, 2573002.960843373], [691809.2138554216, 2573002.960843373], [691814.2078313252, 2573002.960843373], [691819.201807229, 2573002.960843373], [691824.1957831326, 2572997.9668674697], [691829.1897590362, 2572992.972891566], [691834.1837349398, 2572992.972891566], [691839.1777108434, 2572992.972891566], [691844.171686747, 2572987.9789156625], [691849.1656626506, 2572987.9789156625], [691854.1596385542, 2572987.9789156625], [691859.1536144578, 2572987.9789156625], [691864.1475903614, 2572987.9789156625], [691869.141566265, 2572987.9789156625], [691874.1355421686, 2572987.9789156625], [691879.1295180722, 2572987.9789156625], [691884.123493976, 2572982.9849397587], [691889.1174698796, 2572982.9849397587], [691894.1114457832, 2572982.9849397587], [691899.1054216868, 2572982.9849397587], [691904.0993975904, 2572982.9849397587], [691909.093373494, 2572982.9849397587], [691914.0873493976, 2572982.9849397587], [691919.0813253012, 2572987.9789156625], [691924.0753012048, 2572987.9789156625], [691929.0692771084, 2572992.972891566], [691934.063253012, 2572997.9668674697], [691939.0572289156, 2573002.960843373], [691944.0512048192, 2573002.960843373], [691949.0451807228, 2573002.960843373], [691954.0391566264, 2573007.954819277], [691959.0331325302, 2573012.948795181], [691964.0271084338, 2573012.948795181], [691969.0210843374, 2573017.942771084], [691974.015060241, 2573017.942771084], [691979.0090361446, 2573022.936746988], [691984.0030120482, 2573027.9307228914], [691988.9969879518, 2573032.924698795], [691993.9909638554, 2573037.9186746986], [691998.984939759, 2573037.9186746986], [692003.9789156626, 2573037.9186746986], [692008.9728915662, 2573042.9126506024], [692013.9668674698, 2573042.9126506024], [692018.9608433734, 2573047.906626506], [692023.9548192772, 2573047.906626506], [692028.9487951808, 2573052.9006024096], [692033.9427710844, 2573052.9006024096], [692038.936746988, 2573057.894578313], [692043.9307228916, 2573057.894578313], [692048.9246987952, 2573062.888554217], [692053.9186746988, 2573062.888554217], [692058.9126506024, 2573067.88253012], [692063.906626506, 2573067.88253012], [692068.9006024096, 2573072.876506024], [692073.8945783132, 2573072.876506024], [692078.8885542168, 2573077.8704819274], [692083.8825301204, 2573082.8644578313], [692088.876506024, 2573087.8584337346], [692093.8704819278, 2573087.8584337346], [692098.8644578314, 2573092.8524096385], [692103.858433735, 2573097.846385542], [692108.8524096386, 2573102.8403614457], [692113.8463855422, 2573102.8403614457], [692118.8403614458, 2573107.834337349], [692123.8343373494, 2573112.828313253], [692128.828313253, 2573112.828313253], [692133.8222891566, 2573117.8222891563], [692138.8162650602, 2573117.8222891563], [692143.8102409638, 2573122.81626506], [692148.8042168674, 2573122.81626506], [692153.798192771, 2573127.8102409635], [692158.7921686748, 2573127.8102409635], [692163.7861445784, 2573132.8042168673], [692168.780120482, 2573132.8042168673], [692173.7740963856, 2573137.7981927707], [692178.7680722892, 2573137.7981927707], [692183.7620481928, 2573142.7921686745], [692188.7560240964, 2573142.7921686745], [692193.75, 2573147.7861445784], [692198.7439759036, 2573147.7861445784], [692203.7379518072, 2573152.7801204817], [692208.7319277108, 2573152.7801204817], [692213.7259036144, 2573157.7740963856], [692213.7259036144, 2573162.768072289], [692218.719879518, 2573167.762048193], [692223.7138554216, 2573172.756024096], [692228.7078313252, 2573177.75], [692233.701807229, 2573177.75], [692238.6957831326, 2573182.7439759034], [692243.6897590362, 2573187.737951807], [692248.6837349398, 2573192.7319277106], [692253.6777108434, 2573197.7259036144], [692258.671686747, 2573202.719879518], [692263.6656626506, 2573207.7138554216], [692268.6596385542, 2573212.707831325], [692273.6536144578, 2573217.701807229], [692278.6475903614, 2573222.695783132], [692283.641566265, 2573227.689759036], [692288.6355421686, 2573232.6837349394], [692293.6295180722, 2573237.6777108433], [692293.6295180722, 2573242.6716867466], [692293.6295180722, 2573247.6656626505], [692298.623493976, 2573252.659638554], [692303.6174698796, 2573252.659638554], [692308.6114457832, 2573257.6536144577], [692313.6054216868, 2573262.647590361], [692318.5993975904, 2573267.641566265], [692323.593373494, 2573272.6355421683], [692328.5873493976, 2573277.629518072], [692333.5813253012, 2573277.629518072], [692338.5753012048, 2573282.623493976], [692343.5692771084, 2573287.6174698793], [692348.563253012, 2573292.611445783], [692353.5572289156, 2573297.6054216865], [692358.5512048192, 2573302.5993975904], [692363.5451807228, 2573307.5933734938], [692368.5391566264, 2573312.5873493976], [692373.5331325302, 2573312.5873493976], [692378.5271084338, 2573317.581325301], [692383.5210843374, 2573322.575301205], [692388.515060241, 2573327.569277108], [692393.5090361446, 2573332.563253012], [692398.5030120482, 2573337.5572289154], [692403.4969879518, 2573332.563253012], [692408.4909638554, 2573327.569277108], [692413.484939759, 2573327.569277108], [692418.4789156626, 2573327.569277108], [692423.4728915662, 2573327.569277108], [692428.4668674698, 2573332.563253012], [692433.4608433734, 2573332.563253012], [692438.4548192772, 2573332.563253012], [692443.4487951808, 2573337.5572289154], [692448.4427710844, 2573342.551204819], [692453.436746988, 2573347.5451807226], [692458.4307228916, 2573352.5391566264], [692463.4246987952, 2573357.53313253], [692468.4186746988, 2573362.5271084337], [692473.4126506024, 2573367.521084337], [692478.406626506, 2573372.515060241], [692483.4006024096, 2573377.5090361442], [692488.3945783132, 2573372.515060241], [692493.3885542168, 2573367.521084337], [692498.3825301204, 2573367.521084337], [692503.376506024, 2573372.515060241], [692508.3704819278, 2573377.5090361442], [692513.3644578314, 2573382.503012048], [692518.358433735, 2573387.4969879515], [692523.3524096386, 2573392.4909638553], [692528.3463855422, 2573397.4849397587], [692533.3403614458, 2573397.4849397587], [692538.3343373494, 2573397.4849397587], [692543.328313253, 2573402.4789156625], [692543.328313253, 2573407.472891566], [692543.328313253, 2573412.4668674697], [692543.328313253, 2573417.460843373], [692548.3222891566, 2573422.454819277], [692553.3162650602, 2573427.448795181], [692558.3102409638, 2573432.442771084], [692563.3042168674, 2573437.436746988], [692568.298192771, 2573442.4307228914], [692573.2921686748, 2573447.424698795], [692578.2861445784, 2573447.424698795], [692578.2861445784, 2573452.4186746986], [692583.280120482, 2573457.4126506024], [692583.280120482, 2573462.406626506], [692583.280120482, 2573467.4006024096], [692583.280120482, 2573472.394578313], [692588.2740963856, 2573477.388554217], [692593.2680722892, 2573482.38253012], [692593.2680722892, 2573487.376506024], [692593.2680722892, 2573492.3704819274], [692598.2620481928, 2573497.3644578313], [692603.2560240964, 2573502.3584337346], [692603.2560240964, 2573507.3524096385], [692608.25, 2573507.3524096385], [692613.2439759036, 2573512.346385542], [692618.2379518072, 2573512.346385542], [692623.2319277108, 2573517.3403614457], [692628.2259036144, 2573522.334337349], [692633.219879518, 2573527.328313253], [692633.219879518, 2573532.3222891563], [692633.219879518, 2573537.31626506], [692633.219879518, 2573542.3102409635], [692638.2138554216, 2573542.3102409635], [692643.2078313252, 2573547.3042168673], [692643.2078313252, 2573552.2981927707], [692643.2078313252, 2573557.2921686745], [692643.2078313252, 2573562.2861445784], [692643.2078313252, 2573567.2801204817], [692643.2078313252, 2573572.2740963856], [692648.201807229, 2573577.268072289], [692653.1957831326, 2573577.268072289], [692658.1897590362, 2573582.262048193], [692658.1897590362, 2573587.256024096], [692658.1897590362, 2573592.25], [692658.1897590362, 2573597.2439759034], [692663.1837349398, 2573602.237951807], [692668.1777108434, 2573607.2319277106], [692668.1777108434, 2573612.2259036144], [692673.171686747, 2573612.2259036144], [692678.1656626506, 2573617.219879518], [692683.1596385542, 2573622.2138554216], [692688.1536144578, 2573627.207831325], [692693.1475903614, 2573632.201807229], [692698.141566265, 2573637.195783132], [692698.141566265, 2573642.189759036], [692698.141566265, 2573647.1837349394], [692703.1355421686, 2573647.1837349394], [692708.1295180722, 2573652.1777108433], [692713.123493976, 2573652.1777108433], [692713.123493976, 2573657.1716867466], [692718.1174698796, 2573662.1656626505], [692718.1174698796, 2573667.159638554], [692723.1114457832, 2573672.1536144577], [692723.1114457832, 2573677.147590361], [692728.1054216868, 2573682.141566265], [692728.1054216868, 2573687.1355421683], [692728.1054216868, 2573692.129518072], [692733.0993975904, 2573697.123493976], [692733.0993975904, 2573702.1174698793], [692728.1054216868, 2573707.111445783], [692728.1054216868, 2573712.1054216865], [692728.1054216868, 2573717.0993975904], [692728.1054216868, 2573722.0933734938], [692728.1054216868, 2573727.0873493976], [692723.1114457832, 2573732.081325301], [692723.1114457832, 2573737.075301205], [692728.1054216868, 2573742.069277108], [692728.1054216868, 2573747.063253012], [692728.1054216868, 2573752.0572289154], [692723.1114457832, 2573757.051204819], [692718.1174698796, 2573762.0451807226], [692718.1174698796, 2573767.0391566264], [692718.1174698796, 2573772.03313253], [692718.1174698796, 2573777.0271084337], [692718.1174698796, 2573782.021084337], [692718.1174698796, 2573787.015060241], [692723.1114457832, 2573792.0090361442], [692723.1114457832, 2573797.003012048], [692723.1114457832, 2573801.9969879515], [692723.1114457832, 2573806.9909638553], [692723.1114457832, 2573811.9849397587], [692728.1054216868, 2573816.9789156625], [692733.0993975904, 2573821.972891566], [692733.0993975904, 2573826.9668674697], [692738.093373494, 2573831.960843373], [692743.0873493976, 2573836.954819277], [692748.0813253012, 2573836.954819277], [692753.0753012048, 2573841.948795181], [692758.0692771084, 2573846.942771084], [692763.063253012, 2573851.936746988], [692768.0572289156, 2573851.936746988], [692768.0572289156, 2573856.9307228914], [692773.0512048192, 2573861.924698795], [692778.0451807228, 2573866.9186746986], [692783.0391566264, 2573866.9186746986], [692783.0391566264, 2573871.9126506024], [692788.0331325302, 2573876.906626506], [692793.0271084338, 2573876.906626506], [692798.0210843374, 2573881.9006024096], [692803.015060241, 2573886.894578313], [692808.0090361446, 2573891.888554217], [692813.0030120482, 2573896.88253012], [692817.9969879518, 2573896.88253012], [692822.9909638554, 2573901.876506024], [692827.984939759, 2573906.8704819274], [692832.9789156626, 2573911.8644578313], [692837.9728915662, 2573916.8584337346], [692842.9668674698, 2573916.8584337346], [692847.9608433734, 2573916.8584337346], [692852.9548192772, 2573921.8524096385], [692857.9487951808, 2573926.846385542], [692862.9427710844, 2573926.846385542], [692867.936746988, 2573926.846385542], [692872.9307228916, 2573921.8524096385], [692877.9246987952, 2573921.8524096385], [692882.9186746988, 2573921.8524096385], [692887.9126506024, 2573921.8524096385], [692892.906626506, 2573921.8524096385], [692897.9006024096, 2573921.8524096385], [692902.8945783132, 2573921.8524096385], [692907.8885542168, 2573921.8524096385], [692912.8825301204, 2573921.8524096385], [692917.876506024, 2573921.8524096385], [692922.8704819278, 2573926.846385542], [692927.8644578314, 2573926.846385542], [692932.858433735, 2573926.846385542], [692937.8524096386, 2573926.846385542], [692942.8463855422, 2573926.846385542], [692947.8403614458, 2573931.8403614457], [692952.8343373494, 2573931.8403614457], [692957.828313253, 2573931.8403614457], [692962.8222891566, 2573931.8403614457], [692967.8162650602, 2573931.8403614457], [692972.8102409638, 2573931.8403614457], [692977.8042168674, 2573936.834337349], [692982.798192771, 2573936.834337349], [692987.7921686748, 2573936.834337349], [692992.7861445784, 2573931.8403614457], [692997.780120482, 2573931.8403614457], [693002.7740963856, 2573931.8403614457], [693007.7680722892, 2573931.8403614457], [693012.7620481928, 2573931.8403614457], [693017.7560240964, 2573931.8403614457], [693022.75, 2573931.8403614457], [693027.7439759036, 2573926.846385542], [693032.7379518072, 2573921.8524096385], [693037.7319277108, 2573916.8584337346], [693037.7319277108, 2573911.8644578313], [693037.7319277108, 2573906.8704819274], [693042.7259036144, 2573901.876506024], [693047.719879518, 2573901.876506024], [693052.7138554216, 2573901.876506024], [693057.7078313252, 2573901.876506024], [693062.701807229, 2573901.876506024], [693067.6957831326, 2573901.876506024], [693072.6897590362, 2573901.876506024], [693077.6837349398, 2573906.8704819274], [693082.6777108434, 2573911.8644578313], [693087.671686747, 2573916.8584337346], [693092.6656626506, 2573921.8524096385], [693097.6596385542, 2573926.846385542], [693097.6596385542, 2573931.8403614457], [693097.6596385542, 2573936.834337349], [693097.6596385542, 2573941.828313253], [693102.6536144578, 2573946.8222891563], [693107.6475903614, 2573951.81626506], [693112.641566265, 2573956.8102409635], [693117.6355421686, 2573961.8042168673], [693117.6355421686, 2573966.7981927707], [693122.6295180722, 2573971.7921686745], [693127.623493976, 2573976.7861445784], [693132.6174698796, 2573981.7801204817], [693132.6174698796, 2573986.7740963856], [693137.6114457832, 2573991.768072289], [693142.6054216868, 2573996.762048193], [693147.5993975904, 2573996.762048193], [693152.593373494, 2573996.762048193], [693157.5873493976, 2573996.762048193], [693162.5813253012, 2573996.762048193], [693167.5753012048, 2574001.756024096], [693172.5692771084, 2574001.756024096], [693177.563253012, 2574006.75], [693182.5572289156, 2574006.75], [693187.5512048192, 2574011.7439759034], [693192.5451807228, 2574016.737951807], [693197.5391566266, 2574021.7319277106], [693202.5331325302, 2574026.7259036144], [693207.5271084338, 2574031.719879518], [693207.5271084338, 2574036.7138554216], [693212.5210843374, 2574041.707831325], [693212.5210843374, 2574046.701807229], [693212.5210843374, 2574051.695783132], [693217.515060241, 2574051.695783132], [693222.5090361446, 2574056.689759036], [693227.5030120482, 2574061.6837349394], [693232.4969879518, 2574066.6777108433], [693232.4969879518, 2574071.6716867466], [693237.4909638554, 2574076.6656626505], [693242.484939759, 2574076.6656626505], [693247.4789156626, 2574081.659638554], [693252.4728915662, 2574086.6536144577], [693257.4668674698, 2574086.6536144577], [693262.4608433736, 2574091.647590361], [693262.4608433736, 2574096.641566265], [693262.4608433736, 2574101.6355421683], [693267.4548192772, 2574106.629518072], [693272.4487951808, 2574111.623493976], [693272.4487951808, 2574116.6174698793], [693272.4487951808, 2574121.611445783], [693277.4427710844, 2574126.6054216865], [693282.436746988, 2574131.5993975904], [693287.4307228916, 2574136.5933734938], [693292.4246987952, 2574141.5873493976], [693297.4186746988, 2574146.581325301], [693302.4126506024, 2574146.581325301], [693307.406626506, 2574151.575301205], [693312.4006024096, 2574151.575301205], [693317.3945783132, 2574151.575301205], [693322.3885542168, 2574156.569277108], [693322.3885542168, 2574161.563253012], [693327.3825301204, 2574166.5572289154], [693327.3825301204, 2574171.551204819], [693327.3825301204, 2574176.5451807226], [693332.376506024, 2574176.5451807226], [693337.3704819278, 2574181.5391566264], [693342.3644578314, 2574186.53313253], [693347.358433735, 2574186.53313253], [693352.3524096386, 2574191.5271084337], [693357.3463855422, 2574196.521084337], [693362.3403614458, 2574201.515060241], [693367.3343373494, 2574206.5090361442], [693367.3343373494, 2574211.503012048], [693362.3403614458, 2574216.4969879515], [693362.3403614458, 2574221.4909638553], [693362.3403614458, 2574226.4849397587], [693362.3403614458, 2574231.4789156625], [693362.3403614458, 2574236.472891566], [693357.3463855422, 2574241.4668674697], [693357.3463855422, 2574246.460843373], [693357.3463855422, 2574251.454819277], [693362.3403614458, 2574256.448795181], [693367.3343373494, 2574261.442771084], [693372.328313253, 2574266.436746988], [693377.3222891566, 2574266.436746988], [693382.3162650602, 2574271.4307228914], [693387.3102409638, 2574276.424698795], [693392.3042168674, 2574281.4186746986], [693397.298192771, 2574286.4126506024], [693402.2921686748, 2574291.406626506], [693407.2861445784, 2574291.406626506], [693412.280120482, 2574296.4006024096], [693417.2740963856, 2574296.4006024096], [693422.2680722892, 2574301.394578313], [693427.2620481928, 2574306.388554217], [693432.2560240964, 2574311.38253012], [693437.25, 2574316.376506024], [693442.2439759036, 2574316.376506024], [693447.2379518072, 2574321.3704819274], [693452.2319277108, 2574326.3644578313], [693457.2259036144, 2574326.3644578313], [693462.219879518, 2574326.3644578313], [693467.2138554216, 2574331.3584337346], [693472.2078313252, 2574336.3524096385], [693477.201807229, 2574341.346385542], [693482.1957831326, 2574346.3403614457], [693487.1897590362, 2574351.334337349], [693492.1837349398, 2574351.334337349], [693497.1777108434, 2574351.334337349], [693502.171686747, 2574351.334337349], [693507.1656626506, 2574351.334337349], [693512.1596385542, 2574351.334337349], [693517.1536144578, 2574346.3403614457], [693522.1475903614, 2574346.3403614457], [693527.141566265, 2574346.3403614457], [693532.1355421686, 2574351.334337349], [693537.1295180722, 2574356.328313253], [693542.123493976, 2574356.328313253], [693547.1174698796, 2574356.328313253], [693552.1114457832, 2574356.328313253], [693557.1054216868, 2574356.328313253], [693562.0993975904, 2574356.328313253], [693567.093373494, 2574356.328313253], [693572.0873493976, 2574356.328313253], [693577.0813253012, 2574356.328313253], [693582.0753012048, 2574351.334337349], [693587.0692771084, 2574351.334337349], [693592.063253012, 2574346.3403614457], [693597.0572289156, 2574346.3403614457], [693602.0512048192, 2574346.3403614457], [693607.0451807228, 2574341.346385542], [693612.0391566266, 2574341.346385542], [693617.0331325302, 2574336.3524096385], [693622.0271084338, 2574336.3524096385], [693627.0210843374, 2574336.3524096385], [693632.015060241, 2574336.3524096385], [693637.0090361446, 2574336.3524096385], [693642.0030120482, 2574336.3524096385], [693646.9969879518, 2574341.346385542], [693651.9909638554, 2574341.346385542], [693656.984939759, 2574346.3403614457], [693661.9789156626, 2574346.3403614457], [693666.9728915662, 2574351.334337349], [693671.9668674698, 2574356.328313253], [693676.9608433736, 2574356.328313253], [693681.9548192772, 2574361.3222891563], [693686.9487951808, 2574366.31626506], [693691.9427710844, 2574371.3102409635], [693696.936746988, 2574371.3102409635], [693701.9307228916, 2574371.3102409635], [693706.9246987952, 2574371.3102409635], [693711.9186746988, 2574371.3102409635], [693716.9126506024, 2574371.3102409635], [693721.906626506, 2574376.3042168673], [693726.9006024096, 2574376.3042168673], [693731.8945783132, 2574376.3042168673], [693736.8885542168, 2574381.2981927707], [693741.8825301204, 2574381.2981927707], [693746.876506024, 2574381.2981927707], [693751.8704819278, 2574381.2981927707], [693756.8644578314, 2574386.2921686745], [693761.858433735, 2574386.2921686745], [693766.8524096386, 2574386.2921686745], [693771.8463855422, 2574391.2861445784], [693776.8403614458, 2574396.2801204817], [693781.8343373494, 2574396.2801204817], [693786.828313253, 2574396.2801204817], [693791.8222891566, 2574396.2801204817], [693796.8162650602, 2574396.2801204817], [693801.8102409638, 2574396.2801204817], [693806.8042168674, 2574396.2801204817], [693811.798192771, 2574396.2801204817], [693816.7921686748, 2574396.2801204817], [693821.7861445784, 2574396.2801204817], [693826.780120482, 2574396.2801204817], [693831.7740963856, 2574396.2801204817], [693836.7680722892, 2574396.2801204817], [693841.7620481928, 2574396.2801204817], [693846.7560240964, 2574401.2740963856], [693851.75, 2574401.2740963856], [693856.7439759036, 2574401.2740963856], [693861.7379518072, 2574401.2740963856], [693866.7319277108, 2574406.268072289], [693871.7259036144, 2574406.268072289], [693876.719879518, 2574406.268072289], [693881.7138554216, 2574406.268072289], [693886.7078313252, 2574406.268072289], [693891.701807229, 2574411.262048193], [693896.6957831326, 2574416.256024096], [693901.6897590362, 2574416.256024096], [693906.6837349398, 2574416.256024096], [693911.6777108434, 2574416.256024096], [693916.671686747, 2574416.256024096], [693921.6656626506, 2574416.256024096], [693926.6596385542, 2574416.256024096], [693931.6536144578, 2574421.25], [693936.6475903614, 2574421.25], [693941.641566265, 2574426.2439759034], [693946.6355421686, 2574426.2439759034], [693951.6295180722, 2574426.2439759034], [693956.623493976, 2574426.2439759034], [693961.6174698796, 2574426.2439759034], [693966.6114457832, 2574421.25], [693971.6054216868, 2574416.256024096], [693971.6054216868, 2574411.262048193], [693976.5993975904, 2574406.268072289], [693981.593373494, 2574401.2740963856], [693986.5873493976, 2574396.2801204817], [693991.5813253012, 2574396.2801204817], [693996.5753012048, 2574401.2740963856], [694001.5692771084, 2574401.2740963856], [694006.563253012, 2574396.2801204817], [694011.5572289156, 2574396.2801204817], [694016.5512048192, 2574396.2801204817], [694021.5451807228, 2574396.2801204817], [694026.5391566266, 2574396.2801204817], [694031.5331325302, 2574396.2801204817], [694036.5271084338, 2574396.2801204817], [694041.5210843374, 2574396.2801204817], [694046.515060241, 2574391.2861445784], [694051.5090361446, 2574386.2921686745], [694056.5030120482, 2574381.2981927707], [694061.4969879518, 2574381.2981927707], [694066.4909638554, 2574386.2921686745], [694071.484939759, 2574386.2921686745], [694076.4789156626, 2574391.2861445784], [694081.4728915662, 2574391.2861445784], [694086.4668674698, 2574391.2861445784], [694091.4608433736, 2574391.2861445784], [694096.4548192772, 2574396.2801204817], [694101.4487951808, 2574396.2801204817], [694106.4427710844, 2574401.2740963856], [694111.436746988, 2574401.2740963856], [694116.4307228916, 2574401.2740963856], [694121.4246987952, 2574401.2740963856], [694126.4186746988, 2574406.268072289], [694131.4126506024, 2574411.262048193], [694136.406626506, 2574411.262048193], [694141.4006024096, 2574411.262048193], [694146.3945783132, 2574411.262048193], [694151.3885542168, 2574411.262048193], [694156.3825301204, 2574416.256024096], [694161.376506024, 2574416.256024096], [694166.3704819278, 2574416.256024096], [694171.3644578314, 2574416.256024096], [694176.358433735, 2574416.256024096], [694181.3524096386, 2574421.25], [694186.3463855422, 2574421.25], [694191.3403614458, 2574426.2439759034], [694196.3343373494, 2574426.2439759034], [694201.328313253, 2574426.2439759034], [694206.3222891566, 2574426.2439759034], [694211.3162650602, 2574426.2439759034], [694216.3102409638, 2574426.2439759034], [694221.3042168674, 2574421.25], [694226.298192771, 2574421.25], [694231.2921686748, 2574421.25], [694236.2861445784, 2574421.25], [694241.280120482, 2574421.25], [694246.2740963856, 2574421.25], [694251.2680722892, 2574421.25], [694256.2620481928, 2574416.256024096], [694261.2560240964, 2574416.256024096], [694266.25, 2574416.256024096], [694271.2439759036, 2574416.256024096], [694276.2379518072, 2574416.256024096], [694281.2319277108, 2574416.256024096], [694286.2259036144, 2574416.256024096], [694291.219879518, 2574416.256024096], [694296.2138554216, 2574416.256024096], [694301.2078313252, 2574416.256024096], [694306.201807229, 2574421.25], [694311.1957831326, 2574421.25], [694316.1897590362, 2574421.25], [694321.1837349398, 2574421.25], [694326.1777108434, 2574421.25], [694331.171686747, 2574426.2439759034], [694336.1656626506, 2574431.237951807], [694341.1596385542, 2574431.237951807], [694346.1536144578, 2574431.237951807], [694351.1475903614, 2574436.2319277106], [694356.141566265, 2574441.2259036144], [694361.1355421686, 2574441.2259036144], [694366.1295180722, 2574441.2259036144], [694371.123493976, 2574441.2259036144], [694376.1174698796, 2574441.2259036144], [694381.1114457832, 2574441.2259036144], [694386.1054216868, 2574441.2259036144], [694391.0993975904, 2574441.2259036144], [694396.093373494, 2574441.2259036144], [694401.0873493976, 2574441.2259036144], [694406.0813253012, 2574441.2259036144], [694411.0753012048, 2574446.219879518], [694416.0692771084, 2574446.219879518], [694421.063253012, 2574446.219879518], [694426.0572289156, 2574446.219879518], [694431.0512048192, 2574446.219879518]]}}, {"type": "Feature", "properties": {"name": "Rdn4", "length": 1497.3716106258853}, "geometry": {"type": "LineString", "coordinates": [[695954.2138554216, 2575405.063253012], [695949.219879518, 2575400.069277108], [695944.2259036144, 2575395.075301205], [695939.2319277108, 2575390.081325301], [695934.2379518072, 2575385.0873493976], [695929.2439759036, 2575385.0873493976], [695924.25, 2575380.0933734938], [695919.2560240964, 2575375.0993975904], [695914.2620481928, 2575370.1054216865], [695909.2680722892, 2575365.111445783], [695904.2740963856, 2575365.111445783], [695899.280120482, 2575360.1174698793], [695894.2861445784, 2575355.123493976], [695889.2921686748, 2575350.129518072], [695884.298192771, 2575350.129518072], [695879.3042168674, 2575350.129518072], [695874.3102409638, 2575345.1355421683], [695869.3162650602, 2575340.141566265], [695864.3222891566, 2575335.147590361], [695859.328313253, 2575335.147590361], [695854.3343373494, 2575335.147590361], [695849.3403614458, 2575335.147590361], [695844.3463855422, 2575335.147590361], [695839.3524096386, 2575330.1536144577], [695834.358433735, 2575325.159638554], [695829.3644578314, 2575320.1656626505], [695824.3704819278, 2575315.1716867466], [695819.376506024, 2575310.1777108433], [695814.3825301204, 2575305.1837349394], [695809.3885542168, 2575300.189759036], [695804.3945783132, 2575300.189759036], [695799.4006024096, 2575295.195783132], [695794.406626506, 2575295.195783132], [695789.4126506024, 2575295.195783132], [695784.4186746988, 2575295.195783132], [695779.4246987952, 2575295.195783132], [695774.4307228916, 2575295.195783132], [695769.436746988, 2575290.201807229], [695764.4427710844, 2575285.207831325], [695759.4487951808, 2575285.207831325], [695754.4548192772, 2575280.2138554216], [695749.4608433736, 2575275.219879518], [695744.4668674698, 2575270.2259036144], [695739.4728915662, 2575265.2319277106], [695734.4789156626, 2575265.2319277106], [695729.484939759, 2575265.2319277106], [695724.4909638554, 2575265.2319277106], [695719.4969879518, 2575260.237951807], [695714.5030120482, 2575260.237951807], [695709.5090361446, 2575260.237951807], [695704.515060241, 2575260.237951807], [695699.5210843374, 2575260.237951807], [695694.5271084338, 2575260.237951807], [695689.5331325302, 2575255.2439759034], [695684.5391566266, 2575255.2439759034], [695679.5451807228, 2575250.25], [695674.5512048192, 2575250.25], [695669.5572289156, 2575250.25], [695664.563253012, 2575245.256024096], [695659.5692771084, 2575245.256024096], [695654.5753012048, 2575245.256024096], [695649.5813253012, 2575240.262048193], [695644.5873493976, 2575235.268072289], [695639.593373494, 2575235.268072289], [695634.5993975904, 2575235.268072289], [695629.6054216868, 2575230.2740963856], [695624.6114457832, 2575225.2801204817], [695619.6174698796, 2575225.2801204817], [695614.623493976, 2575220.2861445784], [695609.6295180724, 2575220.2861445784], [695604.6355421686, 2575215.2921686745], [695599.641566265, 2575215.2921686745], [695594.6475903614, 2575215.2921686745], [695589.6536144578, 2575215.2921686745], [695584.6596385542, 2575215.2921686745], [695579.6656626506, 2575215.2921686745], [695574.671686747, 2575215.2921686745], [695569.6777108434, 2575215.2921686745], [695564.6837349398, 2575215.2921686745], [695559.6897590362, 2575215.2921686745], [695554.6957831326, 2575215.2921686745], [695549.701807229, 2575210.2981927707], [695544.7078313254, 2575210.2981927707], [695539.7138554216, 2575210.2981927707], [695534.719879518, 2575210.2981927707], [695529.7259036144, 2575210.2981927707], [695524.7319277108, 2575210.2981927707], [695519.7379518072, 2575210.2981927707], [695514.7439759036, 2575210.2981927707], [695509.75, 2575205.3042168673], [695504.7560240964, 2575205.3042168673], [695499.7620481928, 2575205.3042168673], [695494.7680722892, 2575205.3042168673], [695489.7740963856, 2575205.3042168673], [695484.780120482, 2575205.3042168673], [695479.7861445784, 2575205.3042168673], [695474.7921686748, 2575205.3042168673], [695469.798192771, 2575205.3042168673], [695464.8042168674, 2575200.3102409635], [695459.8102409638, 2575200.3102409635], [695454.8162650602, 2575200.3102409635], [695449.8222891566, 2575200.3102409635], [695444.828313253, 2575195.31626506], [695439.8343373494, 2575195.31626506], [695434.8403614458, 2575195.31626506], [695429.8463855422, 2575190.3222891563], [695424.8524096386, 2575190.3222891563], [695419.858433735, 2575190.3222891563], [695414.8644578314, 2575185.328313253], [695409.8704819278, 2575185.328313253], [695404.876506024, 2575185.328313253], [695399.8825301204, 2575180.334337349], [695394.8885542168, 2575180.334337349], [695389.8945783132, 2575175.3403614457], [695384.9006024096, 2575170.346385542], [695379.906626506, 2575165.3524096385], [695374.9126506024, 2575165.3524096385], [695369.9186746988, 2575160.3584337346], [695364.9246987952, 2575160.3584337346], [695359.9307228916, 2575155.3644578313], [695354.936746988, 2575150.3704819274], [695349.9427710844, 2575145.376506024], [695344.9487951808, 2575140.38253012], [695339.9548192772, 2575140.38253012], [695334.9608433736, 2575135.388554217], [695329.9668674698, 2575135.388554217], [695324.9728915662, 2575130.394578313], [695319.9789156626, 2575130.394578313], [695314.984939759, 2575130.394578313], [695309.9909638554, 2575130.394578313], [695304.9969879518, 2575130.394578313], [695300.0030120482, 2575130.394578313], [695295.0090361446, 2575130.394578313], [695290.015060241, 2575130.394578313], [695285.0210843374, 2575130.394578313], [695280.0271084338, 2575130.394578313], [695275.0331325302, 2575125.4006024096], [695270.0391566266, 2575125.4006024096], [695265.0451807228, 2575130.394578313], [695260.0512048192, 2575130.394578313], [695255.0572289156, 2575135.388554217], [695250.063253012, 2575135.388554217], [695245.0692771084, 2575135.388554217], [695240.0753012048, 2575135.388554217], [695235.0813253012, 2575135.388554217], [695230.0873493976, 2575135.388554217], [695225.093373494, 2575135.388554217], [695220.0993975904, 2575135.388554217], [695215.1054216868, 2575130.394578313], [695210.1114457832, 2575125.4006024096], [695205.1174698796, 2575120.406626506], [695200.123493976, 2575120.406626506], [695195.1295180724, 2575120.406626506], [695190.1355421686, 2575115.4126506024], [695185.141566265, 2575115.4126506024], [695180.1475903614, 2575110.4186746986], [695175.1536144578, 2575110.4186746986], [695170.1596385542, 2575110.4186746986], [695165.1656626506, 2575105.424698795], [695160.171686747, 2575105.424698795], [695155.1777108434, 2575105.424698795], [695150.1837349398, 2575100.4307228914], [695145.1897590362, 2575100.4307228914], [695140.1957831326, 2575100.4307228914], [695135.201807229, 2575100.4307228914], [695130.2078313252, 2575095.436746988], [695125.2138554216, 2575095.436746988], [695120.219879518, 2575095.436746988], [695115.2259036144, 2575095.436746988], [695110.2319277108, 2575090.442771084], [695105.2379518072, 2575090.442771084], [695100.2439759036, 2575085.448795181], [695095.25, 2575085.448795181], [695090.2560240964, 2575085.448795181], [695085.2620481928, 2575080.454819277], [695080.2680722892, 2575075.4608433736], [695075.2740963856, 2575070.4668674697], [695070.280120482, 2575065.472891566], [695070.280120482, 2575060.4789156625], [695070.280120482, 2575055.4849397587], [695065.2861445784, 2575055.4849397587], [695060.2921686748, 2575055.4849397587], [695055.298192771, 2575055.4849397587], [695050.3042168674, 2575050.4909638553], [695045.3102409638, 2575050.4909638553], [695040.3162650602, 2575050.4909638553], [695035.3222891566, 2575050.4909638553], [695030.328313253, 2575050.4909638553], [695025.3343373494, 2575050.4909638553], [695020.3403614458, 2575050.4909638553], [695015.3463855422, 2575050.4909638553], [695010.3524096386, 2575050.4909638553], [695005.358433735, 2575045.4969879515], [695000.3644578314, 2575045.4969879515], [694995.3704819278, 2575045.4969879515], [694990.376506024, 2575045.4969879515], [694985.3825301204, 2575045.4969879515], [694980.3885542168, 2575040.503012048], [694975.3945783132, 2575040.503012048], [694970.4006024096, 2575040.503012048], [694965.406626506, 2575040.503012048], [694960.4126506024, 2575035.5090361442], [694955.4186746988, 2575030.515060241], [694950.4246987952, 2575030.515060241], [694945.4307228916, 2575030.515060241], [694940.436746988, 2575030.515060241], [694935.4427710844, 2575030.515060241], [694930.4487951808, 2575030.515060241], [694925.4548192772, 2575025.521084337], [694920.4608433736, 2575020.5271084337], [694915.4668674698, 2575020.5271084337], [694915.4668674698, 2575015.53313253], [694910.4728915662, 2575010.5391566264], [694905.4789156626, 2575005.5451807226], [694900.484939759, 2575005.5451807226], [694895.4909638554, 2575005.5451807226], [694890.4969879518, 2575000.551204819], [694885.5030120482, 2575000.551204819], [694880.5090361446, 2574995.5572289154], [694875.515060241, 2574995.5572289154], [694870.5210843374, 2574990.563253012], [694865.5271084338, 2574985.569277108], [694860.5331325302, 2574985.569277108], [694855.5391566266, 2574985.569277108], [694850.5451807228, 2574990.563253012], [694845.5512048192, 2574995.5572289154], [694840.5572289156, 2575000.551204819], [694835.563253012, 2575005.5451807226], [694830.5692771084, 2575000.551204819], [694825.5753012048, 2575000.551204819], [694820.5813253012, 2575000.551204819], [694815.5873493976, 2575000.551204819], [694810.593373494, 2575000.551204819], [694805.5993975904, 2574995.5572289154], [694800.6054216868, 2574995.5572289154], [694795.6114457832, 2574990.563253012], [694790.6174698796, 2574990.563253012], [694785.623493976, 2574990.563253012], [694780.6295180722, 2574985.569277108], [694775.6355421686, 2574985.569277108], [694775.6355421686, 2574980.575301205], [694770.641566265, 2574975.581325301], [694765.6475903614, 2574970.5873493976], [694760.6536144578, 2574965.5933734938], [694755.6596385542, 2574960.5993975904], [694750.6656626506, 2574955.6054216865], [694745.671686747, 2574955.6054216865], [694740.6777108434, 2574955.6054216865], [694735.6837349398, 2574955.6054216865], [694730.6897590362, 2574955.6054216865], [694725.6957831326, 2574955.6054216865], [694720.701807229, 2574955.6054216865], [694715.7078313252, 2574955.6054216865], [694710.7138554216, 2574955.6054216865], [694705.719879518, 2574955.6054216865], [694700.7259036144, 2574950.611445783], [694695.7319277108, 2574950.611445783], [694690.7379518072, 2574945.6174698793], [694685.7439759036, 2574940.623493976]]}}]}