{"type": "FeatureCollection", "features": [{"type": "Feature", "properties": {"name": "2D flow area 'DS Protection'"}, "geometry": {"type": "Polygon", "coordinates": [[[690442.394802424, 2574458.86663393], [690442.394762466, 2574458.86659294], [690374.569963626, 2574395.5691541], [690373.522929691, 2574394.48648491], [690373.44578, 2574392.98230974], [690373.44578, 2574385.26811526], [690373.516891181, 2574383.82063157], [690373.984651858, 2574383.18992847], [690376.399922574, 2574380.26526014], [690379.509003939, 2574375.7036496], [690382.185672535, 2574370.87559379], [690384.407269859, 2574365.82196312], [690386.154989671, 2574360.58553751], [690387.414037193, 2574355.2106443], [690388.173754353, 2574349.74278297], [690388.42771, 2574344.22824], [690388.42771, 2574333.51338], [690388.101584803, 2574327.26608731], [690387.126754467, 2574321.08670793], [690385.513816216, 2574315.04241692], [690383.280304045, 2574309.19892079], [690380.450498105, 2574303.61974326], [690377.055160765, 2574298.36553466], [690373.131202193, 2574293.49341266], [690368.721279115, 2574289.05634132], [690368.522523767, 2574288.87619972], [690368.45181, 2574287.43675566], [690368.45181, 2574260.41866434], [690368.523286602, 2574258.96369207], [690368.754536208, 2574258.47475395], [690371.007763351, 2574253.03497866], [690372.716963586, 2574247.40054681], [690372.938823758, 2574246.2852084], [690373.515034595, 2574243.98483155], [690374.356888052, 2574241.63201315], [690375.176217919, 2574239.61912406], [690376.981896062, 2574233.24659763], [690378.074180278, 2574226.7138737], [690378.338262646, 2574221.93664062], [690378.367485613, 2574221.93807627], [690378.51067899, 2574219.02334366], [690378.592649734, 2574218.93290278], [690382.328029731, 2574214.38132421], [690385.599290392, 2574209.48553164], [690388.374927722, 2574204.29267418], [690388.480237399, 2574204.07001535], [690388.669985426, 2574204.0021224], [690394.109904343, 2574201.74883346], [690399.302767385, 2574198.97318897], [690404.198564354, 2574195.70191996], [690408.750145967, 2574191.96653059], [690412.913677927, 2574187.80299478], [690416.649063076, 2574183.2514097], [690419.920327548, 2574178.3556097], [690422.695967224, 2574173.16274409], [690424.949251128, 2574167.72282308], [690426.658478868, 2574162.08823619], [690427.807189617, 2574156.31324766], [690428.384320643, 2574150.45347389], [690428.450233081, 2574149.11176498], [690428.866294016, 2574148.73466955], [690433.029849551, 2574144.57111402], [690433.424682134, 2574144.13548313], [690433.860254833, 2574143.74070256], [690438.023730013, 2574139.57722764], [690438.418631543, 2574139.14152154], [690438.854337642, 2574138.74662001], [690443.017812561, 2574134.58314483], [690443.412611675, 2574134.14755168], [690443.848204829, 2574133.75275256], [690448.011680013, 2574129.58927764], [690448.406581543, 2574129.15357154], [690448.842287642, 2574128.75867001], [690453.005741172, 2574124.59521843], [690453.502221172, 2574124.04743843], [690457.237629187, 2574119.49583888], [690460.508912897, 2574114.60002083], [690463.284567723, 2574109.40713418], [690463.39653136, 2574109.17040671], [690463.824124015, 2574108.78285955], [690467.987679552, 2574104.61930402], [690468.382531951, 2574104.18365127], [690468.818178464, 2574103.78880301], [690472.981573016, 2574099.62540846], [690473.374039829, 2574099.19238945], [690473.729462979, 2574098.92879003], [690477.872529485, 2574096.1604929], [690482.424156141, 2574092.42507669], [690486.587726694, 2574088.26150614], [690490.323142906, 2574083.70987948], [690493.091440033, 2574079.56681298], [690493.355039452, 2574079.21138983], [690493.78805846, 2574078.81892302], [690497.951453019, 2574074.65552846], [690498.328621358, 2574074.23938866], [690499.768115261, 2574074.16867], [690508.62518, 2574074.16867], [690514.872472693, 2574073.8425448], [690521.051852067, 2574072.86771447], [690527.096143079, 2574071.25477622], [690532.939639209, 2574069.02126404], [690538.518816745, 2574066.1914581], [690543.773025342, 2574062.79612076], [690548.645147339, 2574058.87216219], [690553.082218679, 2574054.46223911], [690553.272798276, 2574054.25196723], [690554.650553935, 2574053.60033654], [690557.244612062, 2574052.52584818], [690562.437583845, 2574049.75014513], [690563.251023171, 2574049.26258687], [690564.638522178, 2574048.60634791], [690567.232629027, 2574047.53183124], [690572.425430543, 2574044.75622304], [690573.226436297, 2574044.2761196], [690574.677755261, 2574044.20482], [690596.701764739, 2574044.20482], [690598.149267336, 2574044.27593211], [690598.705032857, 2574044.68811464], [690603.600766575, 2574047.95933333], [690608.793558008, 2574050.73494092], [690614.233399015, 2574052.98820747], [690616.442056711, 2574053.65820352], [690618.122884992, 2574054.25961353], [690619.471711483, 2574054.89756256], [690624.911609216, 2574057.15084901], [690630.54617261, 2574058.8600835], [690636.321138024, 2574060.00880524], [690642.180889674, 2574060.58595148], [690648.068995241, 2574060.58596402], [690653.928749347, 2574060.00884272], [690659.703719651, 2574058.86014556], [690660.716079651, 2574058.60656556], [690666.350686798, 2574056.897342], [690671.790627688, 2574054.64405863], [690676.983512303, 2574051.86841596], [690681.879329927, 2574048.59714516], [690686.430930787, 2574044.86175061], [690690.594480132, 2574040.69820648], [690694.329880386, 2574036.1466103], [690697.601157318, 2574031.25079677], [690700.376806494, 2574026.05791563], [690702.630096682, 2574020.61797756], [690703.113835027, 2574019.26601466], [690703.599562335, 2574018.45562845], [690706.375225058, 2574013.26272981], [690707.449760867, 2574010.66856598], [690708.344896208, 2574008.77595395], [690710.59812335, 2574003.33617867], [690712.307323584, 2573997.70174682], [690712.529182822, 2573996.5864131], [690713.10364064, 2573994.29303876], [690713.587512333, 2573993.48574845], [690716.363175057, 2573988.29284981], [690717.437705992, 2573985.69869775], [690718.089308416, 2573984.3209964], [690718.516987642, 2573983.93337001], [690722.680462558, 2573979.76989483], [690723.075243133, 2573979.33432213], [690723.510874015, 2573978.93948955], [690727.674429556, 2573974.77593401], [690728.069262136, 2573974.34030313], [690728.504834833, 2573973.94552256], [690732.66831001, 2573969.78204765], [690733.063211543, 2573969.34634154], [690733.498917642, 2573968.95144001], [690737.662392561, 2573964.78796483], [690738.057191678, 2573964.35237167], [690738.492784833, 2573963.95757256], [690742.656260009, 2573959.79409765], [690743.051161541, 2573959.35839155], [690743.486867642, 2573958.96349001], [690747.650342562, 2573954.80001483], [690747.999534838, 2573954.414741], [690750.926789648, 2573953.70833712], [690756.820632039, 2573951.96210944], [690762.504873953, 2573949.62200621], [690763.003570317, 2573949.38614131], [690764.684406853, 2573948.78472726], [690766.89304488, 2573948.11474113], [690772.332939122, 2573945.86145701], [690777.525779222, 2573943.08582187], [690782.421555622, 2573939.81456644], [690782.977247803, 2573939.40243689], [690784.424694343, 2573939.33133], [690814.02225, 2573939.33133], [690820.635563702, 2573938.96575028], [690827.168287625, 2573937.87346606], [690833.540814055, 2573936.06778792], [690835.553703144, 2573935.24845805], [690837.899795511, 2573934.40901121], [690840.829636267, 2573934.26507561], [690840.828200644, 2573934.2358532], [690845.605443702, 2573933.97177028], [690852.138167625, 2573932.87948606], [690858.510694055, 2573931.07380792], [690860.523549399, 2573930.25449179], [690861.43108456, 2573929.92977354], [690866.87112207, 2573927.67644818], [690872.064093844, 2573924.90074513], [690872.877493568, 2573924.41321061], [690874.265044693, 2573923.7569496], [690876.859129709, 2573922.68243673], [690882.051810111, 2573919.90689724], [690882.86537555, 2573919.41926777], [690884.252963943, 2573918.76298653], [690886.847022069, 2573917.68849818], [690892.039993845, 2573914.91279513], [690892.853414673, 2573914.42524796], [690893.657162455, 2573914.04510381], [690898.850021077, 2573911.26946474], [690903.74581453, 2573907.99820208], [690908.297393668, 2573904.26281987], [690912.460924316, 2573900.09929186], [690916.196309413, 2573895.54771509], [690919.467575175, 2573890.65192371], [690922.243217539, 2573885.45906685], [690924.496505562, 2573880.01915454], [690926.205738859, 2573874.38457607], [690927.354456586, 2573868.60959551], [690927.60245654, 2573866.09162176], [690927.847022348, 2573864.44289942], [690928.079836207, 2573863.95065395], [690930.333063351, 2573858.51087866], [690932.042263586, 2573852.87644681], [690932.264122823, 2573851.76111309], [690932.840334595, 2573849.46073654], [690933.68219027, 2573847.1079077], [690934.501517919, 2573845.09502406], [690936.3071960621, 2573838.72249763], [690937.399480278, 2573832.1897737], [690937.663562646, 2573827.41254062], [690937.692785613, 2573827.41397627], [690937.83577894, 2573824.50331573], [690938.251927642, 2573824.12614001], [690942.415381177, 2573819.96268842], [690942.911861177, 2573819.41490842], [690946.6472687, 2573814.86330954], [690949.918552053, 2573809.96749224], [690952.694206668, 2573804.77460641], [690953.049686668, 2573804.02300641], [690955.302927834, 2573798.58321203], [690957.012137991, 2573792.94875915], [690957.233998308, 2573791.83342112], [690957.808462761, 2573789.54002029], [690958.292315129, 2573788.73276384], [690961.068018179, 2573783.53979207], [690962.142523364, 2573780.94569331], [690962.794125173, 2573779.56799326], [690963.22171402, 2573779.18044955], [690967.385312424, 2573775.01684672], [690967.980572424, 2573774.36007672], [690971.694808467, 2573769.83698193], [690974.950694893, 2573764.9735326], [690977.717252001, 2573759.81600436], [690979.968156049, 2573754.41347099], [690981.681989726, 2573748.81733751], [690982.842445933, 2573743.08085102], [690983.438482952, 2573737.25859409], [690983.464429501, 2573731.4059654], [690982.920038698, 2573725.5786526], [690981.810490413, 2573719.83210247], [690980.146341977, 2573714.22099333], [690977.943427734, 2573708.79871478], [690975.222708373, 2573703.61685971], [690972.010071489, 2573698.72473338], [690968.336085267, 2573694.16888427], [690964.23570762, 2573689.99266122], [690959.747953566, 2573686.23580091], [690954.915524008, 2573682.9340498], [690949.784399424, 2573680.118824], [690944.403402375, 2573677.81691032], [690938.823732952, 2573676.05021144], [690933.098481609, 2573674.83553746], [690927.282124011, 2573674.18444598], [690921.430002696, 2573674.10313214], [690915.597800496, 2573674.59236961], [690909.841010709, 2573675.64750334], [690908.458144377, 2573675.97138689], [690897.518328405, 2573678.29566535], [690896.297504953, 2573678.52872192], [690892.186395115, 2573679.22559457], [690891.646419124, 2573679.31206812], [690886.779775409, 2573680.04601888], [690886.238349451, 2573680.12263194], [690882.051331908, 2573680.67622451], [690880.977890271, 2573680.79853014], [690878.156909527, 2573681.06858357], [690872.247044465, 2573681.93297667], [690866.452400888, 2573683.38065974], [690860.83039998, 2573685.39728719], [690855.436752148, 2573687.96287553], [690850.324904965, 2573691.05200144], [690847.852639512, 2573692.90491181], [690847.816935333, 2573692.85696736], [690836.376401291, 2573701.37671944], [690833.739200207, 2573703.13194717], [690822.82853633, 2573709.58906355], [690820.020876227, 2573711.05618897], [690807.768279379, 2573716.6556401], [690806.309460903, 2573717.27625735], [690802.647122686, 2573718.72124264], [690801.380832202, 2573719.18998184], [690795.59156312, 2573721.68616508], [690790.09617659, 2573724.77603469], [690784.955345597, 2573728.42547628], [690780.662209624, 2573731.82600844], [690779.750047302, 2573732.52056622], [690771.886039892, 2573738.27447523], [690769.985874946, 2573739.55625149], [690761.705356147, 2573744.69277741], [690760.719709358, 2573745.27840826], [690756.965384571, 2573747.41304688], [690755.460949573, 2573748.21278133], [690742.49009538, 2573754.64222216], [690739.359267098, 2573755.97839881], [690725.743106669, 2573760.89579702], [690724.124876483, 2573761.42876004], [690720.621807996, 2573762.47319727], [690719.265184779, 2573762.84327949], [690707.66574662, 2573765.717193], [690704.909038668, 2573766.2645028], [690693.787157834, 2573767.93520699], [690690.991305448, 2573768.22199529], [690679.800145663, 2573768.84187565], [690675.463660287, 2573768.87297264], [690668.881282176, 2573769.28264707], [690668.252704989, 2573769.35662035], [690657.051937994, 2573770.14577088], [690654.246737307, 2573770.21178477], [690643.021229023, 2573769.95041913], [690640.222163182, 2573769.75391824], [690629.070320221, 2573768.44432415], [690626.301850051, 2573767.9870169], [690614.634424754, 2573765.49391476], [690613.268677808, 2573765.16848123], [690610.111478654, 2573764.33764339], [690608.761092857, 2573763.94823305], [690597.365788377, 2573760.37095677], [690594.728124267, 2573759.4050181], [690584.953019466, 2573755.29633246], [690579.694315575, 2573753.36952578], [690574.278862963, 2573751.94144188], [690568.753846091, 2573751.02452357], [690563.167404051, 2573750.62675989], [690557.568211124, 2573750.75161653], [690547.139560444, 2573751.47216833], [690545.926157119, 2573751.53134764], [690542.50059677, 2573751.62894287], [690540.584018326, 2573751.62213125], [690522.260174117, 2573750.96690281], [690515.950641862, 2573751.07334318], [690509.687185416, 2573751.84187436], [690503.539088223, 2573753.26399522], [690497.574357677, 2573755.32397491], [690491.858972854, 2573757.9990269], [690488.910682854, 2573759.5730069], [690487.580689804, 2573760.30480835], [690485.004578421, 2573761.76501661], [690481.4715437, 2573763.53460992], [690474.070889144, 2573767.24130493], [690471.28441753, 2573768.46421725], [690459.899221029, 2573772.78599139], [690455.672014574, 2573774.14950573], [690450.060352961, 2573776.27487544], [690444.689050336, 2573778.95014188], [690439.611831576, 2573782.1485465], [690434.879480068, 2573785.83809819], [690430.539329769, 2573789.98189329], [690426.634791758, 2573794.5384847], [690423.204920028, 2573799.46229648], [690420.284020865, 2573804.70407962], [690417.901309703, 2573810.21140474], [690416.080618912, 2573815.92918643], [690412.858019721, 2573828.12922536], [690411.914745788, 2573831.07534497], [690407.262599785, 2573843.3796822], [690406.677952783, 2573844.8130492], [690405.256460337, 2573848.05616275], [690404.706983715, 2573849.23913477], [690399.819766429, 2573859.18876727], [690398.569655421, 2573861.476716], [690393.174112579, 2573870.40569496], [690391.729962094, 2573872.57643108], [690385.263263253, 2573881.43579428], [690384.723588079, 2573882.13669514], [690383.789473984, 2573883.23023368], [690383.785096051, 2573883.23502975], [690380.527882585, 2573887.12115195], [690378.570965824, 2573889.90297876], [690378.565031411, 2573889.89877154], [690374.308581411, 2573895.90262154], [690370.093218014, 2573902.78755609], [690369.965411915, 2573903.03181899], [690369.396093081, 2573904.06958674], [690368.199101304, 2573906.1529665], [690367.169917294, 2573907.81623507], [690357.427276382, 2573922.47085036], [690356.291774115, 2573924.06362689], [690356.109987747, 2573924.30179185], [690355.273536446, 2573925.34833078], [690347.274095609, 2573934.91101713], [690346.937864682, 2573935.30596727], [690346.534568975, 2573935.77146753], [690345.774324952, 2573936.66652306], [690340.62242525, 2573942.85370147], [690340.320592101, 2573943.20278635], [690339.539961399, 2573944.02942049], [690335.813417263, 2573948.37313202], [690332.517686599, 2573953.0521405], [690330.795726602, 2573956.07201168], [690330.779751068, 2573956.06276034], [690328.328391692, 2573960.29585225], [690320.740107954, 2573971.89577936], [690319.810288371, 2573973.23613033], [690319.051408841, 2573974.26892679], [690318.071468137, 2573975.53071448], [690308.954754966, 2573986.64541448], [690307.90899702, 2573987.85326576], [690306.260802086, 2573989.65750571], [690305.770308746, 2573990.18169756], [690301.299897148, 2573994.84612975], [690300.797021216, 2573995.35841486], [690299.040444629, 2573997.10554513], [690297.906033546, 2573998.17663176], [690287.451459809, 2574007.5454647], [690286.262840688, 2574008.55615641], [690284.25925648, 2574010.1719561], [690283.410572894, 2574010.83163561], [690275.667621244, 2574016.63067306], [690274.795852789, 2574017.25951678], [690273.904936052, 2574017.87820581], [690272.619835706, 2574018.72265075], [690261.51964738, 2574025.6158925], [690258.829644565, 2574027.10103133], [690247.082238248, 2574032.82184482], [690245.683020091, 2574033.45940463], [690242.250515905, 2574034.91838886], [690240.5229854, 2574035.59043595], [690240.045377625, 2574035.75943927], [690235.812956493, 2574037.44042427], [690231.72022197, 2574039.43757807], [690229.45005686, 2574040.65412321], [690228.39969494, 2574041.18992542], [690223.620478502, 2574043.91079204], [690221.389408502, 2574045.32013204], [690219.301659329, 2574046.70068666], [690217.767568378, 2574047.76176938], [690215.067787518, 2574049.42520466], [690203.926138815, 2574055.50161028], [690201.065779848, 2574056.87054782], [690189.34450825, 2574061.73612876], [690186.355564478, 2574062.79527564], [690180.137500496, 2574064.63482128], [690174.962475457, 2574066.42642544], [690169.972361049, 2574068.68241476], [690165.208728708, 2574071.38399514], [690160.711263103, 2574074.50866036], [690156.517431533, 2574078.0303796], [690152.662171796, 2574081.91981426], [690149.177601127, 2574086.1445624], [690146.394508918, 2574089.85127807], [690145.29858223, 2574091.22514931], [690142.694164342, 2574094.30076443], [690142.072978041, 2574095.01136152], [690140.678945368, 2574096.55628569], [690139.926722106, 2574097.40594928], [690136.297948673, 2574101.58372619], [690136.038819879, 2574101.87815118], [690133.727788288, 2574104.46960346], [690133.664449123, 2574104.53943115], [690132.900725984, 2574105.33961344], [690124.999962298, 2574113.28095705], [690124.103901612, 2574114.14499771], [690122.352762916, 2574115.76479645], [690120.280938276, 2574117.77586692], [690120.108459122, 2574117.95154384], [690119.832326244, 2574118.22913568], [690119.20898843, 2574118.84764832], [690118.55337955, 2574119.50835287], [690115.679006837, 2574122.45035992], [690114.77230436, 2574123.33991471], [690106.908224031, 2574130.73505004], [690106.244384282, 2574131.30833259], [690102.531946452, 2574134.8003589], [690099.129265528, 2574138.59485557], [690099.033577631, 2574138.71114232], [690098.012768043, 2574139.88605692], [690097.795002635, 2574140.11967917], [690094.769276198, 2574143.31317403], [690094.430220398, 2574143.66523871], [690090.107960502, 2574148.08076742], [690089.303136488, 2574148.87258742], [690081.927849313, 2574155.86047319], [690081.093820681, 2574156.62142439], [690077.401361734, 2574159.86514376], [690076.541654247, 2574160.59224589], [690068.683795337, 2574166.98902752], [690067.797504594, 2574167.68328277], [690067.202254625, 2574168.13178401], [690066.617526024, 2574168.56137767], [690062.7760327, 2574171.31275074], [690060.593178129, 2574172.99323606], [690060.582072663, 2574172.97889885], [690058.335156894, 2574174.71933801], [690044.537701471, 2574184.72586588], [690043.262418666, 2574185.59064101], [690042.698458288, 2574185.93183784], [690033.254587589, 2574191.38789148], [690032.193101096, 2574191.97286842], [690028.522138909, 2574193.90027372], [690026.926941718, 2574194.67850513], [690026.242446507, 2574194.98770856], [690021.852003959, 2574197.19165874], [690017.656577414, 2574199.74739313], [690017.573117414, 2574199.80304313], [690015.577667715, 2574201.22741538], [690015.562703396, 2574201.20677047], [690013.775509121, 2574202.50220583], [690013.393265674, 2574202.76521714], [690012.746001129, 2574203.19830683], [690006.871006355, 2574207.01990826], [690006.21276948, 2574207.43602283], [690002.044068242, 2574209.99621066], [690001.04649717, 2574210.58267132], [689992.473936885, 2574215.40234227], [689990.440595554, 2574216.44443421], [689980.476233521, 2574221.06349647], [689978.384067881, 2574222.08309063], [689976.329975007, 2574223.13391094], [689973.786566554, 2574224.28890265], [689963.404626299, 2574228.43159213], [689960.76476458, 2574229.34487992], [689950.042387493, 2574232.5034372], [689947.329022472, 2574233.16708022], [689935.672989365, 2574235.4484046], [689934.29550836, 2574235.68482716], [689930.629258362, 2574236.22647975], [689929.354146686, 2574236.38703233], [689918.491047688, 2574237.51904268], [689915.926967509, 2574237.67560534], [689905.649663299, 2574237.86203186], [689903.081587267, 2574237.79856113], [689892.184673942, 2574237.06127775], [689890.904535616, 2574236.94706638], [689887.254221614, 2574236.54241729], [689885.849736999, 2574236.35303605], [689873.955197023, 2574234.46208604], [689871.181914428, 2574233.88572451], [689860.205510482, 2574231.05769912], [689857.499054439, 2574230.22223036], [689856.997537605, 2574230.04105342], [689852.070052695, 2574228.49721128], [689847.028073641, 2574227.38275926], [689842.582963641, 2574226.59914926], [689840.905739977, 2574226.32790482], [689835.467908134, 2574225.5273186], [689833.759589565, 2574225.22510366], [689833.11098264, 2574225.0909114], [689832.385921486, 2574224.93123991], [689824.888188794, 2574223.17393045], [689823.975633969, 2574222.96753926], [689815.428154935, 2574221.10429817], [689812.562552902, 2574220.32922366], [689801.262503843, 2574216.66356225], [689798.487596351, 2574215.60889932], [689787.605410837, 2574210.8437118], [689784.948396134, 2574209.51980164], [689774.590826377, 2574203.70183638], [689772.077778456, 2574202.1216673], [689761.737512574, 2574194.88165982], [689760.542158233, 2574193.99980203], [689758.503859645, 2574192.41665911], [689757.408170118, 2574191.523459], [689748.278211565, 2574183.71555097], [689746.219906772, 2574181.7801422], [689738.357240547, 2574173.65573586], [689736.490239273, 2574171.53517633], [689729.42723332, 2574162.70680483], [689727.768099106, 2574160.41989335], [689721.567407723, 2574150.9658977], [689720.130907863, 2574148.53298938], [689714.847596363, 2574138.53730365], [689713.64648381, 2574135.98001101], [689709.327493943, 2574125.5314197], [689708.372406908, 2574122.87238567], [689705.056065622, 2574112.0636668], [689704.355511716, 2574109.32656982], [689702.071266141, 2574098.25365401], [689701.631449636, 2574095.46275413], [689700.399589665, 2574084.22401162], [689700.224423456, 2574081.40413197], [689700.045351763, 2574069.39210926], [689700.057590094, 2574067.97850703], [689700.170827873, 2574064.46584974], [689700.26067996, 2574062.91964799], [689700.32558518, 2574062.14759038], [689700.514459835, 2574055.49547803], [689699.96550096, 2574048.86336551], [689698.685461707, 2574042.33283936], [689698.415194736, 2574041.27013243], [689698.096305078, 2574039.87834079], [689695.668564539, 2574027.98919197], [689695.231316216, 2574025.16906297], [689694.020642871, 2574013.81330918], [689693.853497911, 2574010.9643941], [689693.727939385, 2573999.54491928], [689693.832405165, 2573996.69301096], [689694.793097166, 2573985.31340529], [689695.168234597, 2573982.48434835], [689697.206490753, 2573971.24752312], [689697.848887912, 2573968.46696529], [689701.13996635, 2573956.78730934], [689701.559857425, 2573955.42248337], [689702.781673764, 2573951.76330684], [689703.250550731, 2573950.46005484], [689707.48986476, 2573939.47951034], [689708.605057121, 2573936.94578681], [689713.530862608, 2573927.02370549], [689714.874990191, 2573924.60361919], [689719.110122147, 2573917.74467951], [689722.582936876, 2573911.26257399], [689725.236694298, 2573904.40431579], [689727.597368494, 2573896.98062184], [689728.076427107, 2573895.59269315], [689729.482624857, 2573891.82065229], [689729.900499888, 2573890.76157557], [689733.621942134, 2573881.83010228], [689734.576407199, 2573879.76393897], [689738.964513209, 2573871.1403531], [689739.499994191, 2573870.13565446], [689741.852756523, 2573865.91619756], [689742.167340607, 2573865.36577666], [689744.999708587, 2573860.52939358], [689745.824739884, 2573859.27260051], [689754.587517679, 2573846.75845748], [689754.842184078, 2573846.43756368], [689758.303442721, 2573841.60215109], [689761.269056602, 2573836.44786544], [689763.709895544, 2573831.02533544], [689765.601984051, 2573825.38782469], [689766.926736807, 2573819.59070847], [689767.671141233, 2573813.6909298], [689767.82788531, 2573807.74644012], [689767.395429394, 2573801.81563004], [689766.378021347, 2573795.95675581], [689764.78565481, 2573790.22736709], [689762.633971034, 2573784.68374163], [689759.944105248, 2573779.3803325], [689758.673503048, 2573777.15583026], [689753.641297285, 2573767.32009974], [689752.498240241, 2573764.80684046], [689748.39208412, 2573754.54990503], [689747.48506037, 2573751.94217802], [689744.339786522, 2573741.35101261], [689743.67647076, 2573738.6708887], [689741.91014313, 2573729.800831], [689740.457121557, 2573724.02009231], [689739.817764126, 2573721.92314953], [689739.083329176, 2573718.99234533], [689736.592258406, 2573706.38828213], [689736.336581234, 2573704.89810347], [689735.81916843, 2573701.34775225], [689735.676592016, 2573700.1781708], [689734.776292282, 2573694.82333835], [689733.395564489, 2573689.571828], [689731.545717094, 2573684.46665074], [689729.241900743, 2573679.54961908], [689726.502984184, 2573674.86100454], [689723.35139973, 2573670.43920789], [689720.592770942, 2573666.91751167], [689718.899565305, 2573664.52339593], [689712.600260685, 2573654.62268321], [689711.149021402, 2573652.074622], [689705.847073705, 2573641.60601788], [689704.651695013, 2573638.9283836], [689700.397723939, 2573627.99183594], [689699.469621525, 2573625.2102171], [689696.30437283, 2573613.91050874], [689695.65244256, 2573611.05153287], [689693.606154638, 2573599.49660992], [689693.236626018, 2573596.58762766], [689692.274208192, 2573584.1833065], [689692.004408352, 2573580.25332897], [689691.650112609, 2573577.88693777], [689691.671857639, 2573577.88390003], [689691.051592399, 2573573.443851], [689689.989457819, 2573561.53537282], [689689.872635354, 2573558.55012135], [689690.000934865, 2573546.59515849], [689690.181797329, 2573543.61310398], [689691.499262408, 2573531.73015416], [689691.824190528, 2573529.72006103], [689692.472256963, 2573523.95094223], [689692.559742309, 2573518.14619692], [689692.085827539, 2573512.36016834], [689691.054949382, 2573506.64702454], [689689.476758781, 2573501.06025121], [689687.366030548, 2573495.65215097], [689684.742525039, 2573490.47335375], [689681.630803164, 2573485.57234274], [689679.85966912, 2573483.06020475], [689673.487643758, 2573473.06611025], [689672.765399381, 2573471.87300777], [689671.546633756, 2573469.74976214], [689670.501936008, 2573467.81228451], [689668.129977111, 2573463.79539114], [689665.453114282, 2573459.97491647], [689664.868537444, 2573459.20603041], [689664.767355914, 2573459.06114853], [689661.607057676, 2573454.92970327], [689658.10080526, 2573451.08750091], [689655.960190676, 2573448.93690806], [689648.154115692, 2573440.28773246], [689645.238282722, 2573436.70400638], [689641.097292829, 2573432.11854543], [689636.506694444, 2573427.98325151], [689631.51516608, 2573424.34197509], [689627.74705146, 2573421.88003092], [689626.736214646, 2573421.18898828], [689625.458136976, 2573420.22204363], [689614.668120786, 2573411.58902439], [689612.244608875, 2573409.4244475], [689602.452393751, 2573399.67431935], [689601.331555155, 2573398.49608658], [689598.481098239, 2573395.33217824], [689597.742341968, 2573394.48053171], [689591.600985414, 2573387.12593096], [689590.222418738, 2573385.34288756], [689584.650750899, 2573377.54784776], [689584.012356711, 2573376.61825605], [689583.941765118, 2573376.51121095], [689583.456690367, 2573375.78714125], [689583.252410367, 2573375.48695125], [689580.644704864, 2573371.94180892], [689577.568770158, 2573368.06635296], [689576.838224524, 2573367.10692562], [689574.303057399, 2573363.63485252], [689573.397874892, 2573362.32336244], [689566.004719183, 2573350.97838592], [689564.410317312, 2573348.22198758], [689558.624231644, 2573336.86726567], [689557.331200966, 2573333.95731959], [689555.76304266, 2573329.85362107], [689553.41445841, 2573324.50440992], [689550.556782609, 2573319.40896128], [689547.217107539, 2573314.61558269], [689543.42709509, 2573310.16971793], [689539.222676587, 2573306.11351615], [689534.643712147, 2573302.48543228], [689529.733612779, 2573299.3198625], [689524.538928827, 2573296.64681808], [689519.108908648, 2573294.49164089], [689513.495031711, 2573292.87476316], [689511.763360493, 2573292.46615773], [689510.137888642, 2573292.03415253], [689506.714492135, 2573291.0207274], [689505.200375933, 2573290.52844179], [689496.004922077, 2573287.26641921], [689490.500330945, 2573285.60600344], [689484.862084736, 2573284.48008881], [689479.141957432, 2573283.89901421], [689473.392474905, 2573283.86811542], [689467.666432583, 2573284.38767618], [689460.689162583, 2573285.35968618], [689455.471527159, 2573286.3234298], [689450.359435091, 2573287.74435761], [689444.083322002, 2573289.79179254], [689440.993833895, 2573290.62017885], [689427.686517677, 2573293.43699769], [689426.112253341, 2573293.72657279], [689422.556232761, 2573294.28301659], [689421.259272929, 2573294.45707614], [689410.207942577, 2573295.69549468], [689407.598439258, 2573295.8731355], [689397.135730155, 2573296.12786348], [689394.520691515, 2573296.07742272], [689383.422126773, 2573295.37826011], [689382.118264345, 2573295.26752764], [689378.46059982, 2573294.87636146], [689377.094487732, 2573294.69844398], [689365.522809153, 2573292.92030338], [689362.823371487, 2573292.37759235], [689351.463727981, 2573289.54546254], [689350.134924579, 2573289.18156626], [689347.945966939, 2573288.52772829], [689347.278191651, 2573288.3197509], [689341.289910384, 2573286.37785495], [689340.627120386, 2573286.15435018], [689339.832035794, 2573285.87586755], [689338.476051994, 2573285.3638272], [689326.389757974, 2573280.46300292], [689325.060130377, 2573279.88607074], [689321.716752185, 2573278.33832813], [689319.767993014, 2573277.34842349], [689302.573330722, 2573267.81042671], [689300.701916662, 2573266.68125852], [689299.141097666, 2573265.66010942], [689297.854713624, 2573264.76975813], [689287.124837118, 2573256.9216024], [689284.701302161, 2573254.94702252], [689283.977821705, 2573254.29192356], [689279.603939706, 2573250.69219206], [689274.910072978, 2573247.5209895], [689269.938060704, 2573244.80658266], [689264.732221346, 2573242.57316663], [689259.338957603, 2573240.84064917], [689248.129218283, 2573237.81534696], [689247.02790589, 2573237.48755953], [689245.981374371, 2573237.11720138], [689233.999245579, 2573232.53438759], [689231.010426164, 2573231.21525519], [689225.293363922, 2573229.0330945], [689219.38376794, 2573227.44460426], [689213.343108893, 2573226.46630767], [689207.234220753, 2573226.10838083], [689201.120647199, 2573226.37454684], [689197.661322257, 2573226.70252128], [689194.919255223, 2573226.83624055], [689194.674494601, 2573226.83695715], [689187.602897191, 2573227.27599834], [689180.632359332, 2573228.54558452], [689174.023073934, 2573230.15765698], [689171.232477248, 2573230.69960144], [689159.975128123, 2573232.33646554], [689157.145754959, 2573232.61169021], [689145.783930342, 2573233.17507689], [689142.941206325, 2573233.18111349], [689131.577205733, 2573232.66595725], [689128.746681498, 2573232.40274018], [689116.777728735, 2573230.71424738], [689115.374448559, 2573230.4822312], [689111.743858699, 2573229.79313141], [689110.422166164, 2573229.51128466], [689107.029496168, 2573228.70750759], [689101.154351655, 2573227.62130403], [689095.200307376, 2573227.1247983], [689089.226402908, 2573227.22291368], [689083.29187476, 2573227.91467728], [689077.45556899, 2573229.19322966], [689071.775357693, 2573231.04589284], [689066.307565154, 2573233.45429603], [689066.177785305, 2573233.51935858], [689063.523698801, 2573234.69282846], [689052.687720571, 2573238.86934313], [689049.932602642, 2573239.78074154], [689038.743647077, 2573242.89011079], [689035.913305657, 2573243.53089255], [689024.476197548, 2573245.54399994], [689021.597170292, 2573245.9081521], [689010.018983194, 2573246.8061488], [689007.118258498, 2573246.89026391], [688994.7811433, 2573246.65061132], [688993.330484601, 2573246.58728076], [688989.735522685, 2573246.34303705], [688988.390133693, 2573246.22114073], [688976.983082532, 2573244.92807931], [688974.316648158, 2573244.50347757], [688963.734126094, 2573242.32574266], [688961.116661988, 2573241.66298958], [688950.772923405, 2573238.54212307], [688948.225714476, 2573237.64660872], [688938.204622409, 2573233.60790205], [688935.748304709, 2573232.48688814], [688926.131171205, 2573227.56310399], [688923.785646563, 2573226.22567059], [688914.079012666, 2573220.09587757], [688912.953314591, 2573219.34901851], [688911.4136559, 2573218.2768106], [688910.234734959, 2573217.41240656], [688900.398206369, 2573209.82471132], [688898.174551248, 2573207.92964764], [688889.656019184, 2573199.92147449], [688887.627386925, 2573197.81901155], [688879.928792377, 2573189.01982247], [688878.114423473, 2573186.72989455], [688874.258232063, 2573181.34321075], [688870.746528303, 2573176.89726564], [688866.831136011, 2573172.80236706], [688862.546965793, 2573169.09502613], [688857.932216373, 2573165.80829842], [688853.028033999, 2573162.97148922], [688847.878145574, 2573160.60989222], [688842.528468779, 2573158.74456399], [688837.026702656, 2573157.39213627], [688831.421902314, 2573156.56466764], [688825.764041541, 2573156.26953601], [688810.737671641, 2573156.19612592], [688808.962863404, 2573156.13487978], [688807.051936826, 2573156.01221494], [688805.796211996, 2573155.9448137], [688803.708248046, 2573155.85467447], [688802.296522784, 2573155.76032882], [688790.321743879, 2573154.67583158], [688787.520601217, 2573154.28824637], [688776.396936526, 2573152.2104027], [688773.644775018, 2573151.56065973], [688762.766455928, 2573148.4441515], [688760.087746414, 2573147.53801569], [688748.892253804, 2573143.15232618], [688747.5873358, 2573142.6053007], [688746.573056441, 2573142.15169966], [688745.070111238, 2573141.42876311], [688732.474452713, 2573134.9328448], [688729.602158367, 2573133.2431153], [688717.805401493, 2573125.38931932], [688716.443316978, 2573124.4267878], [688715.450007103, 2573123.6826053], [688709.907484668, 2573119.99188357], [688703.990124208, 2573116.93806186], [688697.770809493, 2573114.55875392], [688686.274026465, 2573110.87767491], [688683.59997978, 2573109.87881393], [688673.101598591, 2573105.3767938], [688670.534648758, 2573104.12816164], [688660.512026823, 2573098.64821122], [688658.075446237, 2573097.16112005], [688648.619299648, 2573090.75283942], [688646.335206167, 2573089.04080121], [688640.86472297, 2573084.51814797], [688639.899433546, 2573083.73678329], [688633.378702663, 2573078.56928178], [688631.098269984, 2573076.56604952], [688622.389666005, 2573068.09753417], [688622.251197682, 2573067.94851987], [688619.611664898, 2573065.2803986], [688618.666452184, 2573064.38291318], [688616.569529282, 2573062.1790268], [688608.635841799, 2573052.94458402], [688606.773006096, 2573050.53948742], [688599.855900119, 2573040.60592659], [688597.330754489, 2573036.53479503], [688593.942582205, 2573031.63354218], [688590.084993405, 2573027.09250711], [688585.796030333, 2573022.95647197], [688581.117989303, 2573019.26622496], [688576.097003585, 2573016.05815805], [688570.782588453, 2573013.36390812], [688565.227152884, 2573011.21004496], [688559.485482718, 2573009.61780925], [688553.614200377, 2573008.60290307], [688547.671206477, 2573008.17533509], [688541.715108826, 2573008.33932184], [688535.80464446, 2573009.09324614], [688531.492361821, 2573010.08575571], [688531.491213453, 2573010.08078911], [688527.22606571, 2573011.06696725], [688524.254908123, 2573011.60319504], [688520.493272639, 2573012.40738374], [688520.067948428, 2573012.51267537], [688516.964431383, 2573013.11843646], [688513.715854212, 2573013.8466166], [688510.710083313, 2573014.60853277], [688507.681974732, 2573015.21207788], [688503.472683291, 2573015.82767532], [688497.689500077, 2573016.96603882], [688496.40690182, 2573017.28466493], [688494.688727281, 2573017.65839566], [688493.43137538, 2573017.89352143], [688491.523785961, 2573018.18706363], [688474.285270184, 2573020.27445824], [688472.362773495, 2573020.44469646], [688469.140614646, 2573020.62577404], [688467.524269265, 2573020.67295631], [688453.783944412, 2573020.70350159], [688450.557194411, 2573020.53654844], [688437.697918623, 2573019.17340536], [688437.11317564, 2573019.07932329], [688428.80574373, 2573018.32994944], [688421.045665847, 2573018.17165313], [688418.126605672, 2573017.96929443], [688406.498546819, 2573016.5904369], [688403.613114612, 2573016.10449788], [688392.174836951, 2573013.59872768], [688389.350497852, 2573012.83383291], [688378.210965652, 2573009.22502381], [688375.474624455, 2573008.18845514], [688364.739899594, 2573003.5109742], [688362.117664604, 2573002.21262651], [688351.89000184, 2572996.51100963], [688349.406795352, 2572994.96322619], [688339.181604372, 2572987.87443449], [688337.999079396, 2572987.01115321], [688334.698946809, 2572984.47618881], [688333.522757477, 2572983.52460594], [688323.648340424, 2572975.11502457], [688321.606220318, 2572973.20455823], [688314.250931344, 2572965.65015339], [688313.530079284, 2572964.88331938], [688310.414711201, 2572961.45051193], [688309.393919749, 2572960.26499671], [688300.98512046, 2572949.9679321], [688299.136640288, 2572947.44665501], [688292.275160073, 2572936.98447562], [688290.699307798, 2572934.28443717], [688284.964661359, 2572923.16462023], [688283.678555122, 2572920.3151522], [688279.133083654, 2572908.65858357], [688278.150704722, 2572905.69066086], [688274.84382641, 2572893.62407323], [688274.175863863, 2572890.57000481], [688272.143573672, 2572878.22471375], [688271.79728713, 2572875.11765845], [688271.015631266, 2572861.84646432], [688270.964410759, 2572860.28286411], [688270.941883459, 2572856.90367435], [688270.976926785, 2572855.24046608], [688271.666536951, 2572841.12142013], [688272.01250935, 2572837.81553215], [688274.128645437, 2572824.68142392], [688274.83850112, 2572821.43414394], [688278.618319245, 2572807.81296754], [688279.107428615, 2572806.22292343], [688280.302728729, 2572802.68898865], [688280.788471924, 2572801.35739179], [688285.182521575, 2572790.14223785], [688286.339399096, 2572787.55634894], [688291.035733166, 2572778.26339194], [688293.434672019, 2572772.87335188], [688295.292653351, 2572767.27376753], [688296.591712838, 2572761.51877978], [688297.31929022, 2572755.66403208], [688297.468350744, 2572749.76613242], [688297.037453185, 2572743.88210601], [688296.030763776, 2572738.06884393], [688294.458015928, 2572732.38255308], [688292.334416121, 2572726.87821266], [688289.680496875, 2572721.6090427], [688288.445956881, 2572719.43153143], [688287.197024711, 2572716.9712264], [688285.18128642, 2572712.50199497], [688282.624536313, 2572707.47745094], [688279.607484062, 2572702.71505559], [688276.15676606, 2572698.25685426], [688272.302847366, 2572694.1422067], [688268.079752746, 2572690.40743955], [688267.648752746, 2572690.06095955], [688262.606123759, 2572686.42076536], [688258.35588406, 2572683.97841625], [688258.380939825, 2572683.93169755], [688256.597496898, 2572682.97521696], [688246.619055099, 2572677.33119646], [688244.334275076, 2572675.89960268], [688234.903252559, 2572669.38208186], [688233.811572689, 2572668.59079934], [688229.302565821, 2572665.1651091], [688229.000702329, 2572664.9347355], [688227.89088527, 2572664.04062373], [688217.626638954, 2572655.35556743], [688212.816754785, 2572651.68529878], [688207.66169309, 2572648.51809234], [688202.213872051, 2572645.8861532], [688196.528686713, 2572643.8162437], [688190.663945711, 2572642.32941127], [688184.679283454, 2572641.44077447], [688178.635553747, 2572641.15936922], [688172.594211009, 2572641.48805692], [688166.616685387, 2572642.42349539], [688160.76375812, 2572643.95617282], [688155.094943489, 2572646.07050448], [688149.667883669, 2572648.74499123], [688146.42221766, 2572650.77424184], [688146.394120545, 2572650.72988314], [688143.00739283, 2572652.87506014], [688142.370466482, 2572653.23978396], [688136.465853365, 2572657.09875174], [688131.054933103, 2572661.62401751], [688123.745356195, 2572668.50651479], [688121.54376917, 2572670.38741161], [688111.807076916, 2572677.92380542], [688110.640222126, 2572678.78272513], [688106.912013276, 2572681.39060141], [688105.986255378, 2572682.01285959], [688098.021507491, 2572687.15407217], [688096.104305753, 2572688.29294303], [688087.779640681, 2572692.82808684], [688086.905879144, 2572693.28323574], [688083.87588341, 2572694.77427463], [688082.714911644, 2572695.36129935], [688078.784721644, 2572697.40232935], [688074.261725671, 2572700.00701897], [688069.982209439, 2572702.99493487], [688065.978556879, 2572706.3434669], [688057.240330829, 2572714.32282411], [688054.977536649, 2572716.19437099], [688045.566425179, 2572723.23148173], [688043.131449353, 2572724.87266965], [688042.050114686, 2572725.52685792], [688037.167568644, 2572728.81842176], [688032.63118265, 2572732.57273268], [688028.484649218, 2572736.75363078], [688024.767905971, 2572741.32084744], [688021.516750978, 2572746.23039321], [688018.762497963, 2572751.43498144], [688016.531674704, 2572756.8844838], [688014.845767529, 2572762.52641303], [688013.721014369, 2572768.30642849], [688013.168248362, 2572774.16885957], [688013.192793512, 2572780.05724185], [688013.794413411, 2572785.91486099], [688014.967313514, 2572791.6852989], [688016.700196954, 2572797.31297723], [688017.966605057, 2572800.3344926], [688017.90946237, 2572800.3585838], [688022.835944157, 2572812.04386346], [688023.807061594, 2572814.68784488], [688027.191865858, 2572825.4389564], [688027.910590861, 2572828.16240964], [688030.27162029, 2572839.18378387], [688030.73161017, 2572841.96264765], [688032.130339963, 2572853.85715018], [688032.262010467, 2572855.26034069], [688032.505435755, 2572858.72866486], [688032.575600994, 2572860.37487854], [688032.787395371, 2572874.37479283], [688032.656339404, 2572877.66456691], [688031.331580743, 2572891.60325508], [688031.130680348, 2572893.23869269], [688030.618475641, 2572896.63464158], [688030.341223172, 2572898.19287445], [688027.636743016, 2572911.36717255], [688026.838234313, 2572914.42735062], [688023.000977796, 2572926.48885712], [688021.884532706, 2572929.44788005], [688016.797969479, 2572941.03802625], [688015.3760277, 2572943.86293826], [688012.657922472, 2572948.62008205], [688009.950413057, 2572953.96097088], [688007.788740321, 2572959.54513346], [688006.194434347, 2572965.316952], [688005.183374289, 2572971.21893965], [688004.615164289, 2572975.94155965], [688004.622799048, 2572975.94247824], [688004.159256829, 2572979.63676364], [688003.983934343, 2572985.246919], [688004.022499909, 2572987.72674909], [688004.01845054, 2572988.87162055], [688003.935514722, 2572992.53700349], [688003.863260033, 2572994.04677305], [688002.926238013, 2573006.85673242], [688002.55440621, 2573009.85429217], [688000.463959813, 2573021.76012696], [687999.792393731, 2573024.705083], [687997.683202265, 2573032.19197426], [687996.159999865, 2573039.16392964], [687995.475349165, 2573046.26741897], [687995.105215046, 2573056.38129423], [687994.840574048, 2573059.40669718], [687993.169657803, 2573071.44491212], [687992.600314271, 2573074.42797582], [687989.720093146, 2573086.23539867], [687988.851871245, 2573089.14560973], [687984.791925014, 2573100.60105307], [687983.63375901, 2573103.40845538], [687982.899835099, 2573104.95958881], [687980.514401175, 2573110.76978631], [687978.749416673, 2573116.79751554], [687976.813310849, 2573124.97483788], [687976.487858472, 2573126.2281115], [687975.504249763, 2573129.70558187], [687974.944275561, 2573131.47446131], [687969.452838572, 2573147.12159893], [687968.906972266, 2573148.52001782], [687968.535352212, 2573149.33470292], [687962.11860084, 2573162.40020729], [687960.436865831, 2573165.38121274], [687958.255497845, 2573168.77874406], [687955.345881785, 2573173.83553465], [687952.941138088, 2573179.15100306], [687950.622987108, 2573185.01928428], [687949.466164502, 2573187.58759308], [687944.039821491, 2573198.2649054], [687943.371952096, 2573199.50598345], [687941.261350645, 2573203.21639224], [687938.83371622, 2573207.96323688], [687936.837054179, 2573212.90684726], [687935.287130355, 2573218.00818817], [687934.196183095, 2573223.22697894], [687934.002397068, 2573224.41546847], [687933.405789734, 2573227.22158675], [687930.48383571, 2573238.32384581], [687929.621757307, 2573241.06014219], [687928.530655048, 2573244.02100055], [687926.644271542, 2573250.54324714], [687926.602688809, 2573250.53204521], [687925.359826232, 2573255.14567754], [687921.396675053, 2573267.25602069], [687920.24713249, 2573270.22512437], [687915.021982513, 2573281.84682562], [687913.564022051, 2573284.67729659], [687906.781463037, 2573296.28577477], [687906.131287026, 2573297.32628295], [687905.622653928, 2573298.0564327], [687897.597032597, 2573308.94907343], [687895.576514044, 2573311.40676834], [687888.689053121, 2573318.93203626], [687884.368736439, 2573324.22914572], [687880.678952719, 2573329.98327476], [687877.667591773, 2573336.11974037], [687876.363039864, 2573339.21208507], [687871.040081239, 2573350.22555168], [687869.57144132, 2573352.90617929], [687863.154784555, 2573363.32037065], [687861.420825372, 2573365.83754131], [687853.511452986, 2573376.1515384], [687852.550040313, 2573377.34115491], [687850.491543683, 2573379.75944695], [687849.610352863, 2573380.74948429], [687841.93769208, 2573388.99559177], [687840.049178723, 2573390.85345017], [687832.171296227, 2573397.94657845], [687830.126161757, 2573399.63051287], [687821.123073604, 2573406.39900951], [687820.046309488, 2573407.17187992], [687818.783855729, 2573408.03642794], [687814.281608336, 2573411.4414723], [687810.119282156, 2573415.25455497], [687806.333719047, 2573419.44192534], [687802.958426037, 2573423.96651988], [687802.543280963, 2573424.58138939], [687801.174839194, 2573426.44852917], [687796.54916711, 2573432.27425491], [687793.378556942, 2573436.65990776], [687790.616006556, 2573441.31340484], [687785.796337139, 2573450.33578028], [687784.237992819, 2573452.92900506], [687777.063471188, 2573463.60780598], [687776.314300508, 2573464.66429265], [687775.651382777, 2573465.51117703], [687768.095245456, 2573474.73681345], [687767.233118049, 2573475.74322284], [687766.801566369, 2573476.22503397], [687764.727580884, 2573478.66888272], [687763.393590884, 2573480.32867272], [687763.4144594, 2573480.34544496], [687761.26604064, 2573483.01323448], [687761.092946059, 2573483.24930993], [687759.010237328, 2573485.78597381], [687750.131597894, 2573495.46662655], [687748.175883958, 2573497.3775458], [687742.832742634, 2573503.345958], [687735.400671586, 2573512.85570015], [687733.474187099, 2573515.08557187], [687725.335575692, 2573523.61941045], [687723.199527284, 2573525.64935951], [687721.415665723, 2573527.18503596], [687717.397887038, 2573530.97966294], [687713.746294673, 2573535.1278689], [687710.491868065, 2573539.59446122], [687707.662217175, 2573544.34154614], [687705.28134824, 2573549.32885028], [687705.072076977, 2573549.82475892], [687699.89983301, 2573561.28387115], [687698.552047409, 2573563.91550646], [687692.645681126, 2573574.1681898], [687691.04525053, 2573576.65427065], [687684.157801618, 2573586.27525446], [687682.320256615, 2573588.59163521], [687674.030545892, 2573598.04402905], [687673.027910067, 2573599.13195718], [687669.301620249, 2573602.98028944], [687668.323500944, 2573603.94520044], [687659.82564482, 2573611.95273745], [687657.742905878, 2573613.74251627], [687649.089429774, 2573620.51531037], [687646.851671746, 2573622.10704174], [687637.614865016, 2573628.05972411], [687635.240856252, 2573629.44005323], [687634.368192547, 2573629.89531339], [687629.331311248, 2573632.84313991], [687624.604647091, 2573636.26636944], [687620.232919381, 2573640.13261455], [687616.25748934, 2573644.40529642], [687612.715968795, 2573649.04399092], [687609.641864321, 2573654.00481102], [687609.35435443, 2573654.52353731], [687603.699592179, 2573664.2164271], [687602.27055236, 2573666.43544591], [687600.970091097, 2573668.27189754], [687598.403710676, 2573672.21521887], [687596.154198318, 2573676.34750463], [687591.529585088, 2573685.69822248], [687589.42623529, 2573689.48138319], [687589.436287699, 2573689.48697209], [687587.812098129, 2573692.37494318], [687587.408866692, 2573693.17057533], [687581.628878059, 2573703.31803443], [687580.062815105, 2573705.78049961], [687573.323671904, 2573715.31801591], [687571.525639878, 2573717.61655565], [687563.891174006, 2573726.45376537], [687561.878209936, 2573728.56660985], [687552.891784656, 2573737.12345481], [687551.81008852, 2573738.10436029], [687549.812314678, 2573739.82926792], [687548.625199329, 2573740.80235247], [687538.329236746, 2573748.81046029], [687535.814812746, 2573750.5673532], [687524.754360594, 2573757.48156366], [687523.432376401, 2573758.26165811], [687520.644854456, 2573759.8117956], [687519.309246409, 2573760.51116891], [687514.702571269, 2573762.77774571], [687509.865846645, 2573765.44063693], [687505.294385514, 2573768.53686655], [687501.02689913, 2573772.04021562], [687497.099524679, 2573775.92101768], [687493.545519271, 2573780.14641], [687490.394978318, 2573784.68061186], [687490.183530074, 2573785.01695953], [687485.376908635, 2573791.89778177], [687483.218361904, 2573795.21581337], [687482.112399699, 2573797.04516411], [687481.369701758, 2573798.20947235], [687480.164648237, 2573799.87330866], [687478.418801055, 2573802.11452218], [687475.475291542, 2573806.24169884], [687472.890675061, 2573810.60261539], [687471.908413666, 2573812.63343572], [687471.870668133, 2573812.61478875], [687469.854732846, 2573816.69548081], [687469.641286255, 2573817.0775588], [687468.131000445, 2573820.07667304], [687468.100918331, 2573820.06170778], [687463.319421474, 2573829.67313416], [687462.738758096, 2573830.77630051], [687462.496928023, 2573831.20311646], [687458.181229627, 2573838.54749419], [687457.688863645, 2573839.35591833], [687455.355041685, 2573843.05518489], [687454.165485599, 2573844.80123807], [687442.917412689, 2573860.12236792], [687441.607923788, 2573861.78028578], [687441.261331748, 2573862.18866059], [687440.155793728, 2573863.42068779], [687430.476637969, 2573873.62613109], [687428.071685394, 2573875.89670438], [687427.777837254, 2573876.14495016], [687423.05752697, 2573880.59147105], [687418.844665637, 2573885.52144839], [687415.188465182, 2573890.87729337], [687408.571165637, 2573901.79435259], [687406.830167431, 2573904.35767941], [687401.790128696, 2573911.01059631], [687398.092615788, 2573916.49514892], [687395.021280519, 2573922.35337551], [687394.933960297, 2573922.54491847], [687394.27186858, 2573923.90528153], [687392.567625542, 2573927.193467], [687391.893701148, 2573928.42257263], [687385.57265735, 2573939.33785442], [687384.84205563, 2573940.53411893], [687383.060765206, 2573943.30313164], [687382.105271163, 2573944.70018399], [687373.654747089, 2573956.33714428], [687371.516552223, 2573958.95697281], [687361.809113795, 2573969.56807409], [687360.631981995, 2573970.78404572], [687360.625208958, 2573970.79065821], [687359.949409695, 2573971.43028037], [687353.779908223, 2573977.09071009], [687353.084702975, 2573977.7089725], [687349.91262049, 2573980.44306244], [687348.844798325, 2573981.32138052], [687339.600886917, 2573988.57414237], [687337.350532869, 2573990.17791436], [687335.309543596, 2573991.49502303], [687330.937365863, 2573994.60183414], [687326.860108219, 2573998.0866847], [687323.110352724, 2574001.9217267], [687319.718064315, 2574006.07631365], [687317.609214315, 2574008.90860365], [687317.147387505, 2574009.5373523], [687317.04129783, 2574009.68377253], [687310.305959605, 2574018.58611305], [687309.537187431, 2574019.55971049], [687307.715090731, 2574021.77165072], [687306.88540922, 2574022.7363962], [687299.236842302, 2574031.25762323], [687299.073600681, 2574031.43190845], [687298.688453818, 2574031.88615024], [687298.67363115, 2574031.87254027], [687298.13639115, 2574032.45765027], [687297.508647183, 2574033.1521264], [687297.443219441, 2574033.22565445], [687297.10760732, 2574033.59652135], [687294.055986982, 2574036.91266885], [687293.713849506, 2574037.27829081], [687290.501375645, 2574040.65436454], [687289.915626524, 2574041.25298254], [687284.569248783, 2574046.56635756], [687283.966935835, 2574047.14846957], [687283.656660639, 2574047.44007204], [687282.44804795, 2574048.51603796], [687271.315652546, 2574057.90082676], [687270.05072492, 2574058.91008433], [687267.566382738, 2574060.78488794], [687266.224376637, 2574061.74092782], [687253.917420574, 2574070.00834832], [687252.524918644, 2574070.88926373], [687249.997344412, 2574072.39265198], [687249.285155543, 2574072.80315633], [687246.752052057, 2574074.21735369], [687246.033377432, 2574074.62509618], [687244.145127432, 2574075.71365618], [687243.320746212, 2574076.19769564], [687239.840506212, 2574078.27859564], [687232.994339313, 2574083.04798125], [687226.868751181, 2574087.98189668], [687226.152455021, 2574088.54116245], [687222.716736531, 2574091.14091963], [687221.503598121, 2574092.01224843], [687211.042819322, 2574099.13764135], [687207.12287981, 2574101.52469516], [687202.385979015, 2574104.72830053], [687197.975576258, 2574108.36830933], [687193.93173431, 2574112.41165681], [687190.291186214, 2574116.82161442], [687187.087001613, 2574121.55812342], [687186.343173364, 2574122.77927699], [687179.494993116, 2574132.89672185], [687178.660849839, 2574134.06761493], [687177.118799529, 2574136.12597273], [687176.369248214, 2574137.08529122], [687171.386459716, 2574143.2025195], [687167.824434056, 2574147.58319865], [687166.83064102, 2574148.74371619], [687158.137342802, 2574158.38705827], [687155.980130315, 2574160.54781847], [687146.351006937, 2574169.25705225], [687145.192146346, 2574170.25274022], [687141.678723853, 2574173.11918956], [687141.404624332, 2574173.34014433], [687138.926191844, 2574175.31420998], [687138.649515899, 2574175.53193933], [687137.352452403, 2574176.54040312], [687136.263978876, 2574177.34789495], [687126.860575879, 2574183.99988759], [687124.58048047, 2574185.46292845], [687122.858877344, 2574186.46081021], [687119.045654514, 2574188.86685997], [687118.542984514, 2574189.21109997], [687117.985403497, 2574189.60271565], [687116.432613978, 2574190.66159873], [687115.309297219, 2574191.38612268], [687110.543790723, 2574194.80062261], [687106.134258658, 2574198.66389699], [687101.721107333, 2574202.92897287], [687099.540195243, 2574204.8415628], [687090.452696433, 2574212.06413049], [687089.73310093, 2574212.58129286], [687084.500472792, 2574216.80605295], [687079.773513579, 2574221.58986436], [687079.263550088, 2574222.16739436], [687077.143741557, 2574224.33631158], [687068.23234497, 2574232.57591298], [687065.904299673, 2574234.51953922], [687063.697140808, 2574236.18024653], [687059.757442148, 2574239.41557811], [687056.106605778, 2574242.97366603], [687053.488789732, 2574245.75140026], [687051.214598086, 2574247.92395468], [687049.776923774, 2574249.1598374], [687046.975390157, 2574251.72680992], [687046.88051381, 2574251.81943713], [687045.648124512, 2574253.01496831], [687040.915731824, 2574257.56010812], [687040.607257886, 2574257.85220999], [687037.813048243, 2574260.46082415], [687037.500518333, 2574260.74847986], [687033.201900059, 2574264.64914089], [687032.10336815, 2574265.5985213], [687022.575459298, 2574273.43809264], [687020.248106866, 2574275.17119798], [687010.60988495, 2574281.64786643], [687008.125900171, 2574283.14786965], [686997.90672415, 2574288.66249069], [686995.289362082, 2574289.91534952], [686984.584988247, 2574294.41625058], [686981.85876357, 2574295.41022575], [686970.769365877, 2574298.85529046], [686967.95984622, 2574299.58106655], [686956.589396588, 2574301.93798431], [686953.72286173, 2574302.38877009], [686942.177826937, 2574303.63548238], [686939.281129559, 2574303.80705213], [686927.669663111, 2574303.93188158], [686924.769955068, 2574303.82262552], [686913.200735399, 2574302.82440008], [686910.325177444, 2574302.43534969], [686898.906714208, 2574300.32342499], [686896.082220291, 2574299.65821385], [686884.223182434, 2574296.25181888], [686882.83771205, 2574295.81729267], [686882.256114222, 2574295.61930324], [686881.058307143, 2574295.18292216], [686870.364929716, 2574291.02766788], [686869.186688177, 2574290.5407601], [686867.344965072, 2574289.73342845], [686865.970501058, 2574289.08898472], [686854.43305097, 2574283.31887007], [686851.791922501, 2574281.82638312], [686841.538126275, 2574275.32650647], [686837.975387578, 2574272.80668376], [686832.99381877, 2574269.63907488], [686827.7250799, 2574266.97633859], [686822.220174955, 2574264.8442515], [686816.532394129, 2574263.26345325], [686810.716797942, 2574262.24924676], [686804.829684231, 2574261.81145005], [686798.928043157, 2574261.95430119], [686793.069005513, 2574262.67641732], [686787.309289672, 2574263.97080801], [686781.70465252, 2574265.8249429], [686780.48660252, 2574266.2955629], [686775.340669229, 2574268.56644658], [686772.634881166, 2574270.07772464], [686772.611489329, 2574270.03569271], [686768.80477642, 2574272.15422496], [686758.391315782, 2574277.30582342], [686755.729816718, 2574278.46566319], [686744.866894757, 2574282.58595416], [686742.105689836, 2574283.48294612], [686730.895246323, 2574286.53327178], [686728.06025038, 2574287.15899229], [686715.890902086, 2574289.23285754], [686714.139047166, 2574289.48791541], [686708.293531641, 2574290.63787048], [686702.590872811, 2574292.36185734], [686697.087293265, 2574294.64287917], [686691.837052868, 2574297.45844735], [686686.89191381, 2574300.78080316], [686685.837202323, 2574301.56812367], [686676.378448906, 2574307.95172978], [686673.941597254, 2574309.432736], [686663.292277189, 2574315.23016908], [686662.023249543, 2574315.88238293], [686658.335164516, 2574317.66828986], [686656.993632381, 2574318.27769906], [686653.777342362, 2574319.64447511], [686649.763144148, 2574321.52836394], [686645.899041535, 2574323.70357323], [686640.372476325, 2574327.08946697], [686637.687441979, 2574328.55164773], [686626.657540248, 2574333.84777756], [686623.837514668, 2574335.02891342], [686612.325655163, 2574339.17412732], [686609.400008503, 2574340.06190476], [686602.433626203, 2574341.7933374], [686595.200840481, 2574344.08529586], [686594.975837275, 2574344.1726035], [686591.634723167, 2574345.24860986], [686577.18144635, 2574348.98500718], [686575.46831724, 2574349.37473281], [686572.011598389, 2574350.05528755], [686570.657128076, 2574350.28984989], [686559.104072879, 2574352.01894396], [686556.371162297, 2574352.30069401], [686545.394993524, 2574352.92592975], [686542.647805856, 2574352.95634306], [686541.687186996, 2574352.9229371], [686534.790765017, 2574353.0798945], [686523.499568298, 2574353.98821432], [686522.184045193, 2574354.06500045], [686518.444474775, 2574354.20094997], [686517.253231298, 2574354.22057756], [686507.127679053, 2574354.18631603], [686504.748177647, 2574354.08368565], [686494.657439222, 2574353.24600425], [686493.519350021, 2574353.12872234], [686488.816126217, 2574352.54192554], [686482.250282504, 2574352.08651886], [686475.674061164, 2574352.35299924], [686472.045194988, 2574352.70015197], [686471.46214113, 2574352.75019929], [686466.210608178, 2574353.14937548], [686465.626654397, 2574353.1880404], [686461.932051417, 2574353.39648085], [686461.356622376, 2574353.43171922], [686460.544962376, 2574353.48533922], [686458.732588824, 2574353.63268196], [686457.042448824, 2574353.79590196], [686451.897651501, 2574354.51871951], [686446.834670213, 2574355.68389125], [686441.891465231, 2574357.28268117], [686437.10509879, 2574359.30310217], [686435.673644379, 2574359.98179483], [686434.306649024, 2574360.58866342], [686431.721824789, 2574361.65985051], [686430.556594664, 2574362.11451179], [686420.575562469, 2574365.77110801], [686418.194093386, 2574366.53256318], [686407.94301829, 2574369.34502706], [686406.76886162, 2574369.64098983], [686405.586929962, 2574369.88708341], [686395.168863867, 2574371.83125532], [686392.701559172, 2574372.18629631], [686382.778562721, 2574373.195375], [686380.290303052, 2574373.34427006], [686369.694215121, 2574373.53705214], [686368.447181357, 2574373.53381249], [686364.873026222, 2574373.45022104], [686363.283010412, 2574373.37077399], [686357.527959695, 2574372.92985831], [686351.772313658, 2574372.76599263], [686346.027463553, 2574373.15459337], [686340.346316757, 2574374.09208169], [686334.781193971, 2574375.56982376], [686329.383347368, 2574377.57421028], [686325.755181772, 2574379.33376904], [686325.749048289, 2574379.32112582], [686321.873916439, 2574381.20103107], [686311.311686322, 2574385.71394649], [686308.62132246, 2574386.71405673], [686297.675989856, 2574390.19632479], [686294.902321678, 2574390.93459976], [686283.674149983, 2574393.35431975], [686280.842594989, 2574393.82399521], [686269.434553209, 2574395.15898376], [686266.571044773, 2574395.35575164], [686255.087567886, 2574395.59378991], [686252.21839679, 2574395.51585011], [686240.048276716, 2574394.60087174], [686238.619152924, 2574394.45895222], [686235.100969023, 2574394.02428975], [686233.581718874, 2574393.79695564], [686220.725325364, 2574391.53519057], [686217.733149668, 2574390.84921476], [686205.914869335, 2574387.49451383], [686203.008541773, 2574386.5061559], [686194.964609729, 2574383.30243954], [686189.229658935, 2574381.34763354], [686183.326799612, 2574379.98118599], [686177.316226048, 2574379.2170312], [686171.259230945, 2574379.06296163], [686165.217580387, 2574379.52054841], [686159.252883986, 2574380.58512529], [686153.42596661, 2574382.24583629], [686150.382665874, 2574383.45668189], [686150.358775914, 2574383.39666624], [686137.737091431, 2574388.42088145], [686134.881277676, 2574389.39427739], [686122.54467634, 2574392.91711075], [686121.082936027, 2574393.29501283], [686117.564129129, 2574394.11082487], [686116.078097033, 2574394.41597089], [686103.388373971, 2574396.68888688], [686100.380937915, 2574397.0718438], [686087.156196633, 2574398.07981129], [686082.470941328, 2574398.62283872], [686077.842817055, 2574399.53221311], [686073.735247055, 2574400.50842311], [686067.187534808, 2574402.46455799], [686063.199314059, 2574403.90812921], [686060.242874327, 2574404.80882243], [686047.490217733, 2574407.98581235], [686045.980351056, 2574408.32086947], [686042.470767363, 2574409.00525248], [686041.015393621, 2574409.25204497], [686028.599844304, 2574411.04435555], [686025.662838606, 2574411.32170253], [686013.869125778, 2574411.85200635], [686010.919086452, 2574411.83937401], [685999.130368564, 2574411.20807095], [685996.195859968, 2574410.90558009], [685984.526196286, 2574409.11877395], [685981.635607777, 2574408.52935609], [685969.48259573, 2574405.42138667], [685968.061866527, 2574405.02056268], [685964.463986585, 2574403.90923687], [685963.094456324, 2574403.44980391], [685951.553455486, 2574399.26640231], [685948.88978109, 2574398.15302171], [685947.140367069, 2574397.32069808], [685941.675622407, 2574395.04414191], [685936.013131616, 2574393.31719656], [685930.208019268, 2574392.1566739], [685924.316798361, 2574391.57387167], [685918.396820164, 2574391.57446348], [685912.505715897, 2574392.15844355], [685906.700835694, 2574393.32012683], [685901.038690293, 2574395.04820428], [685895.574400902, 2574397.32585299], [685890.361162596, 2574400.13089997], [685885.449726454, 2574403.43603798], [685880.887905502, 2574407.20909136], [685876.720109247, 2574411.41332929], [685872.986911349, 2574416.00782335], [685869.724654639, 2574420.94784596], [685866.965097314, 2574426.1853058], [685864.735103772, 2574431.66921599], [685863.056383091, 2574437.34619046], [685861.945277682, 2574443.16096362], [685861.412604199, 2574449.05692844], [685861.463548241, 2574454.97668747], [685862.097613865, 2574460.86261161], [685863.308628417, 2574466.65740116], [685865.084802623, 2574472.30464362], [685867.408845356, 2574477.74936286], [685869.474649238, 2574481.99567554], [685870.501382206, 2574484.35924693], [685874.19950534, 2574493.98447471], [685875.019503573, 2574496.42743234], [685877.877571489, 2574506.3346332], [685878.48479806, 2574508.83898489], [685880.606597566, 2574519.58764349], [685880.829040105, 2574520.85755881], [685881.389200884, 2574524.51646747], [685881.569820737, 2574525.91545897], [685882.82481133, 2574537.8373044], [685882.987816977, 2574540.65193154], [685883.109864286, 2574551.93328471], [685883.007786835, 2574554.7507363], [685882.069677727, 2574565.9936476], [685881.70341333, 2574568.78910153], [685879.713449852, 2574579.89425102], [685879.086246086, 2574582.64293367], [685876.062049081, 2574593.51198629], [685875.179440181, 2574596.18960658], [685870.895512385, 2574607.38574463], [685870.360567484, 2574608.69101139], [685868.728338029, 2574612.42120264], [685868.160869897, 2574613.64262719], [685865.380242195, 2574619.29219606], [685863.024541727, 2574624.74402884], [685861.219361424, 2574630.40204345], [685859.982387944, 2574636.21080424], [685859.32574081, 2574642.11339857], [685859.25585367, 2574648.05199446], [685859.77341126, 2574653.96840718], [685860.335110972, 2574658.04971717], [685860.590588068, 2574660.92567218], [685861.057625891, 2574672.47038836], [685861.035293793, 2574675.35758529], [685860.389725524, 2574686.89361862], [685860.089784773, 2574689.76527035], [685858.337585834, 2574701.18579102], [685857.762825001, 2574704.01527595], [685855.250746158, 2574713.91222675], [685853.945245484, 2574720.65187193], [685853.418145953, 2574727.49652789], [685853.199495953, 2574738.64030789], [685853.230416195, 2574738.64091457], [685853.148757325, 2574743.04660321], [685853.741106215, 2574749.56550838], [685855.04005791, 2574755.98109302], [685857.03015236, 2574762.2169992], [685858.39553658, 2574765.80637517], [685862.390804196, 2574778.33682581], [685863.215949081, 2574781.51767106], [685865.815689159, 2574794.41021521], [685866.28771967, 2574797.66228794], [685867.534067341, 2574811.58154382], [685867.635776369, 2574813.22298535], [685867.750005499, 2574816.53609454], [685867.76002867, 2574818.25321131], [685867.427528179, 2574832.8398633], [685867.153198485, 2574836.25956971], [685865.156151676, 2574850.71277922], [685864.872544505, 2574852.40624421], [685864.196943623, 2574855.83473228], [685863.876926368, 2574857.27186278], [685860.858652631, 2574869.41354577], [685860.009569014, 2574872.23071406], [685855.815690026, 2574884.01815344], [685855.288267823, 2574885.39275174], [685853.778685425, 2574889.05570008], [685853.212947884, 2574890.34204122], [685848.150428407, 2574901.15811527], [685846.841976343, 2574903.64331767], [685841.145939801, 2574913.33212222], [685839.610670832, 2574915.6840165], [685833.033034972, 2574924.79736444], [685831.28444152, 2574926.99528209], [685823.882958805, 2574935.4531539], [685821.936392345, 2574937.4777971], [685813.265523826, 2574945.689426], [685812.222832702, 2574946.631556], [685811.870209365, 2574946.93547413], [685810.803016929, 2574947.8132492], [685801.564593488, 2574955.06171911], [685799.315612003, 2574956.66460634], [685789.449343403, 2574963.03237228], [685788.271431751, 2574963.75473097], [685784.910214763, 2574965.71091733], [685784.909766506, 2574965.71118165], [685782.920683312, 2574966.80410988], [685765.552782723, 2574975.54764731], [685763.588351604, 2574976.44939658], [685761.757819002, 2574977.21107098], [685760.339157914, 2574977.75959121], [685748.168918054, 2574982.11381294], [685745.258656224, 2574982.99137159], [685738.997947019, 2574984.5377682], [685733.696862389, 2574986.10956074], [685728.562978804, 2574988.16267285], [685723.639894386, 2574990.67966904], [685718.969417104, 2574993.63917441], [685714.591209727, 2574997.01605613], [685710.542453003, 2575000.78163696], [685706.857529906, 2575004.90393872], [685702.482304648, 2575010.27756943], [685701.94658373, 2575010.91716262], [685697.619037577, 2575015.94022661], [685696.813395317, 2575016.83818111], [685689.81462178, 2575024.33022226], [685687.24035364, 2575026.87279995], [685687.264220134, 2575026.89696391], [685684.68038073, 2575029.47627522], [685681.181513177, 2575033.67093803], [685678.078627946, 2575038.1664217], [685676.011335534, 2575041.47409507], [685675.638148051, 2575042.05615715], [685672.237061832, 2575047.2286915], [685672.068970009, 2575047.47744678], [685671.628992976, 2575048.09049484], [685665.886759835, 2575055.79798993], [685665.275245816, 2575056.58900289], [685661.923952565, 2575061.39124616], [685659.056761431, 2575066.49731332], [685656.700984565, 2575071.85856524], [685654.879062512, 2575077.42393197], [685653.608350451, 2575083.14039921], [685652.900952868, 2575088.95351331], [685652.763608259, 2575094.80789998], [685653.197624933, 2575100.64779179], [685654.198868556, 2575106.41755938], [685655.757801529, 2575112.06224138], [685657.859573843, 2575117.52806794], [685660.484164537, 2575122.76297296], [685661.614162598, 2575124.76637961], [685667.082261036, 2575135.73519516], [685668.306845631, 2575138.54226542], [685672.050288701, 2575148.47970834], [685673.799208944, 2575152.64081896], [685676.669698944, 2575158.80988896], [685677.121176566, 2575159.75837818], [685677.163886566, 2575159.84611818], [685679.689234203, 2575164.50016026], [685681.521799883, 2575167.54838778], [685682.305623636, 2575168.95817991], [685685.463561617, 2575175.54953602], [685686.169371421, 2575177.09081305], [685687.113436409, 2575179.05714316], [685687.520095539, 2575179.86612102], [685687.759310159, 2575180.35291007], [685689.872484028, 2575184.75320014], [685690.102862712, 2575185.24424233], [685691.779419319, 2575188.90345217], [685692.033421448, 2575189.45055177], [685692.848601448, 2575191.18352177], [685693.392210673, 2575192.30859958], [685696.524223144, 2575198.62207088], [685696.873394768, 2575199.35039384], [685699.012964279, 2575203.97180209], [685699.62362344, 2575205.25095648], [685700.542347367, 2575207.1183569], [685702.719633378, 2575211.63834077], [685702.788304758, 2575211.78042241], [685703.364169538, 2575212.96790303], [685703.761700201, 2575213.82149519], [685707.217800386, 2575221.55761408], [685707.588340292, 2575222.42326554], [685708.484952244, 2575224.61222158], [685708.883313784, 2575225.63803892], [685712.298500298, 2575234.93418905], [685712.658966221, 2575235.97390807], [685714.028841565, 2575240.172515], [685714.2010849, 2575240.71800225], [685714.33469465, 2575241.15561188], [685716.43983753, 2575246.96196341], [685719.130720957, 2575252.5211442], [685722.378832522, 2575257.77424956], [685722.514524946, 2575257.97036318], [685729.459609345, 2575269.30158598], [685731.035391362, 2575272.22448675], [685737.03234921, 2575284.99486084], [685737.794222963, 2575286.74356589], [685738.873541541, 2575289.3693638], [685739.265305674, 2575290.37339688], [685739.972527852, 2575292.28668976], [685742.346147464, 2575297.83331902], [685745.264791533, 2575303.11353521], [685748.69895, 2575308.07395069], [685751.017373261, 2575311.08696539], [685751.822503865, 2575312.18391678], [685754.14719632, 2575315.50664602], [685754.598615007, 2575316.17060938], [685758.580793243, 2575322.19971251], [685759.014250364, 2575322.87546567], [685760.449005055, 2575325.1795178102], [685761.219182907, 2575326.48911861], [685767.47995281, 2575337.77986948], [685768.815959669, 2575340.50624848], [685773.603217263, 2575351.67370065], [685774.656627316, 2575354.52121118], [685778.289870668, 2575366.11555669], [685779.049880295, 2575369.05499511], [685781.644630622, 2575381.7020062], [685781.912191202, 2575383.19755586], [685781.989208642, 2575383.7013391], [685782.112802204, 2575384.60068225], [685783.10247765, 2575392.71000722], [685783.198800393, 2575393.61265922], [685783.299099563, 2575394.7096473], [685783.511421435, 2575396.67441258], [685783.598509794, 2575397.3724742], [685783.763690619, 2575399.10375841], [685784.513610249, 2575410.42761913], [685784.649624136, 2575412.11853614], [685785.657989683, 2575422.76838884], [685785.856568137, 2575426.61148671], [685785.863462954, 2575426.61113044], [685786.049657566, 2575430.23933831], [685786.740398151, 2575435.28208991], [685786.947720141, 2575436.43081564], [685787.271264964, 2575438.56621727], [685787.452592301, 2575439.99321392], [685788.702278189, 2575452.15302069], [685788.858737777, 2575455.02357692], [685788.933431254, 2575466.52762016], [685788.814255249, 2575469.39996227], [685787.722569348, 2575481.57497216], [685787.559787168, 2575483.0041818], [685787.198985126, 2575485.61382159], [685786.967480107, 2575487.03568674], [685784.793816388, 2575498.62406148], [685784.069039544, 2575503.65657896], [685783.230742229, 2575511.95708699], [685782.856333888, 2575514.5367898], [685780.78920881, 2575525.42532519], [685780.51818321, 2575526.70097328], [685779.673864743, 2575530.28931188], [685779.366935014, 2575531.48317858], [685776.55063818, 2575541.57332376], [685775.791277164, 2575543.91739865], [685772.370081432, 2575553.16391252], [685771.42082138, 2575555.43776344], [685770.106759156, 2575558.25403756], [685768.07898783, 2575563.15418315], [685766.653150459, 2575567.08277324], [685766.019762493, 2575568.68318462], [685765.350239189, 2575570.24258001], [685764.789836238, 2575571.47082114], [685759.499541192, 2575582.40693124], [685758.947215847, 2575583.48605711], [685756.334023067, 2575588.26760706], [685755.929653876, 2575589.02019422], [685753.20381245, 2575594.18115711], [685752.547850129, 2575595.35830668], [685751.454586782, 2575597.22056659], [685750.982752235, 2575597.99709855], [685746.630949649, 2575604.92068184], [685746.135796532, 2575605.68259509], [685743.453785053, 2575609.67580806], [685742.639217759, 2575610.82901266], [685735.488332808, 2575620.46329589], [685733.701816767, 2575622.64746346], [685726.14936338, 2575631.04172686], [685724.165404677, 2575633.04830312], [685715.347917739, 2575641.16425271], [685714.895546892, 2575641.56100323], [685714.077602753, 2575642.20637098], [685710.416653433, 2575644.92694398], [685705.764135419, 2575648.76180792], [685705.267732061, 2575649.2147247], [685703.043335071, 2575651.05602437], [685693.797410098, 2575657.9872006], [685691.406181681, 2575659.60598369], [685681.536309758, 2575665.61561746], [685679.000479856, 2575666.99684583], [685668.598269391, 2575672.02913543], [685665.94131817, 2575673.16002122], [685655.103212374, 2575677.16831278], [685652.349781016, 2575678.0383692], [685641.176436425, 2575680.98544457], [685638.352100923, 2575681.58658243], [685626.947045512, 2575683.44513517], [685624.077944239, 2575683.77179245], [685611.825640647, 2575684.57168053], [685610.382014301, 2575684.63105633], [685606.820473597, 2575684.69167262], [685605.401575473, 2575684.68225879], [685593.349238042, 2575684.31709156], [685590.521939018, 2575684.09725488], [685579.262214179, 2575682.68349513], [685576.468314396, 2575682.19753477], [685565.392562837, 2575679.72635315], [685562.657100169, 2575678.97862111], [685551.864376317, 2575675.47211349], [685549.211769458, 2575674.46928231], [685538.798555028, 2575669.95880273], [685536.252555246, 2575668.70985442], [685525.690239707, 2575662.89334632], [685524.463890922, 2575662.17970341], [685520.652486822, 2575659.83935363], [685519.514049015, 2575659.10439752], [685509.983146236, 2575652.64179096], [685507.812465389, 2575651.02213728], [685499.438229615, 2575644.16376586], [685497.403578401, 2575642.33620087], [685489.518360655, 2575634.57527644], [685487.641493336, 2575632.54956705], [685480.512348214, 2575624.10631068], [685478.829821612, 2575621.91652842], [685472.507717827, 2575612.85319588], [685471.033802058, 2575610.51791635], [685465.572314834, 2575600.91129396], [685464.319490499, 2575598.45030656], [685459.480133793, 2575587.75223144], [685458.939819239, 2575586.480589], [685457.497201915, 2575582.85555618], [685456.957230528, 2575581.38853834], [685452.695188801, 2575568.80718189], [685451.848436032, 2575565.80038437], [685449.091202802, 2575553.60673494], [685448.561911807, 2575550.52812308], [685447.088460192, 2575538.11380151], [685446.882390146, 2575534.99683342], [685446.697842284, 2575521.71456327], [685446.716865696, 2575520.15132876], [685446.719583069, 2575520.08027266], [685446.650208861, 2575514.10346246], [685445.986506865, 2575508.16321223], [685444.735063783, 2575502.31847415], [685442.908299171, 2575496.62725248], [685440.524342182, 2575491.14602797], [685437.606851651, 2575485.92919732], [685434.184781299, 2575481.02853332], [685433.443951299, 2575480.07281332], [685431.864016001, 2575478.12039586], [685429.977676485, 2575475.88661477], [685429.404370738, 2575475.17368417], [685429.131293796, 2575474.86642827], [685429.144874592, 2575474.8553533], [685427.603711521, 2575472.96548647], [685426.950952649, 2575472.14616862], [685424.683028007, 2575469.52886521], [685416.2482761, 2575459.64226178], [685414.455491579, 2575457.3196995], [685408.263149782, 2575448.42993682], [685404.639819751, 2575443.7403164], [685400.571527449, 2575439.43101739], [685396.097962528, 2575435.54408067], [685391.262768415, 2575432.1174266], [685386.113116539, 2575429.18448512], [685380.699246132, 2575426.77386955], [685375.073974101, 2575424.90909751], [685369.292179758, 2575423.60836142], [685363.41026942, 2575422.88435108], [685357.485626124, 2575422.74412982], [685351.576049799, 2575423.18906562], [685351.255043122, 2575423.2292566], [685348.115742336, 2575423.45578538], [685335.521500448, 2575423.70158295], [685332.375683313, 2575423.59771969], [685319.825090099, 2575422.52171414], [685316.707505998, 2575422.08859865], [685304.338880926, 2575419.7026474], [685301.283885809, 2575418.94505562], [685289.233584701, 2575415.27546104], [685286.274835694, 2575414.20173627], [685273.950078871, 2575408.98162498], [685272.516323205, 2575408.32944567], [685270.426091489, 2575407.31159332], [685268.567325512, 2575406.3243129], [685252.167335317, 2575396.86120353], [685250.463767247, 2575395.79683426], [685249.449900754, 2575395.07808602], [685239.42863196, 2575387.61948007], [685238.334516376, 2575386.76511141], [685238.057163753, 2575386.53800671], [685236.465777824, 2575385.27927356], [685235.175185991, 2575384.29346967], [685225.68303249, 2575376.67740081], [685223.538675808, 2575374.78172284], [685215.329441465, 2575366.79484892], [685213.375622474, 2575364.70335927], [685205.965346327, 2575355.97011891], [685204.219835315, 2575353.7018391], [685197.676024251, 2575344.30180425], [685196.15475358, 2575341.87743966], [685190.185685629, 2575331.27199225], [685189.563348967, 2575330.10175706], [685188.738004673, 2575328.3054107], [685186.031110674, 2575321.8397476], [685184.630072181, 2575318.74259035], [685181.951253595, 2575313.2413039], [685180.934549182, 2575310.90636019], [685178.030536415, 2575303.37888455], [685176.050935139, 2575298.81957876], [685174.809966771, 2575296.50691013], [685174.817764674, 2575296.50285403], [685168.058059533, 2575283.50720976], [685166.715686413, 2575280.54397326], [685161.699202158, 2575267.65121726], [685161.150266392, 2575266.11857412], [685160.586498302, 2575264.39883168], [685160.21181987, 2575263.16724401], [685157.253153024, 2575252.63537528], [685156.66417431, 2575250.13062771], [685155.638856686, 2575244.74219089], [685154.50593685, 2575239.89354542], [685153.084413978, 2575234.77799938], [685152.466246268, 2575232.24992292], [685152.439305959, 2575232.13586283], [685152.192616072, 2575230.99219289], [685150.286115408, 2575221.23382548], [685149.927507728, 2575218.92269324], [685148.78725292, 2575209.04540044], [685148.67577496, 2575207.88080122], [685148.355667034, 2575203.67300279], [685148.327610772, 2575203.26798957], [685148.099772953, 2575199.6213154], [685148.077200537, 2575199.2160218], [685147.851812814, 2575194.60708283], [685147.836235214, 2575194.24332714], [685147.715926067, 2575190.96940275], [685147.70476649, 2575190.60555655], [685147.596701479, 2575186.21290686], [685147.590334397, 2575185.9735265], [685147.489124397, 2575182.4341265], [685147.469287433, 2575181.84255358], [685147.325073225, 2575178.0939595], [685147.311859747, 2575177.67384289], [685147.219414501, 2575173.89184055], [685147.212089129, 2575173.47150923], [685147.169073868, 2575169.34624901], [685147.191608404, 2575167.39029317], [685146.954887247, 2575161.33005843], [685146.107584068, 2575155.3246809], [685146.07116976, 2575155.13607845], [685145.67240157, 2575152.39663919], [685144.584455938, 2575141.37274683], [685144.440043064, 2575138.60824825], [685144.419725136, 2575135.22957195], [685144.103144712, 2575129.4244313], [685143.226215449, 2575123.67718186], [685141.797170709, 2575118.04178371], [685139.829427589, 2575112.57114681], [685137.341460945, 2575107.31663416], [685134.356629936, 2575102.32757965], [685130.902958711, 2575097.65082477], [685127.012873291, 2575093.3302789], [685122.722897128, 2575089.40650704], [685118.073308189, 2575085.9163489], [685113.107760796, 2575082.89257308], [685107.872875756, 2575080.36356938], [685102.41780265, 2575078.35308223], [685096.793758375, 2575076.87998783], [685091.053546271, 2575075.95811684], [685085.251060361, 2575075.59612457], [685079.440779351, 2575075.79740972], [685073.677255131, 2575076.56008245], [685068.014600599, 2575077.87698214], [685062.505981602, 2575079.73574459], [685057.203117771, 2575082.11891817], [685052.155796929, 2575085.0041276], [685047.411407645, 2575088.36428406], [685043.014494304, 2575092.16783953], [685039.006338894, 2575096.37908298], [685036.573257367, 2575099.19707471], [685036.265389423, 2575099.54808886], [685035.075375849, 2575100.88375394], [685034.45280005, 2575101.59369925], [685033.456628187, 2575102.74786513], [685032.484627118, 2575103.82056836], [685024.007225982, 2575112.73422414], [685021.914697841, 2575114.73190267], [685013.164981513, 2575122.31285019], [685010.889672843, 2575124.09955475], [685007.291119935, 2575126.65462633], [685003.206176319, 2575129.82854897], [684999.409809202, 2575133.34254185], [684995.930238825, 2575137.17048376], [684994.596633915, 2575138.91924334], [684994.570095674, 2575138.89845321], [684991.456246507, 2575142.8732282], [684982.570331742, 2575152.99063186], [684980.211831087, 2575155.38989512], [684969.624676474, 2575165.01462131], [684968.347433299, 2575166.11188568], [684965.573795651, 2575168.36249081], [684964.606846207, 2575169.11488201], [684962.763360866, 2575170.48979357], [684958.721443317, 2575173.78721476], [684954.981203793, 2575177.42324174], [684952.702157175, 2575179.84018321], [684945.049006417, 2575187.26568327], [684943.055838378, 2575189.03456181], [684934.773567555, 2575195.75130188], [684932.631225367, 2575197.3362293], [684923.785348107, 2575203.29107365], [684921.510737173, 2575204.6795386], [684911.586996244, 2575210.14730609], [684910.405251945, 2575210.76458715], [684909.18022357, 2575211.37021772], [684907.816046642, 2575212.00260163], [684896.092484785, 2575217.08420619], [684892.308320082, 2575218.50371657], [684890.04791702, 2575219.30795581], [684883.729340138, 2575221.7944923], [684880.844019758, 2575222.76389583], [684869.115082151, 2575226.0522492], [684866.146341488, 2575226.72409983], [684854.144396647, 2575228.80625244], [684851.122811534, 2575229.17363219], [684842.378474964, 2575229.78854396], [684837.049074997, 2575230.40374725], [684831.795930833, 2575231.4925335], [684826.661039871, 2575233.04619817], [684821.685454108, 2575235.05232016], [684820.187932564, 2575235.73545269], [684818.442003083, 2575236.47253798], [684817.500623299, 2575236.85133479], [684808.972742167, 2575240.11635429], [684808.01905658, 2575240.46310723], [684804.412745766, 2575241.70570119], [684802.579520293, 2575242.2724294], [684801.492235269, 2575242.57080352], [684794.371478514, 2575245.01466573], [684791.315800975, 2575246.28282432], [684788.377155958, 2575247.32679947], [684785.724096028, 2575248.11653163], [684780.511021188, 2575249.9332853], [684775.486994422, 2575252.22149381], [684770.694547946, 2575254.96178576], [684766.17425347, 2575258.13096246], [684761.964378731, 2575261.70219444], [684758.100563527, 2575265.64524849], [684755.276919861, 2575269.11418931], [684755.251317142, 2575269.09431348], [684753.878698443, 2575270.86242954], [684752.741982015, 2575272.23225282], [684750.974071661, 2575274.56817877], [684750.936447226, 2575274.53965651], [684748.459780637, 2575277.80668957], [684741.464978536, 2575286.20919978], [684739.623126303, 2575288.22716899], [684731.892528217, 2575295.95807904], [684729.874602416, 2575297.80004958], [684721.4724624, 2575304.79514184], [684719.29526022, 2575306.4457668], [684709.727979579, 2575313.03496943], [684708.584842558, 2575313.78445446], [684707.93573127, 2575314.18919365], [684707.311764719, 2575314.56779262], [684701.655569275, 2575317.9063116], [684701.022672178, 2575318.26956615], [684698.552228157, 2575319.64780664], [684697.20289699, 2575320.35626325], [684685.587993302, 2575326.08299542], [684682.791647238, 2575327.2892744], [684671.37008386, 2575331.5421444], [684668.465812387, 2575332.45851353], [684655.933939141, 2575335.72292061], [684654.44995652, 2575336.06947817], [684650.875427009, 2575336.80901675], [684649.524358534, 2575337.05642991], [684637.997888229, 2575338.89552447], [684635.269992658, 2575339.20350922], [684624.309173529, 2575339.93495093], [684621.564576933, 2575339.99215543], [684610.582796026, 2575339.71805485], [684607.844441763, 2575339.52400089], [684596.933828183, 2575338.24667844], [684594.22470131, 2575337.80298569], [684582.804264588, 2575335.39114523], [684581.467280299, 2575335.07665362], [684577.677472144, 2575334.09310504], [684576.605040655, 2575333.79343559], [684567.00627538, 2575330.91812584], [684565.945708689, 2575330.57885929], [684562.145708014, 2575329.28505115], [684560.824139422, 2575328.8001927], [684549.693136673, 2575324.41745997], [684548.845397161, 2575324.03681221], [684543.698736402, 2575322.00554024], [684538.386840894, 2575320.45700902], [684532.954882677, 2575319.40438718], [684527.449054795, 2575318.85662614], [684521.916178477, 2575318.81838404], [684516.403304968, 2575319.28998609], [684510.957315412, 2575320.26742181], [684505.624522177, 2575321.74237914], [684495.96637797, 2575324.89975684], [684493.121295218, 2575325.67722621], [684481.596555763, 2575328.22474016], [684478.688857412, 2575328.71890407], [684466.969514893, 2575330.12174504], [684464.02733916, 2575330.32782936], [684452.226917257, 2575330.57240818], [684449.278703779, 2575330.48841379], [684437.511387526, 2575329.57237945], [684434.585692256, 2575329.1991146], [684422.965264288, 2575327.13132165], [684420.090419458, 2575326.47240779], [684408.729386464, 2575323.27286565], [684405.933192143, 2575322.33467627], [684394.253847531, 2575317.76531645], [684392.89312543, 2575317.19397294], [684389.241990312, 2575315.5541233], [684387.919345464, 2575314.92077978], [684376.814666927, 2575309.26564208], [684375.040250465, 2575308.24987159], [684369.637045373, 2575305.50924314], [684363.985002907, 2575303.32748111], [684358.141751403, 2575301.72683079], [684352.166868765, 2575300.72361244], [684346.121275012, 2575300.32805489], [684340.066611135, 2575300.54419127], [684334.064610604, 2575301.36981783], [684328.176469932, 2575302.79651648], [684322.462224716, 2575304.80974056], [684316.98013751, 2575307.38896321], [684311.786103781, 2575310.50788661], [684306.933081998, 2575314.13471018], [684302.470553665, 2575318.23245474], [684298.444018806, 2575322.75933961], [684294.894532049, 2575327.66920858], [684290.764215661, 2575334.03656215], [684289.945020029, 2575335.23490634], [684287.579490322, 2575338.52161615], [684286.666108509, 2575339.72552855], [684278.649498653, 2575349.75690836], [684276.647820011, 2575352.01803657], [684267.66270884, 2575361.19210892], [684266.86648095, 2575361.9651302], [684265.989034566, 2575362.73389251], [684255.219701107, 2575371.68622082], [684253.957266307, 2575372.68142318], [684252.421109358, 2575373.93409778], [684251.713940739, 2575374.53048243], [684249.918761377, 2575375.9313363], [684242.066108338, 2575381.59290293], [684241.129706123, 2575382.24136944], [684239.183861766, 2575383.53490862], [684237.679924282, 2575384.47184073], [684223.773395243, 2575392.57527708], [684218.710771016, 2575395.87769256], [684214.006105988, 2575399.67272076], [684209.707147427, 2575403.92184624], [684205.857525121, 2575408.58194497], [684202.496308578, 2575413.60572198], [684199.657610516, 2575418.94219135], [684197.370240654, 2575424.53719369], [684197.131565087, 2575425.21689355], [684196.832735579, 2575426.03014303], [684195.697620481, 2575428.98672741], [684193.849793451, 2575434.61577922], [684192.566126695, 2575440.39962644], [684191.217963831, 2575448.30043297], [684190.94632333, 2575449.69288987], [684190.136334713, 2575453.37884554], [684189.840518128, 2575454.60201737], [684187.109015242, 2575464.94206516], [684186.365095469, 2575467.34506577], [684182.776593286, 2575477.41977063], [684182.329548682, 2575478.59616748], [684180.803495621, 2575482.37154393], [684179.907010015, 2575484.47208816], [684177.226296315, 2575491.31161822], [684176.571685013, 2575492.85311455], [684175.874111534, 2575494.37467625], [684175.288007065, 2575495.63721039], [684173.387064537, 2575499.68705964], [684172.559130655, 2575501.31949239], [684164.665530992, 2575515.77234177], [684163.739576903, 2575517.35120714], [684163.626546173, 2575517.53112319], [684163.032891604, 2575518.49617974], [684162.980168296, 2575518.58372948], [684162.264649993, 2575519.71405962], [684155.971275903, 2575529.18195603], [684154.393284061, 2575531.34055972], [684147.700131907, 2575539.68804829], [684145.936113141, 2575541.69749514], [684138.062439331, 2575549.89829102], [684137.114655446, 2575550.8423804], [684134.586621334, 2575553.2506637], [684133.439179925, 2575554.28863715], [684123.464504322, 2575562.85444663], [684121.018073418, 2575564.74517258], [684110.850289994, 2575571.79694058], [684108.222151085, 2575573.42563421], [684097.382141631, 2575579.39266898], [684094.600211947, 2575580.74202892], [684087.693160709, 2575583.66246143], [684083.122343817, 2575585.8264859], [684078.749999788, 2575588.36774083], [684071.584495918, 2575592.94692183], [684069.163030432, 2575594.33994062], [684059.224029422, 2575599.45685356], [684056.68344265, 2575600.61846155], [684046.311413935, 2575604.78813255], [684043.67372604, 2575605.70825472], [684032.288380799, 2575609.09383893], [684030.939716533, 2575609.46090838], [684027.51703189, 2575610.30733338], [684025.720464132, 2575610.69363366], [684010.362190314, 2575613.50672594], [684006.717592719, 2575613.94573809], [683997.606852854, 2575614.48023927], [683991.465001382, 2575615.15930694], [683985.425564757, 2575616.46647091], [683979.552600384, 2575618.38786672], [683973.908399979, 2575620.90311506], [683968.552828865, 2575623.98553788], [683963.542691017, 2575627.60244141], [683958.931126562, 2575631.71546288], [683954.767048151, 2575636.28097746], [683947.487072096, 2575645.13891742], [683945.337408627, 2575647.48816823], [683939.853973115, 2575652.87591966], [683937.896634294, 2575654.89131542], [683936.784098026, 2575656.09185341], [683934.721316985, 2575658.11314018], [683926.086225675, 2575665.79519021], [683923.838445833, 2575667.60870624], [683914.504357957, 2575674.42423959], [683912.092530997, 2575676.01305873], [683902.145941261, 2575681.89891074], [683899.59241341, 2575683.24831779], [683889.125666549, 2575688.14985107], [683886.454176374, 2575689.24730029], [683875.564379766, 2575693.11903244], [683872.799681144, 2575693.95435709], [683861.587955604, 2575696.76034402], [683858.755714636, 2575697.3257808], [683847.325945431, 2575699.04002421], [683844.452447067, 2575699.33033482], [683832.188790342, 2575699.97484747], [683830.744283699, 2575700.01590584], [683827.227238101, 2575700.03111182], [683825.720305767, 2575699.99976114], [683812.925808309, 2575699.41170054], [683809.927650272, 2575699.12243211], [683798.002681437, 2575697.36358246], [683795.048708192, 2575696.77494743], [683783.360401837, 2575693.82843072], [683780.480372564, 2575692.94635876], [683769.146672195, 2575688.84191745], [683766.369717313, 2575687.67533527], [683755.505080482, 2575682.45439948], [683752.859155274, 2575681.01504739], [683742.573220237, 2575674.73032513], [683740.085096101, 2575673.0327637], [683730.481626916, 2575665.74764056], [683728.176386815, 2575663.8089925], [683719.352410651, 2575655.59707124], [683717.25331078, 2575653.43688478], [683709.297824635, 2575644.38100352], [683707.426088984, 2575642.02112435], [683699.981096654, 2575631.59911079], [683699.136033545, 2575630.35098651], [683697.928658894, 2575628.46748937], [683696.866005605, 2575626.67567056], [683687.871390653, 2575610.23316936], [683686.935656068, 2575608.37183232], [683685.305224566, 2575604.82693792], [683684.862267515, 2575603.8151867], [683681.25636166, 2575595.14811028], [683680.483776092, 2575593.07951313], [683677.525384417, 2575584.17071413], [683677.196653637, 2575583.1162539], [683677.000722096, 2575582.44448862], [683676.685174432, 2575581.27529843], [683674.058532692, 2575570.69868613], [683673.790454777, 2575569.51782056], [683673.564014935, 2575568.41795041], [683673.379122458, 2575567.5522679], [683672.726129607, 2575564.60162944], [683672.510493755, 2575563.53608406], [683670.744065474, 2575553.91360156], [683670.567176344, 2575552.84091248], [683670.00339623, 2575548.98838803], [683669.851443063, 2575547.779012], [683668.769145887, 2575537.47690075], [683668.613229591, 2575535.04535423], [683668.370867654, 2575524.68933024], [683668.367113056, 2575523.47044567], [683668.437924031, 2575519.36307186], [683668.45256849, 2575518.80985231], [683668.630277645, 2575513.83224993], [683668.65500169, 2575513.28207151], [683668.916926957, 2575508.45636512], [683668.986073466, 2575507.27391731], [683669.296989161, 2575502.2759542], [683669.379122717, 2575501.04245569], [683669.713000419, 2575496.29786806], [683669.717742696, 2575496.22992701], [683670.090326462, 2575490.84806976], [683670.461223662, 2575485.72278105], [683670.65073283, 2575483.37059801], [683671.079097081, 2575478.49602458], [683671.175057061, 2575477.44875651], [683671.472752565, 2575474.3105416], [683671.581610129, 2575473.27494795], [683671.842830491, 2575469.84862143], [683672.173943378, 2575462.87608374], [683672.523790007, 2575459.51783088], [683674.784294338, 2575445.52373123], [683675.262133029, 2575443.09740942], [683675.597444258, 2575441.24138573], [683677.000294258, 2575432.71211573], [683677.072180082, 2575432.26449965], [683678.237135025, 2575424.8313376], [683678.320919123, 2575424.34638581], [683678.469509526, 2575423.62180478], [683680.67131615, 2575413.81607412], [683680.936235431, 2575412.73115897], [683681.873794879, 2575409.17978709], [683682.277279191, 2575407.7884886], [683685.990652546, 2575396.05123672], [683686.996199563, 2575393.33629775], [683691.540050746, 2575382.67869046], [683692.802786054, 2575380.07335568], [683698.353346984, 2575369.90372501], [683699.861468747, 2575367.43235738], [683706.774047615, 2575357.24567057], [683707.938348333, 2575355.6160329], [683710.179129902, 2575352.2447768], [683712.470752707, 2575348.53109735], [683713.119383613, 2575347.52541673], [683718.801281475, 2575339.09012353], [683720.163360585, 2575337.23244201], [683720.568144893, 2575336.67366445], [683720.721464893, 2575336.45943445], [683721.666797007, 2575335.0992601], [683722.049347729, 2575334.53229113], [683723.557294445, 2575332.32541006], [683723.757147876, 2575332.03656287], [683725.57068864, 2575329.44802976], [683725.773911801, 2575329.16154826], [683728.514551223, 2575325.34558729], [683729.43465068, 2575324.13083105], [683736.980860386, 2575314.67693161], [683737.63575759, 2575313.88470588], [683737.950460853, 2575313.51701123], [683738.688758741, 2575312.69700772], [683739.639849187, 2575311.52839755], [683739.647158775, 2575311.53465379], [683741.13627357, 2575309.79482045], [683742.037519477, 2575308.78861516], [683749.887308411, 2575300.41204603], [683751.82034586, 2575298.52705904], [683760.337638313, 2575290.93883486], [683761.05593556, 2575290.33032532], [683761.740436241, 2575289.80099023], [683771.796385375, 2575282.41075284], [683774.243557944, 2575280.79056775], [683781.599170559, 2575276.42281112], [683783.874787146, 2575275.00179323], [683786.420193945, 2575273.33206458], [683787.514580187, 2575272.64739454], [683788.480233887, 2575272.07180045], [683789.474851378, 2575271.50438044], [683798.017673007, 2575266.84459465], [683800.067499408, 2575265.82599913], [683808.940812124, 2575261.83137311], [683809.993689871, 2575261.38135327], [683813.835084117, 2575259.82547333], [683815.088893161, 2575259.34998195], [683825.831927534, 2575255.54825261], [683829.240519522, 2575254.51094507], [683834.630933136, 2575252.58511841], [683839.81329829, 2575250.15438628], [683844.740447733, 2575247.24087197], [683849.367537061, 2575243.8710928], [683853.652452861, 2575240.0757188], [683857.556196011, 2575235.88929351], [683861.04323663, 2575231.34991966], [683864.081837447, 2575226.4989123], [683866.644342666, 2575221.38042285], [683868.707429668, 2575216.04103719], [683868.920169668, 2575215.40121719], [683870.511121295, 2575209.68720132], [683871.530124216, 2575203.84402261], [683871.967220196, 2575197.92878369], [683871.8181377, 2575191.9992914], [683871.084333643, 2575186.11349188], [683869.772979146, 2575180.32890428], [683867.367294452, 2575171.71626396], [683866.708689927, 2575168.80667445], [683864.655587792, 2575157.04611015], [683864.289394011, 2575154.08543413], [683863.415205262, 2575142.17897377], [683863.345048656, 2575139.19656849], [683863.658438905, 2575127.26227109], [683863.885022552, 2575124.28767178], [683865.382895696, 2575112.44354523], [683865.903974424, 2575109.50616627], [683868.571494911, 2575097.86951199], [683869.381899474, 2575094.9984826], [683873.192657127, 2575083.68454344], [683874.284377976, 2575080.90824284], [683879.200609079, 2575070.02909174], [683880.562844834, 2575067.37501712], [683885.873720417, 2575058.18422325], [683888.022035609, 2575054.5504938], [683893.039779922, 2575046.97590446], [683896.070612516, 2575041.86844047], [683898.581660114, 2575036.48636144], [683900.548319936, 2575030.8824], [683901.951323013, 2575025.11146273], [683902.776922979, 2575019.2300922], [683903.017030759, 2575013.29591299], [683902.669293822, 2575007.36706709], [683901.737119229, 2575001.50164424], [683900.229640255, 2574995.75711277], [683898.1616269, 2574990.18975654], [683895.553341177, 2574984.85412347], [683892.430338587, 2574979.80249111], [683891.001724997, 2574977.7286473], [683889.486660067, 2574975.28649702], [683883.89904368, 2574965.23418676], [683882.624742293, 2574962.65816977], [683878.025274143, 2574952.11712668], [683877.003469013, 2574949.43093737], [683873.434359654, 2574938.49789733], [683872.674425235, 2574935.72618779], [683870.168485774, 2574924.50169262], [683869.677424369, 2574921.66998797], [683868.257679329, 2574910.25713165], [683868.039997507, 2574907.39145406], [683868.038108191, 2574907.32368305], [683867.583468837, 2574901.43763406], [683866.55258536, 2574895.62475622], [683864.955437936, 2574889.94132507], [683862.807488846, 2574884.44236296], [683860.129532784, 2574879.18110637], [683856.947495542, 2574874.2084905], [683853.292183013, 2574869.57265618], [683849.198982958, 2574865.31848377], [683844.707522408, 2574861.48715871], [683839.861284028, 2574858.11577278], [683834.707185153, 2574855.23696498], [683829.295123572, 2574852.87860559], [683823.677494462, 2574851.06352632], [683817.908683133, 2574849.8092993], [683812.044538522, 2574849.12806693], [683806.141832502, 2574849.02642434], [683794.258039621, 2574849.40681676], [683791.060286212, 2574849.33846032], [683778.295277649, 2574848.38257381], [683775.123013965, 2574847.97392011], [683762.532501055, 2574845.663491], [683759.421835134, 2574844.91919197], [683747.149108509, 2574841.28051278], [683744.135437728, 2574840.20904013], [683731.58107288, 2574834.97540097], [683730.120647592, 2574834.32030817], [683727.892664583, 2574833.24861753], [683726.452381339, 2574832.50728954], [683714.388420445, 2574825.8797873], [683711.63982712, 2574824.17044214], [683701.024793842, 2574816.74542906], [683698.476510163, 2574814.74971785], [683688.113734962, 2574805.69014684], [683686.923489863, 2574804.59148674], [683686.728531086, 2574804.40152614], [683685.677778763, 2574803.32505183], [683676.981202406, 2574793.95673602], [683675.049052783, 2574791.65383461], [683667.788564988, 2574782.06183425], [683666.096749297, 2574779.57703711], [683659.833297671, 2574769.30617273], [683658.39880363, 2574766.66443192], [683653.195362037, 2574755.81798621], [683652.032616439, 2574753.04585827], [683647.685561238, 2574741.02517194], [683647.209640196, 2574739.59821868], [683646.525759443, 2574737.3624577], [683646.102387894, 2574735.83521569], [683642.848834647, 2574722.76669381], [683642.247130183, 2574719.6574269], [683640.453003376, 2574706.76871051], [683639.382725531, 2574701.09497015], [683637.772051045, 2574695.5503735], [683635.635895132, 2574690.18626479], [683632.994039086, 2574685.0523169], [683629.870947099, 2574680.19607136], [683626.295539717, 2574675.66249811], [683622.300926031, 2574671.49357909], [683617.92409708, 2574667.72791943], [683613.2055833, 2574664.40039001], [683608.189079211, 2574661.54180451], [683602.921038788, 2574659.17863409], [683597.450245293, 2574657.33276225], [683591.827359525, 2574656.02128218], [683586.104450695, 2574655.25633849], [683580.334514249, 2574655.04501474], [683574.570981119, 2574655.38926782], [683568.867222942, 2574656.28590988], [683563.276057825, 2574657.7266378], [683557.849261236, 2574659.69811013], [683552.637086556, 2574662.18207056], [683547.687799714, 2574665.15551706], [683543.047232241, 2574668.59091483], [683538.758356854, 2574672.4564513], [683534.86088952, 2574676.71633073], [683533.24683952, 2574678.66058073], [683530.458958601, 2574682.29227446], [683527.956112994, 2574686.12597285], [683527.885188246, 2574686.24423513], [683526.997529508, 2574687.63601309], [683526.005720528, 2574689.10058053], [683524.572391343, 2574691.32092392], [683522.986843211, 2574693.90000309], [683521.88069424, 2574695.57140323], [683519.528677719, 2574698.87958128], [683518.233956564, 2574700.57017743], [683515.403769939, 2574704.00582229], [683510.328012699, 2574711.17959356], [683505.125723853, 2574719.8098494], [683503.620264817, 2574722.06921736], [683497.193029652, 2574730.82811765], [683495.489373428, 2574732.94205826], [683492.074252267, 2574736.80750454], [683486.784803121, 2574743.75387646], [683486.360897415, 2574744.40375649], [683480.48557869, 2574752.6725196], [683479.775013831, 2574753.63155192], [683479.308637895, 2574754.23551003], [683478.981555842, 2574754.65144356], [683476.004949213, 2574758.36872563], [683475.670582179, 2574758.77882473], [683472.319135471, 2574762.81615237], [683471.330160748, 2574763.94852958], [683462.687542549, 2574773.35761759], [683460.546739377, 2574775.46572641], [683451.567468871, 2574783.46232192], [683451.549485113, 2574783.47678899], [683445.200177575, 2574789.38957435], [683444.72045031, 2574789.90595468], [683442.129554841, 2574792.3802391], [683435.347929654, 2574798.12231582], [683434.452033476, 2574798.89618437], [683433.399477463, 2574799.82366301], [683432.350110581, 2574800.70654721], [683431.905361885, 2574801.06370697], [683430.703232185, 2574802.05503733], [683430.581421042, 2574802.15817456], [683428.179291991, 2574804.05802793], [683427.830811848, 2574804.33575199], [683423.264731626, 2574808.00253404], [683421.051737733, 2574809.61904494], [683411.909824913, 2574815.6762529], [683409.558476266, 2574817.08396472], [683399.901752304, 2574822.28114996], [683397.431658624, 2574823.46831135], [683392.960573353, 2574825.37080775], [683387.757388633, 2574827.88735952], [683382.820483718, 2574830.89287677], [683378.195670566, 2574834.35946982], [683375.023385719, 2574836.98517635], [683373.970354383, 2574837.81777904], [683372.086619339, 2574839.23985663], [683371.702500282, 2574839.52506063], [683368.225574667, 2574842.06387422], [683367.837055561, 2574842.34284549], [683366.308459393, 2574843.42206056], [683362.917809666, 2574846.00104086], [683361.883605386, 2574846.84727429], [683361.163410423, 2574847.41837754], [683354.604308877, 2574852.45790325], [683353.866954042, 2574853.00666964], [683352.699188505, 2574853.84828059], [683351.228877039, 2574854.84317505], [683337.740867963, 2574863.39916349], [683336.214268437, 2574864.30532733], [683334.992773498, 2574864.98232493], [683333.502263997, 2574865.75470662], [683320.658158018, 2574871.96090385], [683317.561087871, 2574873.24896828], [683304.104055898, 2574877.98135217], [683302.505383213, 2574878.49375027], [683299.562604066, 2574879.34691424], [683298.852936967, 2574879.55741351], [683295.382646967, 2574880.61009351], [683295.220435203, 2574880.65954937], [683294.484338295, 2574880.88511137], [683293.14294967, 2574881.26229647], [683280.996304634, 2574884.37525607], [683279.63872611, 2574884.68976098], [683278.62725996, 2574884.89945649], [683272.970797517, 2574886.36266539], [683267.483468037, 2574888.36909576], [683262.217304431, 2574890.89972187], [683260.219338257, 2574891.98259371], [683257.768251381, 2574893.17034874], [683254.777120866, 2574894.45549303], [683251.777588679, 2574895.84332048], [683248.426641848, 2574897.50727971], [683239.082604592, 2574901.66072021], [683236.705296641, 2574902.59826954], [683226.437253237, 2574906.15005227], [683225.327007807, 2574906.50778646], [683223.771395982, 2574906.92517412], [683208.93393074, 2574910.45995451], [683207.274470731, 2574910.80604839], [683203.686249009, 2574911.44916659], [683202.541123588, 2574911.6316405], [683196.092237278, 2574912.53182484], [683190.164891877, 2574913.6656424], [683184.381423425, 2574915.38914419], [683178.800339684, 2574917.68489462], [683173.478101013, 2574920.529669], [683172.649113804, 2574921.02792143], [683161.637039136, 2574926.88989912], [683158.812980962, 2574928.2096227], [683146.52847268, 2574933.18968129], [683145.071729145, 2574933.73657535], [683142.957350667, 2574934.46791079], [683141.082650278, 2574935.11252353], [683139.980687514, 2574935.46780412], [683130.533390886, 2574938.31359139], [683124.367660962, 2574940.54508074], [683119.147767699, 2574942.76385464], [683117.752691745, 2574943.31584059], [683117.410581266, 2574943.44122872], [683116.429632389, 2574943.79693564], [683115.690675859, 2574944.0622554], [683113.871357819, 2574944.74895713], [683112.761607819, 2574945.18850713], [683112.351190218, 2574945.35281718], [683110.064900218, 2574946.27791718], [683108.932393658, 2574946.74969331], [683106.496271861, 2574947.79388033], [683106.463109901, 2574947.80727045], [683101.60390753, 2574950.02574729], [683096.961272682, 2574952.66760817], [683092.572002735, 2574955.71191376], [683091.531108218, 2574956.50473859], [683090.553078939, 2574957.21896211], [683082.121188941, 2574963.11924781], [683080.083465609, 2574964.42591592], [683072.874782513, 2574968.64786611], [683067.57055826, 2574972.14418365], [683062.665741797, 2574976.18173324], [683058.215320248, 2574980.71525056], [683049.490934044, 2574990.59881718], [683046.979267373, 2574993.12440159], [683035.677438482, 2575003.2123575], [683034.312666266, 2575004.35951858], [683034.083207606, 2575004.54103016], [683032.577055001, 2575005.65773759], [683025.409917048, 2575010.63220443], [683024.43966839, 2575011.31996853], [683019.846731897, 2575014.64456617], [683018.960203714, 2575015.28106378], [683014.274840748, 2575018.62145718], [683013.485574731, 2575019.17316409], [683008.300653625, 2575023.238893], [683006.280557609, 2575025.01041559], [683005.50096234, 2575025.67093845], [682998.385159596, 2575031.49462709], [682997.583526144, 2575032.12820845], [682993.534880005, 2575035.21756083], [682992.439216901, 2575036.01510982], [682982.420462866, 2575042.9671764], [682981.289915759, 2575043.71440704], [682980.371927438, 2575044.29178352], [682979.97628696, 2575044.53636691], [682976.398821638, 2575046.70977863], [682975.999430922, 2575046.94820003], [682973.57946126, 2575048.36750886], [682972.189975605, 2575049.13378256], [682959.003998491, 2575055.95707853], [682956.437034781, 2575057.3832949], [682956.431485297, 2575057.37363282], [682955.153773039, 2575058.10749589], [682954.866142607, 2575058.26582793], [682950.255259313, 2575060.74605318], [682949.740257495, 2575061.01666913], [682945.779364026, 2575063.04923591], [682945.253294008, 2575063.31270589], [682940.495390273, 2575065.6375291], [682939.964245456, 2575065.89064187], [682935.377695934, 2575068.02134599], [682935.096810802, 2575068.15007855], [682932.562436724, 2575069.29583562], [682932.286648824, 2575069.41880971], [682931.502570407, 2575069.76337684], [682930.681959759, 2575070.12110196], [682927.808711256, 2575071.3643298], [682923.610924766, 2575073.37747367], [682921.65008963, 2575074.51266489], [682921.642743964, 2575074.49961461], [682918.967962923, 2575076.00517918], [682902.630251185, 2575084.48091986], [682900.783162942, 2575085.36055138], [682897.619383525, 2575086.73688785], [682896.803206666, 2575087.06762847], [682891.85287035, 2575089.34045454], [682888.893649074, 2575091.03964404], [682888.877056162, 2575091.01081397], [682885.41562262, 2575093.00301409], [682875.366458969, 2575098.20722284], [682874.170687382, 2575098.79320266], [682870.734819773, 2575100.38332401], [682870.386549777, 2575100.54585989], [682868.984449776, 2575101.20568989], [682867.702694213, 2575101.82757865], [682866.831412492, 2575102.26316553], [682855.446064944, 2575107.60821541], [682852.709775006, 2575108.73161976], [682840.853037006, 2575112.92881068], [682839.446044026, 2575113.38814157], [682835.697817402, 2575114.51024367], [682834.619998242, 2575114.81111889], [682824.872109953, 2575117.33729655], [682823.783823981, 2575117.59776264], [682820.08778644, 2575118.40979651], [682818.578161011, 2575118.70112063], [682805.690262753, 2575120.84715738], [682802.637582725, 2575121.19586506], [682790.365452377, 2575121.9635401], [682787.293135476, 2575121.99797743], [682774.23839756, 2575121.47477075], [682772.703790875, 2575121.37381149], [682771.733448472, 2575121.28494415], [682767.551557601, 2575121.04876378], [682764.845081014, 2575120.99055126], [682763.056076103, 2575120.898569], [682747.885685123, 2575119.66346675], [682744.342567534, 2575119.16066336], [682729.427506769, 2575116.12632708], [682727.683536107, 2575115.71694439], [682723.805330112, 2575114.68346078], [682723.307467221, 2575114.54618567], [682718.837120886, 2575113.2720732], [682718.341547162, 2575113.1262015], [682716.414845676, 2575112.5410219], [682715.567037514, 2575112.29612992], [682715.568540527, 2575112.29090975], [682714.3976287, 2575111.953776], [682707.401075316, 2575109.83631831], [682706.626857659, 2575109.59051223], [682705.114149401, 2575109.0876097], [682704.631341836, 2575108.92252553], [682701.417194669, 2575107.79291577], [682698.175699258, 2575106.75600261], [682697.41707608, 2575106.53684167], [682697.107951329, 2575106.44573848], [682694.330865209, 2575105.61104313], [682694.02262804, 2575105.51658997], [682692.840252808, 2575105.14732417], [682692.154128542, 2575104.92394661], [682686.002727882, 2575102.83909642], [682685.322063477, 2575102.59924221], [682683.00503711, 2575101.75127942], [682675.826630022, 2575099.62170544], [682672.056298917, 2575098.75497609], [682662.523672453, 2575096.11478171], [682661.879870626, 2575095.9287054], [682659.590722437, 2575095.23928749], [682658.419030534, 2575094.86000352], [682647.365100083, 2575091.02935963], [682647.354972146, 2575091.0585854], [682642.942825595, 2575089.58289883], [682636.868125462, 2575088.23088438], [682630.686056775, 2575087.51537652], [682624.463128159, 2575087.44407288], [682618.266287826, 2575088.0177406], [682612.162203318, 2575089.23020795], [682611.925173318, 2575089.29021795], [682610.670292774, 2575089.6224073], [682603.00604059, 2575091.74025027], [682600.812167405, 2575092.25857764], [682591.409333851, 2575094.1100132], [682590.29910878, 2575094.3070166], [682587.939298144, 2575094.68014628], [682586.514141956, 2575094.92312378], [682582.455459886, 2575095.66552218], [682580.21561289, 2575095.98842853], [682570.648256922, 2575097.00092882], [682569.520536642, 2575097.09880039], [682568.221222463, 2575097.18689204], [682566.954931239, 2575097.24590384], [682556.185936389, 2575097.5198879], [682553.652513936, 2575097.47725679], [682542.898750603, 2575096.84112823], [682541.63514671, 2575096.73954774], [682541.329622786, 2575096.70847848], [682539.877533574, 2575096.52491087], [682527.578903621, 2575094.66427987], [682524.711341486, 2575094.08611921], [682513.36244895, 2575091.21539892], [682510.56489805, 2575090.36055506], [682499.549803702, 2575086.39753994], [682496.848852799, 2575085.27413421], [682486.272391029, 2575080.25655535], [682483.693771833, 2575078.87528802], [682473.656656253, 2575072.85093099], [682471.224912937, 2575071.22494331], [682461.822613304, 2575064.25110909], [682459.560902112, 2575062.39589048], [682450.882952987, 2575054.53898073], [682448.812795489, 2575052.47218623], [682440.941848152, 2575043.80703964], [682439.08296377, 2575041.54834913], [682432.093894495, 2575032.15740095], [682430.463961103, 2575029.7282965], [682424.423285113, 2575019.70091593], [682423.037834958, 2575017.1245541], [682418.003106226, 2575006.55626707], [682416.875310326, 2575003.85713341], [682412.894448268, 2574992.84855613], [682412.035057308, 2574990.05236239], [682409.145914814, 2574978.70816913], [682408.563111242, 2574975.84157268], [682406.793222628, 2574964.26979443], [682406.492537637, 2574961.3600264], [682405.858762242, 2574949.67094413], [682405.843071423, 2574946.74569089], [682406.351411685, 2574935.05044138], [682406.620858658, 2574932.13763875], [682408.266506883, 2574920.54755146], [682408.818528547, 2574917.67484011], [682411.585784917, 2574906.30037339], [682412.415130845, 2574903.49513458], [682416.277684879, 2574892.44442468], [682417.376454654, 2574889.73336136], [682422.297524473, 2574879.11165739], [682423.655267618, 2574876.52055764], [682429.587994262, 2574866.42898244], [682431.19176526, 2574863.98255295], [682438.079777032, 2574854.51704501], [682438.203850619, 2574854.36294456], [682440.519293745, 2574851.29046476], [682440.565357843, 2574851.22507925], [682442.412847524, 2574848.86301211], [682450.269292443, 2574839.79239807], [682452.343375185, 2574837.62681256], [682461.066575742, 2574829.38636699], [682463.346622964, 2574827.4387845], [682467.996489704, 2574823.85310674], [682473.383349709, 2574819.16217661], [682474.681671919, 2574817.88799998], [682475.656436627, 2574817.03425251], [682489.564295092, 2574805.64885671], [682491.151466935, 2574804.43554313], [682494.731359544, 2574801.88321461], [682495.951521569, 2574801.05771325], [682507.10967081, 2574793.90166435], [682508.368937189, 2574793.13703942], [682509.206634935, 2574792.65613578], [682510.292614008, 2574792.06215341], [682519.62483468, 2574787.20528153], [682521.865122012, 2574786.15443339], [682525.394575083, 2574784.67332261], [682530.570767269, 2574782.20392256], [682534.915346905, 2574779.87011248], [682535.695525018, 2574779.46563253], [682537.52404543, 2574778.55137564], [682538.601366139, 2574778.03923145], [682547.841405439, 2574773.86979088], [682550.052057981, 2574772.9762616], [682559.594102496, 2574769.55413925], [682560.724657812, 2574769.1738745], [682562.024455875, 2574768.76526667], [682562.766555374, 2574768.54246832], [682569.470211082, 2574766.62384802], [682570.217770516, 2574766.42030179], [682574.223102237, 2574765.38508651], [682574.573145729, 2574765.29348765], [682575.821905729, 2574764.96268765], [682577.604407534, 2574764.46093678], [682578.77054075, 2574764.11317755], [682580.224356355, 2574763.71909558], [682593.391210498, 2574760.50261592], [682594.73293903, 2574760.21034216], [682595.648799142, 2574760.05231097], [682605.522517799, 2574758.53618007], [682606.622722426, 2574758.38802416], [682609.256113002, 2574758.08289042], [682610.923799008, 2574757.93668996], [682625.960617254, 2574757.04047197], [682627.633892578, 2574756.9875435], [682631.203150091, 2574756.97431326], [682632.376704992, 2574756.99292254], [682639.837976192, 2574757.2572999], [682643.879408653, 2574757.2643055], [682646.140659171, 2574757.19203038], [682646.94184733, 2574757.1771255], [682650.812345744, 2574757.15684147], [682652.656803416, 2574757.19158697], [682658.495240175, 2574757.01720513], [682664.289054988, 2574756.2759476], [682669.98333898, 2574754.97483936], [682675.524126549, 2574753.12621124], [682680.8589068, 2574750.74758296], [682685.9371212, 2574747.86149715], [682690.710642733, 2574744.49530568], [682695.134232002, 2574740.68091047], [682699.165965972, 2574736.45446113], [682702.76763528, 2574731.85601237], [682705.905106355, 2574726.92914439], [682708.5486449, 2574721.72054988], [682710.673197696, 2574716.27959149], [682712.258630028, 2574710.65783401], [682713.289916511, 2574704.90855571], [682713.757283485, 2574699.08624337], [682713.656301642, 2574693.24607595], [682712.987928001, 2574687.44340161], [682711.758496843, 2574681.73321319], [682709.979659675, 2574676.16962701], [682707.668274809, 2574670.80537004], [682706.07410717, 2574667.91641258], [682706.121504344, 2574667.89022614], [682704.026037632, 2574664.09745299], [682698.931398425, 2574653.72554413], [682697.7845819, 2574651.07540733], [682693.711375053, 2574640.26162978], [682692.824826203, 2574637.51346976], [682689.81074426, 2574626.35787986], [682689.192666604, 2574623.53716567], [682687.265724784, 2574612.14344216], [682686.921865703, 2574609.2763724], [682686.099921447, 2574597.7501076], [682686.033465122, 2574594.86324765], [682686.324143236, 2574583.31136024], [682686.535706518, 2574580.43147713], [682687.936300004, 2574568.96116039], [682688.423920035, 2574566.1150137], [682690.921455331, 2574554.83259516], [682691.65899446, 2574552.12587618], [682692.899400443, 2574546.53359451], [682693.600867512, 2574540.84851182], [682693.757002139, 2574535.12244483], [682693.65363544, 2574530.07903255], [682693.739212838, 2574527.11935675], [682694.666116106, 2574515.30659327], [682695.043215666, 2574512.36978292], [682697.261384549, 2574499.97631906], [682697.55837567, 2574498.52466134], [682697.626162721, 2574498.23051411], [682698.839533358, 2574490.93639414], [682699.254875315, 2574486.9253191], [682699.67632454, 2574484.14007727], [682701.884538857, 2574473.08587141], [682702.565510216, 2574470.35246127], [682705.801359853, 2574459.55436949], [682706.735853632, 2574456.89692248], [682711.118753047, 2574446.08516867], [682713.028200534, 2574440.6352283], [682713.770795053, 2574438.13630844], [682717.739644011, 2574426.86853458], [682718.870322141, 2574424.1058012], [682720.811661303, 2574419.96356863], [682722.757165622, 2574415.31351932], [682723.97180174, 2574412.02926226], [682724.312802059, 2574411.14997826], [682725.308959209, 2574408.69648293], [682725.783896713, 2574407.48946095], [682726.668296669, 2574405.16849483], [682727.110172162, 2574404.07407506], [682731.047781385, 2574394.84861931], [682732.058614271, 2574392.71676183], [682736.61051334, 2574384.01820419], [682737.392938862, 2574382.61573835], [682739.009060564, 2574379.89287023], [682739.549711882, 2574379.00169852], [682740.715821901, 2574376.9928848], [682743.842976421, 2574371.35736537], [682745.367553152, 2574368.89770845], [682752.3473418, 2574358.7640834], [682753.187011133, 2574357.60587878], [682753.66393459, 2574356.98112767], [682754.725916485, 2574355.60609601], [682758.363406123, 2574350.9471581], [682758.686888615, 2574350.54035472], [682761.449759039, 2574347.13180544], [682763.112334278, 2574345.11498785], [682764.74575132, 2574343.04230544], [682765.614743147, 2574341.8882951], [682767.255073176, 2574339.89469836], [682767.356757706, 2574339.78142782], [682770.49900036, 2574335.97747765], [682773.318075927, 2574331.92821368], [682775.794921406, 2574327.66101761], [682780.860519793, 2574318.04352932], [682782.370623157, 2574315.49119205], [682788.911547513, 2574305.58857162], [682790.666416167, 2574303.19791112], [682798.621301306, 2574293.41479842], [682800.070469653, 2574291.72014344], [682803.697902174, 2574287.02710804], [682806.844229654, 2574281.99884081], [682809.478702992, 2574276.68448307], [682810.664935098, 2574273.96096968], [682811.103934439, 2574272.99967112], [682811.194862494, 2574272.80949728], [682812.099137603, 2574271.06717193], [682820.743685594, 2574255.66587947], [682821.3911291, 2574254.59599318], [682821.68353613, 2574254.05623909], [682821.705950466, 2574254.069492], [682822.4251972, 2574252.85304595], [682823.249501038, 2574251.53783213], [682830.54109584, 2574240.546407], [682832.387224723, 2574238.05379923], [682840.281569742, 2574228.47395353], [682842.375359586, 2574226.1854439], [682851.217283299, 2574217.47254652], [682853.536310841, 2574215.41263884], [682864.22186612, 2574206.86773838], [682868.362570437, 2574203.23260658], [682872.152343487, 2574199.23295213], [682875.559225252, 2574194.90250503], [682878.252041539, 2574191.13585584], [682880.161283035, 2574188.7350682], [682888.283452593, 2574179.53069938], [682890.427975949, 2574177.33759834], [682899.942365413, 2574168.55512328], [682900.966645197, 2574167.66281353], [682901.397362953, 2574167.31887703], [682901.878045064, 2574166.9508467], [682906.718442073, 2574162.81982793], [682909.552062073, 2574160.12905793], [682913.79417637, 2574155.66498699], [682913.95780228, 2574155.47406783], [682914.101943553, 2574155.30876746], [682915.185391539, 2574154.13122506], [682925.213656709, 2574143.79929205], [682926.358392937, 2574142.68118074], [682928.958719645, 2574140.27347314], [682930.795755768, 2574138.65904953], [682935.116141681, 2574134.68145242], [682937.004980526, 2574133.0813661], [682942.264947356, 2574128.98610555], [682945.618766367, 2574126.17251783], [682947.659758595, 2574124.32933303], [682948.316933022, 2574123.75345255], [682949.81539834, 2574122.4814596], [682951.754213748, 2574120.86303246], [682955.560159907, 2574117.73505966], [682956.311374055, 2574117.13754897], [682963.071033555, 2574111.93528984], [682964.347595086, 2574110.9921493], [682968.292324176, 2574108.13964913], [682968.644724295, 2574107.88286747], [682969.087493331, 2574107.55776752], [682969.486723489, 2574107.26965401], [682973.101911618, 2574104.70551699], [682973.50564963, 2574104.42411202], [682974.061748903, 2574104.04326273], [682976.770874029, 2574102.07462155], [682979.552475164, 2574099.9321932], [682980.689121757, 2574099.09907372], [682992.119964883, 2574091.14245799], [682994.1862268, 2574089.63787014], [682994.388167446, 2574089.48413591], [682997.262953746, 2574087.32565209], [682997.566541954, 2574087.10085372], [682998.422653965, 2574086.47665344], [682999.880136206, 2574085.42663327], [683005.558823096, 2574081.38210588], [683005.725623429, 2574081.2628757], [683009.016383272, 2574078.90210902], [683009.624983899, 2574078.47681454], [683015.149137316, 2574074.71735362], [683015.768067071, 2574074.30725529], [683018.504540609, 2574072.54242958], [683019.90775174, 2574071.60930185], [683020.27706174, 2574071.35616185], [683023.416069657, 2574069.05134057], [683023.585344529, 2574068.91838416], [683024.581379502, 2574068.16899218], [683032.284167696, 2574062.62045858], [683037.029824089, 2574058.82259658], [683041.366884532, 2574054.56408544], [683045.250839929, 2574049.88862816], [683045.452238091, 2574049.61954499], [683049.014632022, 2574044.96789152], [683049.501116355, 2574044.35108419], [683049.891686123, 2574043.87761956], [683054.829269022, 2574038.06148916], [683055.387029389, 2574037.42300019], [683058.96106907, 2574033.4464699], [683059.460967115, 2574032.90385415], [683064.019605392, 2574028.07612575], [683064.525845051, 2574027.55304481], [683065.23493512, 2574026.83863508], [683066.108049455, 2574025.96614237], [683069.903887749, 2574022.20129171], [683070.419435044, 2574021.7020531], [683073.81663453, 2574018.49030459], [683078.436933376, 2574014.13938293], [683080.175090789, 2574012.52973299], [683080.631448322, 2574012.11412295], [683081.974541963, 2574010.90413234], [683085.666323372, 2574007.61437064], [683086.612927442, 2574006.75255589], [683089.125695423, 2574004.41535326], [683090.205379465, 2574003.44254721], [683091.151028424, 2574002.57197601], [683093.632594995, 2574000.23782751], [683094.083639558, 2573999.82218595], [683098.181032892, 2573996.12314267], [683098.64043471, 2573995.71685239], [683099.22864407, 2573995.20726792], [683099.462920083, 2573995.00649682], [683101.974024713, 2573992.8798716], [683104.548334503, 2573990.73096235], [683104.639349187, 2573990.65483487], [683109.460838326, 2573986.61388332], [683109.977910264, 2573986.19023631], [683112.441377956, 2573984.2173316], [683113.266184249, 2573983.57996924], [683120.773932909, 2573977.98406058], [683122.085071932, 2573977.04287002], [683122.751006489, 2573976.55627628], [683122.751410258, 2573976.55682543], [683126.772090258, 2573973.60055543], [683131.393959161, 2573969.83460274], [683135.612729161, 2573966.03316274], [683141.305749433, 2573960.15172511], [683141.65391002, 2573959.73909141], [683142.167552571, 2573959.14623001], [683146.859261548, 2573953.87189357], [683147.388222612, 2573953.2926743], [683149.141929565, 2573951.42205545], [683150.04211417, 2573950.50222304], [683157.85813161, 2573942.85112623], [683159.771904018, 2573941.13214932], [683159.897061944, 2573941.02908032], [683163.489926405, 2573937.81977284], [683165.601849745, 2573935.77507267], [683168.129827435, 2573933.58744984], [683176.068080673, 2573927.46094534], [683180.206262765, 2573924.32118324], [683180.904693285, 2573923.80700044], [683182.410361199, 2573922.73175249], [683186.691894867, 2573919.37077427], [683190.651219794, 2573915.63561012], [683194.255751062, 2573911.55700014], [683197.475823673, 2573907.16851093], [683197.749788145, 2573906.75724786], [683199.07199863, 2573904.92585974], [683204.982425283, 2573897.35717773], [683205.692869803, 2573896.48190621], [683206.850619092, 2573895.10945856], [683207.365544081, 2573894.50247649], [683210.121533537, 2573891.2698915], [683210.527163326, 2573890.79625897], [683212.507541327, 2573888.49271599], [683212.932373433, 2573888.00915843], [683216.586998329, 2573883.93822295], [683217.581140736, 2573882.80241292], [683218.938010736, 2573881.21226292], [683223.522871551, 2573875.08771483], [683230.070127079, 2573865.06846597], [683231.581246422, 2573862.89919162], [683233.60128266, 2573859.79980362], [683235.776794797, 2573856.22561401], [683236.360252753, 2573855.30816838], [683236.64185673, 2573854.89404466], [683240.058416441, 2573849.98749027], [683240.441024995, 2573849.45079065], [683243.579560782, 2573845.15141521], [683244.6222359, 2573843.74133939], [683246.010586193, 2573841.88463446], [683246.164558423, 2573841.67779504], [683247.385273166, 2573840.03056334], [683248.363274107, 2573838.78132567], [683257.457444863, 2573827.77741875], [683258.500076803, 2573826.58170176], [683260.889503848, 2573823.98350203], [683260.950088275, 2573823.91752536], [683261.357538275, 2573823.47314536], [683261.948503229, 2573822.81903494], [683262.404103229, 2573822.30724494], [683266.597017596, 2573817.02751181], [683272.532067676, 2573808.62467065], [683274.413039819, 2573806.22967995], [683282.41764126, 2573797.03976502], [683283.355106322, 2573796.06789529], [683285.45315013, 2573793.7314966], [683285.473682228, 2573793.74940312], [683286.727170238, 2573792.3121197], [683289.157704834, 2573789.64164021], [683290.108601335, 2573788.5714975], [683292.572851335, 2573785.7306775], [683295.485836558, 2573782.09669005], [683295.654199057, 2573781.8690879], [683297.453263769, 2573779.5302979], [683297.442679062, 2573779.52215584], [683300.009769232, 2573776.06878158], [683302.691750315, 2573771.73612488], [683304.996434759, 2573767.19152742], [683307.138364488, 2573762.48214349], [683307.424084442, 2573761.88612409], [683308.233777355, 2573760.40676264], [683317.4689665, 2573744.80246139], [683318.553193702, 2573743.10346088], [683321.163443402, 2573739.3012103], [683321.73093008, 2573738.4998385], [683323.016566481, 2573736.60894644], [683323.877536481, 2573735.28924644], [683326.651938464, 2573730.58117093], [683328.98647191, 2573725.64019583], [683331.141221268, 2573720.48401712], [683332.461515624, 2573717.72845379], [683333.957762572, 2573714.97522152], [683336.773816099, 2573709.04030137], [683338.924178437, 2573702.83309777], [683339.065397385, 2573702.33961849], [683340.133861328, 2573699.25279387], [683344.345321314, 2573688.94105558], [683346.625525728, 2573682.2594221], [683348.105101572, 2573675.35620448], [683348.293579035, 2573674.12799829], [683350.50655687, 2573661.71763437], [683351.009996143, 2573659.41987705], [683351.325237317, 2573658.21014684], [683352.494774749, 2573652.65825044], [683353.13466965, 2573647.02070612], [683353.159703363, 2573646.64035977], [683354.051143441, 2573636.30796054], [683354.359493598, 2573633.88821447], [683355.388400783, 2573627.80047675], [683355.739440604, 2573625.43829212], [683356.52271897, 2573619.33435873], [683356.699781667, 2573618.33416669], [683357.409604246, 2573612.87649844], [683357.616350597, 2573607.37674875], [683357.318281181, 2573601.88119187], [683356.517903919, 2573596.4360668], [683355.221953095, 2573591.08718821], [683353.441332691, 2573585.87956094], [683350.784374473, 2573579.13640504], [683349.911187658, 2573576.59091828], [683346.877747839, 2573566.25874683], [683346.236304345, 2573563.64525177], [683344.141427611, 2573553.08273535], [683343.736887503, 2573550.42226782], [683342.597447938, 2573539.71445715], [683342.433065778, 2573537.02843075], [683342.247304197, 2573525.5880978], [683342.255663073, 2573524.24175891], [683342.348721824, 2573520.99486577], [683342.221767049, 2573515.01364634], [683341.972200637, 2573511.50937705], [683341.928098071, 2573510.75661564], [683341.71375447, 2573506.09275255], [683341.691075465, 2573505.57870067], [683341.509437834, 2573501.30890386], [683341.482435964, 2573499.95496579], [683341.487281812, 2573498.11545856], [683341.291085824, 2573493.10663444], [683340.878732486, 2573489.76337089], [683340.884171822, 2573489.76272275], [683340.395700497, 2573485.66337595], [683339.595974304, 2573474.68305269], [683339.522222995, 2573471.93277052], [683339.745467109, 2573460.23673719], [683339.803302327, 2573458.8614648], [683340.035934738, 2573455.28651424], [683340.166841971, 2573453.82639318], [683340.444584947, 2573451.39764405], [683340.818570703, 2573445.9010326], [683340.829174335, 2573445.41929109], [683341.020819992, 2573442.63134947], [683342.124557161, 2573433.09709743], [683342.522025359, 2573425.93237908], [683342.510647029, 2573423.35492318], [683342.540502452, 2573421.87805462], [683342.692268437, 2573418.49549189], [683342.821365083, 2573416.75331454], [683344.438895239, 2573401.1185246], [683344.669203874, 2573399.38679323], [683345.279446666, 2573395.63738343], [683345.408817539, 2573394.9024054], [683346.869370555, 2573387.22677593], [683349.171035895, 2573375.33172349], [683350.225908769, 2573371.02747071], [683351.444754135, 2573364.51927004], [683352.779193435, 2573354.30651622], [683353.285723751, 2573351.48652397], [683355.849565453, 2573340.31149142], [683356.622950455, 2573337.55273379], [683360.501789141, 2573325.89165429], [683362.253341582, 2573319.44899913], [683364.965828954, 2573306.70944893], [683365.2593385, 2573305.48115203], [683365.869884467, 2573302.61901137], [683367.348104467, 2573294.75383137], [683367.597621393, 2573293.33224035], [683368.982362752, 2573284.84452236], [683369.559911945, 2573282.11220007], [683372.377772433, 2573271.29781526], [683373.20705312, 2573268.63102407], [683377.018862374, 2573258.12571773], [683378.092651943, 2573255.54768528], [683383.115311079, 2573244.91337975], [683383.801822098, 2573243.55629756], [683383.924352639, 2573243.33297975], [683387.65254913, 2573236.75819235], [683388.077015091, 2573236.03346632], [683390.211975992, 2573232.50256824], [683390.995298093, 2573231.27536511], [683394.522274346, 2573226.03467843], [683397.192167533, 2573221.67780769], [683399.481665088, 2573217.10956368], [683400.313290791, 2573215.02380103], [683400.33013306, 2573215.03083504], [683402.36839024, 2573210.1504191], [683406.37299036, 2573201.95329507], [683407.775033455, 2573198.86503539], [683408.196283455, 2573197.86282539], [683409.546956568, 2573194.34384222], [683409.574074976, 2573194.26596019], [683409.892512767, 2573193.37459278], [683410.907943816, 2573190.60677624], [683412.079893595, 2573187.49751302], [683412.994606131, 2573184.89034692], [683413.032407723, 2573184.77410123], [683414.673141235, 2573179.95385255], [683415.745900617, 2573176.45606816], [683417.402646137, 2573170.40147552], [683418.132243857, 2573168.1026272], [683421.624620272, 2573158.46183412], [683422.052504063, 2573157.35094042], [683422.578654598, 2573156.14045408], [683427.331014534, 2573145.84004355], [683428.039030509, 2573144.46929752], [683430.570031088, 2573138.88699557], [683432.518311719, 2573133.07560491], [683433.324031719, 2573130.19101491], [683434.627111691, 2573124.4534868], [683435.361977147, 2573118.61591719], [683435.521561693, 2573112.73443956], [683435.104330781, 2573106.86560965], [683434.114296461, 2573101.06586153], [683432.560978807, 2573095.39096501], [683432.502919738, 2573095.21352463], [683432.085626464, 2573093.82562689], [683431.774871542, 2573092.6935962], [683431.041330387, 2573089.59655911], [683430.2240524, 2573086.51375752], [683430.1350324, 2573086.21072752], [683429.758409199, 2573084.97781336], [683429.158832728, 2573083.08794769], [683425.557877243, 2573070.65006346], [683424.86068713, 2573067.68583623], [683422.676607285, 2573055.69680931], [683422.283690077, 2573052.67708212], [683421.758839778, 2573046.01185058], [683421.513538956, 2573043.54767847], [683420.753235565, 2573037.23470503], [683420.548934094, 2573034.45486174], [683420.465940282, 2573031.36625465], [683419.932245387, 2573024.83342597], [683419.880904699, 2573024.4587034], [683419.626564075, 2573021.56755955], [683419.14136474, 2573009.23652033], [683419.119412316, 2573007.78445073], [683419.151428816, 2573004.26212081], [683419.20195975, 2573002.77324794], [683419.73096969, 2572993.7810672], [683419.795922541, 2572988.10529018], [683419.324243186, 2572982.44877338], [683418.320152981, 2572976.86214054], [683416.79263816, 2572971.39538993], [683414.755369414, 2572966.09744696], [683412.226579542, 2572961.01572624], [683409.228900274, 2572956.19570729], [683405.789159727, 2572951.68052749], [683401.938142303, 2572947.51059602], [683397.710313177, 2572943.72323222], [683390.127468028, 2572937.55128461], [683387.919845554, 2572935.56477267], [683493.048647571, 2572674.02216152], [683494.404740681, 2572674.01388269], [683498.072522855, 2572674.07441954], [683499.366967358, 2572674.12375438], [683511.002608372, 2572674.81911611], [683512.293725571, 2572674.92429569], [683515.939528258, 2572675.30069394], [683517.342251201, 2572675.47901825], [683529.223708725, 2572677.27499462], [683531.995033382, 2572677.82859692], [683543.654496036, 2572680.73520565], [683545.018176553, 2572681.10951472], [683545.431922824, 2572681.23363719], [683546.770233496, 2572681.66961283], [683558.81564461, 2572685.90869177], [683562.126793159, 2572687.10833575], [683566.486327691, 2572688.32492786], [683576.469504563, 2572690.7089595], [683579.239488925, 2572691.51308903], [683590.156701746, 2572695.26047772], [683592.83663242, 2572696.32706508], [683603.783460101, 2572701.30637943], [683609.012227553, 2572703.39454096], [683611.687813524, 2572704.18156588], [683611.672411119, 2572704.23305329], [683624.997941806, 2572708.21937246], [683627.907873965, 2572709.25599179], [683634.48266384, 2572711.9875337], [683640.264328525, 2572714.04954954], [683646.22641686, 2572715.51004895], [683652.306526388, 2572716.35374556], [683658.44101938, 2572716.57180877], [683664.5656889, 2572716.16195622], [683670.616430829, 2572715.12847766], [683673.905841187, 2572714.39171033], [683676.766109718, 2572713.89509249], [683688.295157499, 2572712.46421402], [683691.190110452, 2572712.24654474], [683702.80347114, 2572711.93737472], [683705.705870763, 2572712.0007074], [683717.294696785, 2572712.81615451], [683720.177365465, 2572713.15989224], [683732.349683455, 2572715.21320443], [683733.775813728, 2572715.48944365], [683737.291329147, 2572716.25915344], [683738.818170231, 2572716.63565343], [683751.704535828, 2572720.17406402], [683754.687084278, 2572721.16382989], [683766.399512858, 2572725.74511164], [683769.262089817, 2572727.04165253], [683780.430551038, 2572732.82376464], [683783.141670143, 2572734.41282806], [683794.300627819, 2572741.76522997], [683795.590661469, 2572742.66457172], [683797.125089341, 2572743.79520476], [683798.466953358, 2572744.8440075], [683809.611198237, 2572754.07580977], [683812.104226315, 2572756.3918168], [683812.388965838, 2572756.68817466], [683815.076096239, 2572759.31509759], [683821.536565464, 2572765.2467249], [683823.560548317, 2572767.29251028], [683831.25769207, 2572775.8584067], [683833.076213798, 2572778.088806], [683839.214429944, 2572786.4020885], [683839.611107773, 2572786.933164], [683839.885237773, 2572787.295974], [683840.904375784, 2572788.60669329], [683842.396112244, 2572790.47139809], [683843.705640875, 2572792.23733615], [683854.895933038, 2572808.54486117], [683856.072603373, 2572810.40204272], [683858.187779317, 2572814.02798186], [683858.661207038, 2572814.87045272], [683862.799190095, 2572822.51998624], [683863.245246814, 2572823.37729228], [683864.821027007, 2572826.52885266], [683865.373474916, 2572827.6958865], [683869.853802576, 2572837.71243893], [683870.805228281, 2572840.11154121], [683874.407683462, 2572850.47635131], [683874.705845044, 2572851.39769043], [683875.058924283, 2572852.7006084], [683878.279497997, 2572865.98680188], [683878.868219453, 2572869.1471932], [683880.542798312, 2572881.90371519], [683880.789715265, 2572885.10896893], [683881.11803063, 2572899.23427697], [683881.735853011, 2572906.53953988], [683882.880583493, 2572914.35128523], [683883.169967343, 2572917.4162507], [683883.696769802, 2572929.72549996], [683883.670312199, 2572932.80399075], [683882.932005329, 2572945.10228241], [683882.589975799, 2572948.16182552], [683880.469488564, 2572961.08021084], [683880.180990245, 2572962.59353098], [683879.391639564, 2572966.22454993], [683879.101293084, 2572967.43799983], [683876.419831487, 2572977.69693414], [683875.689321817, 2572980.08162477], [683872.372060727, 2572989.49368179], [683871.445909565, 2572991.80942453], [683867.10233172, 2573001.48260457], [683866.569488316, 2573002.60611772], [683865.056845799, 2573005.6303352], [683864.531533777, 2573006.66847616], [683863.634121938, 2573008.40026186], [683861.554818713, 2573012.84969314], [683859.846385011, 2573017.45427727], [683857.181464314, 2573025.65086244], [683856.389282332, 2573027.80365756], [683854.245736216, 2573033.00570577], [683852.537060394, 2573037.69781322], [683852.423790394, 2573038.05435322], [683852.028828591, 2573039.34792235], [683851.433381149, 2573041.37984094], [683850.995714058, 2573042.75059627], [683846.997913044, 2573054.30721618], [683845.928410036, 2573056.97696091], [683845.894824434, 2573057.05038643], [683843.346472715, 2573063.61512412], [683841.584827174, 2573070.43322374], [683841.499854523, 2573070.86541943], [683840.139927469, 2573076.10599557], [683839.064035046, 2573081.1267435], [683838.952106794, 2573081.78552739], [683838.819097885, 2573082.50357062], [683838.072208689, 2573087.88721974], [683837.815571306, 2573093.31636871], [683837.814614249, 2573093.81323363], [683837.801418225, 2573094.64723835], [683837.683847682, 2573098.60133966], [683837.620992675, 2573099.84526087], [683836.867499659, 2573110.40313001], [683836.587340959, 2573112.87692393], [683835.486142922, 2573119.95721151], [683834.923941768, 2573124.92996777], [683834.7780993, 2573129.93227772], [683835.049630111, 2573134.92934146], [683836.07670502, 2573145.5951055], [683836.166528491, 2573146.76889519], [683836.361461142, 2573150.19982527], [683836.40870265, 2573152.15119794], [683836.262221755, 2573169.71238271], [683836.182434602, 2573171.66269923], [683835.933999196, 2573175.03956922], [683835.811843072, 2573176.32262599], [683834.539771968, 2573187.2012962], [683834.1309515, 2573189.74473594], [683832.296903663, 2573198.68479364], [683831.972913479, 2573200.38884605], [683830.888490005, 2573206.57878244], [683830.421698837, 2573208.89122431], [683830.28631541, 2573209.60771675], [683829.95737754, 2573211.27332138], [683827.704429484, 2573221.55898872], [683827.075058333, 2573223.95433549], [683823.92443724, 2573234.20307787], [683822.715109595, 2573238.7698661], [683821.868825162, 2573243.41764307], [683821.500714256, 2573246.01603858], [683821.307046044, 2573247.20939932], [683820.852089461, 2573249.69491698], [683820.662098539, 2573250.79005397], [683820.261334702, 2573253.23433728], [683820.028133302, 2573254.48888342], [683817.819955828, 2573265.1061252], [683817.194844456, 2573267.57900797], [683815.763269747, 2573272.37381439], [683814.600818669, 2573276.90453264], [683814.531785995, 2573277.22500876], [683813.71751008, 2573280.23506053], [683809.628948018, 2573292.73050359], [683807.954357878, 2573298.96514064], [683807.019760142, 2573303.38076325], [683806.390320549, 2573305.97282655], [683806.416782346, 2573305.97925236], [683805.267914865, 2573311.25294637], [683805.001272414, 2573312.89350114], [683804.745626124, 2573314.26433357], [683802.302881629, 2573325.86041326], [683801.466860584, 2573329.07927604], [683800.207294609, 2573335.61648407], [683800.172249914, 2573335.61093993], [683799.745867711, 2573338.30611583], [683799.049420789, 2573341.98239646], [683798.8768202, 2573342.82695541], [683797.214476229, 2573350.40433663], [683797.088095739, 2573350.94329356], [683795.801547186, 2573358.66888124], [683795.535885961, 2573361.32455649], [683795.341105511, 2573362.8669279], [683794.789337938, 2573366.48008731], [683794.577353633, 2573367.69915955], [683792.467648624, 2573378.5060447], [683792.08883039, 2573380.21974121], [683791.028124669, 2573386.66587658], [683789.999400338, 2573396.09941038], [683789.578619461, 2573398.8048715], [683787.402306384, 2573409.54283876], [683786.73650018, 2573412.19862747], [683783.589784808, 2573422.69321664], [683782.684493606, 2573425.27719927], [683780.335022907, 2573431.11443716], [683779.274365932, 2573433.95479233], [683779.007282286, 2573434.72918398], [683774.126516977, 2573446.83204051], [683773.515886016, 2573448.24111543], [683772.402815642, 2573450.63937832], [683771.825356621, 2573451.81560874], [683769.307962361, 2573456.67219528], [683767.604291715, 2573460.24229576], [683765.772911316, 2573464.42984847], [683764.418357415, 2573467.17855717], [683762.220475936, 2573472.20616715], [683762.076892092, 2573472.58036508], [683757.572649036, 2573483.54917183], [683757.53850018, 2573483.62243584], [683755.141580221, 2573489.57776609], [683751.942240221, 2573498.94501609], [683750.401251706, 2573504.24126857], [683749.353151872, 2573509.65665616], [683748.806798599, 2573515.1454114], [683748.766809323, 2573520.66114678], [683749.233522006, 2573526.15724678], [683750.454588879, 2573535.44681326], [683750.69357442, 2573538.35327058], [683750.701622537, 2573538.59425486], [683751.069892944, 2573543.52286493], [683751.842551376, 2573548.40444451], [683754.353470026, 2573560.90828242], [683754.392498789, 2573561.17562561], [683755.782356579, 2573567.9427981], [683756.905369386, 2573572.16146363], [683758.323019735, 2573578.99912273], [683759.375245156, 2573583.0610281], [683759.347425755, 2573583.06843216], [683760.328421881, 2573586.75434401], [683762.525523245, 2573596.68593105], [683762.968912803, 2573599.18902949], [683764.401250682, 2573609.90162015], [683764.543033279, 2573611.16543002], [683764.86963725, 2573614.7637519], [683764.969022556, 2573616.29012622], [683765.482545489, 2573629.27788534], [683765.44066005, 2573632.92603963], [683765.352530365, 2573637.27674265], [683765.677611396, 2573642.33259223], [683765.694553279, 2573642.4911572], [683765.801279088, 2573643.73454211], [683766.488393547, 2573654.31980375], [683766.546293314, 2573656.81409673], [683766.362570294, 2573666.79545292], [683766.212914166, 2573669.285945], [683765.136731311, 2573679.83872117], [683764.984301596, 2573681.07746569], [683764.683750453, 2573683.1612583], [683764.375385923, 2573684.92492604], [683763.065517084, 2573691.29045074], [683762.240886554, 2573696.40940641], [683761.997177883, 2573698.49185539], [683761.974028913, 2573698.65464685], [683761.604254464, 2573702.94004193], [683761.54527609, 2573702.93538794], [683761.206685835, 2573707.22622496], [683759.757419751, 2573718.61273513], [683759.259571172, 2573721.43754996], [683757.742989097, 2573728.14697061], [683757.308914813, 2573730.24004166], [683755.982113449, 2573737.26490361], [683755.72797523, 2573738.4734837], [683754.957751685, 2573741.79516794], [683754.383809622, 2573743.91454241], [683752.56557784, 2573749.7699913], [683751.018087396, 2573755.86462962], [683750.216674762, 2573761.39900106], [683750.192994372, 2573761.39633983], [683749.986753444, 2573763.23153084], [683748.605290276, 2573773.60205376], [683748.180548798, 2573776.025915], [683745.953466699, 2573786.24812741], [683745.66677727, 2573787.44534562], [683744.675621743, 2573791.23896856], [683744.334803951, 2573792.44056475], [683741.226376598, 2573802.58990197], [683740.519499175, 2573804.59559682], [683739.284625673, 2573808.52469214], [683738.792244801, 2573810.3025067], [683738.080157291, 2573812.46674928], [683736.646815018, 2573817.57311636], [683736.359704875, 2573818.80241635], [683735.983778455, 2573820.2817039], [683735.68333743, 2573821.37671296], [683732.954425299, 2573830.63247705], [683732.230589501, 2573832.78378195], [683730.245875219, 2573838.0182012], [683727.975559971, 2573845.41196584], [683726.896870877, 2573849.94895083], [683725.953568556, 2573853.12496264], [683720.949703353, 2573867.09274057], [683719.739506127, 2573870.87440409], [683716.106568657, 2573881.73673312], [683715.080680528, 2573884.3811146], [683714.911966506, 2573884.76156889], [683713.496988689, 2573888.2426402], [683713.325508689, 2573888.7055602], [683711.88290083, 2573893.11669092], [683710.785556756, 2573897.62612855], [683709.28189718, 2573905.04317458], [683708.953788017, 2573906.47952393], [683708.382573798, 2573908.72461157], [683708.098484958, 2573909.88980013], [683707.578679648, 2573912.11832948], [683707.207023755, 2573913.55097946], [683703.576609821, 2573926.24788401], [683703.166320844, 2573927.54254502], [683702.938073555, 2573928.16892695], [683698.946785148, 2573938.42798305], [683697.904703057, 2573940.79822015], [683694.845182734, 2573947.0140231], [683694.207084566, 2573948.35185714], [683693.944287003, 2573948.92081911], [683689.67031434, 2573957.40443788], [683688.874491853, 2573959.04573039], [683687.884619031, 2573961.16884325], [683686.926310913, 2573963.04862013], [683686.42889448, 2573963.94493928], [683686.186781738, 2573964.4025401], [683686.18421657, 2573964.40113655], [683684.716646384, 2573967.08330705], [683684.677157885, 2573967.14999037], [683683.841188551, 2573968.60786194], [683680.960168551, 2573973.79931194], [683678.36010938, 2573979.07936527], [683676.289866233, 2573984.58875399], [683674.76935903, 2573990.27446667], [683673.813218122, 2573996.08179526], [683673.430643514, 2574001.95486153], [683673.625316348, 2574007.83715473], [683674.395363478, 2574013.67207531], [683675.733375494, 2574019.40347956], [683677.62647802, 2574024.97621979], [683680.056455585, 2574030.33667497], [683682.999926897, 2574035.43326672], [683686.428569818, 2574040.21695552], [683690.309393878, 2574044.64171262], [683694.605057711, 2574048.66496293], [683699.274228356, 2574052.24799464], [683704.271978961, 2574055.35633177], [683709.550221071, 2574057.96006582], [683719.510991071, 2574062.27990582], [683724.433623688, 2574064.16247903], [683729.50246913, 2574065.60580838], [683734.678417884, 2574066.59875764], [683739.943678348, 2574067.37085821], [683743.526861802, 2574068.12229455], [683758.543586756, 2574072.24322247], [683760.29527878, 2574072.78199084], [683764.05136071, 2574074.06411015], [683764.787943139, 2574074.32630321], [683771.385535799, 2574076.77212766], [683772.029413809, 2574077.02041359], [683777.392252985, 2574079.18813617], [683778.452350623, 2574079.60497711], [683788.524374432, 2574083.45541088], [683790.529155142, 2574084.30648463], [683793.79439596, 2574085.83487311], [683795.257400834, 2574086.5689826], [683803.518333401, 2574091.00037106], [683808.283966995, 2574093.29233823], [683820.14781347, 2574098.3671147], [683822.743888393, 2574099.62870101], [683832.87768267, 2574105.17147238], [683835.340439669, 2574106.67686061], [683845.491995689, 2574113.57449823], [683846.666693797, 2574114.41469886], [683850.527332239, 2574117.31901435], [683851.618692281, 2574118.18035783], [683860.721052783, 2574125.71305041], [683862.777405743, 2574127.58193021], [683870.650840731, 2574135.43378402], [683873.4636304, 2574138.51172605], [683873.472038977, 2574138.50404184], [683875.282999588, 2574140.51587199], [683875.795242059, 2574141.04229898], [683885.853504145, 2574152.02607827], [683890.221071543, 2574156.33143032], [683895.005315455, 2574160.16844888], [683900.156251562, 2574163.49704595], [683905.620064455, 2574166.28244537], [683911.339669885, 2574168.49554613], [683913.484971478, 2574169.20186383], [683916.359062799, 2574170.31491965], [683927.616970992, 2574175.3547075], [683930.361624669, 2574176.75697474], [683941.710836451, 2574183.31189829], [683943.026119199, 2574184.11735412], [683946.749022902, 2574186.53094962], [683947.975192426, 2574187.36973091], [683958.215321774, 2574194.75346454], [683960.534617615, 2574196.60704234], [683969.437311967, 2574204.47513772], [683971.561877733, 2574206.54898985], [683979.642734605, 2574215.25903762], [683981.551763012, 2574217.53284429], [683984.201256928, 2574221.02622464], [683988.056061746, 2574225.6136877], [683992.34920864, 2574229.79378665], [683997.037880222, 2574233.52483157], [684002.075314369, 2574236.76961118], [684007.411270598, 2574239.49576389], [684012.992531139, 2574241.67610062], [684013.860324302, 2574241.96605745], [684016.672565442, 2574243.06606731], [684027.691147568, 2574248.02951005], [684030.378529939, 2574249.40687484], [684040.841960663, 2574255.45359036], [684043.377135483, 2574257.09429359], [684053.179199246, 2574264.16291021], [684055.536483678, 2574266.05033275], [684065.143390245, 2574274.57080965], [684066.165740215, 2574275.52461624], [684067.291833962, 2574276.69491349], [684077.715558885, 2574288.17003094], [684078.836957092, 2574289.47814472], [684081.711714393, 2574293.03331834], [684082.814496582, 2574294.48525207], [684091.805257344, 2574307.10101569], [684093.734953319, 2574310.19007681], [684101.564389667, 2574324.60468228], [684101.587548968, 2574324.59210307], [684103.721235387, 2574328.37813603], [684106.862531872, 2574332.91842075], [684110.407872153, 2574337.15073587], [684114.327237115, 2574341.03924552], [684118.587440701, 2574344.5510249], [684125.082318781, 2574349.42086846], [684127.314199968, 2574351.26938032], [684135.877736979, 2574359.08968886], [684137.920758328, 2574361.14506311], [684145.689278474, 2574369.75555442], [684147.524284887, 2574371.9985227], [684154.856964859, 2574381.90190091], [684155.691463652, 2574383.08785761], [684156.387926135, 2574384.13029976], [684156.862033927, 2574384.87535881], [684160.342837993, 2574389.78344025], [684164.297725022, 2574394.31820914], [684167.934497425, 2574398.08858556], [684169.008359279, 2574399.26268265], [684177.972601663, 2574409.6013969], [684179.737166158, 2574411.84378776], [684185.009600846, 2574419.24304027], [684185.518079062, 2574419.97963595], [684188.102409329, 2574423.8454952], [684188.392891464, 2574424.27597889], [684189.00762592, 2574425.17854342], [684189.286512011, 2574425.61452513], [684193.002413031, 2574430.79500974], [684197.247018114, 2574435.55196979], [684201.972404088, 2574439.83169742], [684207.125219586, 2574443.58587291], [684212.6472874, 2574446.77211023], [684223.546432816, 2574452.31102064], [684226.106456687, 2574453.77469093], [684236.050794132, 2574460.12879485], [684238.45464864, 2574461.83687708], [684247.903834966, 2574469.27664494], [684249.80139445, 2574470.90324087], [684250.69213815, 2574471.73363112], [684254.898902549, 2574475.3081727], [684259.416391919, 2574478.48094814], [684265.564122284, 2574482.3891745], [684266.226800512, 2574482.85607635], [684271.002566823, 2574485.89432359], [684276.043385382, 2574488.46901549], [684281.304394458, 2574490.55723809], [684286.738772693, 2574492.14040685], [684292.298155796, 2574493.20443206], [684297.19493296, 2574493.90408209], [684300.042999809, 2574494.45272575], [684312.02554043, 2574497.36847919], [684314.129688998, 2574497.9347892], [684319.719245309, 2574499.15665261], [684325.399770982, 2574499.84055174], [684331.119610962, 2574499.98026764], [684336.826752696, 2574499.57452983], [684342.469299097, 2574498.62702783], [684347.995940471, 2574497.14637761], [684353.356421086, 2574495.14604326], [684358.501996172, 2574492.64421453], [684363.38587517, 2574489.66364146], [684367.963647219, 2574486.23142745], [684373.973619691, 2574481.26063443], [684376.285740239, 2574479.5288914], [684385.861403099, 2574473.05264915], [684386.025190553, 2574472.95302441], [684391.099867402, 2574469.49875387], [684395.795031044, 2574465.54403917], [684400.061533118, 2574461.13027772], [684403.854712436, 2574456.30367222], [684407.134862495, 2574451.11474693], [684409.867647109, 2574445.61781885], [684412.024459848, 2574439.87042911], [684413.582723477, 2574433.93274063], [684414.526126295, 2574427.86690835], [684414.703134731, 2574426.15634466], [684416.592157057, 2574413.82821299], [684416.849868026, 2574412.38339484], [684417.572983962, 2574408.83403824], [684417.903951093, 2574407.39223499], [684421.017659365, 2574395.21327751], [684421.890228545, 2574392.38871699], [684425.93515761, 2574381.27117314], [684427.081669834, 2574378.54624966], [684432.201821346, 2574367.88109973], [684433.611108722, 2574365.28235542], [684439.756716717, 2574355.17328708], [684441.415104887, 2574352.72593814], [684448.526401909, 2574343.27124468], [684450.417723669, 2574340.99914711], [684458.425577246, 2574332.29076812], [684460.531482408, 2574330.21596406], [684469.869948506, 2574321.88168806], [684470.698288946, 2574321.18089601], [684471.147085636, 2574320.83371529], [684473.545841146, 2574319.05694965], [684476.110133305, 2574317.047505], [684476.496578288, 2574316.72736836], [684485.728868806, 2574309.76051392], [684486.83355755, 2574308.96557496], [684489.310479859, 2574307.26711695], [684490.798834788, 2574306.30982817], [684503.679597063, 2574298.5525123], [684506.810459495, 2574296.91036767], [684508.08571095, 2574296.3346712], [684513.248135987, 2574293.69687013], [684518.131892611, 2574290.57316272], [684522.241210704, 2574287.65578596], [684523.558601221, 2574286.80245465], [684528.374290421, 2574283.33337648], [684532.823684052, 2574279.40549384], [684536.863245582, 2574275.05724034], [684540.453448611, 2574270.3311629], [684543.559163637, 2574265.27350535], [684546.150001784, 2574259.93375596], [684548.200612159, 2574254.36416326], [684549.690929898, 2574248.61922472], [684550.606372507, 2574242.75515356], [684550.937982541, 2574236.82932867], [684550.682515252, 2574230.89973322], [684549.842470345, 2574225.02438724], [684549.376369276, 2574222.62019748], [684549.136641729, 2574221.20262895], [684547.388704997, 2574209.11064029], [684547.114363126, 2574206.25040392], [684546.566233373, 2574194.76505147], [684546.566942964, 2574191.89169014], [684547.120751198, 2574180.40662437], [684547.396508262, 2574177.54651245], [684549.047165923, 2574166.16720351], [684549.59543506, 2574163.34663847], [684552.498690261, 2574151.47897419], [684552.873716623, 2574150.09099069], [684553.866734939, 2574146.73711922], [684554.491599916, 2574144.85715583], [684560.668955681, 2574128.13828939], [684561.341808477, 2574126.48714302], [684563.527422421, 2574120.12423391], [684564.986943706, 2574113.55663783], [684565.702021477, 2574106.86693048], [684566.073903996, 2574099.49358092], [684566.170159892, 2574098.57203087], [684566.26430984, 2574096.83301525], [684566.321669177, 2574096.8373281], [684567.096289711, 2574086.53516921], [684567.446894677, 2574083.69444495], [684569.372747524, 2574072.51205594], [684570.395940231, 2574067.97617105], [684571.338041223, 2574062.71983138], [684571.809051402, 2574057.40054473], [684571.805239755, 2574052.06044674], [684571.326636477, 2574046.7418379], [684570.377032724, 2574041.48684848], [684570.12112346, 2574040.35988209], [684568.073545458, 2574028.70974438], [684567.706009791, 2574025.77687451], [684566.815548817, 2574013.98182805], [684566.738595183, 2574011.0269984], [684567.031101359, 2573998.46182007], [684567.10196986, 2573996.98450477], [684567.352191824, 2573993.54344973], [684567.51497685, 2573991.91809401], [684569.273798675, 2573978.14968226], [684569.863028171, 2573974.93936503], [684572.917198865, 2573962.23840389], [684573.85194598, 2573959.11119367], [684578.268844809, 2573946.81752273], [684579.538032004, 2573943.8104615], [684585.568820679, 2573931.44761297], [684586.9285154, 2573928.86902468], [684587.346539263, 2573928.05091175], [684588.193213654, 2573926.44199567], [684594.386049099, 2573915.35339797], [684595.221413604, 2573914.01850745], [684598.142332101, 2573908.78699646], [684600.526910588, 2573903.29024674], [684602.351369205, 2573897.58307381], [684603.597513808, 2573891.72239162], [684604.2529174, 2573885.76664497], [684604.972075137, 2573873.725255], [684605.308964807, 2573870.69123928], [684607.273618316, 2573858.63362649], [684607.555759011, 2573857.32564186], [684608.359171958, 2573852.74706606], [684609.132182625, 2573847.05402749], [684609.758420834, 2573843.80176459], [684613.181657302, 2573830.13899845], [684613.628793617, 2573828.54284718], [684613.969281458, 2573827.44513232], [684615.289003003, 2573822.4354891], [684616.17166266, 2573817.33067744], [684616.564181083, 2573814.28161008], [684617.03414962, 2573811.59935964], [684619.400137426, 2573800.96280916], [684620.111496419, 2573798.33430504], [684623.432709238, 2573787.95625589], [684624.379606917, 2573785.40310487], [684628.866076995, 2573774.80847535], [684629.273578154, 2573773.90977523], [684629.632089658, 2573773.20287722], [684635.265744241, 2573762.70972003], [684636.704513762, 2573760.30647205], [684641.206807356, 2573753.52618619], [684644.279010536, 2573748.35444977], [684646.817922648, 2573742.90108245], [684648.798023893, 2573737.22089856], [684650.199411346, 2573731.37099231], [684651.007999003, 2573725.41016386], [684651.21565937, 2573719.39832827], [684650.820305154, 2573713.39591335], [684649.825910248, 2573707.46325217], [684648.24246978, 2573701.6599767], [684644.001450361, 2573688.71148508], [684643.53643029, 2573687.14946215], [684642.527496849, 2573683.38972162], [684642.301603732, 2573682.49296394], [684640.393494741, 2573674.39285359], [684640.195354371, 2573673.4895547], [684639.416550249, 2573669.6578556], [684639.162754182, 2573668.23414401], [684637.298244034, 2573656.08689957], [684636.997955099, 2573653.212325], [684636.352114853, 2573641.66443711], [684636.330002726, 2573638.77428963], [684636.799055485, 2573627.21781829], [684637.05532305, 2573624.33895456], [684638.634900239, 2573612.88136477], [684639.167160134, 2573610.04060153], [684641.842607816, 2573598.78831388], [684642.64593039, 2573596.01194707], [684646.392366829, 2573585.069547], [684647.459268011, 2573582.38345256], [684652.241871535, 2573571.85266055], [684653.562452757, 2573569.2817672], [684659.336827806, 2573559.26033702], [684660.898802755, 2573556.82854663], [684667.611238725, 2573547.4097058], [684669.400111473, 2573545.13959709], [684676.988245948, 2573536.41083], [684678.987388817, 2573534.32350817], [684687.905728144, 2573525.86816062], [684689.46253229, 2573524.46187102], [684690.553181913, 2573523.45185319], [684692.713561419, 2573521.40089752], [684694.925938165, 2573519.49651504], [684704.139794349, 2573512.31570022], [684706.526878218, 2573510.63549496], [684716.395431777, 2573504.38467808], [684718.934567751, 2573502.94458245], [684729.364176617, 2573497.68309699], [684732.031359031, 2573496.49673203], [684742.923222765, 2573492.27440039], [684745.693089468, 2573491.35304366], [684756.94390136, 2573488.20993015], [684759.790297001, 2573487.56228657], [684760.765401245, 2573487.38985603], [684763.978267996, 2573486.73068277], [684770.722684501, 2573485.15370239], [684773.374930664, 2573484.65822311], [684781.745518754, 2573483.4813708], [684787.701792451, 2573482.33433309], [684793.511817035, 2573480.59177571], [684799.116212615, 2573478.27150805], [684804.457700881, 2573475.3972438], [684809.481690498, 2573471.99835866], [684814.136835049, 2573468.10959008], [684818.375557802, 2573463.77068223], [684822.154537961, 2573459.02597984], [684824.163987204, 2573455.90088942], [684824.207908265, 2573455.92892076], [684826.491014075, 2573452.35162356], [684826.994960754, 2573451.63854862], [684828.786500175, 2573448.95308086], [684829.320416142, 2573448.10414132], [684836.342018075, 2573438.10774785], [684838.221454306, 2573435.70242265], [684846.723727587, 2573425.89436286], [684847.753344226, 2573424.76599545], [684850.690218745, 2573421.70761441], [684851.706220346, 2573420.6989116], [684860.542572691, 2573412.33520282], [684862.712193038, 2573410.46962805], [684871.740768928, 2573403.42692883], [684874.078383285, 2573401.77664558], [684883.737133041, 2573395.62670279], [684886.221389564, 2573394.20679354], [684896.422508562, 2573389.00553595], [684899.030781787, 2573387.82891293], [684909.681251231, 2573383.62378945], [684912.389833776, 2573382.70114986], [684923.392630201, 2573379.53045075], [684926.176839196, 2573378.87020948], [684937.431737903, 2573376.76280555], [684940.266196996, 2573376.37098392], [684952.384232406, 2573375.28194024], [684953.812837694, 2573375.18785504], [684957.933701798, 2573375.01511946], [684958.248724796, 2573375.0035699], [684961.084123058, 2573374.91455398], [684961.399570183, 2573374.90631095], [684962.136671419, 2573374.89091346], [684964.476252888, 2573374.79634319], [684964.625909296, 2573374.787366], [684966.130161946, 2573374.73494504], [684978.917923829, 2573374.61031367], [684981.922894299, 2573374.73187162], [684993.908921492, 2573375.82088074], [684996.886612718, 2573376.2428859], [685009.995253289, 2573378.77700003], [685015.94787356, 2573379.62094578], [685021.955069335, 2573379.86493646], [685027.956525141, 2573379.50652228], [685033.891983143, 2573378.54930191], [685039.701848155, 2573377.00288636], [685045.327786013, 2573374.88280246], [685050.713309281, 2573372.21033699], [685055.804344415, 2573369.01232296], [685063.664348981, 2573363.50717056], [685064.624345225, 2573362.86201021], [685067.336678094, 2573361.11416111], [685068.449434272, 2573360.43090714], [685078.030137475, 2573354.83155635], [685081.157325797, 2573353.182122], [685085.336653136, 2573350.75780149], [685089.307367011, 2573348.00506861], [685094.530944904, 2573344.06316977], [685097.464085608, 2573342.10929129], [685107.041633297, 2573336.51289069], [685108.002847176, 2573335.92037509], [685111.215694013, 2573334.04705256], [685116.485215211, 2573331.3052952], [685122.647268358, 2573327.61449351], [685128.324118959, 2573323.21377955], [685129.626419893, 2573322.07311654], [685130.652754514, 2573321.2197217], [685131.794148604, 2573320.36815991], [685143.042127048, 2573312.43991149], [685145.783882871, 2573310.72104168], [685150.787080369, 2573307.94878911], [685155.467023707, 2573305.06792014], [685159.863746414, 2573301.7709359], [685163.940363313, 2573298.08549558], [685166.571759132, 2573295.22741219], [685166.586749876, 2573295.24111478], [685169.149317266, 2573292.4376461], [685176.702575291, 2573284.84436369], [685177.206485595, 2573284.36041519], [685177.964214274, 2573283.69672667], [685184.53603757, 2573278.24121601], [685189.948465479, 2573273.15017474], [685195.335830484, 2573267.41371531], [685197.530510514, 2573265.30271671], [685206.731110377, 2573257.31166205], [685209.128599053, 2573255.43418906], [685214.763979894, 2573251.46571192], [685216.261731522, 2573250.3760175], [685217.503071522, 2573249.4432375], [685218.985901405, 2573248.29226624], [685219.286425177, 2573248.05137321], [685222.371566851, 2573245.62282188], [685224.159443664, 2573244.31932488], [685235.806264554, 2573236.46913854], [685238.697637848, 2573234.74803376], [685250.638279694, 2573228.51996112], [685253.704338875, 2573227.13374883], [685267.053998099, 2573221.97956986], [685268.641435443, 2573221.41735445], [685272.084311476, 2573220.30575758], [685273.59432859, 2573219.86161343], [685286.520418857, 2573216.42545772], [685289.598312253, 2573215.77797798], [685302.035174796, 2573213.83646065], [685305.163964844, 2573213.51501705], [685317.735855008, 2573212.88718761], [685320.881093729, 2573212.895312], [685334.235942669, 2573213.63143561], [685335.80469227, 2573213.75926073], [685339.279276575, 2573214.13438917], [685340.747008282, 2573214.32960479], [685353.17454675, 2573216.29579849], [685356.070787263, 2573216.90184717], [685362.675539805, 2573218.62809109], [685368.338587428, 2573219.81974788], [685374.090096805, 2573220.46028996], [685379.876562676, 2573220.5437585], [685385.644154588, 2573220.06937699], [685391.339217668, 2573219.04155853], [685396.908771765, 2573217.46986471], [685397.202708826, 2573217.37138391], [685400.260354026, 2573216.52402829], [685412.659722269, 2573213.78512406], [685415.789791552, 2573213.26567011], [685428.40912708, 2573211.8525921], [685431.576600281, 2573211.66686091], [685445.06902263, 2573211.59093937], [685446.656498015, 2573211.62403822], [685450.199442361, 2573211.79180488], [685451.512391531, 2573211.88287873], [685462.650588622, 2573212.90146426], [685465.257265472, 2573213.25571464], [685475.615457684, 2573215.12939803], [685479.465100676, 2573216.00170832], [685479.474080638, 2573215.96207833], [685483.541587386, 2573216.85399599], [685489.600949812, 2573217.54879824], [685489.623886804, 2573217.55025255], [685500.938684886, 2573218.80882194], [685503.748064242, 2573219.25711551], [685514.892504805, 2573221.58237045], [685517.646744421, 2573222.29491436], [685529.20090552, 2573225.87682983], [685530.550103045, 2573226.33045667], [685531.18945086, 2573226.56244445], [685536.922627629, 2573228.32384245], [685542.803011778, 2573229.50406321], [685548.771845465, 2573230.09131376], [685554.769487045, 2573230.07972618], [685560.736007018, 2573229.46941626], [685566.611786859, 2573228.26648232], [685572.338114732, 2573226.4829443], [685577.857772154, 2573224.13662362], [685583.115605727, 2573221.25096513], [685588.059078247, 2573217.85480285], [685592.638793658, 2573213.98207184], [685598.169833699, 2573208.80918042], [685599.732638655, 2573207.44575677], [685603.514693331, 2573204.36989175], [685604.078319408, 2573203.92263279], [685605.063647805, 2573203.15980667], [685605.451646529, 2573202.85687031], [685616.341483542, 2573194.2823173], [685619.235769375, 2573192.26743452], [685632.028340668, 2573184.43688152], [685633.560353562, 2573183.56000875], [685637.096318379, 2573181.67205733], [685638.471441893, 2573180.98255589], [685650.303258915, 2573175.42494391], [685653.14902732, 2573174.26235851], [685664.761265813, 2573170.19973197], [685667.711129263, 2573169.33466987], [685679.678351724, 2573166.48251337], [685682.70129023, 2573165.92407034], [685694.897622122, 2573164.31238046], [685697.961840496, 2573164.06643313], [685711.028554363, 2573163.68998047], [685712.566859367, 2573163.68512126], [685715.968178913, 2573163.76162597], [685717.611979978, 2573163.84376678], [685721.098362856, 2573164.11403411], [685726.91912301, 2573164.28183811], [685732.728736173, 2573163.88459528], [685738.472479972, 2573162.92604735], [685744.096252477, 2573161.41522315], [685749.547081803, 2573159.36635355], [685754.773625064, 2573156.79873744], [685757.180223645, 2573155.3108731], [685757.213658858, 2573155.36538635], [685761.207128664, 2573152.91602751], [685772.182664384, 2573146.94735628], [685774.999060855, 2573145.60076597], [685778.541554381, 2573144.12840686], [685783.376399327, 2573141.86158539], [685787.990554468, 2573139.17387677], [685792.347472869, 2573136.08656932], [685796.412645067, 2573132.6241164], [685800.153872409, 2573128.81394275], [685803.785251771, 2573124.77046064], [685804.749160905, 2573123.74649497], [685806.014041187, 2573122.46440577], [685806.224536973, 2573122.24997483], [685808.235468549, 2573120.19116233], [685809.034500105, 2573119.40315476], [685815.949442896, 2573112.83413803], [685817.632652036, 2573111.3508787], [685825.019246302, 2573105.31724834], [685825.901550309, 2573104.62365664], [685827.317529604, 2573103.55277405], [685828.044383401, 2573103.02004123], [685834.657044061, 2573098.32445197], [685835.399590226, 2573097.813784], [685839.691391493, 2573094.95617778], [685840.312214179, 2573094.55377724], [685845.901866047, 2573091.02781803], [685847.000941314, 2573090.41191676], [685859.3288686, 2573083.93952504], [685862.306518672, 2573082.57814684], [685874.503589904, 2573077.78848733], [685877.611958172, 2573076.75995392], [685882.042524698, 2573075.55797727], [685887.654231352, 2573073.73495796], [685893.059744644, 2573071.36956644], [685898.206789281, 2573068.4846778], [685903.04558955, 2573065.10819103], [685907.52935069, 2573061.27275924], [685911.614711428, 2573057.01547388], [685915.262163319, 2573052.37750604], [685915.617374471, 2573051.8770156], [685922.315153061, 2573043.24838195], [685923.247530213, 2573042.09892239], [685923.272088146, 2573042.06542961], [685925.12283415, 2573039.82229404], [685926.090254429, 2573038.70687049], [685935.46910017, 2573028.41620756], [685939.505686316, 2573023.4847434], [685940.640113658, 2573021.93799571], [685940.748038521, 2573021.80072782], [685944.251644404, 2573017.35934648], [685945.084882636, 2573016.34923091], [685952.779569046, 2573007.42531341], [685953.641818409, 2573006.46836947], [685953.912448967, 2573006.18519593], [685956.747976642, 2573003.26276446], [685957.065537733, 2573002.94037312], [685961.305768676, 2572998.70006576], [685962.525007472, 2572997.54718384], [685973.155169858, 2572988.04448571], [685975.775800979, 2572985.95329566], [685987.400646418, 2572977.69709586], [685988.79536435, 2572976.76411286], [685992.378795808, 2572974.5094838], [685993.80164124, 2572973.66807117], [686006.084496991, 2572966.8541637], [686009.056615547, 2572965.41346233], [686022.014492254, 2572959.99221088], [686023.556487218, 2572959.39645862], [686027.058342239, 2572958.15327109], [686028.495368365, 2572957.68355061], [686040.804014341, 2572954.00086509], [686043.73857997, 2572953.28177317], [686055.612585636, 2572950.99941836], [686058.604632068, 2572950.57933562], [686070.648050303, 2572949.50368005], [686073.667176952, 2572949.38687466], [686085.757622052, 2572949.52884351], [686088.773192756, 2572949.71650969], [686101.539730554, 2572951.15962847], [686103.037259539, 2572951.36724951], [686104.430197465, 2572951.59629176], [686106.255476669, 2572951.95487803], [686122.569399674, 2572955.68874333], [686124.368926242, 2572956.15978642], [686124.819447145, 2572956.29277119], [686125.998506099, 2572956.66740478], [686135.951088776, 2572960.05725064], [686138.257174406, 2572960.95042938], [686147.89662699, 2572965.14884512], [686149.020489648, 2572965.66616721], [686152.948864364, 2572967.57355255], [686153.956418243, 2572968.08645089], [686162.436079394, 2572972.60621639], [686164.389201813, 2572973.74377092], [686172.504190613, 2572978.88922165], [686173.447403176, 2572979.51251252], [686175.384553488, 2572980.84573339], [686176.369310827, 2572981.55322196], [686184.614631235, 2572987.73346618], [686186.493728639, 2572989.26434676], [686194.213185224, 2572996.09045019], [686195.105089263, 2572996.91184102], [686196.207807362, 2572997.96936632], [686197.281946661, 2572999.05326911], [686206.172446478, 2573008.49314483], [686208.147572679, 2573010.81652967], [686215.568853211, 2573020.50459272], [686217.297750309, 2573023.0166012], [686223.696461715, 2573033.40837824], [686225.161241557, 2573036.0830324], [686230.47125514, 2573047.07112117], [686231.656752372, 2573049.88071474], [686235.823073174, 2573061.35133881], [686236.717040474, 2573064.26685605], [686237.706986857, 2573068.19883271], [686239.134544519, 2573073.00949901], [686240.959090602, 2573077.68405383], [686242.326048146, 2573080.79540794], [686246.9178412, 2573092.87522153], [686247.421998777, 2573094.31003465], [686248.58438095, 2573097.90718549], [686248.987191219, 2573099.26205777], [686252.138147096, 2573110.85357973], [686252.749947863, 2573113.61161545], [686254.675519734, 2573124.75146255], [686255.025027886, 2573127.55480866], [686255.893593481, 2573138.82637219], [686255.977707452, 2573141.6502169], [686255.781582659, 2573152.95351284], [686255.599554577, 2573155.77270437], [686254.340468802, 2573167.0073381], [686254.282270634, 2573167.37089022], [686253.645039005, 2573173.10846544], [686253.562154023, 2573178.88072355], [686254.034382967, 2573184.63422973], [686255.057354332, 2573190.31572277], [686256.621598292, 2573195.87260809], [686258.712634365, 2573201.25344462], [686261.311105462, 2573206.408421], [686264.392957079, 2573211.28981672], [686267.929659973, 2573215.85244384], [686271.888474263, 2573220.05406532], [686274.450146116, 2573222.52325812], [686282.385780152, 2573230.94770883], [686284.264998157, 2573233.14610806], [686291.352016539, 2573242.29590544], [686293.010655194, 2573244.66510583], [686299.569303249, 2573255.06764744], [686300.311357092, 2573256.31005482], [686302.411803858, 2573260.02766096], [686303.109285572, 2573261.33669397], [686308.759613746, 2573272.60401665], [686309.955802819, 2573275.31623302], [686314.20034089, 2573286.39348642], [686315.12285653, 2573289.21058303], [686318.252774831, 2573300.65283805], [686318.892596871, 2573303.54727798], [686321.001471152, 2573315.97435218], [686321.213399016, 2573317.44238494], [686321.639159809, 2573321.01414785], [686321.770934477, 2573322.38772803], [686322.621946098, 2573334.08304386], [686322.69538744, 2573336.83997768], [686322.468219658, 2573348.56402977], [686322.409764416, 2573349.94260463], [686322.270144219, 2573352.07504972], [686322.184660074, 2573358.25859951], [686322.73611547, 2573364.41810376], [686323.918652174, 2573370.48812867], [686324.547083221, 2573373.01274614], [686325.048400948, 2573375.45620713], [686325.612904114, 2573378.93741831], [686326.700813349, 2573384.16309595], [686328.248844189, 2573389.27140817], [686330.24474515, 2573394.22192659], [686332.6727202, 2573398.97547162], [686337.885810192, 2573408.14990927], [686338.81384236, 2573409.91764362], [686340.508696693, 2573413.42499831], [686341.050187759, 2573414.61065022], [686344.704510514, 2573423.0953383], [686347.373812836, 2573428.5223994], [686350.298934456, 2573433.20937039], [686350.28395592, 2573433.21943661], [686351.120524535, 2573434.46425083], [686356.014016107, 2573442.01456127], [686356.543707726, 2573442.86247282], [686358.759526154, 2573446.54464923], [686359.150923624, 2573447.21451202], [686359.858683506, 2573448.46259667], [686362.037476405, 2573452.0117478], [686364.131505122, 2573455.17137665], [686365.309033703, 2573457.10252413], [686370.001868325, 2573465.49530657], [686370.535352954, 2573466.49313347], [686371.06841106, 2573467.53703391], [686371.591157754, 2573468.61321652], [686372.113073165, 2573469.74456355], [686374.173846579, 2573473.80000193], [686375.220366162, 2573475.67945963], [686375.793521563, 2573476.76006341], [686380.476304252, 2573486.04113664], [686381.533404616, 2573488.36755264], [686385.586669967, 2573495.83388287], [686390.375925172, 2573503.3353009], [686391.038749646, 2573504.42379219], [686392.291496059, 2573506.58297887], [686392.625560378, 2573507.17408804], [686395.572007303, 2573512.52813226], [686395.892669183, 2573513.12676377], [686396.678186139, 2573514.63392263], [686396.864292157, 2573514.99701706], [686398.517686976, 2573518.27751319], [686398.698875474, 2573518.64316489], [686400.692865738, 2573522.7370834], [686401.351834934, 2573524.18653067], [686406.622473309, 2573536.64735236], [686407.704663433, 2573539.63923156], [686411.625070461, 2573552.58850062], [686412.045820354, 2573554.12408651], [686412.950080531, 2573557.80502117], [686413.194976267, 2573558.88805598], [686415.218042312, 2573568.67336337], [686415.422676227, 2573569.7646426], [686415.566369832, 2573570.61783604], [686415.681140909, 2573571.35514296], [686416.631330987, 2573578.00250459], [686416.727728165, 2573578.74244131], [686416.985936592, 2573580.93720614], [686417.111865466, 2573582.25921684], [686417.981463064, 2573594.17769428], [686418.048758531, 2573595.5039614], [686418.149412675, 2573599.02773145], [686418.15212727, 2573600.63981586], [686418.068068792, 2573603.97576237], [686418.210365284, 2573609.88421777], [686418.933264598, 2573615.7500093], [686420.229752584, 2573621.51622231], [686422.087249673, 2573627.12690838], [686424.487732935, 2573632.52762812], [686427.407910954, 2573637.6659794], [686430.819449813, 2573642.49210582], [686434.689248021, 2573646.95918041], [686438.979757686, 2573651.02386004], [686443.649348833, 2573654.64670589], [686448.652713337, 2573657.79256623], [686453.941304533, 2573660.43091737], [686459.463808259, 2573662.53615992], [686465.166640745, 2573664.08786712], [686470.994468526, 2573665.07098306], [686476.890745332, 2573665.47596876], [686482.798260748, 2573665.29889473], [686488.659695309, 2573664.54147907], [686494.418176667, 2573663.21107084], [686500.017831407, 2573661.32057874], [686505.404327177, 2573658.88834583], [686507.310840361, 2573657.91171537], [686508.440675545, 2573657.36250535], [686508.940026935, 2573657.13257234], [686510.243395254, 2573656.56940856], [686521.42922743, 2573652.04726935], [686524.10732566, 2573651.10941376], [686534.989900572, 2573647.86771333], [686537.744674163, 2573647.18722033], [686548.884896718, 2573644.9888132], [686551.691670024, 2573644.57178598], [686562.989839345, 2573643.43633784], [686565.82347565, 2573643.28651105], [686577.178367994, 2573643.22419194], [686580.01345527, 2573643.34291003], [686592.030836274, 2573644.41754782], [686592.267130736, 2573644.44432928], [686598.198632014, 2573644.82034963], [686604.138234267, 2573644.60769074], [686610.027656632, 2573643.80843926], [686620.815688335, 2573641.79588473], [686623.866059691, 2573641.38751466], [686627.938565001, 2573641.05391524], [686634.074751361, 2573640.23077999], [686640.093447991, 2573638.7797026], [686645.93057193, 2573636.71613317], [686651.52397348, 2573634.06204316], [686656.814097932, 2573630.8456915], [686661.744619663, 2573627.10132371], [686664.811845532, 2573624.51194378], [686667.084176486, 2573622.7723571], [686676.499276106, 2573616.25289324], [686678.927122684, 2573614.73785841], [686688.920937337, 2573609.14567712], [686691.482138033, 2573607.86901701], [686701.963507571, 2573603.25513343], [686704.634789532, 2573602.22845803], [686715.508277412, 2573598.63486156], [686718.265247319, 2573597.86754772], [686729.431868808, 2573595.32696904], [686732.249464531, 2573594.82598662], [686743.607399963, 2573593.36158111], [686746.459893164, 2573593.13150813], [686758.621691678, 2573592.73316721], [686760.57513363, 2573592.7158397], [686765.655273506, 2573592.45513759], [686770.695073509, 2573591.76506318], [686771.684165746, 2573591.58662961], [686781.897537286, 2573590.19406438], [686784.462551779, 2573589.95600951], [686785.041445068, 2573589.92728799], [686791.124356674, 2573589.31361729], [686797.11323951, 2573588.08411019], [686802.945911661, 2573586.25153252], [686808.561813132, 2573583.83491174], [686813.902634635, 2573580.85933935], [686818.912923004, 2573577.3557104], [686826.41692418, 2573571.51716515], [686827.656055443, 2573570.60312888], [686830.292895777, 2573568.76067994], [686831.670125784, 2573567.85366287], [686843.580304948, 2573560.47110274], [686846.472112011, 2573558.89166229], [686858.375777188, 2573553.21596939], [686861.423454247, 2573551.96345084], [686873.878116, 2573547.62848104], [686877.044850039, 2573546.71801347], [686884.124244405, 2573545.09791284], [686890.087775418, 2573543.40463812], [686895.844757999, 2573541.10506578], [686901.33373495, 2573538.22374432], [686906.496110099, 2573534.79143253], [686911.276773827, 2573530.84477119], [686915.624691378, 2573526.42589188], [686919.493447668, 2573521.58196722], [686922.841742776, 2573516.36470728], [686929.781755449, 2573504.21235494], [686931.49927006, 2573501.54363014], [686938.928610342, 2573491.24192836], [686940.918615156, 2573488.76972783], [686949.395353999, 2573479.31113701], [686951.635558841, 2573477.0631526], [686961.064682806, 2573468.55367395], [686963.529966192, 2573466.55511679], [686974.44872831, 2573458.62306181], [686975.757948359, 2573457.723941], [686979.416317711, 2573455.35153906], [686980.776028873, 2573454.52024842], [686992.514044438, 2573447.76565599], [686996.103145964, 2573445.94689485], [687001.013585483, 2573443.16076901], [687005.640411889, 2573439.92543426], [687009.942658602, 2573436.26953674], [687013.882232916, 2573432.22544627], [687017.424253278, 2573427.82896981], [687019.896195165, 2573424.44653594], [687025.730597823, 2573417.32210808], [687029.366925278, 2573412.38758676], [687029.579106264, 2573412.06651897], [687031.183878056, 2573409.86295748], [687037.999598624, 2573401.34634838], [687039.797839089, 2573399.29765877], [687047.358846301, 2573391.4352585], [687049.335737108, 2573389.55832666], [687050.757260047, 2573388.32658122], [687056.034648269, 2573383.0506323], [687056.076494418, 2573383.0888691], [687060.672777529, 2573378.05872195], [687061.010531455, 2573377.6904881], [687061.535541076, 2573377.12121523], [687065.366843809, 2573372.98341104], [687066.009367223, 2573372.32708739], [687069.510453646, 2573368.4232429], [687072.657310891, 2573364.2286157], [687075.425902557, 2573359.77524528], [687080.470063061, 2573350.81015231], [687080.789400607, 2573350.30184968], [687083.655447798, 2573345.20407956], [687086.011591124, 2573339.85150304], [687087.835446251, 2573334.29497181], [687089.109685801, 2573328.58727522], [687089.822203971, 2573322.78263874], [687090.543067795, 2573312.97717031], [687090.871577177, 2573310.23875923], [687092.688733122, 2573299.35278929], [687093.267482671, 2573296.65612752], [687096.077236474, 2573285.98314254], [687096.901324028, 2573283.35106374], [687097.961483534, 2573280.44163038], [687099.577009453, 2573275.30144853], [687099.605702506, 2573275.1934157], [687100.525158674, 2573272.32208769], [687104.777803772, 2573261.03098085], [687105.980979262, 2573258.2665474], [687111.346131179, 2573247.4596479], [687112.820876333, 2573244.83002092], [687119.244331709, 2573234.61651778], [687120.975699918, 2573232.14832272], [687128.392412932, 2573222.63167265], [687130.362943443, 2573220.34981797], [687138.697949961, 2573211.62616944], [687140.887685291, 2573209.55376991], [687150.069781161, 2573201.70015581], [687152.428398253, 2573199.87775295], [687157.682648396, 2573196.22015385], [687160.193683932, 2573194.37352066], [687163.27044882, 2573191.98526603], [687165.184421371, 2573190.6164577], [687173.543391022, 2573185.12092385], [687174.539464754, 2573184.49370318], [687178.162141057, 2573182.31059242], [687179.928884179, 2573181.32555724], [687196.113342348, 2573173.00462801], [687197.942496897, 2573172.14090724], [687198.160380825, 2573172.04687272], [687199.451108121, 2573171.52501372], [687206.368581054, 2573168.91327447], [687211.478908307, 2573166.70788822], [687216.362885299, 2573164.03844223], [687220.978483817, 2573160.92790795], [687228.909611835, 2573155.03016771], [687230.221451304, 2573154.10807326], [687232.847468412, 2573152.3652109], [687234.024188208, 2573151.62295749], [687244.167575378, 2573145.54885137], [687246.61683458, 2573144.23245931], [687256.353387067, 2573139.56773674], [687261.847632756, 2573136.57370891], [687267.000196757, 2573133.02377615], [687271.755043594, 2573128.95654492], [687276.060463067, 2573124.41624741], [687281.199978088, 2573118.39654484], [687283.23788494, 2573116.2361686], [687290.526831532, 2573109.23851068], [687294.246972789, 2573105.33075837], [687297.601032749, 2573101.10461818], [687300.561890129, 2573096.59426312], [687303.105603124, 2573091.83616442], [687305.211603003, 2573086.86879654], [687307.607699468, 2573080.42532749], [687307.885010131, 2573079.73905983], [687309.79155209, 2573074.27627271], [687311.163054053, 2573068.65524722], [687311.986762214, 2573062.9282541], [687312.255016787, 2573057.14854954], [687311.965323231, 2573051.36987989], [687311.120375452, 2573045.64598187], [687309.728030746, 2573040.03008288], [687307.801236737, 2573034.57440601], [687305.357910975, 2573029.32968442], [687302.420774317, 2573024.34468958], [687299.017139641, 2573019.66577771], [687290.560635845, 2573009.14701032], [687288.789922748, 2573006.70189499], [687288.427869912, 2573006.14492892], [687283.088785548, 2572999.12159347], [687283.01840971, 2572999.04193034], [687276.31630895, 2572990.73875782], [687274.735351396, 2572988.5913442], [687268.797505584, 2572979.72565832], [687267.413610187, 2572977.44631854], [687267.202375058, 2572977.06073285], [687262.406021509, 2572969.6556458], [687260.895678065, 2572967.66208018], [687254.229016783, 2572957.89776683], [687252.685348725, 2572955.37867397], [687246.657100493, 2572944.35657473], [687245.778622891, 2572942.65188142], [687243.284942365, 2572938.27456898], [687241.107422735, 2572934.80000614], [687239.710699097, 2572932.31636277], [687234.600073193, 2572922.12333895], [687233.445441203, 2572919.5183685], [687229.325493918, 2572908.88625576], [687228.423350395, 2572906.18341817], [687225.137855799, 2572894.52169506], [687224.783955911, 2572893.14058612], [687223.962018909, 2572889.58343943], [687223.657084496, 2572888.09220627], [687221.388132433, 2572875.3581109], [687221.007152921, 2572872.34026547], [687220.097130283, 2572860.2012285], [687220.023902451, 2572857.16031223], [687220.348585076, 2572844.99160066], [687220.583868956, 2572841.95890852], [687222.13991745, 2572829.8856609], [687222.681279236, 2572826.89244884], [687225.45268139, 2572815.03903574], [687226.294559595, 2572812.11606183], [687230.500422528, 2572799.88425787], [687231.031715151, 2572798.45787745], [687231.850485475, 2572796.419393], [687232.40513608, 2572795.12695136], [687237.374747816, 2572784.25727282], [687238.662081174, 2572781.75846475], [687244.276560388, 2572772.0115935], [687245.792229434, 2572769.64432914], [687252.294771236, 2572760.46608494], [687254.025449684, 2572758.25117692], [687261.358960099, 2572749.72216187], [687263.289475213, 2572747.67902301], [687271.3894064, 2572739.87428253], [687273.502737069, 2572738.02093678], [687282.298005827, 2572731.00898092], [687284.575626145, 2572729.36166477], [687293.988836369, 2572723.20418554], [687296.410708483, 2572721.77740077], [687306.981505213, 2572716.20013347], [687308.240463526, 2572715.57316899], [687310.322724866, 2572714.59643863], [687311.704167694, 2572713.99034391], [687323.569192828, 2572709.13669908], [687326.41335399, 2572708.13699785], [687337.982071109, 2572704.71363119], [687340.912229263, 2572704.0046217], [687353.507882566, 2572701.61997306], [687355.054936398, 2572701.36719832], [687355.171848086, 2572701.34218006], [687357.474180956, 2572700.98512372], [687359.138831386, 2572700.77445157], [687374.163388024, 2572699.29861535], [687375.773597585, 2572699.18581056], [687380.335752726, 2572699.00394016], [687386.389576345, 2572698.45443701], [687392.356731746, 2572697.29521721], [687398.175971493, 2572695.53817911], [687403.787566369, 2572693.20135711], [687409.133918443, 2572690.30873656], [687414.160152262, 2572686.8900076], [687418.814678095, 2572682.98026037], [687423.049721457, 2572678.61962489], [687426.82181347, 2572673.85285911], [687431.062894251, 2572667.89654889], [687434.430735201, 2572663.71658311], [687437.874314985, 2572658.9881433], [687440.841096245, 2572653.94685442], [687443.302881055, 2572648.64063163], [687445.236271256, 2572643.11990822], [687446.62289084, 2572637.43715617], [687447.997126965, 2572630.31322246], [687448.31785935, 2572628.84844492], [687449.204155914, 2572625.23545768], [687449.553209162, 2572623.93871637], [687452.765516402, 2572612.98776167], [687453.635564375, 2572610.44853254], [687457.81429327, 2572599.82873727], [687458.333854012, 2572598.59043426], [687458.785762182, 2572597.57753712], [687459.303198414, 2572596.47816573], [687464.158879087, 2572586.68151375], [687464.720386229, 2572585.60404315], [687465.624681107, 2572583.95137157], [687466.340038973, 2572582.71485354], [687472.667479749, 2572572.35495105], [687475.07202057, 2572568.80930971], [687475.057074309, 2572568.79917363], [687477.366285302, 2572565.38393155], [687480.167116137, 2572560.21416587], [687482.44849407, 2572554.79508429], [687484.188510819, 2572549.17872673], [687485.656206797, 2572543.46455651], [687486.348137558, 2572541.15901361], [687489.680885108, 2572531.48307723], [687490.095816129, 2572530.35263342], [687490.952423084, 2572528.15620419], [687491.532850323, 2572526.77136551], [687496.758245674, 2572515.13037301], [687498.0987971, 2572512.50424537], [687505.100799732, 2572500.38185606], [687507.136249071, 2572496.31873382], [687507.194197439, 2572496.34739489], [687514.050257717, 2572482.48547308], [687514.811427668, 2572481.04618072], [687514.84045268, 2572480.99472746], [687514.862319827, 2572480.95868179], [687517.46118085, 2572476.20281812], [687519.620295027, 2572471.23184802], [687521.322046192, 2572466.0863295], [687522.552549798, 2572460.80824474], [687523.301766193, 2572455.44065752], [687523.41640567, 2572454.21822947], [687523.469685409, 2572453.69878951], [687523.919475589, 2572449.66030176], [687524.106794012, 2572448.27337651], [687525.973116768, 2572436.52776591], [687526.540424288, 2572433.78882541], [687529.319310979, 2572422.94644877], [687530.139378737, 2572420.27229718], [687533.916534934, 2572409.73600968], [687534.982223606, 2572407.14991039], [687539.724769298, 2572397.01144294], [687541.026798563, 2572394.53591376], [687547.047932856, 2572384.27970874], [687547.784409335, 2572383.08969909], [687549.776112617, 2572380.03320547], [687550.750509536, 2572378.62722964], [687559.874734265, 2572366.23220466], [687560.866215443, 2572364.96277906], [687561.121050268, 2572364.66177236], [687564.979456492, 2572360.20385902], [687565.413546179, 2572359.71325262], [687569.149804083, 2572355.58231918], [687570.203691937, 2572354.47516977], [687579.923785582, 2572344.77138747], [687580.622242192, 2572344.10961584], [687581.034047244, 2572343.75415431], [687589.481554265, 2572336.77356357], [687591.537133543, 2572335.21864164], [687594.156508845, 2572333.40881095], [687598.957690678, 2572329.72018024], [687603.362686859, 2572325.56646478], [687607.326643096, 2572320.98996017], [687610.809196025, 2572316.0372671], [687610.984167429, 2572315.7596476], [687612.683726529, 2572313.33697701], [687620.044712791, 2572303.87433704], [687621.775893545, 2572301.84240817], [687625.756713093, 2572297.57078749], [687629.173411751, 2572293.56574202], [687632.225892516, 2572289.27661854], [687635.659671699, 2572283.97373426], [687636.44583442, 2572282.81945677], [687639.252289512, 2572278.89830648], [687639.99496206, 2572277.90472517], [687646.861679867, 2572269.10363104], [687647.644808433, 2572268.14158722], [687651.224099516, 2572263.9257148], [687651.691214818, 2572263.38856895], [687653.324539577, 2572261.55478931], [687657.10976445, 2572256.78960255], [687657.136876402, 2572256.8092523], [687657.78490475, 2572255.91512841], [687659.943939695, 2572253.01185973], [687660.922762218, 2572251.76576248], [687669.516929782, 2572241.40065215], [687672.316635216, 2572238.36565167], [687673.97618044, 2572236.63718011], [687674.097287593, 2572236.50244745], [687674.338190148, 2572236.23762294], [687676.516797945, 2572233.87112188], [687676.760380315, 2572233.60967153], [687676.858827587, 2572233.50525797], [687678.16901965, 2572232.19884506], [687690.313758947, 2572220.81423694], [687691.70200636, 2572219.59110176], [687694.575565499, 2572217.21264642], [687695.698722722, 2572216.32726656], [687705.420177019, 2572209.03282714], [687707.785659234, 2572207.42823799], [687717.546907924, 2572201.46566564], [687718.571554863, 2572200.90501002], [687723.488487208, 2572197.8991296], [687728.094360196, 2572194.43539249], [687732.346682677, 2572190.54575314], [687736.206225156, 2572186.26609513], [687742.865726052, 2572178.12761984], [687743.552450452, 2572177.31959748], [687743.596697424, 2572177.26204551], [687746.439659401, 2572173.93603731], [687747.463849006, 2572172.79797499], [687756.411417533, 2572163.35199346], [687758.626186975, 2572161.24089635], [687767.90920515, 2572153.25563046], [687770.327613214, 2572151.38126265], [687780.376126802, 2572144.3837883], [687782.972998723, 2572142.76567204], [687793.682443594, 2572136.82879883], [687796.430695358, 2572135.48380134], [687808.393747636, 2572130.36825629], [687809.816463874, 2572129.80239029], [687813.186925008, 2572128.56048833], [687814.448478118, 2572128.12725407], [687825.248912833, 2572124.68474889], [687827.822635885, 2572123.98880877], [687838.234864809, 2572121.66465789], [687840.86020653, 2572121.20009439], [687851.437776652, 2572119.81001748], [687854.094007824, 2572119.58049187], [687859.328526089, 2572119.36196155], [687865.316758867, 2572118.81034256], [687871.219697398, 2572117.66206907], [687876.978044672, 2572115.92867587], [687881.046304672, 2572114.47799587], [687886.158229619, 2572112.38521671], [687891.056030447, 2572109.8311908], [687895.698196252, 2572106.83756457], [687900.045382741, 2572103.42971027], [687900.675023067, 2572102.88752229], [687905.345265445, 2572099.0452481], [687907.419999239, 2572097.37030043], [687911.635283615, 2572094.02340871], [687912.833169685, 2572093.1202074], [687923.449541251, 2572085.524328], [687925.446633236, 2572084.21248719], [687931.320776208, 2572080.6806081], [687931.952983708, 2572080.31091919], [687936.180182135, 2572077.90778558], [687936.281485879, 2572077.85006478], [687940.495246481, 2572075.44372383], [687941.715951941, 2572074.78358822], [687952.834863301, 2572069.09909276], [687954.084813237, 2572068.49611997], [687957.748079617, 2572066.83229467], [687959.16036116, 2572066.23391994], [687972.00179422, 2572061.17634434], [687973.442829543, 2572060.65094355], [687977.004478278, 2572059.45462162], [687978.424867537, 2572059.01637856], [687990.583508772, 2572055.59253372], [687993.479261048, 2572054.92998389], [688005.917097999, 2572052.72614786], [688007.386730809, 2572052.5031493], [688010.031623893, 2572052.16863396], [688011.259148881, 2572052.03898033], [688022.327154677, 2572051.09978566], [688023.460356492, 2572051.02707347], [688024.526798959, 2572051.00149747], [688034.481004238, 2572050.95718153], [688036.821078321, 2572051.03817622], [688040.907279346, 2572051.33965271], [688046.611178321, 2572051.48843921], [688052.303418883, 2572051.09474094], [688057.932523253, 2572050.16211833], [688063.447584623, 2572048.69900555], [688068.798727536, 2572046.71863425], [688073.937558928, 2572044.23891394], [688078.817605777, 2572041.28226995], [688083.394735378, 2572037.87544069], [688087.627554458, 2572034.04923584], [688091.477783517, 2572029.83825767], [688094.910603006, 2572025.28058817], [688097.894968223, 2572020.41744462], [688100.403890059, 2572015.29280686], [688102.414679079, 2572009.95301956], [688102.838463587, 2572008.64169037], [688106.811848955, 2571998.07400284], [688107.927919071, 2571995.48285023], [688112.877015952, 2571985.33538627], [688114.231701644, 2571982.86058427], [688120.112667024, 2571973.22322755], [688121.693978352, 2571970.8866911], [688128.85165662, 2571961.31391779], [688129.387213846, 2571960.63376043], [688129.90877491, 2571960.03116584], [688138.253273784, 2571950.8514496], [688140.318406099, 2571948.7906447], [688148.974100764, 2571940.9555718], [688151.229765542, 2571939.10522709], [688160.606014043, 2571932.14849565], [688163.030825127, 2571930.52615172], [688173.038819629, 2571924.51365854], [688175.609841799, 2571923.13466033], [688186.154792313, 2571918.12334601], [688188.847661067, 2571917.0007656], [688200.516816206, 2571912.79015309], [688201.901658538, 2571912.32821902], [688205.580743113, 2571911.19973056], [688206.821073374, 2571910.84826299], [688217.423751688, 2571908.08849494], [688219.943086992, 2571907.54714843], [688230.107760696, 2571905.81614841], [688232.66429919, 2571905.49309645], [688243.58272948, 2571904.58789765], [688244.869485211, 2571904.5090168], [688248.403478296, 2571904.36851708], [688250.034913122, 2571904.34806596], [688263.897531074, 2571904.55140406], [688267.102598212, 2571904.77312671], [688282.104369238, 2571906.6589434], [688288.34946327, 2571907.11467862], [688294.608045017, 2571906.91707149], [688300.811950015, 2571906.0682742], [688306.893609306, 2571904.57753132], [688317.734226834, 2571901.31199808], [688320.720068664, 2571900.57725863], [688332.804465382, 2571898.25349062], [688335.849881635, 2571897.82844888], [688348.108684652, 2571896.7547073], [688351.181598233, 2571896.64384559], [688364.255716539, 2571896.84315804], [688365.793163194, 2571896.90606787], [688369.367934749, 2571897.14431535], [688370.667152871, 2571897.2593269], [688381.684594644, 2571898.47653172], [688384.26098001, 2571898.875188], [688394.491044187, 2571900.91703175], [688397.023062892, 2571901.53797215], [688407.03715857, 2571904.46070416], [688409.50568386, 2571905.29923522], [688419.836183902, 2571909.31727661], [688421.041165356, 2571909.81637765], [688424.806420272, 2571911.47274508], [688426.05566376, 2571912.05692689], [688436.554837622, 2571917.26408143], [688438.965284684, 2571918.60097706], [688448.354650283, 2571924.38826356], [688450.632110192, 2571925.94083863], [688459.450422112, 2571932.5659371], [688461.575697077, 2571934.32109212], [688470.25952737, 2571942.19122953], [688471.259776101, 2571943.14053723], [688472.417292754, 2571944.29082335], [688473.222079059, 2571945.12203371], [688479.923829581, 2571952.31638951], [688481.43377946, 2571954.06816229], [688487.561187769, 2571961.75759165], [688488.264590467, 2571962.67610529], [688491.156075329, 2571966.60661299], [688492.004555478, 2571967.82177202], [688498.957507097, 2571978.3230086], [688500.468682601, 2571980.87039361], [688506.005229037, 2571991.35084099], [688507.257678564, 2571994.03489555], [688511.733114764, 2572005.01050221], [688512.714626444, 2572007.80505292], [688513.512594357, 2572010.49528062], [688515.481315657, 2572016.09880267], [688517.9943953, 2572021.4802294], [688521.027208369, 2572026.58682982], [688524.550037237, 2572031.36856588], [688528.528362757, 2572035.77858278], [688532.923202508, 2572039.77366808], [688537.691492769, 2572043.31467513], [688540.560137817, 2572045.03317139], [688540.525540725, 2572045.0915221], [688543.602770725, 2572046.9160621], [688551.334961922, 2572050.7769738], [688552.660175629, 2572051.32330194], [688555.438041186, 2572052.63891813], [688566.948201406, 2572058.83156587], [688568.275604206, 2572059.59024149], [688572.799224779, 2572062.33381881], [688574.854832771, 2572063.60424344], [688575.114756214, 2572063.76753636], [688575.546776545, 2572064.04413614], [688579.414527569, 2572066.56728801], [688579.841844832, 2572066.85129289], [688583.482947639, 2572069.3163841], [688584.421987804, 2572069.97871163], [688592.293532898, 2572075.75962484], [688594.091655081, 2572077.18934078], [688601.49759431, 2572083.55582489], [688602.35450293, 2572084.32148718], [688603.610061922, 2572085.48736379], [688604.673454779, 2572086.52501557], [688613.488828153, 2572095.56390819], [688615.454171452, 2572097.78967226], [688622.868426932, 2572107.07533089], [688624.603964814, 2572109.48456954], [688631.063348181, 2572119.45803618], [688632.552071433, 2572122.02714639], [688637.993267596, 2572132.59064417], [688639.220561405, 2572135.29440428], [688643.590204046, 2572146.34434784], [688644.54403329, 2572149.1562263], [688648.002860552, 2572161.29905898], [688648.374376167, 2572162.73766275], [688649.202818156, 2572166.30867049], [688649.493410042, 2572167.71298798], [688649.817482946, 2572169.49246379], [688651.242060067, 2572175.52678965], [688653.281765484, 2572181.38188233], [688655.914818254, 2572186.99521838], [688659.113101389, 2572192.30685593], [688662.842462105, 2572197.2600748], [688667.063076518, 2572201.80198216], [688668.745684506, 2572203.43472005], [688669.714976071, 2572204.41963463], [688677.757071486, 2572212.97699618], [688679.553800631, 2572215.07459194], [688686.349360609, 2572223.79050671], [688687.945443861, 2572226.0445068], [688693.042887921, 2572233.99587297], [688697.033721049, 2572239.5062913], [688701.622751943, 2572244.52946306], [688706.750971456, 2572249.00079662], [688711.384206709, 2572252.59925197], [688712.420929904, 2572253.44210733], [688715.544852763, 2572256.0995753], [688716.326006013, 2572256.78780946], [688723.247481598, 2572263.10267], [688723.994571526, 2572263.80842219], [688725.169004797, 2572265.02403676], [688734.899032173, 2572275.68335876], [688736.0796152, 2572277.13371539], [688739.917453846, 2572281.41243713], [688744.147095206, 2572285.30430032], [688748.729724724, 2572288.77359014], [688753.623288545, 2572291.78846962], [688758.782879432, 2572294.32127183], [688764.161148874, 2572296.34875375], [688769.70874159, 2572297.85230961], [688777.623136478, 2572299.59516748], [688780.507988018, 2572300.38317666], [688791.881309661, 2572304.10861132], [688794.673355836, 2572305.18011785], [688805.618903731, 2572310.02004794], [688808.290310309, 2572311.36438089], [688818.699287734, 2572317.27069782], [688821.223450099, 2572318.87445909], [688830.992206808, 2572325.78836497], [688833.344059706, 2572327.63563156], [688842.375428148, 2572335.4883437], [688844.531547694, 2572337.56072031], [688852.735684411, 2572346.27412261], [688854.674613626, 2572348.5509808], [688862.426187761, 2572358.63179737], [688863.213762006, 2572359.71069242], [688863.959792962, 2572360.84863872], [688871.161887859, 2572372.46551507], [688871.929347965, 2572373.77641528], [688873.955390663, 2572377.44723431], [688874.647937631, 2572378.77981181], [688880.247825393, 2572390.24771011], [688881.428105889, 2572393.0071395], [688885.592836327, 2572404.27268926], [688886.491323904, 2572407.13631173], [688889.508851447, 2572418.76174871], [688890.116531896, 2572421.70085797], [688891.956636441, 2572433.56972025], [688892.0344029, 2572434.31668949], [688892.953415301, 2572440.24641054], [688894.460112945, 2572446.05468376], [688896.539426271, 2572451.68341645], [688899.170558581, 2572457.07631163], [688902.327194035, 2572462.17943109], [688905.977760867, 2572466.94173488], [688910.085747143, 2572471.3155918], [688914.610065956, 2572475.25725577], [688919.505466355, 2572478.7273034], [688924.722985938, 2572481.69102825], [688929.372767006, 2572483.74818444], [688929.363471051, 2572483.77058788], [688942.724749257, 2572489.31464176], [688945.621805028, 2572490.70309766], [688950.740657999, 2572493.50305167], [688956.364718669, 2572496.20934234], [688962.239484269, 2572498.31675704], [688968.301386462, 2572499.80249234], [688979.014477332, 2572501.84418997], [688982.310549908, 2572502.66836549], [688996.107136281, 2572506.96224536], [688997.715864745, 2572507.5134139], [689001.110385865, 2572508.78502357], [689002.697046663, 2572509.43166126], [689016.09544464, 2572515.34379311], [689022.064201165, 2572517.60641373], [689028.239552562, 2572519.22213081], [689034.551604991, 2572520.17265734], [689040.928917403, 2572520.44723507], [689046.093223674, 2572520.11933498], [689046.096552173, 2572520.15743012], [689050.363687773, 2572519.78459635], [689051.818778165, 2572519.69303142], [689064.199535753, 2572519.21564776], [689067.113218873, 2572519.24499542], [689078.753653863, 2572519.92888701], [689081.650723843, 2572520.24092675], [689093.169804794, 2572522.05153358], [689096.022896944, 2572522.64331641], [689107.311797087, 2572525.5635309], [689110.093992143, 2572526.42947703], [689121.046125494, 2572530.43171753], [689123.731109933, 2572531.56363699], [689134.243006758, 2572536.61009679], [689136.805486064, 2572537.99733332], [689138.42526903, 2572538.97887702], [689139.176041422, 2572539.42638074], [689150.300149161, 2572545.94765446], [689152.91429906, 2572547.66957522], [689163.002145362, 2572555.09753992], [689165.422500144, 2572557.08266465], [689170.306127327, 2572561.53429069], [689175.017551354, 2572565.4093307], [689180.098095489, 2572568.78594481], [689185.495241792, 2572571.62922869], [689191.153199585, 2572573.90979115], [689197.013482163, 2572575.60405783], [689203.015511376, 2572576.69451499], [689209.097243829, 2572577.1698905], [689211.929575513, 2572577.2468023], [689214.132149471, 2572577.38786388], [689218.72567374, 2572577.85228019], [689224.463580801, 2572578.1558626], [689230.204215963, 2572577.90918944], [689235.894931639, 2572577.11452296], [689241.483538054, 2572575.77915108], [689246.918781882, 2572573.91532055], [689252.150816291, 2572571.54012464], [689257.131658091, 2572568.67534634], [689261.815627787, 2572565.34725866], [689266.159768513, 2572561.58638362], [689270.124239984, 2572557.42721235], [689271.228975652, 2572556.1510842], [689275.023331672, 2572551.83274848], [689275.940862759, 2572550.8349178], [689283.92785049, 2572542.53347364], [689285.892633134, 2572540.66789513], [689294.596386872, 2572533.121279], [689295.381870036, 2572532.47072694], [689296.269851504, 2572531.80226498], [689306.147294051, 2572524.72900821], [689308.546904072, 2572523.17808366], [689319.052790201, 2572517.07712459], [689320.305809723, 2572516.38886647], [689323.983986334, 2572514.48118119], [689325.362541767, 2572513.8103306], [689337.218895183, 2572508.41090097], [689340.068315717, 2572507.28527146], [689351.766485748, 2572503.34225247], [689357.322134556, 2572501.15619605], [689362.633026832, 2572498.42883477], [689367.646578731, 2572495.18717259], [689372.313150411, 2572491.46330564], [689376.586537529, 2572487.29410442], [689380.424428713, 2572482.72084873], [689383.788824495, 2572477.78881899], [689388.625091746, 2572469.8807015], [689390.172960228, 2572467.59345543], [689396.781861443, 2572458.7357906], [689397.931395915, 2572457.33468182], [689399.985844108, 2572454.68277149], [689401.01294959, 2572453.27751731], [689402.825677194, 2572451.0326732], [689410.503559368, 2572442.40887975], [689412.523648783, 2572440.34869887], [689420.99492631, 2572432.50285938], [689423.203710858, 2572430.6463764], [689432.389898659, 2572423.65116304], [689434.766910032, 2572422.01558976], [689444.582957993, 2572415.93576169], [689447.106168739, 2572414.53625384], [689457.46121513, 2572409.42810078], [689460.107259049, 2572408.27761083], [689470.905318713, 2572404.18848432], [689473.649721868, 2572403.29766116], [689484.790823375, 2572400.26540419], [689487.608134083, 2572399.64251053], [689498.989157339, 2572397.69519926], [689501.85327933, 2572397.34599824], [689514.08917208, 2572396.44886126], [689515.53117894, 2572396.37797002], [689519.056470071, 2572396.28962666], [689520.549333567, 2572396.2893817], [689533.23193726, 2572396.60299357], [689536.207132258, 2572396.82504975], [689548.054543305, 2572398.30501928], [689550.992978994, 2572398.82168291], [689562.634625947, 2572401.47180345], [689565.507118374, 2572402.27794398], [689576.827773067, 2572406.07200173], [689579.605943833, 2572407.15964865], [689590.493441773, 2572412.06004617], [689593.149760799, 2572413.41842701], [689604.143523287, 2572419.74935094], [689605.418314504, 2572420.52633392], [689609.138889189, 2572422.92298442], [689610.407413159, 2572423.7868289], [689614.669836951, 2572426.8519523498], [689619.497352817, 2572429.98356642], [689624.602659238, 2572432.63832864], [689629.938798859, 2572434.79182117], [689635.456691177, 2572436.42423671], [689641.105583975, 2572437.52056069], [689646.833520122, 2572438.07070941], [689652.58781547, 2572438.06962273], [689658.315543421, 2572437.51731064], [689663.96402174, 2572436.41885318], [689669.481297111, 2572434.78435368], [689674.816622989, 2572432.62884588], [689679.920926357, 2572429.9721556], [689684.747259086, 2572426.83871842], [689687.247690961, 2572425.03921621], [689687.608663942, 2572424.78345056], [689691.751446204, 2572421.89374953], [689693.11467422, 2572420.99697687], [689704.901671167, 2572413.69459727], [689707.762649968, 2572412.13071857], [689720.27294861, 2572406.15164095], [689721.763808615, 2572405.48830664], [689725.391936894, 2572403.99087718], [689726.624581353, 2572403.51363821], [689737.186935839, 2572399.68965162], [689739.708391044, 2572398.90057805], [689749.927237756, 2572396.1906811], [689752.508387193, 2572395.6266172], [689762.926121792, 2572393.82675168], [689765.546875378, 2572393.49208595], [689776.741601388, 2572392.56145507], [689778.060954025, 2572392.4809962], [689781.682462691, 2572392.34015737], [689783.106067428, 2572392.31860487], [689795.204408604, 2572392.42262609], [689798.045388514, 2572392.58208128], [689809.371079612, 2572393.75889634], [689812.184135971, 2572394.18693732], [689823.347235909, 2572396.43207237], [689826.107073348, 2572397.12485389], [689837.007052605, 2572400.41807397], [689839.68878903, 2572401.36935561], [689847.883015343, 2572404.72181711], [689853.277002462, 2572406.63375169], [689858.828607236, 2572408.02309517], [689864.487324571, 2572408.87720817], [689870.20167493, 2572409.18832048], [689875.919672658, 2572408.95360179], [689881.589298923, 2572408.17518744], [689887.158974942, 2572406.86015895], [689892.578031222, 2572405.02047965], [689897.797168514, 2572402.67288581], [689902.768906309, 2572399.83873441], [689907.448014788, 2572396.54380881], [689911.791926293, 2572392.81808422], [689915.761122583, 2572388.69545499], [689919.181691614, 2572384.7854503], [689921.301988861, 2572382.59695189], [689930.779336222, 2572373.76107244], [689931.92072877, 2572372.74992806], [689933.800075946, 2572371.16843398], [689934.75714132, 2572370.39600878], [689943.510780717, 2572363.62274966], [689944.498776413, 2572362.89015088], [689945.441434279, 2572362.22068374], [689946.694475201, 2572361.37742608], [689957.519629233, 2572354.48192948], [689960.14378579, 2572352.99051636], [689970.932480688, 2572347.55823487], [689973.693254561, 2572346.33824974], [689984.973483522, 2572342.01828493], [689987.842971606, 2572341.08205611], [689999.500331673, 2572337.9182005], [690002.449404297, 2572337.27524262], [690014.365854688, 2572335.29953125], [690017.36464409, 2572334.95635204], [690030.173474913, 2572334.14080236], [690031.68272972, 2572334.08281159], [690035.295487716, 2572334.03502618], [690036.54622506, 2572334.04456505], [690047.17177852, 2572334.34720642], [690049.665831218, 2572334.52251], [690059.607315871, 2572335.639382], [690062.078106521, 2572336.02184724], [690072.505863859, 2572338.08441966], [690073.727512408, 2572338.35263812], [690077.420714819, 2572339.24460266], [690078.796798585, 2572339.61172831], [690090.413167638, 2572343.00823386], [690093.104151638, 2572343.9358163], [690103.684339973, 2572348.15466469], [690106.275241201, 2572349.3332411], [690116.407706688, 2572354.53635085], [690118.87517637, 2572355.95529845], [690128.468532467, 2572362.09574097], [690130.790363597, 2572363.74230259], [690131.075745706, 2572363.96577633], [690135.832682512, 2572367.33138536], [690140.893665218, 2572370.21967654], [690146.210957831, 2572372.60340706], [690151.734406803, 2572374.46009319], [690157.411914086, 2572375.77222236], [690163.189928529, 2572376.52741838], [690169.013950981, 2572376.7185581], [690174.829048339, 2572376.34383868], [690180.580371678, 2572375.40679452], [690186.213673605, 2572373.91626397], [690191.675819921, 2572371.88630595], [690196.915290793, 2572369.33606735], [690201.8826667, 2572366.28960243], [690206.531094564, 2572362.77564593], [690210.816729674, 2572358.82734203], [690213.63170038, 2572355.96906509], [690214.94560983, 2572354.71341231], [690226.427705215, 2572344.38757645], [690229.269387279, 2572342.12779535], [690241.915810883, 2572333.26598164], [690243.41725013, 2572332.28031185], [690244.74460184, 2572331.51213504], [690256.375805108, 2572325.17835111], [690259.184677832, 2572323.83297507], [690270.690283798, 2572319.03994641], [690273.623567963, 2572317.99324325], [690285.564415011, 2572314.41969889], [690288.590443284, 2572313.68295586], [690300.837570434, 2572311.36750473], [690303.923727185, 2572310.94866678], [690316.344967343, 2572309.91628164], [690319.457918061, 2572309.81987665], [690332.698780852, 2572310.09807493], [690334.255599286, 2572310.17128763], [690337.746245655, 2572310.42646481], [690339.194086723, 2572310.56767346], [690351.465041301, 2572312.06567528], [690354.330433911, 2572312.55747567], [690365.688204974, 2572315.07918245], [690368.492492026, 2572315.84618898], [690379.552597389, 2572319.45606476], [690382.269425302, 2572320.49107324], [690392.927905999, 2572325.15517589], [690395.53171298, 2572326.44844946], [690405.688367961, 2572332.12293755], [690408.154676898, 2572333.66231685], [690417.713957914, 2572340.29380415], [690420.019580196, 2572342.06482008], [690429.558397847, 2572350.15657865], [690434.801846974, 2572354.06221365], [690434.772222452, 2572354.10565182], [690436.380979837, 2572355.20281275], [690445.358366973, 2572361.61427414], [690447.402652441, 2572363.21220802], [690455.792180256, 2572370.37577041], [690456.759339422, 2572371.23847112], [690459.81155395, 2572374.08238883], [690460.559069011, 2572374.78397131], [690462.290277523, 2572376.41899035], [690466.999483671, 2572380.42811086], [690472.096372072, 2572383.93116646], [690477.526788754, 2572386.89093749], [690482.428376245, 2572389.24335243], [690483.840836304, 2572389.9308344], [690485.216199852, 2572390.60842359], [690486.525700396, 2572391.29417105], [690494.26168247, 2572395.59142], [690501.019830759, 2572398.81127935], [690501.079397388, 2572398.83522308], [690510.484516397, 2572402.83658995], [690512.657236725, 2572403.86568804], [690518.004513836, 2572406.66613329], [690523.990334418, 2572409.39394312], [690530.238793415, 2572411.45009356], [690536.674786097, 2572412.80987027], [690543.220953629, 2572413.45692909], [690549.833387001, 2572413.7459484], [690552.833202535, 2572414.02862206], [690564.766273413, 2572415.76170434], [690567.722599208, 2572416.3440581], [690579.421353061, 2572419.266131], [690582.30427948, 2572420.14228527], [690593.650792712, 2572424.22390699], [690596.431216723, 2572425.38499952], [690607.991258702, 2572430.91016594], [690609.33483122, 2572431.5943301], [690612.556430709, 2572433.33813466], [690613.245681151, 2572433.72302374], [690619.402243962, 2572437.2680395], [690620.00067829, 2572437.62319075], [690620.522494333, 2572437.95793387], [690625.290201344, 2572440.71603464], [690630.290746145, 2572443.02529896], [690635.481987825, 2572444.86626604], [690637.400228126, 2572445.44889648], [690651.061988369, 2572450.46666749], [690652.652279014, 2572451.10286073], [690655.975197013, 2572452.54356768], [690657.08983016, 2572453.05414144], [690666.952566817, 2572457.81811933], [690667.704563166, 2572458.20300898], [690668.538156907, 2572458.67557589], [690680.049680062, 2572465.58533545], [690681.309517645, 2572466.384832], [690685.695758426, 2572469.3238983], [690687.911427082, 2572470.81298778], [690688.98102154, 2572471.51539225], [690694.230665101, 2572474.883274], [690695.57873911, 2572475.80078775], [690699.114796839, 2572478.35083643], [690700.157002376, 2572479.13746391], [690708.866125425, 2572486.0134421], [690710.842213491, 2572487.7183024], [690718.859848137, 2572495.26845483], [690719.458537361, 2572495.86062063], [690720.216628685, 2572496.68470078], [690729.676939718, 2572507.56841231], [690733.303459976, 2572511.38817835], [690737.251001436, 2572514.87517968], [690738.599129587, 2572515.96452224], [690739.086115097, 2572516.3665679], [690743.63656606, 2572520.20463007], [690744.037059895, 2572520.5484976], [690747.0950608, 2572523.22125201], [690751.720191698, 2572526.87888466], [690756.682013844, 2572530.06485915], [690761.932604151, 2572532.74840416], [690767.421250505, 2572534.90360106], [690773.094941557, 2572536.50963415], [690777.470451883, 2572537.51887449], [690792.209844168, 2572541.8772096], [690795.231351604, 2572542.88533451], [690799.477843995, 2572544.13014633], [690803.709920142, 2572545.20295675], [690806.13211792, 2572545.92690576], [690815.693352914, 2572549.22961926], [690818.045948225, 2572550.15501333], [690827.873450654, 2572554.50752543], [690829.018875307, 2572555.04398653], [690829.98761956, 2572555.52285062], [690831.150083749, 2572556.12945278], [690840.914872116, 2572561.49967841], [690843.15415281, 2572562.86192704], [690852.412570731, 2572569.06429318], [690853.485805008, 2572569.81777492], [690855.188025165, 2572571.06926468], [690856.441006842, 2572572.04255179], [690862.332587448, 2572576.87418676], [690864.584022694, 2572578.63261601], [690865.075852694, 2572578.99823601], [690865.867252062, 2572579.57657542], [690868.271056669, 2572581.3032863], [690868.839675369, 2572581.7556356], [690870.596542492, 2572583.10111869], [690878.024800453, 2572588.57565764], [690880.548014811, 2572590.65689642], [690890.177102282, 2572599.52505101], [690892.458559434, 2572601.86879168], [690901.602558602, 2572612.35033551], [690902.644593366, 2572613.61274292], [690904.611443721, 2572616.13256719], [690905.438439351, 2572617.1682793], [690907.784095676, 2572620.04029265], [690907.88984564, 2572620.1745518], [690911.791403936, 2572624.65283075], [690916.11661183, 2572628.72342238], [690920.82308572, 2572632.34643812], [690925.864705903, 2572635.48637529], [690931.192068507, 2572638.11246501], [690936.75296961, 2572640.19897368], [690942.492916801, 2572641.72545518], [690948.355663158, 2572642.6769512], [690954.283758426, 2572643.04413784], [690960.21911198, 2572642.82341695], [690965.25410198, 2572642.38585695], [690969.358625547, 2572641.88614755], [690971.638281947, 2572641.52851067], [690972.315051392, 2572641.43022865], [690976.571802238, 2572640.86151263], [690977.065831031, 2572640.79967529], [690981.516430236, 2572640.28008818], [690982.011505963, 2572640.22645106], [690984.289091388, 2572639.99879353], [690985.697317273, 2572639.84121726], [690986.592207273, 2572639.73036726], [690991.371958215, 2572638.941232], [690995.706931423, 2572637.86021566], [690995.710494907, 2572637.87278253], [691000.586044907, 2572636.49026253], [691004.440422422, 2572635.25541712], [691017.589437524, 2572630.54816886], [691019.042604307, 2572630.06939399], [691022.569573584, 2572629.00628075], [691024.047855081, 2572628.60158968], [691036.693501446, 2572625.48472805], [691037.800114687, 2572625.27126758], [691043.114860015, 2572623.99247252], [691045.974674561, 2572623.16487425], [691063.778589909, 2572618.66318966], [691065.773405988, 2572618.23045284], [691069.026102019, 2572617.6399672], [691069.483434893, 2572617.56059215], [691073.522450559, 2572616.89172041], [691073.730891497, 2572616.85944595], [691075.103865361, 2572616.68958793], [691088.066749752, 2572615.42120964], [691091.126441457, 2572615.27904226], [691104.151022327, 2572615.33992091], [691105.669186807, 2572615.38582862], [691106.405629555, 2572615.4272916], [691107.945142598, 2572615.52178054], [691110.672278784, 2572615.70195612], [691112.198305001, 2572615.8420038], [691124.873262754, 2572617.33258709], [691131.157214573, 2572617.73886418], [691137.44913882, 2572617.48430416], [691142.21822882, 2572617.03980416], [691147.839572457, 2572616.24612779], [691153.360741015, 2572614.92471786], [691158.73230558, 2572613.08740445], [691163.906176584, 2572610.75063632], [691168.836034334, 2572607.93533367], [691173.477743694, 2572604.66670082], [691177.789749211, 2572600.97400061], [691181.733447145, 2572596.89029236], [691185.273531074, 2572592.45213596], [691186.765258998, 2572590.16856092], [691186.809202012, 2572590.19767564], [691189.48315353, 2572586.16186563], [691189.962865542, 2572585.51619164], [691192.415294576, 2572581.78203303], [691192.482295424, 2572581.82491083], [691194.713965234, 2572578.33770319], [691201.144848493, 2572569.23982106], [691202.709841127, 2572567.21499155], [691204.011919803, 2572565.67125369], [691204.875500937, 2572564.62357], [691207.109032416, 2572561.85054433], [691208.133721467, 2572560.64488842], [691217.108643429, 2572550.6325817], [691219.340377447, 2572548.39270338], [691228.732312777, 2572539.91196165], [691230.812329165, 2572538.22407708], [691234.70044679, 2572534.77937804], [691238.276044456, 2572531.01128681], [691240.168089129, 2572528.63576973], [691240.186902596, 2572528.65090115], [691242.896036206, 2572525.2825313], [691250.543919417, 2572516.65721176], [691252.556388799, 2572514.59612054], [691260.996686145, 2572506.74457679], [691263.197662958, 2572504.88613105], [691272.352554833, 2572497.88076355], [691274.721723422, 2572496.2421071], [691284.506530996, 2572490.14770419], [691287.022043122, 2572488.74396657], [691297.346616103, 2572483.61666306], [691299.985203793, 2572482.46081929], [691310.754163306, 2572478.34799926], [691313.491516377, 2572477.45069954], [691325.300708113, 2572474.19887205], [691326.699129782, 2572473.84971657], [691327.876144207, 2572473.58571361], [691328.904626107, 2572473.37386073], [691338.192009397, 2572471.62967125], [691339.227300859, 2572471.45394118], [691342.716999818, 2572470.92426397], [691344.694146174, 2572470.69100429], [691362.541910871, 2572469.18393658], [691364.530175485, 2572469.08236021], [691367.771567467, 2572469.02450471], [691373.744483277, 2572468.61918], [691379.647275284, 2572467.62065213], [691385.421177897, 2572466.038862], [691391.008708688, 2572463.88955722], [691396.354240667, 2572461.19413531], [691401.404556076, 2572457.97943071], [691406.109376203, 2572454.2774476], [691410.421861936, 2572450.12504129], [691414.29908007, 2572445.5635513], [691417.702430732, 2572440.63838981], [691420.598031663, 2572435.39858956], [691422.957055541, 2572429.89631569], [691424.756016962, 2572424.18634641], [691425.977006263, 2572418.32552765], [691426.607867811, 2572412.37220714], [691426.642321027, 2572406.38565351], [691426.080022912, 2572400.42546625], [691424.926571455, 2572394.55098234], [691423.193449913, 2572388.82068557], [691422.261789347, 2572386.21686628], [691422.116159883, 2572383.08013708], [691421.551895711, 2572377.19885087], [691420.411930333, 2572371.40157561], [691418.707317588, 2572365.74452542], [691416.454586501, 2572360.28255469], [691413.675581005, 2572355.06862624], [691410.39724813, 2572350.15329766], [691406.651376705, 2572345.58423115], [691402.474289115, 2572341.40573132], [691402.306308951, 2572341.25348276], [691401.599891267, 2572338.3261761], [691399.853640885, 2572332.43227707], [691397.513503517, 2572326.7479835], [691397.282321227, 2572326.2591908], [691397.21084, 2572324.80417474], [691397.21084, 2572275.23075], [691396.845261088, 2572268.6174436], [691395.752979283, 2572262.08472672], [691393.947305091, 2572255.71220679], [691393.127998244, 2572253.69937178], [691392.803225092, 2572252.79169005], [691390.549951289, 2572247.35179451], [691387.774326535, 2572242.15895198], [691387.290386364, 2572241.35154421], [691387.177506666, 2572240.90090434], [691386.215422161, 2572236.06413695], [691384.50617738, 2572230.42949849], [691382.252866533, 2572224.98952988], [691379.477190674, 2572219.79662204], [691378.235004268, 2572217.937568], [691377.302440075, 2572216.38167902], [691377.189556665, 2572215.93102434], [691376.227472162, 2572211.09425695], [691374.518227381, 2572205.45961849], [691372.264916534, 2572200.01964988], [691369.489240675, 2572194.82674204], [691368.247054268, 2572192.967688], [691367.318283888, 2572191.41812862], [691367.24699, 2572189.96687566], [691367.24699, 2572162.94878685], [691367.318283772, 2572161.4975387], [691367.798335129, 2572160.69662384], [691370.57403818, 2572155.50365207], [691371.648526535, 2572152.90959394], [691372.304772773, 2572151.52207955], [691373.241131839, 2572149.95985921], [691374.483363038, 2572148.10071375], [691377.258955873, 2572142.90791352], [691379.512206807, 2572137.46806516], [691381.221416354, 2572131.83355608], [691382.183532829, 2572126.99670098], [691382.298165409, 2572126.53906323], [691382.784631216, 2572125.17947807], [691383.928670178, 2572122.41750779], [691385.637872695, 2572116.78301076], [691386.786576143, 2572111.00811592], [691387.089082709, 2572107.93679006], [691387.291726146, 2572106.57066846], [691388.658694257, 2572104.72752508], [691391.929961679, 2572099.83172618], [691394.705604335, 2572094.63886134], [691396.958891216, 2572089.19894079], [691398.668121895, 2572083.56435403], [691399.816835512, 2572077.78936534], [691400.393969305, 2572071.92959111], [691400.39396515, 2572066.0414643], [691399.816823085, 2572060.18169089], [691398.668101317, 2572054.40670382], [691396.958862685, 2572048.77211948], [691394.705568126, 2572043.3322021], [691391.92991814, 2572038.13934118], [691388.658643808, 2572033.2435469], [691384.923249354, 2572028.69196853], [691380.759708739, 2572024.52844035], [691378.270313475, 2572022.48545308], [691377.286086503, 2572021.59340186], [691376.891200009, 2572021.15771235], [691372.727724833, 2572016.99423744], [691372.311678461, 2572016.61715452], [691372.24096, 2572015.17766474], [691372.24096, 2572003.14160777], [691372.312621499, 2572001.68292472], [691373.152068053, 2571999.33683315], [691372.941847971, 2571984.98385608], [691377.234939759, 2571986.0771279], [691377.234939759, 2571971.70481928], [691382.228915663, 2571971.70481928], [691382.228915663, 2571951.72891566], [691387.222891566, 2571951.72891566], [691387.222891566, 2571941.74096386], [691392.21686747, 2571941.74096386], [691392.21686747, 2571926.75903614], [691397.210843374, 2571926.75903614], [691397.210843374, 2571921.76506024], [691402.204819277, 2571921.76506024], [691402.204819277, 2571911.77710843], [691407.198795181, 2571911.77710843], [691407.198795181, 2571891.80120482], [691412.192771084, 2571891.80120482], [691412.192771084, 2571886.80722892], [691417.186746988, 2571886.80722892], [691417.186746988, 2571881.81325301], [691422.180722892, 2571881.81325301], [691422.180722892, 2571876.81927711], [691427.174698795, 2571876.81927711], [691427.174698795, 2571871.8253012], [691432.168674699, 2571871.8253012], [691432.168674699, 2571851.84939759], [691437.162650602, 2571851.84939759], [691437.162650602, 2571846.85542169], [691442.156626506, 2571846.85542169], [691442.156626506, 2571841.86144578], [691447.15060241, 2571841.86144578], [691447.15060241, 2571836.86746988], [691452.144578313, 2571836.86746988], [691452.144578313, 2571831.87349398], [691457.138554217, 2571831.87349398], [691457.138554217, 2571821.88554217], [691462.13253012, 2571821.88554217], [691462.13253012, 2571816.89156626], [691467.126506024, 2571816.89156626], [691467.126506024, 2571811.89759036], [691472.120481928, 2571811.89759036], [691472.120481928, 2571806.90361446], [691477.114457831, 2571806.90361446], [691477.114457831, 2571746.97590361], [691482.108433735, 2571746.97590361], [691482.108433735, 2571731.9939759], [691487.102409639, 2571731.9939759], [691487.102409639, 2571707.02409639], [691482.108433735, 2571707.02409639], [691482.108433735, 2571702.03012048], [691477.114457831, 2571702.03012048], [691477.114457831, 2571697.03614458], [691472.120481928, 2571697.03614458], [691472.120481928, 2571692.04216867], [691467.126506024, 2571692.04216867], [691467.126506024, 2571687.04819277], [691462.13253012, 2571687.04819277], [691462.13253012, 2571682.05421687], [691457.138554217, 2571682.05421687], [691457.138554217, 2571677.06024096], [691452.144578313, 2571677.06024096], [691452.144578313, 2571672.06626506], [691442.156626506, 2571672.06626506], [691442.156626506, 2571667.07228916], [691437.162650602, 2571667.07228916], [691437.162650602, 2571662.07831325], [691432.168674699, 2571662.07831325], [691432.168674699, 2571657.08433735], [691422.180722892, 2571657.08433735], [691422.180722892, 2571652.09036145], [691402.204819277, 2571652.09036145], [691402.204819277, 2571657.08433735], [691387.222891566, 2571657.08433735], [691387.222891566, 2571652.09036145], [691377.234939759, 2571652.09036145], [691377.234939759, 2571647.09638554], [691372.240963855, 2571647.09638554], [691372.240963855, 2571637.10843373], [691367.246987952, 2571637.10843373], [691367.246987952, 2571632.11445783], [691372.240963855, 2571632.11445783], [691372.240963855, 2571627.12048193], [691382.228915663, 2571627.12048193], [691382.228915663, 2571622.12650602], [691392.21686747, 2571622.12650602], [691392.21686747, 2571577.18072289], [691387.222891566, 2571577.18072289], [691387.222891566, 2571552.21084337], [691382.228915663, 2571552.21084337], [691382.228915663, 2571547.21686747], [691387.222891566, 2571547.21686747], [691387.222891566, 2571542.22289157], [691392.21686747, 2571542.22289157], [691392.21686747, 2571537.22891566], [691397.210843374, 2571537.22891566], [691397.210843374, 2571532.23493976], [691402.204819277, 2571532.23493976], [691402.204819277, 2571527.24096386], [691407.198795181, 2571527.24096386], [691407.198795181, 2571522.24698795], [691412.192771084, 2571522.24698795], [691412.192771084, 2571517.25301205], [691417.186746988, 2571517.25301205], [691417.186746988, 2571507.26506024], [691422.180722892, 2571507.26506024], [691422.180722892, 2571502.27108434], [691427.174698795, 2571502.27108434], [691427.174698795, 2571482.29518072], [691422.180722892, 2571482.29518072], [691422.180722892, 2571472.30722892], [691417.186746988, 2571472.30722892], [691417.186746988, 2571457.3253012], [691412.192771084, 2571457.3253012], [691412.192771084, 2571452.3313253], [691407.198795181, 2571452.3313253], [691407.198795181, 2571447.3373494], [691402.204819277, 2571447.3373494], [691402.204819277, 2571442.34337349], [691397.210843374, 2571442.34337349], [691397.210843374, 2571437.34939759], [691392.21686747, 2571437.34939759], [691392.21686747, 2571432.35542169], [691387.222891566, 2571432.35542169], [691387.222891566, 2571417.37349398], [691382.228915663, 2571417.37349398], [691382.228915663, 2571412.37951807], [691387.222891566, 2571412.37951807], [691387.222891566, 2571407.38554217], [691392.21686747, 2571407.38554217], [691392.21686747, 2571377.42168675], [691387.222891566, 2571377.42168675], [691387.222891566, 2571372.42771084], [691382.228915663, 2571372.42771084], [691382.228915663, 2571367.43373494], [691347.271084337, 2571367.43373494], [691347.271084337, 2571372.42771084], [691342.277108434, 2571372.42771084], [691342.277108434, 2571367.43373494], [691327.295180723, 2571367.43373494], [691327.295180723, 2571362.43975904], [691317.307228916, 2571362.43975904], [691317.307228916, 2571357.44578313], [691312.313253012, 2571357.44578313], [691312.313253012, 2571352.45180723], [691307.319277108, 2571352.45180723], [691307.319277108, 2571347.45783133], [691302.325301205, 2571347.45783133], [691302.325301205, 2571342.46385542], [691307.319277108, 2571342.46385542], [691307.319277108, 2571337.46987952], [691312.313253012, 2571337.46987952], [691312.313253012, 2571332.47590361], [691317.307228916, 2571332.47590361], [691317.307228916, 2571327.48192771], [691327.295180723, 2571327.48192771], [691327.295180723, 2571317.4939759], [691332.289156627, 2571317.4939759], [691332.289156627, 2571312.5], [691347.271084337, 2571312.5], [691347.271084337, 2571307.5060241], [691352.265060241, 2571307.5060241], [691352.265060241, 2571302.51204819], [691357.259036145, 2571302.51204819], [691357.259036145, 2571297.51807229], [691362.253012048, 2571297.51807229], [691362.253012048, 2571292.52409639], [691367.246987952, 2571292.52409639], [691367.246987952, 2571287.53012048], [691372.240963855, 2571287.53012048], [691372.240963855, 2571237.59036145], [691377.234939759, 2571237.59036145], [691377.234939759, 2571227.60240964], [691382.228915663, 2571227.60240964], [691382.228915663, 2571222.60843374], [691387.222891566, 2571222.60843374], [691387.222891566, 2571217.61445783], [691392.21686747, 2571217.61445783], [691392.21686747, 2571207.62650602], [691397.210843374, 2571207.62650602], [691397.210843374, 2571202.63253012], [691402.204819277, 2571202.63253012], [691402.204819277, 2571207.62650602], [691407.198795181, 2571207.62650602], [691407.198795181, 2571212.62048193], [691412.192771084, 2571212.62048193], [691412.192771084, 2571217.61445783], [691417.186746988, 2571217.61445783], [691417.186746988, 2571222.60843374], [691422.180722892, 2571222.60843374], [691422.180722892, 2571227.60240964], [691427.174698795, 2571227.60240964], [691427.174698795, 2571232.59638554], [691432.168674699, 2571232.59638554], [691432.168674699, 2571222.60843374], [691437.162650602, 2571222.60843374], [691437.162650602, 2571212.62048193], [691442.156626506, 2571212.62048193], [691442.156626506, 2571207.62650602], [691452.144578313, 2571207.62650602], [691452.144578313, 2571202.63253012], [691462.13253012, 2571202.63253012], [691462.13253012, 2571207.62650602], [691477.114457831, 2571207.62650602], [691477.114457831, 2571212.62048193], [691482.108433735, 2571212.62048193], [691482.108433735, 2571217.61445783], [691487.102409639, 2571217.61445783], [691487.102409639, 2571222.60843374], [691492.096385542, 2571222.60843374], [691492.096385542, 2571187.65060241], [691497.090361446, 2571187.65060241], [691497.090361446, 2571172.6686747], [691502.084337349, 2571172.6686747], [691502.084337349, 2571167.6746988], [691507.078313253, 2571167.6746988], [691507.078313253, 2571134.76493178], [691503.5362338, 2571134.76493178], [691503.5362338, 2571104.80313093], [691508.529867275, 2571104.80313093], [691508.529867275, 2571094.81586398], [691513.52350075, 2571094.81586398], [691513.52350075, 2571074.84133008], [691508.529867275, 2571074.84133008], [691508.529867275, 2571059.86042965], [691513.52350075, 2571059.86042965], [691513.52350075, 2571054.86679618], [691518.517134225, 2571054.86679618], [691518.517134225, 2571049.8731627], [691528.504401176, 2571049.8731627], [691528.504401176, 2571029.8986288], [691523.510767701, 2571029.8986288], [691523.510767701, 2570994.94319447], [691518.517134225, 2570994.94319447], [691518.517134225, 2570959.98776015], [691523.510767701, 2570959.98776015], [691523.510767701, 2570950.0004932], [691528.504401176, 2570950.0004932], [691528.504401176, 2570945.00685972], [691533.498034651, 2570945.00685972], [691533.498034651, 2570940.01322625], [691538.491668126, 2570940.01322625], [691538.491668126, 2570935.01959277], [691568.453468977, 2570935.01959277], [691568.453468977, 2570915.04505887], [691563.459835502, 2570915.04505887], [691563.459835502, 2570875.09599107], [691568.453468977, 2570875.09599107], [691568.453468977, 2570865.10872412], [691573.447102453, 2570865.10872412], [691573.447102453, 2570855.12145717], [691578.440735928, 2570855.12145717], [691578.440735928, 2570815.17238937], [691583.434369403, 2570815.17238937], [691583.434369403, 2570800.19148894], [691588.428002878, 2570800.19148894], [691588.428002878, 2570790.20422199], [691593.421636353, 2570790.20422199], [691593.421636353, 2570785.21058851], [691598.415269829, 2570785.21058851], [691598.415269829, 2570780.21695504], [691603.408903304, 2570780.21695504], [691603.408903304, 2570785.21058851], [691608.402536779, 2570785.21058851], [691608.402536779, 2570790.20422199], [691628.37707068, 2570790.20422199], [691628.37707068, 2570785.21058851], [691633.370704155, 2570785.21058851], [691633.370704155, 2570780.21695504], [691638.36433763, 2570780.21695504], [691638.36433763, 2570770.22968809], [691643.357971105, 2570770.22968809], [691643.357971105, 2570765.23605461], [691648.351604581, 2570765.23605461], [691648.351604581, 2570760.24242114], [691658.338871531, 2570760.24242114], [691658.338871531, 2570755.24878766], [691663.332505006, 2570755.24878766], [691663.332505006, 2570750.25515419], [691668.326138482, 2570750.25515419], [691668.326138482, 2570745.26152071], [691673.319771957, 2570745.26152071], [691673.319771957, 2570740.26788724], [691678.313405432, 2570740.26788724], [691678.313405432, 2570735.27425376], [691688.300672382, 2570735.27425376], [691688.300672382, 2570730.28062029], [691723.256106709, 2570730.28062029], [691723.256106709, 2570735.27425376], [691728.249740184, 2570735.27425376], [691728.249740184, 2570730.28062029], [691738.237007134, 2570730.28062029], [691738.237007134, 2570725.28698681], [691748.224274085, 2570725.28698681], [691748.224274085, 2570720.29335334], [691753.21790756, 2570720.29335334], [691753.21790756, 2570700.31881944], [691758.211541035, 2570700.31881944], [691758.211541035, 2570695.32518596], [691763.20517451, 2570695.32518596], [691763.20517451, 2570690.33155249], [691768.198807986, 2570690.33155249], [691768.198807986, 2570685.33791901], [691773.192441461, 2570685.33791901], [691773.192441461, 2570680.34428553], [691778.186074936, 2570680.34428553], [691778.186074936, 2570670.35701858], [691783.179708411, 2570670.35701858], [691783.179708411, 2570660.36975163], [691778.186074936, 2570660.36975163], [691778.186074936, 2570640.39521773], [691783.179708411, 2570640.39521773], [691783.179708411, 2570630.40795078], [691788.173341886, 2570630.40795078], [691788.173341886, 2570615.42705036], [691793.166975362, 2570615.42705036], [691793.166975362, 2570610.43341688], [691808.147875787, 2570610.43341688], [691808.147875787, 2570605.43978341], [691823.128776213, 2570605.43978341], [691823.128776213, 2570600.44614993], [691833.116043163, 2570600.44614993], [691833.116043163, 2570595.45251646], [691838.109676639, 2570595.45251646], [691838.109676639, 2570590.45888298], [691843.103310114, 2570590.45888298], [691843.103310114, 2570585.46524951], [691838.109676639, 2570585.46524951], [691838.109676639, 2570570.48434908], [691863.077844015, 2570570.48434908], [691863.077844015, 2570575.47798256], [691868.07147749, 2570575.47798256], [691868.07147749, 2570570.48434908], [691873.065110965, 2570570.48434908], [691873.065110965, 2570565.49071561], [691878.05874444, 2570565.49071561], [691878.05874444, 2570550.50981518], [691873.065110965, 2570550.50981518], [691873.065110965, 2570545.5161817], [691868.07147749, 2570545.5161817], [691868.07147749, 2570540.52254823], [691863.077844015, 2570540.52254823], [691863.077844015, 2570530.53528128], [691858.084210539, 2570530.53528128], [691858.084210539, 2570505.5671139], [691853.090577064, 2570505.5671139], [691853.090577064, 2570500.57348043], [691848.096943589, 2570500.57348043], [691848.096943589, 2570495.57984695], [691853.090577064, 2570495.57984695], [691853.090577064, 2570480.59894653], [691858.084210539, 2570480.59894653], [691858.084210539, 2570445.6435122], [691853.090577064, 2570445.6435122], [691853.090577064, 2570440.64987872], [691848.096943589, 2570440.64987872], [691848.096943589, 2570435.65624525], [691843.103310114, 2570435.65624525], [691843.103310114, 2570425.6689783], [691838.109676639, 2570425.6689783], [691838.109676639, 2570390.71354397], [691833.116043163, 2570390.71354397], [691833.116043163, 2570375.73264355], [691838.109676639, 2570375.73264355], [691838.109676639, 2570335.78357575], [691833.116043163, 2570335.78357575], [691833.116043163, 2570330.78994227], [691828.122409688, 2570330.78994227], [691828.122409688, 2570325.7963088], [691823.128776213, 2570325.7963088], [691823.128776213, 2570315.80904184], [691818.135142738, 2570315.80904184], [691818.135142738, 2570305.82177489], [691813.141509263, 2570305.82177489], [691813.141509263, 2570295.83450794], [691808.147875787, 2570295.83450794], [691808.147875787, 2570280.85360752], [691813.141509263, 2570280.85360752], [691813.141509263, 2570270.86634057], [691818.135142738, 2570270.86634057], [691818.135142738, 2570265.87270709], [691823.128776213, 2570265.87270709], [691823.128776213, 2570255.88544014], [691828.122409688, 2570255.88544014], [691828.122409688, 2570240.90453972], [691833.116043163, 2570240.90453972], [691833.116043163, 2570225.92363929], [691838.109676639, 2570225.92363929], [691838.109676639, 2570220.93000582], [691843.103310114, 2570220.93000582], [691843.103310114, 2570215.93637234], [691853.090577064, 2570215.93637234], [691853.090577064, 2570200.95547192], [691848.096943589, 2570200.95547192], [691848.096943589, 2570185.97457149], [691853.090577064, 2570185.97457149], [691853.090577064, 2570180.98093801], [691873.065110965, 2570180.98093801], [691873.065110965, 2570175.98730454], [691883.052377915, 2570175.98730454], [691883.052377915, 2570170.99367106], [691898.033278341, 2570170.99367106], [691898.033278341, 2570156.01277064], [691893.039644866, 2570156.01277064], [691893.039644866, 2570131.04460326], [691898.033278341, 2570131.04460326], [691898.033278341, 2570126.05096979], [691903.026911816, 2570126.05096979], [691903.026911816, 2570101.08280241], [691898.033278341, 2570101.08280241], [691898.033278341, 2570096.08916894], [691918.007812242, 2570096.08916894], [691918.007812242, 2570091.09553546], [691927.995079192, 2570091.09553546], [691927.995079192, 2570081.10826851], [691932.988712667, 2570081.10826851], [691932.988712667, 2570071.12100156], [691937.982346143, 2570071.12100156], [691937.982346143, 2570066.12736808], [691972.937780469, 2570066.12736808], [691972.937780469, 2570061.13373461], [692012.886848271, 2570061.13373461], [692012.886848271, 2570056.14010113], [692032.861382172, 2570056.14010113], [692032.861382172, 2570051.14646766], [692042.848649122, 2570051.14646766], [692042.848649122, 2570046.15283418], [692047.842282597, 2570046.15283418], [692047.842282597, 2570036.16556723], [692052.835916072, 2570036.16556723], [692052.835916072, 2570031.17193376], [692062.823183023, 2570031.17193376], [692062.823183023, 2570026.17830028], [692057.829549548, 2570026.17830028], [692057.829549548, 2570011.19739986], [692052.835916072, 2570011.19739986], [692052.835916072, 2569986.22923248], [692037.855015647, 2569986.22923248], [692037.855015647, 2569981.23559901], [692022.874115221, 2569981.23559901], [692022.874115221, 2569971.24833206], [692017.880481746, 2569971.24833206], [692017.880481746, 2569961.26106511], [692012.886848271, 2569961.26106511], [692012.886848271, 2569946.28016468], [692007.893214796, 2569946.28016468], [692007.893214796, 2569941.2865312], [692002.89958132, 2569941.2865312], [692002.89958132, 2569936.29289773], [691997.905947845, 2569936.29289773], [691997.905947845, 2569926.30563078], [691992.91231437, 2569926.30563078], [691992.91231437, 2569921.3119973], [691987.918680895, 2569921.3119973], [691987.918680895, 2569916.31836383], [691982.92504742, 2569916.31836383], [691982.92504742, 2569911.32473035], [691977.931413944, 2569911.32473035], [691977.931413944, 2569906.33109688], [691947.969613093, 2569906.33109688], [691947.969613093, 2569901.3374634], [691937.982346143, 2569901.3374634], [691937.982346143, 2569896.34382993], [691927.995079192, 2569896.34382993], [691927.995079192, 2569891.35019645], [691913.014178767, 2569891.35019645], [691913.014178767, 2569896.34382993], [691888.046011391, 2569896.34382993], [691888.046011391, 2569901.3374634], [691878.05874444, 2569901.3374634], [691878.05874444, 2569906.33109688], [691853.090577064, 2569906.33109688], [691853.090577064, 2569911.32473035], [691848.096943589, 2569911.32473035], [691848.096943589, 2569916.31836383], [691843.103310114, 2569916.31836383], [691843.103310114, 2569911.32473035], [691828.122409688, 2569911.32473035], [691828.122409688, 2569916.31836383], [691818.135142738, 2569916.31836383], [691818.135142738, 2569921.3119973], [691808.147875787, 2569921.3119973], [691808.147875787, 2569916.31836383], [691813.141509263, 2569916.31836383], [691813.141509263, 2569896.34382993], [691808.147875787, 2569896.34382993], [691808.147875787, 2569876.36929603], [691813.141509263, 2569876.36929603], [691813.141509263, 2569846.40749518], [691808.147875787, 2569846.40749518], [691808.147875787, 2569841.4138617], [691803.154242312, 2569841.4138617], [691803.154242312, 2569836.42022823], [691798.160608837, 2569836.42022823], [691798.160608837, 2569831.42659475], [691793.166975362, 2569831.42659475], [691793.166975362, 2569816.44569432], [691788.173341886, 2569816.44569432], [691788.173341886, 2569761.5157261], [691783.179708411, 2569761.5157261], [691783.179708411, 2569751.52845915], [691778.186074936, 2569751.52845915], [691778.186074936, 2569741.5411922], [691773.192441461, 2569741.5411922], [691773.192441461, 2569731.55392525], [691768.198807986, 2569731.55392525], [691768.198807986, 2569706.58575787], [691763.20517451, 2569706.58575787], [691763.20517451, 2569701.59212439], [691758.211541035, 2569701.59212439], [691758.211541035, 2569691.60485744], [691753.21790756, 2569691.60485744], [691753.21790756, 2569686.61122397], [691748.224274085, 2569686.61122397], [691748.224274085, 2569681.61759049], [691743.23064061, 2569681.61759049], [691743.23064061, 2569671.63032354], [691738.237007134, 2569671.63032354], [691738.237007134, 2569656.64942312], [691733.243373659, 2569656.64942312], [691733.243373659, 2569631.68125574], [691728.249740184, 2569631.68125574], [691728.249740184, 2569626.68762227], [691723.256106709, 2569626.68762227], [691723.256106709, 2569616.70035532], [691728.249740184, 2569616.70035532], [691728.249740184, 2569576.75128751], [691733.243373659, 2569576.75128751], [691733.243373659, 2569571.75765404], [691738.237007134, 2569571.75765404], [691738.237007134, 2569561.77038709], [691733.243373659, 2569561.77038709], [691733.243373659, 2569556.77675361], [691728.249740184, 2569556.77675361], [691728.249740184, 2569531.80858624], [691723.256106709, 2569531.80858624], [691723.256106709, 2569461.89771758], [691728.249740184, 2569461.89771758], [691728.249740184, 2569456.90408411], [691733.243373659, 2569456.90408411], [691733.243373659, 2569446.91681716], [691738.237007134, 2569446.91681716], [691738.237007134, 2569436.92955021], [691743.23064061, 2569436.92955021], [691743.23064061, 2569431.93591673], [691748.224274085, 2569431.93591673], [691748.224274085, 2569426.94228326], [691753.21790756, 2569426.94228326], [691753.21790756, 2569406.96774936], [691758.211541035, 2569406.96774936], [691758.211541035, 2569401.97411588], [691763.20517451, 2569401.97411588], [691763.20517451, 2569396.98048241], [691768.198807986, 2569396.98048241], [691768.198807986, 2569391.98684893], [691773.192441461, 2569391.98684893], [691773.192441461, 2569386.99321546], [691778.186074936, 2569386.99321546], [691778.186074936, 2569381.99958198], [691783.179708411, 2569381.99958198], [691783.179708411, 2569377.00594851], [691803.154242312, 2569377.00594851], [691803.154242312, 2569372.01231503], [691808.147875787, 2569372.01231503], [691808.147875787, 2569367.01868156], [691813.141509263, 2569367.01868156], [691813.141509263, 2569362.02504808], [691823.128776213, 2569362.02504808], [691823.128776213, 2569357.03141461], [691828.122409688, 2569357.03141461], [691828.122409688, 2569352.03778113], [691833.116043163, 2569352.03778113], [691833.116043163, 2569347.04414765], [691848.096943589, 2569347.04414765], [691848.096943589, 2569342.05051418], [691838.109676639, 2569342.05051418], [691838.109676639, 2569322.07598028], [691833.116043163, 2569322.07598028], [691833.116043163, 2569312.08871333], [691828.122409688, 2569312.08871333], [691828.122409688, 2569307.09507985], [691823.128776213, 2569307.09507985], [691823.128776213, 2569287.12054595], [691813.141509263, 2569287.12054595], [691813.141509263, 2569282.12691248], [691808.147875787, 2569282.12691248], [691808.147875787, 2569257.1587451], [691813.141509263, 2569257.1587451], [691813.141509263, 2569252.16511163], [691823.128776213, 2569252.16511163], [691823.128776213, 2569247.17147815], [691828.122409688, 2569247.17147815], [691828.122409688, 2569237.1842112], [691833.116043163, 2569237.1842112], [691833.116043163, 2569227.19694425], [691838.109676639, 2569227.19694425], [691838.109676639, 2569217.2096773], [691843.103310114, 2569217.2096773], [691843.103310114, 2569212.21604382], [691848.096943589, 2569212.21604382], [691848.096943589, 2569202.22877687], [691853.090577064, 2569202.22877687], [691853.090577064, 2569187.24787645], [691858.084210539, 2569187.24787645], [691858.084210539, 2569177.2606095], [691863.077844015, 2569177.2606095], [691863.077844015, 2569172.26697602], [691878.05874444, 2569172.26697602], [691878.05874444, 2569167.27334255], [691888.046011391, 2569167.27334255], [691888.046011391, 2569162.27970907], [691893.039644866, 2569162.27970907], [691893.039644866, 2569157.2860756], [691898.033278341, 2569157.2860756], [691898.033278341, 2569152.29244212], [691923.001445717, 2569152.29244212], [691923.001445717, 2569157.2860756], [691927.995079192, 2569157.2860756], [691927.995079192, 2569152.29244212], [691932.988712667, 2569152.29244212], [691932.988712667, 2569147.29880865], [691937.982346143, 2569147.29880865], [691937.982346143, 2569142.30517517], [691942.975979618, 2569142.30517517], [691942.975979618, 2569137.3115417], [691952.963246568, 2569137.3115417], [691952.963246568, 2569132.31790822], [691962.950513519, 2569132.31790822], [691962.950513519, 2569137.3115417], [691982.92504742, 2569137.3115417], [691982.92504742, 2569132.31790822], [691992.91231437, 2569132.31790822], [691992.91231437, 2569127.32427475], [692017.880481746, 2569127.32427475], [692017.880481746, 2569122.33064127], [692022.874115221, 2569122.33064127], [692022.874115221, 2569117.3370078], [692027.867748696, 2569117.3370078], [692027.867748696, 2569097.36247389], [692032.861382172, 2569097.36247389], [692032.861382172, 2569092.36884042], [692037.855015647, 2569092.36884042], [692037.855015647, 2569097.36247389], [692042.848649122, 2569097.36247389], [692042.848649122, 2569107.34974084], [692072.810449973, 2569107.34974084], [692072.810449973, 2569102.35610737], [692077.804083448, 2569102.35610737], [692077.804083448, 2569097.36247389], [692087.791350399, 2569097.36247389], [692087.791350399, 2569092.36884042], [692097.778617349, 2569092.36884042], [692097.778617349, 2569087.37520694], [692102.772250824, 2569087.37520694], [692102.772250824, 2569082.38157347], [692107.7658843, 2569082.38157347], [692107.7658843, 2569077.38793999], [692112.759517775, 2569077.38793999], [692112.759517775, 2569072.39430652], [692117.75315125, 2569072.39430652], [692117.75315125, 2569022.45797177], [692122.746784725, 2569022.45797177], [692122.746784725, 2569012.47070482], [692127.740418201, 2569012.47070482], [692127.740418201, 2569007.47707134], [692132.734051676, 2569007.47707134], [692132.734051676, 2568997.48980439], [692137.727685151, 2568997.48980439], [692137.727685151, 2568992.49617092], [692142.721318626, 2568992.49617092], [692142.721318626, 2568982.50890396], [692147.714952101, 2568982.50890396], [692147.714952101, 2568972.52163701], [692142.721318626, 2568972.52163701], [692142.721318626, 2568952.54710311], [692137.727685151, 2568952.54710311], [692137.727685151, 2568937.56620269], [692132.734051676, 2568937.56620269], [692132.734051676, 2568922.58530226], [692137.727685151, 2568922.58530226], [692137.727685151, 2568912.59803531], [692142.721318626, 2568912.59803531], [692142.721318626, 2568837.69353318], [692137.727685151, 2568837.69353318], [692137.727685151, 2568827.70626623], [692132.734051676, 2568827.70626623], [692132.734051676, 2568812.72536581], [692127.740418201, 2568812.72536581], [692127.740418201, 2568782.76356496], [692097.778617349, 2568782.76356496], [692097.778617349, 2568777.76993148], [692087.791350399, 2568777.76993148], [692087.791350399, 2568772.77629801], [692077.804083448, 2568772.77629801], [692077.804083448, 2568767.78266453], [692072.810449973, 2568767.78266453], [692072.810449973, 2568762.78903106], [692067.816816498, 2568762.78903106], [692067.816816498, 2568757.79539758], [692062.823183023, 2568757.79539758], [692062.823183023, 2568752.80176411], [692057.829549548, 2568752.80176411], [692057.829549548, 2568727.83359673], [692052.835916072, 2568727.83359673], [692052.835916072, 2568722.83996325], [692047.842282597, 2568722.83996325], [692047.842282597, 2568702.86542935], [692052.835916072, 2568702.86542935], [692052.835916072, 2568692.8781624], [692057.829549548, 2568692.8781624], [692057.829549548, 2568682.89089545], [692062.823183023, 2568682.89089545], [692062.823183023, 2568677.89726198], [692067.816816498, 2568677.89726198], [692067.816816498, 2568667.90999503], [692072.810449973, 2568667.90999503], [692072.810449973, 2568657.92272808], [692077.804083448, 2568657.92272808], [692077.804083448, 2568647.93546113], [692082.797716924, 2568647.93546113], [692082.797716924, 2568637.94819418], [692087.791350399, 2568637.94819418], [692087.791350399, 2568632.9545607], [692092.784983874, 2568632.9545607], [692092.784983874, 2568627.96092723], [692097.778617349, 2568627.96092723], [692097.778617349, 2568568.03732552], [692102.772250824, 2568568.03732552], [692102.772250824, 2568558.05005857], [692132.734051676, 2568558.05005857], [692132.734051676, 2568563.04369205], [692147.714952101, 2568563.04369205], [692147.714952101, 2568558.05005857], [692152.708585577, 2568558.05005857], [692152.708585577, 2568553.0564251], [692172.683119477, 2568553.0564251], [692172.683119477, 2568548.06279162], [692187.664019903, 2568548.06279162], [692187.664019903, 2568553.0564251], [692192.657653378, 2568553.0564251], [692192.657653378, 2568548.06279162], [692212.632187279, 2568548.06279162], [692212.632187279, 2568543.06915815], [692222.619454229, 2568543.06915815], [692222.619454229, 2568538.07552467], [692232.60672118, 2568538.07552467], [692232.60672118, 2568533.0818912], [692237.600354655, 2568533.0818912], [692237.600354655, 2568538.07552467], [692247.587621605, 2568538.07552467], [692247.587621605, 2568543.06915815], [692257.574888556, 2568543.06915815], [692257.574888556, 2568548.06279162], [692262.568522031, 2568548.06279162], [692262.568522031, 2568543.06915815], [692277.549422457, 2568543.06915815], [692277.549422457, 2568538.07552467], [692287.536689407, 2568538.07552467], [692287.536689407, 2568533.0818912], [692292.530322882, 2568533.0818912], [692292.530322882, 2568528.08825772], [692297.523956358, 2568528.08825772], [692297.523956358, 2568523.09462425], [692312.504856783, 2568523.09462425], [692312.504856783, 2568518.10099077], [692317.498490258, 2568518.10099077], [692317.498490258, 2568513.1073573], [692327.485757209, 2568513.1073573], [692327.485757209, 2568508.11372382], [692342.466657634, 2568508.11372382], [692342.466657634, 2568503.12009034], [692352.453924585, 2568503.12009034], [692352.453924585, 2568498.12645687], [692367.43482501, 2568498.12645687], [692367.43482501, 2568493.13282339], [692377.422091961, 2568493.13282339], [692377.422091961, 2568488.13918992], [692392.402992386, 2568488.13918992], [692392.402992386, 2568478.15192297], [692397.396625862, 2568478.15192297], [692397.396625862, 2568473.15828949], [692402.390259337, 2568473.15828949], [692402.390259337, 2568463.17102254], [692412.377526287, 2568463.17102254], [692412.377526287, 2568448.19012212], [692417.371159762, 2568448.19012212], [692417.371159762, 2568443.19648864], [692422.364793238, 2568443.19648864], [692422.364793238, 2568438.20285517], [692427.358426713, 2568438.20285517], [692427.358426713, 2568433.20922169], [692432.352060188, 2568433.20922169], [692432.352060188, 2568428.21558822], [692437.345693663, 2568428.21558822], [692437.345693663, 2568423.22195474], [692442.339327139, 2568423.22195474], [692442.339327139, 2568418.22832127], [692447.332960614, 2568418.22832127], [692447.332960614, 2568413.23468779], [692452.326594089, 2568413.23468779], [692452.326594089, 2568408.24105432], [692457.320227564, 2568408.24105432], [692457.320227564, 2568403.24742084], [692467.307494515, 2568403.24742084], [692467.307494515, 2568398.25378737], [692477.294761465, 2568398.25378737], [692477.294761465, 2568393.26015389], [692482.28839494, 2568393.26015389], [692482.28839494, 2568388.26652042], [692487.282028415, 2568388.26652042], [692487.282028415, 2568383.27288694], [692532.224729692, 2568383.27288694], [692532.224729692, 2568388.26652042], [692537.218363167, 2568388.26652042], [692537.218363167, 2568393.26015389], [692542.211996643, 2568393.26015389], [692542.211996643, 2568398.25378737], [692936.709041184, 2568088.6485119], [692941.702674659, 2568088.6485119], [692941.702674659, 2568083.65487843], [692946.696308134, 2568083.65487843], [692946.696308134, 2568078.66124495], [692951.68994161, 2568078.66124495], [692951.68994161, 2568073.66761148], [692996.632642886, 2568073.66761148], [692996.632642886, 2568063.68034453], [693006.619909837, 2568063.68034453], [693006.619909837, 2568058.68671105], [693036.581710688, 2568058.68671105], [693036.581710688, 2568063.68034453], [693046.568977639, 2568063.68034453], [693046.568977639, 2568058.68671105], [693066.543511539, 2568058.68671105], [693066.543511539, 2568053.69307758], [693071.537145014, 2568053.69307758], [693071.537145014, 2568023.73127673], [693071.537145015, 2568018.73764325], [693076.53077849, 2568018.73764325], [693076.53077849, 2568013.74400977], [693081.524411965, 2568013.74400977], [693081.524411965, 2568008.7503763], [693091.511678915, 2568008.7503763], [693091.511678915, 2568013.74400977], [693106.492579341, 2568013.74400977], [693106.492579341, 2568018.73764325], [693111.486212816, 2568018.73764325], [693111.486212816, 2568023.73127673], [693136.454380192, 2568023.73127673], [693136.454380192, 2568018.73764325], [693146.441647143, 2568018.73764325], [693146.441647143, 2568013.74400977], [693151.435280618, 2568013.74400977], [693151.435280618, 2568008.7503763], [693156.428914093, 2568008.7503763], [693156.428914093, 2568003.75674282], [693161.422547568, 2568003.75674282], [693161.422547568, 2567993.76947587], [693166.416181043, 2567993.76947587], [693166.416181043, 2567988.7758424], [693171.409814519, 2567988.7758424], [693171.409814519, 2567978.78857545], [693176.403447994, 2567978.78857545], [693176.403447994, 2567963.80767502], [693176.403447994, 2567958.81404155], [693181.397081469, 2567958.81404155], [693181.397081469, 2567918.86497375], [693186.390714944, 2567918.86497375], [693186.390714944, 2567923.85860722], [693206.365248845, 2567923.85860722], [693206.365248845, 2567928.8522407], [693226.339782746, 2567928.8522407], [693226.339782746, 2567933.84587417], [693231.333416221, 2567933.84587417], [693236.327049696, 2567933.84587417], [693236.327049696, 2567938.83950765], [693241.320683171, 2567938.83950765], [693241.320683172, 2567933.84587417], [693246.314316647, 2567933.84587417], [693246.314316647, 2567938.83950765], [693261.295217072, 2567938.83950765], [693261.295217072, 2567943.83314112], [693266.288850548, 2567943.83314112], [693281.269750973, 2567943.83314112], [693281.269750973, 2567948.8267746], [693301.244284874, 2567948.8267746], [693301.244284874, 2567953.82040807], [693316.2251853, 2567953.82040807], [693316.2251853, 2567958.81404155], [693336.1997192, 2567958.81404155], [693336.1997192, 2567963.80767502], [693371.155153527, 2567963.80767502], [693371.155153527, 2567968.8013085], [693376.148787002, 2567968.8013085], [693401.116954378, 2567968.8013085], [693401.116954378, 2567973.79494197], [693411.104221329, 2567973.79494197], [693411.104221329, 2567988.7758424], [693426.085121754, 2567988.7758424], [693426.085121754, 2567993.76947587], [693431.078755229, 2567993.76947587], [693431.078755229, 2567998.76310935], [693441.06602218, 2567998.76310935], [693441.06602218, 2567993.76947587], [693466.034189556, 2567993.76947587], [693466.034189556, 2567998.76310935], [693471.027823031, 2567998.76310935], [693471.027823031, 2568003.75674282], [693476.021456506, 2568003.75674282], [693476.021456506, 2568008.7503763], [693505.983257357, 2568008.7503763], [693505.983257358, 2568013.74400977], [693520.964157783, 2568013.74400977], [693520.964157783, 2568008.7503763], [693525.957791258, 2568008.7503763], [693525.957791258, 2568003.75674282], [693530.951424733, 2568003.75674282], [693530.951424734, 2567998.76310935], [693535.945058209, 2567998.76310935], [693535.945058209, 2567983.78220892], [693545.932325159, 2567983.78220892], [693545.932325159, 2567978.78857545], [693555.919592109, 2567978.78857545], [693555.91959211, 2567973.79494197], [693575.89412601, 2567973.79494197], [693575.89412601, 2567968.8013085], [693625.830460762, 2567968.8013085], [693625.830460762, 2567963.80767502], [693655.792261614, 2567963.80767502], [693655.792261614, 2567958.81404155], [693675.766795514, 2567958.81404155], [693675.766795515, 2567953.82040807], [693700.73496289, 2567953.82040807], [693700.734962891, 2567948.8267746], [693710.722229841, 2567948.8267746], [693710.722229841, 2567953.82040807], [693720.709496791, 2567953.82040807], [693720.709496791, 2567948.8267746], [693735.690397217, 2567948.8267746], [693735.690397217, 2567953.82040807], [693740.684030692, 2567953.82040807], [693740.684030692, 2567958.81404155], [693760.658564593, 2567958.81404155], [693760.658564593, 2567953.82040807], [693775.639465019, 2567953.82040807], [693775.639465019, 2567948.8267746], [693785.626731969, 2567948.8267746], [693785.626731969, 2567943.83314112], [693800.607632395, 2567943.83314112], [693800.607632395, 2567938.83950765], [693820.582166295, 2567938.83950765], [693820.582166296, 2567933.84587417], [693830.569433246, 2567933.84587417], [693830.569433246, 2567923.85860722], [693835.563066721, 2567923.85860722], [693835.563066721, 2567918.86497375], [693840.556700196, 2567918.86497375], [693840.556700196, 2567913.87134027], [693845.550333671, 2567913.87134027], [693845.550333672, 2567908.8777068], [693850.543967147, 2567908.8777068], [693850.543967147, 2567903.88407332], [693855.537600622, 2567903.88407332], [693855.537600622, 2567898.89043985], [693860.531234097, 2567898.89043985], [693860.531234097, 2567893.89680637], [693870.518501047, 2567893.89680637], [693870.518501048, 2567888.90317289], [693880.505767998, 2567888.90317289], [693880.505767998, 2567883.90953942], [693890.493034948, 2567883.90953942], [693890.493034948, 2567878.91590594], [693905.473935374, 2567878.91590594], [693905.473935374, 2567873.92227247], [693915.461202324, 2567873.92227247], [693915.461202324, 2567868.92863899], [693925.448469275, 2567868.92863899], [693925.448469275, 2567863.93500552], [693935.435736225, 2567863.93500552], [693935.435736225, 2567858.94137204], [693945.423003176, 2567858.94137204], [693945.423003176, 2567853.94773857], [693950.416636651, 2567853.94773857], [693950.416636651, 2567848.95410509], [693955.410270126, 2567848.95410509], [693955.410270126, 2567843.96047162], [693960.403903601, 2567843.96047162], [693960.403903601, 2567838.96683814], [693970.391170552, 2567838.96683814], [693970.391170552, 2567833.97320467], [693975.384804027, 2567833.97320467], [693975.384804027, 2567828.97957119], [693980.378437502, 2567828.97957119], [693980.378437502, 2567823.98593772], [693990.365704452, 2567823.98593772], [693990.365704453, 2567818.99230424], [693995.359337928, 2567818.99230424], [693995.359337928, 2567813.99867077], [694000.352971403, 2567813.99867077], [694000.352971403, 2567809.00503729], [694010.340238353, 2567809.00503729], [694010.340238353, 2567804.01140382], [694015.333871828, 2567804.01140382], [694015.333871829, 2567799.01777034], [694020.327505304, 2567799.01777034], [694020.327505304, 2567794.02413687], [694025.321138779, 2567794.02413687], [694025.321138779, 2567789.03050339], [694030.314772254, 2567789.03050339], [694030.314772254, 2567784.03686992], [694035.308405729, 2567784.03686992], [694035.308405729, 2567779.04323644], [694040.302039204, 2567779.04323644], [694040.302039205, 2567769.05596949], [694045.29567268, 2567769.05596949], [694045.29567268, 2567764.06233601], [694050.289306155, 2567764.06233601], [694050.289306155, 2567754.07506906], [694055.28293963, 2567754.07506906], [694055.28293963, 2567749.08143559], [694060.276573105, 2567749.08143559], [694060.276573105, 2567744.08780211], [694065.270206581, 2567744.08780211], [694065.270206581, 2567739.09416864], [694070.263840056, 2567739.09416864], [694070.263840056, 2567734.10053516], [694075.257473531, 2567734.10053516], [694075.257473531, 2567729.10690169], [694080.251107006, 2567729.10690169], [694080.251107006, 2567724.11326821], [694085.244740481, 2567724.11326821], [694085.244740481, 2567719.11963474], [694090.238373957, 2567719.11963474], [694090.238373957, 2567699.14510084], [694085.244740481, 2567699.14510084], [694085.244740481, 2567694.15146736], [694080.251107006, 2567694.15146736], [694080.251107006, 2567689.15783389], [694075.257473531, 2567689.15783389], [694075.257473531, 2567684.16420041], [694070.263840056, 2567684.16420041], [694070.263840056, 2567679.17056694], [694065.270206581, 2567679.17056694], [694065.270206581, 2567664.18966651], [694060.276573105, 2567664.18966651], [694060.276573105, 2567659.19603303], [694055.28293963, 2567659.19603303], [694055.28293963, 2567654.20239956], [694050.289306155, 2567654.20239956], [694050.289306155, 2567649.20876608], [694045.29567268, 2567649.20876608], [694045.29567268, 2567644.21513261], [694040.302039205, 2567644.21513261], [694040.302039205, 2567639.22149913], [694035.308405729, 2567639.22149913], [694035.308405729, 2567629.23423218], [694055.28293963, 2567629.23423218], [694055.28293963, 2567624.24059871], [694060.276573105, 2567624.24059871], [694060.276573105, 2567619.24696523], [694070.263840056, 2567619.24696523], [694070.263840056, 2567614.25333176], [694075.257473531, 2567614.25333176], [694075.257473531, 2567609.25969828], [694085.244740481, 2567609.25969828], [694085.244740481, 2567599.27243133], [694090.238373957, 2567599.27243133], [694090.238373957, 2567564.31699701], [694095.232007432, 2567564.31699701], [694095.232007432, 2567529.36156268], [694100.225640907, 2567529.36156268], [694100.225640907, 2567534.35519615], [694135.181075233, 2567534.35519615], [694135.181075234, 2567529.36156268], [694145.168342184, 2567529.36156268], [694145.168342184, 2567524.3679292], [694155.155609134, 2567524.3679292], [694155.155609134, 2567519.37429573], [694160.149242609, 2567519.37429573], [694160.14924261, 2567514.38066225], [694165.142876085, 2567514.38066225], [694165.142876085, 2567509.38702878], [694170.13650956, 2567509.38702878], [694170.13650956, 2567504.3933953], [694175.130143035, 2567504.3933953], [694175.130143035, 2567499.39976183], [694180.12377651, 2567499.39976183], [694180.12377651, 2567494.40612835], [694185.117409985, 2567494.40612835], [694185.117409986, 2567489.41249488], [694190.111043461, 2567489.41249488], [694190.111043461, 2567484.4188614], [694205.091943886, 2567484.4188614], [694210.085577362, 2567484.4188614], [694210.085577362, 2567489.41249488], [694220.072844312, 2567489.41249488], [694220.072844312, 2567484.4188614], [694225.066477787, 2567484.4188614], [694225.066477787, 2567479.42522793], [694235.053744738, 2567479.42522793], [694235.053744738, 2567474.43159445], [694270.009179064, 2567474.43159445], [694270.009179064, 2567464.4443275], [694275.002812539, 2567464.4443275], [694275.002812539, 2567439.47616013], [694279.996446014, 2567439.47616013], [694279.996446014, 2567434.48252665], [694289.983712965, 2567434.48252665], [694289.983712965, 2567399.52709232], [694294.97734644, 2567399.52709232], [694294.97734644, 2567394.53345885], [694289.983712965, 2567394.53345885], [694289.983712965, 2567364.571658], [694284.99007949, 2567364.571658], [694284.99007949, 2567359.57802452], [694279.996446014, 2567359.57802452], [694279.996446014, 2567354.58439105], [694270.009179064, 2567354.58439105], [694270.009179064, 2567349.59075757], [694260.021912114, 2567349.59075757], [694260.021912114, 2567344.5971241], [694255.028278638, 2567344.5971241], [694255.028278638, 2567339.60349062], [694250.034645163, 2567339.60349062], [694250.034645163, 2567334.60985715], [694245.041011688, 2567334.60985715], [694245.041011688, 2567329.61622367], [694240.047378213, 2567329.61622367], [694240.047378213, 2567324.6225902], [694235.053744738, 2567324.6225902], [694235.053744738, 2567319.62895672], [694230.060111262, 2567319.62895672], [694230.060111262, 2567314.63532325], [694225.066477787, 2567314.63532325], [694225.066477787, 2567309.64168977], [694220.072844312, 2567309.64168977], [694220.072844312, 2567304.6480563], [694215.079210837, 2567304.6480563], [694215.079210837, 2567294.66078934], [694210.085577362, 2567294.66078934], [694210.085577362, 2567289.66715587], [694205.091943886, 2567289.66715587], [694205.091943886, 2567284.67352239], [694185.117409986, 2567284.67352239], [694185.117409986, 2567289.66715587], [694175.130143035, 2567289.66715587], [694175.130143035, 2567279.67988892], [694165.142876085, 2567279.67988892], [694165.142876085, 2567274.68625544], [694155.155609134, 2567274.68625544], [694155.155609134, 2567269.69262197], [694150.161975659, 2567269.69262197], [694150.161975659, 2567259.70535502], [694145.168342184, 2567259.70535502], [694145.168342184, 2567254.71172154], [694140.174708709, 2567254.71172154], [694140.174708709, 2567249.71808807], [694135.181075234, 2567249.71808807], [694135.181075234, 2567239.73082112], [694145.168342184, 2567239.73082112], [694145.168342184, 2567234.73718764], [694155.155609134, 2567234.73718764], [694155.155609134, 2567229.74355417], [694165.142876085, 2567229.74355417], [694165.142876085, 2567214.76265374], [694170.13650956, 2567214.76265374], [694170.13650956, 2567204.77538679], [694175.130143035, 2567204.77538679], [694175.130143035, 2567199.78175332], [694170.13650956, 2567199.78175332], [694170.13650956, 2567189.79448637], [694165.142876085, 2567189.79448637], [694165.142876085, 2567184.80085289], [694160.14924261, 2567184.80085289], [694160.14924261, 2567179.80721942], [694155.155609134, 2567179.80721942], [694155.155609134, 2567174.81358594], [694155.155609134, 2567169.81995246], [694160.149242609, 2567169.81995246], [694160.149242609, 2567114.88998424], [694155.155609134, 2567114.88998424], [694155.155609134, 2567109.89635076], [694150.161975659, 2567109.89635076], [694150.161975659, 2567104.90271729], [694145.168342184, 2567104.90271729], [694145.168342184, 2567099.90908381], [694125.193808283, 2567099.90908381], [694125.193808283, 2567079.93454991], [694120.200174808, 2567079.93454991], [694120.200174808, 2567064.95364949], [694115.206541333, 2567064.95364949], [694115.206541333, 2567059.96001601], [694110.212907857, 2567059.96001601], [694110.212907857, 2567054.96638254], [694105.219274382, 2567054.96638254], [694105.219274382, 2567044.97911558], [694100.225640907, 2567044.97911558], [694100.225640907, 2567025.00458168], [694095.232007432, 2567025.00458168], [694095.232007432, 2567010.02368126], [694065.270206581, 2567010.02368126], [694065.270206581, 2567005.03004778], [694055.28293963, 2567005.03004778], [694055.28293963, 2567000.03641431], [694040.302039204, 2567000.03641431], [694040.302039204, 2566995.04278083], [694030.314772254, 2566995.04278083], [694030.314772254, 2566990.04914736], [694025.321138779, 2566990.04914736], [694025.321138779, 2566985.05551388], [694020.327505304, 2566985.05551388], [694020.327505304, 2566980.06188041], [694015.333871829, 2566980.06188041], [694015.333871829, 2566975.06824693], [694010.340238353, 2566975.06824693], [694010.340238353, 2566965.08097998], [694005.346604878, 2566965.08097998], [694005.346604878, 2566940.11281261], [694000.352971403, 2566940.11281261], [694000.352971403, 2566935.11917913], [693995.359337928, 2566935.11917913], [693995.359337928, 2566920.1382787], [693990.365704453, 2566920.1382787], [693990.365704453, 2566905.15737828], [693985.372070977, 2566905.15737828], [693985.372070977, 2566890.17647785], [693980.378437502, 2566890.17647785], [693980.378437502, 2566885.18284438], [693975.384804027, 2566885.18284438], [693975.384804027, 2566880.1892109], [693970.391170552, 2566880.1892109], [693970.391170552, 2566870.20194395], [693965.397537077, 2566870.20194395], [693965.397537077, 2566865.20831048], [693960.403903601, 2566865.20831048], [693960.403903601, 2566860.214677], [693975.384804027, 2566860.214677], [693975.384804027, 2566855.22104353], [693980.378437502, 2566855.22104353], [693980.378437502, 2566850.22741005], [693985.372070977, 2566850.22741005], [693985.372070977, 2566845.23377658], [693990.365704452, 2566845.23377658], [693990.365704453, 2566840.2401431], [693995.359337928, 2566840.2401431], [693995.359337928, 2566835.24650963], [694000.352971403, 2566835.24650963], [694000.352971403, 2566830.25287615], [694005.346604878, 2566830.25287615], [694005.346604878, 2566820.2656092], [694010.340238353, 2566820.2656092], [694010.340238353, 2566805.28470877], [694030.314772254, 2566805.28470877], [694030.314772254, 2566800.2910753], [694035.308405729, 2566800.2910753], [694035.308405729, 2566805.28470877], [694060.276573105, 2566805.28470877], [694060.276573105, 2566800.2910753], [694065.270206581, 2566800.2910753], [694065.270206581, 2566795.29744182], [694070.263840056, 2566795.29744182], [694070.263840056, 2566790.30380835], [694075.257473531, 2566790.30380835], [694075.257473531, 2566785.31017487], [694080.251107006, 2566785.31017487], [694080.251107006, 2566780.3165414], [694085.244740481, 2566780.3165414], [694085.244740481, 2566775.32290792], [694090.238373957, 2566775.32290792], [694090.238373957, 2566770.32927445], [694095.232007432, 2566770.32927445], [694095.232007432, 2566765.33564097], [694100.225640907, 2566765.33564097], [694100.225640907, 2566760.3420075], [694105.219274382, 2566760.3420075], [694105.219274382, 2566755.34837402], [694110.212907857, 2566755.34837402], [694110.212907857, 2566750.35474055], [694115.206541333, 2566750.35474055], [694115.206541333, 2566745.36110707], [694130.187441758, 2566745.36110707], [694130.187441758, 2566740.3674736], [694135.181075233, 2566740.3674736], [694135.181075234, 2566735.37384012], [694145.168342184, 2566735.37384012], [694145.168342184, 2566730.38020665], [694150.161975659, 2566730.38020665], [694150.161975659, 2566725.38657317], [694155.155609134, 2566725.38657317], [694155.155609134, 2566720.3929397], [694160.149242609, 2566720.3929397], [694160.14924261, 2566715.39930622], [694165.142876085, 2566715.39930622], [694165.142876085, 2566705.41203927], [694170.13650956, 2566705.41203927], [694170.13650956, 2566695.42477232], [694175.130143035, 2566695.42477232], [694175.130143035, 2566690.43113885], [694180.12377651, 2566690.43113885], [694180.12377651, 2566685.43750537], [694185.117409985, 2566685.43750537], [694185.117409986, 2566680.44387189], [694190.111043461, 2566680.44387189], [694190.111043461, 2566675.45023842], [694205.091943886, 2566675.45023842], [694210.085577362, 2566675.45023842], [694210.085577362, 2566680.44387189], [694215.079210837, 2566680.44387189], [694215.079210837, 2566675.45023842], [694225.066477787, 2566675.45023842], [694225.066477787, 2566670.45660494], [694230.060111262, 2566670.45660494], [694230.060111262, 2566665.46297147], [694240.047378213, 2566665.46297147], [694240.047378213, 2566660.46933799], [694245.041011688, 2566660.46933799], [694245.041011688, 2566655.47570452], [694255.028278638, 2566655.47570452], [694255.028278638, 2566650.48207104], [694260.021912114, 2566650.48207104], [694260.021912114, 2566645.48843757], [694275.002812539, 2566645.48843757], [694275.002812539, 2566640.49480409], [694304.96461339, 2566640.49480409], [694304.964613391, 2566635.50117062], [694309.958246866, 2566635.50117062], [694309.958246866, 2566625.51390367], [694314.951880341, 2566625.51390367], [694314.951880341, 2566620.52027019], [694319.945513816, 2566620.52027019], [694319.945513816, 2566615.52663672], [694324.939147291, 2566615.52663672], [694324.939147291, 2566605.53936977], [694329.932780766, 2566605.53936977], [694329.932780767, 2566600.54573629], [694334.926414242, 2566600.54573629], [694334.926414242, 2566595.55210282], [694339.920047717, 2566595.55210282], [694339.920047717, 2566590.55846934], [694344.913681192, 2566590.55846934], [694344.913681192, 2566585.56483587], [694339.920047717, 2566585.56483587], [694334.926414242, 2566585.56483587], [694334.926414242, 2566570.58393544], [694324.939147291, 2566570.58393544], [694324.939147291, 2566565.59030196], [694319.945513816, 2566565.59030196], [694319.945513816, 2566560.59666849], [694314.951880341, 2566560.59666849], [694314.951880341, 2566555.60303501], [694304.964613391, 2566555.60303501], [694304.964613391, 2566550.60940154], [694294.97734644, 2566550.60940154], [694294.97734644, 2566545.61576806], [694289.983712965, 2566545.61576806], [694289.983712965, 2566540.62213459], [694284.99007949, 2566540.62213459], [694284.99007949, 2566495.67943331], [694289.983712965, 2566495.67943331], [694289.983712965, 2566470.71126594], [694294.97734644, 2566470.71126594], [694294.97734644, 2566415.78129771], [694299.970979915, 2566415.78129771], [694299.970979915, 2566400.80039728], [694304.96461339, 2566400.80039728], [694304.964613391, 2566390.81313033], [694309.958246866, 2566390.81313033], [694309.958246866, 2566385.81949686], [694314.951880341, 2566385.81949686], [694314.951880341, 2566380.82586338], [694319.945513816, 2566380.82586338], [694319.945513816, 2566375.83222991], [694324.939147291, 2566375.83222991], [694324.939147291, 2566365.84496296], [694329.932780766, 2566365.84496296], [694329.932780767, 2566360.85132948], [694334.926414242, 2566360.85132948], [694334.926414242, 2566355.85769601], [694344.913681192, 2566355.85769601], [694344.913681192, 2566350.86406253], [694349.907314667, 2566350.86406253], [694349.907314667, 2566345.87042906], [694354.900948142, 2566345.87042906], [694354.900948143, 2566340.87679558], [694359.894581618, 2566340.87679558], [694359.894581618, 2566335.88316211], [694374.875482043, 2566335.88316211], [694374.875482043, 2566330.88952863], [694379.869115519, 2566330.88952863], [694379.869115519, 2566325.89589516], [694384.862748994, 2566325.89589516], [694384.862748994, 2566320.90226168], [694389.856382469, 2566320.90226168], [694389.856382469, 2566315.9086282], [694399.843649419, 2566315.9086282], [694399.843649419, 2566310.91499473], [694409.83091637, 2566310.91499473], [694409.83091637, 2566305.92136125], [694419.81818332, 2566305.92136125], [694419.81818332, 2566295.9340943], [694429.805450271, 2566295.9340943], [694429.805450271, 2566290.94046083], [694439.792717221, 2566290.94046083], [694439.792717221, 2566285.94682735], [694444.786350696, 2566285.94682735], [694444.786350696, 2566280.95319388], [694449.779984171, 2566280.95319388], [694449.779984172, 2566275.9595604], [694454.773617647, 2566275.9595604], [694454.773617647, 2566270.96592693], [694464.760884597, 2566270.96592693], [694464.760884597, 2566275.9595604], [694504.709952399, 2566275.9595604], [694504.709952399, 2566270.96592693], [694509.703585874, 2566270.96592693], [694509.703585874, 2566265.97229345], [694514.697219349, 2566265.97229345], [694514.697219349, 2566260.97865998], [694519.690852824, 2566260.97865998], [694519.690852824, 2566250.99139303], [694524.6844863, 2566250.99139303], [694524.6844863, 2566255.9850265], [694539.665386725, 2566255.9850265], [694539.665386725, 2566260.97865998], [694574.620821052, 2566260.97865998], [694574.620821052, 2566265.97229345], [694579.614454527, 2566265.97229345], [694579.614454527, 2566270.96592693], [694584.608088002, 2566270.96592693], [694584.608088002, 2566275.9595604], [694604.582621903, 2566275.9595604], [694604.582621903, 2566280.95319388], [694644.531689705, 2566280.95319388], [694644.531689705, 2566285.94682735], [694649.52532318, 2566285.94682735], [694649.52532318, 2566290.94046083], [694654.518956655, 2566290.94046083], [694654.518956655, 2566295.9340943], [694679.487124031, 2566295.9340943], [694679.487124031, 2566300.92772778], [694684.480757506, 2566300.92772778], [694684.480757506, 2566305.92136125], [694689.474390981, 2566305.92136125], [694689.474390981, 2566310.91499473], [694694.468024457, 2566310.91499473], [694694.468024457, 2566315.9086282], [694739.410725733, 2566315.9086282], [694739.410725733, 2566320.90226168], [694769.372526585, 2566320.90226168], [694769.372526585, 2566325.89589516], [694799.334327436, 2566325.89589516], [694799.334327436, 2566330.88952863], [694804.327960911, 2566330.88952863], [694804.327960911, 2566335.88316211], [694834.289761762, 2566335.88316211], [694834.289761762, 2566340.87679558], [694844.277028713, 2566340.87679558], [694844.277028713, 2566345.87042906], [694864.251562614, 2566345.87042906], [694864.251562614, 2566350.86406253], [694869.245196089, 2566350.86406253], [694869.245196089, 2566355.85769601], [694874.238829564, 2566355.85769601], [694874.238829564, 2566360.85132948], [694879.232463039, 2566360.85132948], [694879.232463039, 2566365.84496296], [694884.226096514, 2566365.84496296], [694884.226096514, 2566370.83859643], [694889.21972999, 2566370.83859643], [694889.21972999, 2566375.83222991], [694894.213363465, 2566375.83222991], [694894.213363465, 2566380.82586338], [694899.20699694, 2566380.82586338], [694899.20699694, 2566385.81949686], [694904.200630415, 2566385.81949686], [694904.200630415, 2566395.80676381], [694909.19426389, 2566395.80676381], [694909.19426389, 2566400.80039728], [694914.187897366, 2566400.80039728], [694914.187897366, 2566405.79403076], [694919.181530841, 2566405.79403076], [694919.181530841, 2566415.78129771], [694929.168797791, 2566415.78129771], [694929.168797791, 2566420.77493118], [694934.162431267, 2566420.77493118], [694934.162431267, 2566425.76856466], [694944.149698217, 2566425.76856466], [694944.149698217, 2566430.76219813], [694954.136965167, 2566430.76219813], [694954.136965167, 2566435.75583161], [694959.130598643, 2566435.75583161], [694959.130598643, 2566440.74946508], [694964.124232118, 2566440.74946508], [694964.124232118, 2566430.76219813], [694969.117865593, 2566430.76219813], [694969.117865593, 2566425.76856466], [694974.111499068, 2566425.76856466], [694974.111499068, 2566415.78129771], [694979.105132543, 2566415.78129771], [694979.105132543, 2566410.78766423], [694984.098766019, 2566410.78766423], [694984.098766019, 2566405.79403076], [695024.04783382, 2566405.79403076], [695024.04783382, 2566410.78766423], [695044.022367721, 2566410.78766423], [695044.022367721, 2566415.78129771], [695063.996901622, 2566415.78129771], [695063.996901622, 2566420.77493118], [695068.990535097, 2566420.77493118], [695068.990535097, 2566415.78129771], [695078.977802048, 2566415.78129771], [695078.977802048, 2566410.78766423], [695088.965068998, 2566410.78766423], [695088.965068998, 2566405.79403076], [695098.952335948, 2566405.79403076], [695098.952335948, 2566385.81949686], [695103.945969424, 2566385.81949686], [695103.945969424, 2566375.83222991], [695113.933236374, 2566375.83222991], [695113.933236374, 2566370.83859643], [695118.926869849, 2566370.83859643], [695118.926869849, 2566365.84496296], [695123.920503324, 2566365.84496296], [695123.920503324, 2566360.85132948], [695128.9141368, 2566360.85132948], [695128.9141368, 2566355.85769601], [695133.907770275, 2566355.85769601], [695133.907770275, 2566350.86406253], [695138.90140375, 2566350.86406253], [695138.90140375, 2566345.87042906], [695143.895037225, 2566345.87042906], [695143.895037225, 2566340.87679558], [695148.8886707, 2566340.87679558], [695148.8886707, 2566330.88952863], [695143.895037225, 2566330.88952863], [695143.895037225, 2566325.89589516], [695138.90140375, 2566325.89589516], [695138.90140375, 2566320.90226168], [695133.907770275, 2566320.90226168], [695133.907770275, 2566290.94046083], [695138.90140375, 2566290.94046083], [695138.90140375, 2566285.94682735], [695143.895037225, 2566285.94682735], [695143.895037225, 2566280.95319388], [695158.875937651, 2566280.95319388], [695158.875937651, 2566275.9595604], [695163.869571126, 2566275.9595604], [695163.869571126, 2566270.96592693], [695168.863204601, 2566270.96592693], [695168.863204601, 2566265.97229345], [695208.812272403, 2566265.97229345], [695208.812272403, 2566260.97865998], [695213.805905878, 2566260.97865998], [695213.805905878, 2566265.97229345], [695223.793172828, 2566265.97229345], [695223.793172828, 2566260.97865998], [695228.786806304, 2566260.97865998], [695228.786806304, 2566255.9850265], [695233.780439779, 2566255.9850265], [695233.780439779, 2566250.99139303], [695238.774073254, 2566250.99139303], [695238.774073254, 2566245.99775955], [695243.767706729, 2566245.99775955], [695243.767706729, 2566241.00412608], [695248.761340205, 2566241.00412608], [695248.761340205, 2566236.0104926], [695258.748607155, 2566236.0104926], [695258.748607155, 2566231.01685913], [695293.704041481, 2566231.01685913], [695293.704041481, 2566236.0104926], [695323.665842333, 2566236.0104926], [695323.665842333, 2566226.02322565], [695328.659475808, 2566226.02322565], [695328.659475808, 2566216.0359587], [695338.646742758, 2566216.0359587], [695338.646742758, 2566211.04232523], [695343.640376233, 2566211.04232523], [695343.640376233, 2566206.04869175], [695348.634009709, 2566206.04869175], [695348.634009709, 2566201.05505827], [695353.627643184, 2566201.05505827], [695353.627643184, 2566196.0614248], [695358.621276659, 2566196.0614248], [695358.621276659, 2566191.06779132], [695363.614910134, 2566191.06779132], [695363.614910134, 2566186.07415785], [695368.608543609, 2566186.07415785], [695368.608543609, 2566181.08052437], [695373.602177085, 2566181.08052437], [695373.602177085, 2566176.0868909], [695378.59581056, 2566176.0868909], [695378.59581056, 2566171.09325742], [695383.589444035, 2566171.09325742], [695383.589444035, 2566166.09962395], [695388.58307751, 2566166.09962395], [695388.58307751, 2566191.06779132], [695393.576710986, 2566191.06779132], [695393.576710986, 2566206.04869175], [695398.570344461, 2566206.04869175], [695398.570344461, 2566211.04232523], [695403.563977936, 2566211.04232523], [695403.563977936, 2566216.0359587], [695488.455747014, 2566216.0359587], [695488.455747014, 2566221.02959218], [695493.44938049, 2566221.02959218], [695493.44938049, 2566226.02322565], [695498.443013965, 2566226.02322565], [695498.443013965, 2566231.01685913], [695508.430280915, 2566231.01685913], [695508.430280915, 2566236.0104926], [695518.417547866, 2566236.0104926], [695518.417547866, 2566241.00412608], [695523.411181341, 2566241.00412608], [695523.411181341, 2566245.99775955], [695548.379348717, 2566245.99775955], [695548.379348717, 2566241.00412608], [695573.347516093, 2566241.00412608], [695573.347516093, 2566275.9595604], [695578.341149568, 2566275.9595604], [695578.341149568, 2566280.95319388], [695583.334783043, 2566280.95319388], [695583.334783043, 2566290.94046083], [695588.328416519, 2566290.94046083], [695588.328416519, 2566295.9340943], [695593.322049994, 2566295.9340943], [695593.322049994, 2566300.92772778], [695598.315683469, 2566300.92772778], [695598.315683469, 2566305.92136125], [695603.309316944, 2566305.92136125], [695603.309316944, 2566310.91499473], [695613.296583895, 2566310.91499473], [695613.296583895, 2566315.9086282], [695623.283850845, 2566315.9086282], [695623.283850845, 2566320.90226168], [695643.258384746, 2566320.90226168], [695643.258384746, 2566325.89589516], [695653.245651696, 2566325.89589516], [695653.245651696, 2566330.88952863], [695678.213819072, 2566330.88952863], [695678.213819072, 2566325.89589516], [695693.194719498, 2566325.89589516], [695693.194719498, 2566330.88952863], [695698.188352973, 2566330.88952863], [695698.188352973, 2566335.88316211], [695703.181986448, 2566335.88316211], [695703.181986448, 2566340.87679558], [695793.067389002, 2566340.87679558], [695793.067389002, 2566335.88316211], [695798.061022477, 2566335.88316211], [695798.061022477, 2566330.88952863], [695803.054655952, 2566330.88952863], [695803.054655952, 2566325.89589516], [695808.048289428, 2566325.89589516], [695808.048289428, 2566320.90226168], [695818.035556378, 2566320.90226168], [695818.035556378, 2566315.9086282], [695828.022823328, 2566315.9086282], [695828.022823328, 2566310.91499473], [695833.016456804, 2566310.91499473], [695833.016456804, 2566305.92136125], [695843.003723754, 2566305.92136125], [695843.003723754, 2566300.92772778], [695877.959158081, 2566300.92772778], [695877.959158081, 2566295.9340943], [695887.946425031, 2566295.9340943], [695887.946425031, 2566290.94046083], [695892.940058506, 2566290.94046083], [695892.940058506, 2566285.94682735], [695897.933691981, 2566285.94682735], [695897.933691981, 2566280.95319388], [695902.927325457, 2566280.95319388], [695902.927325457, 2566275.9595604], [695907.920958932, 2566275.9595604], [695907.920958932, 2566270.96592693], [695917.908225882, 2566270.96592693], [695917.908225882, 2566265.97229345], [695922.901859357, 2566265.97229345], [695922.901859357, 2566255.9850265], [695927.895492833, 2566255.9850265], [695927.895492833, 2566250.99139303], [695932.889126308, 2566250.99139303], [695932.889126308, 2566245.99775955], [695937.882759783, 2566245.99775955], [695937.882759783, 2566241.00412608], [695942.876393258, 2566241.00412608], [695942.876393258, 2566236.0104926], [695952.863660209, 2566236.0104926], [695952.863660209, 2566233.48839261], [696036.489886363, 2566305.16801503], [696189.979202853, 2566450.85279001], [696465.739669767, 2566552.31182972], [696416.31090683, 2566768.23747834], [696281.032187212, 2567283.33721842], [696098.926218495, 2567499.26286705], [696085.918649301, 2567780.22636164], [696365.581386973, 2568170.45343746], [697479.029309983, 2570095.57367818], [696636.138826209, 2571042.5247155], [697834.347614829, 2572401.12365693], [697356.758159559, 2573272.02207536], [696892.432016139, 2574680.7030442], [696298.391756502, 2576230.513576], [696070.025436437, 2576247.2958377], [695831.096691679, 2576388.76680499], [695667.619129476, 2576470.50558609], [695403.539990532, 2576646.55834539], [695416.115187624, 2576725.15332721], [695329.110690939, 2576921.45755968], [695177.312680293, 2576976.66384497], [695048.073644663, 2576938.18810154], [694859.6411576, 2576917.47039354], [694699.45070479, 2576828.63902761], [694496.722486196, 2576788.4429153], [694453.524096386, 2576691.01204819], [694438.542168675, 2576691.01204819], [694438.542168675, 2576686.01807229], [694428.554216867, 2576686.01807229], [694428.554216867, 2576681.02409639], [694418.56626506, 2576681.02409639], [694418.56626506, 2576676.03012048], [694383.608433735, 2576676.03012048], [694383.608433735, 2576671.03614458], [694353.644578313, 2576671.03614458], [694353.644578313, 2576666.04216867], [694318.686746988, 2576666.04216867], [694318.686746988, 2576671.03614458], [694303.704819277, 2576671.03614458], [694303.704819277, 2576676.03012048], [694298.710843374, 2576676.03012048], [694298.710843374, 2576681.02409639], [694288.722891566, 2576681.02409639], [694288.722891566, 2576686.01807229], [694283.728915663, 2576686.01807229], [694283.728915663, 2576691.01204819], [694278.734939759, 2576691.01204819], [694278.734939759, 2576696.0060241], [694268.746987952, 2576696.0060241], [694268.746987952, 2576701.0], [694263.753012048, 2576701.0], [694263.753012048, 2576705.9939759], [694248.771084337, 2576705.9939759], [694248.771084337, 2576710.98795181], [694238.78313253, 2576710.98795181], [694238.78313253, 2576715.98192771], [694228.795180723, 2576715.98192771], [694228.795180723, 2576720.97590361], [694218.807228916, 2576720.97590361], [694218.807228916, 2576725.96987952], [694188.843373494, 2576725.96987952], [694188.843373494, 2576730.96385542], [694168.86746988, 2576730.96385542], [694168.86746988, 2576735.95783133], [694153.885542169, 2576735.95783133], [694153.885542169, 2576730.96385542], [694133.909638554, 2576730.96385542], [694133.909638554, 2576735.95783133], [694123.921686747, 2576735.95783133], [694123.921686747, 2576740.95180723], [694108.939759036, 2576740.95180723], [694108.939759036, 2576745.94578313], [694093.957831325, 2576745.94578313], [694093.957831325, 2576750.93975904], [694088.963855422, 2576750.93975904], [694088.963855422, 2576755.93373494], [694083.969879518, 2576755.93373494], [694083.969879518, 2576760.92771084], [694078.975903614, 2576760.92771084], [694078.975903614, 2576765.92168675], [694073.981927711, 2576765.92168675], [694073.981927711, 2576770.91566265], [694068.987951807, 2576770.91566265], [694068.987951807, 2576775.90963855], [694059.0, 2576775.90963855], [694059.0, 2576780.90361446], [694019.048192771, 2576780.90361446], [694019.048192771, 2576785.89759036], [693984.090361446, 2576785.89759036], [693984.090361446, 2576790.89156626], [693974.102409639, 2576790.89156626], [693974.102409639, 2576795.88554217], [693959.120481928, 2576795.88554217], [693959.120481928, 2576800.87951807], [693944.138554217, 2576800.87951807], [693944.138554217, 2576805.87349398], [693939.144578313, 2576805.87349398], [693939.144578313, 2576810.86746988], [693934.15060241, 2576810.86746988], [693934.15060241, 2576815.86144578], [693924.162650602, 2576815.86144578], [693924.162650602, 2576820.85542169], [693919.168674699, 2576820.85542169], [693919.168674699, 2576825.84939759], [693914.174698795, 2576825.84939759], [693914.174698795, 2576830.84337349], [693909.180722892, 2576830.84337349], [693909.180722892, 2576835.8373494], [693904.186746988, 2576835.8373494], [693904.186746988, 2576840.8313253], [693899.192771084, 2576840.8313253], [693899.192771084, 2576845.8253012], [693889.204819277, 2576845.8253012], [693889.204819277, 2576850.81927711], [693879.21686747, 2576850.81927711], [693879.21686747, 2576855.81325301], [693869.228915663, 2576855.81325301], [693869.228915663, 2576870.79518072], [693864.234939759, 2576870.79518072], [693864.234939759, 2576880.78313253], [693849.253012048, 2576880.78313253], [693849.253012048, 2576890.77108434], [693844.259036145, 2576890.77108434], [693844.259036145, 2576895.76506024], [693839.265060241, 2576895.76506024], [693839.265060241, 2576900.75903614], [693834.271084337, 2576900.75903614], [693834.271084337, 2576905.75301205], [693829.277108434, 2576905.75301205], [693829.277108434, 2576910.74698795], [693824.28313253, 2576910.74698795], [693824.28313253, 2576915.74096386], [693819.289156627, 2576915.74096386], [693819.289156627, 2576920.73493976], [693814.295180723, 2576920.73493976], [693814.295180723, 2576925.72891566], [693809.301204819, 2576925.72891566], [693809.301204819, 2576930.72289157], [693804.307228916, 2576930.72289157], [693804.307228916, 2576935.71686747], [693799.313253012, 2576935.71686747], [693799.313253012, 2576940.71084337], [693794.319277108, 2576940.71084337], [693794.319277108, 2576945.70481928], [693789.325301205, 2576945.70481928], [693789.325301205, 2576950.69879518], [693784.331325301, 2576950.69879518], [693784.331325301, 2576955.69277108], [693779.337349398, 2576955.69277108], [693779.337349398, 2576960.68674699], [693774.343373494, 2576960.68674699], [693774.343373494, 2576965.68072289], [693769.34939759, 2576965.68072289], [693769.34939759, 2576970.6746988], [693759.361445783, 2576970.6746988], [693759.361445783, 2576975.6686747], [693709.421686747, 2576975.6686747], [693709.421686747, 2576980.6626506], [693679.457831325, 2576980.6626506], [693679.457831325, 2576975.6686747], [693669.469879518, 2576975.6686747], [693669.469879518, 2576965.68072289], [693664.475903614, 2576965.68072289], [693664.475903614, 2576960.68674699], [693654.487951807, 2576960.68674699], [693654.160021887, 2576960.68674699], [693652.262142869, 2576900.90355793], [693594.614674696, 2576853.58100943], [693509.434087396, 2576837.23321995], [693504.27162756, 2576818.30420055], [693426.834730015, 2576770.98165205], [693422.532680151, 2576733.12361325], [693478.459328378, 2576686.66147472], [693471.576048597, 2576530.06685969], [693531.804746687, 2576468.97775162], [693540.938691684, 2576428.0164155], [693540.938691684, 2576398.05461465], [693535.945058209, 2576398.05461465], [693535.945058209, 2576388.0673477], [693530.951424733, 2576388.0673477], [693530.951424733, 2576373.08644727], [693525.957791258, 2576373.08644727], [693525.957791258, 2576368.0928138], [693520.964157783, 2576368.0928138], [693520.964157783, 2576363.09918032], [693515.970524308, 2576363.09918032], [693515.970524308, 2576358.10554684], [693510.976890833, 2576358.10554684], [693510.976890833, 2576353.11191337], [693505.983257357, 2576353.11191337], [693505.983257357, 2576348.11827989], [693500.989623882, 2576348.11827989], [693500.989623882, 2576338.13101294], [693495.995990407, 2576338.13101294], [693495.995990407, 2576333.13737947], [693491.002356932, 2576333.13737947], [693491.002356932, 2576328.14374599], [693486.008723457, 2576328.14374599], [693486.008723457, 2576323.15011252], [693481.015089981, 2576323.15011252], [693481.015089981, 2576318.15647904], [693476.021456506, 2576318.15647904], [693476.021456506, 2576313.16284557], [693471.027823031, 2576313.16284557], [693471.027823031, 2576308.16921209], [693466.034189556, 2576308.16921209], [693466.034189556, 2576303.17557862], [693461.040556081, 2576303.17557862], [693461.040556081, 2576298.18194514], [693456.046922605, 2576298.18194514], [693456.046922605, 2576293.18831167], [693451.05328913, 2576293.18831167], [693451.05328913, 2576288.19467819], [693446.059655655, 2576288.19467819], [693446.059655655, 2576283.20104472], [693441.06602218, 2576283.20104472], [693441.06602218, 2576278.20741124], [693436.072388705, 2576278.20741124], [693436.072388705, 2576273.21377777], [693431.078755229, 2576273.21377777], [693431.078755229, 2576268.22014429], [693426.085121754, 2576268.22014429], [693426.085121754, 2576263.22651082], [693421.091488279, 2576263.22651082], [693421.091488279, 2576258.23287734], [693416.097854804, 2576258.23287734], [693416.097854804, 2576248.24561039], [693406.110587853, 2576248.24561039], [693406.110587853, 2576243.25197691], [693396.123320903, 2576243.25197691], [693396.123320903, 2576238.25834344], [693386.136053952, 2576238.25834344], [693386.136053952, 2576233.26470996], [693376.148787002, 2576233.26470996], [693376.148787002, 2576208.29654259], [693371.155153527, 2576208.29654259], [693371.155153527, 2576188.32200869], [693376.148787002, 2576188.32200869], [693376.148787002, 2576153.36657436], [693371.155153527, 2576153.36657436], [693371.155153527, 2576148.37294089], [693366.161520052, 2576148.37294089], [693366.161520052, 2576143.37930741], [693361.167886576, 2576143.37930741], [693361.167886576, 2576138.38567394], [693356.174253101, 2576138.38567394], [693356.174253101, 2576133.39204046], [693351.180619626, 2576133.39204046], [693351.180619626, 2576113.41750656], [693346.186986151, 2576113.41750656], [693346.186986151, 2576108.42387308], [693341.193352676, 2576108.42387308], [693341.193352676, 2576103.43023961], [693336.1997192, 2576103.43023961], [693336.1997192, 2576098.43660613], [693331.206085725, 2576098.43660613], [693331.206085725, 2576088.44933918], [693326.21245225, 2576088.44933918], [693326.21245225, 2576083.45570571], [693321.218818775, 2576083.45570571], [693321.218818775, 2576078.46207223], [693316.2251853, 2576078.46207223], [693316.2251853, 2576073.46843876], [693311.231551824, 2576073.46843876], [693311.231551824, 2576068.47480528], [693306.237918349, 2576068.47480528], [693306.237918349, 2576058.48753833], [693301.244284874, 2576058.48753833], [693301.244284874, 2576053.49390486], [693276.276117498, 2576053.49390486], [693276.276117498, 2576048.50027138], [693261.295217072, 2576048.50027138], [693261.295217072, 2576033.51937096], [693256.301583597, 2576033.51937096], [693256.301583597, 2576018.53847053], [693251.307950122, 2576018.53847053], [693251.307950122, 2576013.54483706], [693246.314316647, 2576013.54483706], [693246.314316647, 2575998.56393663], [693241.320683171, 2575998.56393663], [693241.320683171, 2575988.57666968], [693236.327049696, 2575988.57666968], [693236.327049696, 2575978.58940273], [693231.333416221, 2575978.58940273], [693231.333416221, 2575968.60213578], [693226.339782746, 2575968.60213578], [693226.339782746, 2575958.61486883], [693221.346149271, 2575958.61486883], [693221.346149271, 2575953.62123535], [693216.352515795, 2575953.62123535], [693216.352515795, 2575938.64033493], [693211.35888232, 2575938.64033493], [693211.35888232, 2575933.64670145], [693206.365248845, 2575933.64670145], [693206.365248845, 2575928.65306798], [693196.377981895, 2575928.65306798], [693196.377981895, 2575923.6594345], [693186.390714944, 2575923.6594345], [693186.390714944, 2575918.66580103], [693181.397081469, 2575918.66580103], [693181.397081469, 2575913.67216755], [693176.403447994, 2575913.67216755], [693176.403447994, 2575908.67853408], [693171.409814519, 2575908.67853408], [693171.409814519, 2575903.6849006], [693166.416181043, 2575903.6849006], [693166.416181043, 2575878.71673322], [693161.422547568, 2575878.71673322], [693161.422547568, 2575873.72309975], [693156.428914093, 2575873.72309975], [693156.428914093, 2575868.72946627], [693151.435280618, 2575868.72946627], [693151.435280618, 2575863.7358328], [693146.441647143, 2575863.7358328], [693146.441647143, 2575858.74219932], [693141.448013667, 2575858.74219932], [693141.448013667, 2575848.75493237], [693136.454380192, 2575848.75493237], [693136.454380192, 2575838.76766542], [693131.460746717, 2575838.76766542], [693131.460746717, 2575828.78039847], [693126.467113242, 2575828.78039847], [693126.467113242, 2575818.79313152], [693121.473479767, 2575818.79313152], [693121.473479767, 2575808.80586457], [693116.479846291, 2575808.80586457], [693116.479846291, 2575803.8122311], [693111.486212816, 2575803.8122311], [693111.486212816, 2575798.81859762], [693106.492579341, 2575798.81859762], [693106.492579341, 2575788.83133067], [693091.511678915, 2575788.83133067], [693091.511678915, 2575783.8376972], [693086.51804544, 2575783.8376972], [693086.51804544, 2575778.84406372], [693081.524411965, 2575778.84406372], [693081.524411965, 2575773.85043025], [693076.53077849, 2575773.85043025], [693076.53077849, 2575768.85679677], [693061.549878064, 2575768.85679677], [693061.549878064, 2575763.8631633], [693056.556244589, 2575763.8631633], [693056.556244589, 2575758.86952982], [693051.562611114, 2575758.86952982], [693051.562611114, 2575753.87589634], [693046.568977638, 2575753.87589634], [693046.568977638, 2575743.88862939], [693041.575344163, 2575743.88862939], [693041.575344163, 2575703.93956159], [693036.581710688, 2575703.93956159], [693036.581710688, 2575698.94592812], [693031.588077213, 2575698.94592812], [693031.588077213, 2575693.95229464], [693026.594443738, 2575693.95229464], [693026.594443738, 2575688.95866117], [693021.600810262, 2575688.95866117], [693021.600810262, 2575683.96502769], [693016.607176787, 2575683.96502769], [693016.607176787, 2575678.97139422], [693011.613543312, 2575678.97139422], [693011.613543312, 2575668.98412727], [693006.619909837, 2575668.98412727], [693006.619909837, 2575654.00322684], [693001.626276362, 2575654.00322684], [693001.626276362, 2575649.00959337], [692996.632642886, 2575649.00959337], [692996.632642886, 2575644.01595989], [692991.639009411, 2575644.01595989], [692991.639009411, 2575639.02232641], [692986.645375936, 2575639.02232641], [692986.645375936, 2575624.04142599], [692981.651742461, 2575624.04142599], [692981.651742461, 2575619.04779251], [692976.658108986, 2575619.04779251], [692976.658108986, 2575614.05415904], [692971.66447551, 2575614.05415904], [692971.66447551, 2575604.06689209], [692966.670842035, 2575604.06689209], [692966.670842035, 2575559.12419081], [692961.67720856, 2575559.12419081], [692961.67720856, 2575549.13692386], [692956.683575085, 2575549.13692386], [692956.683575085, 2575534.15602344], [692961.67720856, 2575534.15602344], [692961.67720856, 2575504.19422258], [692956.683575085, 2575504.19422258], [692956.683575085, 2575494.20695563], [692951.689941609, 2575494.20695563], [692951.689941609, 2575489.21332216], [692946.696308134, 2575489.21332216], [692946.696308134, 2575484.21968868], [692941.702674659, 2575484.21968868], [692941.702674659, 2575479.22605521], [692936.709041184, 2575479.22605521], [692936.709041184, 2575474.23242173], [692931.715407709, 2575474.23242173], [692931.715407709, 2575469.23878826], [692926.721774233, 2575469.23878826], [692926.721774233, 2575464.24515478], [692921.728140758, 2575464.24515478], [692921.728140758, 2575459.25152131], [692916.734507283, 2575459.25152131], [692916.734507283, 2575454.25788783], [692911.740873808, 2575454.25788783], [692911.740873808, 2575449.26425436], [692906.747240333, 2575449.26425436], [692906.747240333, 2575444.27062088], [692901.753606857, 2575444.27062088], [692901.753606857, 2575439.27698741], [692896.759973382, 2575439.27698741], [692896.759973382, 2575434.28335393], [692891.766339907, 2575434.28335393], [692891.766339907, 2575429.28972046], [692886.772706432, 2575429.28972046], [692886.772706432, 2575424.29608698], [692881.779072957, 2575424.29608698], [692881.779072957, 2575419.30245351], [692876.785439481, 2575419.30245351], [692876.785439481, 2575414.30882003], [692866.798172531, 2575414.30882003], [692866.798172531, 2575404.32155308], [692861.804539056, 2575404.32155308], [692861.804539056, 2575394.33428613], [692856.810905581, 2575394.33428613], [692856.810905581, 2575354.38521833], [692851.817272105, 2575354.38521833], [692851.817272105, 2575344.39795138], [692846.82363863, 2575344.39795138], [692846.82363863, 2575329.41705095], [692841.830005155, 2575329.41705095], [692841.830005155, 2575319.429784], [692836.83637168, 2575319.429784], [692836.83637168, 2575314.43615053], [692831.842738205, 2575314.43615053], [692831.842738205, 2575309.44251705], [692826.849104729, 2575309.44251705], [692826.849104729, 2575304.44888358], [692816.861837779, 2575304.44888358], [692816.861837779, 2575294.46161663], [692811.868204304, 2575294.46161663], [692811.868204304, 2575289.46798315], [692806.874570829, 2575289.46798315], [692806.874570829, 2575284.47434968], [692801.880937353, 2575284.47434968], [692801.880937353, 2575269.49344925], [692796.887303878, 2575269.49344925], [692796.887303878, 2575259.5061823], [692791.893670403, 2575259.5061823], [692791.893670403, 2575254.51254882], [692786.900036928, 2575254.51254882], [692786.900036928, 2575249.51891535], [692776.912769977, 2575249.51891535], [692776.912769977, 2575244.52528187], [692756.938236076, 2575244.52528187], [692756.938236076, 2575239.5316484], [692731.9700687, 2575239.5316484], [692731.9700687, 2575234.53801492], [692721.98280175, 2575234.53801492], [692721.98280175, 2575229.54438145], [692711.9955348, 2575229.54438145], [692711.9955348, 2575224.55074797], [692707.001901324, 2575224.55074797], [692707.001901324, 2575219.5571145], [692677.040100473, 2575219.5571145], [692672.046466998, 2575219.5571145], [692672.046466998, 2575214.56348102], [692667.052833523, 2575214.56348102], [692667.052833523, 2575209.56984755], [692657.065566572, 2575209.56984755], [692657.065566572, 2575204.57621407], [692652.071933097, 2575204.57621407], [692652.071933097, 2575199.5825806], [692437.345693663, 2575139.65897889], [692437.345693663, 2575134.66534542], [692432.352060188, 2575134.66534542], [692432.352060188, 2575129.67171194], [692422.364793238, 2575129.67171194], [692417.371159762, 2575129.67171194], [692417.371159762, 2575124.67807847], [692412.377526287, 2575124.67807847], [692412.377526287, 2575119.68444499], [692407.383892812, 2575119.68444499], [692407.383892812, 2575114.69081152], [692397.396625862, 2575114.69081152], [692397.396625862, 2575119.68444499], [692392.402992386, 2575119.68444499], [692392.402992386, 2575124.67807847], [692382.415725436, 2575124.67807847], [692382.415725436, 2575129.67171194], [692372.428458486, 2575129.67171194], [692372.428458486, 2575134.66534542], [692357.44755806, 2575134.66534542], [692357.44755806, 2575139.65897889], [692307.511223308, 2575139.65897889], [692307.511223308, 2575134.66534542], [692302.517589833, 2575134.66534542], [692302.517589833, 2575129.67171194], [692297.523956357, 2575129.67171194], [692297.523956357, 2575124.67807847], [692292.530322882, 2575124.67807847], [692292.530322882, 2575119.68444499], [692287.536689407, 2575119.68444499], [692287.536689407, 2575114.69081152], [692282.543055932, 2575114.69081152], [692282.543055932, 2575109.69717804], [692277.549422457, 2575109.69717804], [692277.549422457, 2575104.70354457], [692272.555788981, 2575104.70354457], [692272.555788981, 2575099.70991109], [692267.562155506, 2575099.70991109], [692267.562155506, 2575094.71627762], [692262.568522031, 2575094.71627762], [692262.568522031, 2575089.72264414], [692252.581255081, 2575089.72264414], [692252.581255081, 2575084.72901067], [692242.59398813, 2575084.72901067], [692237.600354655, 2575084.72901067], [692237.600354655, 2575079.73537719], [692232.60672118, 2575079.73537719], [692232.60672118, 2575074.74174372], [692227.613087705, 2575074.74174372], [692227.613087705, 2575064.75447677], [692222.619454229, 2575064.75447677], [692222.619454229, 2575059.76084329], [692217.625820754, 2575059.76084329], [692217.625820754, 2575054.76720982], [692212.632187279, 2575054.76720982], [692212.632187279, 2575049.77357634], [692207.638553804, 2575049.77357634], [692207.638553804, 2575044.77994287], [692202.644920329, 2575044.77994287], [692202.644920329, 2575039.78630939], [692197.651286853, 2575039.78630939], [692197.651286853, 2575034.79267591], [692192.657653378, 2575034.79267591], [692192.657653378, 2575024.80540896], [692187.664019903, 2575024.80540896], [692187.664019903, 2575019.81177549], [692177.676752953, 2575019.81177549], [692177.676752953, 2575014.81814201], [692172.683119477, 2575014.81814201], [692172.683119477, 2575009.82450854], [692167.689486002, 2575009.82450854], [692167.689486002, 2575004.83087506], [692162.695852527, 2575004.83087506], [692162.695852527, 2574999.83724159], [692152.708585576, 2574999.83724159], [692152.708585576, 2574994.84360811], [692147.714952101, 2574994.84360811], [692142.721318626, 2574994.84360811], [692142.721318626, 2574989.84997464], [692127.7404182, 2574989.84997464], [692127.7404182, 2574984.85634116], [692117.75315125, 2574984.85634116], [692117.75315125, 2574979.86270769], [692102.772250824, 2574979.86270769], [692102.772250824, 2574974.86907421], [692092.784983874, 2574974.86907421], [692092.784983874, 2574969.87544074], [692072.810449973, 2574969.87544074], [692072.810449973, 2574964.88180726], [692062.823183023, 2574964.88180726], [692062.823183023, 2574959.88817379], [692042.848649122, 2574959.88817379], [692042.848649122, 2574954.89454031], [692037.855015647, 2574954.89454031], [692037.855015647, 2574949.90090684], [692032.861382172, 2574949.90090684], [692032.861382172, 2574944.90727336], [692017.880481746, 2574944.90727336], [692017.880481746, 2574939.91363989], [692007.893214796, 2574939.91363989], [692007.893214796, 2574934.92000641], [692002.89958132, 2574934.92000641], [692002.89958132, 2574929.92637294], [691992.91231437, 2574929.92637294], [691992.91231437, 2574924.93273946], [691982.925047419, 2574924.93273946], [691982.925047419, 2574919.93910599], [691967.944146994, 2574919.93910599], [691967.944146994, 2574914.94547251], [691937.982346143, 2574914.94547251], [691937.982346143, 2574909.95183903], [691927.995079192, 2574909.95183903], [691927.995079192, 2574904.95820556], [691923.001445717, 2574904.95820556], [691923.001445717, 2574899.96457208], [691918.007812242, 2574899.96457208], [691918.007812242, 2574894.97093861], [691898.033278341, 2574894.97093861], [691898.033278341, 2574889.97730513], [691888.046011391, 2574889.97730513], [691888.046011391, 2574884.98367166], [691873.065110965, 2574884.98367166], [691873.065110965, 2574879.99003818], [691863.077844015, 2574879.99003818], [691863.077844015, 2574874.99640471], [691853.090577064, 2574874.99640471], [691853.090577064, 2574870.00277123], [691843.103310114, 2574870.00277123], [691843.103310114, 2574865.00913776], [691778.186074936, 2574865.00913776], [691778.186074936, 2574870.00277123], [691733.243373659, 2574870.00277123], [691733.243373659, 2574865.00913776], [691668.326138481, 2574865.00913776], [691668.326138481, 2574860.01550428], [691658.338871531, 2574860.01550428], [691653.345238056, 2574860.01550428], [691653.345238056, 2574855.02187081], [691643.357971105, 2574855.02187081], [691643.357971105, 2574860.01550428], [691623.383437205, 2574860.01550428], [691623.383437205, 2574865.00913776], [691583.434369403, 2574865.00913776], [691583.434369403, 2574860.01550428], [691578.440735928, 2574860.01550428], [691578.440735928, 2574865.00913776], [691548.478935077, 2574865.00913776], [691548.478935077, 2574860.01550428], [691543.485301601, 2574860.01550428], [691543.485301601, 2574855.02187081], [691538.491668126, 2574855.02187081], [691538.491668126, 2574850.02823733], [691533.498034651, 2574850.02823733], [691533.498034651, 2574845.03460386], [691498.542600324, 2574845.03460386], [691498.542600324, 2574840.04097038], [691493.548966849, 2574840.04097038], [691493.548966849, 2574835.04733691], [691488.555333374, 2574835.04733691], [691488.555333374, 2574830.05370343], [691483.561699899, 2574830.05370343], [691483.561699899, 2574825.06006996], [691463.587165998, 2574825.06006996], [691463.587165998, 2574830.05370343], [691453.599899048, 2574830.05370343], [691453.599899048, 2574825.06006996], [691433.625365147, 2574825.06006996], [691433.625365147, 2574820.06643648], [691428.631731672, 2574820.06643648], [691428.631731672, 2574815.07280301], [691423.638098196, 2574815.07280301], [691423.638098196, 2574805.08553606], [691418.644464721, 2574805.08553606], [691418.644464721, 2574810.07916953], [691363.714496494, 2574810.07916953], [691363.714496494, 2574805.08553606], [691358.720863019, 2574805.08553606], [691358.720863019, 2574800.09190258], [691353.727229543, 2574800.09190258], [691353.727229543, 2574795.09826911], [691348.733596068, 2574795.09826911], [691348.733596068, 2574790.10463563], [691343.739962593, 2574790.10463563], [691343.739962593, 2574785.11100215], [691323.765428692, 2574785.11100215], [691323.765428692, 2574780.11736868], [691278.822727415, 2574780.11736868], [691278.822727415, 2574775.1237352], [691273.82909394, 2574775.1237352], [691273.82909394, 2574770.13010173], [691268.835460465, 2574770.13010173], [691268.835460465, 2574765.13646825], [691258.848193515, 2574765.13646825], [691258.848193515, 2574760.14283478], [691253.854560039, 2574760.14283478], [691253.854560039, 2574755.1492013], [691228.886392663, 2574755.1492013], [691228.886392663, 2574750.15556783], [691218.899125713, 2574750.15556783], [691218.899125713, 2574745.16193435], [691143.994623585, 2574745.16193435], [691143.994623585, 2574740.16830088], [691139.00099011, 2574740.16830088], [691139.00099011, 2574735.1746674], [691114.032822734, 2574735.1746674], [691114.032822734, 2574730.18103393], [691084.071021882, 2574730.18103393], [691084.071021882, 2574725.18740045], [691074.083754932, 2574725.18740045], [691069.090121457, 2574725.18740045], [691069.090121457, 2574720.19376698], [691044.121954081, 2574720.19376698], [691044.121954081, 2574715.2001335], [691029.141053655, 2574715.2001335], [691029.141053655, 2574720.19376698], [691009.166519754, 2574720.19376698], [691009.166519754, 2574725.18740045], [691004.172886279, 2574725.18740045], [691004.172886279, 2574720.19376698], [690934.262017626, 2574720.19376698], [690934.262017626, 2574715.2001335], [690929.268384151, 2574715.2001335], [690929.268384151, 2574710.20650003], [690924.274750676, 2574710.20650003], [690924.274750676, 2574705.21286655], [690914.287483725, 2574705.21286655], [690914.287483725, 2574700.21923308], [690904.300216775, 2574700.21923308], [690904.300216775, 2574695.2255996], [690884.325682874, 2574695.2255996], [690884.325682874, 2574690.23196613], [690869.344782448, 2574690.23196613], [690869.344782448, 2574685.23833265], [690859.357515498, 2574685.23833265], [690859.357515498, 2574680.24469918], [690854.363882023, 2574680.24469918], [690854.363882023, 2574675.2510657], [690849.370248548, 2574675.2510657], [690844.376615072, 2574675.2510657], [690844.376615072, 2574670.25743222], [690839.382981597, 2574670.25743222], [690839.382981597, 2574665.26379875], [690829.395714647, 2574665.26379875], [690829.395714647, 2574660.27016527], [690824.402081172, 2574660.27016527], [690824.402081172, 2574655.2765318], [690814.414814221, 2574655.2765318], [690814.414814221, 2574650.28289832], [690794.44028032, 2574650.28289832], [690794.44028032, 2574645.28926485], [690784.45301337, 2574645.28926485], [690784.45301337, 2574640.29563137], [690774.46574642, 2574640.29563137], [690774.46574642, 2574635.3019979], [690769.472112944, 2574635.3019979], [690769.472112944, 2574640.29563137], [690764.478479469, 2574640.29563137], [690764.478479469, 2574635.3019979], [690744.503945568, 2574635.3019979], [690739.510312093, 2574635.3019979], [690739.510312093, 2574630.30836442], [690729.523045143, 2574630.30836442], [690729.523045143, 2574625.31473095], [690724.529411667, 2574625.31473095], [690724.529411667, 2574630.30836442], [690654.618543015, 2574630.30836442], [690654.618543015, 2574625.31473095], [690609.675841738, 2574625.31473095], [690609.675841738, 2574620.32109747], [690604.682208263, 2574620.32109747], [690604.682208263, 2574615.327464], [690599.688574787, 2574615.327464], [690599.688574787, 2574610.33383052], [690589.701307837, 2574610.33383052], [690589.701307837, 2574605.34019705], [690584.707674362, 2574605.34019705], [690584.707674362, 2574600.34656357], [690579.714040886, 2574600.34656357], [690579.714040886, 2574595.3529301], [690574.720407411, 2574595.3529301], [690574.720407411, 2574590.35929662], [690564.733140461, 2574590.35929662], [690564.733140461, 2574585.36566315], [690559.739506986, 2574585.36566315], [690559.739506986, 2574580.37202967], [690554.74587351, 2574580.37202967], [690554.74587351, 2574575.3783962], [690549.752240035, 2574575.3783962], [690549.752240035, 2574570.38476272], [690539.764973085, 2574570.38476272], [690539.764973085, 2574565.39112925], [690534.77133961, 2574565.39112925], [690534.77133961, 2574560.39749577], [690529.777706134, 2574560.39749577], [690529.777706134, 2574555.4038623], [690519.790439184, 2574555.4038623], [690519.790439184, 2574550.41022882], [690514.796805709, 2574550.41022882], [690514.796805709, 2574545.41659534], [690509.803172234, 2574545.41659534], [690509.803172234, 2574535.42932839], [690504.809538758, 2574535.42932839], [690504.809538758, 2574530.43569492], [690499.815905283, 2574530.43569492], [690499.815905283, 2574525.44206144], [690494.822271808, 2574525.44206144], [690494.822271808, 2574515.45479449], [690489.828638333, 2574515.45479449], [690489.828638333, 2574510.46116102], [690484.835004858, 2574510.46116102], [690484.835004858, 2574505.46752754], [690479.841371382, 2574505.46752754], [690479.841371382, 2574500.47389407], [690474.847737907, 2574500.47389407], [690474.847737907, 2574495.48026059], [690469.854104432, 2574495.48026059], [690469.854104432, 2574490.48662712], [690464.860470957, 2574490.48662712], [690464.860470957, 2574480.49936017], [690459.866837482, 2574480.49936017], [690459.866837482, 2574475.50572669], [690454.873204006, 2574475.50572669], [690454.873204006, 2574470.51209322], [690442.394802424, 2574458.86663393], [690442.394802424, 2574458.86663393]]]}}], "crs": {"type": "name", "properties": {"name": "urn:ogc:def:crs:EPSG::32640"}}}